[2025-03-08 08:08:35,282] [INFO] [real_accelerator.py:203:get_accelerator] Setting ds_accelerator to cuda (auto detect)
[2025-03-08 08:08:35,304] [INFO] [real_accelerator.py:203:get_accelerator] Setting ds_accelerator to cuda (auto detect)
[2025-03-08 08:08:35,323] [INFO] [real_accelerator.py:203:get_accelerator] Setting ds_accelerator to cuda (auto detect)
[2025-03-08 08:08:35,340] [INFO] [real_accelerator.py:203:get_accelerator] Setting ds_accelerator to cuda (auto detect)
[93m [WARNING] [0m async_io requires the dev libaio .so object and headers but these were not found.
[93m [WARNING] [0m If libaio is already installed (perhaps from source), try setting the CFLAGS and LDFLAGS environment variables to where it can be found.
[93m [WARNING] [0m Please specify the CUTLASS repo directory as environment variable $CUTLASS_PATH
[93m [WARNING] [0m async_io requires the dev libaio .so object and headers but these were not found.
[93m [WARNING] [0m async_io requires the dev libaio .so object and headers but these were not found.
[93m [WARNING] [0m async_io requires the dev libaio .so object and headers but these were not found.
[93m [WARNING] [0m If libaio is already installed (perhaps from source), try setting the CFLAGS and LDFLAGS environment variables to where it can be found.
[93m [WARNING] [0m Please specify the CUTLASS repo directory as environment variable $CUTLASS_PATH
[93m [WARNING] [0m If libaio is already installed (perhaps from source), try setting the CFLAGS and LDFLAGS environment variables to where it can be found.
[93m [WARNING] [0m Please specify the CUTLASS repo directory as environment variable $CUTLASS_PATH
[93m [WARNING] [0m If libaio is already installed (perhaps from source), try setting the CFLAGS and LDFLAGS environment variables to where it can be found.
[93m [WARNING] [0m Please specify the CUTLASS repo directory as environment variable $CUTLASS_PATH
[93m [WARNING] [0m sparse_attn requires a torch version >= 1.5 and < 2.0 but detected 2.1
[93m [WARNING] [0m using untested triton version (2.1.0), only 1.0.0 is known to be compatible
[93m [WARNING] [0m sparse_attn requires a torch version >= 1.5 and < 2.0 but detected 2.1
[93m [WARNING] [0m using untested triton version (2.1.0), only 1.0.0 is known to be compatible
[93m [WARNING] [0m sparse_attn requires a torch version >= 1.5 and < 2.0 but detected 2.1
[93m [WARNING] [0m using untested triton version (2.1.0), only 1.0.0 is known to be compatible
[93m [WARNING] [0m sparse_attn requires a torch version >= 1.5 and < 2.0 but detected 2.1
[93m [WARNING] [0m using untested triton version (2.1.0), only 1.0.0 is known to be compatible
[08:08:37.024984] Rank 0 | Local Rank 0 | World Size 4 | Local World Size 4 |
[2025-03-08 08:08:37,032] [INFO] [comm.py:637:init_distributed] cdb=None
[2025-03-08 08:08:37,033] [INFO] [comm.py:668:init_distributed] Initializing TorchBackend in DeepSpeed with backend nccl
[08:08:37.051092] Rank 2 | Local Rank 2 | World Size 4 | Local World Size 4 |
[2025-03-08 08:08:37,058] [INFO] [comm.py:637:init_distributed] cdb=None
[08:08:37.064529] Rank 1 | Local Rank 1 | World Size 4 | Local World Size 4 |
[2025-03-08 08:08:37,072] [INFO] [comm.py:637:init_distributed] cdb=None
[08:08:37.126313] Rank 3 | Local Rank 3 | World Size 4 | Local World Size 4 |
[2025-03-08 08:08:37,137] [INFO] [comm.py:637:init_distributed] cdb=None
[08:08:37.301781] Rank 0:  Inspecting experiment hyperparameters:

[08:08:37.301887] Rank 0:  model_args = {'model_name_or_path': 'Qwen/Qwen2.5-1.5B-Instruct', 'model_class_name': None, 'mm_tunable_parts': 'mm_vision_tower,mm_mlp_adapter,mm_language_model', 'version': 'qwen_2', 'freeze_backbone': False, 'tune_mm_mlp_adapter': False, 'tune_mm_vision_resampler': False, 'vision_tower': 'umt-hd-large', 'vision_tower_pretrained': None, 'vision_encode_type': 'video_image', 'unfreeze_mm_vision_tower': False, 'unfreeze_language_model': False, 'mm_vision_select_layer': -2, 'pretrain_mm_mlp_adapter': 'checkpoints/stage1-init_connector/stage1-umt-hd-large-tome16_mlp_hd64-Qwen2_5_1_5B_stage1_init_connector_iv1m.yaml_plain_20250307_055129/mm_projector.bin', 'mm_projector_type': 'tome16_mlp_hd64', 'mm_use_im_start_end': False, 'mm_use_im_patch_token': False, 'mm_patch_merge_type': 'flat', 'mm_vision_select_feature': 'patch', 'mm_resampler_type': None, 'mm_mask_drop_mode': 'fixed', 'mm_mask_drop_skip_percentage': 0.0, 'mm_mask_drop_ratio': 0.25, 'mm_mask_drop_ratio_upper': None, 'mm_mask_drop_ratio_lower': None, 'mm_spatial_pool_stride': None, 'mm_spatial_pool_mode': 'bilinear', 'mm_spatial_pool_out_channels': None, 'mm_num_compress_latents': 128, 'mm_num_compress_query_type': 'learnable', 'mm_pos_num_frames': 8, 'mm_close_init': True, 'min_slow_num_frames': 4, 'mm_perceiver_depth': 3, 'mm_perceiver_latents': 32, 'mm_perceiver_ff_mult': 4, 'mm_perceiver_pretrained': None, 'mm_qformer_depth': 3, 'mm_qformer_latents': 32, 'mm_qformer_pretrained': None, 'rope_scaling_factor': None, 'rope_scaling_type': None, 's2': False, 's2_scales': '336,672,1008', 'use_pos_skipping': False, 'pos_skipping_range': 4096, 'mm_newline_position': 'one_token', 'mm_local_num_frames': 4, 'mm_llm_compress': False, 'llm_compress_type': 'attention', 'llm_compress_layer_list': '8,16,24', 'llm_image_token_ratio_list': '1.0,0.5,0.25,0.125'}


[08:08:37.301931] Rank 0:  data_args = {'data_path': 'data/stage2_short_pretrain_iv6m.yaml', 'lazy_preprocess': True, 'is_multimodal': False, 'early_mix_text': False, 'image_aspect_ratio': 'square', 'image_grid_pinpoints': None, 'image_crop_resolution': None, 'image_split_resolution': None, 'frame_aspect_ratio': 'square', 'frame_grid_pinpoints': None, 'max_num_pixels': 14745600000, 'frames_upbound': 8, 'frames_lowbound': 1, 'time_msg': 'short', 'local_num_frames': 4, 'sample_type': 'dynamic_fps1'}


[08:08:37.302079] Rank 0:  training_args = {'output_dir': './checkpoints/stage2-visual_pretraining/stage2-umt-hd-large-tome16_mlp_hd64_Qwen2_5_1_5B_stage2_short_pretrain_iv6m.yaml_20250308_080829', 'overwrite_output_dir': False, 'do_train': False, 'do_eval': False, 'do_predict': False, 'evaluation_strategy': <IntervalStrategy.NO: 'no'>, 'prediction_loss_only': False, 'per_device_train_batch_size': 1, 'per_device_eval_batch_size': 4, 'per_gpu_train_batch_size': None, 'per_gpu_eval_batch_size': None, 'gradient_accumulation_steps': 8, 'eval_accumulation_steps': None, 'eval_delay': 0, 'learning_rate': 1e-05, 'weight_decay': 0.0, 'adam_beta1': 0.9, 'adam_beta2': 0.999, 'adam_epsilon': 1e-08, 'max_grad_norm': 1.0, 'num_train_epochs': 1.0, 'max_steps': -1, 'lr_scheduler_type': <SchedulerType.COSINE: 'cosine'>, 'lr_scheduler_kwargs': {}, 'warmup_ratio': 0.03, 'warmup_steps': 0, 'log_level': 'passive', 'log_level_replica': 'warning', 'log_on_each_node': True, 'logging_dir': './checkpoints/stage2-visual_pretraining/stage2-umt-hd-large-tome16_mlp_hd64_Qwen2_5_1_5B_stage2_short_pretrain_iv6m.yaml_20250308_080829/runs/Mar08_08-08-37_ip-172-31-20-200.us-east-2.compute.internal', 'logging_strategy': <IntervalStrategy.STEPS: 'steps'>, 'logging_first_step': False, 'logging_steps': 1.0, 'logging_nan_inf_filter': True, 'save_strategy': <IntervalStrategy.STEPS: 'steps'>, 'save_steps': 12000, 'save_total_limit': 1, 'save_safetensors': True, 'save_on_each_node': False, 'save_only_model': False, 'no_cuda': False, 'use_cpu': False, 'use_mps_device': False, 'seed': 42, 'data_seed': None, 'jit_mode_eval': False, 'use_ipex': False, 'bf16': True, 'fp16': False, 'fp16_opt_level': 'O1', 'half_precision_backend': 'auto', 'bf16_full_eval': False, 'fp16_full_eval': False, 'tf32': True, 'local_rank': 0, 'ddp_backend': None, 'tpu_num_cores': None, 'tpu_metrics_debug': False, 'debug': [], 'dataloader_drop_last': True, 'eval_steps': None, 'dataloader_num_workers': 8, 'dataloader_prefetch_factor': None, 'past_index': -1, 'run_name': 'stage2-umt-hd-large-tome16_mlp_hd64_Qwen2_5_1_5B_stage2_short_pretrain_iv6m.yaml_20250308_080829', 'disable_tqdm': False, 'remove_unused_columns': False, 'label_names': None, 'load_best_model_at_end': False, 'metric_for_best_model': None, 'greater_is_better': None, 'ignore_data_skip': False, 'fsdp': [], 'fsdp_min_num_params': 0, 'fsdp_config': {'min_num_params': 0, 'xla': False, 'xla_fsdp_v2': False, 'xla_fsdp_grad_ckpt': False}, 'fsdp_transformer_layer_cls_to_wrap': None, 'accelerator_config': AcceleratorConfig(split_batches=False, dispatch_batches=None, even_batches=True, use_seedable_sampler=True), 'deepspeed': 'scripts/zero2.json', 'label_smoothing_factor': 0.0, 'optim': <OptimizerNames.ADAMW_TORCH: 'adamw_torch'>, 'optim_args': None, 'adafactor': False, 'group_by_length': False, 'length_column_name': 'length', 'report_to': ['tensorboard'], 'ddp_find_unused_parameters': None, 'ddp_bucket_cap_mb': None, 'ddp_broadcast_buffers': None, 'dataloader_pin_memory': True, 'dataloader_persistent_workers': False, 'skip_memory_metrics': True, 'use_legacy_prediction_loop': False, 'push_to_hub': False, 'resume_from_checkpoint': None, 'hub_model_id': None, 'hub_strategy': <HubStrategy.EVERY_SAVE: 'every_save'>, 'hub_token': None, 'hub_private_repo': False, 'hub_always_push': False, 'gradient_checkpointing': True, 'gradient_checkpointing_kwargs': None, 'include_inputs_for_metrics': False, 'fp16_backend': 'auto', 'push_to_hub_model_id': None, 'push_to_hub_organization': None, 'push_to_hub_token': None, 'mp_parameters': '', 'auto_find_batch_size': False, 'full_determinism': False, 'torchdynamo': None, 'ray_scope': 'last', 'ddp_timeout': 1800, 'torch_compile': True, 'torch_compile_backend': 'inductor', 'torch_compile_mode': None, 'dispatch_batches': None, 'split_batches': None, 'include_tokens_per_second': False, 'include_num_input_tokens_seen': False, 'neftune_noise_alpha': None, 'optim_target_modules': None, 'cache_dir': None, 'freeze_mm_mlp_adapter': False, 'freeze_mm_vision_resampler': False, 'mpt_attn_impl': 'triton', 'model_max_length': 32768, 'double_quant': True, 'quant_type': 'nf4', 'bits': 16, 'lora_enable': False, 'lora_r': 64, 'lora_alpha': 16, 'lora_dropout': 0.05, 'lora_weight_path': '', 'lora_bias': 'none', 'mm_projector_lr': None, 'mm_vision_tower_lr': 2e-06, 'group_by_varlen': False, 'group_by_modality_length': True, 'group_by_modality_length_auto': False, 'verbose_logging': True, 'attn_implementation': 'sdpa', 'distributed_state': Distributed environment: DEEPSPEED  Backend: nccl
Num processes: 4
Process index: 0
Local process index: 0
Device: cuda:0
, '_n_gpu': 1, '__cached__setup_devices': device(type='cuda', index=0), 'deepspeed_plugin': DeepSpeedPlugin(hf_ds_config=<transformers.integrations.deepspeed.HfTrainerDeepSpeedConfig object at 0x7f05b3b8ce80>, gradient_accumulation_steps=8, gradient_clipping=1.0, zero_stage=2, is_train_batch_min=True, offload_optimizer_device='none', offload_param_device='none', offload_optimizer_nvme_path='none', offload_param_nvme_path='none', zero3_init_flag=False, zero3_save_16bit_model=False, transformer_moe_cls_names=None), 'hf_deepspeed_config': <transformers.integrations.deepspeed.HfTrainerDeepSpeedConfig object at 0x7f05b3b8ce80>}


[08:08:37.335148] Rank 0:  Overwriting config with {'vision_encode_type': 'video_image', 'mm_num_compress_latents': 128, 'mm_num_compress_query_type': 'learnable', 'mm_pos_num_frames': 8, 'mm_local_num_frames': 4, 'mm_close_init': True, 'min_slow_num_frames': 4, 'mm_llm_compress': False, 'llm_compress_layer_list': [8, 16, 24], 'llm_image_token_ratio_list': [1.0, 0.5, 0.25, 0.125], 'llm_compress_type': 'attention', 'mm_projector_type': 'tome16_mlp_hd64', 'mm_patch_merge_type': 'flat', 'mm_newline_position': 'one_token', 'use_pos_skipping': False, 'pos_skipping_range': 4096, 'mm_spatial_pool_mode': 'bilinear'}
[08:08:41.174238] Rank 0:  Model config: Qwen2Config {
  "_name_or_path": "Qwen/Qwen2.5-1.5B-Instruct",
  "architectures": [
    "Qwen2ForCausalLM"
  ],
  "attention_dropout": 0.0,
  "bos_token_id": 151643,
  "eos_token_id": 151645,
  "hidden_act": "silu",
  "hidden_size": 1536,
  "initializer_range": 0.02,
  "intermediate_size": 8960,
  "llm_compress_layer_list": [
    8,
    16,
    24
  ],
  "llm_compress_type": "attention",
  "llm_image_token_ratio_list": [
    1.0,
    0.5,
    0.25,
    0.125
  ],
  "max_position_embeddings": 32768,
  "max_window_layers": 21,
  "min_slow_num_frames": 4,
  "mm_close_init": true,
  "mm_llm_compress": false,
  "mm_local_num_frames": 4,
  "mm_newline_position": "one_token",
  "mm_num_compress_latents": 128,
  "mm_num_compress_query_type": "learnable",
  "mm_patch_merge_type": "flat",
  "mm_pos_num_frames": 8,
  "mm_projector_type": "tome16_mlp_hd64",
  "mm_spatial_pool_mode": "bilinear",
  "model_type": "qwen2",
  "num_attention_heads": 12,
  "num_hidden_layers": 28,
  "num_key_value_heads": 2,
  "pos_skipping_range": 4096,
  "rms_norm_eps": 1e-06,
  "rope_scaling": null,
  "rope_theta": 1000000.0,
  "sliding_window": 32768,
  "tie_word_embeddings": true,
  "torch_dtype": "bfloat16",
  "transformers_version": "4.40.0.dev0",
  "use_cache": true,
  "use_pos_skipping": false,
  "use_sliding_window": false,
  "vision_encode_type": "video_image",
  "vocab_size": 151936
}
.
[08:08:41.343423] Rank 0:  Prompt version: qwen_2
[08:08:41.343638] Rank 0:  Loading vision tower: umt-hd-large
[08:08:41.347676] umt: Num of patches: 3136
[08:08:41.347720] umt: Use checkpoint: True
[08:08:41.347737] umt: Checkpoint number: 24
[08:08:41.347752] umt: Real runing depth: 23
[08:08:42.345568] n_position: 3136
[08:08:42.345627] pre_n_position: 784
[08:08:42.345645] Pretraining uses 14x14, but current version is 28x28
[08:08:42.345656] Interpolate the position embedding
[08:08:42.666989] n_position: 784
[08:08:42.667034] pre_n_position: 196
[08:08:42.667049] Pretraining uses 14x14, but current version is 28x28
[08:08:42.667060] Interpolate the position embedding
[08:08:42.699298] umt: attn_type: flash_v2
[08:08:42.755639] umt: attn_type: flash_v2
[08:08:42.816987] umt: attn_type: flash_v2
[08:08:42.878349] umt: attn_type: flash_v2
[08:08:42.934430] umt: attn_type: flash_v2
[08:08:42.986653] umt: attn_type: flash_v2
[08:08:43.039199] umt: attn_type: flash_v2
[08:08:43.089531] umt: attn_type: flash_v2
[08:08:43.140617] umt: attn_type: flash_v2
[08:08:43.192024] umt: attn_type: flash_v2
[08:08:43.242549] umt: attn_type: flash_v2
[08:08:43.294980] umt: attn_type: flash_v2
[08:08:43.348212] umt: attn_type: flash_v2
[08:08:43.400238] umt: attn_type: flash_v2
[08:08:43.460017] umt: attn_type: flash_v2
[08:08:43.512777] umt: attn_type: flash_v2
[08:08:43.567581] umt: attn_type: flash_v2
[08:08:43.620113] umt: attn_type: flash_v2
[08:08:43.672692] umt: attn_type: flash_v2
[08:08:43.725183] umt: attn_type: flash_v2
[08:08:43.778246] umt: attn_type: flash_v2
[08:08:43.837465] umt: attn_type: flash_v2
[08:08:43.890797] umt: attn_type: flash_v2
[08:08:43.929431] umt: With LN: True
[08:08:43.929466] umt: Total 24 layer
[08:08:43.929482] umt: Return 23-th layer
[08:08:45.547354] umt: Loading pretrained weights from /home/ec2-user/workspace/nvme/coding/Video_Encoders_for_Training_VideoChat-Flash/UMT-L_f4_vision.pt _IncompatibleKeys(missing_keys=[], unexpected_keys=['encoder.blocks.23.norm1.weight', 'encoder.blocks.23.norm1.bias', 'encoder.blocks.23.attn.q_bias', 'encoder.blocks.23.attn.v_bias', 'encoder.blocks.23.attn.qkv.weight', 'encoder.blocks.23.attn.proj.weight', 'encoder.blocks.23.attn.proj.bias', 'encoder.blocks.23.norm2.weight', 'encoder.blocks.23.norm2.bias', 'encoder.blocks.23.mlp.fc1.weight', 'encoder.blocks.23.mlp.fc1.bias', 'encoder.blocks.23.mlp.fc2.weight', 'encoder.blocks.23.mlp.fc2.bias'])
[08:08:45.567675] Rank 0:  Loaded mm projector weights from checkpoints/stage1-init_connector/stage1-umt-hd-large-tome16_mlp_hd64-Qwen2_5_1_5B_stage1_init_connector_iv1m.yaml_plain_20250307_055129/mm_projector.bin. Incompatible keys: <All keys matched successfully>
[08:08:45.966142] Rank 0:  Using mm_tunable_parts: mm_vision_tower,mm_mlp_adapter,mm_language_model
[08:08:45.972856] Rank 0:  Total parameters: ~1838.13 MB)
[08:08:45.972890] Rank 0:  Trainable parameters: ~1838.13 MB)
[08:08:45.976685] Rank 0:  Loading OpenGVLab/VideoChat-Flash-Training-Data/annotations/image/LLaVA-ReCap-118K.json with all sampling strategy
[08:08:46.838672] Rank 0:  Check samples from OpenGVLab/VideoChat-Flash-Training-Data/annotations/image/LLaVA-ReCap-118K.json, media_type=image, video_read_type=None, data_root=OpenGVLab/stage2/LLaVA-ReCap-118K/data/extracted_images/
[08:08:46.838760] Rank 0:  Checking: OpenGVLab/stage2/LLaVA-ReCap-118K/data/extracted_images/000000000009.jpg
[08:08:46.838825] Rank 0:  Loaded 118319 samples from OpenGVLab/VideoChat-Flash-Training-Data/annotations/image/LLaVA-ReCap-118K.json, media_type=image, video_read_type=None, data_root=OpenGVLab/stage2/LLaVA-ReCap-118K/data/extracted_images/
[08:08:46.839504] Rank 0:  Loading OpenGVLab/VideoChat-Flash-Training-Data/annotations/image/LLaVA-ReCap-CC3M.json with all sampling strategy
[08:09:10.069158] Rank 0:  Check samples from OpenGVLab/VideoChat-Flash-Training-Data/annotations/image/LLaVA-ReCap-CC3M.json, media_type=image, video_read_type=None, data_root=OpenGVLab/stage2/LLaVA-ReCap-CC3M/data/extracted_images/
[08:09:10.069245] Rank 0:  Checking: OpenGVLab/stage2/LLaVA-ReCap-CC3M/data/extracted_images/000000012.jpg
[08:09:10.069324] Rank 0:  Loaded 2857560 samples from OpenGVLab/VideoChat-Flash-Training-Data/annotations/image/LLaVA-ReCap-CC3M.json, media_type=image, video_read_type=None, data_root=OpenGVLab/stage2/LLaVA-ReCap-CC3M/data/extracted_images/
[08:09:10.102583] Rank 0:  Loading OpenGVLab/VideoChat-Flash-Training-Data/annotations/image/LLaVA-ReCap-558K.json with all sampling strategy
[08:09:16.334456] Rank 0:  Check samples from OpenGVLab/VideoChat-Flash-Training-Data/annotations/image/LLaVA-ReCap-558K.json, media_type=image, video_read_type=None, data_root=OpenGVLab/stage2/LLaVA-ReCap-558K/data/extracted_images/
[08:09:16.334563] Rank 0:  Checking: OpenGVLab/stage2/LLaVA-ReCap-558K/data/extracted_images/000000010.jpg
[08:09:16.334644] Rank 0:  Loaded 558128 samples from OpenGVLab/VideoChat-Flash-Training-Data/annotations/image/LLaVA-ReCap-558K.json, media_type=image, video_read_type=None, data_root=OpenGVLab/stage2/LLaVA-ReCap-558K/data/extracted_images/
[08:09:16.343699] Rank 0:  Loading OpenGVLab/stage2/LLaVA-OneVision-Mid-Data/evol_instruct/evol_instruct_processed.json with all sampling strategy
[08:09:17.405807] Rank 0:  Check samples from OpenGVLab/stage2/LLaVA-OneVision-Mid-Data/evol_instruct/evol_instruct_processed.json, media_type=text, video_read_type=None, data_root=
[08:09:17.405884] Rank 0:  Loaded 143000 samples from OpenGVLab/stage2/LLaVA-OneVision-Mid-Data/evol_instruct/evol_instruct_processed.json, media_type=text, video_read_type=None, data_root=
[08:09:17.411472] Rank 0:  Loading OpenGVLab/VideoChat-Flash-Training-Data/annotations/video/caption_sharegemini_k400_223k.json with all sampling strategy
[08:09:18.163057] Rank 0:  Check samples from OpenGVLab/VideoChat-Flash-Training-Data/annotations/video/caption_sharegemini_k400_223k.json, media_type=video, video_read_type=None, data_root=OpenGVLab/stage2/OpenMMLab___Kinetics-400/raw/Kinetics-400/videos_train/
[08:09:18.163157] Rank 0:  Checking: OpenGVLab/stage2/OpenMMLab___Kinetics-400/raw/Kinetics-400/videos_train/-9C2gOJcDl8.mp4
[08:09:18.163259] Rank 0:  Loaded 221966 samples from OpenGVLab/VideoChat-Flash-Training-Data/annotations/video/caption_sharegemini_k400_223k.json, media_type=video, video_read_type=None, data_root=OpenGVLab/stage2/OpenMMLab___Kinetics-400/raw/Kinetics-400/videos_train/
[08:09:18.165271] Rank 0:  Loading OpenGVLab/VideoChat-Flash-Training-Data/annotations/image/ureader_tr_processed.json with all sampling strategy
[08:09:18.672423] Rank 0:  Check samples from OpenGVLab/VideoChat-Flash-Training-Data/annotations/image/ureader_tr_processed.json, media_type=image, video_read_type=None, data_root=OpenGVLab/stage2/LLaVA-OneVision-Mid-Data/ureader_tr/
[08:09:18.672529] Rank 0:  Checking: OpenGVLab/stage2/LLaVA-OneVision-Mid-Data/ureader_tr/ureader-instruction-1.0/ChartQA/train/png/00006834003065.png
[08:09:18.672607] Rank 0:  Loaded 101880 samples from OpenGVLab/VideoChat-Flash-Training-Data/annotations/image/ureader_tr_processed.json, media_type=image, video_read_type=None, data_root=OpenGVLab/stage2/LLaVA-OneVision-Mid-Data/ureader_tr/
[08:09:18.673375] Rank 0:  Loading OpenGVLab/VideoChat-Flash-Training-Data/annotations/image/synthdog_zh_processed.json with all sampling strategy
[08:09:19.463342] Rank 0:  Check samples from OpenGVLab/VideoChat-Flash-Training-Data/annotations/image/synthdog_zh_processed.json, media_type=image, video_read_type=None, data_root=OpenGVLab/stage2/LLaVA-OneVision-Mid-Data/synthdog_zh/synthdog-zh/images/
[08:09:19.463424] Rank 0:  Checking: OpenGVLab/stage2/LLaVA-OneVision-Mid-Data/synthdog_zh/synthdog-zh/images/synthdog_zh_000000.jpg
[08:09:19.463482] Rank 0:  Loaded 100000 samples from OpenGVLab/VideoChat-Flash-Training-Data/annotations/image/synthdog_zh_processed.json, media_type=image, video_read_type=None, data_root=OpenGVLab/stage2/LLaVA-OneVision-Mid-Data/synthdog_zh/synthdog-zh/images/
[08:09:19.464564] Rank 0:  Loading OpenGVLab/VideoChat-Flash-Training-Data/annotations/image/synthdog_en_processed.json with all sampling strategy
[08:09:19.879431] Rank 0:  Check samples from OpenGVLab/VideoChat-Flash-Training-Data/annotations/image/synthdog_en_processed.json, media_type=image, video_read_type=None, data_root=OpenGVLab/stage2/LLaVA-OneVision-Mid-Data/synthdog_en/synthdog-en/alt-images/
[08:09:19.879512] Rank 0:  Checking: OpenGVLab/stage2/LLaVA-OneVision-Mid-Data/synthdog_en/synthdog-en/alt-images/synthdog_en_000000.jpg
[08:09:19.879579] Rank 0:  Loaded 100000 samples from OpenGVLab/VideoChat-Flash-Training-Data/annotations/image/synthdog_en_processed.json, media_type=image, video_read_type=None, data_root=OpenGVLab/stage2/LLaVA-OneVision-Mid-Data/synthdog_en/synthdog-en/alt-images/
[08:09:19.882550] Rank 0:  Loading OpenGVLab/VideoChat-Flash-Training-Data/annotations/video/smit_caption_481k.json with all sampling strategy
[08:09:24.745576] Rank 0:  Check samples from OpenGVLab/VideoChat-Flash-Training-Data/annotations/video/smit_caption_481k.json, media_type=video, video_read_type=None, data_root=OpenGVLab/smit/S-MiT/
[08:09:24.745686] Rank 0:  Checking: OpenGVLab/smit/S-MiT/videos/bouncing/yt-4orgJDGR6mI_37.mp4
[08:09:24.745744] Rank 0:  Loaded 481113 samples from OpenGVLab/VideoChat-Flash-Training-Data/annotations/video/smit_caption_481k.json, media_type=video, video_read_type=None, data_root=OpenGVLab/smit/S-MiT/
[08:09:24.749737] Rank 0:  Loading OpenGVLab/VideoChat-Flash-Training-Data/annotations/video/caption_sharegptvideo_300k-sharegptvideo-train_300k_302k.json with all sampling strategy
[08:09:26.262845] Rank 0:  Check samples from OpenGVLab/VideoChat-Flash-Training-Data/annotations/video/caption_sharegptvideo_300k-sharegptvideo-train_300k_302k.json, media_type=video, video_read_type=img, data_root=OpenGVLab/train_video_and_instruction/train_300k/
[08:09:26.262930] Rank 0:  Checking: OpenGVLab/train_video_and_instruction/train_300k/v_--0edUL8zmA-Scene-001
[08:09:26.262986] Rank 0:  Loaded 301751 samples from OpenGVLab/VideoChat-Flash-Training-Data/annotations/video/caption_sharegptvideo_300k-sharegptvideo-train_300k_302k.json, media_type=video, video_read_type=img, data_root=OpenGVLab/train_video_and_instruction/train_300k/
[08:09:26.284868] Rank 0:  Loaded 4983717 samples from OpenGVLab/train_video_and_instruction/train_300k/v_--0edUL8zmA-Scene-001
[08:09:26.284912] Rank 0:  Formatting inputs...Skip in lazy mode
[08:09:26.286401] Rank 0:  Setting NCCL timeout to INF to avoid running errors.
[08:09:26.331193] Rank 0:  model_config after before train: Qwen2Config {
  "_name_or_path": "Qwen/Qwen2.5-1.5B-Instruct",
  "architectures": [
    "Qwen2ForCausalLM"
  ],
  "attention_dropout": 0.0,
  "bos_token_id": 151643,
  "eos_token_id": 151645,
  "frame_aspect_ratio": "square",
  "frame_grid_pinpoints": null,
  "hidden_act": "silu",
  "hidden_size": 1536,
  "image_aspect_ratio": "square",
  "image_crop_resolution": null,
  "image_grid_pinpoints": null,
  "image_split_resolution": null,
  "initializer_range": 0.02,
  "intermediate_size": 8960,
  "llm_compress_layer_list": [
    8,
    16,
    24
  ],
  "llm_compress_type": "attention",
  "llm_image_token_ratio_list": [
    1.0,
    0.5,
    0.25,
    0.125
  ],
  "max_num_pixels": 14745600000,
  "max_position_embeddings": 32768,
  "max_window_layers": 21,
  "min_slow_num_frames": 4,
  "mm_close_init": true,
  "mm_hidden_size": 1024,
  "mm_llm_compress": false,
  "mm_local_num_frames": 4,
  "mm_newline_position": "one_token",
  "mm_num_compress_latents": 128,
  "mm_num_compress_query_type": "learnable",
  "mm_patch_merge_type": "flat",
  "mm_pos_num_frames": 8,
  "mm_projector_lr": null,
  "mm_projector_type": "tome16_mlp_hd64",
  "mm_spatial_pool_mode": "bilinear",
  "mm_tunable_parts": "mm_vision_tower,mm_mlp_adapter,mm_language_model",
  "mm_use_im_patch_token": false,
  "mm_use_im_start_end": false,
  "mm_vision_select_feature": "patch",
  "mm_vision_select_layer": -2,
  "mm_vision_tower": "umt-hd-large",
  "mm_vision_tower_lr": 2e-06,
  "model_type": "qwen2",
  "num_attention_heads": 12,
  "num_hidden_layers": 28,
  "num_key_value_heads": 2,
  "pos_skipping_range": 4096,
  "rms_norm_eps": 1e-06,
  "rope_scaling": null,
  "rope_theta": 1000000.0,
  "sliding_window": 32768,
  "tie_word_embeddings": true,
  "tokenizer_model_max_length": 32768,
  "tokenizer_padding_side": "right",
  "torch_dtype": "bfloat16",
  "transformers_version": "4.40.0.dev0",
  "use_cache": false,
  "use_mm_proj": true,
  "use_pos_skipping": false,
  "use_sliding_window": false,
  "vision_encode_type": "video_image",
  "vision_tower_pretrained": null,
  "vocab_size": 151936
}

[08:10:01.054832] ninja: no work to do.
[08:10:03.258048] [08:10:03.260151] Time to load fused_adam op: 2.2055680751800537 seconds
{'loss': 2.4462, 'grad_norm': 29.78305435180664, 'learning_rate': 2.1399529210357373e-09, 'epoch': 0.0}
{'loss': 2.5641, 'grad_norm': 28.658876419067383, 'learning_rate': 4.2799058420714745e-09, 'epoch': 0.0}
{'loss': 2.54, 'grad_norm': 34.784423828125, 'learning_rate': 6.419858763107211e-09, 'epoch': 0.0}
{'loss': 2.448, 'grad_norm': 29.33484649658203, 'learning_rate': 8.559811684142949e-09, 'epoch': 0.0}
{'loss': 2.8504, 'grad_norm': 39.462581634521484, 'learning_rate': 1.0699764605178688e-08, 'epoch': 0.0}
{'loss': 2.5736, 'grad_norm': 36.69205093383789, 'learning_rate': 1.2839717526214423e-08, 'epoch': 0.0}
{'loss': 2.1666, 'grad_norm': 25.4175968170166, 'learning_rate': 1.497967044725016e-08, 'epoch': 0.0}
{'loss': 2.6803, 'grad_norm': 33.14476013183594, 'learning_rate': 1.7119623368285898e-08, 'epoch': 0.0}
{'loss': 2.5456, 'grad_norm': 32.894676208496094, 'learning_rate': 1.9259576289321638e-08, 'epoch': 0.0}
{'loss': 2.6502, 'grad_norm': 37.963104248046875, 'learning_rate': 2.1399529210357375e-08, 'epoch': 0.0}
{'loss': 2.3706, 'grad_norm': 31.56336212158203, 'learning_rate': 2.3539482131393112e-08, 'epoch': 0.0}
{'loss': 2.8191, 'grad_norm': 36.66547393798828, 'learning_rate': 2.5679435052428846e-08, 'epoch': 0.0}
{'loss': 2.6926, 'grad_norm': 37.546058654785156, 'learning_rate': 2.7819387973464586e-08, 'epoch': 0.0}
{'loss': 2.3037, 'grad_norm': 30.233592987060547, 'learning_rate': 2.995934089450032e-08, 'epoch': 0.0}
{'loss': 2.2326, 'grad_norm': 27.101526260375977, 'learning_rate': 3.209929381553606e-08, 'epoch': 0.0}
{'loss': 2.3597, 'grad_norm': 29.776185989379883, 'learning_rate': 3.4239246736571796e-08, 'epoch': 0.0}
{'loss': 2.3555, 'grad_norm': 34.43056106567383, 'learning_rate': 3.637919965760754e-08, 'epoch': 0.0}
{'loss': 2.2902, 'grad_norm': 30.99536895751953, 'learning_rate': 3.8519152578643277e-08, 'epoch': 0.0}
{'loss': 2.3989, 'grad_norm': 23.608314514160156, 'learning_rate': 4.0659105499679013e-08, 'epoch': 0.0}
{'loss': 0.9265, 'grad_norm': 21.61273765563965, 'learning_rate': 4.279905842071475e-08, 'epoch': 0.0}
{'loss': 2.1136, 'grad_norm': 24.008337020874023, 'learning_rate': 4.493901134175049e-08, 'epoch': 0.0}
{'loss': 2.5516, 'grad_norm': 29.779050827026367, 'learning_rate': 4.7078964262786224e-08, 'epoch': 0.0}
{'loss': 2.3811, 'grad_norm': 32.49790573120117, 'learning_rate': 4.9218917183821954e-08, 'epoch': 0.0}
{'loss': 2.473, 'grad_norm': 31.339797973632812, 'learning_rate': 5.135887010485769e-08, 'epoch': 0.0}
{'loss': 2.5078, 'grad_norm': 26.72470474243164, 'learning_rate': 5.3498823025893435e-08, 'epoch': 0.0}
{'loss': 2.5281, 'grad_norm': 25.327829360961914, 'learning_rate': 5.563877594692917e-08, 'epoch': 0.0}
{'loss': 2.689, 'grad_norm': 39.2055549621582, 'learning_rate': 5.777872886796491e-08, 'epoch': 0.0}
{'loss': 2.0225, 'grad_norm': 18.478418350219727, 'learning_rate': 5.991868178900065e-08, 'epoch': 0.0}
{'loss': 2.1712, 'grad_norm': 24.64409065246582, 'learning_rate': 6.205863471003639e-08, 'epoch': 0.0}
{'loss': 2.3165, 'grad_norm': 27.757436752319336, 'learning_rate': 6.419858763107212e-08, 'epoch': 0.0}
{'loss': 2.5629, 'grad_norm': 33.27106857299805, 'learning_rate': 6.633854055210786e-08, 'epoch': 0.0}
{'loss': 2.3718, 'grad_norm': 23.947952270507812, 'learning_rate': 6.847849347314359e-08, 'epoch': 0.0}
{'loss': 2.3425, 'grad_norm': 25.69371223449707, 'learning_rate': 7.061844639417934e-08, 'epoch': 0.0}
{'loss': 2.3175, 'grad_norm': 26.322717666625977, 'learning_rate': 7.275839931521508e-08, 'epoch': 0.0}
{'loss': 2.1991, 'grad_norm': 28.575664520263672, 'learning_rate': 7.489835223625081e-08, 'epoch': 0.0}
{'loss': 2.2283, 'grad_norm': 27.633596420288086, 'learning_rate': 7.703830515728655e-08, 'epoch': 0.0}
{'loss': 2.3799, 'grad_norm': 32.508338928222656, 'learning_rate': 7.917825807832228e-08, 'epoch': 0.0}
{'loss': 2.3388, 'grad_norm': 26.56342887878418, 'learning_rate': 8.131821099935803e-08, 'epoch': 0.0}
{'loss': 2.5736, 'grad_norm': 29.577434539794922, 'learning_rate': 8.345816392039376e-08, 'epoch': 0.0}
{'loss': 2.5808, 'grad_norm': 37.282501220703125, 'learning_rate': 8.55981168414295e-08, 'epoch': 0.0}
{'loss': 2.0312, 'grad_norm': 20.6634521484375, 'learning_rate': 8.773806976246524e-08, 'epoch': 0.0}
{'loss': 2.3079, 'grad_norm': 26.43425178527832, 'learning_rate': 8.987802268350097e-08, 'epoch': 0.0}
{'loss': 2.6373, 'grad_norm': 33.511383056640625, 'learning_rate': 9.201797560453672e-08, 'epoch': 0.0}
{'loss': 2.55, 'grad_norm': 30.901508331298828, 'learning_rate': 9.415792852557245e-08, 'epoch': 0.0}
{'loss': 2.1852, 'grad_norm': 22.266319274902344, 'learning_rate': 9.629788144660819e-08, 'epoch': 0.0}
{'loss': 2.4988, 'grad_norm': 34.94449234008789, 'learning_rate': 9.843783436764391e-08, 'epoch': 0.0}
{'loss': 2.3682, 'grad_norm': 27.47307586669922, 'learning_rate': 1.0057778728867965e-07, 'epoch': 0.0}
{'loss': 2.2051, 'grad_norm': 19.240535736083984, 'learning_rate': 1.0271774020971538e-07, 'epoch': 0.0}
{'loss': 2.2199, 'grad_norm': 26.88675880432129, 'learning_rate': 1.0485769313075113e-07, 'epoch': 0.0}
{'loss': 2.6639, 'grad_norm': 29.687875747680664, 'learning_rate': 1.0699764605178687e-07, 'epoch': 0.0}
{'loss': 2.6553, 'grad_norm': 34.95536422729492, 'learning_rate': 1.091375989728226e-07, 'epoch': 0.0}
{'loss': 2.2949, 'grad_norm': 25.717689514160156, 'learning_rate': 1.1127755189385834e-07, 'epoch': 0.0}
{'loss': 2.8041, 'grad_norm': 37.73488998413086, 'learning_rate': 1.1341750481489407e-07, 'epoch': 0.0}
{'loss': 2.5363, 'grad_norm': 32.762428283691406, 'learning_rate': 1.1555745773592982e-07, 'epoch': 0.0}
{'loss': 2.1992, 'grad_norm': 20.66687774658203, 'learning_rate': 1.1769741065696555e-07, 'epoch': 0.0}
{'loss': 2.315, 'grad_norm': 29.830488204956055, 'learning_rate': 1.198373635780013e-07, 'epoch': 0.0}
{'loss': 2.2207, 'grad_norm': 25.296167373657227, 'learning_rate': 1.2197731649903702e-07, 'epoch': 0.0}
{'loss': 2.6084, 'grad_norm': 34.319862365722656, 'learning_rate': 1.2411726942007278e-07, 'epoch': 0.0}
{'loss': 2.1723, 'grad_norm': 30.497020721435547, 'learning_rate': 1.262572223411085e-07, 'epoch': 0.0}
{'loss': 2.4819, 'grad_norm': 32.65795135498047, 'learning_rate': 1.2839717526214424e-07, 'epoch': 0.0}
{'loss': 2.6553, 'grad_norm': 37.31477355957031, 'learning_rate': 1.3053712818317997e-07, 'epoch': 0.0}
{'loss': 2.5663, 'grad_norm': 31.600685119628906, 'learning_rate': 1.3267708110421572e-07, 'epoch': 0.0}
{'loss': 2.2563, 'grad_norm': 19.568958282470703, 'learning_rate': 1.3481703402525145e-07, 'epoch': 0.0}
{'loss': 2.2128, 'grad_norm': 24.6313533782959, 'learning_rate': 1.3695698694628719e-07, 'epoch': 0.0}
{'loss': 2.1651, 'grad_norm': 21.250717163085938, 'learning_rate': 1.3909693986732294e-07, 'epoch': 0.0}
{'loss': 2.4064, 'grad_norm': 27.9656925201416, 'learning_rate': 1.4123689278835867e-07, 'epoch': 0.0}
{'loss': 2.2376, 'grad_norm': 20.91900062561035, 'learning_rate': 1.433768457093944e-07, 'epoch': 0.0}
{'loss': 2.2126, 'grad_norm': 26.526947021484375, 'learning_rate': 1.4551679863043016e-07, 'epoch': 0.0}
{'loss': 2.1714, 'grad_norm': 23.91334342956543, 'learning_rate': 1.476567515514659e-07, 'epoch': 0.0}
{'loss': 2.4775, 'grad_norm': 30.497730255126953, 'learning_rate': 1.4979670447250162e-07, 'epoch': 0.0}
{'loss': 2.6381, 'grad_norm': 33.2459831237793, 'learning_rate': 1.5193665739353735e-07, 'epoch': 0.0}
{'loss': 2.3543, 'grad_norm': 26.477087020874023, 'learning_rate': 1.540766103145731e-07, 'epoch': 0.0}
{'loss': 2.447, 'grad_norm': 26.961971282958984, 'learning_rate': 1.5621656323560884e-07, 'epoch': 0.0}
{'loss': 2.4107, 'grad_norm': 20.57832145690918, 'learning_rate': 1.5835651615664457e-07, 'epoch': 0.0}
{'loss': 1.9959, 'grad_norm': 18.471715927124023, 'learning_rate': 1.604964690776803e-07, 'epoch': 0.0}
{'loss': 2.3756, 'grad_norm': 28.184276580810547, 'learning_rate': 1.6263642199871605e-07, 'epoch': 0.0}
{'loss': 2.416, 'grad_norm': 34.28987503051758, 'learning_rate': 1.6477637491975176e-07, 'epoch': 0.0}
{'loss': 2.1054, 'grad_norm': 21.46761131286621, 'learning_rate': 1.6691632784078751e-07, 'epoch': 0.0}
{'loss': 2.204, 'grad_norm': 22.260332107543945, 'learning_rate': 1.6905628076182324e-07, 'epoch': 0.0}
{'loss': 2.3376, 'grad_norm': 29.855222702026367, 'learning_rate': 1.71196233682859e-07, 'epoch': 0.0}
{'loss': 2.3995, 'grad_norm': 26.040285110473633, 'learning_rate': 1.7333618660389473e-07, 'epoch': 0.0}
{'loss': 2.1711, 'grad_norm': 17.991718292236328, 'learning_rate': 1.754761395249305e-07, 'epoch': 0.0}
{'loss': 2.1584, 'grad_norm': 22.94072723388672, 'learning_rate': 1.776160924459662e-07, 'epoch': 0.0}
{'loss': 2.5523, 'grad_norm': 25.683609008789062, 'learning_rate': 1.7975604536700195e-07, 'epoch': 0.0}
{'loss': 2.2612, 'grad_norm': 22.37276840209961, 'learning_rate': 1.8189599828803768e-07, 'epoch': 0.0}
{'loss': 2.1247, 'grad_norm': 22.052534103393555, 'learning_rate': 1.8403595120907344e-07, 'epoch': 0.0}
{'loss': 2.3063, 'grad_norm': 20.09347915649414, 'learning_rate': 1.8617590413010914e-07, 'epoch': 0.0}
{'loss': 2.1608, 'grad_norm': 27.41675567626953, 'learning_rate': 1.883158570511449e-07, 'epoch': 0.0}
{'loss': 2.2324, 'grad_norm': 22.81673812866211, 'learning_rate': 1.9045580997218063e-07, 'epoch': 0.0}
{'loss': 1.9592, 'grad_norm': 16.308082580566406, 'learning_rate': 1.9259576289321638e-07, 'epoch': 0.0}
{'loss': 2.1121, 'grad_norm': 21.228702545166016, 'learning_rate': 1.947357158142521e-07, 'epoch': 0.0}
{'loss': 1.971, 'grad_norm': 20.86139678955078, 'learning_rate': 1.9687566873528782e-07, 'epoch': 0.0}
{'loss': 2.0927, 'grad_norm': 16.359830856323242, 'learning_rate': 1.9901562165632357e-07, 'epoch': 0.0}
{'loss': 2.3163, 'grad_norm': 21.286081314086914, 'learning_rate': 2.011555745773593e-07, 'epoch': 0.0}
{'loss': 2.1064, 'grad_norm': 22.919137954711914, 'learning_rate': 2.0329552749839506e-07, 'epoch': 0.0}
{'loss': 2.1087, 'grad_norm': 20.498172760009766, 'learning_rate': 2.0543548041943076e-07, 'epoch': 0.0}
{'loss': 2.2442, 'grad_norm': 22.030885696411133, 'learning_rate': 2.0757543334046652e-07, 'epoch': 0.0}
{'loss': 2.0968, 'grad_norm': 19.13985824584961, 'learning_rate': 2.0971538626150225e-07, 'epoch': 0.0}
{'loss': 2.3789, 'grad_norm': 20.901763916015625, 'learning_rate': 2.11855339182538e-07, 'epoch': 0.0}
{'loss': 2.3479, 'grad_norm': 19.82597541809082, 'learning_rate': 2.1399529210357374e-07, 'epoch': 0.0}
{'loss': 2.0561, 'grad_norm': 18.189516067504883, 'learning_rate': 2.1613524502460947e-07, 'epoch': 0.0}
{'loss': 2.367, 'grad_norm': 20.309417724609375, 'learning_rate': 2.182751979456452e-07, 'epoch': 0.0}
{'loss': 2.2083, 'grad_norm': 18.679798126220703, 'learning_rate': 2.2041515086668096e-07, 'epoch': 0.0}
{'loss': 2.1438, 'grad_norm': 22.260221481323242, 'learning_rate': 2.2255510378771669e-07, 'epoch': 0.0}
{'loss': 2.1306, 'grad_norm': 21.902507781982422, 'learning_rate': 2.2469505670875244e-07, 'epoch': 0.0}
{'loss': 2.2326, 'grad_norm': 26.233531951904297, 'learning_rate': 2.2683500962978815e-07, 'epoch': 0.0}
{'loss': 2.2255, 'grad_norm': 25.7016544342041, 'learning_rate': 2.289749625508239e-07, 'epoch': 0.0}
{'loss': 1.865, 'grad_norm': 17.422805786132812, 'learning_rate': 2.3111491547185963e-07, 'epoch': 0.0}
{'loss': 1.9486, 'grad_norm': 19.79378318786621, 'learning_rate': 2.332548683928954e-07, 'epoch': 0.0}
{'loss': 2.2375, 'grad_norm': 24.092010498046875, 'learning_rate': 2.353948213139311e-07, 'epoch': 0.0}
{'loss': 2.1198, 'grad_norm': 22.27959442138672, 'learning_rate': 2.3753477423496685e-07, 'epoch': 0.0}
{'loss': 2.3335, 'grad_norm': 23.14984703063965, 'learning_rate': 2.396747271560026e-07, 'epoch': 0.0}
{'loss': 2.1602, 'grad_norm': 18.43323516845703, 'learning_rate': 2.4181468007703834e-07, 'epoch': 0.0}
{'loss': 2.2943, 'grad_norm': 21.512353897094727, 'learning_rate': 2.4395463299807404e-07, 'epoch': 0.0}
{'loss': 1.9239, 'grad_norm': 17.598365783691406, 'learning_rate': 2.460945859191098e-07, 'epoch': 0.0}
{'loss': 2.0411, 'grad_norm': 12.23802661895752, 'learning_rate': 2.4823453884014555e-07, 'epoch': 0.0}
{'loss': 2.0093, 'grad_norm': 16.308006286621094, 'learning_rate': 2.503744917611813e-07, 'epoch': 0.0}
{'loss': 1.8599, 'grad_norm': 13.795646667480469, 'learning_rate': 2.52514444682217e-07, 'epoch': 0.0}
{'loss': 2.2293, 'grad_norm': 12.252954483032227, 'learning_rate': 2.5465439760325277e-07, 'epoch': 0.0}
{'loss': 2.0398, 'grad_norm': 12.502714157104492, 'learning_rate': 2.567943505242885e-07, 'epoch': 0.0}
{'loss': 1.9106, 'grad_norm': 12.665351867675781, 'learning_rate': 2.5893430344532423e-07, 'epoch': 0.0}
{'loss': 2.147, 'grad_norm': 13.148086547851562, 'learning_rate': 2.6107425636635994e-07, 'epoch': 0.0}
{'loss': 2.1167, 'grad_norm': 11.17715835571289, 'learning_rate': 2.632142092873957e-07, 'epoch': 0.0}
{'loss': 1.8243, 'grad_norm': 7.988947868347168, 'learning_rate': 2.6535416220843145e-07, 'epoch': 0.0}
{'loss': 1.8575, 'grad_norm': 7.9968767166137695, 'learning_rate': 2.6749411512946715e-07, 'epoch': 0.0}
{'loss': 1.9371, 'grad_norm': 7.285584926605225, 'learning_rate': 2.696340680505029e-07, 'epoch': 0.0}
{'loss': 2.075, 'grad_norm': 8.246819496154785, 'learning_rate': 2.717740209715386e-07, 'epoch': 0.0}
{'loss': 1.7723, 'grad_norm': 7.417342185974121, 'learning_rate': 2.7391397389257437e-07, 'epoch': 0.0}
{'loss': 1.9339, 'grad_norm': 7.124094009399414, 'learning_rate': 2.7605392681361013e-07, 'epoch': 0.0}
{'loss': 1.8238, 'grad_norm': 8.375003814697266, 'learning_rate': 2.781938797346459e-07, 'epoch': 0.0}
{'loss': 2.2408, 'grad_norm': 7.362937927246094, 'learning_rate': 2.803338326556816e-07, 'epoch': 0.0}
{'loss': 1.7986, 'grad_norm': 8.3622465133667, 'learning_rate': 2.8247378557671734e-07, 'epoch': 0.0}
{'loss': 1.9083, 'grad_norm': 7.13649845123291, 'learning_rate': 2.8461373849775305e-07, 'epoch': 0.0}
{'loss': 1.8499, 'grad_norm': 6.111177444458008, 'learning_rate': 2.867536914187888e-07, 'epoch': 0.0}
{'loss': 1.8081, 'grad_norm': 6.891290187835693, 'learning_rate': 2.8889364433982456e-07, 'epoch': 0.0}
{'loss': 1.6684, 'grad_norm': 6.1084394454956055, 'learning_rate': 2.910335972608603e-07, 'epoch': 0.0}
{'loss': 1.7948, 'grad_norm': 7.257070541381836, 'learning_rate': 2.93173550181896e-07, 'epoch': 0.0}
{'loss': 1.7981, 'grad_norm': 6.19303560256958, 'learning_rate': 2.953135031029318e-07, 'epoch': 0.0}
{'loss': 1.6772, 'grad_norm': 5.595298767089844, 'learning_rate': 2.974534560239675e-07, 'epoch': 0.0}
{'loss': 1.6233, 'grad_norm': 5.763055801391602, 'learning_rate': 2.9959340894500324e-07, 'epoch': 0.0}
{'loss': 1.9072, 'grad_norm': 6.0269012451171875, 'learning_rate': 3.0173336186603894e-07, 'epoch': 0.0}
{'loss': 1.6178, 'grad_norm': 5.698665142059326, 'learning_rate': 3.038733147870747e-07, 'epoch': 0.0}
{'loss': 1.5844, 'grad_norm': 5.824285984039307, 'learning_rate': 3.0601326770811046e-07, 'epoch': 0.0}
{'loss': 1.8422, 'grad_norm': 6.048711776733398, 'learning_rate': 3.081532206291462e-07, 'epoch': 0.0}
{'loss': 1.711, 'grad_norm': 4.8344197273254395, 'learning_rate': 3.102931735501819e-07, 'epoch': 0.0}
{'loss': 2.0151, 'grad_norm': 6.227965831756592, 'learning_rate': 3.1243312647121767e-07, 'epoch': 0.0}
{'loss': 1.8153, 'grad_norm': 5.476735591888428, 'learning_rate': 3.1457307939225343e-07, 'epoch': 0.0}
{'loss': 1.6801, 'grad_norm': 6.713241100311279, 'learning_rate': 3.1671303231328913e-07, 'epoch': 0.0}
{'loss': 1.8308, 'grad_norm': 5.218253135681152, 'learning_rate': 3.188529852343249e-07, 'epoch': 0.0}
{'loss': 1.9972, 'grad_norm': 5.198376178741455, 'learning_rate': 3.209929381553606e-07, 'epoch': 0.0}
{'loss': 1.7962, 'grad_norm': 4.830421447753906, 'learning_rate': 3.231328910763964e-07, 'epoch': 0.0}
{'loss': 1.6222, 'grad_norm': 5.713252067565918, 'learning_rate': 3.252728439974321e-07, 'epoch': 0.0}
{'loss': 1.7498, 'grad_norm': 5.7077741622924805, 'learning_rate': 3.274127969184678e-07, 'epoch': 0.0}
{'loss': 1.5266, 'grad_norm': 4.50482702255249, 'learning_rate': 3.295527498395035e-07, 'epoch': 0.0}
{'loss': 0.6761, 'grad_norm': 3.355085611343384, 'learning_rate': 3.3169270276053927e-07, 'epoch': 0.0}
{'loss': 1.6972, 'grad_norm': 5.5328168869018555, 'learning_rate': 3.3383265568157503e-07, 'epoch': 0.0}
{'loss': 1.7494, 'grad_norm': 4.745569705963135, 'learning_rate': 3.359726086026108e-07, 'epoch': 0.0}
{'loss': 1.5433, 'grad_norm': 5.207403182983398, 'learning_rate': 3.381125615236465e-07, 'epoch': 0.0}
{'loss': 1.5037, 'grad_norm': 4.973259925842285, 'learning_rate': 3.402525144446822e-07, 'epoch': 0.0}
{'loss': 1.6358, 'grad_norm': 4.959764003753662, 'learning_rate': 3.42392467365718e-07, 'epoch': 0.0}
{'loss': 1.7954, 'grad_norm': 4.953117847442627, 'learning_rate': 3.445324202867537e-07, 'epoch': 0.0}
{'loss': 1.7896, 'grad_norm': 4.272956848144531, 'learning_rate': 3.4667237320778946e-07, 'epoch': 0.0}
{'loss': 1.7433, 'grad_norm': 4.523688793182373, 'learning_rate': 3.4881232612882517e-07, 'epoch': 0.0}
{'loss': 1.6868, 'grad_norm': 5.602602481842041, 'learning_rate': 3.50952279049861e-07, 'epoch': 0.0}
{'loss': 1.7028, 'grad_norm': 5.08828592300415, 'learning_rate': 3.530922319708967e-07, 'epoch': 0.0}
{'loss': 1.6031, 'grad_norm': 4.0283989906311035, 'learning_rate': 3.552321848919324e-07, 'epoch': 0.0}
{'loss': 1.5648, 'grad_norm': 4.645902156829834, 'learning_rate': 3.5737213781296814e-07, 'epoch': 0.0}
{'loss': 1.6889, 'grad_norm': 5.069636344909668, 'learning_rate': 3.595120907340039e-07, 'epoch': 0.0}
{'loss': 1.5609, 'grad_norm': 5.038096904754639, 'learning_rate': 3.6165204365503965e-07, 'epoch': 0.0}
{'loss': 1.7735, 'grad_norm': 5.3416666984558105, 'learning_rate': 3.6379199657607536e-07, 'epoch': 0.0}
{'loss': 1.618, 'grad_norm': 4.536373615264893, 'learning_rate': 3.6593194949711106e-07, 'epoch': 0.0}
{'loss': 1.729, 'grad_norm': 6.096290588378906, 'learning_rate': 3.6807190241814687e-07, 'epoch': 0.0}
{'loss': 1.5608, 'grad_norm': 4.458085536956787, 'learning_rate': 3.702118553391826e-07, 'epoch': 0.0}
{'loss': 1.6104, 'grad_norm': 4.678524971008301, 'learning_rate': 3.723518082602183e-07, 'epoch': 0.0}
{'loss': 1.6279, 'grad_norm': 5.492460250854492, 'learning_rate': 3.7449176118125404e-07, 'epoch': 0.0}
{'loss': 1.6112, 'grad_norm': 4.291194438934326, 'learning_rate': 3.766317141022898e-07, 'epoch': 0.0}
{'loss': 1.5206, 'grad_norm': 3.5920777320861816, 'learning_rate': 3.7877166702332555e-07, 'epoch': 0.0}
{'loss': 1.6272, 'grad_norm': 4.192043781280518, 'learning_rate': 3.8091161994436125e-07, 'epoch': 0.0}
{'loss': 1.5811, 'grad_norm': 4.028480529785156, 'learning_rate': 3.8305157286539696e-07, 'epoch': 0.0}
{'loss': 1.4971, 'grad_norm': 4.443053245544434, 'learning_rate': 3.8519152578643277e-07, 'epoch': 0.0}
{'loss': 1.6341, 'grad_norm': 4.3009352684021, 'learning_rate': 3.8733147870746847e-07, 'epoch': 0.0}
{'loss': 1.539, 'grad_norm': 3.6160337924957275, 'learning_rate': 3.894714316285042e-07, 'epoch': 0.0}
{'loss': 1.5619, 'grad_norm': 4.540038585662842, 'learning_rate': 3.9161138454953993e-07, 'epoch': 0.0}
{'loss': 1.6065, 'grad_norm': 4.3310418128967285, 'learning_rate': 3.9375133747057563e-07, 'epoch': 0.0}
{'loss': 1.6967, 'grad_norm': 4.28518533706665, 'learning_rate': 3.9589129039161144e-07, 'epoch': 0.0}
{'loss': 1.7635, 'grad_norm': 4.349573135375977, 'learning_rate': 3.9803124331264715e-07, 'epoch': 0.0}
{'loss': 1.6405, 'grad_norm': 4.641143798828125, 'learning_rate': 4.0017119623368285e-07, 'epoch': 0.0}
{'loss': 1.5907, 'grad_norm': 4.099197864532471, 'learning_rate': 4.023111491547186e-07, 'epoch': 0.0}
{'loss': 1.9617, 'grad_norm': 4.44679594039917, 'learning_rate': 4.0445110207575436e-07, 'epoch': 0.0}
{'loss': 1.5396, 'grad_norm': 4.538557052612305, 'learning_rate': 4.065910549967901e-07, 'epoch': 0.0}
{'loss': 1.6027, 'grad_norm': 4.968598365783691, 'learning_rate': 4.087310079178258e-07, 'epoch': 0.0}
{'loss': 1.5698, 'grad_norm': 4.637911796569824, 'learning_rate': 4.1087096083886153e-07, 'epoch': 0.0}
{'loss': 1.5868, 'grad_norm': 3.2823047637939453, 'learning_rate': 4.1301091375989734e-07, 'epoch': 0.0}
{'loss': 1.5068, 'grad_norm': 3.7425806522369385, 'learning_rate': 4.1515086668093304e-07, 'epoch': 0.0}
{'loss': 1.3983, 'grad_norm': 3.382082223892212, 'learning_rate': 4.172908196019688e-07, 'epoch': 0.0}
{'loss': 1.6854, 'grad_norm': 4.656453609466553, 'learning_rate': 4.194307725230045e-07, 'epoch': 0.0}
{'loss': 1.4952, 'grad_norm': 4.13641881942749, 'learning_rate': 4.215707254440403e-07, 'epoch': 0.0}
{'loss': 1.5513, 'grad_norm': 4.039216995239258, 'learning_rate': 4.23710678365076e-07, 'epoch': 0.0}
{'loss': 1.3841, 'grad_norm': 4.239770412445068, 'learning_rate': 4.258506312861117e-07, 'epoch': 0.0}
{'loss': 1.411, 'grad_norm': 3.9821205139160156, 'learning_rate': 4.279905842071475e-07, 'epoch': 0.0}
{'loss': 1.3793, 'grad_norm': 4.0061469078063965, 'learning_rate': 4.3013053712818323e-07, 'epoch': 0.0}
{'loss': 1.566, 'grad_norm': 4.489184856414795, 'learning_rate': 4.3227049004921894e-07, 'epoch': 0.0}
{'loss': 1.5322, 'grad_norm': 5.474089622497559, 'learning_rate': 4.344104429702547e-07, 'epoch': 0.0}
{'loss': 1.4937, 'grad_norm': 3.579587936401367, 'learning_rate': 4.365503958912904e-07, 'epoch': 0.0}
{'loss': 1.6949, 'grad_norm': 4.141212463378906, 'learning_rate': 4.386903488123262e-07, 'epoch': 0.0}
{'loss': 1.5111, 'grad_norm': 4.654745578765869, 'learning_rate': 4.408303017333619e-07, 'epoch': 0.0}
{'loss': 1.4481, 'grad_norm': 4.247231960296631, 'learning_rate': 4.429702546543976e-07, 'epoch': 0.0}
{'loss': 1.5534, 'grad_norm': 4.409358024597168, 'learning_rate': 4.4511020757543337e-07, 'epoch': 0.0}
{'loss': 1.4238, 'grad_norm': 4.9415974617004395, 'learning_rate': 4.4725016049646913e-07, 'epoch': 0.0}
{'loss': 1.4036, 'grad_norm': 3.7415566444396973, 'learning_rate': 4.493901134175049e-07, 'epoch': 0.0}
{'loss': 1.476, 'grad_norm': 4.112893581390381, 'learning_rate': 4.515300663385406e-07, 'epoch': 0.0}
{'loss': 1.4587, 'grad_norm': 3.679945945739746, 'learning_rate': 4.536700192595763e-07, 'epoch': 0.0}
{'loss': 1.6264, 'grad_norm': 3.6367616653442383, 'learning_rate': 4.558099721806121e-07, 'epoch': 0.0}
{'loss': 1.5934, 'grad_norm': 4.361284255981445, 'learning_rate': 4.579499251016478e-07, 'epoch': 0.0}
{'loss': 0.7244, 'grad_norm': 3.227437973022461, 'learning_rate': 4.6008987802268356e-07, 'epoch': 0.0}
{'loss': 1.4913, 'grad_norm': 3.787951946258545, 'learning_rate': 4.6222983094371927e-07, 'epoch': 0.0}
{'loss': 1.5095, 'grad_norm': 3.7407171726226807, 'learning_rate': 4.6436978386475497e-07, 'epoch': 0.0}
{'loss': 1.377, 'grad_norm': 3.522291660308838, 'learning_rate': 4.665097367857908e-07, 'epoch': 0.0}
{'loss': 1.4111, 'grad_norm': 3.5742392539978027, 'learning_rate': 4.686496897068265e-07, 'epoch': 0.0}
{'loss': 1.6281, 'grad_norm': 4.601137638092041, 'learning_rate': 4.707896426278622e-07, 'epoch': 0.0}
{'loss': 1.4166, 'grad_norm': 3.7440803050994873, 'learning_rate': 4.7292959554889794e-07, 'epoch': 0.0}
{'loss': 1.4752, 'grad_norm': 4.015406608581543, 'learning_rate': 4.750695484699337e-07, 'epoch': 0.0}
{'loss': 1.67, 'grad_norm': 3.9812567234039307, 'learning_rate': 4.772095013909695e-07, 'epoch': 0.0}
{'loss': 1.4872, 'grad_norm': 3.55151104927063, 'learning_rate': 4.793494543120052e-07, 'epoch': 0.0}
{'loss': 1.4702, 'grad_norm': 3.4593429565429688, 'learning_rate': 4.814894072330409e-07, 'epoch': 0.0}
{'loss': 1.6066, 'grad_norm': 4.197121620178223, 'learning_rate': 4.836293601540767e-07, 'epoch': 0.0}
{'loss': 1.3657, 'grad_norm': 3.8066418170928955, 'learning_rate': 4.857693130751124e-07, 'epoch': 0.0}
{'loss': 1.3631, 'grad_norm': 3.7106082439422607, 'learning_rate': 4.879092659961481e-07, 'epoch': 0.0}
{'loss': 1.5912, 'grad_norm': 4.321732997894287, 'learning_rate': 4.900492189171838e-07, 'epoch': 0.0}
{'loss': 1.4156, 'grad_norm': 3.3560478687286377, 'learning_rate': 4.921891718382196e-07, 'epoch': 0.0}
{'loss': 1.3619, 'grad_norm': 3.512953042984009, 'learning_rate': 4.943291247592553e-07, 'epoch': 0.0}
{'loss': 1.5329, 'grad_norm': 4.200222015380859, 'learning_rate': 4.964690776802911e-07, 'epoch': 0.0}
{'loss': 1.6501, 'grad_norm': 3.9323387145996094, 'learning_rate': 4.986090306013268e-07, 'epoch': 0.0}
{'loss': 1.4381, 'grad_norm': 3.649411201477051, 'learning_rate': 5.007489835223626e-07, 'epoch': 0.0}
{'loss': 1.3023, 'grad_norm': 4.059193134307861, 'learning_rate': 5.028889364433983e-07, 'epoch': 0.0}
{'loss': 1.5185, 'grad_norm': 3.3867435455322266, 'learning_rate': 5.05028889364434e-07, 'epoch': 0.0}
{'loss': 1.6433, 'grad_norm': 4.952517032623291, 'learning_rate': 5.071688422854697e-07, 'epoch': 0.0}
{'loss': 1.2694, 'grad_norm': 3.289238214492798, 'learning_rate': 5.093087952065055e-07, 'epoch': 0.0}
{'loss': 1.3781, 'grad_norm': 3.927675724029541, 'learning_rate': 5.114487481275412e-07, 'epoch': 0.0}
{'loss': 1.3844, 'grad_norm': 3.405245780944824, 'learning_rate': 5.13588701048577e-07, 'epoch': 0.0}
{'loss': 1.4658, 'grad_norm': 3.2192788124084473, 'learning_rate': 5.157286539696127e-07, 'epoch': 0.0}
{'loss': 1.4458, 'grad_norm': 3.3182456493377686, 'learning_rate': 5.178686068906485e-07, 'epoch': 0.0}
{'loss': 1.5005, 'grad_norm': 3.938183546066284, 'learning_rate': 5.200085598116842e-07, 'epoch': 0.0}
{'loss': 1.3687, 'grad_norm': 3.7090892791748047, 'learning_rate': 5.221485127327199e-07, 'epoch': 0.0}
{'loss': 1.4532, 'grad_norm': 3.6473453044891357, 'learning_rate': 5.242884656537557e-07, 'epoch': 0.0}
{'loss': 1.6755, 'grad_norm': 4.058358669281006, 'learning_rate': 5.264284185747914e-07, 'epoch': 0.0}
{'loss': 1.307, 'grad_norm': 3.2111854553222656, 'learning_rate': 5.285683714958272e-07, 'epoch': 0.0}
{'loss': 1.2925, 'grad_norm': 3.223484992980957, 'learning_rate': 5.307083244168629e-07, 'epoch': 0.0}
{'loss': 1.6193, 'grad_norm': 3.6079905033111572, 'learning_rate': 5.328482773378986e-07, 'epoch': 0.0}
{'loss': 1.4137, 'grad_norm': 3.3532705307006836, 'learning_rate': 5.349882302589343e-07, 'epoch': 0.0}
{'loss': 1.6236, 'grad_norm': 3.544081926345825, 'learning_rate': 5.371281831799701e-07, 'epoch': 0.0}
{'loss': 1.5891, 'grad_norm': 4.101919651031494, 'learning_rate': 5.392681361010058e-07, 'epoch': 0.0}
{'loss': 0.6159, 'grad_norm': 2.6343274116516113, 'learning_rate': 5.414080890220415e-07, 'epoch': 0.0}
{'loss': 1.3505, 'grad_norm': 3.494317054748535, 'learning_rate': 5.435480419430772e-07, 'epoch': 0.0}
{'loss': 1.3737, 'grad_norm': 3.5719940662384033, 'learning_rate': 5.45687994864113e-07, 'epoch': 0.0}
{'loss': 1.4829, 'grad_norm': 4.322307109832764, 'learning_rate': 5.478279477851487e-07, 'epoch': 0.0}
{'loss': 1.3504, 'grad_norm': 3.410353422164917, 'learning_rate': 5.499679007061845e-07, 'epoch': 0.0}
{'loss': 1.4802, 'grad_norm': 3.510131359100342, 'learning_rate': 5.521078536272203e-07, 'epoch': 0.0}
{'loss': 1.4814, 'grad_norm': 3.490023612976074, 'learning_rate': 5.54247806548256e-07, 'epoch': 0.0}
{'loss': 1.4353, 'grad_norm': 3.6250429153442383, 'learning_rate': 5.563877594692918e-07, 'epoch': 0.0}
{'loss': 1.5303, 'grad_norm': 3.675718307495117, 'learning_rate': 5.585277123903275e-07, 'epoch': 0.0}
{'loss': 1.3157, 'grad_norm': 4.075796127319336, 'learning_rate': 5.606676653113632e-07, 'epoch': 0.0}
{'loss': 1.338, 'grad_norm': 5.685988903045654, 'learning_rate': 5.62807618232399e-07, 'epoch': 0.0}
{'loss': 1.5271, 'grad_norm': 3.5009002685546875, 'learning_rate': 5.649475711534347e-07, 'epoch': 0.0}
{'loss': 0.6211, 'grad_norm': 3.0934689044952393, 'learning_rate': 5.670875240744704e-07, 'epoch': 0.0}
{'loss': 1.4593, 'grad_norm': 3.3176629543304443, 'learning_rate': 5.692274769955061e-07, 'epoch': 0.0}
{'loss': 1.4508, 'grad_norm': 3.449955463409424, 'learning_rate': 5.713674299165419e-07, 'epoch': 0.0}
{'loss': 1.3445, 'grad_norm': 3.2738430500030518, 'learning_rate': 5.735073828375776e-07, 'epoch': 0.0}
{'loss': 1.3383, 'grad_norm': 2.9983468055725098, 'learning_rate': 5.756473357586133e-07, 'epoch': 0.0}
{'loss': 1.5725, 'grad_norm': 3.8805551528930664, 'learning_rate': 5.777872886796491e-07, 'epoch': 0.0}
{'loss': 1.4985, 'grad_norm': 3.7722885608673096, 'learning_rate': 5.799272416006848e-07, 'epoch': 0.0}
{'loss': 1.3349, 'grad_norm': 3.480894088745117, 'learning_rate': 5.820671945217206e-07, 'epoch': 0.0}
{'loss': 1.6571, 'grad_norm': 3.75803279876709, 'learning_rate': 5.842071474427563e-07, 'epoch': 0.0}
{'loss': 1.359, 'grad_norm': 3.6859331130981445, 'learning_rate': 5.86347100363792e-07, 'epoch': 0.0}
{'loss': 1.5485, 'grad_norm': 3.772484302520752, 'learning_rate': 5.884870532848277e-07, 'epoch': 0.0}
{'loss': 1.5488, 'grad_norm': 3.884725332260132, 'learning_rate': 5.906270062058636e-07, 'epoch': 0.0}
{'loss': 1.4311, 'grad_norm': 3.516606330871582, 'learning_rate': 5.927669591268993e-07, 'epoch': 0.0}
{'loss': 1.517, 'grad_norm': 4.177934169769287, 'learning_rate': 5.94906912047935e-07, 'epoch': 0.0}
{'loss': 1.492, 'grad_norm': 4.6261115074157715, 'learning_rate': 5.970468649689707e-07, 'epoch': 0.0}
{'loss': 1.4991, 'grad_norm': 3.432180881500244, 'learning_rate': 5.991868178900065e-07, 'epoch': 0.0}
{'loss': 1.6468, 'grad_norm': 3.7767815589904785, 'learning_rate': 6.013267708110422e-07, 'epoch': 0.0}
{'loss': 1.7534, 'grad_norm': 4.262215614318848, 'learning_rate': 6.034667237320779e-07, 'epoch': 0.0}
{'loss': 1.2453, 'grad_norm': 3.360927104949951, 'learning_rate': 6.056066766531137e-07, 'epoch': 0.0}
{'loss': 0.7494, 'grad_norm': 4.079539775848389, 'learning_rate': 6.077466295741494e-07, 'epoch': 0.0}
{'loss': 1.4027, 'grad_norm': 3.1479249000549316, 'learning_rate': 6.098865824951852e-07, 'epoch': 0.0}
{'loss': 1.5241, 'grad_norm': 3.9390366077423096, 'learning_rate': 6.120265354162209e-07, 'epoch': 0.0}
{'loss': 1.3841, 'grad_norm': 3.3782527446746826, 'learning_rate': 6.141664883372566e-07, 'epoch': 0.0}
{'loss': 1.4169, 'grad_norm': 3.829894781112671, 'learning_rate': 6.163064412582924e-07, 'epoch': 0.0}
{'loss': 1.4, 'grad_norm': 3.9608590602874756, 'learning_rate': 6.184463941793281e-07, 'epoch': 0.0}
{'loss': 1.3209, 'grad_norm': 3.390660524368286, 'learning_rate': 6.205863471003638e-07, 'epoch': 0.0}
{'loss': 1.4115, 'grad_norm': 3.5166847705841064, 'learning_rate': 6.227263000213995e-07, 'epoch': 0.0}
{'loss': 1.4019, 'grad_norm': 3.151090145111084, 'learning_rate': 6.248662529424353e-07, 'epoch': 0.0}
{'loss': 1.3622, 'grad_norm': 3.5098955631256104, 'learning_rate': 6.270062058634709e-07, 'epoch': 0.0}
{'loss': 1.3098, 'grad_norm': 3.250600576400757, 'learning_rate': 6.291461587845069e-07, 'epoch': 0.0}
{'loss': 1.3759, 'grad_norm': 3.6027414798736572, 'learning_rate': 6.312861117055426e-07, 'epoch': 0.0}
{'loss': 1.5969, 'grad_norm': 4.1070075035095215, 'learning_rate': 6.334260646265783e-07, 'epoch': 0.0}
{'loss': 1.4048, 'grad_norm': 3.7082979679107666, 'learning_rate': 6.35566017547614e-07, 'epoch': 0.0}
{'loss': 1.4532, 'grad_norm': 3.657963752746582, 'learning_rate': 6.377059704686498e-07, 'epoch': 0.0}
{'loss': 1.3771, 'grad_norm': 4.005263328552246, 'learning_rate': 6.398459233896855e-07, 'epoch': 0.0}
{'loss': 1.4317, 'grad_norm': 3.5699069499969482, 'learning_rate': 6.419858763107212e-07, 'epoch': 0.0}
{'loss': 1.4215, 'grad_norm': 3.07358717918396, 'learning_rate': 6.441258292317569e-07, 'epoch': 0.0}
{'loss': 1.4143, 'grad_norm': 3.6607964038848877, 'learning_rate': 6.462657821527928e-07, 'epoch': 0.0}
{'loss': 1.3015, 'grad_norm': 3.4428553581237793, 'learning_rate': 6.484057350738285e-07, 'epoch': 0.0}
{'loss': 1.513, 'grad_norm': 3.4203991889953613, 'learning_rate': 6.505456879948642e-07, 'epoch': 0.0}
{'loss': 1.3675, 'grad_norm': 3.1766273975372314, 'learning_rate': 6.526856409158999e-07, 'epoch': 0.0}
{'loss': 1.3663, 'grad_norm': 3.398995876312256, 'learning_rate': 6.548255938369356e-07, 'epoch': 0.0}
{'loss': 1.4018, 'grad_norm': 3.3100993633270264, 'learning_rate': 6.569655467579713e-07, 'epoch': 0.0}
{'loss': 1.2875, 'grad_norm': 3.071942090988159, 'learning_rate': 6.59105499679007e-07, 'epoch': 0.0}
{'loss': 1.5297, 'grad_norm': 3.631591558456421, 'learning_rate': 6.612454526000428e-07, 'epoch': 0.0}
{'loss': 1.4219, 'grad_norm': 3.2610220909118652, 'learning_rate': 6.633854055210785e-07, 'epoch': 0.0}
{'loss': 1.4298, 'grad_norm': 3.6931145191192627, 'learning_rate': 6.655253584421144e-07, 'epoch': 0.0}
{'loss': 1.3679, 'grad_norm': 3.3173744678497314, 'learning_rate': 6.676653113631501e-07, 'epoch': 0.0}
{'loss': 1.3855, 'grad_norm': 3.157503604888916, 'learning_rate': 6.698052642841859e-07, 'epoch': 0.0}
{'loss': 1.6355, 'grad_norm': 3.900345802307129, 'learning_rate': 6.719452172052216e-07, 'epoch': 0.0}
{'loss': 1.559, 'grad_norm': 3.4794578552246094, 'learning_rate': 6.740851701262573e-07, 'epoch': 0.0}
{'loss': 1.4219, 'grad_norm': 3.0127949714660645, 'learning_rate': 6.76225123047293e-07, 'epoch': 0.0}
{'loss': 1.4835, 'grad_norm': 3.7602996826171875, 'learning_rate': 6.783650759683287e-07, 'epoch': 0.0}
{'loss': 1.33, 'grad_norm': 3.150102376937866, 'learning_rate': 6.805050288893644e-07, 'epoch': 0.0}
{'loss': 1.2474, 'grad_norm': 3.0449180603027344, 'learning_rate': 6.826449818104003e-07, 'epoch': 0.0}
{'loss': 1.3262, 'grad_norm': 3.1578710079193115, 'learning_rate': 6.84784934731436e-07, 'epoch': 0.0}
{'loss': 1.2394, 'grad_norm': 3.1542959213256836, 'learning_rate': 6.869248876524717e-07, 'epoch': 0.0}
{'loss': 1.4378, 'grad_norm': 4.156046390533447, 'learning_rate': 6.890648405735074e-07, 'epoch': 0.0}
{'loss': 1.3156, 'grad_norm': 3.145738363265991, 'learning_rate': 6.912047934945432e-07, 'epoch': 0.0}
{'loss': 1.4278, 'grad_norm': 3.5974552631378174, 'learning_rate': 6.933447464155789e-07, 'epoch': 0.0}
{'loss': 1.333, 'grad_norm': 3.489967107772827, 'learning_rate': 6.954846993366146e-07, 'epoch': 0.0}
{'loss': 1.2936, 'grad_norm': 3.387195348739624, 'learning_rate': 6.976246522576503e-07, 'epoch': 0.0}
{'loss': 1.2676, 'grad_norm': 3.1547088623046875, 'learning_rate': 6.997646051786861e-07, 'epoch': 0.0}
{'loss': 1.5185, 'grad_norm': 3.8201005458831787, 'learning_rate': 7.01904558099722e-07, 'epoch': 0.0}
{'loss': 1.3577, 'grad_norm': 4.026179790496826, 'learning_rate': 7.040445110207577e-07, 'epoch': 0.0}
{'loss': 1.6597, 'grad_norm': 3.395322799682617, 'learning_rate': 7.061844639417934e-07, 'epoch': 0.0}
{'loss': 1.3476, 'grad_norm': 3.694631814956665, 'learning_rate': 7.083244168628291e-07, 'epoch': 0.0}
{'loss': 1.3557, 'grad_norm': 3.1966800689697266, 'learning_rate': 7.104643697838648e-07, 'epoch': 0.0}
{'loss': 1.4323, 'grad_norm': 3.313122272491455, 'learning_rate': 7.126043227049005e-07, 'epoch': 0.0}
{'loss': 1.4471, 'grad_norm': 3.8501358032226562, 'learning_rate': 7.147442756259363e-07, 'epoch': 0.0}
{'loss': 1.2384, 'grad_norm': 3.357375144958496, 'learning_rate': 7.168842285469721e-07, 'epoch': 0.0}
{'loss': 1.5226, 'grad_norm': 4.009932041168213, 'learning_rate': 7.190241814680078e-07, 'epoch': 0.0}
{'loss': 1.5619, 'grad_norm': 4.0143046379089355, 'learning_rate': 7.211641343890435e-07, 'epoch': 0.0}
{'loss': 1.4641, 'grad_norm': 3.524592876434326, 'learning_rate': 7.233040873100793e-07, 'epoch': 0.0}
{'loss': 1.5109, 'grad_norm': 3.304236650466919, 'learning_rate': 7.25444040231115e-07, 'epoch': 0.0}
{'loss': 1.384, 'grad_norm': 3.6333537101745605, 'learning_rate': 7.275839931521507e-07, 'epoch': 0.0}
{'loss': 1.3946, 'grad_norm': 3.0848515033721924, 'learning_rate': 7.297239460731864e-07, 'epoch': 0.0}
{'loss': 1.2044, 'grad_norm': 3.7561826705932617, 'learning_rate': 7.318638989942221e-07, 'epoch': 0.0}
{'loss': 1.3019, 'grad_norm': 5.316904067993164, 'learning_rate': 7.340038519152578e-07, 'epoch': 0.0}
{'loss': 1.4204, 'grad_norm': 5.097555637359619, 'learning_rate': 7.361438048362937e-07, 'epoch': 0.0}
{'loss': 1.3857, 'grad_norm': 3.143842935562134, 'learning_rate': 7.382837577573294e-07, 'epoch': 0.0}
{'loss': 1.2324, 'grad_norm': 3.4571571350097656, 'learning_rate': 7.404237106783651e-07, 'epoch': 0.0}
{'loss': 1.3447, 'grad_norm': 3.642658233642578, 'learning_rate': 7.425636635994009e-07, 'epoch': 0.0}
{'loss': 1.4263, 'grad_norm': 5.5782952308654785, 'learning_rate': 7.447036165204366e-07, 'epoch': 0.0}
{'loss': 1.4681, 'grad_norm': 3.1612393856048584, 'learning_rate': 7.468435694414724e-07, 'epoch': 0.0}
{'loss': 1.3878, 'grad_norm': 3.791922092437744, 'learning_rate': 7.489835223625081e-07, 'epoch': 0.0}
{'loss': 1.4881, 'grad_norm': 4.242476940155029, 'learning_rate': 7.511234752835438e-07, 'epoch': 0.0}
{'loss': 1.3922, 'grad_norm': 3.198028802871704, 'learning_rate': 7.532634282045796e-07, 'epoch': 0.0}
{'loss': 1.4038, 'grad_norm': 3.0341405868530273, 'learning_rate': 7.554033811256154e-07, 'epoch': 0.0}
{'loss': 1.2939, 'grad_norm': 3.111234426498413, 'learning_rate': 7.575433340466511e-07, 'epoch': 0.0}
{'loss': 1.2904, 'grad_norm': 3.426638603210449, 'learning_rate': 7.596832869676868e-07, 'epoch': 0.0}
{'loss': 1.3618, 'grad_norm': 4.1287689208984375, 'learning_rate': 7.618232398887225e-07, 'epoch': 0.0}
{'loss': 1.6351, 'grad_norm': 3.3643810749053955, 'learning_rate': 7.639631928097582e-07, 'epoch': 0.0}
{'loss': 0.6736, 'grad_norm': 3.358945369720459, 'learning_rate': 7.661031457307939e-07, 'epoch': 0.0}
{'loss': 1.5642, 'grad_norm': 3.9251580238342285, 'learning_rate': 7.682430986518296e-07, 'epoch': 0.0}
{'loss': 1.8301, 'grad_norm': 4.021780967712402, 'learning_rate': 7.703830515728655e-07, 'epoch': 0.0}
{'loss': 1.3641, 'grad_norm': 3.435507297515869, 'learning_rate': 7.725230044939012e-07, 'epoch': 0.0}
{'loss': 1.4197, 'grad_norm': 3.4104487895965576, 'learning_rate': 7.746629574149369e-07, 'epoch': 0.0}
{'loss': 1.2377, 'grad_norm': 3.8148128986358643, 'learning_rate': 7.768029103359726e-07, 'epoch': 0.0}
{'loss': 1.7362, 'grad_norm': 4.1626200675964355, 'learning_rate': 7.789428632570085e-07, 'epoch': 0.0}
{'loss': 1.4482, 'grad_norm': 3.4582290649414062, 'learning_rate': 7.810828161780442e-07, 'epoch': 0.0}
{'loss': 1.4468, 'grad_norm': 3.8518922328948975, 'learning_rate': 7.832227690990799e-07, 'epoch': 0.0}
{'loss': 1.2607, 'grad_norm': 3.361997365951538, 'learning_rate': 7.853627220201156e-07, 'epoch': 0.0}
{'loss': 1.1979, 'grad_norm': 3.2368364334106445, 'learning_rate': 7.875026749411513e-07, 'epoch': 0.0}
{'loss': 1.3776, 'grad_norm': 3.135068655014038, 'learning_rate': 7.896426278621872e-07, 'epoch': 0.0}
{'loss': 1.2559, 'grad_norm': 3.3893661499023438, 'learning_rate': 7.917825807832229e-07, 'epoch': 0.0}
{'loss': 1.1982, 'grad_norm': 3.2704739570617676, 'learning_rate': 7.939225337042586e-07, 'epoch': 0.0}
{'loss': 1.5133, 'grad_norm': 3.8005318641662598, 'learning_rate': 7.960624866252943e-07, 'epoch': 0.0}
{'loss': 1.2774, 'grad_norm': 3.0943355560302734, 'learning_rate': 7.9820243954633e-07, 'epoch': 0.0}
{'loss': 1.2631, 'grad_norm': 3.50768780708313, 'learning_rate': 8.003423924673657e-07, 'epoch': 0.0}
{'loss': 1.1117, 'grad_norm': 3.0283925533294678, 'learning_rate': 8.024823453884015e-07, 'epoch': 0.0}
{'loss': 1.3004, 'grad_norm': 3.7861616611480713, 'learning_rate': 8.046222983094372e-07, 'epoch': 0.0}
{'loss': 1.3091, 'grad_norm': 3.084451675415039, 'learning_rate': 8.06762251230473e-07, 'epoch': 0.0}
{'loss': 0.6725, 'grad_norm': 2.5879931449890137, 'learning_rate': 8.089022041515087e-07, 'epoch': 0.0}
{'loss': 1.2476, 'grad_norm': 3.2311818599700928, 'learning_rate': 8.110421570725445e-07, 'epoch': 0.0}
{'loss': 1.6586, 'grad_norm': 4.12258768081665, 'learning_rate': 8.131821099935802e-07, 'epoch': 0.0}
{'loss': 1.2664, 'grad_norm': 2.999317169189453, 'learning_rate': 8.153220629146159e-07, 'epoch': 0.0}
{'loss': 1.4548, 'grad_norm': 3.3502566814422607, 'learning_rate': 8.174620158356516e-07, 'epoch': 0.0}
{'loss': 1.3133, 'grad_norm': 3.630629539489746, 'learning_rate': 8.196019687566874e-07, 'epoch': 0.0}
{'loss': 1.422, 'grad_norm': 3.4642558097839355, 'learning_rate': 8.217419216777231e-07, 'epoch': 0.0}
{'loss': 1.5014, 'grad_norm': 3.7500498294830322, 'learning_rate': 8.23881874598759e-07, 'epoch': 0.0}
{'loss': 1.3881, 'grad_norm': 3.4393293857574463, 'learning_rate': 8.260218275197947e-07, 'epoch': 0.0}
{'loss': 1.4998, 'grad_norm': 3.6108286380767822, 'learning_rate': 8.281617804408304e-07, 'epoch': 0.0}
{'loss': 1.26, 'grad_norm': 3.9158151149749756, 'learning_rate': 8.303017333618661e-07, 'epoch': 0.0}
{'loss': 1.3618, 'grad_norm': 3.3854730129241943, 'learning_rate': 8.324416862829018e-07, 'epoch': 0.0}
{'loss': 1.4259, 'grad_norm': 3.321617364883423, 'learning_rate': 8.345816392039376e-07, 'epoch': 0.0}
{'loss': 1.4737, 'grad_norm': 3.814143657684326, 'learning_rate': 8.367215921249733e-07, 'epoch': 0.0}
{'loss': 1.2181, 'grad_norm': 4.026885509490967, 'learning_rate': 8.38861545046009e-07, 'epoch': 0.0}
{'loss': 1.6374, 'grad_norm': 4.05447244644165, 'learning_rate': 8.410014979670448e-07, 'epoch': 0.0}
{'loss': 1.3148, 'grad_norm': 3.117218494415283, 'learning_rate': 8.431414508880806e-07, 'epoch': 0.0}
{'loss': 1.2704, 'grad_norm': 3.2359297275543213, 'learning_rate': 8.452814038091163e-07, 'epoch': 0.0}
{'loss': 1.3106, 'grad_norm': 3.0773050785064697, 'learning_rate': 8.47421356730152e-07, 'epoch': 0.0}
{'loss': 1.1927, 'grad_norm': 3.292362928390503, 'learning_rate': 8.495613096511877e-07, 'epoch': 0.0}
{'loss': 1.4319, 'grad_norm': 3.5904102325439453, 'learning_rate': 8.517012625722234e-07, 'epoch': 0.0}
{'loss': 1.4134, 'grad_norm': 4.246260166168213, 'learning_rate': 8.538412154932591e-07, 'epoch': 0.0}
{'loss': 1.2172, 'grad_norm': 3.1065902709960938, 'learning_rate': 8.55981168414295e-07, 'epoch': 0.0}
{'loss': 1.5605, 'grad_norm': 3.6546661853790283, 'learning_rate': 8.581211213353307e-07, 'epoch': 0.0}
{'loss': 1.2001, 'grad_norm': 3.1258790493011475, 'learning_rate': 8.602610742563665e-07, 'epoch': 0.0}
{'loss': 1.3062, 'grad_norm': 3.413872241973877, 'learning_rate': 8.624010271774022e-07, 'epoch': 0.0}
{'loss': 1.2884, 'grad_norm': 3.2019927501678467, 'learning_rate': 8.645409800984379e-07, 'epoch': 0.0}
{'loss': 1.4563, 'grad_norm': 3.5129568576812744, 'learning_rate': 8.666809330194737e-07, 'epoch': 0.0}
{'loss': 1.2789, 'grad_norm': 4.126518249511719, 'learning_rate': 8.688208859405094e-07, 'epoch': 0.0}
{'loss': 1.2721, 'grad_norm': 3.0291380882263184, 'learning_rate': 8.709608388615451e-07, 'epoch': 0.0}
{'loss': 1.3528, 'grad_norm': 3.6356847286224365, 'learning_rate': 8.731007917825808e-07, 'epoch': 0.0}
{'loss': 0.666, 'grad_norm': 4.1295485496521, 'learning_rate': 8.752407447036165e-07, 'epoch': 0.0}
{'loss': 1.2962, 'grad_norm': 3.2977120876312256, 'learning_rate': 8.773806976246524e-07, 'epoch': 0.0}
{'loss': 1.1561, 'grad_norm': 3.2153773307800293, 'learning_rate': 8.795206505456881e-07, 'epoch': 0.0}
{'loss': 1.2364, 'grad_norm': 3.7552483081817627, 'learning_rate': 8.816606034667238e-07, 'epoch': 0.0}
{'loss': 1.3582, 'grad_norm': 3.347374677658081, 'learning_rate': 8.838005563877595e-07, 'epoch': 0.0}
{'loss': 1.49, 'grad_norm': 3.6816296577453613, 'learning_rate': 8.859405093087952e-07, 'epoch': 0.0}
{'loss': 1.4256, 'grad_norm': 4.362553119659424, 'learning_rate': 8.88080462229831e-07, 'epoch': 0.0}
{'loss': 1.3158, 'grad_norm': 3.4345450401306152, 'learning_rate': 8.902204151508667e-07, 'epoch': 0.0}
{'loss': 1.4336, 'grad_norm': 3.9763240814208984, 'learning_rate': 8.923603680719024e-07, 'epoch': 0.0}
{'loss': 1.2235, 'grad_norm': 3.7869317531585693, 'learning_rate': 8.945003209929383e-07, 'epoch': 0.0}
{'loss': 1.2462, 'grad_norm': 3.69256591796875, 'learning_rate': 8.966402739139741e-07, 'epoch': 0.0}
{'loss': 1.4038, 'grad_norm': 3.933894157409668, 'learning_rate': 8.987802268350098e-07, 'epoch': 0.0}
{'loss': 1.1882, 'grad_norm': 3.337312936782837, 'learning_rate': 9.009201797560455e-07, 'epoch': 0.0}
{'loss': 1.3147, 'grad_norm': 3.5798630714416504, 'learning_rate': 9.030601326770812e-07, 'epoch': 0.0}
{'loss': 1.2243, 'grad_norm': 2.768792152404785, 'learning_rate': 9.052000855981169e-07, 'epoch': 0.0}
{'loss': 1.2596, 'grad_norm': 3.5669851303100586, 'learning_rate': 9.073400385191526e-07, 'epoch': 0.0}
{'loss': 1.2988, 'grad_norm': 3.2384092807769775, 'learning_rate': 9.094799914401883e-07, 'epoch': 0.0}
{'loss': 1.426, 'grad_norm': 3.7919180393218994, 'learning_rate': 9.116199443612242e-07, 'epoch': 0.0}
{'loss': 1.3298, 'grad_norm': 3.573761224746704, 'learning_rate': 9.137598972822599e-07, 'epoch': 0.0}
{'loss': 1.4225, 'grad_norm': 3.5738749504089355, 'learning_rate': 9.158998502032956e-07, 'epoch': 0.0}
{'loss': 1.2895, 'grad_norm': 3.5888428688049316, 'learning_rate': 9.180398031243313e-07, 'epoch': 0.0}
{'loss': 1.3008, 'grad_norm': 3.8272080421447754, 'learning_rate': 9.201797560453671e-07, 'epoch': 0.0}
{'loss': 1.3713, 'grad_norm': 3.7076361179351807, 'learning_rate': 9.223197089664028e-07, 'epoch': 0.0}
{'loss': 1.3054, 'grad_norm': 3.3285770416259766, 'learning_rate': 9.244596618874385e-07, 'epoch': 0.0}
{'loss': 1.4557, 'grad_norm': 3.542043685913086, 'learning_rate': 9.265996148084742e-07, 'epoch': 0.0}
{'loss': 0.6443, 'grad_norm': 2.4152979850769043, 'learning_rate': 9.287395677295099e-07, 'epoch': 0.0}
{'loss': 1.2926, 'grad_norm': 3.3711037635803223, 'learning_rate': 9.308795206505459e-07, 'epoch': 0.0}
{'loss': 1.4045, 'grad_norm': 4.444278240203857, 'learning_rate': 9.330194735715816e-07, 'epoch': 0.0}
{'loss': 1.5248, 'grad_norm': 4.3512749671936035, 'learning_rate': 9.351594264926173e-07, 'epoch': 0.0}
{'loss': 1.3223, 'grad_norm': 3.260138511657715, 'learning_rate': 9.37299379413653e-07, 'epoch': 0.0}
{'loss': 1.2844, 'grad_norm': 3.4866738319396973, 'learning_rate': 9.394393323346887e-07, 'epoch': 0.0}
{'loss': 1.3539, 'grad_norm': 3.1280975341796875, 'learning_rate': 9.415792852557244e-07, 'epoch': 0.0}
{'loss': 1.2791, 'grad_norm': 2.9587090015411377, 'learning_rate': 9.437192381767602e-07, 'epoch': 0.0}
{'loss': 1.261, 'grad_norm': 3.3520705699920654, 'learning_rate': 9.458591910977959e-07, 'epoch': 0.0}
{'loss': 1.2635, 'grad_norm': 3.6572089195251465, 'learning_rate': 9.479991440188317e-07, 'epoch': 0.0}
{'loss': 1.2293, 'grad_norm': 3.144794225692749, 'learning_rate': 9.501390969398674e-07, 'epoch': 0.0}
{'loss': 1.3369, 'grad_norm': 3.4609572887420654, 'learning_rate': 9.522790498609032e-07, 'epoch': 0.0}
{'loss': 1.2369, 'grad_norm': 3.6738569736480713, 'learning_rate': 9.54419002781939e-07, 'epoch': 0.0}
{'loss': 1.3182, 'grad_norm': 3.0651352405548096, 'learning_rate': 9.565589557029746e-07, 'epoch': 0.0}
{'loss': 1.321, 'grad_norm': 3.061894416809082, 'learning_rate': 9.586989086240103e-07, 'epoch': 0.0}
{'loss': 1.3436, 'grad_norm': 3.3754072189331055, 'learning_rate': 9.60838861545046e-07, 'epoch': 0.0}
{'loss': 1.4871, 'grad_norm': 3.9040188789367676, 'learning_rate': 9.629788144660817e-07, 'epoch': 0.0}
{'loss': 1.5724, 'grad_norm': 3.760697603225708, 'learning_rate': 9.651187673871176e-07, 'epoch': 0.0}
{'loss': 1.3143, 'grad_norm': 3.379610300064087, 'learning_rate': 9.672587203081533e-07, 'epoch': 0.0}
{'loss': 1.182, 'grad_norm': 3.7894976139068604, 'learning_rate': 9.69398673229189e-07, 'epoch': 0.0}
{'loss': 1.374, 'grad_norm': 3.7871928215026855, 'learning_rate': 9.715386261502248e-07, 'epoch': 0.0}
{'loss': 1.3732, 'grad_norm': 3.700655698776245, 'learning_rate': 9.736785790712605e-07, 'epoch': 0.0}
{'loss': 1.4852, 'grad_norm': 4.56840705871582, 'learning_rate': 9.758185319922962e-07, 'epoch': 0.0}
{'loss': 1.2484, 'grad_norm': 4.011477947235107, 'learning_rate': 9.779584849133319e-07, 'epoch': 0.0}
{'loss': 1.2705, 'grad_norm': 3.470120429992676, 'learning_rate': 9.800984378343676e-07, 'epoch': 0.0}
{'loss': 1.4106, 'grad_norm': 4.941679000854492, 'learning_rate': 9.822383907554035e-07, 'epoch': 0.0}
{'loss': 1.273, 'grad_norm': 3.8692703247070312, 'learning_rate': 9.843783436764392e-07, 'epoch': 0.0}
{'loss': 1.4155, 'grad_norm': 3.686643362045288, 'learning_rate': 9.865182965974749e-07, 'epoch': 0.0}
{'loss': 0.7334, 'grad_norm': 2.545452833175659, 'learning_rate': 9.886582495185106e-07, 'epoch': 0.0}
{'loss': 1.2348, 'grad_norm': 3.4139621257781982, 'learning_rate': 9.907982024395465e-07, 'epoch': 0.0}
{'loss': 1.37, 'grad_norm': 3.3616654872894287, 'learning_rate': 9.929381553605822e-07, 'epoch': 0.0}
{'loss': 1.2396, 'grad_norm': 3.398756742477417, 'learning_rate': 9.95078108281618e-07, 'epoch': 0.0}
{'loss': 1.526, 'grad_norm': 3.755619525909424, 'learning_rate': 9.972180612026536e-07, 'epoch': 0.0}
{'loss': 1.2153, 'grad_norm': 4.078575134277344, 'learning_rate': 9.993580141236893e-07, 'epoch': 0.0}
{'loss': 1.2133, 'grad_norm': 2.9783213138580322, 'learning_rate': 1.0014979670447252e-06, 'epoch': 0.0}
{'loss': 1.4906, 'grad_norm': 3.6744799613952637, 'learning_rate': 1.003637919965761e-06, 'epoch': 0.0}
{'loss': 1.1492, 'grad_norm': 2.9117817878723145, 'learning_rate': 1.0057778728867967e-06, 'epoch': 0.0}
{'loss': 1.2951, 'grad_norm': 3.608353614807129, 'learning_rate': 1.0079178258078324e-06, 'epoch': 0.0}
{'loss': 1.2767, 'grad_norm': 3.91693377494812, 'learning_rate': 1.010057778728868e-06, 'epoch': 0.0}
{'loss': 1.4699, 'grad_norm': 3.5300540924072266, 'learning_rate': 1.0121977316499038e-06, 'epoch': 0.0}
{'loss': 1.467, 'grad_norm': 4.312860488891602, 'learning_rate': 1.0143376845709395e-06, 'epoch': 0.0}
{'loss': 1.3801, 'grad_norm': 3.6208670139312744, 'learning_rate': 1.0164776374919752e-06, 'epoch': 0.0}
{'loss': 1.1295, 'grad_norm': 3.444613218307495, 'learning_rate': 1.018617590413011e-06, 'epoch': 0.0}
{'loss': 1.1793, 'grad_norm': 3.3854899406433105, 'learning_rate': 1.0207575433340468e-06, 'epoch': 0.0}
{'loss': 1.2431, 'grad_norm': 3.1157917976379395, 'learning_rate': 1.0228974962550825e-06, 'epoch': 0.0}
{'loss': 1.3586, 'grad_norm': 3.650223731994629, 'learning_rate': 1.0250374491761182e-06, 'epoch': 0.0}
{'loss': 1.2923, 'grad_norm': 3.453277587890625, 'learning_rate': 1.027177402097154e-06, 'epoch': 0.0}
{'loss': 1.3492, 'grad_norm': 4.543421268463135, 'learning_rate': 1.0293173550181896e-06, 'epoch': 0.0}
{'loss': 1.1028, 'grad_norm': 3.0964488983154297, 'learning_rate': 1.0314573079392253e-06, 'epoch': 0.0}
{'loss': 1.4418, 'grad_norm': 4.262028217315674, 'learning_rate': 1.033597260860261e-06, 'epoch': 0.0}
{'loss': 1.3466, 'grad_norm': 3.768211603164673, 'learning_rate': 1.035737213781297e-06, 'epoch': 0.0}
{'loss': 1.3005, 'grad_norm': 3.179443359375, 'learning_rate': 1.0378771667023326e-06, 'epoch': 0.0}
{'loss': 1.3027, 'grad_norm': 3.226699113845825, 'learning_rate': 1.0400171196233683e-06, 'epoch': 0.0}
{'loss': 0.7028, 'grad_norm': 3.066141366958618, 'learning_rate': 1.042157072544404e-06, 'epoch': 0.0}
{'loss': 1.2817, 'grad_norm': 4.091815948486328, 'learning_rate': 1.0442970254654397e-06, 'epoch': 0.0}
{'loss': 1.3147, 'grad_norm': 3.8702845573425293, 'learning_rate': 1.0464369783864757e-06, 'epoch': 0.0}
{'loss': 1.2925, 'grad_norm': 3.574665069580078, 'learning_rate': 1.0485769313075114e-06, 'epoch': 0.0}
{'loss': 1.4275, 'grad_norm': 3.2988226413726807, 'learning_rate': 1.050716884228547e-06, 'epoch': 0.0}
{'loss': 1.2989, 'grad_norm': 3.282017469406128, 'learning_rate': 1.0528568371495828e-06, 'epoch': 0.0}
{'loss': 1.2801, 'grad_norm': 3.5257890224456787, 'learning_rate': 1.0549967900706187e-06, 'epoch': 0.0}
{'loss': 1.405, 'grad_norm': 3.832038164138794, 'learning_rate': 1.0571367429916544e-06, 'epoch': 0.0}
{'loss': 1.3763, 'grad_norm': 3.9215424060821533, 'learning_rate': 1.05927669591269e-06, 'epoch': 0.0}
{'loss': 1.363, 'grad_norm': 3.190824270248413, 'learning_rate': 1.0614166488337258e-06, 'epoch': 0.0}
{'loss': 1.3908, 'grad_norm': 3.436342239379883, 'learning_rate': 1.0635566017547615e-06, 'epoch': 0.0}
{'loss': 1.4711, 'grad_norm': 3.832470417022705, 'learning_rate': 1.0656965546757972e-06, 'epoch': 0.0}
{'loss': 1.2322, 'grad_norm': 3.5420515537261963, 'learning_rate': 1.067836507596833e-06, 'epoch': 0.0}
{'loss': 1.2486, 'grad_norm': 2.882594585418701, 'learning_rate': 1.0699764605178686e-06, 'epoch': 0.0}
{'loss': 1.1473, 'grad_norm': 2.90509033203125, 'learning_rate': 1.0721164134389045e-06, 'epoch': 0.0}
{'loss': 1.1586, 'grad_norm': 3.9794058799743652, 'learning_rate': 1.0742563663599402e-06, 'epoch': 0.0}
{'loss': 1.3811, 'grad_norm': 3.5713462829589844, 'learning_rate': 1.076396319280976e-06, 'epoch': 0.0}
{'loss': 1.414, 'grad_norm': 3.428720474243164, 'learning_rate': 1.0785362722020116e-06, 'epoch': 0.0}
{'loss': 1.3455, 'grad_norm': 3.4720845222473145, 'learning_rate': 1.0806762251230473e-06, 'epoch': 0.0}
{'loss': 1.2592, 'grad_norm': 3.753424644470215, 'learning_rate': 1.082816178044083e-06, 'epoch': 0.0}
{'loss': 1.1604, 'grad_norm': 3.2711293697357178, 'learning_rate': 1.0849561309651187e-06, 'epoch': 0.0}
{'loss': 1.3871, 'grad_norm': 3.813204526901245, 'learning_rate': 1.0870960838861545e-06, 'epoch': 0.0}
{'loss': 1.3739, 'grad_norm': 3.377032518386841, 'learning_rate': 1.0892360368071904e-06, 'epoch': 0.0}
{'loss': 1.1637, 'grad_norm': 3.3294780254364014, 'learning_rate': 1.091375989728226e-06, 'epoch': 0.0}
{'loss': 1.4725, 'grad_norm': 3.697037935256958, 'learning_rate': 1.0935159426492618e-06, 'epoch': 0.0}
{'loss': 1.1305, 'grad_norm': 3.7592334747314453, 'learning_rate': 1.0956558955702975e-06, 'epoch': 0.0}
{'loss': 1.1238, 'grad_norm': 3.558882474899292, 'learning_rate': 1.0977958484913332e-06, 'epoch': 0.0}
{'loss': 1.3442, 'grad_norm': 3.580359697341919, 'learning_rate': 1.099935801412369e-06, 'epoch': 0.0}
{'loss': 1.2566, 'grad_norm': 3.801527976989746, 'learning_rate': 1.1020757543334048e-06, 'epoch': 0.0}
{'loss': 1.1139, 'grad_norm': 3.454496145248413, 'learning_rate': 1.1042157072544405e-06, 'epoch': 0.0}
{'loss': 1.3244, 'grad_norm': 3.695988655090332, 'learning_rate': 1.1063556601754762e-06, 'epoch': 0.0}
{'loss': 1.2333, 'grad_norm': 4.0082597732543945, 'learning_rate': 1.108495613096512e-06, 'epoch': 0.0}
{'loss': 1.3909, 'grad_norm': 3.8471617698669434, 'learning_rate': 1.1106355660175478e-06, 'epoch': 0.0}
{'loss': 1.3395, 'grad_norm': 3.7573611736297607, 'learning_rate': 1.1127755189385835e-06, 'epoch': 0.0}
{'loss': 1.0824, 'grad_norm': 3.5172386169433594, 'learning_rate': 1.1149154718596192e-06, 'epoch': 0.0}
{'loss': 1.3746, 'grad_norm': 3.6885573863983154, 'learning_rate': 1.117055424780655e-06, 'epoch': 0.0}
{'loss': 1.2373, 'grad_norm': 3.3886377811431885, 'learning_rate': 1.1191953777016906e-06, 'epoch': 0.0}
{'loss': 1.2427, 'grad_norm': 3.0149123668670654, 'learning_rate': 1.1213353306227263e-06, 'epoch': 0.0}
{'loss': 1.3242, 'grad_norm': 3.7520196437835693, 'learning_rate': 1.123475283543762e-06, 'epoch': 0.0}
{'loss': 1.1434, 'grad_norm': 3.140716791152954, 'learning_rate': 1.125615236464798e-06, 'epoch': 0.0}
{'loss': 1.3537, 'grad_norm': 3.1957926750183105, 'learning_rate': 1.1277551893858337e-06, 'epoch': 0.0}
{'loss': 1.2418, 'grad_norm': 3.1270523071289062, 'learning_rate': 1.1298951423068694e-06, 'epoch': 0.0}
{'loss': 1.3124, 'grad_norm': 3.8408548831939697, 'learning_rate': 1.132035095227905e-06, 'epoch': 0.0}
{'loss': 1.1853, 'grad_norm': 3.354429244995117, 'learning_rate': 1.1341750481489408e-06, 'epoch': 0.0}
{'loss': 1.4784, 'grad_norm': 4.020793914794922, 'learning_rate': 1.1363150010699765e-06, 'epoch': 0.0}
{'loss': 1.2813, 'grad_norm': 3.6514475345611572, 'learning_rate': 1.1384549539910122e-06, 'epoch': 0.0}
{'loss': 1.3124, 'grad_norm': 4.121399879455566, 'learning_rate': 1.140594906912048e-06, 'epoch': 0.0}
{'loss': 1.5028, 'grad_norm': 4.022828102111816, 'learning_rate': 1.1427348598330838e-06, 'epoch': 0.0}
{'loss': 1.101, 'grad_norm': 3.0749356746673584, 'learning_rate': 1.1448748127541195e-06, 'epoch': 0.0}
{'loss': 1.3919, 'grad_norm': 3.4923131465911865, 'learning_rate': 1.1470147656751552e-06, 'epoch': 0.0}
{'loss': 1.3518, 'grad_norm': 3.6570963859558105, 'learning_rate': 1.149154718596191e-06, 'epoch': 0.0}
{'loss': 1.2964, 'grad_norm': 3.432755470275879, 'learning_rate': 1.1512946715172266e-06, 'epoch': 0.0}
{'loss': 1.2565, 'grad_norm': 3.846255302429199, 'learning_rate': 1.1534346244382623e-06, 'epoch': 0.0}
{'loss': 1.1558, 'grad_norm': 3.1695945262908936, 'learning_rate': 1.1555745773592982e-06, 'epoch': 0.0}
{'loss': 1.3615, 'grad_norm': 3.8860301971435547, 'learning_rate': 1.157714530280334e-06, 'epoch': 0.0}
{'loss': 1.2601, 'grad_norm': 3.3532779216766357, 'learning_rate': 1.1598544832013697e-06, 'epoch': 0.0}
{'loss': 1.2115, 'grad_norm': 3.300157308578491, 'learning_rate': 1.1619944361224054e-06, 'epoch': 0.0}
{'loss': 1.3158, 'grad_norm': 3.919961452484131, 'learning_rate': 1.1641343890434413e-06, 'epoch': 0.0}
{'loss': 1.2235, 'grad_norm': 3.5023515224456787, 'learning_rate': 1.166274341964477e-06, 'epoch': 0.0}
{'loss': 1.176, 'grad_norm': 3.5369110107421875, 'learning_rate': 1.1684142948855127e-06, 'epoch': 0.0}
{'loss': 0.736, 'grad_norm': 3.2286598682403564, 'learning_rate': 1.1705542478065484e-06, 'epoch': 0.0}
{'loss': 1.2117, 'grad_norm': 3.5609488487243652, 'learning_rate': 1.172694200727584e-06, 'epoch': 0.0}
{'loss': 1.5673, 'grad_norm': 3.921860933303833, 'learning_rate': 1.1748341536486198e-06, 'epoch': 0.0}
{'loss': 1.3088, 'grad_norm': 3.7267487049102783, 'learning_rate': 1.1769741065696555e-06, 'epoch': 0.0}
{'loss': 1.3571, 'grad_norm': 3.816767930984497, 'learning_rate': 1.1791140594906914e-06, 'epoch': 0.0}
{'loss': 1.1433, 'grad_norm': 3.237466812133789, 'learning_rate': 1.1812540124117271e-06, 'epoch': 0.0}
{'loss': 1.4608, 'grad_norm': 4.198932647705078, 'learning_rate': 1.1833939653327628e-06, 'epoch': 0.0}
{'loss': 1.2319, 'grad_norm': 3.1094539165496826, 'learning_rate': 1.1855339182537985e-06, 'epoch': 0.0}
{'loss': 0.6049, 'grad_norm': 2.699681282043457, 'learning_rate': 1.1876738711748342e-06, 'epoch': 0.0}
{'loss': 1.1344, 'grad_norm': 3.328864812850952, 'learning_rate': 1.18981382409587e-06, 'epoch': 0.0}
{'loss': 1.2705, 'grad_norm': 3.535071849822998, 'learning_rate': 1.1919537770169056e-06, 'epoch': 0.0}
{'loss': 1.1682, 'grad_norm': 3.442783832550049, 'learning_rate': 1.1940937299379413e-06, 'epoch': 0.0}
{'loss': 1.3418, 'grad_norm': 3.2715229988098145, 'learning_rate': 1.1962336828589773e-06, 'epoch': 0.0}
{'loss': 1.4675, 'grad_norm': 3.7457127571105957, 'learning_rate': 1.198373635780013e-06, 'epoch': 0.0}
{'loss': 1.2094, 'grad_norm': 3.1971075534820557, 'learning_rate': 1.2005135887010487e-06, 'epoch': 0.0}
{'loss': 1.1248, 'grad_norm': 4.717380523681641, 'learning_rate': 1.2026535416220844e-06, 'epoch': 0.0}
{'loss': 1.4595, 'grad_norm': 3.420990228652954, 'learning_rate': 1.20479349454312e-06, 'epoch': 0.0}
{'loss': 1.373, 'grad_norm': 3.507328510284424, 'learning_rate': 1.2069334474641558e-06, 'epoch': 0.0}
{'loss': 1.2288, 'grad_norm': 3.535550594329834, 'learning_rate': 1.2090734003851917e-06, 'epoch': 0.0}
{'loss': 1.1684, 'grad_norm': 3.3512701988220215, 'learning_rate': 1.2112133533062274e-06, 'epoch': 0.0}
{'loss': 1.3576, 'grad_norm': 3.4844272136688232, 'learning_rate': 1.213353306227263e-06, 'epoch': 0.0}
{'loss': 1.3222, 'grad_norm': 3.6585304737091064, 'learning_rate': 1.2154932591482988e-06, 'epoch': 0.0}
{'loss': 1.3955, 'grad_norm': 3.3150088787078857, 'learning_rate': 1.2176332120693345e-06, 'epoch': 0.0}
{'loss': 0.7284, 'grad_norm': 2.7566964626312256, 'learning_rate': 1.2197731649903704e-06, 'epoch': 0.0}
{'loss': 1.2239, 'grad_norm': 3.8046345710754395, 'learning_rate': 1.2219131179114061e-06, 'epoch': 0.0}
{'loss': 1.2129, 'grad_norm': 2.845703125, 'learning_rate': 1.2240530708324418e-06, 'epoch': 0.0}
{'loss': 1.2657, 'grad_norm': 3.3226048946380615, 'learning_rate': 1.2261930237534775e-06, 'epoch': 0.0}
{'loss': 1.2953, 'grad_norm': 3.3791000843048096, 'learning_rate': 1.2283329766745132e-06, 'epoch': 0.0}
{'loss': 1.165, 'grad_norm': 5.68793249130249, 'learning_rate': 1.2304729295955491e-06, 'epoch': 0.0}
{'loss': 1.1331, 'grad_norm': 3.37953519821167, 'learning_rate': 1.2326128825165849e-06, 'epoch': 0.0}
{'loss': 1.1839, 'grad_norm': 3.346184730529785, 'learning_rate': 1.2347528354376206e-06, 'epoch': 0.0}
{'loss': 1.1462, 'grad_norm': 3.391813039779663, 'learning_rate': 1.2368927883586563e-06, 'epoch': 0.0}
{'loss': 0.732, 'grad_norm': 2.6874616146087646, 'learning_rate': 1.239032741279692e-06, 'epoch': 0.0}
{'loss': 1.3503, 'grad_norm': 3.3274292945861816, 'learning_rate': 1.2411726942007277e-06, 'epoch': 0.0}
{'loss': 1.1863, 'grad_norm': 3.405682325363159, 'learning_rate': 1.2433126471217634e-06, 'epoch': 0.0}
{'loss': 1.3217, 'grad_norm': 3.1778154373168945, 'learning_rate': 1.245452600042799e-06, 'epoch': 0.0}
{'loss': 1.3352, 'grad_norm': 3.415783643722534, 'learning_rate': 1.2475925529638348e-06, 'epoch': 0.0}
{'loss': 1.2301, 'grad_norm': 3.3183882236480713, 'learning_rate': 1.2497325058848707e-06, 'epoch': 0.0}
{'loss': 1.4784, 'grad_norm': 4.366678237915039, 'learning_rate': 1.2518724588059064e-06, 'epoch': 0.0}
{'loss': 1.4036, 'grad_norm': 3.592712640762329, 'learning_rate': 1.2540124117269419e-06, 'epoch': 0.0}
{'loss': 1.2628, 'grad_norm': 3.167222738265991, 'learning_rate': 1.2561523646479778e-06, 'epoch': 0.0}
{'loss': 0.7269, 'grad_norm': 2.4196066856384277, 'learning_rate': 1.2582923175690137e-06, 'epoch': 0.0}
{'loss': 1.2299, 'grad_norm': 3.036106586456299, 'learning_rate': 1.2604322704900492e-06, 'epoch': 0.0}
{'loss': 1.3623, 'grad_norm': 4.222999572753906, 'learning_rate': 1.2625722234110851e-06, 'epoch': 0.0}
{'loss': 1.5217, 'grad_norm': 4.26493501663208, 'learning_rate': 1.2647121763321208e-06, 'epoch': 0.0}
{'loss': 1.2016, 'grad_norm': 3.564595937728882, 'learning_rate': 1.2668521292531565e-06, 'epoch': 0.0}
{'loss': 1.3511, 'grad_norm': 3.498899221420288, 'learning_rate': 1.2689920821741922e-06, 'epoch': 0.0}
{'loss': 1.2862, 'grad_norm': 3.6452841758728027, 'learning_rate': 1.271132035095228e-06, 'epoch': 0.0}
{'loss': 1.2676, 'grad_norm': 4.429035186767578, 'learning_rate': 1.2732719880162636e-06, 'epoch': 0.0}
{'loss': 1.1557, 'grad_norm': 3.2783260345458984, 'learning_rate': 1.2754119409372996e-06, 'epoch': 0.0}
{'loss': 1.285, 'grad_norm': 3.4489238262176514, 'learning_rate': 1.2775518938583353e-06, 'epoch': 0.0}
{'loss': 1.2192, 'grad_norm': 3.189147472381592, 'learning_rate': 1.279691846779371e-06, 'epoch': 0.0}
{'loss': 1.3293, 'grad_norm': 3.4982802867889404, 'learning_rate': 1.2818317997004067e-06, 'epoch': 0.0}
{'loss': 1.3275, 'grad_norm': 3.696237325668335, 'learning_rate': 1.2839717526214424e-06, 'epoch': 0.0}
{'loss': 1.0478, 'grad_norm': 2.73427152633667, 'learning_rate': 1.2861117055424783e-06, 'epoch': 0.0}
[09:58:03.637927] Error: Error reading OpenGVLab/stage2/OpenMMLab___Kinetics-400/raw/Kinetics-400/videos_train/Lp7JPtfU3MQ.mp4...
[09:58:03.637990] Failed to read video file: OpenGVLab/stage2/OpenMMLab___Kinetics-400/raw/Kinetics-400/videos_train/Lp7JPtfU3MQ.mp4
[09:58:03.638009] [Try #0] Failed to fetch sample 3755781. Exception: Error reading OpenGVLab/stage2/OpenMMLab___Kinetics-400/raw/Kinetics-400/videos_train/Lp7JPtfU3MQ.mp4...
[09:58:04.639397] Error: Error reading OpenGVLab/stage2/OpenMMLab___Kinetics-400/raw/Kinetics-400/videos_train/Lp7JPtfU3MQ.mp4...
[09:58:04.639452] Failed to read video file: OpenGVLab/stage2/OpenMMLab___Kinetics-400/raw/Kinetics-400/videos_train/Lp7JPtfU3MQ.mp4
[09:58:04.639470] [Try #1] Failed to fetch sample 3755781. Exception: Error reading OpenGVLab/stage2/OpenMMLab___Kinetics-400/raw/Kinetics-400/videos_train/Lp7JPtfU3MQ.mp4...
{'loss': 1.271, 'grad_norm': 3.6644845008850098, 'learning_rate': 1.2882516584635138e-06, 'epoch': 0.0}
{'loss': 1.392, 'grad_norm': 3.3464558124542236, 'learning_rate': 1.2903916113845497e-06, 'epoch': 0.0}
{'loss': 1.2533, 'grad_norm': 3.4717986583709717, 'learning_rate': 1.2925315643055856e-06, 'epoch': 0.0}
{'loss': 1.249, 'grad_norm': 3.8511319160461426, 'learning_rate': 1.2946715172266211e-06, 'epoch': 0.0}
{'loss': 1.2541, 'grad_norm': 4.543648719787598, 'learning_rate': 1.296811470147657e-06, 'epoch': 0.0}
{'loss': 1.54, 'grad_norm': 3.8670501708984375, 'learning_rate': 1.2989514230686925e-06, 'epoch': 0.0}
{'loss': 1.5657, 'grad_norm': 4.277163028717041, 'learning_rate': 1.3010913759897284e-06, 'epoch': 0.0}
{'loss': 1.1766, 'grad_norm': 3.246346950531006, 'learning_rate': 1.303231328910764e-06, 'epoch': 0.0}
{'loss': 1.35, 'grad_norm': 3.1949782371520996, 'learning_rate': 1.3053712818317998e-06, 'epoch': 0.0}
{'loss': 1.2522, 'grad_norm': 3.0521206855773926, 'learning_rate': 1.3075112347528353e-06, 'epoch': 0.0}
{'loss': 1.1087, 'grad_norm': 3.0602805614471436, 'learning_rate': 1.3096511876738712e-06, 'epoch': 0.0}
{'loss': 1.0685, 'grad_norm': 3.2159621715545654, 'learning_rate': 1.3117911405949072e-06, 'epoch': 0.0}
{'loss': 1.2597, 'grad_norm': 3.404825210571289, 'learning_rate': 1.3139310935159427e-06, 'epoch': 0.0}
{'loss': 1.203, 'grad_norm': 3.4629693031311035, 'learning_rate': 1.3160710464369786e-06, 'epoch': 0.0}
{'loss': 1.431, 'grad_norm': 4.395918369293213, 'learning_rate': 1.318210999358014e-06, 'epoch': 0.0}
{'loss': 1.2329, 'grad_norm': 3.428987979888916, 'learning_rate': 1.32035095227905e-06, 'epoch': 0.0}
{'loss': 1.2901, 'grad_norm': 3.65849232673645, 'learning_rate': 1.3224909052000857e-06, 'epoch': 0.0}
{'loss': 1.2093, 'grad_norm': 3.26313853263855, 'learning_rate': 1.3246308581211214e-06, 'epoch': 0.0}
{'loss': 1.1393, 'grad_norm': 3.225689649581909, 'learning_rate': 1.326770811042157e-06, 'epoch': 0.0}
{'loss': 1.3463, 'grad_norm': 2.9611611366271973, 'learning_rate': 1.328910763963193e-06, 'epoch': 0.0}
{'loss': 1.3937, 'grad_norm': 4.631539821624756, 'learning_rate': 1.3310507168842287e-06, 'epoch': 0.0}
{'loss': 1.4472, 'grad_norm': 4.834239959716797, 'learning_rate': 1.3331906698052644e-06, 'epoch': 0.0}
{'loss': 1.258, 'grad_norm': 3.3042447566986084, 'learning_rate': 1.3353306227263001e-06, 'epoch': 0.0}
{'loss': 1.4096, 'grad_norm': 4.113677501678467, 'learning_rate': 1.3374705756473358e-06, 'epoch': 0.0}
{'loss': 1.1125, 'grad_norm': 3.006929636001587, 'learning_rate': 1.3396105285683717e-06, 'epoch': 0.0}
{'loss': 1.2885, 'grad_norm': 3.849984884262085, 'learning_rate': 1.3417504814894072e-06, 'epoch': 0.0}
{'loss': 1.3502, 'grad_norm': 3.423689603805542, 'learning_rate': 1.3438904344104431e-06, 'epoch': 0.0}
{'loss': 1.1036, 'grad_norm': 4.189922332763672, 'learning_rate': 1.3460303873314788e-06, 'epoch': 0.0}
{'loss': 1.1608, 'grad_norm': 3.490140914916992, 'learning_rate': 1.3481703402525145e-06, 'epoch': 0.0}
{'loss': 1.3772, 'grad_norm': 4.321352481842041, 'learning_rate': 1.3503102931735505e-06, 'epoch': 0.0}
{'loss': 1.4636, 'grad_norm': 3.313748598098755, 'learning_rate': 1.352450246094586e-06, 'epoch': 0.0}
{'loss': 1.1638, 'grad_norm': 2.9884493350982666, 'learning_rate': 1.3545901990156219e-06, 'epoch': 0.0}
{'loss': 1.3009, 'grad_norm': 3.127575635910034, 'learning_rate': 1.3567301519366574e-06, 'epoch': 0.0}
{'loss': 1.4042, 'grad_norm': 3.3323352336883545, 'learning_rate': 1.3588701048576933e-06, 'epoch': 0.0}
{'loss': 1.2082, 'grad_norm': 3.1816964149475098, 'learning_rate': 1.3610100577787288e-06, 'epoch': 0.0}
{'loss': 1.1162, 'grad_norm': 3.555713653564453, 'learning_rate': 1.3631500106997647e-06, 'epoch': 0.0}
{'loss': 1.2305, 'grad_norm': 3.347656488418579, 'learning_rate': 1.3652899636208006e-06, 'epoch': 0.0}
{'loss': 1.3423, 'grad_norm': 4.206884860992432, 'learning_rate': 1.367429916541836e-06, 'epoch': 0.0}
{'loss': 1.2536, 'grad_norm': 4.228921890258789, 'learning_rate': 1.369569869462872e-06, 'epoch': 0.0}
{'loss': 1.1292, 'grad_norm': 3.2536745071411133, 'learning_rate': 1.3717098223839075e-06, 'epoch': 0.0}
{'loss': 1.0799, 'grad_norm': 3.219666004180908, 'learning_rate': 1.3738497753049434e-06, 'epoch': 0.0}
{'loss': 1.2256, 'grad_norm': 3.261835813522339, 'learning_rate': 1.3759897282259791e-06, 'epoch': 0.0}
{'loss': 1.2827, 'grad_norm': 4.430470943450928, 'learning_rate': 1.3781296811470148e-06, 'epoch': 0.0}
{'loss': 1.3806, 'grad_norm': 3.7277274131774902, 'learning_rate': 1.3802696340680505e-06, 'epoch': 0.0}
{'loss': 1.3591, 'grad_norm': 3.5578956604003906, 'learning_rate': 1.3824095869890864e-06, 'epoch': 0.0}
{'loss': 1.163, 'grad_norm': 3.299484968185425, 'learning_rate': 1.3845495399101221e-06, 'epoch': 0.0}
{'loss': 1.264, 'grad_norm': 3.212494373321533, 'learning_rate': 1.3866894928311579e-06, 'epoch': 0.0}
{'loss': 1.5474, 'grad_norm': 4.031223297119141, 'learning_rate': 1.3888294457521936e-06, 'epoch': 0.0}
{'loss': 1.3847, 'grad_norm': 4.6345534324646, 'learning_rate': 1.3909693986732293e-06, 'epoch': 0.0}
{'loss': 1.2699, 'grad_norm': 3.1419453620910645, 'learning_rate': 1.3931093515942652e-06, 'epoch': 0.0}
{'loss': 1.396, 'grad_norm': 3.1182920932769775, 'learning_rate': 1.3952493045153007e-06, 'epoch': 0.0}
{'loss': 1.2888, 'grad_norm': 3.342700719833374, 'learning_rate': 1.3973892574363366e-06, 'epoch': 0.0}
{'loss': 1.2251, 'grad_norm': 3.704143762588501, 'learning_rate': 1.3995292103573723e-06, 'epoch': 0.0}
{'loss': 1.4023, 'grad_norm': 3.755202293395996, 'learning_rate': 1.401669163278408e-06, 'epoch': 0.0}
{'loss': 1.1697, 'grad_norm': 3.2141807079315186, 'learning_rate': 1.403809116199444e-06, 'epoch': 0.0}
{'loss': 1.3299, 'grad_norm': 3.3199615478515625, 'learning_rate': 1.4059490691204794e-06, 'epoch': 0.0}
{'loss': 1.2003, 'grad_norm': 3.331451654434204, 'learning_rate': 1.4080890220415153e-06, 'epoch': 0.0}
{'loss': 1.2676, 'grad_norm': 3.376786231994629, 'learning_rate': 1.4102289749625508e-06, 'epoch': 0.0}
{'loss': 1.0596, 'grad_norm': 2.8961074352264404, 'learning_rate': 1.4123689278835867e-06, 'epoch': 0.0}
{'loss': 1.106, 'grad_norm': 3.232773780822754, 'learning_rate': 1.4145088808046222e-06, 'epoch': 0.0}
{'loss': 1.2959, 'grad_norm': 3.4375574588775635, 'learning_rate': 1.4166488337256581e-06, 'epoch': 0.0}
{'loss': 1.245, 'grad_norm': 3.3060882091522217, 'learning_rate': 1.418788786646694e-06, 'epoch': 0.0}
{'loss': 1.1883, 'grad_norm': 3.355005979537964, 'learning_rate': 1.4209287395677295e-06, 'epoch': 0.0}
{'loss': 1.0637, 'grad_norm': 2.952174663543701, 'learning_rate': 1.4230686924887655e-06, 'epoch': 0.0}
{'loss': 1.0909, 'grad_norm': 4.103125095367432, 'learning_rate': 1.425208645409801e-06, 'epoch': 0.0}
{'loss': 1.3116, 'grad_norm': 3.6742703914642334, 'learning_rate': 1.4273485983308369e-06, 'epoch': 0.0}
{'loss': 1.3021, 'grad_norm': 3.3808650970458984, 'learning_rate': 1.4294885512518726e-06, 'epoch': 0.0}
{'loss': 1.098, 'grad_norm': 3.1722593307495117, 'learning_rate': 1.4316285041729083e-06, 'epoch': 0.0}
{'loss': 1.2208, 'grad_norm': 3.2165207862854004, 'learning_rate': 1.4337684570939442e-06, 'epoch': 0.0}
{'loss': 1.297, 'grad_norm': 3.937314510345459, 'learning_rate': 1.4359084100149797e-06, 'epoch': 0.0}
{'loss': 1.3707, 'grad_norm': 3.989015817642212, 'learning_rate': 1.4380483629360156e-06, 'epoch': 0.0}
{'loss': 1.2274, 'grad_norm': 3.436525583267212, 'learning_rate': 1.4401883158570513e-06, 'epoch': 0.0}
{'loss': 1.3102, 'grad_norm': 3.4380757808685303, 'learning_rate': 1.442328268778087e-06, 'epoch': 0.0}
{'loss': 1.2372, 'grad_norm': 3.1963131427764893, 'learning_rate': 1.4444682216991227e-06, 'epoch': 0.0}
{'loss': 1.265, 'grad_norm': 2.9447755813598633, 'learning_rate': 1.4466081746201586e-06, 'epoch': 0.0}
{'loss': 1.352, 'grad_norm': 3.309380531311035, 'learning_rate': 1.4487481275411941e-06, 'epoch': 0.0}
{'loss': 1.3742, 'grad_norm': 4.466769218444824, 'learning_rate': 1.45088808046223e-06, 'epoch': 0.0}
{'loss': 1.2375, 'grad_norm': 3.590906858444214, 'learning_rate': 1.4530280333832657e-06, 'epoch': 0.0}
{'loss': 1.4335, 'grad_norm': 3.3018369674682617, 'learning_rate': 1.4551679863043014e-06, 'epoch': 0.0}
{'loss': 1.1895, 'grad_norm': 3.53861141204834, 'learning_rate': 1.4573079392253373e-06, 'epoch': 0.0}
{'loss': 1.1535, 'grad_norm': 3.4035656452178955, 'learning_rate': 1.4594478921463728e-06, 'epoch': 0.0}
{'loss': 1.1638, 'grad_norm': 3.3464925289154053, 'learning_rate': 1.4615878450674088e-06, 'epoch': 0.0}
{'loss': 1.3548, 'grad_norm': 3.6128907203674316, 'learning_rate': 1.4637277979884442e-06, 'epoch': 0.0}
{'loss': 1.3485, 'grad_norm': 4.573549270629883, 'learning_rate': 1.4658677509094802e-06, 'epoch': 0.0}
{'loss': 1.2218, 'grad_norm': 3.043853998184204, 'learning_rate': 1.4680077038305157e-06, 'epoch': 0.0}
{'loss': 1.4475, 'grad_norm': 3.9803032875061035, 'learning_rate': 1.4701476567515516e-06, 'epoch': 0.0}
{'loss': 1.2414, 'grad_norm': 3.594852924346924, 'learning_rate': 1.4722876096725875e-06, 'epoch': 0.0}
{'loss': 1.4819, 'grad_norm': 3.969722270965576, 'learning_rate': 1.474427562593623e-06, 'epoch': 0.0}
{'loss': 1.0727, 'grad_norm': 2.7167415618896484, 'learning_rate': 1.4765675155146589e-06, 'epoch': 0.0}
{'loss': 1.2751, 'grad_norm': 3.5675203800201416, 'learning_rate': 1.4787074684356944e-06, 'epoch': 0.0}
{'loss': 1.0805, 'grad_norm': 3.1934683322906494, 'learning_rate': 1.4808474213567303e-06, 'epoch': 0.0}
{'loss': 0.68, 'grad_norm': 2.118379592895508, 'learning_rate': 1.482987374277766e-06, 'epoch': 0.0}
{'loss': 1.1766, 'grad_norm': 3.403761625289917, 'learning_rate': 1.4851273271988017e-06, 'epoch': 0.0}
{'loss': 1.2332, 'grad_norm': 3.7437188625335693, 'learning_rate': 1.4872672801198376e-06, 'epoch': 0.0}
{'loss': 1.1312, 'grad_norm': 3.1232283115386963, 'learning_rate': 1.4894072330408731e-06, 'epoch': 0.0}
{'loss': 1.1435, 'grad_norm': 3.29494309425354, 'learning_rate': 1.491547185961909e-06, 'epoch': 0.0}
{'loss': 1.2565, 'grad_norm': 4.902517795562744, 'learning_rate': 1.4936871388829447e-06, 'epoch': 0.0}
{'loss': 1.1772, 'grad_norm': 3.52897310256958, 'learning_rate': 1.4958270918039804e-06, 'epoch': 0.0}
{'loss': 1.1693, 'grad_norm': 3.110722064971924, 'learning_rate': 1.4979670447250161e-06, 'epoch': 0.0}
{'loss': 1.5082, 'grad_norm': 4.1395344734191895, 'learning_rate': 1.5001069976460518e-06, 'epoch': 0.0}
{'loss': 1.3417, 'grad_norm': 3.048299551010132, 'learning_rate': 1.5022469505670875e-06, 'epoch': 0.0}
{'loss': 1.2687, 'grad_norm': 2.9956889152526855, 'learning_rate': 1.5043869034881235e-06, 'epoch': 0.0}
{'loss': 1.2994, 'grad_norm': 4.490490436553955, 'learning_rate': 1.5065268564091592e-06, 'epoch': 0.0}
{'loss': 1.2245, 'grad_norm': 2.9938857555389404, 'learning_rate': 1.5086668093301949e-06, 'epoch': 0.0}
{'loss': 1.577, 'grad_norm': 4.406824588775635, 'learning_rate': 1.5108067622512308e-06, 'epoch': 0.0}
{'loss': 1.1321, 'grad_norm': 3.241323232650757, 'learning_rate': 1.5129467151722663e-06, 'epoch': 0.0}
{'loss': 1.3201, 'grad_norm': 3.6850600242614746, 'learning_rate': 1.5150866680933022e-06, 'epoch': 0.0}
{'loss': 1.3737, 'grad_norm': 3.293555498123169, 'learning_rate': 1.5172266210143377e-06, 'epoch': 0.0}
{'loss': 1.1761, 'grad_norm': 3.4446353912353516, 'learning_rate': 1.5193665739353736e-06, 'epoch': 0.0}
{'loss': 1.2195, 'grad_norm': 3.0807676315307617, 'learning_rate': 1.521506526856409e-06, 'epoch': 0.0}
{'loss': 1.3099, 'grad_norm': 3.4432590007781982, 'learning_rate': 1.523646479777445e-06, 'epoch': 0.0}
{'loss': 1.1838, 'grad_norm': 3.507934093475342, 'learning_rate': 1.525786432698481e-06, 'epoch': 0.0}
{'loss': 1.182, 'grad_norm': 3.6439781188964844, 'learning_rate': 1.5279263856195164e-06, 'epoch': 0.0}
{'loss': 1.0931, 'grad_norm': 3.3084194660186768, 'learning_rate': 1.5300663385405523e-06, 'epoch': 0.0}
{'loss': 1.1163, 'grad_norm': 3.7444207668304443, 'learning_rate': 1.5322062914615878e-06, 'epoch': 0.0}
{'loss': 1.2363, 'grad_norm': 3.2247886657714844, 'learning_rate': 1.5343462443826237e-06, 'epoch': 0.0}
{'loss': 1.2051, 'grad_norm': 3.1112165451049805, 'learning_rate': 1.5364861973036592e-06, 'epoch': 0.0}
{'loss': 1.1441, 'grad_norm': 3.2560348510742188, 'learning_rate': 1.5386261502246951e-06, 'epoch': 0.0}
{'loss': 1.2743, 'grad_norm': 3.4229938983917236, 'learning_rate': 1.540766103145731e-06, 'epoch': 0.0}
{'loss': 1.2002, 'grad_norm': 3.021674633026123, 'learning_rate': 1.5429060560667666e-06, 'epoch': 0.0}
{'loss': 1.3599, 'grad_norm': 3.3989412784576416, 'learning_rate': 1.5450460089878025e-06, 'epoch': 0.0}
{'loss': 1.2056, 'grad_norm': 3.006230592727661, 'learning_rate': 1.5471859619088382e-06, 'epoch': 0.0}
{'loss': 1.2905, 'grad_norm': 3.011167287826538, 'learning_rate': 1.5493259148298739e-06, 'epoch': 0.0}
{'loss': 1.188, 'grad_norm': 3.36533522605896, 'learning_rate': 1.5514658677509096e-06, 'epoch': 0.0}
{'loss': 1.0893, 'grad_norm': 3.0937724113464355, 'learning_rate': 1.5536058206719453e-06, 'epoch': 0.0}
{'loss': 1.2478, 'grad_norm': 3.7307920455932617, 'learning_rate': 1.555745773592981e-06, 'epoch': 0.0}
{'loss': 1.1998, 'grad_norm': 3.4657721519470215, 'learning_rate': 1.557885726514017e-06, 'epoch': 0.0}
{'loss': 1.3134, 'grad_norm': 3.5228774547576904, 'learning_rate': 1.5600256794350526e-06, 'epoch': 0.0}
{'loss': 1.298, 'grad_norm': 3.327759027481079, 'learning_rate': 1.5621656323560883e-06, 'epoch': 0.0}
{'loss': 1.1216, 'grad_norm': 3.3753342628479004, 'learning_rate': 1.564305585277124e-06, 'epoch': 0.0}
{'loss': 1.1875, 'grad_norm': 3.385512351989746, 'learning_rate': 1.5664455381981597e-06, 'epoch': 0.0}
{'loss': 1.3193, 'grad_norm': 3.7960281372070312, 'learning_rate': 1.5685854911191956e-06, 'epoch': 0.0}
{'loss': 1.2289, 'grad_norm': 3.1298365592956543, 'learning_rate': 1.5707254440402311e-06, 'epoch': 0.0}
{'loss': 1.2684, 'grad_norm': 2.8878560066223145, 'learning_rate': 1.572865396961267e-06, 'epoch': 0.0}
{'loss': 1.3398, 'grad_norm': 3.532702684402466, 'learning_rate': 1.5750053498823025e-06, 'epoch': 0.0}
{'loss': 1.4203, 'grad_norm': 3.6067347526550293, 'learning_rate': 1.5771453028033385e-06, 'epoch': 0.0}
{'loss': 1.2226, 'grad_norm': 3.7103757858276367, 'learning_rate': 1.5792852557243744e-06, 'epoch': 0.0}
{'loss': 1.2036, 'grad_norm': 3.2351863384246826, 'learning_rate': 1.5814252086454099e-06, 'epoch': 0.0}
{'loss': 1.1913, 'grad_norm': 3.6074836254119873, 'learning_rate': 1.5835651615664458e-06, 'epoch': 0.0}
{'loss': 1.1842, 'grad_norm': 3.5555152893066406, 'learning_rate': 1.5857051144874813e-06, 'epoch': 0.0}
{'loss': 0.9828, 'grad_norm': 2.8422486782073975, 'learning_rate': 1.5878450674085172e-06, 'epoch': 0.0}
{'loss': 1.2477, 'grad_norm': 3.102170467376709, 'learning_rate': 1.5899850203295527e-06, 'epoch': 0.0}
{'loss': 1.2713, 'grad_norm': 3.1473734378814697, 'learning_rate': 1.5921249732505886e-06, 'epoch': 0.0}
{'loss': 1.306, 'grad_norm': 3.409029960632324, 'learning_rate': 1.5942649261716245e-06, 'epoch': 0.0}
{'loss': 1.1381, 'grad_norm': 3.19673752784729, 'learning_rate': 1.59640487909266e-06, 'epoch': 0.0}
{'loss': 1.4387, 'grad_norm': 4.793222427368164, 'learning_rate': 1.598544832013696e-06, 'epoch': 0.0}
{'loss': 1.3734, 'grad_norm': 3.869323253631592, 'learning_rate': 1.6006847849347314e-06, 'epoch': 0.0}
{'loss': 1.5484, 'grad_norm': 4.399550437927246, 'learning_rate': 1.6028247378557673e-06, 'epoch': 0.0}
{'loss': 1.3405, 'grad_norm': 3.630537271499634, 'learning_rate': 1.604964690776803e-06, 'epoch': 0.0}
{'loss': 1.2587, 'grad_norm': 3.4328134059906006, 'learning_rate': 1.6071046436978387e-06, 'epoch': 0.0}
{'loss': 1.4342, 'grad_norm': 3.856520652770996, 'learning_rate': 1.6092445966188744e-06, 'epoch': 0.0}
{'loss': 1.2253, 'grad_norm': 3.4275014400482178, 'learning_rate': 1.6113845495399103e-06, 'epoch': 0.0}
{'loss': 1.3858, 'grad_norm': 3.8024868965148926, 'learning_rate': 1.613524502460946e-06, 'epoch': 0.0}
{'loss': 1.292, 'grad_norm': 4.166499614715576, 'learning_rate': 1.6156644553819818e-06, 'epoch': 0.0}
{'loss': 1.1661, 'grad_norm': 3.329646587371826, 'learning_rate': 1.6178044083030175e-06, 'epoch': 0.0}
{'loss': 1.346, 'grad_norm': 3.375380277633667, 'learning_rate': 1.6199443612240532e-06, 'epoch': 0.0}
{'loss': 1.0743, 'grad_norm': 3.5784387588500977, 'learning_rate': 1.622084314145089e-06, 'epoch': 0.0}
{'loss': 1.0168, 'grad_norm': 3.246432304382324, 'learning_rate': 1.6242242670661246e-06, 'epoch': 0.0}
{'loss': 1.1408, 'grad_norm': 3.312859058380127, 'learning_rate': 1.6263642199871605e-06, 'epoch': 0.0}
{'loss': 1.1238, 'grad_norm': 3.2225890159606934, 'learning_rate': 1.6285041729081962e-06, 'epoch': 0.0}
{'loss': 1.1169, 'grad_norm': 3.500699281692505, 'learning_rate': 1.6306441258292319e-06, 'epoch': 0.0}
{'loss': 1.104, 'grad_norm': 3.4726147651672363, 'learning_rate': 1.6327840787502678e-06, 'epoch': 0.0}
{'loss': 1.3647, 'grad_norm': 3.311648368835449, 'learning_rate': 1.6349240316713033e-06, 'epoch': 0.0}
{'loss': 1.2022, 'grad_norm': 3.1250336170196533, 'learning_rate': 1.6370639845923392e-06, 'epoch': 0.0}
{'loss': 1.2053, 'grad_norm': 3.533165693283081, 'learning_rate': 1.6392039375133747e-06, 'epoch': 0.0}
{'loss': 1.3068, 'grad_norm': 3.741743803024292, 'learning_rate': 1.6413438904344106e-06, 'epoch': 0.0}
{'loss': 1.1586, 'grad_norm': 3.547051429748535, 'learning_rate': 1.6434838433554461e-06, 'epoch': 0.0}
{'loss': 1.4221, 'grad_norm': 4.098902225494385, 'learning_rate': 1.645623796276482e-06, 'epoch': 0.0}
{'loss': 1.116, 'grad_norm': 3.16935133934021, 'learning_rate': 1.647763749197518e-06, 'epoch': 0.0}
{'loss': 1.1389, 'grad_norm': 3.658212423324585, 'learning_rate': 1.6499037021185534e-06, 'epoch': 0.0}
{'loss': 1.1589, 'grad_norm': 3.447761058807373, 'learning_rate': 1.6520436550395894e-06, 'epoch': 0.0}
{'loss': 1.3921, 'grad_norm': 3.9116928577423096, 'learning_rate': 1.6541836079606248e-06, 'epoch': 0.0}
{'loss': 0.664, 'grad_norm': 2.382317066192627, 'learning_rate': 1.6563235608816608e-06, 'epoch': 0.0}
{'loss': 1.0836, 'grad_norm': 3.081005573272705, 'learning_rate': 1.6584635138026965e-06, 'epoch': 0.0}
{'loss': 1.1473, 'grad_norm': 3.2901079654693604, 'learning_rate': 1.6606034667237322e-06, 'epoch': 0.0}
{'loss': 1.3978, 'grad_norm': 4.097958087921143, 'learning_rate': 1.6627434196447679e-06, 'epoch': 0.0}
{'loss': 1.3673, 'grad_norm': 3.1334855556488037, 'learning_rate': 1.6648833725658036e-06, 'epoch': 0.0}
{'loss': 1.1721, 'grad_norm': 3.1232314109802246, 'learning_rate': 1.6670233254868395e-06, 'epoch': 0.01}
{'loss': 1.239, 'grad_norm': 3.9127907752990723, 'learning_rate': 1.6691632784078752e-06, 'epoch': 0.01}
{'loss': 1.3292, 'grad_norm': 3.099376678466797, 'learning_rate': 1.671303231328911e-06, 'epoch': 0.01}
{'loss': 1.1769, 'grad_norm': 3.4839086532592773, 'learning_rate': 1.6734431842499466e-06, 'epoch': 0.01}
{'loss': 1.0241, 'grad_norm': 3.2708895206451416, 'learning_rate': 1.6755831371709825e-06, 'epoch': 0.01}
{'loss': 1.2528, 'grad_norm': 3.4460787773132324, 'learning_rate': 1.677723090092018e-06, 'epoch': 0.01}
{'loss': 1.1725, 'grad_norm': 3.0806119441986084, 'learning_rate': 1.679863043013054e-06, 'epoch': 0.01}
{'loss': 1.3799, 'grad_norm': 3.515709400177002, 'learning_rate': 1.6820029959340896e-06, 'epoch': 0.01}
{'loss': 1.2353, 'grad_norm': 3.519871950149536, 'learning_rate': 1.6841429488551253e-06, 'epoch': 0.01}
{'loss': 1.2688, 'grad_norm': 3.621488094329834, 'learning_rate': 1.6862829017761612e-06, 'epoch': 0.01}
{'loss': 1.252, 'grad_norm': 4.009345531463623, 'learning_rate': 1.6884228546971967e-06, 'epoch': 0.01}
{'loss': 1.3185, 'grad_norm': 4.015727996826172, 'learning_rate': 1.6905628076182327e-06, 'epoch': 0.01}
{'loss': 1.0144, 'grad_norm': 3.4541475772857666, 'learning_rate': 1.6927027605392681e-06, 'epoch': 0.01}
{'loss': 1.334, 'grad_norm': 3.989614725112915, 'learning_rate': 1.694842713460304e-06, 'epoch': 0.01}
{'loss': 0.7093, 'grad_norm': 2.405979871749878, 'learning_rate': 1.6969826663813396e-06, 'epoch': 0.01}
{'loss': 1.1251, 'grad_norm': 2.695871353149414, 'learning_rate': 1.6991226193023755e-06, 'epoch': 0.01}
{'loss': 1.0156, 'grad_norm': 3.009606122970581, 'learning_rate': 1.7012625722234114e-06, 'epoch': 0.01}
{'loss': 1.1348, 'grad_norm': 3.580188512802124, 'learning_rate': 1.7034025251444469e-06, 'epoch': 0.01}
{'loss': 1.2822, 'grad_norm': 3.5795018672943115, 'learning_rate': 1.7055424780654828e-06, 'epoch': 0.01}
{'loss': 0.7322, 'grad_norm': 2.4142611026763916, 'learning_rate': 1.7076824309865183e-06, 'epoch': 0.01}
{'loss': 1.1924, 'grad_norm': 3.1874680519104004, 'learning_rate': 1.7098223839075542e-06, 'epoch': 0.01}
{'loss': 1.1516, 'grad_norm': 3.5172131061553955, 'learning_rate': 1.71196233682859e-06, 'epoch': 0.01}
{'loss': 1.2423, 'grad_norm': 3.5973076820373535, 'learning_rate': 1.7141022897496256e-06, 'epoch': 0.01}
{'loss': 1.3199, 'grad_norm': 3.971971035003662, 'learning_rate': 1.7162422426706613e-06, 'epoch': 0.01}
{'loss': 1.1924, 'grad_norm': 3.716625213623047, 'learning_rate': 1.718382195591697e-06, 'epoch': 0.01}
{'loss': 1.2058, 'grad_norm': 3.1029212474823, 'learning_rate': 1.720522148512733e-06, 'epoch': 0.01}
{'loss': 1.3998, 'grad_norm': 3.547551155090332, 'learning_rate': 1.7226621014337686e-06, 'epoch': 0.01}
{'loss': 1.3332, 'grad_norm': 4.111226558685303, 'learning_rate': 1.7248020543548043e-06, 'epoch': 0.01}
{'loss': 1.0246, 'grad_norm': 3.246943473815918, 'learning_rate': 1.72694200727584e-06, 'epoch': 0.01}
{'loss': 1.0882, 'grad_norm': 3.276623010635376, 'learning_rate': 1.7290819601968757e-06, 'epoch': 0.01}
{'loss': 1.0758, 'grad_norm': 3.0657687187194824, 'learning_rate': 1.7312219131179115e-06, 'epoch': 0.01}
{'loss': 1.2148, 'grad_norm': 3.795152425765991, 'learning_rate': 1.7333618660389474e-06, 'epoch': 0.01}
{'loss': 1.4085, 'grad_norm': 5.628773212432861, 'learning_rate': 1.735501818959983e-06, 'epoch': 0.01}
{'loss': 1.2031, 'grad_norm': 3.697681427001953, 'learning_rate': 1.7376417718810188e-06, 'epoch': 0.01}
{'loss': 1.1438, 'grad_norm': 3.0581300258636475, 'learning_rate': 1.7397817248020547e-06, 'epoch': 0.01}
{'loss': 1.1463, 'grad_norm': 3.1734867095947266, 'learning_rate': 1.7419216777230902e-06, 'epoch': 0.01}
{'loss': 1.2717, 'grad_norm': 3.7207119464874268, 'learning_rate': 1.744061630644126e-06, 'epoch': 0.01}
{'loss': 1.0454, 'grad_norm': 2.870523452758789, 'learning_rate': 1.7462015835651616e-06, 'epoch': 0.01}
{'loss': 1.2399, 'grad_norm': 3.325922966003418, 'learning_rate': 1.7483415364861975e-06, 'epoch': 0.01}
{'loss': 1.1201, 'grad_norm': 3.0235633850097656, 'learning_rate': 1.750481489407233e-06, 'epoch': 0.01}
{'loss': 1.1201, 'grad_norm': 3.1208267211914062, 'learning_rate': 1.752621442328269e-06, 'epoch': 0.01}
{'loss': 1.1091, 'grad_norm': 3.1826560497283936, 'learning_rate': 1.7547613952493048e-06, 'epoch': 0.01}
{'loss': 1.2834, 'grad_norm': 3.3063392639160156, 'learning_rate': 1.7569013481703403e-06, 'epoch': 0.01}
{'loss': 1.1532, 'grad_norm': 3.080185651779175, 'learning_rate': 1.7590413010913762e-06, 'epoch': 0.01}
{'loss': 1.1576, 'grad_norm': 3.1277811527252197, 'learning_rate': 1.7611812540124117e-06, 'epoch': 0.01}
{'loss': 1.208, 'grad_norm': 4.4019622802734375, 'learning_rate': 1.7633212069334476e-06, 'epoch': 0.01}
{'loss': 1.1323, 'grad_norm': 3.131856918334961, 'learning_rate': 1.7654611598544833e-06, 'epoch': 0.01}
{'loss': 1.1664, 'grad_norm': 3.5745441913604736, 'learning_rate': 1.767601112775519e-06, 'epoch': 0.01}
{'loss': 1.3831, 'grad_norm': 3.288747549057007, 'learning_rate': 1.7697410656965548e-06, 'epoch': 0.01}
{'loss': 1.2109, 'grad_norm': 3.328857421875, 'learning_rate': 1.7718810186175905e-06, 'epoch': 0.01}
{'loss': 1.2849, 'grad_norm': 3.355990171432495, 'learning_rate': 1.7740209715386264e-06, 'epoch': 0.01}
{'loss': 1.1305, 'grad_norm': 2.963933229446411, 'learning_rate': 1.776160924459662e-06, 'epoch': 0.01}
{'loss': 1.3081, 'grad_norm': 4.3265228271484375, 'learning_rate': 1.7783008773806978e-06, 'epoch': 0.01}
{'loss': 1.0744, 'grad_norm': 2.8146557807922363, 'learning_rate': 1.7804408303017335e-06, 'epoch': 0.01}
{'loss': 1.2194, 'grad_norm': 3.931753635406494, 'learning_rate': 1.7825807832227692e-06, 'epoch': 0.01}
{'loss': 1.1379, 'grad_norm': 3.3093807697296143, 'learning_rate': 1.7847207361438049e-06, 'epoch': 0.01}
{'loss': 1.1804, 'grad_norm': 3.253566265106201, 'learning_rate': 1.7868606890648408e-06, 'epoch': 0.01}
{'loss': 1.3185, 'grad_norm': 3.523963212966919, 'learning_rate': 1.7890006419858765e-06, 'epoch': 0.01}
{'loss': 1.2692, 'grad_norm': 3.318767547607422, 'learning_rate': 1.7911405949069122e-06, 'epoch': 0.01}
{'loss': 1.0384, 'grad_norm': 3.3057241439819336, 'learning_rate': 1.7932805478279481e-06, 'epoch': 0.01}
{'loss': 1.2497, 'grad_norm': 3.382237434387207, 'learning_rate': 1.7954205007489836e-06, 'epoch': 0.01}
{'loss': 1.165, 'grad_norm': 3.391979455947876, 'learning_rate': 1.7975604536700195e-06, 'epoch': 0.01}
{'loss': 1.2058, 'grad_norm': 3.4095067977905273, 'learning_rate': 1.799700406591055e-06, 'epoch': 0.01}
{'loss': 0.9845, 'grad_norm': 3.148759126663208, 'learning_rate': 1.801840359512091e-06, 'epoch': 0.01}
{'loss': 1.2375, 'grad_norm': 3.4453136920928955, 'learning_rate': 1.8039803124331264e-06, 'epoch': 0.01}
{'loss': 1.0549, 'grad_norm': 3.140869617462158, 'learning_rate': 1.8061202653541624e-06, 'epoch': 0.01}
{'loss': 1.4102, 'grad_norm': 4.186030387878418, 'learning_rate': 1.8082602182751983e-06, 'epoch': 0.01}
{'loss': 1.1409, 'grad_norm': 3.970278263092041, 'learning_rate': 1.8104001711962338e-06, 'epoch': 0.01}
{'loss': 1.3684, 'grad_norm': 3.7704668045043945, 'learning_rate': 1.8125401241172697e-06, 'epoch': 0.01}
{'loss': 0.999, 'grad_norm': 3.2672946453094482, 'learning_rate': 1.8146800770383052e-06, 'epoch': 0.01}
{'loss': 1.2801, 'grad_norm': 3.5593020915985107, 'learning_rate': 1.816820029959341e-06, 'epoch': 0.01}
{'loss': 1.4649, 'grad_norm': 3.563042640686035, 'learning_rate': 1.8189599828803766e-06, 'epoch': 0.01}
{'loss': 0.7274, 'grad_norm': 3.994154691696167, 'learning_rate': 1.8210999358014125e-06, 'epoch': 0.01}
{'loss': 1.2432, 'grad_norm': 2.8630635738372803, 'learning_rate': 1.8232398887224484e-06, 'epoch': 0.01}
{'loss': 1.1058, 'grad_norm': 3.437553644180298, 'learning_rate': 1.825379841643484e-06, 'epoch': 0.01}
{'loss': 1.3125, 'grad_norm': 3.6306378841400146, 'learning_rate': 1.8275197945645198e-06, 'epoch': 0.01}
{'loss': 1.0987, 'grad_norm': 3.0341365337371826, 'learning_rate': 1.8296597474855555e-06, 'epoch': 0.01}
{'loss': 1.3473, 'grad_norm': 3.317991256713867, 'learning_rate': 1.8317997004065912e-06, 'epoch': 0.01}
{'loss': 1.3677, 'grad_norm': 3.244891881942749, 'learning_rate': 1.833939653327627e-06, 'epoch': 0.01}
{'loss': 1.3314, 'grad_norm': 3.799286127090454, 'learning_rate': 1.8360796062486626e-06, 'epoch': 0.01}
{'loss': 1.121, 'grad_norm': 3.4538021087646484, 'learning_rate': 1.8382195591696983e-06, 'epoch': 0.01}
{'loss': 1.1623, 'grad_norm': 3.3432366847991943, 'learning_rate': 1.8403595120907342e-06, 'epoch': 0.01}
{'loss': 1.1431, 'grad_norm': 3.343647003173828, 'learning_rate': 1.84249946501177e-06, 'epoch': 0.01}
{'loss': 1.1359, 'grad_norm': 3.4134681224823, 'learning_rate': 1.8446394179328057e-06, 'epoch': 0.01}
{'loss': 1.2042, 'grad_norm': 3.4684243202209473, 'learning_rate': 1.8467793708538414e-06, 'epoch': 0.01}
{'loss': 1.1466, 'grad_norm': 3.0348024368286133, 'learning_rate': 1.848919323774877e-06, 'epoch': 0.01}
{'loss': 1.2736, 'grad_norm': 3.0415616035461426, 'learning_rate': 1.851059276695913e-06, 'epoch': 0.01}
{'loss': 1.0872, 'grad_norm': 3.238595485687256, 'learning_rate': 1.8531992296169485e-06, 'epoch': 0.01}
{'loss': 1.0161, 'grad_norm': 2.8644301891326904, 'learning_rate': 1.8553391825379844e-06, 'epoch': 0.01}
{'loss': 1.261, 'grad_norm': 3.48763108253479, 'learning_rate': 1.8574791354590199e-06, 'epoch': 0.01}
{'loss': 1.162, 'grad_norm': 3.3338258266448975, 'learning_rate': 1.8596190883800558e-06, 'epoch': 0.01}
{'loss': 1.2826, 'grad_norm': 3.1272997856140137, 'learning_rate': 1.8617590413010917e-06, 'epoch': 0.01}
{'loss': 1.267, 'grad_norm': 3.9565136432647705, 'learning_rate': 1.8638989942221272e-06, 'epoch': 0.01}
{'loss': 1.3076, 'grad_norm': 3.8626327514648438, 'learning_rate': 1.8660389471431631e-06, 'epoch': 0.01}
{'loss': 1.1896, 'grad_norm': 3.29130482673645, 'learning_rate': 1.8681789000641986e-06, 'epoch': 0.01}
{'loss': 1.1662, 'grad_norm': 2.8852479457855225, 'learning_rate': 1.8703188529852345e-06, 'epoch': 0.01}
{'loss': 1.4847, 'grad_norm': 3.4634478092193604, 'learning_rate': 1.87245880590627e-06, 'epoch': 0.01}
{'loss': 1.2243, 'grad_norm': 3.6214373111724854, 'learning_rate': 1.874598758827306e-06, 'epoch': 0.01}
{'loss': 1.1591, 'grad_norm': 3.3572421073913574, 'learning_rate': 1.8767387117483418e-06, 'epoch': 0.01}
{'loss': 1.5563, 'grad_norm': 3.449845314025879, 'learning_rate': 1.8788786646693773e-06, 'epoch': 0.01}
{'loss': 1.087, 'grad_norm': 2.907243490219116, 'learning_rate': 1.8810186175904133e-06, 'epoch': 0.01}
{'loss': 1.3365, 'grad_norm': 4.049849510192871, 'learning_rate': 1.8831585705114487e-06, 'epoch': 0.01}
{'loss': 1.1366, 'grad_norm': 3.356396436691284, 'learning_rate': 1.8852985234324847e-06, 'epoch': 0.01}
{'loss': 1.1549, 'grad_norm': 3.53476619720459, 'learning_rate': 1.8874384763535204e-06, 'epoch': 0.01}
{'loss': 0.8865, 'grad_norm': 2.9991888999938965, 'learning_rate': 1.889578429274556e-06, 'epoch': 0.01}
{'loss': 1.4073, 'grad_norm': 3.463615894317627, 'learning_rate': 1.8917183821955918e-06, 'epoch': 0.01}
{'loss': 1.202, 'grad_norm': 3.472703218460083, 'learning_rate': 1.8938583351166277e-06, 'epoch': 0.01}
{'loss': 1.1829, 'grad_norm': 3.3424084186553955, 'learning_rate': 1.8959982880376634e-06, 'epoch': 0.01}
{'loss': 1.0931, 'grad_norm': 3.412814140319824, 'learning_rate': 1.898138240958699e-06, 'epoch': 0.01}
{'loss': 1.4385, 'grad_norm': 4.104723930358887, 'learning_rate': 1.9002781938797348e-06, 'epoch': 0.01}
{'loss': 1.3321, 'grad_norm': 3.4339118003845215, 'learning_rate': 1.9024181468007705e-06, 'epoch': 0.01}
{'loss': 1.2234, 'grad_norm': 3.184749126434326, 'learning_rate': 1.9045580997218064e-06, 'epoch': 0.01}
{'loss': 1.1679, 'grad_norm': 3.6494572162628174, 'learning_rate': 1.906698052642842e-06, 'epoch': 0.01}
{'loss': 1.2155, 'grad_norm': 3.0055253505706787, 'learning_rate': 1.908838005563878e-06, 'epoch': 0.01}
{'loss': 1.1459, 'grad_norm': 3.243886947631836, 'learning_rate': 1.9109779584849135e-06, 'epoch': 0.01}
{'loss': 1.1517, 'grad_norm': 3.125453233718872, 'learning_rate': 1.9131179114059492e-06, 'epoch': 0.01}
{'loss': 0.7614, 'grad_norm': 2.827958345413208, 'learning_rate': 1.915257864326985e-06, 'epoch': 0.01}
{'loss': 1.3963, 'grad_norm': 3.473567247390747, 'learning_rate': 1.9173978172480206e-06, 'epoch': 0.01}
{'loss': 1.3655, 'grad_norm': 3.8257811069488525, 'learning_rate': 1.9195377701690563e-06, 'epoch': 0.01}
{'loss': 1.281, 'grad_norm': 3.5563347339630127, 'learning_rate': 1.921677723090092e-06, 'epoch': 0.01}
{'loss': 1.2071, 'grad_norm': 3.3650429248809814, 'learning_rate': 1.9238176760111278e-06, 'epoch': 0.01}
{'loss': 1.1004, 'grad_norm': 3.3413186073303223, 'learning_rate': 1.9259576289321635e-06, 'epoch': 0.01}
{'loss': 1.1393, 'grad_norm': 3.162334442138672, 'learning_rate': 1.9280975818531996e-06, 'epoch': 0.01}
{'loss': 1.1644, 'grad_norm': 2.9429819583892822, 'learning_rate': 1.9302375347742353e-06, 'epoch': 0.01}
{'loss': 1.0939, 'grad_norm': 3.131321668624878, 'learning_rate': 1.932377487695271e-06, 'epoch': 0.01}
{'loss': 1.3348, 'grad_norm': 3.5044801235198975, 'learning_rate': 1.9345174406163067e-06, 'epoch': 0.01}
{'loss': 1.0993, 'grad_norm': 2.9981460571289062, 'learning_rate': 1.9366573935373424e-06, 'epoch': 0.01}
{'loss': 1.1224, 'grad_norm': 3.1154215335845947, 'learning_rate': 1.938797346458378e-06, 'epoch': 0.01}
{'loss': 1.4677, 'grad_norm': 3.915581703186035, 'learning_rate': 1.940937299379414e-06, 'epoch': 0.01}
{'loss': 1.229, 'grad_norm': 3.3842685222625732, 'learning_rate': 1.9430772523004495e-06, 'epoch': 0.01}
{'loss': 1.2218, 'grad_norm': 3.566284418106079, 'learning_rate': 1.9452172052214852e-06, 'epoch': 0.01}
{'loss': 1.2155, 'grad_norm': 3.292848825454712, 'learning_rate': 1.947357158142521e-06, 'epoch': 0.01}
{'loss': 1.1442, 'grad_norm': 3.3027758598327637, 'learning_rate': 1.949497111063557e-06, 'epoch': 0.01}
{'loss': 1.2901, 'grad_norm': 3.718693971633911, 'learning_rate': 1.9516370639845923e-06, 'epoch': 0.01}
{'loss': 1.1, 'grad_norm': 2.8027780055999756, 'learning_rate': 1.9537770169056285e-06, 'epoch': 0.01}
{'loss': 1.1783, 'grad_norm': 3.601100444793701, 'learning_rate': 1.9559169698266637e-06, 'epoch': 0.01}
{'loss': 1.1415, 'grad_norm': 3.2170474529266357, 'learning_rate': 1.9580569227477e-06, 'epoch': 0.01}
{'loss': 1.178, 'grad_norm': 3.780111074447632, 'learning_rate': 1.960196875668735e-06, 'epoch': 0.01}
{'loss': 0.9904, 'grad_norm': 2.6842041015625, 'learning_rate': 1.9623368285897713e-06, 'epoch': 0.01}
{'loss': 1.3543, 'grad_norm': 4.088853359222412, 'learning_rate': 1.964476781510807e-06, 'epoch': 0.01}
{'loss': 1.0529, 'grad_norm': 2.846693515777588, 'learning_rate': 1.9666167344318427e-06, 'epoch': 0.01}
{'loss': 1.1709, 'grad_norm': 4.791491508483887, 'learning_rate': 1.9687566873528784e-06, 'epoch': 0.01}
{'loss': 1.1495, 'grad_norm': 3.2892842292785645, 'learning_rate': 1.970896640273914e-06, 'epoch': 0.01}
{'loss': 1.1712, 'grad_norm': 2.809377908706665, 'learning_rate': 1.9730365931949498e-06, 'epoch': 0.01}
{'loss': 1.139, 'grad_norm': 3.407348394393921, 'learning_rate': 1.9751765461159855e-06, 'epoch': 0.01}
{'loss': 1.2563, 'grad_norm': 3.2490556240081787, 'learning_rate': 1.977316499037021e-06, 'epoch': 0.01}
{'loss': 1.524, 'grad_norm': 4.085585594177246, 'learning_rate': 1.979456451958057e-06, 'epoch': 0.01}
{'loss': 1.1445, 'grad_norm': 3.100985050201416, 'learning_rate': 1.981596404879093e-06, 'epoch': 0.01}
{'loss': 1.0623, 'grad_norm': 3.4938552379608154, 'learning_rate': 1.9837363578001287e-06, 'epoch': 0.01}
{'loss': 1.2962, 'grad_norm': 3.517426013946533, 'learning_rate': 1.9858763107211644e-06, 'epoch': 0.01}
{'loss': 1.0322, 'grad_norm': 3.1035971641540527, 'learning_rate': 1.9880162636422e-06, 'epoch': 0.01}
{'loss': 1.2304, 'grad_norm': 3.7752580642700195, 'learning_rate': 1.990156216563236e-06, 'epoch': 0.01}
{'loss': 1.1915, 'grad_norm': 3.671682357788086, 'learning_rate': 1.9922961694842715e-06, 'epoch': 0.01}
{'loss': 1.2014, 'grad_norm': 3.718696355819702, 'learning_rate': 1.9944361224053072e-06, 'epoch': 0.01}
{'loss': 1.2781, 'grad_norm': 3.967329740524292, 'learning_rate': 1.996576075326343e-06, 'epoch': 0.01}
{'loss': 1.0699, 'grad_norm': 3.3060107231140137, 'learning_rate': 1.9987160282473787e-06, 'epoch': 0.01}
{'loss': 1.041, 'grad_norm': 2.9405694007873535, 'learning_rate': 2.0008559811684144e-06, 'epoch': 0.01}
{'loss': 1.2758, 'grad_norm': 3.529022693634033, 'learning_rate': 2.0029959340894505e-06, 'epoch': 0.01}
{'loss': 1.2193, 'grad_norm': 3.0527024269104004, 'learning_rate': 2.0051358870104858e-06, 'epoch': 0.01}
{'loss': 1.0881, 'grad_norm': 2.903937816619873, 'learning_rate': 2.007275839931522e-06, 'epoch': 0.01}
{'loss': 1.2122, 'grad_norm': 3.5081748962402344, 'learning_rate': 2.009415792852557e-06, 'epoch': 0.01}
{'loss': 1.1743, 'grad_norm': 3.883620023727417, 'learning_rate': 2.0115557457735933e-06, 'epoch': 0.01}
{'loss': 1.3141, 'grad_norm': 3.1883749961853027, 'learning_rate': 2.0136956986946286e-06, 'epoch': 0.01}
{'loss': 1.2632, 'grad_norm': 3.531710624694824, 'learning_rate': 2.0158356516156647e-06, 'epoch': 0.01}
{'loss': 1.4361, 'grad_norm': 5.11491584777832, 'learning_rate': 2.0179756045367004e-06, 'epoch': 0.01}
{'loss': 1.2015, 'grad_norm': 3.4063162803649902, 'learning_rate': 2.020115557457736e-06, 'epoch': 0.01}
{'loss': 1.6205, 'grad_norm': 4.326930046081543, 'learning_rate': 2.022255510378772e-06, 'epoch': 0.01}
{'loss': 1.1339, 'grad_norm': 3.5267910957336426, 'learning_rate': 2.0243954632998075e-06, 'epoch': 0.01}
{'loss': 1.1913, 'grad_norm': 3.9362106323242188, 'learning_rate': 2.0265354162208432e-06, 'epoch': 0.01}
{'loss': 1.2557, 'grad_norm': 3.9944794178009033, 'learning_rate': 2.028675369141879e-06, 'epoch': 0.01}
{'loss': 1.0767, 'grad_norm': 3.305609941482544, 'learning_rate': 2.0308153220629146e-06, 'epoch': 0.01}
{'loss': 1.2039, 'grad_norm': 3.039910316467285, 'learning_rate': 2.0329552749839503e-06, 'epoch': 0.01}
{'loss': 1.1792, 'grad_norm': 3.3663458824157715, 'learning_rate': 2.0350952279049865e-06, 'epoch': 0.01}
{'loss': 1.0398, 'grad_norm': 3.2842910289764404, 'learning_rate': 2.037235180826022e-06, 'epoch': 0.01}
{'loss': 0.9617, 'grad_norm': 3.2133119106292725, 'learning_rate': 2.039375133747058e-06, 'epoch': 0.01}
{'loss': 1.1728, 'grad_norm': 3.8804333209991455, 'learning_rate': 2.0415150866680936e-06, 'epoch': 0.01}
{'loss': 1.2882, 'grad_norm': 3.2393393516540527, 'learning_rate': 2.0436550395891293e-06, 'epoch': 0.01}
{'loss': 1.2073, 'grad_norm': 3.0553324222564697, 'learning_rate': 2.045794992510165e-06, 'epoch': 0.01}
{'loss': 0.9808, 'grad_norm': 3.4702606201171875, 'learning_rate': 2.0479349454312007e-06, 'epoch': 0.01}
{'loss': 1.2096, 'grad_norm': 3.883538007736206, 'learning_rate': 2.0500748983522364e-06, 'epoch': 0.01}
{'loss': 1.0814, 'grad_norm': 3.1928834915161133, 'learning_rate': 2.052214851273272e-06, 'epoch': 0.01}
{'loss': 1.28, 'grad_norm': 3.2908451557159424, 'learning_rate': 2.054354804194308e-06, 'epoch': 0.01}
{'loss': 1.2928, 'grad_norm': 3.4779434204101562, 'learning_rate': 2.056494757115344e-06, 'epoch': 0.01}
{'loss': 1.3516, 'grad_norm': 3.9044606685638428, 'learning_rate': 2.058634710036379e-06, 'epoch': 0.01}
{'loss': 1.4756, 'grad_norm': 3.780874252319336, 'learning_rate': 2.0607746629574153e-06, 'epoch': 0.01}
{'loss': 0.7686, 'grad_norm': 3.8308379650115967, 'learning_rate': 2.0629146158784506e-06, 'epoch': 0.01}
{'loss': 1.3175, 'grad_norm': 3.7802586555480957, 'learning_rate': 2.0650545687994867e-06, 'epoch': 0.01}
{'loss': 1.2852, 'grad_norm': 3.9551665782928467, 'learning_rate': 2.067194521720522e-06, 'epoch': 0.01}
{'loss': 1.3255, 'grad_norm': 3.7764623165130615, 'learning_rate': 2.069334474641558e-06, 'epoch': 0.01}
{'loss': 1.3616, 'grad_norm': 3.0787665843963623, 'learning_rate': 2.071474427562594e-06, 'epoch': 0.01}
{'loss': 1.329, 'grad_norm': 3.4013335704803467, 'learning_rate': 2.0736143804836296e-06, 'epoch': 0.01}
{'loss': 1.1116, 'grad_norm': 3.413128614425659, 'learning_rate': 2.0757543334046653e-06, 'epoch': 0.01}
{'loss': 1.0382, 'grad_norm': 3.3570330142974854, 'learning_rate': 2.077894286325701e-06, 'epoch': 0.01}
{'loss': 1.1245, 'grad_norm': 3.4144551753997803, 'learning_rate': 2.0800342392467367e-06, 'epoch': 0.01}
{'loss': 1.2342, 'grad_norm': 3.502060651779175, 'learning_rate': 2.0821741921677724e-06, 'epoch': 0.01}
{'loss': 1.4411, 'grad_norm': 3.4486770629882812, 'learning_rate': 2.084314145088808e-06, 'epoch': 0.01}
{'loss': 0.7628, 'grad_norm': 2.3811490535736084, 'learning_rate': 2.0864540980098438e-06, 'epoch': 0.01}
{'loss': 1.183, 'grad_norm': 3.130270004272461, 'learning_rate': 2.0885940509308795e-06, 'epoch': 0.01}
{'loss': 1.3121, 'grad_norm': 3.3912923336029053, 'learning_rate': 2.0907340038519156e-06, 'epoch': 0.01}
{'loss': 1.0666, 'grad_norm': 3.0204358100891113, 'learning_rate': 2.0928739567729513e-06, 'epoch': 0.01}
{'loss': 1.0711, 'grad_norm': 3.3758866786956787, 'learning_rate': 2.095013909693987e-06, 'epoch': 0.01}
{'loss': 1.3528, 'grad_norm': 3.608726739883423, 'learning_rate': 2.0971538626150227e-06, 'epoch': 0.01}
{'loss': 1.0123, 'grad_norm': 3.551894426345825, 'learning_rate': 2.0992938155360584e-06, 'epoch': 0.01}
{'loss': 1.326, 'grad_norm': 3.64870285987854, 'learning_rate': 2.101433768457094e-06, 'epoch': 0.01}
{'loss': 1.1694, 'grad_norm': 3.4531428813934326, 'learning_rate': 2.10357372137813e-06, 'epoch': 0.01}
{'loss': 1.1422, 'grad_norm': 3.2797019481658936, 'learning_rate': 2.1057136742991655e-06, 'epoch': 0.01}
{'loss': 1.3844, 'grad_norm': 3.7981858253479004, 'learning_rate': 2.1078536272202012e-06, 'epoch': 0.01}
{'loss': 1.1303, 'grad_norm': 3.659263849258423, 'learning_rate': 2.1099935801412374e-06, 'epoch': 0.01}
{'loss': 1.2047, 'grad_norm': 3.120245933532715, 'learning_rate': 2.1121335330622727e-06, 'epoch': 0.01}
{'loss': 1.0397, 'grad_norm': 3.246429204940796, 'learning_rate': 2.1142734859833088e-06, 'epoch': 0.01}
{'loss': 1.1347, 'grad_norm': 3.833556652069092, 'learning_rate': 2.116413438904344e-06, 'epoch': 0.01}
{'loss': 1.2024, 'grad_norm': 4.004815578460693, 'learning_rate': 2.11855339182538e-06, 'epoch': 0.01}
{'loss': 1.1342, 'grad_norm': 3.813844919204712, 'learning_rate': 2.1206933447464155e-06, 'epoch': 0.01}
{'loss': 1.1436, 'grad_norm': 3.317659616470337, 'learning_rate': 2.1228332976674516e-06, 'epoch': 0.01}
{'loss': 1.4578, 'grad_norm': 3.6287479400634766, 'learning_rate': 2.1249732505884873e-06, 'epoch': 0.01}
{'loss': 1.1619, 'grad_norm': 3.2753443717956543, 'learning_rate': 2.127113203509523e-06, 'epoch': 0.01}
{'loss': 1.1184, 'grad_norm': 3.331493854522705, 'learning_rate': 2.1292531564305587e-06, 'epoch': 0.01}
{'loss': 1.1699, 'grad_norm': 3.5474307537078857, 'learning_rate': 2.1313931093515944e-06, 'epoch': 0.01}
{'loss': 1.0123, 'grad_norm': 3.5731019973754883, 'learning_rate': 2.13353306227263e-06, 'epoch': 0.01}
{'loss': 0.8902, 'grad_norm': 2.9212260246276855, 'learning_rate': 2.135673015193666e-06, 'epoch': 0.01}
{'loss': 1.1574, 'grad_norm': 3.130772590637207, 'learning_rate': 2.1378129681147015e-06, 'epoch': 0.01}
{'loss': 0.7147, 'grad_norm': 2.7121334075927734, 'learning_rate': 2.1399529210357372e-06, 'epoch': 0.01}
{'loss': 1.1956, 'grad_norm': 3.254365921020508, 'learning_rate': 2.142092873956773e-06, 'epoch': 0.01}
{'loss': 1.2299, 'grad_norm': 3.5607588291168213, 'learning_rate': 2.144232826877809e-06, 'epoch': 0.01}
{'loss': 1.5199, 'grad_norm': 3.6846578121185303, 'learning_rate': 2.1463727797988448e-06, 'epoch': 0.01}
{'loss': 1.224, 'grad_norm': 4.48573112487793, 'learning_rate': 2.1485127327198805e-06, 'epoch': 0.01}
{'loss': 1.0914, 'grad_norm': 3.0990378856658936, 'learning_rate': 2.150652685640916e-06, 'epoch': 0.01}
{'loss': 1.0202, 'grad_norm': 3.0387303829193115, 'learning_rate': 2.152792638561952e-06, 'epoch': 0.01}
[11:10:23.744669] Error: Error reading OpenGVLab/stage2/OpenMMLab___Kinetics-400/raw/Kinetics-400/videos_train/oWuleh3kb6A.mp4...
[11:10:23.744715] Failed to read video file: OpenGVLab/stage2/OpenMMLab___Kinetics-400/raw/Kinetics-400/videos_train/oWuleh3kb6A.mp4
[11:10:23.744730] [Try #0] Failed to fetch sample 3859195. Exception: Error reading OpenGVLab/stage2/OpenMMLab___Kinetics-400/raw/Kinetics-400/videos_train/oWuleh3kb6A.mp4...
[11:10:24.746084] Error: Error reading OpenGVLab/stage2/OpenMMLab___Kinetics-400/raw/Kinetics-400/videos_train/oWuleh3kb6A.mp4...
[11:10:24.746135] Failed to read video file: OpenGVLab/stage2/OpenMMLab___Kinetics-400/raw/Kinetics-400/videos_train/oWuleh3kb6A.mp4
[11:10:24.746154] [Try #1] Failed to fetch sample 3859195. Exception: Error reading OpenGVLab/stage2/OpenMMLab___Kinetics-400/raw/Kinetics-400/videos_train/oWuleh3kb6A.mp4...
{'loss': 1.0663, 'grad_norm': 3.4598846435546875, 'learning_rate': 2.1549325914829876e-06, 'epoch': 0.01}
{'loss': 1.1898, 'grad_norm': 3.583065986633301, 'learning_rate': 2.1570725444040233e-06, 'epoch': 0.01}
{'loss': 1.2505, 'grad_norm': 3.3085997104644775, 'learning_rate': 2.159212497325059e-06, 'epoch': 0.01}
{'loss': 1.2609, 'grad_norm': 3.7862064838409424, 'learning_rate': 2.1613524502460947e-06, 'epoch': 0.01}
{'loss': 1.2014, 'grad_norm': 3.454524278640747, 'learning_rate': 2.163492403167131e-06, 'epoch': 0.01}
{'loss': 1.0644, 'grad_norm': 3.5870442390441895, 'learning_rate': 2.165632356088166e-06, 'epoch': 0.01}
{'loss': 1.0429, 'grad_norm': 3.0937306880950928, 'learning_rate': 2.1677723090092022e-06, 'epoch': 0.01}
{'loss': 1.1307, 'grad_norm': 3.3004889488220215, 'learning_rate': 2.1699122619302375e-06, 'epoch': 0.01}
{'loss': 1.2218, 'grad_norm': 4.7445902824401855, 'learning_rate': 2.1720522148512736e-06, 'epoch': 0.01}
{'loss': 1.1124, 'grad_norm': 4.047913551330566, 'learning_rate': 2.174192167772309e-06, 'epoch': 0.01}
{'loss': 1.1747, 'grad_norm': 3.483752965927124, 'learning_rate': 2.176332120693345e-06, 'epoch': 0.01}
{'loss': 1.1683, 'grad_norm': 3.119598627090454, 'learning_rate': 2.1784720736143807e-06, 'epoch': 0.01}
{'loss': 1.1437, 'grad_norm': 4.140479564666748, 'learning_rate': 2.1806120265354164e-06, 'epoch': 0.01}
{'loss': 1.427, 'grad_norm': 4.136175632476807, 'learning_rate': 2.182751979456452e-06, 'epoch': 0.01}
{'loss': 1.3164, 'grad_norm': 3.688239812850952, 'learning_rate': 2.184891932377488e-06, 'epoch': 0.01}
{'loss': 1.0125, 'grad_norm': 3.037321090698242, 'learning_rate': 2.1870318852985236e-06, 'epoch': 0.01}
{'loss': 1.0628, 'grad_norm': 3.6243984699249268, 'learning_rate': 2.1891718382195593e-06, 'epoch': 0.01}
{'loss': 1.2516, 'grad_norm': 3.67431902885437, 'learning_rate': 2.191311791140595e-06, 'epoch': 0.01}
{'loss': 1.0023, 'grad_norm': 3.1069440841674805, 'learning_rate': 2.1934517440616307e-06, 'epoch': 0.01}
{'loss': 1.4577, 'grad_norm': 4.2392144203186035, 'learning_rate': 2.1955916969826664e-06, 'epoch': 0.01}
{'loss': 0.6902, 'grad_norm': 2.893019437789917, 'learning_rate': 2.1977316499037025e-06, 'epoch': 0.01}
{'loss': 1.1242, 'grad_norm': 3.5416293144226074, 'learning_rate': 2.199871602824738e-06, 'epoch': 0.01}
{'loss': 1.1049, 'grad_norm': 3.587343215942383, 'learning_rate': 2.202011555745774e-06, 'epoch': 0.01}
{'loss': 0.9658, 'grad_norm': 2.838679790496826, 'learning_rate': 2.2041515086668096e-06, 'epoch': 0.01}
{'loss': 1.4092, 'grad_norm': 3.8717870712280273, 'learning_rate': 2.2062914615878453e-06, 'epoch': 0.01}
{'loss': 1.2287, 'grad_norm': 3.418607473373413, 'learning_rate': 2.208431414508881e-06, 'epoch': 0.01}
{'loss': 1.1631, 'grad_norm': 3.098208427429199, 'learning_rate': 2.2105713674299167e-06, 'epoch': 0.01}
{'loss': 1.2297, 'grad_norm': 3.4796712398529053, 'learning_rate': 2.2127113203509524e-06, 'epoch': 0.01}
{'loss': 0.6152, 'grad_norm': 2.6981310844421387, 'learning_rate': 2.214851273271988e-06, 'epoch': 0.01}
{'loss': 1.515, 'grad_norm': 4.929384231567383, 'learning_rate': 2.216991226193024e-06, 'epoch': 0.01}
{'loss': 1.1195, 'grad_norm': 3.6074585914611816, 'learning_rate': 2.2191311791140595e-06, 'epoch': 0.01}
{'loss': 1.2564, 'grad_norm': 3.3918190002441406, 'learning_rate': 2.2212711320350957e-06, 'epoch': 0.01}
{'loss': 1.048, 'grad_norm': 2.901960611343384, 'learning_rate': 2.223411084956131e-06, 'epoch': 0.01}
{'loss': 1.2353, 'grad_norm': 3.19553279876709, 'learning_rate': 2.225551037877167e-06, 'epoch': 0.01}
{'loss': 1.2753, 'grad_norm': 4.169172286987305, 'learning_rate': 2.2276909907982023e-06, 'epoch': 0.01}
{'loss': 1.1471, 'grad_norm': 4.04317569732666, 'learning_rate': 2.2298309437192385e-06, 'epoch': 0.01}
{'loss': 1.268, 'grad_norm': 3.7712748050689697, 'learning_rate': 2.231970896640274e-06, 'epoch': 0.01}
{'loss': 1.2107, 'grad_norm': 2.986832618713379, 'learning_rate': 2.23411084956131e-06, 'epoch': 0.01}
{'loss': 1.1416, 'grad_norm': 3.7144105434417725, 'learning_rate': 2.2362508024823456e-06, 'epoch': 0.01}
{'loss': 1.1735, 'grad_norm': 3.3793437480926514, 'learning_rate': 2.2383907554033813e-06, 'epoch': 0.01}
{'loss': 1.2547, 'grad_norm': 4.0833563804626465, 'learning_rate': 2.240530708324417e-06, 'epoch': 0.01}
{'loss': 1.0212, 'grad_norm': 2.9877216815948486, 'learning_rate': 2.2426706612454527e-06, 'epoch': 0.01}
{'loss': 1.2048, 'grad_norm': 3.2222869396209717, 'learning_rate': 2.2448106141664884e-06, 'epoch': 0.01}
{'loss': 1.1333, 'grad_norm': 3.427464723587036, 'learning_rate': 2.246950567087524e-06, 'epoch': 0.01}
{'loss': 1.1174, 'grad_norm': 3.1146163940429688, 'learning_rate': 2.24909052000856e-06, 'epoch': 0.01}
{'loss': 1.157, 'grad_norm': 3.226874351501465, 'learning_rate': 2.251230472929596e-06, 'epoch': 0.01}
{'loss': 1.2589, 'grad_norm': 3.5851199626922607, 'learning_rate': 2.2533704258506312e-06, 'epoch': 0.01}
{'loss': 1.3755, 'grad_norm': 3.2802155017852783, 'learning_rate': 2.2555103787716673e-06, 'epoch': 0.01}
{'loss': 1.0685, 'grad_norm': 3.7394542694091797, 'learning_rate': 2.257650331692703e-06, 'epoch': 0.01}
{'loss': 1.0556, 'grad_norm': 4.1410932540893555, 'learning_rate': 2.2597902846137388e-06, 'epoch': 0.01}
{'loss': 1.1846, 'grad_norm': 3.4506003856658936, 'learning_rate': 2.2619302375347745e-06, 'epoch': 0.01}
{'loss': 1.1536, 'grad_norm': 3.5518107414245605, 'learning_rate': 2.26407019045581e-06, 'epoch': 0.01}
{'loss': 1.2653, 'grad_norm': 3.6893088817596436, 'learning_rate': 2.266210143376846e-06, 'epoch': 0.01}
{'loss': 1.0025, 'grad_norm': 3.1962194442749023, 'learning_rate': 2.2683500962978816e-06, 'epoch': 0.01}
{'loss': 1.1276, 'grad_norm': 3.237358331680298, 'learning_rate': 2.2704900492189173e-06, 'epoch': 0.01}
{'loss': 1.1647, 'grad_norm': 3.0334508419036865, 'learning_rate': 2.272630002139953e-06, 'epoch': 0.01}
{'loss': 1.1836, 'grad_norm': 3.6626439094543457, 'learning_rate': 2.274769955060989e-06, 'epoch': 0.01}
{'loss': 1.1561, 'grad_norm': 3.1331136226654053, 'learning_rate': 2.2769099079820244e-06, 'epoch': 0.01}
{'loss': 1.0169, 'grad_norm': 2.6920032501220703, 'learning_rate': 2.2790498609030605e-06, 'epoch': 0.01}
{'loss': 1.057, 'grad_norm': 4.510130405426025, 'learning_rate': 2.281189813824096e-06, 'epoch': 0.01}
{'loss': 1.1721, 'grad_norm': 3.7196507453918457, 'learning_rate': 2.283329766745132e-06, 'epoch': 0.01}
{'loss': 1.1692, 'grad_norm': 3.356658935546875, 'learning_rate': 2.2854697196661676e-06, 'epoch': 0.01}
{'loss': 1.1189, 'grad_norm': 3.795395612716675, 'learning_rate': 2.2876096725872033e-06, 'epoch': 0.01}
{'loss': 1.1912, 'grad_norm': 3.45906662940979, 'learning_rate': 2.289749625508239e-06, 'epoch': 0.01}
{'loss': 1.0908, 'grad_norm': 3.2564339637756348, 'learning_rate': 2.2918895784292747e-06, 'epoch': 0.01}
{'loss': 1.1667, 'grad_norm': 3.8325822353363037, 'learning_rate': 2.2940295313503104e-06, 'epoch': 0.01}
{'loss': 1.2861, 'grad_norm': 3.791931629180908, 'learning_rate': 2.296169484271346e-06, 'epoch': 0.01}
{'loss': 1.1107, 'grad_norm': 2.9898126125335693, 'learning_rate': 2.298309437192382e-06, 'epoch': 0.01}
{'loss': 1.0416, 'grad_norm': 3.047910213470459, 'learning_rate': 2.3004493901134175e-06, 'epoch': 0.01}
{'loss': 1.1019, 'grad_norm': 3.1871583461761475, 'learning_rate': 2.3025893430344532e-06, 'epoch': 0.01}
{'loss': 0.9934, 'grad_norm': 3.3031070232391357, 'learning_rate': 2.3047292959554894e-06, 'epoch': 0.01}
{'loss': 1.1143, 'grad_norm': 3.513366460800171, 'learning_rate': 2.3068692488765247e-06, 'epoch': 0.01}
{'loss': 1.1313, 'grad_norm': 4.712265491485596, 'learning_rate': 2.3090092017975608e-06, 'epoch': 0.01}
{'loss': 0.7122, 'grad_norm': 3.3229575157165527, 'learning_rate': 2.3111491547185965e-06, 'epoch': 0.01}
{'loss': 1.3074, 'grad_norm': 3.3180534839630127, 'learning_rate': 2.313289107639632e-06, 'epoch': 0.01}
{'loss': 1.2046, 'grad_norm': 3.4866929054260254, 'learning_rate': 2.315429060560668e-06, 'epoch': 0.01}
{'loss': 1.1405, 'grad_norm': 3.0620739459991455, 'learning_rate': 2.3175690134817036e-06, 'epoch': 0.01}
{'loss': 1.1815, 'grad_norm': 3.8683340549468994, 'learning_rate': 2.3197089664027393e-06, 'epoch': 0.01}
{'loss': 1.1368, 'grad_norm': 3.465259552001953, 'learning_rate': 2.321848919323775e-06, 'epoch': 0.01}
{'loss': 1.0779, 'grad_norm': 3.4213664531707764, 'learning_rate': 2.3239888722448107e-06, 'epoch': 0.01}
{'loss': 1.1374, 'grad_norm': 3.456420660018921, 'learning_rate': 2.3261288251658464e-06, 'epoch': 0.01}
{'loss': 1.1747, 'grad_norm': 3.420724868774414, 'learning_rate': 2.3282687780868825e-06, 'epoch': 0.01}
{'loss': 0.9481, 'grad_norm': 3.340266227722168, 'learning_rate': 2.330408731007918e-06, 'epoch': 0.01}
{'loss': 0.9613, 'grad_norm': 3.3324592113494873, 'learning_rate': 2.332548683928954e-06, 'epoch': 0.01}
{'loss': 1.2671, 'grad_norm': 3.6793432235717773, 'learning_rate': 2.3346886368499892e-06, 'epoch': 0.01}
{'loss': 1.2504, 'grad_norm': 3.939140558242798, 'learning_rate': 2.3368285897710254e-06, 'epoch': 0.01}
{'loss': 1.2648, 'grad_norm': 3.4704813957214355, 'learning_rate': 2.338968542692061e-06, 'epoch': 0.01}
{'loss': 1.2118, 'grad_norm': 4.583734035491943, 'learning_rate': 2.3411084956130968e-06, 'epoch': 0.01}
{'loss': 1.2248, 'grad_norm': 4.087396621704102, 'learning_rate': 2.3432484485341325e-06, 'epoch': 0.01}
{'loss': 1.3853, 'grad_norm': 5.033890724182129, 'learning_rate': 2.345388401455168e-06, 'epoch': 0.01}
{'loss': 1.1675, 'grad_norm': 3.9667482376098633, 'learning_rate': 2.347528354376204e-06, 'epoch': 0.01}
{'loss': 1.2167, 'grad_norm': 3.207958698272705, 'learning_rate': 2.3496683072972396e-06, 'epoch': 0.01}
{'loss': 1.1544, 'grad_norm': 3.7011635303497314, 'learning_rate': 2.3518082602182753e-06, 'epoch': 0.01}
{'loss': 1.1459, 'grad_norm': 3.7383151054382324, 'learning_rate': 2.353948213139311e-06, 'epoch': 0.01}
{'loss': 1.2086, 'grad_norm': 3.124752998352051, 'learning_rate': 2.3560881660603467e-06, 'epoch': 0.01}
{'loss': 1.3292, 'grad_norm': 7.401396751403809, 'learning_rate': 2.358228118981383e-06, 'epoch': 0.01}
{'loss': 1.0959, 'grad_norm': 3.094822883605957, 'learning_rate': 2.360368071902418e-06, 'epoch': 0.01}
{'loss': 1.1274, 'grad_norm': 3.3686115741729736, 'learning_rate': 2.3625080248234542e-06, 'epoch': 0.01}
{'loss': 1.1563, 'grad_norm': 3.210033416748047, 'learning_rate': 2.36464797774449e-06, 'epoch': 0.01}
{'loss': 0.9173, 'grad_norm': 2.742905378341675, 'learning_rate': 2.3667879306655256e-06, 'epoch': 0.01}
{'loss': 1.0589, 'grad_norm': 3.6995532512664795, 'learning_rate': 2.3689278835865613e-06, 'epoch': 0.01}
{'loss': 1.0361, 'grad_norm': 3.646932363510132, 'learning_rate': 2.371067836507597e-06, 'epoch': 0.01}
{'loss': 0.8416, 'grad_norm': 2.7340540885925293, 'learning_rate': 2.3732077894286327e-06, 'epoch': 0.01}
{'loss': 1.0941, 'grad_norm': 3.118834972381592, 'learning_rate': 2.3753477423496684e-06, 'epoch': 0.01}
{'loss': 1.1624, 'grad_norm': 3.4804320335388184, 'learning_rate': 2.377487695270704e-06, 'epoch': 0.01}
{'loss': 1.0185, 'grad_norm': 3.3372371196746826, 'learning_rate': 2.37962764819174e-06, 'epoch': 0.01}
{'loss': 1.225, 'grad_norm': 4.330961227416992, 'learning_rate': 2.381767601112776e-06, 'epoch': 0.01}
{'loss': 1.0868, 'grad_norm': 3.387125253677368, 'learning_rate': 2.3839075540338113e-06, 'epoch': 0.01}
{'loss': 1.0347, 'grad_norm': 3.13436222076416, 'learning_rate': 2.3860475069548474e-06, 'epoch': 0.01}
{'loss': 1.0441, 'grad_norm': 3.6287808418273926, 'learning_rate': 2.3881874598758827e-06, 'epoch': 0.01}
{'loss': 1.3866, 'grad_norm': 3.391723394393921, 'learning_rate': 2.390327412796919e-06, 'epoch': 0.01}
{'loss': 1.2622, 'grad_norm': 3.991809606552124, 'learning_rate': 2.3924673657179545e-06, 'epoch': 0.01}
{'loss': 0.9643, 'grad_norm': 3.0542726516723633, 'learning_rate': 2.39460731863899e-06, 'epoch': 0.01}
{'loss': 1.4451, 'grad_norm': 3.268963098526001, 'learning_rate': 2.396747271560026e-06, 'epoch': 0.01}
{'loss': 1.1365, 'grad_norm': 3.3822829723358154, 'learning_rate': 2.3988872244810616e-06, 'epoch': 0.01}
{'loss': 1.1238, 'grad_norm': 2.9967143535614014, 'learning_rate': 2.4010271774020973e-06, 'epoch': 0.01}
{'loss': 1.2056, 'grad_norm': 3.5209522247314453, 'learning_rate': 2.403167130323133e-06, 'epoch': 0.01}
{'loss': 1.2662, 'grad_norm': 3.1005029678344727, 'learning_rate': 2.4053070832441687e-06, 'epoch': 0.01}
{'loss': 1.0606, 'grad_norm': 3.309558629989624, 'learning_rate': 2.407447036165205e-06, 'epoch': 0.01}
{'loss': 1.2828, 'grad_norm': 3.0601654052734375, 'learning_rate': 2.40958698908624e-06, 'epoch': 0.01}
{'loss': 1.2224, 'grad_norm': 3.587353229522705, 'learning_rate': 2.4117269420072763e-06, 'epoch': 0.01}
{'loss': 1.2355, 'grad_norm': 3.1281816959381104, 'learning_rate': 2.4138668949283115e-06, 'epoch': 0.01}
{'loss': 0.898, 'grad_norm': 2.6230313777923584, 'learning_rate': 2.4160068478493477e-06, 'epoch': 0.01}
{'loss': 1.3035, 'grad_norm': 3.586063861846924, 'learning_rate': 2.4181468007703834e-06, 'epoch': 0.01}
{'loss': 0.9915, 'grad_norm': 2.9804489612579346, 'learning_rate': 2.420286753691419e-06, 'epoch': 0.01}
{'loss': 1.0289, 'grad_norm': 3.3897972106933594, 'learning_rate': 2.4224267066124548e-06, 'epoch': 0.01}
{'loss': 1.0572, 'grad_norm': 3.2207047939300537, 'learning_rate': 2.4245666595334905e-06, 'epoch': 0.01}
{'loss': 1.2652, 'grad_norm': 3.182645559310913, 'learning_rate': 2.426706612454526e-06, 'epoch': 0.01}
{'loss': 1.338, 'grad_norm': 3.427116870880127, 'learning_rate': 2.428846565375562e-06, 'epoch': 0.01}
{'loss': 1.2596, 'grad_norm': 3.474207878112793, 'learning_rate': 2.4309865182965976e-06, 'epoch': 0.01}
{'loss': 1.255, 'grad_norm': 3.202579975128174, 'learning_rate': 2.4331264712176333e-06, 'epoch': 0.01}
{'loss': 1.2544, 'grad_norm': 4.5153632164001465, 'learning_rate': 2.435266424138669e-06, 'epoch': 0.01}
{'loss': 1.2759, 'grad_norm': 3.4563047885894775, 'learning_rate': 2.4374063770597047e-06, 'epoch': 0.01}
{'loss': 1.0838, 'grad_norm': 2.888242244720459, 'learning_rate': 2.439546329980741e-06, 'epoch': 0.01}
{'loss': 0.6873, 'grad_norm': 2.461427688598633, 'learning_rate': 2.441686282901776e-06, 'epoch': 0.01}
{'loss': 1.1782, 'grad_norm': 3.2871952056884766, 'learning_rate': 2.4438262358228122e-06, 'epoch': 0.01}
{'loss': 0.9676, 'grad_norm': 3.2955076694488525, 'learning_rate': 2.445966188743848e-06, 'epoch': 0.01}
{'loss': 1.1009, 'grad_norm': 3.1067867279052734, 'learning_rate': 2.4481061416648836e-06, 'epoch': 0.01}
{'loss': 1.0341, 'grad_norm': 2.923255205154419, 'learning_rate': 2.4502460945859194e-06, 'epoch': 0.01}
{'loss': 1.1487, 'grad_norm': 3.2630245685577393, 'learning_rate': 2.452386047506955e-06, 'epoch': 0.01}
{'loss': 1.0923, 'grad_norm': 3.1140408515930176, 'learning_rate': 2.4545260004279908e-06, 'epoch': 0.01}
{'loss': 1.226, 'grad_norm': 3.6463897228240967, 'learning_rate': 2.4566659533490265e-06, 'epoch': 0.01}
{'loss': 0.9996, 'grad_norm': 3.272115468978882, 'learning_rate': 2.458805906270062e-06, 'epoch': 0.01}
{'loss': 1.0997, 'grad_norm': 3.033658266067505, 'learning_rate': 2.4609458591910983e-06, 'epoch': 0.01}
{'loss': 1.1726, 'grad_norm': 3.4359683990478516, 'learning_rate': 2.4630858121121336e-06, 'epoch': 0.01}
{'loss': 1.244, 'grad_norm': 3.2525601387023926, 'learning_rate': 2.4652257650331697e-06, 'epoch': 0.01}
{'loss': 1.2739, 'grad_norm': 3.9568865299224854, 'learning_rate': 2.467365717954205e-06, 'epoch': 0.01}
{'loss': 0.9828, 'grad_norm': 2.730076551437378, 'learning_rate': 2.469505670875241e-06, 'epoch': 0.01}
{'loss': 1.2594, 'grad_norm': 3.584845781326294, 'learning_rate': 2.4716456237962764e-06, 'epoch': 0.01}
{'loss': 1.2389, 'grad_norm': 3.5866010189056396, 'learning_rate': 2.4737855767173125e-06, 'epoch': 0.01}
{'loss': 1.0016, 'grad_norm': 3.5792038440704346, 'learning_rate': 2.4759255296383482e-06, 'epoch': 0.01}
{'loss': 1.3377, 'grad_norm': 3.4012367725372314, 'learning_rate': 2.478065482559384e-06, 'epoch': 0.01}
{'loss': 1.0692, 'grad_norm': 3.171164035797119, 'learning_rate': 2.4802054354804196e-06, 'epoch': 0.01}
{'loss': 1.1889, 'grad_norm': 3.3673784732818604, 'learning_rate': 2.4823453884014553e-06, 'epoch': 0.01}
{'loss': 1.1161, 'grad_norm': 3.3778281211853027, 'learning_rate': 2.484485341322491e-06, 'epoch': 0.01}
{'loss': 1.0992, 'grad_norm': 3.725226402282715, 'learning_rate': 2.4866252942435267e-06, 'epoch': 0.01}
{'loss': 1.2469, 'grad_norm': 4.196874618530273, 'learning_rate': 2.4887652471645624e-06, 'epoch': 0.01}
{'loss': 1.0063, 'grad_norm': 3.1209263801574707, 'learning_rate': 2.490905200085598e-06, 'epoch': 0.01}
{'loss': 1.0682, 'grad_norm': 2.949836254119873, 'learning_rate': 2.4930451530066343e-06, 'epoch': 0.01}
{'loss': 0.981, 'grad_norm': 2.7122414112091064, 'learning_rate': 2.4951851059276696e-06, 'epoch': 0.01}
{'loss': 1.0673, 'grad_norm': 3.129763126373291, 'learning_rate': 2.4973250588487057e-06, 'epoch': 0.01}
{'loss': 1.1423, 'grad_norm': 3.4624741077423096, 'learning_rate': 2.4994650117697414e-06, 'epoch': 0.01}
{'loss': 1.2669, 'grad_norm': 3.217311382293701, 'learning_rate': 2.501604964690777e-06, 'epoch': 0.01}
{'loss': 1.0751, 'grad_norm': 3.529721736907959, 'learning_rate': 2.503744917611813e-06, 'epoch': 0.01}
{'loss': 1.2096, 'grad_norm': 3.1637158393859863, 'learning_rate': 2.5058848705328485e-06, 'epoch': 0.01}
{'loss': 1.0121, 'grad_norm': 3.3978240489959717, 'learning_rate': 2.5080248234538838e-06, 'epoch': 0.01}
{'loss': 1.2453, 'grad_norm': 3.6348443031311035, 'learning_rate': 2.51016477637492e-06, 'epoch': 0.01}
{'loss': 1.0944, 'grad_norm': 3.251641273498535, 'learning_rate': 2.5123047292959556e-06, 'epoch': 0.01}
{'loss': 1.0616, 'grad_norm': 3.1502723693847656, 'learning_rate': 2.5144446822169917e-06, 'epoch': 0.01}
{'loss': 1.2085, 'grad_norm': 3.251464605331421, 'learning_rate': 2.5165846351380274e-06, 'epoch': 0.01}
{'loss': 1.288, 'grad_norm': 3.4691367149353027, 'learning_rate': 2.5187245880590627e-06, 'epoch': 0.01}
{'loss': 1.0735, 'grad_norm': 3.4238693714141846, 'learning_rate': 2.5208645409800984e-06, 'epoch': 0.01}
{'loss': 1.2312, 'grad_norm': 3.5881216526031494, 'learning_rate': 2.5230044939011345e-06, 'epoch': 0.01}
{'loss': 1.0613, 'grad_norm': 3.376166343688965, 'learning_rate': 2.5251444468221703e-06, 'epoch': 0.01}
{'loss': 1.2465, 'grad_norm': 3.352083921432495, 'learning_rate': 2.5272843997432055e-06, 'epoch': 0.01}
{'loss': 1.2525, 'grad_norm': 3.605126142501831, 'learning_rate': 2.5294243526642417e-06, 'epoch': 0.01}
{'loss': 1.3437, 'grad_norm': 3.2390551567077637, 'learning_rate': 2.5315643055852774e-06, 'epoch': 0.01}
{'loss': 1.1345, 'grad_norm': 3.215482473373413, 'learning_rate': 2.533704258506313e-06, 'epoch': 0.01}
{'loss': 1.0339, 'grad_norm': 2.8548600673675537, 'learning_rate': 2.535844211427349e-06, 'epoch': 0.01}
{'loss': 1.1308, 'grad_norm': 3.6239821910858154, 'learning_rate': 2.5379841643483845e-06, 'epoch': 0.01}
{'loss': 0.9831, 'grad_norm': 3.179684638977051, 'learning_rate': 2.54012411726942e-06, 'epoch': 0.01}
{'loss': 1.1018, 'grad_norm': 3.464200258255005, 'learning_rate': 2.542264070190456e-06, 'epoch': 0.01}
{'loss': 1.3026, 'grad_norm': 3.8856136798858643, 'learning_rate': 2.544404023111492e-06, 'epoch': 0.01}
{'loss': 1.0866, 'grad_norm': 3.129211902618408, 'learning_rate': 2.5465439760325273e-06, 'epoch': 0.01}
{'loss': 1.1839, 'grad_norm': 3.1917848587036133, 'learning_rate': 2.548683928953563e-06, 'epoch': 0.01}
{'loss': 1.1427, 'grad_norm': 3.3773691654205322, 'learning_rate': 2.550823881874599e-06, 'epoch': 0.01}
{'loss': 1.2059, 'grad_norm': 2.9652113914489746, 'learning_rate': 2.552963834795635e-06, 'epoch': 0.01}
{'loss': 1.2316, 'grad_norm': 3.2718753814697266, 'learning_rate': 2.5551037877166705e-06, 'epoch': 0.01}
{'loss': 1.3394, 'grad_norm': 3.3170201778411865, 'learning_rate': 2.557243740637706e-06, 'epoch': 0.01}
{'loss': 1.041, 'grad_norm': 3.1538960933685303, 'learning_rate': 2.559383693558742e-06, 'epoch': 0.01}
{'loss': 1.0312, 'grad_norm': 3.263972759246826, 'learning_rate': 2.5615236464797776e-06, 'epoch': 0.01}
{'loss': 1.0671, 'grad_norm': 3.4293293952941895, 'learning_rate': 2.5636635994008133e-06, 'epoch': 0.01}
{'loss': 1.1576, 'grad_norm': 3.748857021331787, 'learning_rate': 2.565803552321849e-06, 'epoch': 0.01}
{'loss': 1.485, 'grad_norm': 3.58605694770813, 'learning_rate': 2.5679435052428848e-06, 'epoch': 0.01}
{'loss': 1.06, 'grad_norm': 3.300189256668091, 'learning_rate': 2.5700834581639205e-06, 'epoch': 0.01}
{'loss': 1.2666, 'grad_norm': 3.0311055183410645, 'learning_rate': 2.5722234110849566e-06, 'epoch': 0.01}
{'loss': 0.9983, 'grad_norm': 3.1888904571533203, 'learning_rate': 2.5743633640059923e-06, 'epoch': 0.01}
{'loss': 1.2041, 'grad_norm': 3.6575324535369873, 'learning_rate': 2.5765033169270276e-06, 'epoch': 0.01}
{'loss': 1.1944, 'grad_norm': 3.6618947982788086, 'learning_rate': 2.5786432698480633e-06, 'epoch': 0.01}
{'loss': 1.2387, 'grad_norm': 3.6572978496551514, 'learning_rate': 2.5807832227690994e-06, 'epoch': 0.01}
{'loss': 1.1106, 'grad_norm': 3.960336923599243, 'learning_rate': 2.582923175690135e-06, 'epoch': 0.01}
{'loss': 1.035, 'grad_norm': 3.1125855445861816, 'learning_rate': 2.5850631286111712e-06, 'epoch': 0.01}
{'loss': 1.0733, 'grad_norm': 4.0542473793029785, 'learning_rate': 2.5872030815322065e-06, 'epoch': 0.01}
{'loss': 1.1328, 'grad_norm': 3.411257028579712, 'learning_rate': 2.5893430344532422e-06, 'epoch': 0.01}
{'loss': 1.3704, 'grad_norm': 4.055036544799805, 'learning_rate': 2.591482987374278e-06, 'epoch': 0.01}
{'loss': 0.9565, 'grad_norm': 3.0627119541168213, 'learning_rate': 2.593622940295314e-06, 'epoch': 0.01}
{'loss': 1.0291, 'grad_norm': 4.083950519561768, 'learning_rate': 2.5957628932163493e-06, 'epoch': 0.01}
{'loss': 1.3228, 'grad_norm': 3.5664918422698975, 'learning_rate': 2.597902846137385e-06, 'epoch': 0.01}
{'loss': 0.9985, 'grad_norm': 3.200054883956909, 'learning_rate': 2.6000427990584207e-06, 'epoch': 0.01}
{'loss': 1.0424, 'grad_norm': 3.051283836364746, 'learning_rate': 2.602182751979457e-06, 'epoch': 0.01}
{'loss': 1.1271, 'grad_norm': 3.468726873397827, 'learning_rate': 2.6043227049004926e-06, 'epoch': 0.01}
{'loss': 1.0457, 'grad_norm': 3.318103790283203, 'learning_rate': 2.606462657821528e-06, 'epoch': 0.01}
{'loss': 1.1211, 'grad_norm': 3.18271803855896, 'learning_rate': 2.608602610742564e-06, 'epoch': 0.01}
{'loss': 1.1445, 'grad_norm': 3.606332540512085, 'learning_rate': 2.6107425636635997e-06, 'epoch': 0.01}
{'loss': 1.27, 'grad_norm': 3.942291259765625, 'learning_rate': 2.6128825165846354e-06, 'epoch': 0.01}
{'loss': 0.9845, 'grad_norm': 3.1189687252044678, 'learning_rate': 2.6150224695056707e-06, 'epoch': 0.01}
{'loss': 1.2152, 'grad_norm': 3.6565499305725098, 'learning_rate': 2.6171624224267068e-06, 'epoch': 0.01}
{'loss': 1.2039, 'grad_norm': 3.321371555328369, 'learning_rate': 2.6193023753477425e-06, 'epoch': 0.01}
{'loss': 1.1636, 'grad_norm': 3.053131580352783, 'learning_rate': 2.6214423282687786e-06, 'epoch': 0.01}
{'loss': 1.0744, 'grad_norm': 2.853149175643921, 'learning_rate': 2.6235822811898143e-06, 'epoch': 0.01}
{'loss': 0.9311, 'grad_norm': 3.0157697200775146, 'learning_rate': 2.6257222341108496e-06, 'epoch': 0.01}
{'loss': 1.014, 'grad_norm': 3.33178973197937, 'learning_rate': 2.6278621870318853e-06, 'epoch': 0.01}
{'loss': 1.1431, 'grad_norm': 3.3271117210388184, 'learning_rate': 2.6300021399529214e-06, 'epoch': 0.01}
{'loss': 1.243, 'grad_norm': 3.4850914478302, 'learning_rate': 2.632142092873957e-06, 'epoch': 0.01}
{'loss': 1.3061, 'grad_norm': 3.3079731464385986, 'learning_rate': 2.6342820457949924e-06, 'epoch': 0.01}
{'loss': 0.9542, 'grad_norm': 3.1016438007354736, 'learning_rate': 2.636421998716028e-06, 'epoch': 0.01}
{'loss': 1.1351, 'grad_norm': 2.9235403537750244, 'learning_rate': 2.6385619516370642e-06, 'epoch': 0.01}
{'loss': 0.8925, 'grad_norm': 3.210326910018921, 'learning_rate': 2.6407019045581e-06, 'epoch': 0.01}
{'loss': 0.9649, 'grad_norm': 3.005122184753418, 'learning_rate': 2.642841857479136e-06, 'epoch': 0.01}
{'loss': 1.0404, 'grad_norm': 3.1742494106292725, 'learning_rate': 2.6449818104001714e-06, 'epoch': 0.01}
{'loss': 1.1238, 'grad_norm': 3.701779365539551, 'learning_rate': 2.647121763321207e-06, 'epoch': 0.01}
{'loss': 1.1007, 'grad_norm': 3.6802382469177246, 'learning_rate': 2.6492617162422428e-06, 'epoch': 0.01}
{'loss': 1.1471, 'grad_norm': 3.092606544494629, 'learning_rate': 2.651401669163279e-06, 'epoch': 0.01}
{'loss': 1.1282, 'grad_norm': 3.326077461242676, 'learning_rate': 2.653541622084314e-06, 'epoch': 0.01}
{'loss': 1.193, 'grad_norm': 3.24997615814209, 'learning_rate': 2.65568157500535e-06, 'epoch': 0.01}
{'loss': 1.1114, 'grad_norm': 3.6028544902801514, 'learning_rate': 2.657821527926386e-06, 'epoch': 0.01}
{'loss': 1.0299, 'grad_norm': 3.055324077606201, 'learning_rate': 2.6599614808474217e-06, 'epoch': 0.01}
{'loss': 1.2435, 'grad_norm': 3.4860408306121826, 'learning_rate': 2.6621014337684574e-06, 'epoch': 0.01}
{'loss': 1.3073, 'grad_norm': 3.323371648788452, 'learning_rate': 2.6642413866894927e-06, 'epoch': 0.01}
{'loss': 0.9764, 'grad_norm': 3.32015061378479, 'learning_rate': 2.666381339610529e-06, 'epoch': 0.01}
{'loss': 0.7011, 'grad_norm': 2.8396713733673096, 'learning_rate': 2.6685212925315645e-06, 'epoch': 0.01}
{'loss': 1.0985, 'grad_norm': 3.1727523803710938, 'learning_rate': 2.6706612454526002e-06, 'epoch': 0.01}
{'loss': 1.2589, 'grad_norm': 3.3494131565093994, 'learning_rate': 2.6728011983736364e-06, 'epoch': 0.01}
{'loss': 1.1632, 'grad_norm': 3.349867105484009, 'learning_rate': 2.6749411512946716e-06, 'epoch': 0.01}
{'loss': 1.2672, 'grad_norm': 4.011616230010986, 'learning_rate': 2.6770811042157073e-06, 'epoch': 0.01}
{'loss': 1.1346, 'grad_norm': 3.6307930946350098, 'learning_rate': 2.6792210571367435e-06, 'epoch': 0.01}
{'loss': 1.168, 'grad_norm': 3.390059471130371, 'learning_rate': 2.681361010057779e-06, 'epoch': 0.01}
{'loss': 1.204, 'grad_norm': 3.3492865562438965, 'learning_rate': 2.6835009629788144e-06, 'epoch': 0.01}
{'loss': 1.1241, 'grad_norm': 3.5790512561798096, 'learning_rate': 2.68564091589985e-06, 'epoch': 0.01}
{'loss': 1.0355, 'grad_norm': 3.75994873046875, 'learning_rate': 2.6877808688208863e-06, 'epoch': 0.01}
{'loss': 1.1958, 'grad_norm': 4.069611549377441, 'learning_rate': 2.689920821741922e-06, 'epoch': 0.01}
{'loss': 1.2583, 'grad_norm': 4.2970147132873535, 'learning_rate': 2.6920607746629577e-06, 'epoch': 0.01}
{'loss': 0.7077, 'grad_norm': 2.765829563140869, 'learning_rate': 2.6942007275839934e-06, 'epoch': 0.01}
{'loss': 1.127, 'grad_norm': 3.3039257526397705, 'learning_rate': 2.696340680505029e-06, 'epoch': 0.01}
{'loss': 0.9542, 'grad_norm': 3.123886823654175, 'learning_rate': 2.698480633426065e-06, 'epoch': 0.01}
{'loss': 1.4799, 'grad_norm': 4.176935195922852, 'learning_rate': 2.700620586347101e-06, 'epoch': 0.01}
{'loss': 1.0211, 'grad_norm': 3.5166828632354736, 'learning_rate': 2.702760539268136e-06, 'epoch': 0.01}
{'loss': 1.1289, 'grad_norm': 3.8408732414245605, 'learning_rate': 2.704900492189172e-06, 'epoch': 0.01}
{'loss': 1.1704, 'grad_norm': 3.314889669418335, 'learning_rate': 2.7070404451102076e-06, 'epoch': 0.01}
{'loss': 1.1554, 'grad_norm': 3.776963233947754, 'learning_rate': 2.7091803980312437e-06, 'epoch': 0.01}
{'loss': 1.2309, 'grad_norm': 3.790454149246216, 'learning_rate': 2.7113203509522794e-06, 'epoch': 0.01}
{'loss': 0.9635, 'grad_norm': 2.851914882659912, 'learning_rate': 2.7134603038733147e-06, 'epoch': 0.01}
{'loss': 1.1365, 'grad_norm': 3.696953058242798, 'learning_rate': 2.715600256794351e-06, 'epoch': 0.01}
{'loss': 1.1264, 'grad_norm': 3.395404577255249, 'learning_rate': 2.7177402097153866e-06, 'epoch': 0.01}
{'loss': 1.148, 'grad_norm': 3.8305792808532715, 'learning_rate': 2.7198801626364223e-06, 'epoch': 0.01}
{'loss': 1.1764, 'grad_norm': 3.280299186706543, 'learning_rate': 2.7220201155574575e-06, 'epoch': 0.01}
{'loss': 1.1507, 'grad_norm': 3.1632912158966064, 'learning_rate': 2.7241600684784937e-06, 'epoch': 0.01}
{'loss': 1.111, 'grad_norm': 3.425203561782837, 'learning_rate': 2.7263000213995294e-06, 'epoch': 0.01}
{'loss': 1.0863, 'grad_norm': 3.1326730251312256, 'learning_rate': 2.7284399743205655e-06, 'epoch': 0.01}
{'loss': 1.3031, 'grad_norm': 3.3836557865142822, 'learning_rate': 2.730579927241601e-06, 'epoch': 0.01}
{'loss': 1.1665, 'grad_norm': 3.493553400039673, 'learning_rate': 2.7327198801626365e-06, 'epoch': 0.01}
{'loss': 1.2713, 'grad_norm': 3.2500503063201904, 'learning_rate': 2.734859833083672e-06, 'epoch': 0.01}
{'loss': 1.2706, 'grad_norm': 3.755845308303833, 'learning_rate': 2.7369997860047083e-06, 'epoch': 0.01}
{'loss': 1.2952, 'grad_norm': 3.4717602729797363, 'learning_rate': 2.739139738925744e-06, 'epoch': 0.01}
{'loss': 1.0595, 'grad_norm': 3.5997350215911865, 'learning_rate': 2.7412796918467793e-06, 'epoch': 0.01}
{'loss': 0.9079, 'grad_norm': 2.9100098609924316, 'learning_rate': 2.743419644767815e-06, 'epoch': 0.01}
{'loss': 1.1251, 'grad_norm': 3.3863942623138428, 'learning_rate': 2.745559597688851e-06, 'epoch': 0.01}
{'loss': 1.0928, 'grad_norm': 3.2794830799102783, 'learning_rate': 2.747699550609887e-06, 'epoch': 0.01}
{'loss': 1.0948, 'grad_norm': 3.4285695552825928, 'learning_rate': 2.749839503530923e-06, 'epoch': 0.01}
{'loss': 1.0879, 'grad_norm': 3.329557180404663, 'learning_rate': 2.7519794564519582e-06, 'epoch': 0.01}
{'loss': 1.2092, 'grad_norm': 3.3326635360717773, 'learning_rate': 2.754119409372994e-06, 'epoch': 0.01}
{'loss': 1.1379, 'grad_norm': 3.620731830596924, 'learning_rate': 2.7562593622940296e-06, 'epoch': 0.01}
{'loss': 1.1996, 'grad_norm': 3.4611804485321045, 'learning_rate': 2.7583993152150658e-06, 'epoch': 0.01}
{'loss': 1.1356, 'grad_norm': 3.3492634296417236, 'learning_rate': 2.760539268136101e-06, 'epoch': 0.01}
{'loss': 1.0428, 'grad_norm': 3.4242265224456787, 'learning_rate': 2.7626792210571368e-06, 'epoch': 0.01}
{'loss': 1.0345, 'grad_norm': 3.2433900833129883, 'learning_rate': 2.764819173978173e-06, 'epoch': 0.01}
{'loss': 1.1146, 'grad_norm': 3.1699252128601074, 'learning_rate': 2.7669591268992086e-06, 'epoch': 0.01}
{'loss': 1.1102, 'grad_norm': 3.192790985107422, 'learning_rate': 2.7690990798202443e-06, 'epoch': 0.01}
{'loss': 0.9143, 'grad_norm': 2.8463284969329834, 'learning_rate': 2.7712390327412796e-06, 'epoch': 0.01}
{'loss': 1.2445, 'grad_norm': 3.3800954818725586, 'learning_rate': 2.7733789856623157e-06, 'epoch': 0.01}
{'loss': 1.0957, 'grad_norm': 3.466958522796631, 'learning_rate': 2.7755189385833514e-06, 'epoch': 0.01}
{'loss': 0.9523, 'grad_norm': 2.932218551635742, 'learning_rate': 2.777658891504387e-06, 'epoch': 0.01}
{'loss': 1.1073, 'grad_norm': 4.4548211097717285, 'learning_rate': 2.7797988444254232e-06, 'epoch': 0.01}
{'loss': 0.9178, 'grad_norm': 3.0207746028900146, 'learning_rate': 2.7819387973464585e-06, 'epoch': 0.01}
{'loss': 1.3313, 'grad_norm': 3.001126766204834, 'learning_rate': 2.7840787502674942e-06, 'epoch': 0.01}
{'loss': 1.2644, 'grad_norm': 3.7217764854431152, 'learning_rate': 2.7862187031885303e-06, 'epoch': 0.01}
{'loss': 1.3437, 'grad_norm': 3.6833009719848633, 'learning_rate': 2.788358656109566e-06, 'epoch': 0.01}
{'loss': 1.1236, 'grad_norm': 3.309417963027954, 'learning_rate': 2.7904986090306013e-06, 'epoch': 0.01}
{'loss': 1.0015, 'grad_norm': 3.486647605895996, 'learning_rate': 2.792638561951637e-06, 'epoch': 0.01}
{'loss': 0.9337, 'grad_norm': 2.899423837661743, 'learning_rate': 2.794778514872673e-06, 'epoch': 0.01}
{'loss': 1.1791, 'grad_norm': 3.2601585388183594, 'learning_rate': 2.796918467793709e-06, 'epoch': 0.01}
{'loss': 0.9787, 'grad_norm': 3.328223943710327, 'learning_rate': 2.7990584207147446e-06, 'epoch': 0.01}
{'loss': 1.1215, 'grad_norm': 2.9434614181518555, 'learning_rate': 2.8011983736357803e-06, 'epoch': 0.01}
{'loss': 1.1787, 'grad_norm': 3.5190815925598145, 'learning_rate': 2.803338326556816e-06, 'epoch': 0.01}
{'loss': 1.3035, 'grad_norm': 3.8562467098236084, 'learning_rate': 2.8054782794778517e-06, 'epoch': 0.01}
{'loss': 1.1993, 'grad_norm': 3.742365837097168, 'learning_rate': 2.807618232398888e-06, 'epoch': 0.01}
{'loss': 1.3044, 'grad_norm': 3.6767382621765137, 'learning_rate': 2.809758185319923e-06, 'epoch': 0.01}
{'loss': 0.908, 'grad_norm': 3.011026382446289, 'learning_rate': 2.811898138240959e-06, 'epoch': 0.01}
{'loss': 1.0538, 'grad_norm': 3.1444952487945557, 'learning_rate': 2.8140380911619945e-06, 'epoch': 0.01}
{'loss': 1.0453, 'grad_norm': 3.127506732940674, 'learning_rate': 2.8161780440830306e-06, 'epoch': 0.01}
{'loss': 1.0196, 'grad_norm': 3.5792300701141357, 'learning_rate': 2.8183179970040663e-06, 'epoch': 0.01}
{'loss': 0.6923, 'grad_norm': 2.051717758178711, 'learning_rate': 2.8204579499251016e-06, 'epoch': 0.01}
{'loss': 1.2902, 'grad_norm': 3.3684682846069336, 'learning_rate': 2.8225979028461377e-06, 'epoch': 0.01}
{'loss': 0.9139, 'grad_norm': 2.7266550064086914, 'learning_rate': 2.8247378557671734e-06, 'epoch': 0.01}
{'loss': 1.1216, 'grad_norm': 3.0354764461517334, 'learning_rate': 2.826877808688209e-06, 'epoch': 0.01}
{'loss': 1.1341, 'grad_norm': 3.144688606262207, 'learning_rate': 2.8290177616092444e-06, 'epoch': 0.01}
{'loss': 1.1834, 'grad_norm': 3.6099371910095215, 'learning_rate': 2.8311577145302806e-06, 'epoch': 0.01}
{'loss': 1.2469, 'grad_norm': 3.181778907775879, 'learning_rate': 2.8332976674513163e-06, 'epoch': 0.01}
{'loss': 1.1002, 'grad_norm': 3.2484993934631348, 'learning_rate': 2.835437620372352e-06, 'epoch': 0.01}
{'loss': 1.2614, 'grad_norm': 3.7456140518188477, 'learning_rate': 2.837577573293388e-06, 'epoch': 0.01}
{'loss': 1.1052, 'grad_norm': 3.542665719985962, 'learning_rate': 2.8397175262144234e-06, 'epoch': 0.01}
{'loss': 1.2661, 'grad_norm': 3.601818561553955, 'learning_rate': 2.841857479135459e-06, 'epoch': 0.01}
{'loss': 1.0225, 'grad_norm': 3.468954563140869, 'learning_rate': 2.843997432056495e-06, 'epoch': 0.01}
{'loss': 0.9695, 'grad_norm': 3.147324800491333, 'learning_rate': 2.846137384977531e-06, 'epoch': 0.01}
{'loss': 1.2518, 'grad_norm': 3.4415595531463623, 'learning_rate': 2.848277337898566e-06, 'epoch': 0.01}
{'loss': 1.1683, 'grad_norm': 3.37808895111084, 'learning_rate': 2.850417290819602e-06, 'epoch': 0.01}
{'loss': 1.0941, 'grad_norm': 3.2009382247924805, 'learning_rate': 2.852557243740638e-06, 'epoch': 0.01}
{'loss': 1.0052, 'grad_norm': 3.2318601608276367, 'learning_rate': 2.8546971966616737e-06, 'epoch': 0.01}
{'loss': 0.9075, 'grad_norm': 2.8328356742858887, 'learning_rate': 2.85683714958271e-06, 'epoch': 0.01}
{'loss': 1.188, 'grad_norm': 3.167632579803467, 'learning_rate': 2.858977102503745e-06, 'epoch': 0.01}
{'loss': 1.3317, 'grad_norm': 2.9855406284332275, 'learning_rate': 2.861117055424781e-06, 'epoch': 0.01}
{'loss': 1.2327, 'grad_norm': 3.2045106887817383, 'learning_rate': 2.8632570083458165e-06, 'epoch': 0.01}
{'loss': 0.9447, 'grad_norm': 2.9091110229492188, 'learning_rate': 2.8653969612668527e-06, 'epoch': 0.01}
{'loss': 1.1447, 'grad_norm': 3.1226449012756348, 'learning_rate': 2.8675369141878884e-06, 'epoch': 0.01}
{'loss': 0.9155, 'grad_norm': 2.8941829204559326, 'learning_rate': 2.8696768671089236e-06, 'epoch': 0.01}
{'loss': 1.1853, 'grad_norm': 3.041477680206299, 'learning_rate': 2.8718168200299593e-06, 'epoch': 0.01}
{'loss': 1.0302, 'grad_norm': 3.593472719192505, 'learning_rate': 2.8739567729509955e-06, 'epoch': 0.01}
{'loss': 1.1894, 'grad_norm': 2.855116605758667, 'learning_rate': 2.876096725872031e-06, 'epoch': 0.01}
{'loss': 1.0437, 'grad_norm': 3.5516715049743652, 'learning_rate': 2.8782366787930665e-06, 'epoch': 0.01}
{'loss': 0.7166, 'grad_norm': 3.1299610137939453, 'learning_rate': 2.8803766317141026e-06, 'epoch': 0.01}
{'loss': 1.1064, 'grad_norm': 3.3660600185394287, 'learning_rate': 2.8825165846351383e-06, 'epoch': 0.01}
{'loss': 1.2311, 'grad_norm': 3.6114232540130615, 'learning_rate': 2.884656537556174e-06, 'epoch': 0.01}
{'loss': 1.1211, 'grad_norm': 3.661637783050537, 'learning_rate': 2.88679649047721e-06, 'epoch': 0.01}
{'loss': 0.924, 'grad_norm': 3.2548444271087646, 'learning_rate': 2.8889364433982454e-06, 'epoch': 0.01}
{'loss': 1.1308, 'grad_norm': 3.6280460357666016, 'learning_rate': 2.891076396319281e-06, 'epoch': 0.01}
{'loss': 1.3661, 'grad_norm': 3.6774203777313232, 'learning_rate': 2.8932163492403172e-06, 'epoch': 0.01}
{'loss': 1.0058, 'grad_norm': 2.9315738677978516, 'learning_rate': 2.895356302161353e-06, 'epoch': 0.01}
{'loss': 1.1389, 'grad_norm': 4.1851301193237305, 'learning_rate': 2.8974962550823882e-06, 'epoch': 0.01}
{'loss': 1.3186, 'grad_norm': 3.764301061630249, 'learning_rate': 2.899636208003424e-06, 'epoch': 0.01}
{'loss': 1.1653, 'grad_norm': 4.065742015838623, 'learning_rate': 2.90177616092446e-06, 'epoch': 0.01}
{'loss': 1.1097, 'grad_norm': 3.4051108360290527, 'learning_rate': 2.9039161138454957e-06, 'epoch': 0.01}
{'loss': 1.0877, 'grad_norm': 3.537628412246704, 'learning_rate': 2.9060560667665315e-06, 'epoch': 0.01}
{'loss': 1.0167, 'grad_norm': 3.3481953144073486, 'learning_rate': 2.9081960196875667e-06, 'epoch': 0.01}
{'loss': 1.1738, 'grad_norm': 3.283536911010742, 'learning_rate': 2.910335972608603e-06, 'epoch': 0.01}
{'loss': 1.1432, 'grad_norm': 3.2714240550994873, 'learning_rate': 2.9124759255296386e-06, 'epoch': 0.01}
{'loss': 0.9253, 'grad_norm': 2.892160415649414, 'learning_rate': 2.9146158784506747e-06, 'epoch': 0.01}
{'loss': 1.1266, 'grad_norm': 3.1045517921447754, 'learning_rate': 2.91675583137171e-06, 'epoch': 0.01}
{'loss': 1.0597, 'grad_norm': 3.4421675205230713, 'learning_rate': 2.9188957842927457e-06, 'epoch': 0.01}
{'loss': 1.2355, 'grad_norm': 3.721776008605957, 'learning_rate': 2.9210357372137814e-06, 'epoch': 0.01}
{'loss': 1.2199, 'grad_norm': 3.377603769302368, 'learning_rate': 2.9231756901348175e-06, 'epoch': 0.01}
{'loss': 0.9836, 'grad_norm': 2.929762125015259, 'learning_rate': 2.925315643055853e-06, 'epoch': 0.01}
{'loss': 1.2245, 'grad_norm': 3.201415538787842, 'learning_rate': 2.9274555959768885e-06, 'epoch': 0.01}
{'loss': 1.1136, 'grad_norm': 3.554609537124634, 'learning_rate': 2.9295955488979246e-06, 'epoch': 0.01}
{'loss': 1.3331, 'grad_norm': 3.3716139793395996, 'learning_rate': 2.9317355018189603e-06, 'epoch': 0.01}
{'loss': 1.101, 'grad_norm': 3.408273458480835, 'learning_rate': 2.933875454739996e-06, 'epoch': 0.01}
{'loss': 1.2052, 'grad_norm': 3.2767722606658936, 'learning_rate': 2.9360154076610313e-06, 'epoch': 0.01}
{'loss': 1.0088, 'grad_norm': 3.060398817062378, 'learning_rate': 2.9381553605820674e-06, 'epoch': 0.01}
{'loss': 1.0971, 'grad_norm': 3.253380298614502, 'learning_rate': 2.940295313503103e-06, 'epoch': 0.01}
{'loss': 1.0967, 'grad_norm': 3.198827028274536, 'learning_rate': 2.942435266424139e-06, 'epoch': 0.01}
{'loss': 1.1948, 'grad_norm': 5.1141533851623535, 'learning_rate': 2.944575219345175e-06, 'epoch': 0.01}
{'loss': 1.1848, 'grad_norm': 3.1500301361083984, 'learning_rate': 2.9467151722662102e-06, 'epoch': 0.01}
{'loss': 1.2056, 'grad_norm': 3.3251025676727295, 'learning_rate': 2.948855125187246e-06, 'epoch': 0.01}
{'loss': 1.0285, 'grad_norm': 2.8722643852233887, 'learning_rate': 2.950995078108282e-06, 'epoch': 0.01}
{'loss': 1.0017, 'grad_norm': 2.8270373344421387, 'learning_rate': 2.9531350310293178e-06, 'epoch': 0.01}
{'loss': 0.9814, 'grad_norm': 3.323986768722534, 'learning_rate': 2.955274983950353e-06, 'epoch': 0.01}
{'loss': 0.9529, 'grad_norm': 2.9542417526245117, 'learning_rate': 2.9574149368713888e-06, 'epoch': 0.01}
{'loss': 1.1288, 'grad_norm': 3.2012877464294434, 'learning_rate': 2.959554889792425e-06, 'epoch': 0.01}
{'loss': 1.1056, 'grad_norm': 3.321941375732422, 'learning_rate': 2.9616948427134606e-06, 'epoch': 0.01}
{'loss': 1.1414, 'grad_norm': 3.3010635375976562, 'learning_rate': 2.9638347956344963e-06, 'epoch': 0.01}
{'loss': 1.1974, 'grad_norm': 3.3893933296203613, 'learning_rate': 2.965974748555532e-06, 'epoch': 0.01}
{'loss': 1.1718, 'grad_norm': 3.801849603652954, 'learning_rate': 2.9681147014765677e-06, 'epoch': 0.01}
{'loss': 1.0649, 'grad_norm': 3.0515241622924805, 'learning_rate': 2.9702546543976034e-06, 'epoch': 0.01}
{'loss': 1.0913, 'grad_norm': 3.4742062091827393, 'learning_rate': 2.9723946073186395e-06, 'epoch': 0.01}
{'loss': 1.2173, 'grad_norm': 4.3656392097473145, 'learning_rate': 2.9745345602396752e-06, 'epoch': 0.01}
{'loss': 1.0727, 'grad_norm': 2.9347400665283203, 'learning_rate': 2.9766745131607105e-06, 'epoch': 0.01}
{'loss': 0.9561, 'grad_norm': 3.177009105682373, 'learning_rate': 2.9788144660817462e-06, 'epoch': 0.01}
{'loss': 1.2149, 'grad_norm': 3.5339174270629883, 'learning_rate': 2.9809544190027824e-06, 'epoch': 0.01}
{'loss': 1.272, 'grad_norm': 3.356947898864746, 'learning_rate': 2.983094371923818e-06, 'epoch': 0.01}
{'loss': 1.2222, 'grad_norm': 3.307249069213867, 'learning_rate': 2.9852343248448533e-06, 'epoch': 0.01}
{'loss': 1.0922, 'grad_norm': 3.0113608837127686, 'learning_rate': 2.9873742777658895e-06, 'epoch': 0.01}
{'loss': 1.28, 'grad_norm': 3.9118781089782715, 'learning_rate': 2.989514230686925e-06, 'epoch': 0.01}
{'loss': 1.0435, 'grad_norm': 3.2574658393859863, 'learning_rate': 2.991654183607961e-06, 'epoch': 0.01}
{'loss': 1.0056, 'grad_norm': 3.3946428298950195, 'learning_rate': 2.993794136528997e-06, 'epoch': 0.01}
{'loss': 1.1086, 'grad_norm': 3.5289785861968994, 'learning_rate': 2.9959340894500323e-06, 'epoch': 0.01}
{'loss': 0.9821, 'grad_norm': 3.202932596206665, 'learning_rate': 2.998074042371068e-06, 'epoch': 0.01}
{'loss': 1.0977, 'grad_norm': 3.9836714267730713, 'learning_rate': 3.0002139952921037e-06, 'epoch': 0.01}
{'loss': 1.202, 'grad_norm': 3.489413022994995, 'learning_rate': 3.00235394821314e-06, 'epoch': 0.01}
{'loss': 1.4298, 'grad_norm': 3.668828248977661, 'learning_rate': 3.004493901134175e-06, 'epoch': 0.01}
{'loss': 1.2175, 'grad_norm': 3.65972638130188, 'learning_rate': 3.006633854055211e-06, 'epoch': 0.01}
{'loss': 1.2012, 'grad_norm': 3.758347511291504, 'learning_rate': 3.008773806976247e-06, 'epoch': 0.01}
{'loss': 1.1295, 'grad_norm': 3.4005372524261475, 'learning_rate': 3.0109137598972826e-06, 'epoch': 0.01}
{'loss': 1.1054, 'grad_norm': 3.027379274368286, 'learning_rate': 3.0130537128183183e-06, 'epoch': 0.01}
{'loss': 1.1593, 'grad_norm': 4.048203468322754, 'learning_rate': 3.0151936657393536e-06, 'epoch': 0.01}
{'loss': 1.4034, 'grad_norm': 3.608374834060669, 'learning_rate': 3.0173336186603897e-06, 'epoch': 0.01}
{'loss': 0.9315, 'grad_norm': 2.997406482696533, 'learning_rate': 3.0194735715814254e-06, 'epoch': 0.01}
{'loss': 1.2186, 'grad_norm': 3.7120676040649414, 'learning_rate': 3.0216135245024616e-06, 'epoch': 0.01}
{'loss': 1.2265, 'grad_norm': 3.3922910690307617, 'learning_rate': 3.023753477423497e-06, 'epoch': 0.01}
{'loss': 1.0146, 'grad_norm': 2.9687886238098145, 'learning_rate': 3.0258934303445326e-06, 'epoch': 0.01}
{'loss': 0.9996, 'grad_norm': 2.990361213684082, 'learning_rate': 3.0280333832655683e-06, 'epoch': 0.01}
{'loss': 0.9351, 'grad_norm': 3.019500255584717, 'learning_rate': 3.0301733361866044e-06, 'epoch': 0.01}
{'loss': 0.7812, 'grad_norm': 3.9798314571380615, 'learning_rate': 3.03231328910764e-06, 'epoch': 0.01}
{'loss': 1.0117, 'grad_norm': 3.108663558959961, 'learning_rate': 3.0344532420286754e-06, 'epoch': 0.01}
{'loss': 0.6153, 'grad_norm': 2.6054341793060303, 'learning_rate': 3.036593194949711e-06, 'epoch': 0.01}
{'loss': 1.1989, 'grad_norm': 3.4800102710723877, 'learning_rate': 3.038733147870747e-06, 'epoch': 0.01}
{'loss': 1.013, 'grad_norm': 3.103121042251587, 'learning_rate': 3.040873100791783e-06, 'epoch': 0.01}
{'loss': 1.1541, 'grad_norm': 3.2540857791900635, 'learning_rate': 3.043013053712818e-06, 'epoch': 0.01}
{'loss': 1.1516, 'grad_norm': 3.2462897300720215, 'learning_rate': 3.0451530066338543e-06, 'epoch': 0.01}
{'loss': 1.2656, 'grad_norm': 3.821256399154663, 'learning_rate': 3.04729295955489e-06, 'epoch': 0.01}
{'loss': 1.1551, 'grad_norm': 3.3295576572418213, 'learning_rate': 3.0494329124759257e-06, 'epoch': 0.01}
{'loss': 1.1229, 'grad_norm': 3.0067834854125977, 'learning_rate': 3.051572865396962e-06, 'epoch': 0.01}
{'loss': 0.7195, 'grad_norm': 2.078688144683838, 'learning_rate': 3.053712818317997e-06, 'epoch': 0.01}
{'loss': 1.1566, 'grad_norm': 3.2628424167633057, 'learning_rate': 3.055852771239033e-06, 'epoch': 0.01}
{'loss': 1.1789, 'grad_norm': 2.7638189792633057, 'learning_rate': 3.057992724160069e-06, 'epoch': 0.01}
{'loss': 1.2289, 'grad_norm': 3.204166889190674, 'learning_rate': 3.0601326770811047e-06, 'epoch': 0.01}
{'loss': 1.1201, 'grad_norm': 3.384286403656006, 'learning_rate': 3.0622726300021404e-06, 'epoch': 0.01}
{'loss': 1.0705, 'grad_norm': 3.2320029735565186, 'learning_rate': 3.0644125829231756e-06, 'epoch': 0.01}
{'loss': 1.3754, 'grad_norm': 3.159538984298706, 'learning_rate': 3.0665525358442118e-06, 'epoch': 0.01}
{'loss': 1.1148, 'grad_norm': 3.2405059337615967, 'learning_rate': 3.0686924887652475e-06, 'epoch': 0.01}
{'loss': 1.3077, 'grad_norm': 4.39248514175415, 'learning_rate': 3.070832441686283e-06, 'epoch': 0.01}
{'loss': 0.9355, 'grad_norm': 3.2770206928253174, 'learning_rate': 3.0729723946073185e-06, 'epoch': 0.01}
{'loss': 1.1713, 'grad_norm': 3.761652946472168, 'learning_rate': 3.0751123475283546e-06, 'epoch': 0.01}
{'loss': 1.1359, 'grad_norm': 3.4754772186279297, 'learning_rate': 3.0772523004493903e-06, 'epoch': 0.01}
{'loss': 1.2139, 'grad_norm': 3.309941053390503, 'learning_rate': 3.0793922533704264e-06, 'epoch': 0.01}
{'loss': 0.9618, 'grad_norm': 2.7676870822906494, 'learning_rate': 3.081532206291462e-06, 'epoch': 0.01}
{'loss': 0.8637, 'grad_norm': 3.1142594814300537, 'learning_rate': 3.0836721592124974e-06, 'epoch': 0.01}
{'loss': 1.0998, 'grad_norm': 3.5013234615325928, 'learning_rate': 3.085812112133533e-06, 'epoch': 0.01}
{'loss': 0.9554, 'grad_norm': 3.63270902633667, 'learning_rate': 3.0879520650545692e-06, 'epoch': 0.01}
{'loss': 1.1437, 'grad_norm': 3.9139533042907715, 'learning_rate': 3.090092017975605e-06, 'epoch': 0.01}
{'loss': 1.109, 'grad_norm': 3.0595767498016357, 'learning_rate': 3.0922319708966402e-06, 'epoch': 0.01}
{'loss': 0.6273, 'grad_norm': 2.6822762489318848, 'learning_rate': 3.0943719238176763e-06, 'epoch': 0.01}
{'loss': 1.2146, 'grad_norm': 3.6959753036499023, 'learning_rate': 3.096511876738712e-06, 'epoch': 0.01}
{'loss': 0.8648, 'grad_norm': 2.841154098510742, 'learning_rate': 3.0986518296597478e-06, 'epoch': 0.01}
{'loss': 1.1256, 'grad_norm': 3.4388935565948486, 'learning_rate': 3.100791782580784e-06, 'epoch': 0.01}
{'loss': 1.2517, 'grad_norm': 3.469374418258667, 'learning_rate': 3.102931735501819e-06, 'epoch': 0.01}
{'loss': 1.1144, 'grad_norm': 3.4139244556427, 'learning_rate': 3.105071688422855e-06, 'epoch': 0.01}
{'loss': 1.0608, 'grad_norm': 2.907088041305542, 'learning_rate': 3.1072116413438906e-06, 'epoch': 0.01}
{'loss': 1.0677, 'grad_norm': 3.504624128341675, 'learning_rate': 3.1093515942649267e-06, 'epoch': 0.01}
{'loss': 0.9702, 'grad_norm': 3.6991589069366455, 'learning_rate': 3.111491547185962e-06, 'epoch': 0.01}
{'loss': 1.0639, 'grad_norm': 3.331223249435425, 'learning_rate': 3.1136315001069977e-06, 'epoch': 0.01}
{'loss': 0.9479, 'grad_norm': 3.036364793777466, 'learning_rate': 3.115771453028034e-06, 'epoch': 0.01}
{'loss': 0.9743, 'grad_norm': 2.8293917179107666, 'learning_rate': 3.1179114059490695e-06, 'epoch': 0.01}
{'loss': 1.1762, 'grad_norm': 3.472344160079956, 'learning_rate': 3.1200513588701052e-06, 'epoch': 0.01}
{'loss': 1.0963, 'grad_norm': 3.2290210723876953, 'learning_rate': 3.1221913117911405e-06, 'epoch': 0.01}
{'loss': 1.1883, 'grad_norm': 3.053516149520874, 'learning_rate': 3.1243312647121766e-06, 'epoch': 0.01}
{'loss': 1.2704, 'grad_norm': 3.7903430461883545, 'learning_rate': 3.1264712176332123e-06, 'epoch': 0.01}
{'loss': 1.0207, 'grad_norm': 3.4673609733581543, 'learning_rate': 3.128611170554248e-06, 'epoch': 0.01}
{'loss': 1.1238, 'grad_norm': 2.9997594356536865, 'learning_rate': 3.1307511234752837e-06, 'epoch': 0.01}
{'loss': 1.0155, 'grad_norm': 3.3890304565429688, 'learning_rate': 3.1328910763963194e-06, 'epoch': 0.01}
{'loss': 1.1545, 'grad_norm': 3.314033269882202, 'learning_rate': 3.135031029317355e-06, 'epoch': 0.01}
{'loss': 0.6728, 'grad_norm': 2.203547477722168, 'learning_rate': 3.1371709822383913e-06, 'epoch': 0.01}
{'loss': 1.128, 'grad_norm': 3.4030818939208984, 'learning_rate': 3.139310935159427e-06, 'epoch': 0.01}
{'loss': 0.7386, 'grad_norm': 1.921808123588562, 'learning_rate': 3.1414508880804623e-06, 'epoch': 0.01}
{'loss': 1.0086, 'grad_norm': 3.1394271850585938, 'learning_rate': 3.143590841001498e-06, 'epoch': 0.01}
{'loss': 1.2101, 'grad_norm': 3.3235623836517334, 'learning_rate': 3.145730793922534e-06, 'epoch': 0.01}
{'loss': 1.1443, 'grad_norm': 3.41921067237854, 'learning_rate': 3.14787074684357e-06, 'epoch': 0.01}
{'loss': 1.0075, 'grad_norm': 3.6764440536499023, 'learning_rate': 3.150010699764605e-06, 'epoch': 0.01}
{'loss': 1.0318, 'grad_norm': 5.122476577758789, 'learning_rate': 3.152150652685641e-06, 'epoch': 0.01}
{'loss': 0.9969, 'grad_norm': 3.260768413543701, 'learning_rate': 3.154290605606677e-06, 'epoch': 0.01}
{'loss': 1.0381, 'grad_norm': 2.7438719272613525, 'learning_rate': 3.1564305585277126e-06, 'epoch': 0.01}
{'loss': 0.9067, 'grad_norm': 2.9942750930786133, 'learning_rate': 3.1585705114487487e-06, 'epoch': 0.01}
{'loss': 1.208, 'grad_norm': 2.9239399433135986, 'learning_rate': 3.160710464369784e-06, 'epoch': 0.01}
{'loss': 1.1827, 'grad_norm': 3.33504581451416, 'learning_rate': 3.1628504172908197e-06, 'epoch': 0.01}
{'loss': 1.1784, 'grad_norm': 3.3853530883789062, 'learning_rate': 3.1649903702118554e-06, 'epoch': 0.01}
{'loss': 1.0999, 'grad_norm': 3.300992250442505, 'learning_rate': 3.1671303231328915e-06, 'epoch': 0.01}
{'loss': 1.011, 'grad_norm': 3.0793709754943848, 'learning_rate': 3.1692702760539273e-06, 'epoch': 0.01}
{'loss': 1.0873, 'grad_norm': 3.5582475662231445, 'learning_rate': 3.1714102289749625e-06, 'epoch': 0.01}
{'loss': 0.9772, 'grad_norm': 2.8515872955322266, 'learning_rate': 3.1735501818959987e-06, 'epoch': 0.01}
{'loss': 0.9698, 'grad_norm': 3.1086108684539795, 'learning_rate': 3.1756901348170344e-06, 'epoch': 0.01}
{'loss': 0.9974, 'grad_norm': 3.2087512016296387, 'learning_rate': 3.17783008773807e-06, 'epoch': 0.01}
{'loss': 1.1824, 'grad_norm': 3.178738594055176, 'learning_rate': 3.1799700406591053e-06, 'epoch': 0.01}
{'loss': 1.1487, 'grad_norm': 3.3080716133117676, 'learning_rate': 3.1821099935801415e-06, 'epoch': 0.01}
{'loss': 1.2491, 'grad_norm': 3.7787182331085205, 'learning_rate': 3.184249946501177e-06, 'epoch': 0.01}
{'loss': 1.185, 'grad_norm': 3.2833054065704346, 'learning_rate': 3.1863898994222133e-06, 'epoch': 0.01}
{'loss': 1.0572, 'grad_norm': 2.9226644039154053, 'learning_rate': 3.188529852343249e-06, 'epoch': 0.01}
{'loss': 1.155, 'grad_norm': 3.544696807861328, 'learning_rate': 3.1906698052642843e-06, 'epoch': 0.01}
{'loss': 1.1185, 'grad_norm': 3.02232027053833, 'learning_rate': 3.19280975818532e-06, 'epoch': 0.01}
{'loss': 1.0124, 'grad_norm': 3.0220694541931152, 'learning_rate': 3.194949711106356e-06, 'epoch': 0.01}
{'loss': 1.1844, 'grad_norm': 3.158177137374878, 'learning_rate': 3.197089664027392e-06, 'epoch': 0.01}
{'loss': 1.0747, 'grad_norm': 2.9777767658233643, 'learning_rate': 3.199229616948427e-06, 'epoch': 0.01}
{'loss': 0.7844, 'grad_norm': 2.7105391025543213, 'learning_rate': 3.201369569869463e-06, 'epoch': 0.01}
{'loss': 1.0288, 'grad_norm': 2.946129560470581, 'learning_rate': 3.203509522790499e-06, 'epoch': 0.01}
{'loss': 1.0178, 'grad_norm': 3.0592827796936035, 'learning_rate': 3.2056494757115346e-06, 'epoch': 0.01}
{'loss': 1.0031, 'grad_norm': 3.0137901306152344, 'learning_rate': 3.2077894286325708e-06, 'epoch': 0.01}
{'loss': 1.0032, 'grad_norm': 3.127412796020508, 'learning_rate': 3.209929381553606e-06, 'epoch': 0.01}
{'loss': 1.0606, 'grad_norm': 3.381568193435669, 'learning_rate': 3.2120693344746417e-06, 'epoch': 0.01}
{'loss': 0.9943, 'grad_norm': 3.145477533340454, 'learning_rate': 3.2142092873956775e-06, 'epoch': 0.01}
{'loss': 1.275, 'grad_norm': 3.6935341358184814, 'learning_rate': 3.2163492403167136e-06, 'epoch': 0.01}
{'loss': 1.153, 'grad_norm': 3.376361608505249, 'learning_rate': 3.218489193237749e-06, 'epoch': 0.01}
{'loss': 1.004, 'grad_norm': 3.1312365531921387, 'learning_rate': 3.2206291461587846e-06, 'epoch': 0.01}
{'loss': 1.1126, 'grad_norm': 3.7287750244140625, 'learning_rate': 3.2227690990798207e-06, 'epoch': 0.01}
{'loss': 0.8738, 'grad_norm': 3.116142749786377, 'learning_rate': 3.2249090520008564e-06, 'epoch': 0.01}
{'loss': 1.2426, 'grad_norm': 3.5264902114868164, 'learning_rate': 3.227049004921892e-06, 'epoch': 0.01}
{'loss': 1.156, 'grad_norm': 2.9822168350219727, 'learning_rate': 3.2291889578429274e-06, 'epoch': 0.01}
{'loss': 0.9367, 'grad_norm': 2.887479543685913, 'learning_rate': 3.2313289107639635e-06, 'epoch': 0.01}
{'loss': 1.1154, 'grad_norm': 2.9404854774475098, 'learning_rate': 3.233468863684999e-06, 'epoch': 0.01}
{'loss': 1.0642, 'grad_norm': 3.3632187843322754, 'learning_rate': 3.235608816606035e-06, 'epoch': 0.01}
{'loss': 1.2715, 'grad_norm': 3.1227102279663086, 'learning_rate': 3.23774876952707e-06, 'epoch': 0.01}
{'loss': 1.1846, 'grad_norm': 4.044719219207764, 'learning_rate': 3.2398887224481063e-06, 'epoch': 0.01}
{'loss': 1.2043, 'grad_norm': 3.541241407394409, 'learning_rate': 3.242028675369142e-06, 'epoch': 0.01}
{'loss': 1.0341, 'grad_norm': 2.9692766666412354, 'learning_rate': 3.244168628290178e-06, 'epoch': 0.01}
{'loss': 1.2187, 'grad_norm': 3.483989715576172, 'learning_rate': 3.246308581211214e-06, 'epoch': 0.01}
{'loss': 0.9175, 'grad_norm': 2.6581473350524902, 'learning_rate': 3.248448534132249e-06, 'epoch': 0.01}
{'loss': 1.0739, 'grad_norm': 3.183029890060425, 'learning_rate': 3.250588487053285e-06, 'epoch': 0.01}
{'loss': 1.0877, 'grad_norm': 3.0840697288513184, 'learning_rate': 3.252728439974321e-06, 'epoch': 0.01}
{'loss': 1.2357, 'grad_norm': 3.5345871448516846, 'learning_rate': 3.2548683928953567e-06, 'epoch': 0.01}
{'loss': 0.9007, 'grad_norm': 3.821978807449341, 'learning_rate': 3.2570083458163924e-06, 'epoch': 0.01}
{'loss': 1.1751, 'grad_norm': 3.5246031284332275, 'learning_rate': 3.259148298737428e-06, 'epoch': 0.01}
{'loss': 1.2784, 'grad_norm': 4.5993499755859375, 'learning_rate': 3.2612882516584638e-06, 'epoch': 0.01}
{'loss': 1.0188, 'grad_norm': 3.0500833988189697, 'learning_rate': 3.2634282045794995e-06, 'epoch': 0.01}
{'loss': 1.0085, 'grad_norm': 2.9680569171905518, 'learning_rate': 3.2655681575005356e-06, 'epoch': 0.01}
{'loss': 1.2133, 'grad_norm': 3.6667675971984863, 'learning_rate': 3.267708110421571e-06, 'epoch': 0.01}
{'loss': 1.1636, 'grad_norm': 3.3628697395324707, 'learning_rate': 3.2698480633426066e-06, 'epoch': 0.01}
{'loss': 1.1705, 'grad_norm': 3.532658815383911, 'learning_rate': 3.2719880162636423e-06, 'epoch': 0.01}
{'loss': 0.9738, 'grad_norm': 2.893477439880371, 'learning_rate': 3.2741279691846784e-06, 'epoch': 0.01}
{'loss': 0.5574, 'grad_norm': 2.0502710342407227, 'learning_rate': 3.276267922105714e-06, 'epoch': 0.01}
{'loss': 1.1301, 'grad_norm': 3.402888774871826, 'learning_rate': 3.2784078750267494e-06, 'epoch': 0.01}
{'loss': 1.2697, 'grad_norm': 3.492347478866577, 'learning_rate': 3.2805478279477855e-06, 'epoch': 0.01}
{'loss': 1.1723, 'grad_norm': 3.7972841262817383, 'learning_rate': 3.2826877808688212e-06, 'epoch': 0.01}
{'loss': 1.0516, 'grad_norm': 3.0909862518310547, 'learning_rate': 3.284827733789857e-06, 'epoch': 0.01}
{'loss': 1.16, 'grad_norm': 2.9841599464416504, 'learning_rate': 3.2869676867108922e-06, 'epoch': 0.01}
{'loss': 1.2124, 'grad_norm': 3.4578800201416016, 'learning_rate': 3.2891076396319284e-06, 'epoch': 0.01}
{'loss': 1.128, 'grad_norm': 3.2236416339874268, 'learning_rate': 3.291247592552964e-06, 'epoch': 0.01}
{'loss': 1.0584, 'grad_norm': 3.161945104598999, 'learning_rate': 3.2933875454739998e-06, 'epoch': 0.01}
{'loss': 1.2383, 'grad_norm': 3.5846736431121826, 'learning_rate': 3.295527498395036e-06, 'epoch': 0.01}
{'loss': 0.9843, 'grad_norm': 3.645726442337036, 'learning_rate': 3.297667451316071e-06, 'epoch': 0.01}
{'loss': 1.3754, 'grad_norm': 3.5131590366363525, 'learning_rate': 3.299807404237107e-06, 'epoch': 0.01}
{'loss': 1.0928, 'grad_norm': 3.435452938079834, 'learning_rate': 3.301947357158143e-06, 'epoch': 0.01}
{'loss': 1.1435, 'grad_norm': 3.338921546936035, 'learning_rate': 3.3040873100791787e-06, 'epoch': 0.01}
{'loss': 1.2074, 'grad_norm': 3.841029167175293, 'learning_rate': 3.306227263000214e-06, 'epoch': 0.01}
{'loss': 1.0963, 'grad_norm': 3.224614143371582, 'learning_rate': 3.3083672159212497e-06, 'epoch': 0.01}
{'loss': 0.7101, 'grad_norm': 3.113475799560547, 'learning_rate': 3.310507168842286e-06, 'epoch': 0.01}
{'loss': 1.1471, 'grad_norm': 3.4021589756011963, 'learning_rate': 3.3126471217633215e-06, 'epoch': 0.01}
{'loss': 1.2299, 'grad_norm': 3.37898325920105, 'learning_rate': 3.3147870746843576e-06, 'epoch': 0.01}
{'loss': 1.0139, 'grad_norm': 3.18513822555542, 'learning_rate': 3.316927027605393e-06, 'epoch': 0.01}
{'loss': 0.9797, 'grad_norm': 3.022854804992676, 'learning_rate': 3.3190669805264286e-06, 'epoch': 0.01}
{'loss': 1.2403, 'grad_norm': 3.0418832302093506, 'learning_rate': 3.3212069334474643e-06, 'epoch': 0.01}
{'loss': 1.1145, 'grad_norm': 2.9834752082824707, 'learning_rate': 3.3233468863685005e-06, 'epoch': 0.01}
{'loss': 1.3857, 'grad_norm': 3.210287094116211, 'learning_rate': 3.3254868392895357e-06, 'epoch': 0.01}
{'loss': 0.9962, 'grad_norm': 3.2928566932678223, 'learning_rate': 3.3276267922105714e-06, 'epoch': 0.01}
{'loss': 1.0884, 'grad_norm': 3.452382802963257, 'learning_rate': 3.329766745131607e-06, 'epoch': 0.01}
{'loss': 1.0012, 'grad_norm': 3.7372491359710693, 'learning_rate': 3.3319066980526433e-06, 'epoch': 0.01}
{'loss': 1.0375, 'grad_norm': 2.894782543182373, 'learning_rate': 3.334046650973679e-06, 'epoch': 0.01}
{'loss': 1.1301, 'grad_norm': 2.9607675075531006, 'learning_rate': 3.3361866038947143e-06, 'epoch': 0.01}
{'loss': 0.7067, 'grad_norm': 2.6556308269500732, 'learning_rate': 3.3383265568157504e-06, 'epoch': 0.01}
{'loss': 1.0377, 'grad_norm': 3.6807048320770264, 'learning_rate': 3.340466509736786e-06, 'epoch': 0.01}
{'loss': 1.0326, 'grad_norm': 3.2576744556427, 'learning_rate': 3.342606462657822e-06, 'epoch': 0.01}
{'loss': 1.0343, 'grad_norm': 3.1318137645721436, 'learning_rate': 3.344746415578857e-06, 'epoch': 0.01}
{'loss': 1.0653, 'grad_norm': 3.1405272483825684, 'learning_rate': 3.346886368499893e-06, 'epoch': 0.01}
{'loss': 1.3748, 'grad_norm': 3.563493490219116, 'learning_rate': 3.349026321420929e-06, 'epoch': 0.01}
{'loss': 1.0167, 'grad_norm': 3.176234722137451, 'learning_rate': 3.351166274341965e-06, 'epoch': 0.01}
{'loss': 0.8897, 'grad_norm': 2.8336572647094727, 'learning_rate': 3.3533062272630007e-06, 'epoch': 0.01}
{'loss': 1.0269, 'grad_norm': 3.8091249465942383, 'learning_rate': 3.355446180184036e-06, 'epoch': 0.01}
{'loss': 1.3343, 'grad_norm': 3.036875009536743, 'learning_rate': 3.3575861331050717e-06, 'epoch': 0.01}
{'loss': 1.0623, 'grad_norm': 3.5297629833221436, 'learning_rate': 3.359726086026108e-06, 'epoch': 0.01}
{'loss': 1.2919, 'grad_norm': 3.528447151184082, 'learning_rate': 3.3618660389471436e-06, 'epoch': 0.01}
{'loss': 1.0864, 'grad_norm': 3.0812489986419678, 'learning_rate': 3.3640059918681793e-06, 'epoch': 0.01}
{'loss': 1.3268, 'grad_norm': 3.7926998138427734, 'learning_rate': 3.3661459447892145e-06, 'epoch': 0.01}
{'loss': 0.9948, 'grad_norm': 2.993450880050659, 'learning_rate': 3.3682858977102507e-06, 'epoch': 0.01}
{'loss': 1.1647, 'grad_norm': 3.4386394023895264, 'learning_rate': 3.3704258506312864e-06, 'epoch': 0.01}
{'loss': 1.0069, 'grad_norm': 3.2072997093200684, 'learning_rate': 3.3725658035523225e-06, 'epoch': 0.01}
{'loss': 1.1048, 'grad_norm': 2.9541852474212646, 'learning_rate': 3.3747057564733578e-06, 'epoch': 0.01}
{'loss': 0.9686, 'grad_norm': 3.0160629749298096, 'learning_rate': 3.3768457093943935e-06, 'epoch': 0.01}
{'loss': 1.0971, 'grad_norm': 3.1965017318725586, 'learning_rate': 3.378985662315429e-06, 'epoch': 0.01}
{'loss': 1.2201, 'grad_norm': 3.318634271621704, 'learning_rate': 3.3811256152364653e-06, 'epoch': 0.01}
{'loss': 1.0393, 'grad_norm': 3.134789228439331, 'learning_rate': 3.383265568157501e-06, 'epoch': 0.01}
{'loss': 1.1745, 'grad_norm': 3.6045613288879395, 'learning_rate': 3.3854055210785363e-06, 'epoch': 0.01}
{'loss': 1.1294, 'grad_norm': 3.454237699508667, 'learning_rate': 3.3875454739995724e-06, 'epoch': 0.01}
{'loss': 1.1469, 'grad_norm': 3.196223497390747, 'learning_rate': 3.389685426920608e-06, 'epoch': 0.01}
{'loss': 1.2305, 'grad_norm': 3.5552334785461426, 'learning_rate': 3.391825379841644e-06, 'epoch': 0.01}
{'loss': 1.0801, 'grad_norm': 3.075878620147705, 'learning_rate': 3.393965332762679e-06, 'epoch': 0.01}
{'loss': 1.1324, 'grad_norm': 3.21756911277771, 'learning_rate': 3.3961052856837152e-06, 'epoch': 0.01}
{'loss': 1.2037, 'grad_norm': 3.2456977367401123, 'learning_rate': 3.398245238604751e-06, 'epoch': 0.01}
{'loss': 0.8959, 'grad_norm': 3.136732816696167, 'learning_rate': 3.4003851915257866e-06, 'epoch': 0.01}
{'loss': 1.0431, 'grad_norm': 3.0106072425842285, 'learning_rate': 3.4025251444468228e-06, 'epoch': 0.01}
{'loss': 0.9455, 'grad_norm': 3.0234079360961914, 'learning_rate': 3.404665097367858e-06, 'epoch': 0.01}
{'loss': 1.0374, 'grad_norm': 3.1896166801452637, 'learning_rate': 3.4068050502888938e-06, 'epoch': 0.01}
{'loss': 1.0513, 'grad_norm': 3.9729115962982178, 'learning_rate': 3.40894500320993e-06, 'epoch': 0.01}
{'loss': 0.8975, 'grad_norm': 3.044053316116333, 'learning_rate': 3.4110849561309656e-06, 'epoch': 0.01}
{'loss': 1.1943, 'grad_norm': 3.418991804122925, 'learning_rate': 3.413224909052001e-06, 'epoch': 0.01}
{'loss': 1.06, 'grad_norm': 2.7956111431121826, 'learning_rate': 3.4153648619730366e-06, 'epoch': 0.01}
{'loss': 1.1353, 'grad_norm': 3.5246598720550537, 'learning_rate': 3.4175048148940727e-06, 'epoch': 0.01}
{'loss': 1.0325, 'grad_norm': 3.025757312774658, 'learning_rate': 3.4196447678151084e-06, 'epoch': 0.01}
{'loss': 1.2258, 'grad_norm': 3.6807234287261963, 'learning_rate': 3.421784720736144e-06, 'epoch': 0.01}
{'loss': 1.0949, 'grad_norm': 3.397012948989868, 'learning_rate': 3.42392467365718e-06, 'epoch': 0.01}
{'loss': 1.1267, 'grad_norm': 3.4794044494628906, 'learning_rate': 3.4260646265782155e-06, 'epoch': 0.01}
{'loss': 1.2808, 'grad_norm': 3.7863547801971436, 'learning_rate': 3.4282045794992512e-06, 'epoch': 0.01}
{'loss': 0.9424, 'grad_norm': 3.2236053943634033, 'learning_rate': 3.4303445324202873e-06, 'epoch': 0.01}
{'loss': 1.0302, 'grad_norm': 3.142848491668701, 'learning_rate': 3.4324844853413226e-06, 'epoch': 0.01}
{'loss': 1.1327, 'grad_norm': 3.2586498260498047, 'learning_rate': 3.4346244382623583e-06, 'epoch': 0.01}
{'loss': 0.9172, 'grad_norm': 3.238516092300415, 'learning_rate': 3.436764391183394e-06, 'epoch': 0.01}
{'loss': 1.0245, 'grad_norm': 2.828911781311035, 'learning_rate': 3.43890434410443e-06, 'epoch': 0.01}
{'loss': 1.0664, 'grad_norm': 2.984161615371704, 'learning_rate': 3.441044297025466e-06, 'epoch': 0.01}
{'loss': 1.1074, 'grad_norm': 3.0927178859710693, 'learning_rate': 3.443184249946501e-06, 'epoch': 0.01}
{'loss': 1.0648, 'grad_norm': 3.8064095973968506, 'learning_rate': 3.4453242028675373e-06, 'epoch': 0.01}
{'loss': 1.0647, 'grad_norm': 2.9384267330169678, 'learning_rate': 3.447464155788573e-06, 'epoch': 0.01}
{'loss': 1.0142, 'grad_norm': 3.475346088409424, 'learning_rate': 3.4496041087096087e-06, 'epoch': 0.01}
{'loss': 1.069, 'grad_norm': 3.151430606842041, 'learning_rate': 3.451744061630645e-06, 'epoch': 0.01}
{'loss': 0.9924, 'grad_norm': 3.125288486480713, 'learning_rate': 3.45388401455168e-06, 'epoch': 0.01}
{'loss': 1.1638, 'grad_norm': 4.284422874450684, 'learning_rate': 3.456023967472716e-06, 'epoch': 0.01}
{'loss': 1.089, 'grad_norm': 3.533234119415283, 'learning_rate': 3.4581639203937515e-06, 'epoch': 0.01}
{'loss': 1.0547, 'grad_norm': 2.96506667137146, 'learning_rate': 3.4603038733147876e-06, 'epoch': 0.01}
{'loss': 1.0384, 'grad_norm': 3.0819811820983887, 'learning_rate': 3.462443826235823e-06, 'epoch': 0.01}
{'loss': 0.7276, 'grad_norm': 3.293943166732788, 'learning_rate': 3.4645837791568586e-06, 'epoch': 0.01}
{'loss': 1.044, 'grad_norm': 3.1275157928466797, 'learning_rate': 3.4667237320778947e-06, 'epoch': 0.01}
{'loss': 1.0022, 'grad_norm': 3.262078285217285, 'learning_rate': 3.4688636849989304e-06, 'epoch': 0.01}
{'loss': 1.1488, 'grad_norm': 3.1496407985687256, 'learning_rate': 3.471003637919966e-06, 'epoch': 0.01}
{'loss': 1.0897, 'grad_norm': 3.099785566329956, 'learning_rate': 3.4731435908410014e-06, 'epoch': 0.01}
{'loss': 0.9384, 'grad_norm': 3.077688694000244, 'learning_rate': 3.4752835437620375e-06, 'epoch': 0.01}
{'loss': 0.7212, 'grad_norm': 2.452024459838867, 'learning_rate': 3.4774234966830733e-06, 'epoch': 0.01}
{'loss': 0.9242, 'grad_norm': 3.103065013885498, 'learning_rate': 3.4795634496041094e-06, 'epoch': 0.01}
{'loss': 1.1071, 'grad_norm': 2.8964498043060303, 'learning_rate': 3.4817034025251447e-06, 'epoch': 0.01}
{'loss': 1.0199, 'grad_norm': 3.2841362953186035, 'learning_rate': 3.4838433554461804e-06, 'epoch': 0.01}
{'loss': 1.0268, 'grad_norm': 3.0651211738586426, 'learning_rate': 3.485983308367216e-06, 'epoch': 0.01}
{'loss': 1.4116, 'grad_norm': 3.734663963317871, 'learning_rate': 3.488123261288252e-06, 'epoch': 0.01}
{'loss': 1.0802, 'grad_norm': 3.3468244075775146, 'learning_rate': 3.490263214209288e-06, 'epoch': 0.01}
{'loss': 1.2103, 'grad_norm': 3.472687244415283, 'learning_rate': 3.492403167130323e-06, 'epoch': 0.01}
{'loss': 1.0727, 'grad_norm': 2.747356414794922, 'learning_rate': 3.4945431200513593e-06, 'epoch': 0.01}
{'loss': 0.9603, 'grad_norm': 2.9808311462402344, 'learning_rate': 3.496683072972395e-06, 'epoch': 0.01}
{'loss': 1.1204, 'grad_norm': 3.3794212341308594, 'learning_rate': 3.4988230258934307e-06, 'epoch': 0.01}
{'loss': 1.0701, 'grad_norm': 2.8482038974761963, 'learning_rate': 3.500962978814466e-06, 'epoch': 0.01}
{'loss': 1.1707, 'grad_norm': 3.588933229446411, 'learning_rate': 3.503102931735502e-06, 'epoch': 0.01}
{'loss': 1.0931, 'grad_norm': 3.2690441608428955, 'learning_rate': 3.505242884656538e-06, 'epoch': 0.01}
{'loss': 0.9879, 'grad_norm': 3.1821255683898926, 'learning_rate': 3.5073828375775735e-06, 'epoch': 0.01}
{'loss': 1.2594, 'grad_norm': 3.753798246383667, 'learning_rate': 3.5095227904986097e-06, 'epoch': 0.01}
{'loss': 1.1284, 'grad_norm': 3.134995937347412, 'learning_rate': 3.511662743419645e-06, 'epoch': 0.01}
{'loss': 1.2251, 'grad_norm': 3.232046604156494, 'learning_rate': 3.5138026963406806e-06, 'epoch': 0.01}
{'loss': 1.1301, 'grad_norm': 3.64328932762146, 'learning_rate': 3.5159426492617168e-06, 'epoch': 0.01}
{'loss': 1.1799, 'grad_norm': 3.3811047077178955, 'learning_rate': 3.5180826021827525e-06, 'epoch': 0.01}
{'loss': 1.0793, 'grad_norm': 3.1358048915863037, 'learning_rate': 3.5202225551037878e-06, 'epoch': 0.01}
{'loss': 1.0766, 'grad_norm': 2.7574143409729004, 'learning_rate': 3.5223625080248235e-06, 'epoch': 0.01}
{'loss': 1.128, 'grad_norm': 3.463017463684082, 'learning_rate': 3.5245024609458596e-06, 'epoch': 0.01}
{'loss': 1.1361, 'grad_norm': 3.559316635131836, 'learning_rate': 3.5266424138668953e-06, 'epoch': 0.01}
{'loss': 0.8494, 'grad_norm': 2.9274659156799316, 'learning_rate': 3.528782366787931e-06, 'epoch': 0.01}
{'loss': 1.1696, 'grad_norm': 3.258715867996216, 'learning_rate': 3.5309223197089667e-06, 'epoch': 0.01}
{'loss': 1.2185, 'grad_norm': 3.5039665699005127, 'learning_rate': 3.5330622726300024e-06, 'epoch': 0.01}
{'loss': 1.1302, 'grad_norm': 3.642338275909424, 'learning_rate': 3.535202225551038e-06, 'epoch': 0.01}
{'loss': 1.1676, 'grad_norm': 3.254333734512329, 'learning_rate': 3.5373421784720742e-06, 'epoch': 0.01}
{'loss': 1.1807, 'grad_norm': 3.218108654022217, 'learning_rate': 3.5394821313931095e-06, 'epoch': 0.01}
{'loss': 1.024, 'grad_norm': 3.2063372135162354, 'learning_rate': 3.541622084314145e-06, 'epoch': 0.01}
{'loss': 1.1964, 'grad_norm': 3.4615163803100586, 'learning_rate': 3.543762037235181e-06, 'epoch': 0.01}
{'loss': 1.0461, 'grad_norm': 3.1563260555267334, 'learning_rate': 3.545901990156217e-06, 'epoch': 0.01}
{'loss': 0.8674, 'grad_norm': 3.089214324951172, 'learning_rate': 3.5480419430772527e-06, 'epoch': 0.01}
{'loss': 1.0974, 'grad_norm': 3.0987727642059326, 'learning_rate': 3.550181895998288e-06, 'epoch': 0.01}
{'loss': 1.0447, 'grad_norm': 3.250922918319702, 'learning_rate': 3.552321848919324e-06, 'epoch': 0.01}
{'loss': 1.5272, 'grad_norm': 3.617136001586914, 'learning_rate': 3.55446180184036e-06, 'epoch': 0.01}
{'loss': 1.0777, 'grad_norm': 3.1948647499084473, 'learning_rate': 3.5566017547613956e-06, 'epoch': 0.01}
{'loss': 1.0722, 'grad_norm': 3.4242937564849854, 'learning_rate': 3.5587417076824317e-06, 'epoch': 0.01}
{'loss': 1.0451, 'grad_norm': 3.5819289684295654, 'learning_rate': 3.560881660603467e-06, 'epoch': 0.01}
{'loss': 1.247, 'grad_norm': 3.550366163253784, 'learning_rate': 3.5630216135245027e-06, 'epoch': 0.01}
{'loss': 0.9966, 'grad_norm': 2.893570899963379, 'learning_rate': 3.5651615664455384e-06, 'epoch': 0.01}
{'loss': 1.167, 'grad_norm': 3.5678114891052246, 'learning_rate': 3.5673015193665745e-06, 'epoch': 0.01}
{'loss': 0.8836, 'grad_norm': 2.769502639770508, 'learning_rate': 3.5694414722876098e-06, 'epoch': 0.01}
{'loss': 1.1987, 'grad_norm': 3.100341320037842, 'learning_rate': 3.5715814252086455e-06, 'epoch': 0.01}
{'loss': 1.1431, 'grad_norm': 3.498258113861084, 'learning_rate': 3.5737213781296816e-06, 'epoch': 0.01}
{'loss': 1.3684, 'grad_norm': 3.827897787094116, 'learning_rate': 3.5758613310507173e-06, 'epoch': 0.01}
{'loss': 1.2539, 'grad_norm': 2.994532823562622, 'learning_rate': 3.578001283971753e-06, 'epoch': 0.01}
{'loss': 0.9884, 'grad_norm': 2.9912607669830322, 'learning_rate': 3.5801412368927883e-06, 'epoch': 0.01}
{'loss': 1.0006, 'grad_norm': 3.0593032836914062, 'learning_rate': 3.5822811898138244e-06, 'epoch': 0.01}
{'loss': 1.0086, 'grad_norm': 2.868485689163208, 'learning_rate': 3.58442114273486e-06, 'epoch': 0.01}
{'loss': 0.9848, 'grad_norm': 3.139920711517334, 'learning_rate': 3.5865610956558963e-06, 'epoch': 0.01}
{'loss': 1.153, 'grad_norm': 3.9354941844940186, 'learning_rate': 3.5887010485769315e-06, 'epoch': 0.01}
{'loss': 1.0538, 'grad_norm': 3.2655928134918213, 'learning_rate': 3.5908410014979672e-06, 'epoch': 0.01}
{'loss': 1.0235, 'grad_norm': 3.041095018386841, 'learning_rate': 3.592980954419003e-06, 'epoch': 0.01}
{'loss': 0.9797, 'grad_norm': 2.656885862350464, 'learning_rate': 3.595120907340039e-06, 'epoch': 0.01}
{'loss': 1.1029, 'grad_norm': 3.211709499359131, 'learning_rate': 3.5972608602610748e-06, 'epoch': 0.01}
{'loss': 1.1073, 'grad_norm': 2.922553539276123, 'learning_rate': 3.59940081318211e-06, 'epoch': 0.01}
{'loss': 0.9404, 'grad_norm': 2.893237590789795, 'learning_rate': 3.6015407661031458e-06, 'epoch': 0.01}
{'loss': 1.0849, 'grad_norm': 3.2065303325653076, 'learning_rate': 3.603680719024182e-06, 'epoch': 0.01}
{'loss': 1.0881, 'grad_norm': 2.8606114387512207, 'learning_rate': 3.6058206719452176e-06, 'epoch': 0.01}
{'loss': 0.9997, 'grad_norm': 3.158301591873169, 'learning_rate': 3.607960624866253e-06, 'epoch': 0.01}
{'loss': 1.2634, 'grad_norm': 3.2033801078796387, 'learning_rate': 3.610100577787289e-06, 'epoch': 0.01}
{'loss': 1.1594, 'grad_norm': 3.544501781463623, 'learning_rate': 3.6122405307083247e-06, 'epoch': 0.01}
{'loss': 1.0996, 'grad_norm': 3.4769110679626465, 'learning_rate': 3.6143804836293604e-06, 'epoch': 0.01}
{'loss': 0.9417, 'grad_norm': 3.009308099746704, 'learning_rate': 3.6165204365503965e-06, 'epoch': 0.01}
{'loss': 1.0965, 'grad_norm': 3.239384651184082, 'learning_rate': 3.618660389471432e-06, 'epoch': 0.01}
{'loss': 1.1562, 'grad_norm': 3.857733964920044, 'learning_rate': 3.6208003423924675e-06, 'epoch': 0.01}
{'loss': 1.0057, 'grad_norm': 3.1756467819213867, 'learning_rate': 3.6229402953135036e-06, 'epoch': 0.01}
{'loss': 1.1122, 'grad_norm': 3.1938095092773438, 'learning_rate': 3.6250802482345394e-06, 'epoch': 0.01}
{'loss': 1.0407, 'grad_norm': 2.8611080646514893, 'learning_rate': 3.6272202011555746e-06, 'epoch': 0.01}
{'loss': 1.0547, 'grad_norm': 3.067267656326294, 'learning_rate': 3.6293601540766103e-06, 'epoch': 0.01}
{'loss': 1.145, 'grad_norm': 3.1266250610351562, 'learning_rate': 3.6315001069976465e-06, 'epoch': 0.01}
{'loss': 1.0651, 'grad_norm': 2.893498659133911, 'learning_rate': 3.633640059918682e-06, 'epoch': 0.01}
{'loss': 1.2182, 'grad_norm': 3.290635585784912, 'learning_rate': 3.635780012839718e-06, 'epoch': 0.01}
{'loss': 1.2626, 'grad_norm': 3.944103479385376, 'learning_rate': 3.637919965760753e-06, 'epoch': 0.01}
{'loss': 1.4329, 'grad_norm': 3.7389237880706787, 'learning_rate': 3.6400599186817893e-06, 'epoch': 0.01}
{'loss': 1.1501, 'grad_norm': 3.3302249908447266, 'learning_rate': 3.642199871602825e-06, 'epoch': 0.01}
{'loss': 1.1451, 'grad_norm': 3.2749993801116943, 'learning_rate': 3.644339824523861e-06, 'epoch': 0.01}
{'loss': 0.9863, 'grad_norm': 3.051574230194092, 'learning_rate': 3.646479777444897e-06, 'epoch': 0.01}
{'loss': 1.1782, 'grad_norm': 3.03607177734375, 'learning_rate': 3.648619730365932e-06, 'epoch': 0.01}
{'loss': 1.0694, 'grad_norm': 3.8824925422668457, 'learning_rate': 3.650759683286968e-06, 'epoch': 0.01}
{'loss': 0.9988, 'grad_norm': 3.1009011268615723, 'learning_rate': 3.652899636208004e-06, 'epoch': 0.01}
{'loss': 0.955, 'grad_norm': 3.6261589527130127, 'learning_rate': 3.6550395891290396e-06, 'epoch': 0.01}
{'loss': 1.2073, 'grad_norm': 3.1950511932373047, 'learning_rate': 3.657179542050075e-06, 'epoch': 0.01}
{'loss': 0.9472, 'grad_norm': 3.3915767669677734, 'learning_rate': 3.659319494971111e-06, 'epoch': 0.01}
{'loss': 1.0449, 'grad_norm': 3.334645986557007, 'learning_rate': 3.6614594478921467e-06, 'epoch': 0.01}
{'loss': 0.9341, 'grad_norm': 2.92390775680542, 'learning_rate': 3.6635994008131824e-06, 'epoch': 0.01}
{'loss': 1.2959, 'grad_norm': 4.333956718444824, 'learning_rate': 3.6657393537342186e-06, 'epoch': 0.01}
{'loss': 1.0587, 'grad_norm': 3.1939191818237305, 'learning_rate': 3.667879306655254e-06, 'epoch': 0.01}
{'loss': 0.6573, 'grad_norm': 2.385587215423584, 'learning_rate': 3.6700192595762896e-06, 'epoch': 0.01}
{'loss': 0.9499, 'grad_norm': 2.730661392211914, 'learning_rate': 3.6721592124973253e-06, 'epoch': 0.01}
{'loss': 1.0323, 'grad_norm': 3.0725462436676025, 'learning_rate': 3.6742991654183614e-06, 'epoch': 0.01}
{'loss': 1.3748, 'grad_norm': 3.59503173828125, 'learning_rate': 3.6764391183393967e-06, 'epoch': 0.01}
{'loss': 0.9623, 'grad_norm': 2.911998748779297, 'learning_rate': 3.6785790712604324e-06, 'epoch': 0.01}
{'loss': 1.0276, 'grad_norm': 3.2426180839538574, 'learning_rate': 3.6807190241814685e-06, 'epoch': 0.01}
{'loss': 1.1352, 'grad_norm': 3.502466917037964, 'learning_rate': 3.682858977102504e-06, 'epoch': 0.01}
{'loss': 0.98, 'grad_norm': 3.237867832183838, 'learning_rate': 3.68499893002354e-06, 'epoch': 0.01}
{'loss': 1.1485, 'grad_norm': 3.701596260070801, 'learning_rate': 3.687138882944575e-06, 'epoch': 0.01}
{'loss': 0.7013, 'grad_norm': 2.2834579944610596, 'learning_rate': 3.6892788358656113e-06, 'epoch': 0.01}
{'loss': 1.0013, 'grad_norm': 2.94584321975708, 'learning_rate': 3.691418788786647e-06, 'epoch': 0.01}
{'loss': 0.8978, 'grad_norm': 3.061923027038574, 'learning_rate': 3.6935587417076827e-06, 'epoch': 0.01}
{'loss': 1.1055, 'grad_norm': 2.960841417312622, 'learning_rate': 3.6956986946287184e-06, 'epoch': 0.01}
{'loss': 1.0845, 'grad_norm': 3.53861141204834, 'learning_rate': 3.697838647549754e-06, 'epoch': 0.01}
{'loss': 1.1979, 'grad_norm': 3.4753808975219727, 'learning_rate': 3.69997860047079e-06, 'epoch': 0.01}
{'loss': 1.3024, 'grad_norm': 3.3092000484466553, 'learning_rate': 3.702118553391826e-06, 'epoch': 0.01}
{'loss': 1.0537, 'grad_norm': 3.588864326477051, 'learning_rate': 3.7042585063128617e-06, 'epoch': 0.01}
{'loss': 1.1903, 'grad_norm': 3.4521734714508057, 'learning_rate': 3.706398459233897e-06, 'epoch': 0.01}
{'loss': 1.0922, 'grad_norm': 4.1727070808410645, 'learning_rate': 3.7085384121549326e-06, 'epoch': 0.01}
{'loss': 1.0071, 'grad_norm': 3.1080644130706787, 'learning_rate': 3.7106783650759688e-06, 'epoch': 0.01}
{'loss': 1.0189, 'grad_norm': 2.956188201904297, 'learning_rate': 3.7128183179970045e-06, 'epoch': 0.01}
{'loss': 1.1469, 'grad_norm': 3.2288646697998047, 'learning_rate': 3.7149582709180398e-06, 'epoch': 0.01}
{'loss': 1.0429, 'grad_norm': 3.08207106590271, 'learning_rate': 3.717098223839076e-06, 'epoch': 0.01}
{'loss': 1.0459, 'grad_norm': 2.989711284637451, 'learning_rate': 3.7192381767601116e-06, 'epoch': 0.01}
{'loss': 1.0639, 'grad_norm': 3.236999273300171, 'learning_rate': 3.7213781296811473e-06, 'epoch': 0.01}
{'loss': 0.9361, 'grad_norm': 2.901366949081421, 'learning_rate': 3.7235180826021834e-06, 'epoch': 0.01}
{'loss': 0.8292, 'grad_norm': 2.7637975215911865, 'learning_rate': 3.7256580355232187e-06, 'epoch': 0.01}
{'loss': 1.0481, 'grad_norm': 3.012228488922119, 'learning_rate': 3.7277979884442544e-06, 'epoch': 0.01}
{'loss': 0.8727, 'grad_norm': 2.5165622234344482, 'learning_rate': 3.72993794136529e-06, 'epoch': 0.01}
{'loss': 1.1195, 'grad_norm': 3.4118690490722656, 'learning_rate': 3.7320778942863262e-06, 'epoch': 0.01}
{'loss': 0.9609, 'grad_norm': 3.197483777999878, 'learning_rate': 3.7342178472073615e-06, 'epoch': 0.01}
{'loss': 0.8838, 'grad_norm': 3.105722188949585, 'learning_rate': 3.7363578001283972e-06, 'epoch': 0.01}
{'loss': 1.0878, 'grad_norm': 3.2985386848449707, 'learning_rate': 3.7384977530494333e-06, 'epoch': 0.01}
{'loss': 1.1394, 'grad_norm': 3.071643829345703, 'learning_rate': 3.740637705970469e-06, 'epoch': 0.01}
{'loss': 1.0895, 'grad_norm': 3.5051021575927734, 'learning_rate': 3.7427776588915048e-06, 'epoch': 0.01}
{'loss': 1.1249, 'grad_norm': 3.2579996585845947, 'learning_rate': 3.74491761181254e-06, 'epoch': 0.01}
{'loss': 0.9828, 'grad_norm': 3.2015225887298584, 'learning_rate': 3.747057564733576e-06, 'epoch': 0.01}
{'loss': 1.161, 'grad_norm': 3.8557965755462646, 'learning_rate': 3.749197517654612e-06, 'epoch': 0.01}
{'loss': 1.0314, 'grad_norm': 3.300693988800049, 'learning_rate': 3.751337470575648e-06, 'epoch': 0.01}
{'loss': 1.0499, 'grad_norm': 2.89064884185791, 'learning_rate': 3.7534774234966837e-06, 'epoch': 0.01}
{'loss': 1.1781, 'grad_norm': 3.1155998706817627, 'learning_rate': 3.755617376417719e-06, 'epoch': 0.01}
{'loss': 1.151, 'grad_norm': 3.7827374935150146, 'learning_rate': 3.7577573293387547e-06, 'epoch': 0.01}
{'loss': 0.8645, 'grad_norm': 3.06672739982605, 'learning_rate': 3.759897282259791e-06, 'epoch': 0.01}
{'loss': 0.9897, 'grad_norm': 3.267656087875366, 'learning_rate': 3.7620372351808265e-06, 'epoch': 0.01}
{'loss': 1.1227, 'grad_norm': 3.1404833793640137, 'learning_rate': 3.764177188101862e-06, 'epoch': 0.01}
{'loss': 0.934, 'grad_norm': 3.063305139541626, 'learning_rate': 3.7663171410228975e-06, 'epoch': 0.01}
{'loss': 1.0772, 'grad_norm': 3.6538054943084717, 'learning_rate': 3.7684570939439336e-06, 'epoch': 0.01}
{'loss': 1.1745, 'grad_norm': 3.8142571449279785, 'learning_rate': 3.7705970468649693e-06, 'epoch': 0.01}
{'loss': 1.2168, 'grad_norm': 3.6562016010284424, 'learning_rate': 3.7727369997860055e-06, 'epoch': 0.01}
{'loss': 1.0651, 'grad_norm': 3.233424425125122, 'learning_rate': 3.7748769527070407e-06, 'epoch': 0.01}
{'loss': 1.1078, 'grad_norm': 2.8673887252807617, 'learning_rate': 3.7770169056280764e-06, 'epoch': 0.01}
{'loss': 1.0684, 'grad_norm': 3.2340972423553467, 'learning_rate': 3.779156858549112e-06, 'epoch': 0.01}
{'loss': 1.0485, 'grad_norm': 3.091764450073242, 'learning_rate': 3.7812968114701483e-06, 'epoch': 0.01}
{'loss': 0.9561, 'grad_norm': 3.1273136138916016, 'learning_rate': 3.7834367643911835e-06, 'epoch': 0.01}
{'loss': 1.2592, 'grad_norm': 3.0400209426879883, 'learning_rate': 3.7855767173122193e-06, 'epoch': 0.01}
{'loss': 1.0849, 'grad_norm': 3.226815700531006, 'learning_rate': 3.7877166702332554e-06, 'epoch': 0.01}
{'loss': 1.0018, 'grad_norm': 3.3028640747070312, 'learning_rate': 3.789856623154291e-06, 'epoch': 0.01}
{'loss': 1.2373, 'grad_norm': 3.4113590717315674, 'learning_rate': 3.7919965760753268e-06, 'epoch': 0.01}
{'loss': 0.9459, 'grad_norm': 3.0330140590667725, 'learning_rate': 3.794136528996362e-06, 'epoch': 0.01}
{'loss': 1.3588, 'grad_norm': 3.603823661804199, 'learning_rate': 3.796276481917398e-06, 'epoch': 0.01}
{'loss': 1.2194, 'grad_norm': 3.555776834487915, 'learning_rate': 3.798416434838434e-06, 'epoch': 0.01}
{'loss': 1.0397, 'grad_norm': 3.115251302719116, 'learning_rate': 3.8005563877594696e-06, 'epoch': 0.01}
{'loss': 1.1496, 'grad_norm': 3.7770354747772217, 'learning_rate': 3.802696340680505e-06, 'epoch': 0.01}
{'loss': 1.1086, 'grad_norm': 3.278498888015747, 'learning_rate': 3.804836293601541e-06, 'epoch': 0.01}
{'loss': 1.1797, 'grad_norm': 3.427367687225342, 'learning_rate': 3.8069762465225767e-06, 'epoch': 0.01}
{'loss': 1.0106, 'grad_norm': 3.2622551918029785, 'learning_rate': 3.809116199443613e-06, 'epoch': 0.01}
{'loss': 1.0555, 'grad_norm': 3.167724847793579, 'learning_rate': 3.8112561523646485e-06, 'epoch': 0.01}
{'loss': 1.0755, 'grad_norm': 3.1027700901031494, 'learning_rate': 3.813396105285684e-06, 'epoch': 0.01}
{'loss': 1.416, 'grad_norm': 3.1893117427825928, 'learning_rate': 3.8155360582067195e-06, 'epoch': 0.01}
{'loss': 1.0621, 'grad_norm': 3.109267473220825, 'learning_rate': 3.817676011127756e-06, 'epoch': 0.01}
{'loss': 0.9589, 'grad_norm': 3.210355043411255, 'learning_rate': 3.819815964048792e-06, 'epoch': 0.01}
{'loss': 1.1855, 'grad_norm': 3.159480094909668, 'learning_rate': 3.821955916969827e-06, 'epoch': 0.01}
{'loss': 1.155, 'grad_norm': 3.189321517944336, 'learning_rate': 3.824095869890862e-06, 'epoch': 0.01}
{'loss': 1.0311, 'grad_norm': 3.4402246475219727, 'learning_rate': 3.8262358228118985e-06, 'epoch': 0.01}
{'loss': 1.2161, 'grad_norm': 3.1783382892608643, 'learning_rate': 3.828375775732935e-06, 'epoch': 0.01}
{'loss': 1.2124, 'grad_norm': 3.316666841506958, 'learning_rate': 3.83051572865397e-06, 'epoch': 0.01}
{'loss': 0.8874, 'grad_norm': 3.136190414428711, 'learning_rate': 3.832655681575005e-06, 'epoch': 0.01}
{'loss': 1.0959, 'grad_norm': 3.377608299255371, 'learning_rate': 3.834795634496041e-06, 'epoch': 0.01}
{'loss': 1.0546, 'grad_norm': 3.148993492126465, 'learning_rate': 3.836935587417077e-06, 'epoch': 0.01}
{'loss': 1.0099, 'grad_norm': 3.317017078399658, 'learning_rate': 3.839075540338113e-06, 'epoch': 0.01}
{'loss': 1.1026, 'grad_norm': 3.1464121341705322, 'learning_rate': 3.841215493259149e-06, 'epoch': 0.01}
{'loss': 1.3327, 'grad_norm': 3.5607540607452393, 'learning_rate': 3.843355446180184e-06, 'epoch': 0.01}
{'loss': 1.0299, 'grad_norm': 3.495462656021118, 'learning_rate': 3.84549539910122e-06, 'epoch': 0.01}
{'loss': 0.884, 'grad_norm': 2.6938138008117676, 'learning_rate': 3.8476353520222555e-06, 'epoch': 0.01}
{'loss': 1.227, 'grad_norm': 3.3685996532440186, 'learning_rate': 3.849775304943292e-06, 'epoch': 0.01}
{'loss': 0.9612, 'grad_norm': 3.331566572189331, 'learning_rate': 3.851915257864327e-06, 'epoch': 0.01}
{'loss': 1.0721, 'grad_norm': 3.504854440689087, 'learning_rate': 3.854055210785363e-06, 'epoch': 0.01}
{'loss': 1.3317, 'grad_norm': 3.3533146381378174, 'learning_rate': 3.856195163706399e-06, 'epoch': 0.01}
{'loss': 1.2409, 'grad_norm': 3.313614845275879, 'learning_rate': 3.8583351166274345e-06, 'epoch': 0.01}
{'loss': 1.2516, 'grad_norm': 3.7094950675964355, 'learning_rate': 3.860475069548471e-06, 'epoch': 0.01}
{'loss': 0.8723, 'grad_norm': 2.921180486679077, 'learning_rate': 3.862615022469506e-06, 'epoch': 0.01}
{'loss': 1.0088, 'grad_norm': 2.930586814880371, 'learning_rate': 3.864754975390542e-06, 'epoch': 0.01}
{'loss': 1.2746, 'grad_norm': 3.8414905071258545, 'learning_rate': 3.866894928311577e-06, 'epoch': 0.01}
{'loss': 0.9589, 'grad_norm': 3.134627103805542, 'learning_rate': 3.869034881232613e-06, 'epoch': 0.01}
{'loss': 0.9512, 'grad_norm': 3.5736610889434814, 'learning_rate': 3.871174834153649e-06, 'epoch': 0.01}
{'loss': 1.1575, 'grad_norm': 3.62841796875, 'learning_rate': 3.873314787074685e-06, 'epoch': 0.01}
{'loss': 0.9394, 'grad_norm': 2.9688010215759277, 'learning_rate': 3.87545473999572e-06, 'epoch': 0.01}
{'loss': 0.8395, 'grad_norm': 3.124605894088745, 'learning_rate': 3.877594692916756e-06, 'epoch': 0.01}
{'loss': 0.9524, 'grad_norm': 3.024078130722046, 'learning_rate': 3.879734645837792e-06, 'epoch': 0.01}
{'loss': 1.1348, 'grad_norm': 2.9627304077148438, 'learning_rate': 3.881874598758828e-06, 'epoch': 0.01}
{'loss': 1.0179, 'grad_norm': 3.503957509994507, 'learning_rate': 3.884014551679863e-06, 'epoch': 0.01}
{'loss': 1.0276, 'grad_norm': 3.0928447246551514, 'learning_rate': 3.886154504600899e-06, 'epoch': 0.01}
{'loss': 0.9838, 'grad_norm': 3.2723536491394043, 'learning_rate': 3.888294457521935e-06, 'epoch': 0.01}
{'loss': 1.3438, 'grad_norm': 3.6747982501983643, 'learning_rate': 3.8904344104429704e-06, 'epoch': 0.01}
{'loss': 1.0805, 'grad_norm': 4.071481227874756, 'learning_rate': 3.8925743633640066e-06, 'epoch': 0.01}
{'loss': 1.0288, 'grad_norm': 3.2771475315093994, 'learning_rate': 3.894714316285042e-06, 'epoch': 0.01}
{'loss': 1.0414, 'grad_norm': 2.8234140872955322, 'learning_rate': 3.896854269206078e-06, 'epoch': 0.01}
{'loss': 0.9774, 'grad_norm': 3.0183589458465576, 'learning_rate': 3.898994222127114e-06, 'epoch': 0.01}
{'loss': 1.0031, 'grad_norm': 2.9731736183166504, 'learning_rate': 3.901134175048149e-06, 'epoch': 0.01}
{'loss': 1.1761, 'grad_norm': 3.6081035137176514, 'learning_rate': 3.903274127969185e-06, 'epoch': 0.01}
{'loss': 0.9244, 'grad_norm': 3.0283734798431396, 'learning_rate': 3.905414080890221e-06, 'epoch': 0.01}
{'loss': 0.9885, 'grad_norm': 3.347738265991211, 'learning_rate': 3.907554033811257e-06, 'epoch': 0.01}
{'loss': 1.1252, 'grad_norm': 3.3101003170013428, 'learning_rate': 3.909693986732292e-06, 'epoch': 0.01}
{'loss': 1.0554, 'grad_norm': 2.8871188163757324, 'learning_rate': 3.9118339396533275e-06, 'epoch': 0.01}
{'loss': 1.1677, 'grad_norm': 3.7396607398986816, 'learning_rate': 3.913973892574364e-06, 'epoch': 0.01}
{'loss': 1.1679, 'grad_norm': 3.3853702545166016, 'learning_rate': 3.9161138454954e-06, 'epoch': 0.01}
{'loss': 1.1168, 'grad_norm': 2.977085590362549, 'learning_rate': 3.918253798416435e-06, 'epoch': 0.01}
{'loss': 1.0626, 'grad_norm': 3.313692569732666, 'learning_rate': 3.92039375133747e-06, 'epoch': 0.01}
{'loss': 1.0629, 'grad_norm': 3.1183717250823975, 'learning_rate': 3.922533704258506e-06, 'epoch': 0.01}
{'loss': 0.949, 'grad_norm': 3.052993059158325, 'learning_rate': 3.9246736571795425e-06, 'epoch': 0.01}
{'loss': 1.16, 'grad_norm': 3.4786386489868164, 'learning_rate': 3.926813610100579e-06, 'epoch': 0.01}
{'loss': 1.1698, 'grad_norm': 3.033217668533325, 'learning_rate': 3.928953563021614e-06, 'epoch': 0.01}
{'loss': 1.097, 'grad_norm': 2.7794063091278076, 'learning_rate': 3.931093515942649e-06, 'epoch': 0.01}
{'loss': 1.0736, 'grad_norm': 3.075218439102173, 'learning_rate': 3.933233468863685e-06, 'epoch': 0.01}
{'loss': 1.0496, 'grad_norm': 3.4925169944763184, 'learning_rate': 3.9353734217847215e-06, 'epoch': 0.01}
{'loss': 1.1175, 'grad_norm': 3.4094130992889404, 'learning_rate': 3.937513374705757e-06, 'epoch': 0.01}
{'loss': 1.1473, 'grad_norm': 3.2106235027313232, 'learning_rate': 3.939653327626792e-06, 'epoch': 0.01}
{'loss': 1.0233, 'grad_norm': 3.056272506713867, 'learning_rate': 3.941793280547828e-06, 'epoch': 0.01}
{'loss': 1.1359, 'grad_norm': 3.3766603469848633, 'learning_rate': 3.943933233468864e-06, 'epoch': 0.01}
{'loss': 0.9941, 'grad_norm': 3.750317096710205, 'learning_rate': 3.9460731863898996e-06, 'epoch': 0.01}
{'loss': 1.135, 'grad_norm': 3.7063584327697754, 'learning_rate': 3.948213139310936e-06, 'epoch': 0.01}
{'loss': 1.0331, 'grad_norm': 3.322122573852539, 'learning_rate': 3.950353092231971e-06, 'epoch': 0.01}
{'loss': 1.1213, 'grad_norm': 3.546870470046997, 'learning_rate': 3.952493045153007e-06, 'epoch': 0.01}
{'loss': 1.3031, 'grad_norm': 3.5229194164276123, 'learning_rate': 3.954632998074042e-06, 'epoch': 0.01}
{'loss': 1.0741, 'grad_norm': 3.7169930934906006, 'learning_rate': 3.9567729509950785e-06, 'epoch': 0.01}
{'loss': 1.2316, 'grad_norm': 3.1840460300445557, 'learning_rate': 3.958912903916114e-06, 'epoch': 0.01}
{'loss': 1.1013, 'grad_norm': 4.007836818695068, 'learning_rate': 3.96105285683715e-06, 'epoch': 0.01}
{'loss': 1.2093, 'grad_norm': 3.991262674331665, 'learning_rate': 3.963192809758186e-06, 'epoch': 0.01}
{'loss': 1.1347, 'grad_norm': 3.3616058826446533, 'learning_rate': 3.965332762679221e-06, 'epoch': 0.01}
{'loss': 1.1291, 'grad_norm': 3.1664671897888184, 'learning_rate': 3.9674727156002575e-06, 'epoch': 0.01}
{'loss': 0.6586, 'grad_norm': 2.0639636516571045, 'learning_rate': 3.969612668521293e-06, 'epoch': 0.01}
{'loss': 0.9515, 'grad_norm': 3.210980176925659, 'learning_rate': 3.971752621442329e-06, 'epoch': 0.01}
{'loss': 0.9463, 'grad_norm': 3.082261323928833, 'learning_rate': 3.973892574363364e-06, 'epoch': 0.01}
{'loss': 1.2221, 'grad_norm': 3.6656224727630615, 'learning_rate': 3.9760325272844e-06, 'epoch': 0.01}
{'loss': 1.079, 'grad_norm': 3.3347537517547607, 'learning_rate': 3.9781724802054356e-06, 'epoch': 0.01}
{'loss': 1.1834, 'grad_norm': 3.4029924869537354, 'learning_rate': 3.980312433126472e-06, 'epoch': 0.01}
{'loss': 0.6536, 'grad_norm': 2.4739859104156494, 'learning_rate': 3.982452386047507e-06, 'epoch': 0.01}
{'loss': 0.9274, 'grad_norm': 2.894590377807617, 'learning_rate': 3.984592338968543e-06, 'epoch': 0.01}
{'loss': 1.261, 'grad_norm': 3.6641857624053955, 'learning_rate': 3.986732291889579e-06, 'epoch': 0.01}
{'loss': 1.1505, 'grad_norm': 3.785465955734253, 'learning_rate': 3.9888722448106145e-06, 'epoch': 0.01}
{'loss': 1.1133, 'grad_norm': 3.2545058727264404, 'learning_rate': 3.99101219773165e-06, 'epoch': 0.01}
{'loss': 0.6309, 'grad_norm': 2.4832875728607178, 'learning_rate': 3.993152150652686e-06, 'epoch': 0.01}
{'loss': 1.1744, 'grad_norm': 3.1516191959381104, 'learning_rate': 3.995292103573722e-06, 'epoch': 0.01}
{'loss': 1.0425, 'grad_norm': 3.247069835662842, 'learning_rate': 3.997432056494757e-06, 'epoch': 0.01}
{'loss': 1.1756, 'grad_norm': 3.079395055770874, 'learning_rate': 3.9995720094157934e-06, 'epoch': 0.01}
{'loss': 1.0432, 'grad_norm': 3.810532569885254, 'learning_rate': 4.001711962336829e-06, 'epoch': 0.01}
{'loss': 0.6105, 'grad_norm': 3.1750893592834473, 'learning_rate': 4.003851915257865e-06, 'epoch': 0.01}
{'loss': 1.1793, 'grad_norm': 3.1150968074798584, 'learning_rate': 4.005991868178901e-06, 'epoch': 0.01}
{'loss': 1.2012, 'grad_norm': 3.0006821155548096, 'learning_rate': 4.008131821099936e-06, 'epoch': 0.01}
{'loss': 1.0447, 'grad_norm': 3.184143543243408, 'learning_rate': 4.0102717740209715e-06, 'epoch': 0.01}
{'loss': 1.1749, 'grad_norm': 3.1344988346099854, 'learning_rate': 4.012411726942008e-06, 'epoch': 0.01}
{'loss': 1.0227, 'grad_norm': 3.5821003913879395, 'learning_rate': 4.014551679863044e-06, 'epoch': 0.01}
{'loss': 1.2676, 'grad_norm': 3.693147659301758, 'learning_rate': 4.016691632784079e-06, 'epoch': 0.01}
{'loss': 1.2079, 'grad_norm': 3.3889083862304688, 'learning_rate': 4.018831585705114e-06, 'epoch': 0.01}
{'loss': 1.2307, 'grad_norm': 3.304347038269043, 'learning_rate': 4.0209715386261505e-06, 'epoch': 0.01}
{'loss': 1.1029, 'grad_norm': 3.688544988632202, 'learning_rate': 4.023111491547187e-06, 'epoch': 0.01}
{'loss': 1.2194, 'grad_norm': 3.200099229812622, 'learning_rate': 4.025251444468222e-06, 'epoch': 0.01}
{'loss': 1.2247, 'grad_norm': 3.342402458190918, 'learning_rate': 4.027391397389257e-06, 'epoch': 0.01}
{'loss': 1.1255, 'grad_norm': 3.2718780040740967, 'learning_rate': 4.029531350310293e-06, 'epoch': 0.01}
{'loss': 1.3477, 'grad_norm': 3.2792916297912598, 'learning_rate': 4.031671303231329e-06, 'epoch': 0.01}
{'loss': 1.0877, 'grad_norm': 3.3554441928863525, 'learning_rate': 4.0338112561523655e-06, 'epoch': 0.01}
{'loss': 0.9606, 'grad_norm': 3.2513973712921143, 'learning_rate': 4.035951209073401e-06, 'epoch': 0.01}
{'loss': 1.1957, 'grad_norm': 3.571847438812256, 'learning_rate': 4.038091161994436e-06, 'epoch': 0.01}
{'loss': 1.1565, 'grad_norm': 3.642174243927002, 'learning_rate': 4.040231114915472e-06, 'epoch': 0.01}
{'loss': 1.0344, 'grad_norm': 3.4485409259796143, 'learning_rate': 4.042371067836508e-06, 'epoch': 0.01}
{'loss': 1.0598, 'grad_norm': 3.0794425010681152, 'learning_rate': 4.044511020757544e-06, 'epoch': 0.01}
{'loss': 0.9871, 'grad_norm': 3.518678903579712, 'learning_rate': 4.046650973678579e-06, 'epoch': 0.01}
{'loss': 1.2135, 'grad_norm': 3.6132802963256836, 'learning_rate': 4.048790926599615e-06, 'epoch': 0.01}
{'loss': 1.0972, 'grad_norm': 3.345028877258301, 'learning_rate': 4.050930879520651e-06, 'epoch': 0.01}
{'loss': 0.9485, 'grad_norm': 3.3370280265808105, 'learning_rate': 4.0530708324416865e-06, 'epoch': 0.01}
{'loss': 1.0987, 'grad_norm': 3.840073585510254, 'learning_rate': 4.055210785362723e-06, 'epoch': 0.01}
{'loss': 1.4965, 'grad_norm': 3.5318517684936523, 'learning_rate': 4.057350738283758e-06, 'epoch': 0.01}
{'loss': 0.9096, 'grad_norm': 3.382519483566284, 'learning_rate': 4.059490691204794e-06, 'epoch': 0.01}
{'loss': 1.1054, 'grad_norm': 3.129567861557007, 'learning_rate': 4.061630644125829e-06, 'epoch': 0.01}
{'loss': 1.1761, 'grad_norm': 3.174017906188965, 'learning_rate': 4.063770597046865e-06, 'epoch': 0.01}
{'loss': 1.1181, 'grad_norm': 3.019991636276245, 'learning_rate': 4.065910549967901e-06, 'epoch': 0.01}
{'loss': 1.209, 'grad_norm': 3.274420976638794, 'learning_rate': 4.068050502888937e-06, 'epoch': 0.01}
{'loss': 1.1114, 'grad_norm': 3.2591376304626465, 'learning_rate': 4.070190455809973e-06, 'epoch': 0.01}
{'loss': 1.1157, 'grad_norm': 4.100229740142822, 'learning_rate': 4.072330408731008e-06, 'epoch': 0.01}
{'loss': 0.9381, 'grad_norm': 2.8615596294403076, 'learning_rate': 4.074470361652044e-06, 'epoch': 0.01}
{'loss': 1.0908, 'grad_norm': 3.1697146892547607, 'learning_rate': 4.07661031457308e-06, 'epoch': 0.01}
{'loss': 0.9329, 'grad_norm': 2.994412899017334, 'learning_rate': 4.078750267494116e-06, 'epoch': 0.01}
{'loss': 1.1686, 'grad_norm': 3.0453670024871826, 'learning_rate': 4.080890220415151e-06, 'epoch': 0.01}
{'loss': 1.3828, 'grad_norm': 3.446080207824707, 'learning_rate': 4.083030173336187e-06, 'epoch': 0.01}
{'loss': 1.1171, 'grad_norm': 3.6253700256347656, 'learning_rate': 4.0851701262572224e-06, 'epoch': 0.01}
{'loss': 1.1321, 'grad_norm': 3.120898485183716, 'learning_rate': 4.0873100791782586e-06, 'epoch': 0.01}
{'loss': 0.9981, 'grad_norm': 3.095649242401123, 'learning_rate': 4.089450032099294e-06, 'epoch': 0.01}
{'loss': 0.9232, 'grad_norm': 3.1061718463897705, 'learning_rate': 4.09158998502033e-06, 'epoch': 0.01}
{'loss': 0.8883, 'grad_norm': 3.123840093612671, 'learning_rate': 4.093729937941366e-06, 'epoch': 0.01}
{'loss': 0.9349, 'grad_norm': 2.819157361984253, 'learning_rate': 4.095869890862401e-06, 'epoch': 0.01}
{'loss': 1.0901, 'grad_norm': 2.973097324371338, 'learning_rate': 4.098009843783437e-06, 'epoch': 0.01}
{'loss': 1.0182, 'grad_norm': 3.194481372833252, 'learning_rate': 4.100149796704473e-06, 'epoch': 0.01}
{'loss': 1.2021, 'grad_norm': 3.6748180389404297, 'learning_rate': 4.102289749625509e-06, 'epoch': 0.01}
{'loss': 0.9701, 'grad_norm': 3.19228458404541, 'learning_rate': 4.104429702546544e-06, 'epoch': 0.01}
{'loss': 1.2984, 'grad_norm': 3.3840930461883545, 'learning_rate': 4.10656965546758e-06, 'epoch': 0.01}
{'loss': 0.9, 'grad_norm': 3.0810024738311768, 'learning_rate': 4.108709608388616e-06, 'epoch': 0.01}
{'loss': 0.9917, 'grad_norm': 3.1388344764709473, 'learning_rate': 4.110849561309652e-06, 'epoch': 0.01}
{'loss': 0.9626, 'grad_norm': 3.336353063583374, 'learning_rate': 4.112989514230688e-06, 'epoch': 0.01}
{'loss': 1.0862, 'grad_norm': 3.0737247467041016, 'learning_rate': 4.115129467151723e-06, 'epoch': 0.01}
{'loss': 1.013, 'grad_norm': 3.1582181453704834, 'learning_rate': 4.117269420072758e-06, 'epoch': 0.01}
{'loss': 1.1223, 'grad_norm': 3.4917120933532715, 'learning_rate': 4.1194093729937945e-06, 'epoch': 0.01}
{'loss': 1.0162, 'grad_norm': 3.2263433933258057, 'learning_rate': 4.121549325914831e-06, 'epoch': 0.01}
{'loss': 1.0204, 'grad_norm': 3.2393858432769775, 'learning_rate': 4.123689278835866e-06, 'epoch': 0.01}
{'loss': 0.9778, 'grad_norm': 3.0178704261779785, 'learning_rate': 4.125829231756901e-06, 'epoch': 0.01}
{'loss': 0.8976, 'grad_norm': 3.2713825702667236, 'learning_rate': 4.127969184677937e-06, 'epoch': 0.01}
{'loss': 0.818, 'grad_norm': 2.6926820278167725, 'learning_rate': 4.1301091375989735e-06, 'epoch': 0.01}
{'loss': 1.1873, 'grad_norm': 3.56235671043396, 'learning_rate': 4.132249090520009e-06, 'epoch': 0.01}
{'loss': 1.0672, 'grad_norm': 3.2454833984375, 'learning_rate': 4.134389043441044e-06, 'epoch': 0.01}
{'loss': 1.0646, 'grad_norm': 3.1828293800354004, 'learning_rate': 4.13652899636208e-06, 'epoch': 0.01}
{'loss': 1.0518, 'grad_norm': 3.1810550689697266, 'learning_rate': 4.138668949283116e-06, 'epoch': 0.01}
{'loss': 1.0785, 'grad_norm': 3.498058557510376, 'learning_rate': 4.140808902204152e-06, 'epoch': 0.01}
{'loss': 1.027, 'grad_norm': 3.582427978515625, 'learning_rate': 4.142948855125188e-06, 'epoch': 0.01}
{'loss': 0.8218, 'grad_norm': 2.879796266555786, 'learning_rate': 4.145088808046223e-06, 'epoch': 0.01}
{'loss': 1.0263, 'grad_norm': 3.1522200107574463, 'learning_rate': 4.147228760967259e-06, 'epoch': 0.01}
{'loss': 0.8913, 'grad_norm': 3.170764684677124, 'learning_rate': 4.149368713888295e-06, 'epoch': 0.01}
{'loss': 0.891, 'grad_norm': 3.3024349212646484, 'learning_rate': 4.1515086668093305e-06, 'epoch': 0.01}
{'loss': 1.3088, 'grad_norm': 4.366759777069092, 'learning_rate': 4.153648619730366e-06, 'epoch': 0.01}
{'loss': 1.0615, 'grad_norm': 4.734961986541748, 'learning_rate': 4.155788572651402e-06, 'epoch': 0.01}
{'loss': 1.1121, 'grad_norm': 3.595534324645996, 'learning_rate': 4.157928525572438e-06, 'epoch': 0.01}
{'loss': 1.0579, 'grad_norm': 3.432701826095581, 'learning_rate': 4.160068478493473e-06, 'epoch': 0.01}
{'loss': 1.0547, 'grad_norm': 3.78599214553833, 'learning_rate': 4.1622084314145095e-06, 'epoch': 0.01}
{'loss': 1.289, 'grad_norm': 3.379312038421631, 'learning_rate': 4.164348384335545e-06, 'epoch': 0.01}
{'loss': 0.9621, 'grad_norm': 3.632859230041504, 'learning_rate': 4.166488337256581e-06, 'epoch': 0.01}
{'loss': 1.0791, 'grad_norm': 3.697253465652466, 'learning_rate': 4.168628290177616e-06, 'epoch': 0.01}
{'loss': 1.0727, 'grad_norm': 3.0711731910705566, 'learning_rate': 4.170768243098652e-06, 'epoch': 0.01}
{'loss': 1.1037, 'grad_norm': 3.7000722885131836, 'learning_rate': 4.1729081960196876e-06, 'epoch': 0.01}
{'loss': 1.432, 'grad_norm': 4.274604320526123, 'learning_rate': 4.175048148940724e-06, 'epoch': 0.01}
{'loss': 0.998, 'grad_norm': 2.973568916320801, 'learning_rate': 4.177188101861759e-06, 'epoch': 0.01}
{'loss': 1.2369, 'grad_norm': 3.348257541656494, 'learning_rate': 4.179328054782795e-06, 'epoch': 0.01}
{'loss': 0.9746, 'grad_norm': 3.2429027557373047, 'learning_rate': 4.181468007703831e-06, 'epoch': 0.01}
{'loss': 1.339, 'grad_norm': 4.051601409912109, 'learning_rate': 4.1836079606248665e-06, 'epoch': 0.01}
{'loss': 1.0785, 'grad_norm': 2.909402847290039, 'learning_rate': 4.185747913545903e-06, 'epoch': 0.01}
{'loss': 1.0221, 'grad_norm': 2.9891254901885986, 'learning_rate': 4.187887866466938e-06, 'epoch': 0.01}
{'loss': 0.9037, 'grad_norm': 2.887239694595337, 'learning_rate': 4.190027819387974e-06, 'epoch': 0.01}
{'loss': 0.8519, 'grad_norm': 2.9204483032226562, 'learning_rate': 4.192167772309009e-06, 'epoch': 0.01}
{'loss': 1.0508, 'grad_norm': 3.079310417175293, 'learning_rate': 4.1943077252300454e-06, 'epoch': 0.01}
{'loss': 1.2571, 'grad_norm': 3.35890793800354, 'learning_rate': 4.196447678151081e-06, 'epoch': 0.01}
{'loss': 1.272, 'grad_norm': 3.8450064659118652, 'learning_rate': 4.198587631072117e-06, 'epoch': 0.01}
{'loss': 1.2467, 'grad_norm': 3.217008352279663, 'learning_rate': 4.200727583993153e-06, 'epoch': 0.01}
{'loss': 0.9251, 'grad_norm': 3.0005197525024414, 'learning_rate': 4.202867536914188e-06, 'epoch': 0.01}
{'loss': 1.161, 'grad_norm': 3.4965767860412598, 'learning_rate': 4.2050074898352235e-06, 'epoch': 0.01}
{'loss': 1.056, 'grad_norm': 3.5338873863220215, 'learning_rate': 4.20714744275626e-06, 'epoch': 0.01}
{'loss': 0.9362, 'grad_norm': 3.167583465576172, 'learning_rate': 4.209287395677296e-06, 'epoch': 0.01}
{'loss': 1.2744, 'grad_norm': 4.1382155418396, 'learning_rate': 4.211427348598331e-06, 'epoch': 0.01}
{'loss': 1.0815, 'grad_norm': 3.235522747039795, 'learning_rate': 4.213567301519366e-06, 'epoch': 0.01}
{'loss': 1.0416, 'grad_norm': 2.7993786334991455, 'learning_rate': 4.2157072544404025e-06, 'epoch': 0.01}
{'loss': 1.0897, 'grad_norm': 3.268045425415039, 'learning_rate': 4.217847207361439e-06, 'epoch': 0.01}
{'loss': 0.9215, 'grad_norm': 3.033421516418457, 'learning_rate': 4.219987160282475e-06, 'epoch': 0.01}
{'loss': 0.8547, 'grad_norm': 2.736921548843384, 'learning_rate': 4.22212711320351e-06, 'epoch': 0.01}
{'loss': 1.1077, 'grad_norm': 2.722123622894287, 'learning_rate': 4.224267066124545e-06, 'epoch': 0.01}
{'loss': 0.9696, 'grad_norm': 2.754697799682617, 'learning_rate': 4.2264070190455814e-06, 'epoch': 0.01}
{'loss': 0.9125, 'grad_norm': 2.9048328399658203, 'learning_rate': 4.2285469719666176e-06, 'epoch': 0.01}
{'loss': 1.0665, 'grad_norm': 2.952259063720703, 'learning_rate': 4.230686924887653e-06, 'epoch': 0.01}
{'loss': 0.8714, 'grad_norm': 2.7790565490722656, 'learning_rate': 4.232826877808688e-06, 'epoch': 0.01}
{'loss': 1.1355, 'grad_norm': 3.3904902935028076, 'learning_rate': 4.234966830729724e-06, 'epoch': 0.01}
{'loss': 0.8834, 'grad_norm': 3.5101687908172607, 'learning_rate': 4.23710678365076e-06, 'epoch': 0.01}
{'loss': 0.9338, 'grad_norm': 3.122997522354126, 'learning_rate': 4.239246736571796e-06, 'epoch': 0.01}
{'loss': 1.2903, 'grad_norm': 3.121680736541748, 'learning_rate': 4.241386689492831e-06, 'epoch': 0.01}
{'loss': 1.2837, 'grad_norm': 2.9905402660369873, 'learning_rate': 4.243526642413867e-06, 'epoch': 0.01}
{'loss': 1.2155, 'grad_norm': 3.456631660461426, 'learning_rate': 4.245666595334903e-06, 'epoch': 0.01}
{'loss': 0.9643, 'grad_norm': 3.3745062351226807, 'learning_rate': 4.2478065482559385e-06, 'epoch': 0.01}
{'loss': 1.0553, 'grad_norm': 3.41526198387146, 'learning_rate': 4.249946501176975e-06, 'epoch': 0.01}
{'loss': 1.2177, 'grad_norm': 3.273484230041504, 'learning_rate': 4.25208645409801e-06, 'epoch': 0.01}
{'loss': 1.1378, 'grad_norm': 3.5399632453918457, 'learning_rate': 4.254226407019046e-06, 'epoch': 0.01}
{'loss': 1.2195, 'grad_norm': 3.731383800506592, 'learning_rate': 4.256366359940082e-06, 'epoch': 0.01}
{'loss': 0.9628, 'grad_norm': 2.8916168212890625, 'learning_rate': 4.258506312861117e-06, 'epoch': 0.01}
{'loss': 0.8789, 'grad_norm': 2.9049360752105713, 'learning_rate': 4.260646265782153e-06, 'epoch': 0.01}
{'loss': 0.8791, 'grad_norm': 2.9626667499542236, 'learning_rate': 4.262786218703189e-06, 'epoch': 0.01}
{'loss': 1.0871, 'grad_norm': 3.460785388946533, 'learning_rate': 4.264926171624225e-06, 'epoch': 0.01}
{'loss': 0.8525, 'grad_norm': 3.031161069869995, 'learning_rate': 4.26706612454526e-06, 'epoch': 0.01}
{'loss': 1.183, 'grad_norm': 3.490849733352661, 'learning_rate': 4.269206077466296e-06, 'epoch': 0.01}
{'loss': 1.166, 'grad_norm': 3.4421274662017822, 'learning_rate': 4.271346030387332e-06, 'epoch': 0.01}
{'loss': 1.0184, 'grad_norm': 3.024928092956543, 'learning_rate': 4.273485983308368e-06, 'epoch': 0.01}
{'loss': 0.9388, 'grad_norm': 3.031705617904663, 'learning_rate': 4.275625936229403e-06, 'epoch': 0.01}
{'loss': 1.0601, 'grad_norm': 3.2033071517944336, 'learning_rate': 4.277765889150439e-06, 'epoch': 0.01}
{'loss': 1.073, 'grad_norm': 3.207477331161499, 'learning_rate': 4.2799058420714744e-06, 'epoch': 0.01}
{'loss': 1.1432, 'grad_norm': 2.9800097942352295, 'learning_rate': 4.2820457949925106e-06, 'epoch': 0.01}
{'loss': 1.0864, 'grad_norm': 3.225513458251953, 'learning_rate': 4.284185747913546e-06, 'epoch': 0.01}
{'loss': 0.98, 'grad_norm': 3.548516035079956, 'learning_rate': 4.286325700834582e-06, 'epoch': 0.01}
{'loss': 1.1832, 'grad_norm': 3.33738374710083, 'learning_rate': 4.288465653755618e-06, 'epoch': 0.01}
{'loss': 1.1134, 'grad_norm': 3.2583348751068115, 'learning_rate': 4.290605606676653e-06, 'epoch': 0.01}
{'loss': 0.9262, 'grad_norm': 2.8728537559509277, 'learning_rate': 4.2927455595976895e-06, 'epoch': 0.01}
{'loss': 1.039, 'grad_norm': 3.249783754348755, 'learning_rate': 4.294885512518725e-06, 'epoch': 0.01}
{'loss': 1.0663, 'grad_norm': 3.675708055496216, 'learning_rate': 4.297025465439761e-06, 'epoch': 0.01}
{'loss': 0.8786, 'grad_norm': 3.1623587608337402, 'learning_rate': 4.299165418360796e-06, 'epoch': 0.01}
{'loss': 1.2971, 'grad_norm': 3.686391592025757, 'learning_rate': 4.301305371281832e-06, 'epoch': 0.01}
{'loss': 0.9381, 'grad_norm': 3.2129709720611572, 'learning_rate': 4.303445324202868e-06, 'epoch': 0.01}
{'loss': 0.9216, 'grad_norm': 3.296349287033081, 'learning_rate': 4.305585277123904e-06, 'epoch': 0.01}
{'loss': 1.027, 'grad_norm': 3.039703130722046, 'learning_rate': 4.30772523004494e-06, 'epoch': 0.01}
{'loss': 1.0447, 'grad_norm': 3.220961809158325, 'learning_rate': 4.309865182965975e-06, 'epoch': 0.01}
{'loss': 0.8812, 'grad_norm': 3.3842885494232178, 'learning_rate': 4.3120051358870104e-06, 'epoch': 0.01}
{'loss': 0.9373, 'grad_norm': 3.1787655353546143, 'learning_rate': 4.3141450888080466e-06, 'epoch': 0.01}
{'loss': 0.7928, 'grad_norm': 2.7762513160705566, 'learning_rate': 4.316285041729083e-06, 'epoch': 0.01}
{'loss': 0.8182, 'grad_norm': 2.890160322189331, 'learning_rate': 4.318424994650118e-06, 'epoch': 0.01}
{'loss': 1.1115, 'grad_norm': 3.452441692352295, 'learning_rate': 4.320564947571153e-06, 'epoch': 0.01}
{'loss': 1.0064, 'grad_norm': 2.9975433349609375, 'learning_rate': 4.322704900492189e-06, 'epoch': 0.01}
{'loss': 1.196, 'grad_norm': 3.529073476791382, 'learning_rate': 4.3248448534132255e-06, 'epoch': 0.01}
{'loss': 1.2006, 'grad_norm': 3.408660411834717, 'learning_rate': 4.326984806334262e-06, 'epoch': 0.01}
{'loss': 1.111, 'grad_norm': 3.1101441383361816, 'learning_rate': 4.329124759255297e-06, 'epoch': 0.01}
{'loss': 0.9917, 'grad_norm': 3.2281525135040283, 'learning_rate': 4.331264712176332e-06, 'epoch': 0.01}
{'loss': 1.0189, 'grad_norm': 3.634019374847412, 'learning_rate': 4.333404665097368e-06, 'epoch': 0.01}
{'loss': 1.2451, 'grad_norm': 3.3471856117248535, 'learning_rate': 4.3355446180184044e-06, 'epoch': 0.01}
{'loss': 1.2167, 'grad_norm': 3.6717135906219482, 'learning_rate': 4.33768457093944e-06, 'epoch': 0.01}
{'loss': 1.1237, 'grad_norm': 3.17360782623291, 'learning_rate': 4.339824523860475e-06, 'epoch': 0.01}
{'loss': 0.9396, 'grad_norm': 3.1924169063568115, 'learning_rate': 4.341964476781511e-06, 'epoch': 0.01}
{'loss': 1.3275, 'grad_norm': 3.7088663578033447, 'learning_rate': 4.344104429702547e-06, 'epoch': 0.01}
{'loss': 0.9952, 'grad_norm': 3.2146947383880615, 'learning_rate': 4.3462443826235825e-06, 'epoch': 0.01}
{'loss': 0.6553, 'grad_norm': 1.9793833494186401, 'learning_rate': 4.348384335544618e-06, 'epoch': 0.01}
{'loss': 1.0601, 'grad_norm': 2.924656867980957, 'learning_rate': 4.350524288465654e-06, 'epoch': 0.01}
{'loss': 1.1223, 'grad_norm': 3.372581958770752, 'learning_rate': 4.35266424138669e-06, 'epoch': 0.01}
{'loss': 1.0268, 'grad_norm': 2.8788669109344482, 'learning_rate': 4.354804194307725e-06, 'epoch': 0.01}
{'loss': 1.1551, 'grad_norm': 3.6551902294158936, 'learning_rate': 4.3569441472287615e-06, 'epoch': 0.01}
{'loss': 1.0631, 'grad_norm': 3.3003787994384766, 'learning_rate': 4.359084100149797e-06, 'epoch': 0.01}
{'loss': 1.0419, 'grad_norm': 3.033858299255371, 'learning_rate': 4.361224053070833e-06, 'epoch': 0.01}
{'loss': 1.1167, 'grad_norm': 3.7538418769836426, 'learning_rate': 4.363364005991869e-06, 'epoch': 0.01}
{'loss': 1.3568, 'grad_norm': 4.047660827636719, 'learning_rate': 4.365503958912904e-06, 'epoch': 0.01}
{'loss': 0.8815, 'grad_norm': 3.0707221031188965, 'learning_rate': 4.3676439118339396e-06, 'epoch': 0.01}
{'loss': 0.9477, 'grad_norm': 3.5067105293273926, 'learning_rate': 4.369783864754976e-06, 'epoch': 0.01}
{'loss': 1.1175, 'grad_norm': 3.4989778995513916, 'learning_rate': 4.371923817676012e-06, 'epoch': 0.01}
{'loss': 0.9559, 'grad_norm': 3.4443905353546143, 'learning_rate': 4.374063770597047e-06, 'epoch': 0.01}
{'loss': 0.8565, 'grad_norm': 2.925065755844116, 'learning_rate': 4.376203723518083e-06, 'epoch': 0.01}
{'loss': 0.9823, 'grad_norm': 3.286997079849243, 'learning_rate': 4.3783436764391185e-06, 'epoch': 0.01}
{'loss': 0.8806, 'grad_norm': 3.1993658542633057, 'learning_rate': 4.380483629360155e-06, 'epoch': 0.01}
{'loss': 1.1466, 'grad_norm': 3.2963693141937256, 'learning_rate': 4.38262358228119e-06, 'epoch': 0.01}
{'loss': 1.253, 'grad_norm': 3.586820602416992, 'learning_rate': 4.384763535202226e-06, 'epoch': 0.01}
{'loss': 0.9613, 'grad_norm': 3.313356637954712, 'learning_rate': 4.386903488123261e-06, 'epoch': 0.01}
{'loss': 1.1316, 'grad_norm': 3.4141271114349365, 'learning_rate': 4.3890434410442975e-06, 'epoch': 0.01}
{'loss': 1.0044, 'grad_norm': 3.510385274887085, 'learning_rate': 4.391183393965333e-06, 'epoch': 0.01}
{'loss': 1.0413, 'grad_norm': 3.280214786529541, 'learning_rate': 4.393323346886369e-06, 'epoch': 0.01}
{'loss': 1.0363, 'grad_norm': 3.291429042816162, 'learning_rate': 4.395463299807405e-06, 'epoch': 0.01}
{'loss': 0.9445, 'grad_norm': 3.3244035243988037, 'learning_rate': 4.39760325272844e-06, 'epoch': 0.01}
{'loss': 1.0289, 'grad_norm': 3.621957540512085, 'learning_rate': 4.399743205649476e-06, 'epoch': 0.01}
{'loss': 1.1454, 'grad_norm': 3.8784983158111572, 'learning_rate': 4.401883158570512e-06, 'epoch': 0.01}
{'loss': 1.3478, 'grad_norm': 3.649949073791504, 'learning_rate': 4.404023111491548e-06, 'epoch': 0.01}
{'loss': 0.8221, 'grad_norm': 2.956702709197998, 'learning_rate': 4.406163064412583e-06, 'epoch': 0.01}
{'loss': 1.3271, 'grad_norm': 3.8901021480560303, 'learning_rate': 4.408303017333619e-06, 'epoch': 0.01}
{'loss': 1.2284, 'grad_norm': 3.4540646076202393, 'learning_rate': 4.4104429702546545e-06, 'epoch': 0.01}
{'loss': 1.0133, 'grad_norm': 3.520717144012451, 'learning_rate': 4.412582923175691e-06, 'epoch': 0.01}
{'loss': 1.1546, 'grad_norm': 3.2154266834259033, 'learning_rate': 4.414722876096727e-06, 'epoch': 0.01}
{'loss': 0.9703, 'grad_norm': 3.308812379837036, 'learning_rate': 4.416862829017762e-06, 'epoch': 0.01}
{'loss': 1.2189, 'grad_norm': 3.959846258163452, 'learning_rate': 4.419002781938797e-06, 'epoch': 0.01}
{'loss': 1.0603, 'grad_norm': 3.8135297298431396, 'learning_rate': 4.4211427348598334e-06, 'epoch': 0.01}
{'loss': 0.9723, 'grad_norm': 2.9050228595733643, 'learning_rate': 4.4232826877808696e-06, 'epoch': 0.01}
{'loss': 0.9327, 'grad_norm': 3.270660638809204, 'learning_rate': 4.425422640701905e-06, 'epoch': 0.01}
{'loss': 0.9971, 'grad_norm': 3.216068744659424, 'learning_rate': 4.42756259362294e-06, 'epoch': 0.01}
{'loss': 0.8841, 'grad_norm': 3.037931442260742, 'learning_rate': 4.429702546543976e-06, 'epoch': 0.01}
{'loss': 0.8803, 'grad_norm': 3.1509270668029785, 'learning_rate': 4.431842499465012e-06, 'epoch': 0.01}
{'loss': 1.0208, 'grad_norm': 3.3306772708892822, 'learning_rate': 4.433982452386048e-06, 'epoch': 0.01}
{'loss': 1.2737, 'grad_norm': 3.7163987159729004, 'learning_rate': 4.436122405307084e-06, 'epoch': 0.01}
{'loss': 0.9351, 'grad_norm': 2.968867301940918, 'learning_rate': 4.438262358228119e-06, 'epoch': 0.01}
{'loss': 1.065, 'grad_norm': 4.004125595092773, 'learning_rate': 4.440402311149155e-06, 'epoch': 0.01}
{'loss': 1.1882, 'grad_norm': 3.745699405670166, 'learning_rate': 4.442542264070191e-06, 'epoch': 0.01}
{'loss': 1.2047, 'grad_norm': 4.0764055252075195, 'learning_rate': 4.444682216991227e-06, 'epoch': 0.01}
{'loss': 1.0504, 'grad_norm': 3.256162166595459, 'learning_rate': 4.446822169912262e-06, 'epoch': 0.01}
{'loss': 0.6366, 'grad_norm': 1.8550353050231934, 'learning_rate': 4.448962122833298e-06, 'epoch': 0.01}
{'loss': 0.9495, 'grad_norm': 3.1766045093536377, 'learning_rate': 4.451102075754334e-06, 'epoch': 0.01}
{'loss': 1.128, 'grad_norm': 3.851285934448242, 'learning_rate': 4.453242028675369e-06, 'epoch': 0.01}
{'loss': 0.9377, 'grad_norm': 2.7685792446136475, 'learning_rate': 4.455381981596405e-06, 'epoch': 0.01}
{'loss': 1.0531, 'grad_norm': 3.590402364730835, 'learning_rate': 4.457521934517441e-06, 'epoch': 0.01}
{'loss': 0.8987, 'grad_norm': 3.6962573528289795, 'learning_rate': 4.459661887438477e-06, 'epoch': 0.01}
{'loss': 0.9254, 'grad_norm': 2.774632215499878, 'learning_rate': 4.461801840359512e-06, 'epoch': 0.01}
{'loss': 0.8259, 'grad_norm': 2.945850133895874, 'learning_rate': 4.463941793280548e-06, 'epoch': 0.01}
{'loss': 1.3513, 'grad_norm': 4.02730131149292, 'learning_rate': 4.466081746201584e-06, 'epoch': 0.01}
{'loss': 1.0759, 'grad_norm': 3.2321577072143555, 'learning_rate': 4.46822169912262e-06, 'epoch': 0.01}
{'loss': 0.9774, 'grad_norm': 2.8944921493530273, 'learning_rate': 4.470361652043655e-06, 'epoch': 0.01}
{'loss': 1.2081, 'grad_norm': 3.326728105545044, 'learning_rate': 4.472501604964691e-06, 'epoch': 0.01}
{'loss': 0.9746, 'grad_norm': 3.512887477874756, 'learning_rate': 4.4746415578857265e-06, 'epoch': 0.01}
{'loss': 0.9955, 'grad_norm': 3.316143751144409, 'learning_rate': 4.476781510806763e-06, 'epoch': 0.01}
{'loss': 1.1734, 'grad_norm': 3.099658727645874, 'learning_rate': 4.478921463727799e-06, 'epoch': 0.01}
{'loss': 1.1211, 'grad_norm': 3.392871141433716, 'learning_rate': 4.481061416648834e-06, 'epoch': 0.01}
{'loss': 0.6783, 'grad_norm': 3.1096675395965576, 'learning_rate': 4.48320136956987e-06, 'epoch': 0.01}
{'loss': 1.0009, 'grad_norm': 3.172480583190918, 'learning_rate': 4.485341322490905e-06, 'epoch': 0.01}
{'loss': 1.0557, 'grad_norm': 3.072847366333008, 'learning_rate': 4.4874812754119415e-06, 'epoch': 0.01}
{'loss': 0.937, 'grad_norm': 3.366534948348999, 'learning_rate': 4.489621228332977e-06, 'epoch': 0.01}
{'loss': 1.0209, 'grad_norm': 3.3974289894104004, 'learning_rate': 4.491761181254013e-06, 'epoch': 0.01}
{'loss': 1.2941, 'grad_norm': 3.762497663497925, 'learning_rate': 4.493901134175048e-06, 'epoch': 0.01}
{'loss': 0.986, 'grad_norm': 3.40517258644104, 'learning_rate': 4.496041087096084e-06, 'epoch': 0.01}
{'loss': 0.9532, 'grad_norm': 3.557722330093384, 'learning_rate': 4.49818104001712e-06, 'epoch': 0.01}
{'loss': 1.1524, 'grad_norm': 3.6105897426605225, 'learning_rate': 4.500320992938156e-06, 'epoch': 0.01}
{'loss': 1.0566, 'grad_norm': 3.167107343673706, 'learning_rate': 4.502460945859192e-06, 'epoch': 0.01}
{'loss': 1.1099, 'grad_norm': 3.7148799896240234, 'learning_rate': 4.504600898780227e-06, 'epoch': 0.01}
{'loss': 1.1561, 'grad_norm': 3.5945568084716797, 'learning_rate': 4.5067408517012624e-06, 'epoch': 0.01}
{'loss': 0.8075, 'grad_norm': 2.842114210128784, 'learning_rate': 4.5088808046222986e-06, 'epoch': 0.01}
{'loss': 1.2342, 'grad_norm': 3.376194477081299, 'learning_rate': 4.511020757543335e-06, 'epoch': 0.01}
{'loss': 1.1571, 'grad_norm': 3.509462594985962, 'learning_rate': 4.51316071046437e-06, 'epoch': 0.01}
{'loss': 1.0551, 'grad_norm': 3.053135871887207, 'learning_rate': 4.515300663385406e-06, 'epoch': 0.01}
{'loss': 1.1718, 'grad_norm': 3.3096542358398438, 'learning_rate': 4.517440616306441e-06, 'epoch': 0.01}
{'loss': 1.0967, 'grad_norm': 3.1872403621673584, 'learning_rate': 4.5195805692274775e-06, 'epoch': 0.01}
{'loss': 1.1789, 'grad_norm': 3.425060749053955, 'learning_rate': 4.521720522148514e-06, 'epoch': 0.01}
{'loss': 1.0372, 'grad_norm': 3.03255558013916, 'learning_rate': 4.523860475069549e-06, 'epoch': 0.01}
{'loss': 0.8651, 'grad_norm': 2.7727088928222656, 'learning_rate': 4.526000427990584e-06, 'epoch': 0.01}
{'loss': 1.1613, 'grad_norm': 3.48193621635437, 'learning_rate': 4.52814038091162e-06, 'epoch': 0.01}
{'loss': 1.0926, 'grad_norm': 3.2451910972595215, 'learning_rate': 4.5302803338326564e-06, 'epoch': 0.01}
{'loss': 1.2659, 'grad_norm': 3.099853277206421, 'learning_rate': 4.532420286753692e-06, 'epoch': 0.01}
{'loss': 0.6227, 'grad_norm': 2.4914724826812744, 'learning_rate': 4.534560239674727e-06, 'epoch': 0.01}
{'loss': 1.1469, 'grad_norm': 3.3506839275360107, 'learning_rate': 4.536700192595763e-06, 'epoch': 0.01}
{'loss': 1.2384, 'grad_norm': 3.4583451747894287, 'learning_rate': 4.538840145516799e-06, 'epoch': 0.01}
{'loss': 0.976, 'grad_norm': 3.0823774337768555, 'learning_rate': 4.5409800984378345e-06, 'epoch': 0.01}
{'loss': 1.0752, 'grad_norm': 3.169433355331421, 'learning_rate': 4.54312005135887e-06, 'epoch': 0.01}
{'loss': 0.9829, 'grad_norm': 3.047808885574341, 'learning_rate': 4.545260004279906e-06, 'epoch': 0.01}
{'loss': 1.1033, 'grad_norm': 3.235812187194824, 'learning_rate': 4.547399957200942e-06, 'epoch': 0.01}
{'loss': 1.0829, 'grad_norm': 3.3733890056610107, 'learning_rate': 4.549539910121978e-06, 'epoch': 0.01}
{'loss': 0.9337, 'grad_norm': 2.76987361907959, 'learning_rate': 4.5516798630430135e-06, 'epoch': 0.01}
{'loss': 0.9561, 'grad_norm': 3.021305799484253, 'learning_rate': 4.553819815964049e-06, 'epoch': 0.01}
{'loss': 0.9323, 'grad_norm': 3.365386724472046, 'learning_rate': 4.555959768885085e-06, 'epoch': 0.01}
{'loss': 1.1596, 'grad_norm': 3.4068849086761475, 'learning_rate': 4.558099721806121e-06, 'epoch': 0.01}
{'loss': 0.9907, 'grad_norm': 3.223237991333008, 'learning_rate': 4.560239674727156e-06, 'epoch': 0.01}
{'loss': 0.9542, 'grad_norm': 3.064835786819458, 'learning_rate': 4.562379627648192e-06, 'epoch': 0.01}
{'loss': 1.0258, 'grad_norm': 3.8863205909729004, 'learning_rate': 4.564519580569228e-06, 'epoch': 0.01}
{'loss': 1.2512, 'grad_norm': 3.7548913955688477, 'learning_rate': 4.566659533490264e-06, 'epoch': 0.01}
{'loss': 1.0102, 'grad_norm': 3.1400322914123535, 'learning_rate': 4.568799486411299e-06, 'epoch': 0.01}
{'loss': 1.151, 'grad_norm': 3.8430016040802, 'learning_rate': 4.570939439332335e-06, 'epoch': 0.01}
{'loss': 0.9095, 'grad_norm': 3.0286784172058105, 'learning_rate': 4.5730793922533705e-06, 'epoch': 0.01}
{'loss': 1.147, 'grad_norm': 3.320068597793579, 'learning_rate': 4.575219345174407e-06, 'epoch': 0.01}
{'loss': 0.9296, 'grad_norm': 3.263118028640747, 'learning_rate': 4.577359298095442e-06, 'epoch': 0.01}
{'loss': 0.9874, 'grad_norm': 3.2126951217651367, 'learning_rate': 4.579499251016478e-06, 'epoch': 0.01}
{'loss': 1.1791, 'grad_norm': 3.708487033843994, 'learning_rate': 4.581639203937513e-06, 'epoch': 0.01}
{'loss': 0.9693, 'grad_norm': 2.982983350753784, 'learning_rate': 4.5837791568585495e-06, 'epoch': 0.01}
{'loss': 0.8783, 'grad_norm': 3.1474907398223877, 'learning_rate': 4.585919109779586e-06, 'epoch': 0.01}
{'loss': 0.9597, 'grad_norm': 2.7082223892211914, 'learning_rate': 4.588059062700621e-06, 'epoch': 0.01}
{'loss': 1.0544, 'grad_norm': 3.3394930362701416, 'learning_rate': 4.590199015621657e-06, 'epoch': 0.01}
{'loss': 0.6871, 'grad_norm': 1.9221069812774658, 'learning_rate': 4.592338968542692e-06, 'epoch': 0.01}
{'loss': 1.0789, 'grad_norm': 3.466630220413208, 'learning_rate': 4.594478921463728e-06, 'epoch': 0.01}
{'loss': 1.0699, 'grad_norm': 3.1230807304382324, 'learning_rate': 4.596618874384764e-06, 'epoch': 0.01}
{'loss': 1.0002, 'grad_norm': 2.973447322845459, 'learning_rate': 4.5987588273058e-06, 'epoch': 0.01}
{'loss': 1.2647, 'grad_norm': 3.300344705581665, 'learning_rate': 4.600898780226835e-06, 'epoch': 0.01}
{'loss': 0.9267, 'grad_norm': 2.792073965072632, 'learning_rate': 4.603038733147871e-06, 'epoch': 0.01}
{'loss': 1.2656, 'grad_norm': 3.527712821960449, 'learning_rate': 4.6051786860689065e-06, 'epoch': 0.01}
{'loss': 1.0827, 'grad_norm': 3.375515937805176, 'learning_rate': 4.607318638989943e-06, 'epoch': 0.01}
{'loss': 1.2349, 'grad_norm': 3.738635540008545, 'learning_rate': 4.609458591910979e-06, 'epoch': 0.01}
{'loss': 0.9553, 'grad_norm': 3.756920099258423, 'learning_rate': 4.611598544832014e-06, 'epoch': 0.01}
{'loss': 0.9182, 'grad_norm': 2.958224296569824, 'learning_rate': 4.613738497753049e-06, 'epoch': 0.01}
{'loss': 0.9918, 'grad_norm': 3.096806526184082, 'learning_rate': 4.6158784506740854e-06, 'epoch': 0.01}
{'loss': 1.158, 'grad_norm': 3.517683267593384, 'learning_rate': 4.6180184035951216e-06, 'epoch': 0.01}
{'loss': 0.9754, 'grad_norm': 3.044224977493286, 'learning_rate': 4.620158356516158e-06, 'epoch': 0.01}
{'loss': 1.0856, 'grad_norm': 3.087421178817749, 'learning_rate': 4.622298309437193e-06, 'epoch': 0.01}
{'loss': 0.6366, 'grad_norm': 2.4071884155273438, 'learning_rate': 4.624438262358228e-06, 'epoch': 0.01}
{'loss': 0.9194, 'grad_norm': 3.407217502593994, 'learning_rate': 4.626578215279264e-06, 'epoch': 0.01}
{'loss': 0.8909, 'grad_norm': 2.9259862899780273, 'learning_rate': 4.6287181682003005e-06, 'epoch': 0.01}
{'loss': 0.9679, 'grad_norm': 2.898076295852661, 'learning_rate': 4.630858121121336e-06, 'epoch': 0.01}
{'loss': 0.9579, 'grad_norm': 3.158615827560425, 'learning_rate': 4.632998074042371e-06, 'epoch': 0.01}
{'loss': 0.9998, 'grad_norm': 3.2987029552459717, 'learning_rate': 4.635138026963407e-06, 'epoch': 0.01}
{'loss': 0.9362, 'grad_norm': 3.0044877529144287, 'learning_rate': 4.637277979884443e-06, 'epoch': 0.01}
{'loss': 1.0806, 'grad_norm': 3.030780553817749, 'learning_rate': 4.639417932805479e-06, 'epoch': 0.01}
{'loss': 1.0427, 'grad_norm': 3.3637890815734863, 'learning_rate': 4.641557885726514e-06, 'epoch': 0.01}
{'loss': 0.9703, 'grad_norm': 2.797590732574463, 'learning_rate': 4.64369783864755e-06, 'epoch': 0.01}
{'loss': 1.089, 'grad_norm': 3.082369089126587, 'learning_rate': 4.645837791568586e-06, 'epoch': 0.01}
{'loss': 1.0225, 'grad_norm': 3.124288320541382, 'learning_rate': 4.647977744489621e-06, 'epoch': 0.01}
{'loss': 0.8174, 'grad_norm': 2.9985179901123047, 'learning_rate': 4.650117697410657e-06, 'epoch': 0.01}
{'loss': 0.845, 'grad_norm': 3.0541296005249023, 'learning_rate': 4.652257650331693e-06, 'epoch': 0.01}
{'loss': 1.1045, 'grad_norm': 3.341597080230713, 'learning_rate': 4.654397603252729e-06, 'epoch': 0.01}
{'loss': 1.0031, 'grad_norm': 3.0498592853546143, 'learning_rate': 4.656537556173765e-06, 'epoch': 0.01}
{'loss': 1.0435, 'grad_norm': 3.4559543132781982, 'learning_rate': 4.6586775090948e-06, 'epoch': 0.01}
{'loss': 1.1256, 'grad_norm': 3.0840821266174316, 'learning_rate': 4.660817462015836e-06, 'epoch': 0.01}
{'loss': 1.0918, 'grad_norm': 3.9226291179656982, 'learning_rate': 4.662957414936872e-06, 'epoch': 0.01}
{'loss': 1.2212, 'grad_norm': 3.8014042377471924, 'learning_rate': 4.665097367857908e-06, 'epoch': 0.01}
{'loss': 1.0581, 'grad_norm': 3.1956920623779297, 'learning_rate': 4.667237320778943e-06, 'epoch': 0.01}
{'loss': 1.1772, 'grad_norm': 2.8835909366607666, 'learning_rate': 4.6693772736999785e-06, 'epoch': 0.01}
{'loss': 1.2558, 'grad_norm': 3.6791462898254395, 'learning_rate': 4.671517226621015e-06, 'epoch': 0.01}
{'loss': 0.9411, 'grad_norm': 2.9551727771759033, 'learning_rate': 4.673657179542051e-06, 'epoch': 0.01}
{'loss': 0.8698, 'grad_norm': 3.288717031478882, 'learning_rate': 4.675797132463086e-06, 'epoch': 0.01}
{'loss': 1.1351, 'grad_norm': 3.1240525245666504, 'learning_rate': 4.677937085384122e-06, 'epoch': 0.01}
{'loss': 1.0397, 'grad_norm': 3.60013747215271, 'learning_rate': 4.680077038305157e-06, 'epoch': 0.01}
{'loss': 1.0437, 'grad_norm': 3.5392160415649414, 'learning_rate': 4.6822169912261935e-06, 'epoch': 0.01}
{'loss': 1.1936, 'grad_norm': 3.513434410095215, 'learning_rate': 4.684356944147229e-06, 'epoch': 0.01}
{'loss': 1.0799, 'grad_norm': 3.4535648822784424, 'learning_rate': 4.686496897068265e-06, 'epoch': 0.01}
{'loss': 1.2386, 'grad_norm': 3.3892579078674316, 'learning_rate': 4.6886368499893e-06, 'epoch': 0.01}
{'loss': 0.9645, 'grad_norm': 3.327838659286499, 'learning_rate': 4.690776802910336e-06, 'epoch': 0.01}
{'loss': 0.9884, 'grad_norm': 2.998842239379883, 'learning_rate': 4.6929167558313725e-06, 'epoch': 0.01}
{'loss': 1.0042, 'grad_norm': 3.243161916732788, 'learning_rate': 4.695056708752408e-06, 'epoch': 0.01}
{'loss': 1.0637, 'grad_norm': 2.993739366531372, 'learning_rate': 4.697196661673444e-06, 'epoch': 0.01}
{'loss': 1.1984, 'grad_norm': 3.349945306777954, 'learning_rate': 4.699336614594479e-06, 'epoch': 0.01}
{'loss': 1.1466, 'grad_norm': 3.8095321655273438, 'learning_rate': 4.701476567515515e-06, 'epoch': 0.01}
{'loss': 1.1269, 'grad_norm': 3.2189626693725586, 'learning_rate': 4.7036165204365506e-06, 'epoch': 0.01}
{'loss': 1.0334, 'grad_norm': 3.4452664852142334, 'learning_rate': 4.705756473357587e-06, 'epoch': 0.01}
{'loss': 1.171, 'grad_norm': 3.7979910373687744, 'learning_rate': 4.707896426278622e-06, 'epoch': 0.01}
{'loss': 1.0737, 'grad_norm': 3.112619161605835, 'learning_rate': 4.710036379199658e-06, 'epoch': 0.01}
{'loss': 0.9991, 'grad_norm': 3.3466551303863525, 'learning_rate': 4.712176332120693e-06, 'epoch': 0.01}
{'loss': 1.0529, 'grad_norm': 3.0219459533691406, 'learning_rate': 4.7143162850417295e-06, 'epoch': 0.01}
{'loss': 0.8707, 'grad_norm': 2.773871421813965, 'learning_rate': 4.716456237962766e-06, 'epoch': 0.01}
{'loss': 1.3473, 'grad_norm': 3.3728511333465576, 'learning_rate': 4.718596190883801e-06, 'epoch': 0.01}
{'loss': 1.0188, 'grad_norm': 2.950242280960083, 'learning_rate': 4.720736143804836e-06, 'epoch': 0.01}
{'loss': 0.9903, 'grad_norm': 3.3109796047210693, 'learning_rate': 4.722876096725872e-06, 'epoch': 0.01}
{'loss': 0.984, 'grad_norm': 3.2996747493743896, 'learning_rate': 4.7250160496469085e-06, 'epoch': 0.01}
{'loss': 1.0043, 'grad_norm': 3.143169641494751, 'learning_rate': 4.727156002567945e-06, 'epoch': 0.01}
{'loss': 0.8562, 'grad_norm': 2.913858413696289, 'learning_rate': 4.72929595548898e-06, 'epoch': 0.01}
{'loss': 0.9272, 'grad_norm': 3.127901315689087, 'learning_rate': 4.731435908410015e-06, 'epoch': 0.01}
{'loss': 1.3387, 'grad_norm': 3.3207168579101562, 'learning_rate': 4.733575861331051e-06, 'epoch': 0.01}
{'loss': 0.9442, 'grad_norm': 2.9911515712738037, 'learning_rate': 4.735715814252087e-06, 'epoch': 0.01}
{'loss': 1.1146, 'grad_norm': 2.999659776687622, 'learning_rate': 4.737855767173123e-06, 'epoch': 0.01}
{'loss': 0.8592, 'grad_norm': 3.0126399993896484, 'learning_rate': 4.739995720094158e-06, 'epoch': 0.01}
{'loss': 1.0889, 'grad_norm': 3.4296445846557617, 'learning_rate': 4.742135673015194e-06, 'epoch': 0.01}
{'loss': 1.0241, 'grad_norm': 2.8966805934906006, 'learning_rate': 4.74427562593623e-06, 'epoch': 0.01}
{'loss': 0.9376, 'grad_norm': 3.3004422187805176, 'learning_rate': 4.7464155788572655e-06, 'epoch': 0.01}
{'loss': 1.1348, 'grad_norm': 3.255723714828491, 'learning_rate': 4.748555531778301e-06, 'epoch': 0.01}
{'loss': 1.1039, 'grad_norm': 3.3412387371063232, 'learning_rate': 4.750695484699337e-06, 'epoch': 0.01}
{'loss': 1.0233, 'grad_norm': 3.2641332149505615, 'learning_rate': 4.752835437620373e-06, 'epoch': 0.01}
{'loss': 1.2712, 'grad_norm': 3.3745405673980713, 'learning_rate': 4.754975390541408e-06, 'epoch': 0.01}
{'loss': 1.0603, 'grad_norm': 3.4550631046295166, 'learning_rate': 4.757115343462444e-06, 'epoch': 0.01}
{'loss': 0.9886, 'grad_norm': 3.1113619804382324, 'learning_rate': 4.75925529638348e-06, 'epoch': 0.01}
{'loss': 1.077, 'grad_norm': 3.319636821746826, 'learning_rate': 4.761395249304516e-06, 'epoch': 0.01}
{'loss': 1.0371, 'grad_norm': 3.4927144050598145, 'learning_rate': 4.763535202225552e-06, 'epoch': 0.01}
{'loss': 1.1228, 'grad_norm': 3.087338924407959, 'learning_rate': 4.765675155146587e-06, 'epoch': 0.01}
{'loss': 0.9742, 'grad_norm': 2.8218014240264893, 'learning_rate': 4.7678151080676225e-06, 'epoch': 0.01}
{'loss': 1.0767, 'grad_norm': 3.171326160430908, 'learning_rate': 4.769955060988659e-06, 'epoch': 0.01}
{'loss': 1.0556, 'grad_norm': 3.393564462661743, 'learning_rate': 4.772095013909695e-06, 'epoch': 0.01}
{'loss': 1.2322, 'grad_norm': 3.0592870712280273, 'learning_rate': 4.77423496683073e-06, 'epoch': 0.01}
{'loss': 1.0326, 'grad_norm': 3.229698419570923, 'learning_rate': 4.776374919751765e-06, 'epoch': 0.01}
{'loss': 0.9127, 'grad_norm': 3.0747897624969482, 'learning_rate': 4.7785148726728015e-06, 'epoch': 0.01}
{'loss': 0.6334, 'grad_norm': 2.9998667240142822, 'learning_rate': 4.780654825593838e-06, 'epoch': 0.01}
{'loss': 0.8435, 'grad_norm': 2.9227607250213623, 'learning_rate': 4.782794778514873e-06, 'epoch': 0.01}
{'loss': 1.1885, 'grad_norm': 3.2477636337280273, 'learning_rate': 4.784934731435909e-06, 'epoch': 0.01}
{'loss': 0.9473, 'grad_norm': 3.295999765396118, 'learning_rate': 4.787074684356944e-06, 'epoch': 0.01}
{'loss': 0.9488, 'grad_norm': 3.140624761581421, 'learning_rate': 4.78921463727798e-06, 'epoch': 0.01}
{'loss': 0.931, 'grad_norm': 3.379189968109131, 'learning_rate': 4.791354590199016e-06, 'epoch': 0.01}
{'loss': 0.8147, 'grad_norm': 2.613744020462036, 'learning_rate': 4.793494543120052e-06, 'epoch': 0.01}
{'loss': 1.401, 'grad_norm': 3.392944097518921, 'learning_rate': 4.795634496041087e-06, 'epoch': 0.01}
{'loss': 1.1976, 'grad_norm': 3.1546480655670166, 'learning_rate': 4.797774448962123e-06, 'epoch': 0.01}
{'loss': 0.9182, 'grad_norm': 2.9552550315856934, 'learning_rate': 4.799914401883159e-06, 'epoch': 0.01}
{'loss': 1.3555, 'grad_norm': 4.1358184814453125, 'learning_rate': 4.802054354804195e-06, 'epoch': 0.01}
{'loss': 0.8764, 'grad_norm': 2.850823163986206, 'learning_rate': 4.804194307725231e-06, 'epoch': 0.01}
{'loss': 1.0897, 'grad_norm': 3.513032913208008, 'learning_rate': 4.806334260646266e-06, 'epoch': 0.01}
{'loss': 1.3282, 'grad_norm': 3.4307425022125244, 'learning_rate': 4.808474213567302e-06, 'epoch': 0.01}
{'loss': 0.9187, 'grad_norm': 3.184887647628784, 'learning_rate': 4.8106141664883374e-06, 'epoch': 0.01}
{'loss': 1.0605, 'grad_norm': 3.3586127758026123, 'learning_rate': 4.812754119409374e-06, 'epoch': 0.01}
{'loss': 1.0164, 'grad_norm': 3.0685226917266846, 'learning_rate': 4.81489407233041e-06, 'epoch': 0.01}
{'loss': 0.9022, 'grad_norm': 3.1152210235595703, 'learning_rate': 4.817034025251445e-06, 'epoch': 0.01}
{'loss': 1.1178, 'grad_norm': 3.255795955657959, 'learning_rate': 4.81917397817248e-06, 'epoch': 0.01}
{'loss': 1.1164, 'grad_norm': 3.482577085494995, 'learning_rate': 4.821313931093516e-06, 'epoch': 0.01}
{'loss': 0.9463, 'grad_norm': 3.050164222717285, 'learning_rate': 4.8234538840145525e-06, 'epoch': 0.01}
{'loss': 1.1662, 'grad_norm': 3.759737968444824, 'learning_rate': 4.825593836935588e-06, 'epoch': 0.01}
{'loss': 0.6636, 'grad_norm': 2.035789966583252, 'learning_rate': 4.827733789856623e-06, 'epoch': 0.01}
{'loss': 0.9473, 'grad_norm': 2.895522356033325, 'learning_rate': 4.829873742777659e-06, 'epoch': 0.01}
{'loss': 1.2599, 'grad_norm': 3.0065510272979736, 'learning_rate': 4.832013695698695e-06, 'epoch': 0.01}
{'loss': 1.1906, 'grad_norm': 3.893051862716675, 'learning_rate': 4.834153648619731e-06, 'epoch': 0.01}
{'loss': 1.2107, 'grad_norm': 3.017094850540161, 'learning_rate': 4.836293601540767e-06, 'epoch': 0.01}
{'loss': 0.9444, 'grad_norm': 3.1970415115356445, 'learning_rate': 4.838433554461802e-06, 'epoch': 0.01}
{'loss': 0.7125, 'grad_norm': 2.4063258171081543, 'learning_rate': 4.840573507382838e-06, 'epoch': 0.01}
{'loss': 0.971, 'grad_norm': 3.221709966659546, 'learning_rate': 4.842713460303874e-06, 'epoch': 0.01}
{'loss': 0.9994, 'grad_norm': 3.0106937885284424, 'learning_rate': 4.8448534132249096e-06, 'epoch': 0.01}
{'loss': 1.077, 'grad_norm': 2.904482126235962, 'learning_rate': 4.846993366145945e-06, 'epoch': 0.01}
{'loss': 0.9931, 'grad_norm': 3.102633237838745, 'learning_rate': 4.849133319066981e-06, 'epoch': 0.01}
{'loss': 1.1574, 'grad_norm': 3.195608377456665, 'learning_rate': 4.851273271988017e-06, 'epoch': 0.01}
{'loss': 1.1231, 'grad_norm': 3.2949788570404053, 'learning_rate': 4.853413224909052e-06, 'epoch': 0.01}
{'loss': 1.2927, 'grad_norm': 3.4643006324768066, 'learning_rate': 4.855553177830088e-06, 'epoch': 0.01}
{'loss': 1.0034, 'grad_norm': 3.040952205657959, 'learning_rate': 4.857693130751124e-06, 'epoch': 0.01}
{'loss': 0.8822, 'grad_norm': 2.976712226867676, 'learning_rate': 4.85983308367216e-06, 'epoch': 0.01}
{'loss': 1.164, 'grad_norm': 3.10249400138855, 'learning_rate': 4.861973036593195e-06, 'epoch': 0.01}
{'loss': 0.9301, 'grad_norm': 3.0063936710357666, 'learning_rate': 4.8641129895142305e-06, 'epoch': 0.01}
{'loss': 1.0056, 'grad_norm': 3.5287880897521973, 'learning_rate': 4.866252942435267e-06, 'epoch': 0.01}
{'loss': 1.2934, 'grad_norm': 3.9535253047943115, 'learning_rate': 4.868392895356303e-06, 'epoch': 0.01}
{'loss': 1.0296, 'grad_norm': 3.0689499378204346, 'learning_rate': 4.870532848277338e-06, 'epoch': 0.01}
{'loss': 1.0466, 'grad_norm': 3.7701590061187744, 'learning_rate': 4.872672801198374e-06, 'epoch': 0.01}
{'loss': 0.9826, 'grad_norm': 3.137669086456299, 'learning_rate': 4.874812754119409e-06, 'epoch': 0.01}
{'loss': 1.2186, 'grad_norm': 3.444471836090088, 'learning_rate': 4.8769527070404455e-06, 'epoch': 0.01}
{'loss': 0.9806, 'grad_norm': 2.8174829483032227, 'learning_rate': 4.879092659961482e-06, 'epoch': 0.01}
{'loss': 1.3389, 'grad_norm': 3.8555874824523926, 'learning_rate': 4.881232612882517e-06, 'epoch': 0.01}
{'loss': 1.0207, 'grad_norm': 3.3759148120880127, 'learning_rate': 4.883372565803552e-06, 'epoch': 0.01}
{'loss': 1.0085, 'grad_norm': 3.6965556144714355, 'learning_rate': 4.885512518724588e-06, 'epoch': 0.01}
{'loss': 1.12, 'grad_norm': 3.417055368423462, 'learning_rate': 4.8876524716456245e-06, 'epoch': 0.01}
{'loss': 1.1529, 'grad_norm': 3.730970859527588, 'learning_rate': 4.88979242456666e-06, 'epoch': 0.01}
{'loss': 1.2174, 'grad_norm': 3.357909679412842, 'learning_rate': 4.891932377487696e-06, 'epoch': 0.01}
{'loss': 1.1442, 'grad_norm': 3.2356324195861816, 'learning_rate': 4.894072330408731e-06, 'epoch': 0.01}
{'loss': 1.5077, 'grad_norm': 3.7258853912353516, 'learning_rate': 4.896212283329767e-06, 'epoch': 0.01}
{'loss': 0.9846, 'grad_norm': 3.1914165019989014, 'learning_rate': 4.8983522362508026e-06, 'epoch': 0.01}
{'loss': 0.9735, 'grad_norm': 3.1370832920074463, 'learning_rate': 4.900492189171839e-06, 'epoch': 0.01}
{'loss': 0.8079, 'grad_norm': 2.876575469970703, 'learning_rate': 4.902632142092874e-06, 'epoch': 0.01}
{'loss': 1.1091, 'grad_norm': 3.532153844833374, 'learning_rate': 4.90477209501391e-06, 'epoch': 0.01}
{'loss': 1.1007, 'grad_norm': 3.3506600856781006, 'learning_rate': 4.906912047934945e-06, 'epoch': 0.01}
{'loss': 1.1823, 'grad_norm': 3.983731985092163, 'learning_rate': 4.9090520008559815e-06, 'epoch': 0.01}
{'loss': 0.9821, 'grad_norm': 2.9019176959991455, 'learning_rate': 4.911191953777018e-06, 'epoch': 0.01}
{'loss': 1.0485, 'grad_norm': 2.9956815242767334, 'learning_rate': 4.913331906698053e-06, 'epoch': 0.01}
{'loss': 1.2744, 'grad_norm': 4.899337291717529, 'learning_rate': 4.915471859619089e-06, 'epoch': 0.01}
{'loss': 0.9942, 'grad_norm': 4.177814960479736, 'learning_rate': 4.917611812540124e-06, 'epoch': 0.01}
{'loss': 1.3829, 'grad_norm': 4.168301582336426, 'learning_rate': 4.9197517654611605e-06, 'epoch': 0.01}
{'loss': 1.1778, 'grad_norm': 4.796878337860107, 'learning_rate': 4.921891718382197e-06, 'epoch': 0.01}
{'loss': 0.9713, 'grad_norm': 3.17460036277771, 'learning_rate': 4.924031671303232e-06, 'epoch': 0.01}
{'loss': 1.085, 'grad_norm': 2.8144233226776123, 'learning_rate': 4.926171624224267e-06, 'epoch': 0.01}
{'loss': 1.0688, 'grad_norm': 3.004511594772339, 'learning_rate': 4.928311577145303e-06, 'epoch': 0.01}
{'loss': 0.9555, 'grad_norm': 3.269061326980591, 'learning_rate': 4.930451530066339e-06, 'epoch': 0.01}
{'loss': 0.9806, 'grad_norm': 3.350928783416748, 'learning_rate': 4.932591482987375e-06, 'epoch': 0.01}
{'loss': 1.1829, 'grad_norm': 3.8147056102752686, 'learning_rate': 4.93473143590841e-06, 'epoch': 0.01}
{'loss': 1.0705, 'grad_norm': 3.3238775730133057, 'learning_rate': 4.936871388829446e-06, 'epoch': 0.01}
{'loss': 0.988, 'grad_norm': 3.4091832637786865, 'learning_rate': 4.939011341750482e-06, 'epoch': 0.01}
{'loss': 0.9196, 'grad_norm': 2.976912021636963, 'learning_rate': 4.9411512946715175e-06, 'epoch': 0.01}
{'loss': 0.8672, 'grad_norm': 2.646296501159668, 'learning_rate': 4.943291247592553e-06, 'epoch': 0.01}
{'loss': 1.2325, 'grad_norm': 3.6039018630981445, 'learning_rate': 4.945431200513589e-06, 'epoch': 0.01}
{'loss': 0.9723, 'grad_norm': 3.094557285308838, 'learning_rate': 4.947571153434625e-06, 'epoch': 0.01}
{'loss': 1.2208, 'grad_norm': 3.5424907207489014, 'learning_rate': 4.949711106355661e-06, 'epoch': 0.01}
{'loss': 1.1012, 'grad_norm': 3.0420031547546387, 'learning_rate': 4.9518510592766964e-06, 'epoch': 0.01}
{'loss': 1.0034, 'grad_norm': 2.9388411045074463, 'learning_rate': 4.953991012197732e-06, 'epoch': 0.01}
{'loss': 1.1166, 'grad_norm': 3.492809295654297, 'learning_rate': 4.956130965118768e-06, 'epoch': 0.01}
{'loss': 1.2637, 'grad_norm': 3.45771861076355, 'learning_rate': 4.958270918039804e-06, 'epoch': 0.01}
{'loss': 0.8389, 'grad_norm': 3.075606346130371, 'learning_rate': 4.960410870960839e-06, 'epoch': 0.01}
{'loss': 0.9909, 'grad_norm': 2.9036738872528076, 'learning_rate': 4.9625508238818745e-06, 'epoch': 0.01}
{'loss': 1.0565, 'grad_norm': 3.1114447116851807, 'learning_rate': 4.964690776802911e-06, 'epoch': 0.01}
{'loss': 0.6222, 'grad_norm': 2.0593795776367188, 'learning_rate': 4.966830729723947e-06, 'epoch': 0.01}
{'loss': 1.0285, 'grad_norm': 3.4577322006225586, 'learning_rate': 4.968970682644982e-06, 'epoch': 0.01}
{'loss': 0.9555, 'grad_norm': 3.0475094318389893, 'learning_rate': 4.971110635566017e-06, 'epoch': 0.01}
{'loss': 0.9537, 'grad_norm': 3.3558242321014404, 'learning_rate': 4.9732505884870535e-06, 'epoch': 0.01}
{'loss': 0.7089, 'grad_norm': 3.1726114749908447, 'learning_rate': 4.97539054140809e-06, 'epoch': 0.01}
{'loss': 1.2614, 'grad_norm': 3.6711223125457764, 'learning_rate': 4.977530494329125e-06, 'epoch': 0.01}
{'loss': 1.1518, 'grad_norm': 3.2082340717315674, 'learning_rate': 4.979670447250161e-06, 'epoch': 0.01}
{'loss': 1.0, 'grad_norm': 2.8943824768066406, 'learning_rate': 4.981810400171196e-06, 'epoch': 0.01}
{'loss': 1.0979, 'grad_norm': 3.2544479370117188, 'learning_rate': 4.983950353092232e-06, 'epoch': 0.01}
{'loss': 1.0447, 'grad_norm': 2.9923248291015625, 'learning_rate': 4.9860903060132685e-06, 'epoch': 0.01}
{'loss': 1.2647, 'grad_norm': 3.190143346786499, 'learning_rate': 4.988230258934304e-06, 'epoch': 0.01}
{'loss': 1.0731, 'grad_norm': 2.9437646865844727, 'learning_rate': 4.990370211855339e-06, 'epoch': 0.01}
{'loss': 1.0626, 'grad_norm': 3.2173807621002197, 'learning_rate': 4.992510164776375e-06, 'epoch': 0.01}
{'loss': 1.1562, 'grad_norm': 3.4463601112365723, 'learning_rate': 4.994650117697411e-06, 'epoch': 0.01}
{'loss': 0.6651, 'grad_norm': 2.2073001861572266, 'learning_rate': 4.996790070618447e-06, 'epoch': 0.01}
{'loss': 1.015, 'grad_norm': 3.3998544216156006, 'learning_rate': 4.998930023539483e-06, 'epoch': 0.01}
{'loss': 0.9207, 'grad_norm': 2.934189796447754, 'learning_rate': 5.001069976460519e-06, 'epoch': 0.02}
{'loss': 1.1348, 'grad_norm': 3.2151801586151123, 'learning_rate': 5.003209929381554e-06, 'epoch': 0.02}
{'loss': 1.0224, 'grad_norm': 3.3991024494171143, 'learning_rate': 5.0053498823025895e-06, 'epoch': 0.02}
{'loss': 1.0522, 'grad_norm': 2.9932172298431396, 'learning_rate': 5.007489835223626e-06, 'epoch': 0.02}
{'loss': 0.947, 'grad_norm': 3.090717315673828, 'learning_rate': 5.009629788144661e-06, 'epoch': 0.02}
{'loss': 0.9772, 'grad_norm': 2.9893882274627686, 'learning_rate': 5.011769741065697e-06, 'epoch': 0.02}
{'loss': 0.9997, 'grad_norm': 3.1218366622924805, 'learning_rate': 5.013909693986732e-06, 'epoch': 0.02}
{'loss': 1.0755, 'grad_norm': 3.0675735473632812, 'learning_rate': 5.0160496469077676e-06, 'epoch': 0.02}
{'loss': 0.8914, 'grad_norm': 2.7612178325653076, 'learning_rate': 5.0181895998288045e-06, 'epoch': 0.02}
{'loss': 0.861, 'grad_norm': 2.8583340644836426, 'learning_rate': 5.02032955274984e-06, 'epoch': 0.02}
{'loss': 1.1163, 'grad_norm': 3.2423691749572754, 'learning_rate': 5.022469505670876e-06, 'epoch': 0.02}
{'loss': 0.8792, 'grad_norm': 2.9393270015716553, 'learning_rate': 5.024609458591911e-06, 'epoch': 0.02}
{'loss': 1.0488, 'grad_norm': 2.700698137283325, 'learning_rate': 5.0267494115129465e-06, 'epoch': 0.02}
[15:10:50.692776] Error: Error reading OpenGVLab/stage2/OpenMMLab___Kinetics-400/raw/Kinetics-400/videos_train/G32YI_yzczU.mp4...
[15:10:50.692837] Failed to read video file: OpenGVLab/stage2/OpenMMLab___Kinetics-400/raw/Kinetics-400/videos_train/G32YI_yzczU.mp4
[15:10:50.692855] [Try #0] Failed to fetch sample 3734972. Exception: Error reading OpenGVLab/stage2/OpenMMLab___Kinetics-400/raw/Kinetics-400/videos_train/G32YI_yzczU.mp4...
[15:10:51.694217] Error: Error reading OpenGVLab/stage2/OpenMMLab___Kinetics-400/raw/Kinetics-400/videos_train/G32YI_yzczU.mp4...
[15:10:51.694271] Failed to read video file: OpenGVLab/stage2/OpenMMLab___Kinetics-400/raw/Kinetics-400/videos_train/G32YI_yzczU.mp4
[15:10:51.694289] [Try #1] Failed to fetch sample 3734972. Exception: Error reading OpenGVLab/stage2/OpenMMLab___Kinetics-400/raw/Kinetics-400/videos_train/G32YI_yzczU.mp4...
{'loss': 1.0054, 'grad_norm': 3.4619691371917725, 'learning_rate': 5.0288893644339835e-06, 'epoch': 0.02}
{'loss': 1.055, 'grad_norm': 3.410885810852051, 'learning_rate': 5.031029317355019e-06, 'epoch': 0.02}
{'loss': 0.8603, 'grad_norm': 2.867826461791992, 'learning_rate': 5.033169270276055e-06, 'epoch': 0.02}
{'loss': 1.0575, 'grad_norm': 3.1344974040985107, 'learning_rate': 5.03530922319709e-06, 'epoch': 0.02}
{'loss': 1.1053, 'grad_norm': 3.428995370864868, 'learning_rate': 5.0374491761181254e-06, 'epoch': 0.02}
{'loss': 1.1021, 'grad_norm': 3.597853899002075, 'learning_rate': 5.0395891290391616e-06, 'epoch': 0.02}
{'loss': 1.0815, 'grad_norm': 3.4222774505615234, 'learning_rate': 5.041729081960197e-06, 'epoch': 0.02}
{'loss': 1.1976, 'grad_norm': 3.2877357006073, 'learning_rate': 5.043869034881232e-06, 'epoch': 0.02}
{'loss': 1.0566, 'grad_norm': 3.087394952774048, 'learning_rate': 5.046008987802269e-06, 'epoch': 0.02}
{'loss': 1.1389, 'grad_norm': 3.57712984085083, 'learning_rate': 5.048148940723304e-06, 'epoch': 0.02}
{'loss': 1.025, 'grad_norm': 3.059659719467163, 'learning_rate': 5.0502888936443405e-06, 'epoch': 0.02}
{'loss': 1.1686, 'grad_norm': 3.1195383071899414, 'learning_rate': 5.052428846565376e-06, 'epoch': 0.02}
{'loss': 0.9469, 'grad_norm': 2.9658546447753906, 'learning_rate': 5.054568799486411e-06, 'epoch': 0.02}
{'loss': 1.1562, 'grad_norm': 3.0438315868377686, 'learning_rate': 5.056708752407448e-06, 'epoch': 0.02}
{'loss': 0.9246, 'grad_norm': 2.8679468631744385, 'learning_rate': 5.058848705328483e-06, 'epoch': 0.02}
{'loss': 0.9584, 'grad_norm': 3.315457344055176, 'learning_rate': 5.0609886582495194e-06, 'epoch': 0.02}
{'loss': 0.9776, 'grad_norm': 3.004966974258423, 'learning_rate': 5.063128611170555e-06, 'epoch': 0.02}
{'loss': 0.9748, 'grad_norm': 3.3397066593170166, 'learning_rate': 5.06526856409159e-06, 'epoch': 0.02}
{'loss': 1.4415, 'grad_norm': 3.2506120204925537, 'learning_rate': 5.067408517012626e-06, 'epoch': 0.02}
{'loss': 1.0578, 'grad_norm': 3.138866662979126, 'learning_rate': 5.069548469933661e-06, 'epoch': 0.02}
{'loss': 0.891, 'grad_norm': 2.7169103622436523, 'learning_rate': 5.071688422854698e-06, 'epoch': 0.02}
{'loss': 1.0891, 'grad_norm': 2.9696407318115234, 'learning_rate': 5.073828375775734e-06, 'epoch': 0.02}
{'loss': 0.9579, 'grad_norm': 3.4016826152801514, 'learning_rate': 5.075968328696769e-06, 'epoch': 0.02}
{'loss': 0.9061, 'grad_norm': 2.857217788696289, 'learning_rate': 5.078108281617805e-06, 'epoch': 0.02}
{'loss': 1.0928, 'grad_norm': 3.1083261966705322, 'learning_rate': 5.08024823453884e-06, 'epoch': 0.02}
{'loss': 1.2022, 'grad_norm': 3.622605085372925, 'learning_rate': 5.0823881874598765e-06, 'epoch': 0.02}
{'loss': 0.9249, 'grad_norm': 2.6599972248077393, 'learning_rate': 5.084528140380912e-06, 'epoch': 0.02}
{'loss': 1.0661, 'grad_norm': 3.5899651050567627, 'learning_rate': 5.086668093301947e-06, 'epoch': 0.02}
{'loss': 0.9868, 'grad_norm': 2.7709872722625732, 'learning_rate': 5.088808046222984e-06, 'epoch': 0.02}
{'loss': 0.9115, 'grad_norm': 3.4187941551208496, 'learning_rate': 5.090947999144019e-06, 'epoch': 0.02}
{'loss': 1.2295, 'grad_norm': 3.0599193572998047, 'learning_rate': 5.093087952065055e-06, 'epoch': 0.02}
{'loss': 1.3702, 'grad_norm': 3.233503580093384, 'learning_rate': 5.095227904986091e-06, 'epoch': 0.02}
{'loss': 0.934, 'grad_norm': 3.084616184234619, 'learning_rate': 5.097367857907126e-06, 'epoch': 0.02}
{'loss': 1.0692, 'grad_norm': 3.3885347843170166, 'learning_rate': 5.099507810828163e-06, 'epoch': 0.02}
{'loss': 1.2329, 'grad_norm': 3.247697114944458, 'learning_rate': 5.101647763749198e-06, 'epoch': 0.02}
{'loss': 1.1462, 'grad_norm': 3.272367000579834, 'learning_rate': 5.1037877166702335e-06, 'epoch': 0.02}
{'loss': 0.8317, 'grad_norm': 2.90566349029541, 'learning_rate': 5.10592766959127e-06, 'epoch': 0.02}
{'loss': 1.023, 'grad_norm': 3.289487361907959, 'learning_rate': 5.108067622512305e-06, 'epoch': 0.02}
{'loss': 1.3772, 'grad_norm': 3.303868532180786, 'learning_rate': 5.110207575433341e-06, 'epoch': 0.02}
{'loss': 1.3392, 'grad_norm': 3.2528271675109863, 'learning_rate': 5.112347528354376e-06, 'epoch': 0.02}
{'loss': 1.29, 'grad_norm': 3.4042253494262695, 'learning_rate': 5.114487481275412e-06, 'epoch': 0.02}
{'loss': 0.8264, 'grad_norm': 2.836738109588623, 'learning_rate': 5.116627434196449e-06, 'epoch': 0.02}
{'loss': 0.9454, 'grad_norm': 2.947394847869873, 'learning_rate': 5.118767387117484e-06, 'epoch': 0.02}
{'loss': 0.9848, 'grad_norm': 3.0445785522460938, 'learning_rate': 5.12090734003852e-06, 'epoch': 0.02}
{'loss': 0.7126, 'grad_norm': 2.8227946758270264, 'learning_rate': 5.123047292959555e-06, 'epoch': 0.02}
{'loss': 1.1222, 'grad_norm': 3.4491329193115234, 'learning_rate': 5.1251872458805906e-06, 'epoch': 0.02}
{'loss': 1.042, 'grad_norm': 3.4265918731689453, 'learning_rate': 5.127327198801627e-06, 'epoch': 0.02}
{'loss': 1.0745, 'grad_norm': 3.0734150409698486, 'learning_rate': 5.129467151722663e-06, 'epoch': 0.02}
{'loss': 0.7191, 'grad_norm': 2.885861873626709, 'learning_rate': 5.131607104643698e-06, 'epoch': 0.02}
{'loss': 1.0769, 'grad_norm': 3.2460246086120605, 'learning_rate': 5.133747057564734e-06, 'epoch': 0.02}
{'loss': 0.9146, 'grad_norm': 2.7912120819091797, 'learning_rate': 5.1358870104857695e-06, 'epoch': 0.02}
{'loss': 1.1172, 'grad_norm': 3.5322105884552, 'learning_rate': 5.138026963406806e-06, 'epoch': 0.02}
{'loss': 0.935, 'grad_norm': 3.043123960494995, 'learning_rate': 5.140166916327841e-06, 'epoch': 0.02}
{'loss': 0.9109, 'grad_norm': 2.9111263751983643, 'learning_rate': 5.142306869248876e-06, 'epoch': 0.02}
{'loss': 1.0809, 'grad_norm': 3.216623067855835, 'learning_rate': 5.144446822169913e-06, 'epoch': 0.02}
{'loss': 0.965, 'grad_norm': 3.028533458709717, 'learning_rate': 5.1465867750909484e-06, 'epoch': 0.02}
{'loss': 0.7855, 'grad_norm': 2.8515207767486572, 'learning_rate': 5.1487267280119846e-06, 'epoch': 0.02}
{'loss': 1.0241, 'grad_norm': 3.2865960597991943, 'learning_rate': 5.15086668093302e-06, 'epoch': 0.02}
{'loss': 0.8712, 'grad_norm': 2.961944580078125, 'learning_rate': 5.153006633854055e-06, 'epoch': 0.02}
{'loss': 1.0101, 'grad_norm': 2.9969916343688965, 'learning_rate': 5.155146586775091e-06, 'epoch': 0.02}
{'loss': 1.1279, 'grad_norm': 3.3062386512756348, 'learning_rate': 5.1572865396961265e-06, 'epoch': 0.02}
{'loss': 1.0465, 'grad_norm': 3.2066292762756348, 'learning_rate': 5.1594264926171635e-06, 'epoch': 0.02}
{'loss': 1.0399, 'grad_norm': 3.2960851192474365, 'learning_rate': 5.161566445538199e-06, 'epoch': 0.02}
{'loss': 1.0959, 'grad_norm': 3.260138511657715, 'learning_rate': 5.163706398459234e-06, 'epoch': 0.02}
{'loss': 1.1324, 'grad_norm': 3.3512284755706787, 'learning_rate': 5.16584635138027e-06, 'epoch': 0.02}
{'loss': 1.2381, 'grad_norm': 3.634814977645874, 'learning_rate': 5.1679863043013055e-06, 'epoch': 0.02}
{'loss': 1.0057, 'grad_norm': 3.1097264289855957, 'learning_rate': 5.1701262572223425e-06, 'epoch': 0.02}
{'loss': 1.0565, 'grad_norm': 2.90997052192688, 'learning_rate': 5.172266210143378e-06, 'epoch': 0.02}
{'loss': 0.6475, 'grad_norm': 2.949321746826172, 'learning_rate': 5.174406163064413e-06, 'epoch': 0.02}
{'loss': 1.0282, 'grad_norm': 3.2628300189971924, 'learning_rate': 5.176546115985449e-06, 'epoch': 0.02}
{'loss': 1.2602, 'grad_norm': 2.8834245204925537, 'learning_rate': 5.1786860689064844e-06, 'epoch': 0.02}
{'loss': 0.9313, 'grad_norm': 3.1139726638793945, 'learning_rate': 5.18082602182752e-06, 'epoch': 0.02}
{'loss': 0.9751, 'grad_norm': 2.921367645263672, 'learning_rate': 5.182965974748556e-06, 'epoch': 0.02}
{'loss': 1.0364, 'grad_norm': 2.9709410667419434, 'learning_rate': 5.185105927669591e-06, 'epoch': 0.02}
{'loss': 1.1724, 'grad_norm': 3.064061403274536, 'learning_rate': 5.187245880590628e-06, 'epoch': 0.02}
{'loss': 0.601, 'grad_norm': 2.421307325363159, 'learning_rate': 5.189385833511663e-06, 'epoch': 0.02}
{'loss': 1.0802, 'grad_norm': 3.4122445583343506, 'learning_rate': 5.191525786432699e-06, 'epoch': 0.02}
{'loss': 1.0062, 'grad_norm': 3.326453447341919, 'learning_rate': 5.193665739353735e-06, 'epoch': 0.02}
{'loss': 1.0779, 'grad_norm': 3.3521571159362793, 'learning_rate': 5.19580569227477e-06, 'epoch': 0.02}
{'loss': 1.0147, 'grad_norm': 3.068647861480713, 'learning_rate': 5.197945645195806e-06, 'epoch': 0.02}
{'loss': 0.6973, 'grad_norm': 2.167954683303833, 'learning_rate': 5.2000855981168415e-06, 'epoch': 0.02}
{'loss': 0.9979, 'grad_norm': 2.88349986076355, 'learning_rate': 5.202225551037878e-06, 'epoch': 0.02}
{'loss': 0.9549, 'grad_norm': 2.7801313400268555, 'learning_rate': 5.204365503958914e-06, 'epoch': 0.02}
{'loss': 0.9372, 'grad_norm': 3.0822997093200684, 'learning_rate': 5.206505456879949e-06, 'epoch': 0.02}
{'loss': 1.0258, 'grad_norm': 3.2555642127990723, 'learning_rate': 5.208645409800985e-06, 'epoch': 0.02}
{'loss': 1.0085, 'grad_norm': 3.0893101692199707, 'learning_rate': 5.21078536272202e-06, 'epoch': 0.02}
{'loss': 1.0316, 'grad_norm': 3.567774772644043, 'learning_rate': 5.212925315643056e-06, 'epoch': 0.02}
{'loss': 0.9878, 'grad_norm': 2.991717576980591, 'learning_rate': 5.215065268564093e-06, 'epoch': 0.02}
{'loss': 0.8684, 'grad_norm': 2.772080898284912, 'learning_rate': 5.217205221485128e-06, 'epoch': 0.02}
{'loss': 0.684, 'grad_norm': 2.6977102756500244, 'learning_rate': 5.219345174406163e-06, 'epoch': 0.02}
{'loss': 1.0201, 'grad_norm': 3.0010716915130615, 'learning_rate': 5.221485127327199e-06, 'epoch': 0.02}
{'loss': 0.9749, 'grad_norm': 3.13983416557312, 'learning_rate': 5.223625080248235e-06, 'epoch': 0.02}
{'loss': 0.9808, 'grad_norm': 3.0197160243988037, 'learning_rate': 5.225765033169271e-06, 'epoch': 0.02}
{'loss': 1.0916, 'grad_norm': 3.148668050765991, 'learning_rate': 5.227904986090306e-06, 'epoch': 0.02}
{'loss': 0.709, 'grad_norm': 2.212311267852783, 'learning_rate': 5.230044939011341e-06, 'epoch': 0.02}
{'loss': 1.3313, 'grad_norm': 4.234923362731934, 'learning_rate': 5.232184891932378e-06, 'epoch': 0.02}
{'loss': 0.8494, 'grad_norm': 2.6628665924072266, 'learning_rate': 5.2343248448534136e-06, 'epoch': 0.02}
{'loss': 0.9043, 'grad_norm': 3.0577392578125, 'learning_rate': 5.23646479777445e-06, 'epoch': 0.02}
{'loss': 0.9183, 'grad_norm': 3.095168113708496, 'learning_rate': 5.238604750695485e-06, 'epoch': 0.02}
{'loss': 0.9844, 'grad_norm': 3.215273380279541, 'learning_rate': 5.24074470361652e-06, 'epoch': 0.02}
{'loss': 0.9552, 'grad_norm': 2.7691102027893066, 'learning_rate': 5.242884656537557e-06, 'epoch': 0.02}
{'loss': 1.0712, 'grad_norm': 3.547013521194458, 'learning_rate': 5.2450246094585925e-06, 'epoch': 0.02}
{'loss': 1.1427, 'grad_norm': 3.0194735527038574, 'learning_rate': 5.247164562379629e-06, 'epoch': 0.02}
{'loss': 0.6961, 'grad_norm': 2.115920305252075, 'learning_rate': 5.249304515300664e-06, 'epoch': 0.02}
{'loss': 0.9997, 'grad_norm': 2.736837387084961, 'learning_rate': 5.251444468221699e-06, 'epoch': 0.02}
{'loss': 0.8504, 'grad_norm': 2.822435140609741, 'learning_rate': 5.253584421142735e-06, 'epoch': 0.02}
{'loss': 1.0499, 'grad_norm': 3.405426025390625, 'learning_rate': 5.255724374063771e-06, 'epoch': 0.02}
{'loss': 0.8576, 'grad_norm': 3.0023863315582275, 'learning_rate': 5.257864326984808e-06, 'epoch': 0.02}
{'loss': 1.29, 'grad_norm': 3.692422866821289, 'learning_rate': 5.260004279905843e-06, 'epoch': 0.02}
{'loss': 0.8786, 'grad_norm': 3.0623366832733154, 'learning_rate': 5.262144232826878e-06, 'epoch': 0.02}
{'loss': 1.1583, 'grad_norm': 3.2047746181488037, 'learning_rate': 5.264284185747914e-06, 'epoch': 0.02}
{'loss': 1.2815, 'grad_norm': 3.4021215438842773, 'learning_rate': 5.2664241386689496e-06, 'epoch': 0.02}
{'loss': 0.9751, 'grad_norm': 3.1511759757995605, 'learning_rate': 5.268564091589985e-06, 'epoch': 0.02}
{'loss': 0.9544, 'grad_norm': 3.072509765625, 'learning_rate': 5.270704044511021e-06, 'epoch': 0.02}
{'loss': 1.0047, 'grad_norm': 2.9716458320617676, 'learning_rate': 5.272843997432056e-06, 'epoch': 0.02}
{'loss': 0.9451, 'grad_norm': 2.8332135677337646, 'learning_rate': 5.274983950353093e-06, 'epoch': 0.02}
{'loss': 1.0512, 'grad_norm': 3.108488082885742, 'learning_rate': 5.2771239032741285e-06, 'epoch': 0.02}
{'loss': 1.0657, 'grad_norm': 3.5018529891967773, 'learning_rate': 5.279263856195164e-06, 'epoch': 0.02}
{'loss': 0.8591, 'grad_norm': 2.9394233226776123, 'learning_rate': 5.2814038091162e-06, 'epoch': 0.02}
{'loss': 1.0701, 'grad_norm': 3.1336753368377686, 'learning_rate': 5.283543762037235e-06, 'epoch': 0.02}
{'loss': 0.8911, 'grad_norm': 3.3741633892059326, 'learning_rate': 5.285683714958272e-06, 'epoch': 0.02}
{'loss': 0.8895, 'grad_norm': 2.9298417568206787, 'learning_rate': 5.2878236678793074e-06, 'epoch': 0.02}
{'loss': 0.9888, 'grad_norm': 3.3919429779052734, 'learning_rate': 5.289963620800343e-06, 'epoch': 0.02}
{'loss': 0.953, 'grad_norm': 3.1219778060913086, 'learning_rate': 5.292103573721379e-06, 'epoch': 0.02}
{'loss': 1.0835, 'grad_norm': 2.8787026405334473, 'learning_rate': 5.294243526642414e-06, 'epoch': 0.02}
{'loss': 1.1273, 'grad_norm': 3.6650335788726807, 'learning_rate': 5.29638347956345e-06, 'epoch': 0.02}
{'loss': 0.8445, 'grad_norm': 3.0106561183929443, 'learning_rate': 5.2985234324844855e-06, 'epoch': 0.02}
{'loss': 1.1115, 'grad_norm': 3.614408254623413, 'learning_rate': 5.300663385405521e-06, 'epoch': 0.02}
{'loss': 1.209, 'grad_norm': 3.2818830013275146, 'learning_rate': 5.302803338326558e-06, 'epoch': 0.02}
{'loss': 0.882, 'grad_norm': 2.8480160236358643, 'learning_rate': 5.304943291247593e-06, 'epoch': 0.02}
{'loss': 1.2255, 'grad_norm': 3.360872745513916, 'learning_rate': 5.307083244168628e-06, 'epoch': 0.02}
{'loss': 0.8359, 'grad_norm': 3.032362937927246, 'learning_rate': 5.3092231970896645e-06, 'epoch': 0.02}
{'loss': 1.0187, 'grad_norm': 3.133739709854126, 'learning_rate': 5.3113631500107e-06, 'epoch': 0.02}
{'loss': 1.0906, 'grad_norm': 3.2704641819000244, 'learning_rate': 5.313503102931737e-06, 'epoch': 0.02}
{'loss': 0.8857, 'grad_norm': 2.8668582439422607, 'learning_rate': 5.315643055852772e-06, 'epoch': 0.02}
{'loss': 0.7791, 'grad_norm': 2.8851022720336914, 'learning_rate': 5.317783008773807e-06, 'epoch': 0.02}
{'loss': 1.0364, 'grad_norm': 3.4947166442871094, 'learning_rate': 5.319922961694843e-06, 'epoch': 0.02}
{'loss': 1.0081, 'grad_norm': 2.952718734741211, 'learning_rate': 5.322062914615879e-06, 'epoch': 0.02}
{'loss': 1.0024, 'grad_norm': 2.7058279514312744, 'learning_rate': 5.324202867536915e-06, 'epoch': 0.02}
{'loss': 0.9884, 'grad_norm': 3.0146138668060303, 'learning_rate': 5.32634282045795e-06, 'epoch': 0.02}
{'loss': 0.9201, 'grad_norm': 2.9317824840545654, 'learning_rate': 5.328482773378985e-06, 'epoch': 0.02}
{'loss': 0.9948, 'grad_norm': 2.9148714542388916, 'learning_rate': 5.330622726300022e-06, 'epoch': 0.02}
{'loss': 1.1018, 'grad_norm': 3.4108896255493164, 'learning_rate': 5.332762679221058e-06, 'epoch': 0.02}
{'loss': 1.0532, 'grad_norm': 3.3566882610321045, 'learning_rate': 5.334902632142094e-06, 'epoch': 0.02}
{'loss': 1.0132, 'grad_norm': 3.09006404876709, 'learning_rate': 5.337042585063129e-06, 'epoch': 0.02}
{'loss': 1.0063, 'grad_norm': 3.198579788208008, 'learning_rate': 5.339182537984164e-06, 'epoch': 0.02}
{'loss': 1.0744, 'grad_norm': 3.137301206588745, 'learning_rate': 5.3413224909052005e-06, 'epoch': 0.02}
{'loss': 1.2311, 'grad_norm': 3.24212908744812, 'learning_rate': 5.343462443826236e-06, 'epoch': 0.02}
{'loss': 0.8551, 'grad_norm': 2.7744333744049072, 'learning_rate': 5.345602396747273e-06, 'epoch': 0.02}
{'loss': 1.1262, 'grad_norm': 3.191318988800049, 'learning_rate': 5.347742349668308e-06, 'epoch': 0.02}
{'loss': 1.008, 'grad_norm': 3.067227363586426, 'learning_rate': 5.349882302589343e-06, 'epoch': 0.02}
{'loss': 0.9939, 'grad_norm': 2.8056111335754395, 'learning_rate': 5.352022255510379e-06, 'epoch': 0.02}
{'loss': 1.0881, 'grad_norm': 3.2468652725219727, 'learning_rate': 5.354162208431415e-06, 'epoch': 0.02}
{'loss': 1.1414, 'grad_norm': 3.3794758319854736, 'learning_rate': 5.35630216135245e-06, 'epoch': 0.02}
{'loss': 0.9618, 'grad_norm': 3.0581421852111816, 'learning_rate': 5.358442114273487e-06, 'epoch': 0.02}
{'loss': 0.9834, 'grad_norm': 3.1922426223754883, 'learning_rate': 5.360582067194522e-06, 'epoch': 0.02}
{'loss': 0.947, 'grad_norm': 2.9797420501708984, 'learning_rate': 5.362722020115558e-06, 'epoch': 0.02}
{'loss': 1.2446, 'grad_norm': 3.1857872009277344, 'learning_rate': 5.364861973036594e-06, 'epoch': 0.02}
{'loss': 1.048, 'grad_norm': 3.1832783222198486, 'learning_rate': 5.367001925957629e-06, 'epoch': 0.02}
{'loss': 0.8486, 'grad_norm': 2.7014122009277344, 'learning_rate': 5.369141878878665e-06, 'epoch': 0.02}
{'loss': 1.1145, 'grad_norm': 2.982957363128662, 'learning_rate': 5.3712818317997e-06, 'epoch': 0.02}
{'loss': 0.885, 'grad_norm': 2.7201664447784424, 'learning_rate': 5.373421784720737e-06, 'epoch': 0.02}
{'loss': 0.8621, 'grad_norm': 2.844900608062744, 'learning_rate': 5.3755617376417726e-06, 'epoch': 0.02}
{'loss': 1.1221, 'grad_norm': 3.409029722213745, 'learning_rate': 5.377701690562808e-06, 'epoch': 0.02}
{'loss': 0.9852, 'grad_norm': 3.0971851348876953, 'learning_rate': 5.379841643483844e-06, 'epoch': 0.02}
{'loss': 0.948, 'grad_norm': 2.9343955516815186, 'learning_rate': 5.381981596404879e-06, 'epoch': 0.02}
{'loss': 0.9384, 'grad_norm': 3.159654140472412, 'learning_rate': 5.384121549325915e-06, 'epoch': 0.02}
{'loss': 1.1284, 'grad_norm': 3.252474784851074, 'learning_rate': 5.3862615022469515e-06, 'epoch': 0.02}
{'loss': 0.889, 'grad_norm': 3.024717092514038, 'learning_rate': 5.388401455167987e-06, 'epoch': 0.02}
{'loss': 1.1375, 'grad_norm': 3.6950368881225586, 'learning_rate': 5.390541408089023e-06, 'epoch': 0.02}
{'loss': 1.0209, 'grad_norm': 3.0004384517669678, 'learning_rate': 5.392681361010058e-06, 'epoch': 0.02}
{'loss': 0.6431, 'grad_norm': 2.2832653522491455, 'learning_rate': 5.3948213139310935e-06, 'epoch': 0.02}
{'loss': 0.9712, 'grad_norm': 3.2089955806732178, 'learning_rate': 5.39696126685213e-06, 'epoch': 0.02}
{'loss': 1.2377, 'grad_norm': 3.2512454986572266, 'learning_rate': 5.399101219773165e-06, 'epoch': 0.02}
{'loss': 1.2232, 'grad_norm': 3.228039264678955, 'learning_rate': 5.401241172694202e-06, 'epoch': 0.02}
{'loss': 1.2739, 'grad_norm': 3.5074844360351562, 'learning_rate': 5.403381125615237e-06, 'epoch': 0.02}
{'loss': 0.9802, 'grad_norm': 3.05599045753479, 'learning_rate': 5.405521078536272e-06, 'epoch': 0.02}
{'loss': 0.9364, 'grad_norm': 2.7731192111968994, 'learning_rate': 5.4076610314573085e-06, 'epoch': 0.02}
{'loss': 1.0497, 'grad_norm': 3.3561818599700928, 'learning_rate': 5.409800984378344e-06, 'epoch': 0.02}
{'loss': 0.9271, 'grad_norm': 2.786970376968384, 'learning_rate': 5.41194093729938e-06, 'epoch': 0.02}
{'loss': 1.0165, 'grad_norm': 3.2594103813171387, 'learning_rate': 5.414080890220415e-06, 'epoch': 0.02}
{'loss': 1.0624, 'grad_norm': 2.9892830848693848, 'learning_rate': 5.4162208431414505e-06, 'epoch': 0.02}
{'loss': 1.1739, 'grad_norm': 3.267854690551758, 'learning_rate': 5.4183607960624875e-06, 'epoch': 0.02}
{'loss': 0.9601, 'grad_norm': 3.1412081718444824, 'learning_rate': 5.420500748983523e-06, 'epoch': 0.02}
{'loss': 0.8836, 'grad_norm': 3.2752599716186523, 'learning_rate': 5.422640701904559e-06, 'epoch': 0.02}
{'loss': 0.8475, 'grad_norm': 2.9370646476745605, 'learning_rate': 5.424780654825594e-06, 'epoch': 0.02}
{'loss': 1.0514, 'grad_norm': 2.93148136138916, 'learning_rate': 5.4269206077466295e-06, 'epoch': 0.02}
{'loss': 0.8995, 'grad_norm': 3.0988686084747314, 'learning_rate': 5.4290605606676664e-06, 'epoch': 0.02}
{'loss': 0.8984, 'grad_norm': 2.865074872970581, 'learning_rate': 5.431200513588702e-06, 'epoch': 0.02}
{'loss': 1.0272, 'grad_norm': 3.6321680545806885, 'learning_rate': 5.433340466509737e-06, 'epoch': 0.02}
{'loss': 1.0576, 'grad_norm': 3.4241933822631836, 'learning_rate': 5.435480419430773e-06, 'epoch': 0.02}
{'loss': 1.0423, 'grad_norm': 3.8935933113098145, 'learning_rate': 5.437620372351808e-06, 'epoch': 0.02}
{'loss': 0.9739, 'grad_norm': 2.7748775482177734, 'learning_rate': 5.4397603252728445e-06, 'epoch': 0.02}
{'loss': 1.0285, 'grad_norm': 3.224175453186035, 'learning_rate': 5.44190027819388e-06, 'epoch': 0.02}
{'loss': 0.9378, 'grad_norm': 3.060223340988159, 'learning_rate': 5.444040231114915e-06, 'epoch': 0.02}
{'loss': 1.0993, 'grad_norm': 3.182155132293701, 'learning_rate': 5.446180184035952e-06, 'epoch': 0.02}
{'loss': 0.8307, 'grad_norm': 3.3589982986450195, 'learning_rate': 5.448320136956987e-06, 'epoch': 0.02}
{'loss': 1.1742, 'grad_norm': 3.345823049545288, 'learning_rate': 5.4504600898780235e-06, 'epoch': 0.02}
{'loss': 1.0109, 'grad_norm': 2.8432610034942627, 'learning_rate': 5.452600042799059e-06, 'epoch': 0.02}
{'loss': 1.0572, 'grad_norm': 3.2766168117523193, 'learning_rate': 5.454739995720094e-06, 'epoch': 0.02}
{'loss': 0.8635, 'grad_norm': 2.9383318424224854, 'learning_rate': 5.456879948641131e-06, 'epoch': 0.02}
{'loss': 1.141, 'grad_norm': 2.9906625747680664, 'learning_rate': 5.459019901562166e-06, 'epoch': 0.02}
{'loss': 0.8499, 'grad_norm': 3.1525421142578125, 'learning_rate': 5.461159854483202e-06, 'epoch': 0.02}
{'loss': 1.0185, 'grad_norm': 3.959287166595459, 'learning_rate': 5.463299807404238e-06, 'epoch': 0.02}
{'loss': 0.9913, 'grad_norm': 2.8653335571289062, 'learning_rate': 5.465439760325273e-06, 'epoch': 0.02}
{'loss': 0.7833, 'grad_norm': 2.9056692123413086, 'learning_rate': 5.467579713246309e-06, 'epoch': 0.02}
{'loss': 0.8517, 'grad_norm': 2.731346845626831, 'learning_rate': 5.469719666167344e-06, 'epoch': 0.02}
{'loss': 1.4214, 'grad_norm': 3.86667537689209, 'learning_rate': 5.471859619088381e-06, 'epoch': 0.02}
{'loss': 0.9782, 'grad_norm': 3.0105245113372803, 'learning_rate': 5.473999572009417e-06, 'epoch': 0.02}
{'loss': 1.0744, 'grad_norm': 3.2738988399505615, 'learning_rate': 5.476139524930452e-06, 'epoch': 0.02}
{'loss': 0.7691, 'grad_norm': 2.503079891204834, 'learning_rate': 5.478279477851488e-06, 'epoch': 0.02}
{'loss': 0.6118, 'grad_norm': 2.351503610610962, 'learning_rate': 5.480419430772523e-06, 'epoch': 0.02}
{'loss': 1.1503, 'grad_norm': 2.999464988708496, 'learning_rate': 5.482559383693559e-06, 'epoch': 0.02}
{'loss': 1.0006, 'grad_norm': 3.5656065940856934, 'learning_rate': 5.484699336614595e-06, 'epoch': 0.02}
{'loss': 0.9841, 'grad_norm': 3.0083799362182617, 'learning_rate': 5.48683928953563e-06, 'epoch': 0.02}
{'loss': 0.8518, 'grad_norm': 2.7789673805236816, 'learning_rate': 5.488979242456667e-06, 'epoch': 0.02}
{'loss': 0.9956, 'grad_norm': 2.994295597076416, 'learning_rate': 5.491119195377702e-06, 'epoch': 0.02}
{'loss': 1.0383, 'grad_norm': 3.329308271408081, 'learning_rate': 5.4932591482987375e-06, 'epoch': 0.02}
{'loss': 1.213, 'grad_norm': 3.619547128677368, 'learning_rate': 5.495399101219774e-06, 'epoch': 0.02}
{'loss': 0.8665, 'grad_norm': 2.7943367958068848, 'learning_rate': 5.497539054140809e-06, 'epoch': 0.02}
{'loss': 0.9642, 'grad_norm': 3.120361804962158, 'learning_rate': 5.499679007061846e-06, 'epoch': 0.02}
{'loss': 1.1038, 'grad_norm': 2.8273162841796875, 'learning_rate': 5.501818959982881e-06, 'epoch': 0.02}
{'loss': 1.0227, 'grad_norm': 2.8518588542938232, 'learning_rate': 5.5039589129039165e-06, 'epoch': 0.02}
{'loss': 1.1176, 'grad_norm': 3.765428304672241, 'learning_rate': 5.506098865824953e-06, 'epoch': 0.02}
{'loss': 1.1129, 'grad_norm': 3.6632566452026367, 'learning_rate': 5.508238818745988e-06, 'epoch': 0.02}
{'loss': 0.9926, 'grad_norm': 3.210190534591675, 'learning_rate': 5.510378771667024e-06, 'epoch': 0.02}
{'loss': 1.0104, 'grad_norm': 4.968240737915039, 'learning_rate': 5.512518724588059e-06, 'epoch': 0.02}
{'loss': 0.8992, 'grad_norm': 3.22228741645813, 'learning_rate': 5.5146586775090946e-06, 'epoch': 0.02}
{'loss': 1.0943, 'grad_norm': 3.310250759124756, 'learning_rate': 5.5167986304301316e-06, 'epoch': 0.02}
{'loss': 1.0481, 'grad_norm': 3.0978260040283203, 'learning_rate': 5.518938583351167e-06, 'epoch': 0.02}
{'loss': 1.0068, 'grad_norm': 3.028059482574463, 'learning_rate': 5.521078536272202e-06, 'epoch': 0.02}
{'loss': 1.0101, 'grad_norm': 2.848501443862915, 'learning_rate': 5.523218489193238e-06, 'epoch': 0.02}
{'loss': 1.1188, 'grad_norm': 3.4951179027557373, 'learning_rate': 5.5253584421142735e-06, 'epoch': 0.02}
{'loss': 1.0403, 'grad_norm': 3.6440396308898926, 'learning_rate': 5.52749839503531e-06, 'epoch': 0.02}
{'loss': 0.9802, 'grad_norm': 3.000812530517578, 'learning_rate': 5.529638347956346e-06, 'epoch': 0.02}
{'loss': 1.0183, 'grad_norm': 3.495459794998169, 'learning_rate': 5.531778300877381e-06, 'epoch': 0.02}
{'loss': 1.0054, 'grad_norm': 3.1580049991607666, 'learning_rate': 5.533918253798417e-06, 'epoch': 0.02}
{'loss': 0.9423, 'grad_norm': 3.267008066177368, 'learning_rate': 5.5360582067194525e-06, 'epoch': 0.02}
{'loss': 0.7215, 'grad_norm': 2.5650250911712646, 'learning_rate': 5.538198159640489e-06, 'epoch': 0.02}
{'loss': 0.9338, 'grad_norm': 2.9563372135162354, 'learning_rate': 5.540338112561524e-06, 'epoch': 0.02}
{'loss': 1.203, 'grad_norm': 3.5951650142669678, 'learning_rate': 5.542478065482559e-06, 'epoch': 0.02}
{'loss': 1.2537, 'grad_norm': 3.384509325027466, 'learning_rate': 5.544618018403596e-06, 'epoch': 0.02}
{'loss': 1.1602, 'grad_norm': 3.4677228927612305, 'learning_rate': 5.546757971324631e-06, 'epoch': 0.02}
{'loss': 0.9501, 'grad_norm': 2.7562713623046875, 'learning_rate': 5.5488979242456675e-06, 'epoch': 0.02}
{'loss': 0.9746, 'grad_norm': 3.1257665157318115, 'learning_rate': 5.551037877166703e-06, 'epoch': 0.02}
{'loss': 1.0552, 'grad_norm': 2.777092456817627, 'learning_rate': 5.553177830087738e-06, 'epoch': 0.02}
{'loss': 1.0397, 'grad_norm': 3.1438395977020264, 'learning_rate': 5.555317783008774e-06, 'epoch': 0.02}
{'loss': 1.023, 'grad_norm': 3.117616653442383, 'learning_rate': 5.5574577359298095e-06, 'epoch': 0.02}
{'loss': 0.9799, 'grad_norm': 3.1339874267578125, 'learning_rate': 5.5595976888508465e-06, 'epoch': 0.02}
{'loss': 0.9106, 'grad_norm': 3.095465660095215, 'learning_rate': 5.561737641771882e-06, 'epoch': 0.02}
{'loss': 1.1245, 'grad_norm': 3.173835039138794, 'learning_rate': 5.563877594692917e-06, 'epoch': 0.02}
{'loss': 1.0671, 'grad_norm': 3.090642213821411, 'learning_rate': 5.566017547613953e-06, 'epoch': 0.02}
{'loss': 0.769, 'grad_norm': 2.8300364017486572, 'learning_rate': 5.5681575005349884e-06, 'epoch': 0.02}
{'loss': 1.1089, 'grad_norm': 3.1148040294647217, 'learning_rate': 5.570297453456024e-06, 'epoch': 0.02}
{'loss': 0.8092, 'grad_norm': 3.1585981845855713, 'learning_rate': 5.572437406377061e-06, 'epoch': 0.02}
{'loss': 1.0352, 'grad_norm': 3.0135836601257324, 'learning_rate': 5.574577359298096e-06, 'epoch': 0.02}
{'loss': 0.9225, 'grad_norm': 3.0152812004089355, 'learning_rate': 5.576717312219132e-06, 'epoch': 0.02}
{'loss': 1.0552, 'grad_norm': 2.8039822578430176, 'learning_rate': 5.578857265140167e-06, 'epoch': 0.02}
{'loss': 0.9478, 'grad_norm': 2.9260523319244385, 'learning_rate': 5.580997218061203e-06, 'epoch': 0.02}
{'loss': 0.7901, 'grad_norm': 3.024153470993042, 'learning_rate': 5.583137170982239e-06, 'epoch': 0.02}
{'loss': 0.9708, 'grad_norm': 2.964901924133301, 'learning_rate': 5.585277123903274e-06, 'epoch': 0.02}
{'loss': 0.8611, 'grad_norm': 2.8464856147766113, 'learning_rate': 5.587417076824311e-06, 'epoch': 0.02}
{'loss': 1.0202, 'grad_norm': 3.047131061553955, 'learning_rate': 5.589557029745346e-06, 'epoch': 0.02}
{'loss': 1.1055, 'grad_norm': 3.3594608306884766, 'learning_rate': 5.591696982666382e-06, 'epoch': 0.02}
{'loss': 0.9761, 'grad_norm': 2.9412784576416016, 'learning_rate': 5.593836935587418e-06, 'epoch': 0.02}
{'loss': 1.0251, 'grad_norm': 3.1410410404205322, 'learning_rate': 5.595976888508453e-06, 'epoch': 0.02}
{'loss': 0.9853, 'grad_norm': 2.853933811187744, 'learning_rate': 5.598116841429489e-06, 'epoch': 0.02}
{'loss': 1.2087, 'grad_norm': 3.112769603729248, 'learning_rate': 5.600256794350524e-06, 'epoch': 0.02}
{'loss': 1.067, 'grad_norm': 3.116443395614624, 'learning_rate': 5.6023967472715605e-06, 'epoch': 0.02}
{'loss': 0.8855, 'grad_norm': 2.7825677394866943, 'learning_rate': 5.604536700192597e-06, 'epoch': 0.02}
{'loss': 1.1353, 'grad_norm': 3.298046112060547, 'learning_rate': 5.606676653113632e-06, 'epoch': 0.02}
{'loss': 1.2519, 'grad_norm': 3.4726369380950928, 'learning_rate': 5.608816606034667e-06, 'epoch': 0.02}
{'loss': 0.9023, 'grad_norm': 3.1009442806243896, 'learning_rate': 5.610956558955703e-06, 'epoch': 0.02}
{'loss': 0.9586, 'grad_norm': 2.930084228515625, 'learning_rate': 5.613096511876739e-06, 'epoch': 0.02}
{'loss': 0.9438, 'grad_norm': 3.2340877056121826, 'learning_rate': 5.615236464797776e-06, 'epoch': 0.02}
{'loss': 0.9403, 'grad_norm': 2.920201063156128, 'learning_rate': 5.617376417718811e-06, 'epoch': 0.02}
{'loss': 1.0638, 'grad_norm': 3.342022657394409, 'learning_rate': 5.619516370639846e-06, 'epoch': 0.02}
{'loss': 1.2411, 'grad_norm': 3.340846538543701, 'learning_rate': 5.621656323560882e-06, 'epoch': 0.02}
{'loss': 1.0321, 'grad_norm': 3.2070767879486084, 'learning_rate': 5.623796276481918e-06, 'epoch': 0.02}
{'loss': 1.0014, 'grad_norm': 2.9840002059936523, 'learning_rate': 5.625936229402954e-06, 'epoch': 0.02}
{'loss': 0.9869, 'grad_norm': 3.0181384086608887, 'learning_rate': 5.628076182323989e-06, 'epoch': 0.02}
{'loss': 1.0499, 'grad_norm': 3.009758710861206, 'learning_rate': 5.630216135245024e-06, 'epoch': 0.02}
{'loss': 0.9648, 'grad_norm': 3.1601834297180176, 'learning_rate': 5.632356088166061e-06, 'epoch': 0.02}
{'loss': 1.2411, 'grad_norm': 3.452909231185913, 'learning_rate': 5.6344960410870965e-06, 'epoch': 0.02}
{'loss': 1.2336, 'grad_norm': 3.1496334075927734, 'learning_rate': 5.636635994008133e-06, 'epoch': 0.02}
{'loss': 0.9226, 'grad_norm': 3.0254242420196533, 'learning_rate': 5.638775946929168e-06, 'epoch': 0.02}
{'loss': 0.9839, 'grad_norm': 3.066347360610962, 'learning_rate': 5.640915899850203e-06, 'epoch': 0.02}
{'loss': 1.0421, 'grad_norm': 3.094475030899048, 'learning_rate': 5.64305585277124e-06, 'epoch': 0.02}
{'loss': 0.9156, 'grad_norm': 3.0927340984344482, 'learning_rate': 5.6451958056922755e-06, 'epoch': 0.02}
{'loss': 0.8263, 'grad_norm': 2.9921016693115234, 'learning_rate': 5.647335758613312e-06, 'epoch': 0.02}
{'loss': 1.0889, 'grad_norm': 3.1984317302703857, 'learning_rate': 5.649475711534347e-06, 'epoch': 0.02}
{'loss': 0.9603, 'grad_norm': 2.904069423675537, 'learning_rate': 5.651615664455382e-06, 'epoch': 0.02}
{'loss': 1.0623, 'grad_norm': 3.3292341232299805, 'learning_rate': 5.653755617376418e-06, 'epoch': 0.02}
{'loss': 1.2263, 'grad_norm': 3.4823131561279297, 'learning_rate': 5.6558955702974536e-06, 'epoch': 0.02}
{'loss': 1.012, 'grad_norm': 3.0906050205230713, 'learning_rate': 5.658035523218489e-06, 'epoch': 0.02}
{'loss': 0.8849, 'grad_norm': 3.074162483215332, 'learning_rate': 5.660175476139526e-06, 'epoch': 0.02}
{'loss': 0.8493, 'grad_norm': 3.1149635314941406, 'learning_rate': 5.662315429060561e-06, 'epoch': 0.02}
{'loss': 0.8558, 'grad_norm': 3.173219680786133, 'learning_rate': 5.664455381981597e-06, 'epoch': 0.02}
{'loss': 1.0719, 'grad_norm': 3.1712729930877686, 'learning_rate': 5.6665953349026325e-06, 'epoch': 0.02}
{'loss': 0.8329, 'grad_norm': 2.957867383956909, 'learning_rate': 5.668735287823668e-06, 'epoch': 0.02}
{'loss': 0.9647, 'grad_norm': 2.9886910915374756, 'learning_rate': 5.670875240744704e-06, 'epoch': 0.02}
{'loss': 1.0953, 'grad_norm': 2.895153284072876, 'learning_rate': 5.673015193665739e-06, 'epoch': 0.02}
{'loss': 0.9648, 'grad_norm': 3.5292460918426514, 'learning_rate': 5.675155146586776e-06, 'epoch': 0.02}
{'loss': 1.074, 'grad_norm': 3.962308883666992, 'learning_rate': 5.6772950995078115e-06, 'epoch': 0.02}
{'loss': 1.1871, 'grad_norm': 3.659428119659424, 'learning_rate': 5.679435052428847e-06, 'epoch': 0.02}
{'loss': 0.8449, 'grad_norm': 3.050170421600342, 'learning_rate': 5.681575005349883e-06, 'epoch': 0.02}
{'loss': 1.1639, 'grad_norm': 3.2602145671844482, 'learning_rate': 5.683714958270918e-06, 'epoch': 0.02}
{'loss': 1.0454, 'grad_norm': 3.0576095581054688, 'learning_rate': 5.685854911191955e-06, 'epoch': 0.02}
{'loss': 0.9111, 'grad_norm': 2.9292540550231934, 'learning_rate': 5.68799486411299e-06, 'epoch': 0.02}
{'loss': 0.6944, 'grad_norm': 2.1810946464538574, 'learning_rate': 5.690134817034026e-06, 'epoch': 0.02}
{'loss': 0.8304, 'grad_norm': 2.648291826248169, 'learning_rate': 5.692274769955062e-06, 'epoch': 0.02}
{'loss': 1.2772, 'grad_norm': 3.232651472091675, 'learning_rate': 5.694414722876097e-06, 'epoch': 0.02}
{'loss': 1.1181, 'grad_norm': 3.5384950637817383, 'learning_rate': 5.696554675797132e-06, 'epoch': 0.02}
{'loss': 1.0573, 'grad_norm': 3.288712978363037, 'learning_rate': 5.6986946287181685e-06, 'epoch': 0.02}
{'loss': 1.099, 'grad_norm': 3.2779550552368164, 'learning_rate': 5.700834581639204e-06, 'epoch': 0.02}
{'loss': 0.8987, 'grad_norm': 2.8464648723602295, 'learning_rate': 5.702974534560241e-06, 'epoch': 0.02}
{'loss': 1.1076, 'grad_norm': 3.8284800052642822, 'learning_rate': 5.705114487481276e-06, 'epoch': 0.02}
{'loss': 1.1187, 'grad_norm': 3.0302600860595703, 'learning_rate': 5.707254440402311e-06, 'epoch': 0.02}
{'loss': 0.6755, 'grad_norm': 2.398512125015259, 'learning_rate': 5.7093943933233474e-06, 'epoch': 0.02}
{'loss': 1.1296, 'grad_norm': 3.563727378845215, 'learning_rate': 5.711534346244383e-06, 'epoch': 0.02}
{'loss': 1.1392, 'grad_norm': 3.2462620735168457, 'learning_rate': 5.71367429916542e-06, 'epoch': 0.02}
{'loss': 1.0206, 'grad_norm': 3.3660223484039307, 'learning_rate': 5.715814252086455e-06, 'epoch': 0.02}
{'loss': 0.822, 'grad_norm': 2.7931466102600098, 'learning_rate': 5.71795420500749e-06, 'epoch': 0.02}
{'loss': 0.7797, 'grad_norm': 2.763185739517212, 'learning_rate': 5.720094157928526e-06, 'epoch': 0.02}
{'loss': 0.9767, 'grad_norm': 3.0293703079223633, 'learning_rate': 5.722234110849562e-06, 'epoch': 0.02}
{'loss': 1.1505, 'grad_norm': 3.885129451751709, 'learning_rate': 5.724374063770598e-06, 'epoch': 0.02}
{'loss': 1.1572, 'grad_norm': 3.2807393074035645, 'learning_rate': 5.726514016691633e-06, 'epoch': 0.02}
{'loss': 0.8676, 'grad_norm': 2.8617684841156006, 'learning_rate': 5.728653969612668e-06, 'epoch': 0.02}
{'loss': 0.9607, 'grad_norm': 2.947105884552002, 'learning_rate': 5.730793922533705e-06, 'epoch': 0.02}
{'loss': 1.086, 'grad_norm': 3.0385994911193848, 'learning_rate': 5.732933875454741e-06, 'epoch': 0.02}
{'loss': 0.8195, 'grad_norm': 2.8039627075195312, 'learning_rate': 5.735073828375777e-06, 'epoch': 0.02}
{'loss': 0.9097, 'grad_norm': 3.11922287940979, 'learning_rate': 5.737213781296812e-06, 'epoch': 0.02}
{'loss': 0.9709, 'grad_norm': 3.05718994140625, 'learning_rate': 5.739353734217847e-06, 'epoch': 0.02}
{'loss': 0.7905, 'grad_norm': 2.874081611633301, 'learning_rate': 5.741493687138883e-06, 'epoch': 0.02}
{'loss': 0.8787, 'grad_norm': 2.9117655754089355, 'learning_rate': 5.743633640059919e-06, 'epoch': 0.02}
{'loss': 1.0237, 'grad_norm': 3.078151226043701, 'learning_rate': 5.745773592980954e-06, 'epoch': 0.02}
{'loss': 0.8705, 'grad_norm': 2.8040647506713867, 'learning_rate': 5.747913545901991e-06, 'epoch': 0.02}
{'loss': 1.0859, 'grad_norm': 3.075531482696533, 'learning_rate': 5.750053498823026e-06, 'epoch': 0.02}
{'loss': 1.0819, 'grad_norm': 3.0161378383636475, 'learning_rate': 5.752193451744062e-06, 'epoch': 0.02}
{'loss': 1.0604, 'grad_norm': 2.9285171031951904, 'learning_rate': 5.754333404665098e-06, 'epoch': 0.02}
{'loss': 1.0009, 'grad_norm': 3.1919565200805664, 'learning_rate': 5.756473357586133e-06, 'epoch': 0.02}
{'loss': 0.9969, 'grad_norm': 2.975475311279297, 'learning_rate': 5.75861331050717e-06, 'epoch': 0.02}
{'loss': 1.0258, 'grad_norm': 3.2522294521331787, 'learning_rate': 5.760753263428205e-06, 'epoch': 0.02}
{'loss': 0.8809, 'grad_norm': 3.0059118270874023, 'learning_rate': 5.762893216349241e-06, 'epoch': 0.02}
{'loss': 1.0196, 'grad_norm': 3.16506290435791, 'learning_rate': 5.7650331692702766e-06, 'epoch': 0.02}
{'loss': 1.0285, 'grad_norm': 3.407825231552124, 'learning_rate': 5.767173122191312e-06, 'epoch': 0.02}
{'loss': 1.0578, 'grad_norm': 3.264380931854248, 'learning_rate': 5.769313075112348e-06, 'epoch': 0.02}
{'loss': 1.1265, 'grad_norm': 3.4833288192749023, 'learning_rate': 5.771453028033383e-06, 'epoch': 0.02}
{'loss': 0.6646, 'grad_norm': 2.6527764797210693, 'learning_rate': 5.77359298095442e-06, 'epoch': 0.02}
{'loss': 1.1864, 'grad_norm': 3.3778388500213623, 'learning_rate': 5.7757329338754555e-06, 'epoch': 0.02}
{'loss': 0.6645, 'grad_norm': 2.403357982635498, 'learning_rate': 5.777872886796491e-06, 'epoch': 0.02}
{'loss': 1.0194, 'grad_norm': 3.2372965812683105, 'learning_rate': 5.780012839717527e-06, 'epoch': 0.02}
{'loss': 1.0551, 'grad_norm': 3.3061606884002686, 'learning_rate': 5.782152792638562e-06, 'epoch': 0.02}
{'loss': 0.926, 'grad_norm': 2.7344164848327637, 'learning_rate': 5.7842927455595975e-06, 'epoch': 0.02}
{'loss': 0.7919, 'grad_norm': 2.6705574989318848, 'learning_rate': 5.7864326984806345e-06, 'epoch': 0.02}
{'loss': 1.0612, 'grad_norm': 3.201011896133423, 'learning_rate': 5.78857265140167e-06, 'epoch': 0.02}
{'loss': 1.2081, 'grad_norm': 3.462371349334717, 'learning_rate': 5.790712604322706e-06, 'epoch': 0.02}
{'loss': 1.0398, 'grad_norm': 3.4147140979766846, 'learning_rate': 5.792852557243741e-06, 'epoch': 0.02}
{'loss': 1.205, 'grad_norm': 3.2449967861175537, 'learning_rate': 5.7949925101647764e-06, 'epoch': 0.02}
{'loss': 0.9921, 'grad_norm': 2.966261863708496, 'learning_rate': 5.7971324630858126e-06, 'epoch': 0.02}
{'loss': 1.0014, 'grad_norm': 2.811368703842163, 'learning_rate': 5.799272416006848e-06, 'epoch': 0.02}
{'loss': 0.9935, 'grad_norm': 2.7342417240142822, 'learning_rate': 5.801412368927885e-06, 'epoch': 0.02}
{'loss': 0.8824, 'grad_norm': 3.132390260696411, 'learning_rate': 5.80355232184892e-06, 'epoch': 0.02}
{'loss': 1.0762, 'grad_norm': 3.348970651626587, 'learning_rate': 5.805692274769955e-06, 'epoch': 0.02}
{'loss': 0.8892, 'grad_norm': 3.178881883621216, 'learning_rate': 5.8078322276909915e-06, 'epoch': 0.02}
{'loss': 1.1465, 'grad_norm': 3.411097526550293, 'learning_rate': 5.809972180612027e-06, 'epoch': 0.02}
{'loss': 0.8681, 'grad_norm': 2.719045639038086, 'learning_rate': 5.812112133533063e-06, 'epoch': 0.02}
{'loss': 1.0155, 'grad_norm': 3.64984393119812, 'learning_rate': 5.814252086454098e-06, 'epoch': 0.02}
{'loss': 0.9563, 'grad_norm': 3.3038573265075684, 'learning_rate': 5.8163920393751335e-06, 'epoch': 0.02}
{'loss': 1.0037, 'grad_norm': 3.0554113388061523, 'learning_rate': 5.8185319922961704e-06, 'epoch': 0.02}
{'loss': 0.9583, 'grad_norm': 2.8138742446899414, 'learning_rate': 5.820671945217206e-06, 'epoch': 0.02}
{'loss': 1.0322, 'grad_norm': 3.328747272491455, 'learning_rate': 5.822811898138241e-06, 'epoch': 0.02}
{'loss': 1.1395, 'grad_norm': 3.766033411026001, 'learning_rate': 5.824951851059277e-06, 'epoch': 0.02}
{'loss': 1.0061, 'grad_norm': 3.2382328510284424, 'learning_rate': 5.827091803980312e-06, 'epoch': 0.02}
{'loss': 0.9712, 'grad_norm': 3.166332960128784, 'learning_rate': 5.829231756901349e-06, 'epoch': 0.02}
{'loss': 0.9281, 'grad_norm': 2.6998307704925537, 'learning_rate': 5.831371709822385e-06, 'epoch': 0.02}
{'loss': 1.1386, 'grad_norm': 3.6720728874206543, 'learning_rate': 5.83351166274342e-06, 'epoch': 0.02}
{'loss': 1.015, 'grad_norm': 3.5445430278778076, 'learning_rate': 5.835651615664456e-06, 'epoch': 0.02}
{'loss': 1.072, 'grad_norm': 3.1806557178497314, 'learning_rate': 5.837791568585491e-06, 'epoch': 0.02}
{'loss': 0.8411, 'grad_norm': 2.781285524368286, 'learning_rate': 5.8399315215065275e-06, 'epoch': 0.02}
{'loss': 1.0929, 'grad_norm': 3.4125359058380127, 'learning_rate': 5.842071474427563e-06, 'epoch': 0.02}
{'loss': 0.9454, 'grad_norm': 2.924346923828125, 'learning_rate': 5.844211427348598e-06, 'epoch': 0.02}
{'loss': 1.0246, 'grad_norm': 3.0228817462921143, 'learning_rate': 5.846351380269635e-06, 'epoch': 0.02}
{'loss': 1.0001, 'grad_norm': 2.9591190814971924, 'learning_rate': 5.84849133319067e-06, 'epoch': 0.02}
{'loss': 1.0274, 'grad_norm': 3.0337014198303223, 'learning_rate': 5.850631286111706e-06, 'epoch': 0.02}
{'loss': 1.0404, 'grad_norm': 3.2181711196899414, 'learning_rate': 5.852771239032742e-06, 'epoch': 0.02}
{'loss': 1.0346, 'grad_norm': 3.1316235065460205, 'learning_rate': 5.854911191953777e-06, 'epoch': 0.02}
{'loss': 1.0674, 'grad_norm': 3.085859537124634, 'learning_rate': 5.857051144874813e-06, 'epoch': 0.02}
{'loss': 1.0178, 'grad_norm': 3.033454656600952, 'learning_rate': 5.859191097795849e-06, 'epoch': 0.02}
{'loss': 0.9535, 'grad_norm': 2.9994919300079346, 'learning_rate': 5.861331050716885e-06, 'epoch': 0.02}
{'loss': 1.0191, 'grad_norm': 2.9506494998931885, 'learning_rate': 5.863471003637921e-06, 'epoch': 0.02}
{'loss': 0.9803, 'grad_norm': 3.2418456077575684, 'learning_rate': 5.865610956558956e-06, 'epoch': 0.02}
{'loss': 0.9367, 'grad_norm': 3.0955166816711426, 'learning_rate': 5.867750909479992e-06, 'epoch': 0.02}
{'loss': 1.0181, 'grad_norm': 3.183070182800293, 'learning_rate': 5.869890862401027e-06, 'epoch': 0.02}
{'loss': 0.9948, 'grad_norm': 2.9813036918640137, 'learning_rate': 5.872030815322063e-06, 'epoch': 0.02}
{'loss': 0.6174, 'grad_norm': 2.006437063217163, 'learning_rate': 5.8741707682431e-06, 'epoch': 0.02}
{'loss': 0.7359, 'grad_norm': 4.9584641456604, 'learning_rate': 5.876310721164135e-06, 'epoch': 0.02}
{'loss': 1.0155, 'grad_norm': 2.920210838317871, 'learning_rate': 5.878450674085171e-06, 'epoch': 0.02}
{'loss': 1.0301, 'grad_norm': 3.0639922618865967, 'learning_rate': 5.880590627006206e-06, 'epoch': 0.02}
{'loss': 1.0714, 'grad_norm': 2.8211190700531006, 'learning_rate': 5.8827305799272416e-06, 'epoch': 0.02}
{'loss': 1.074, 'grad_norm': 2.989382028579712, 'learning_rate': 5.884870532848278e-06, 'epoch': 0.02}
{'loss': 0.8754, 'grad_norm': 2.84555983543396, 'learning_rate': 5.887010485769313e-06, 'epoch': 0.02}
{'loss': 1.027, 'grad_norm': 3.081434965133667, 'learning_rate': 5.88915043869035e-06, 'epoch': 0.02}
{'loss': 1.018, 'grad_norm': 3.012333631515503, 'learning_rate': 5.891290391611385e-06, 'epoch': 0.02}
{'loss': 0.6641, 'grad_norm': 2.6004793643951416, 'learning_rate': 5.8934303445324205e-06, 'epoch': 0.02}
{'loss': 0.912, 'grad_norm': 3.0387003421783447, 'learning_rate': 5.895570297453457e-06, 'epoch': 0.02}
{'loss': 0.7829, 'grad_norm': 2.907217264175415, 'learning_rate': 5.897710250374492e-06, 'epoch': 0.02}
{'loss': 0.9889, 'grad_norm': 3.1693899631500244, 'learning_rate': 5.899850203295529e-06, 'epoch': 0.02}
{'loss': 0.9995, 'grad_norm': 2.8775899410247803, 'learning_rate': 5.901990156216564e-06, 'epoch': 0.02}
{'loss': 0.9648, 'grad_norm': 3.4598731994628906, 'learning_rate': 5.9041301091375994e-06, 'epoch': 0.02}
{'loss': 1.0388, 'grad_norm': 2.9667840003967285, 'learning_rate': 5.9062700620586356e-06, 'epoch': 0.02}
{'loss': 0.8601, 'grad_norm': 2.9026296138763428, 'learning_rate': 5.908410014979671e-06, 'epoch': 0.02}
{'loss': 1.0456, 'grad_norm': 2.804537773132324, 'learning_rate': 5.910549967900706e-06, 'epoch': 0.02}
{'loss': 1.0756, 'grad_norm': 2.9508321285247803, 'learning_rate': 5.912689920821742e-06, 'epoch': 0.02}
{'loss': 0.9221, 'grad_norm': 4.174564361572266, 'learning_rate': 5.9148298737427775e-06, 'epoch': 0.02}
{'loss': 0.8941, 'grad_norm': 3.2444183826446533, 'learning_rate': 5.9169698266638145e-06, 'epoch': 0.02}
{'loss': 1.0733, 'grad_norm': 3.051830530166626, 'learning_rate': 5.91910977958485e-06, 'epoch': 0.02}
{'loss': 0.8394, 'grad_norm': 2.8848588466644287, 'learning_rate': 5.921249732505885e-06, 'epoch': 0.02}
{'loss': 1.0754, 'grad_norm': 3.132589817047119, 'learning_rate': 5.923389685426921e-06, 'epoch': 0.02}
{'loss': 0.9609, 'grad_norm': 2.6722893714904785, 'learning_rate': 5.9255296383479565e-06, 'epoch': 0.02}
{'loss': 0.9735, 'grad_norm': 3.4508187770843506, 'learning_rate': 5.927669591268993e-06, 'epoch': 0.02}
{'loss': 1.0335, 'grad_norm': 3.3811793327331543, 'learning_rate': 5.929809544190028e-06, 'epoch': 0.02}
{'loss': 1.1497, 'grad_norm': 3.154067277908325, 'learning_rate': 5.931949497111064e-06, 'epoch': 0.02}
{'loss': 1.2346, 'grad_norm': 3.352163791656494, 'learning_rate': 5.9340894500321e-06, 'epoch': 0.02}
{'loss': 0.7947, 'grad_norm': 2.9236631393432617, 'learning_rate': 5.936229402953135e-06, 'epoch': 0.02}
{'loss': 1.2443, 'grad_norm': 3.449460744857788, 'learning_rate': 5.9383693558741715e-06, 'epoch': 0.02}
{'loss': 1.0206, 'grad_norm': 2.9514286518096924, 'learning_rate': 5.940509308795207e-06, 'epoch': 0.02}
{'loss': 0.7872, 'grad_norm': 2.760906219482422, 'learning_rate': 5.942649261716242e-06, 'epoch': 0.02}
{'loss': 0.9536, 'grad_norm': 3.188342809677124, 'learning_rate': 5.944789214637279e-06, 'epoch': 0.02}
{'loss': 1.0313, 'grad_norm': 3.5117883682250977, 'learning_rate': 5.946929167558314e-06, 'epoch': 0.02}
{'loss': 1.2462, 'grad_norm': 3.5335893630981445, 'learning_rate': 5.9490691204793505e-06, 'epoch': 0.02}
{'loss': 1.0531, 'grad_norm': 3.6185302734375, 'learning_rate': 5.951209073400386e-06, 'epoch': 0.02}
{'loss': 0.9117, 'grad_norm': 2.89448881149292, 'learning_rate': 5.953349026321421e-06, 'epoch': 0.02}
{'loss': 1.0271, 'grad_norm': 3.4491946697235107, 'learning_rate': 5.955488979242457e-06, 'epoch': 0.02}
{'loss': 0.973, 'grad_norm': 3.295471429824829, 'learning_rate': 5.9576289321634925e-06, 'epoch': 0.02}
{'loss': 1.2023, 'grad_norm': 3.1393954753875732, 'learning_rate': 5.959768885084528e-06, 'epoch': 0.02}
{'loss': 1.0293, 'grad_norm': 2.77087140083313, 'learning_rate': 5.961908838005565e-06, 'epoch': 0.02}
{'loss': 0.8729, 'grad_norm': 3.2129533290863037, 'learning_rate': 5.9640487909266e-06, 'epoch': 0.02}
{'loss': 0.8781, 'grad_norm': 2.996541976928711, 'learning_rate': 5.966188743847636e-06, 'epoch': 0.02}
{'loss': 1.2008, 'grad_norm': 3.2270073890686035, 'learning_rate': 5.968328696768671e-06, 'epoch': 0.02}
{'loss': 1.0521, 'grad_norm': 2.8647704124450684, 'learning_rate': 5.970468649689707e-06, 'epoch': 0.02}
{'loss': 1.1371, 'grad_norm': 2.9709901809692383, 'learning_rate': 5.972608602610744e-06, 'epoch': 0.02}
{'loss': 0.8536, 'grad_norm': 2.749037027359009, 'learning_rate': 5.974748555531779e-06, 'epoch': 0.02}
{'loss': 0.8396, 'grad_norm': 3.0805647373199463, 'learning_rate': 5.976888508452815e-06, 'epoch': 0.02}
{'loss': 0.9116, 'grad_norm': 3.0296809673309326, 'learning_rate': 5.97902846137385e-06, 'epoch': 0.02}
{'loss': 1.1548, 'grad_norm': 3.874321937561035, 'learning_rate': 5.981168414294886e-06, 'epoch': 0.02}
{'loss': 0.9531, 'grad_norm': 3.0138046741485596, 'learning_rate': 5.983308367215922e-06, 'epoch': 0.02}
{'loss': 1.0856, 'grad_norm': 2.9349868297576904, 'learning_rate': 5.985448320136957e-06, 'epoch': 0.02}
{'loss': 1.0023, 'grad_norm': 3.472771167755127, 'learning_rate': 5.987588273057994e-06, 'epoch': 0.02}
{'loss': 0.9261, 'grad_norm': 2.877183437347412, 'learning_rate': 5.989728225979029e-06, 'epoch': 0.02}
{'loss': 1.4531, 'grad_norm': 3.490933895111084, 'learning_rate': 5.9918681789000646e-06, 'epoch': 0.02}
{'loss': 1.0414, 'grad_norm': 2.9515109062194824, 'learning_rate': 5.994008131821101e-06, 'epoch': 0.02}
{'loss': 0.9951, 'grad_norm': 3.4249563217163086, 'learning_rate': 5.996148084742136e-06, 'epoch': 0.02}
{'loss': 0.962, 'grad_norm': 3.361997604370117, 'learning_rate': 5.998288037663171e-06, 'epoch': 0.02}
{'loss': 0.9533, 'grad_norm': 2.958876609802246, 'learning_rate': 6.000427990584207e-06, 'epoch': 0.02}
{'loss': 1.0698, 'grad_norm': 3.0198726654052734, 'learning_rate': 6.002567943505243e-06, 'epoch': 0.02}
{'loss': 1.0837, 'grad_norm': 2.908656597137451, 'learning_rate': 6.00470789642628e-06, 'epoch': 0.02}
{'loss': 1.0875, 'grad_norm': 3.0416817665100098, 'learning_rate': 6.006847849347315e-06, 'epoch': 0.02}
{'loss': 0.8327, 'grad_norm': 2.6931614875793457, 'learning_rate': 6.00898780226835e-06, 'epoch': 0.02}
{'loss': 1.1476, 'grad_norm': 3.042531728744507, 'learning_rate': 6.011127755189386e-06, 'epoch': 0.02}
{'loss': 0.958, 'grad_norm': 3.0330147743225098, 'learning_rate': 6.013267708110422e-06, 'epoch': 0.02}
{'loss': 0.9361, 'grad_norm': 2.6778063774108887, 'learning_rate': 6.0154076610314586e-06, 'epoch': 0.02}
{'loss': 1.171, 'grad_norm': 3.4885430335998535, 'learning_rate': 6.017547613952494e-06, 'epoch': 0.02}
{'loss': 0.9285, 'grad_norm': 3.3616931438446045, 'learning_rate': 6.019687566873529e-06, 'epoch': 0.02}
{'loss': 0.912, 'grad_norm': 3.0512588024139404, 'learning_rate': 6.021827519794565e-06, 'epoch': 0.02}
{'loss': 0.9852, 'grad_norm': 3.411797523498535, 'learning_rate': 6.0239674727156005e-06, 'epoch': 0.02}
{'loss': 0.9306, 'grad_norm': 3.1268250942230225, 'learning_rate': 6.026107425636637e-06, 'epoch': 0.02}
{'loss': 0.9638, 'grad_norm': 2.934025526046753, 'learning_rate': 6.028247378557672e-06, 'epoch': 0.02}
{'loss': 0.9463, 'grad_norm': 2.931281566619873, 'learning_rate': 6.030387331478707e-06, 'epoch': 0.02}
{'loss': 1.1226, 'grad_norm': 3.2514138221740723, 'learning_rate': 6.032527284399744e-06, 'epoch': 0.02}
{'loss': 1.0158, 'grad_norm': 3.3028509616851807, 'learning_rate': 6.0346672373207795e-06, 'epoch': 0.02}
{'loss': 0.8303, 'grad_norm': 2.7818844318389893, 'learning_rate': 6.036807190241816e-06, 'epoch': 0.02}
{'loss': 1.0399, 'grad_norm': 3.183596134185791, 'learning_rate': 6.038947143162851e-06, 'epoch': 0.02}
{'loss': 0.9473, 'grad_norm': 2.8628909587860107, 'learning_rate': 6.041087096083886e-06, 'epoch': 0.02}
{'loss': 1.0569, 'grad_norm': 3.1388144493103027, 'learning_rate': 6.043227049004923e-06, 'epoch': 0.02}
{'loss': 1.0149, 'grad_norm': 2.8543052673339844, 'learning_rate': 6.0453670019259584e-06, 'epoch': 0.02}
{'loss': 0.981, 'grad_norm': 2.9740664958953857, 'learning_rate': 6.047506954846994e-06, 'epoch': 0.02}
{'loss': 0.7783, 'grad_norm': 3.0724494457244873, 'learning_rate': 6.04964690776803e-06, 'epoch': 0.02}
{'loss': 1.3797, 'grad_norm': 3.3371613025665283, 'learning_rate': 6.051786860689065e-06, 'epoch': 0.02}
{'loss': 0.9896, 'grad_norm': 3.275893449783325, 'learning_rate': 6.053926813610101e-06, 'epoch': 0.02}
{'loss': 0.9321, 'grad_norm': 3.086777687072754, 'learning_rate': 6.0560667665311365e-06, 'epoch': 0.02}
{'loss': 0.9919, 'grad_norm': 3.455432415008545, 'learning_rate': 6.058206719452172e-06, 'epoch': 0.02}
{'loss': 1.0398, 'grad_norm': 2.8641088008880615, 'learning_rate': 6.060346672373209e-06, 'epoch': 0.02}
{'loss': 1.0793, 'grad_norm': 3.1541104316711426, 'learning_rate': 6.062486625294244e-06, 'epoch': 0.02}
{'loss': 1.0458, 'grad_norm': 3.4721462726593018, 'learning_rate': 6.06462657821528e-06, 'epoch': 0.02}
{'loss': 0.7971, 'grad_norm': 3.039917230606079, 'learning_rate': 6.0667665311363155e-06, 'epoch': 0.02}
{'loss': 1.044, 'grad_norm': 3.08038592338562, 'learning_rate': 6.068906484057351e-06, 'epoch': 0.02}
{'loss': 1.1352, 'grad_norm': 3.071042776107788, 'learning_rate': 6.071046436978387e-06, 'epoch': 0.02}
{'loss': 1.3021, 'grad_norm': 3.365072727203369, 'learning_rate': 6.073186389899422e-06, 'epoch': 0.02}
{'loss': 0.8167, 'grad_norm': 2.896998405456543, 'learning_rate': 6.075326342820459e-06, 'epoch': 0.02}
{'loss': 0.9405, 'grad_norm': 3.044511318206787, 'learning_rate': 6.077466295741494e-06, 'epoch': 0.02}
{'loss': 1.1254, 'grad_norm': 4.074477195739746, 'learning_rate': 6.07960624866253e-06, 'epoch': 0.02}
{'loss': 0.9626, 'grad_norm': 3.1454615592956543, 'learning_rate': 6.081746201583566e-06, 'epoch': 0.02}
{'loss': 0.8637, 'grad_norm': 3.4310805797576904, 'learning_rate': 6.083886154504601e-06, 'epoch': 0.02}
{'loss': 0.91, 'grad_norm': 2.7873804569244385, 'learning_rate': 6.086026107425636e-06, 'epoch': 0.02}
{'loss': 0.8933, 'grad_norm': 2.9048585891723633, 'learning_rate': 6.088166060346673e-06, 'epoch': 0.02}
{'loss': 0.7853, 'grad_norm': 2.952087879180908, 'learning_rate': 6.090306013267709e-06, 'epoch': 0.02}
{'loss': 0.8789, 'grad_norm': 2.794919490814209, 'learning_rate': 6.092445966188745e-06, 'epoch': 0.02}
{'loss': 0.9546, 'grad_norm': 3.112708330154419, 'learning_rate': 6.09458591910978e-06, 'epoch': 0.02}
{'loss': 0.9745, 'grad_norm': 3.1231484413146973, 'learning_rate': 6.096725872030815e-06, 'epoch': 0.02}
{'loss': 0.9536, 'grad_norm': 3.065502643585205, 'learning_rate': 6.0988658249518514e-06, 'epoch': 0.02}
{'loss': 0.9681, 'grad_norm': 2.7937605381011963, 'learning_rate': 6.101005777872887e-06, 'epoch': 0.02}
{'loss': 1.0703, 'grad_norm': 3.172729969024658, 'learning_rate': 6.103145730793924e-06, 'epoch': 0.02}
{'loss': 1.0179, 'grad_norm': 3.051595687866211, 'learning_rate': 6.105285683714959e-06, 'epoch': 0.02}
{'loss': 1.0952, 'grad_norm': 3.119976282119751, 'learning_rate': 6.107425636635994e-06, 'epoch': 0.02}
{'loss': 0.9556, 'grad_norm': 3.139556646347046, 'learning_rate': 6.10956558955703e-06, 'epoch': 0.02}
{'loss': 0.9655, 'grad_norm': 3.1736762523651123, 'learning_rate': 6.111705542478066e-06, 'epoch': 0.02}
{'loss': 1.0411, 'grad_norm': 3.2429442405700684, 'learning_rate': 6.113845495399102e-06, 'epoch': 0.02}
{'loss': 1.0505, 'grad_norm': 2.938288688659668, 'learning_rate': 6.115985448320138e-06, 'epoch': 0.02}
{'loss': 1.1436, 'grad_norm': 3.038644313812256, 'learning_rate': 6.118125401241173e-06, 'epoch': 0.02}
{'loss': 1.0207, 'grad_norm': 3.0396206378936768, 'learning_rate': 6.120265354162209e-06, 'epoch': 0.02}
{'loss': 1.1531, 'grad_norm': 3.307000160217285, 'learning_rate': 6.122405307083245e-06, 'epoch': 0.02}
{'loss': 0.9814, 'grad_norm': 3.2306323051452637, 'learning_rate': 6.124545260004281e-06, 'epoch': 0.02}
{'loss': 1.0615, 'grad_norm': 3.038180351257324, 'learning_rate': 6.126685212925316e-06, 'epoch': 0.02}
{'loss': 1.1046, 'grad_norm': 3.5155179500579834, 'learning_rate': 6.128825165846351e-06, 'epoch': 0.02}
{'loss': 1.0775, 'grad_norm': 3.132458448410034, 'learning_rate': 6.130965118767388e-06, 'epoch': 0.02}
{'loss': 0.9528, 'grad_norm': 3.014655828475952, 'learning_rate': 6.1331050716884236e-06, 'epoch': 0.02}
{'loss': 1.1402, 'grad_norm': 3.233773708343506, 'learning_rate': 6.135245024609459e-06, 'epoch': 0.02}
{'loss': 1.13, 'grad_norm': 3.2177696228027344, 'learning_rate': 6.137384977530495e-06, 'epoch': 0.02}
{'loss': 1.378, 'grad_norm': 3.469804525375366, 'learning_rate': 6.13952493045153e-06, 'epoch': 0.02}
{'loss': 1.2528, 'grad_norm': 2.9687628746032715, 'learning_rate': 6.141664883372566e-06, 'epoch': 0.02}
{'loss': 0.9298, 'grad_norm': 2.811147689819336, 'learning_rate': 6.143804836293602e-06, 'epoch': 0.02}
{'loss': 0.6893, 'grad_norm': 2.2548201084136963, 'learning_rate': 6.145944789214637e-06, 'epoch': 0.02}
{'loss': 1.1092, 'grad_norm': 3.0578932762145996, 'learning_rate': 6.148084742135674e-06, 'epoch': 0.02}
{'loss': 0.8723, 'grad_norm': 3.026886463165283, 'learning_rate': 6.150224695056709e-06, 'epoch': 0.02}
{'loss': 0.9684, 'grad_norm': 3.5667829513549805, 'learning_rate': 6.152364647977745e-06, 'epoch': 0.02}
{'loss': 0.9854, 'grad_norm': 3.238471746444702, 'learning_rate': 6.154504600898781e-06, 'epoch': 0.02}
{'loss': 1.0565, 'grad_norm': 3.34287691116333, 'learning_rate': 6.156644553819816e-06, 'epoch': 0.02}
{'loss': 1.0591, 'grad_norm': 3.1035232543945312, 'learning_rate': 6.158784506740853e-06, 'epoch': 0.02}
{'loss': 1.194, 'grad_norm': 3.4202191829681396, 'learning_rate': 6.160924459661888e-06, 'epoch': 0.02}
{'loss': 1.0413, 'grad_norm': 3.163534641265869, 'learning_rate': 6.163064412582924e-06, 'epoch': 0.02}
{'loss': 1.0618, 'grad_norm': 2.8859894275665283, 'learning_rate': 6.1652043655039595e-06, 'epoch': 0.02}
{'loss': 0.9266, 'grad_norm': 3.0532338619232178, 'learning_rate': 6.167344318424995e-06, 'epoch': 0.02}
{'loss': 0.972, 'grad_norm': 2.8107924461364746, 'learning_rate': 6.169484271346031e-06, 'epoch': 0.02}
{'loss': 0.9192, 'grad_norm': 2.9863760471343994, 'learning_rate': 6.171624224267066e-06, 'epoch': 0.02}
{'loss': 0.9371, 'grad_norm': 2.770794630050659, 'learning_rate': 6.1737641771881015e-06, 'epoch': 0.02}
{'loss': 0.9648, 'grad_norm': 3.08207368850708, 'learning_rate': 6.1759041301091385e-06, 'epoch': 0.02}
{'loss': 0.7215, 'grad_norm': 2.624366044998169, 'learning_rate': 6.178044083030174e-06, 'epoch': 0.02}
{'loss': 1.1149, 'grad_norm': 3.308124542236328, 'learning_rate': 6.18018403595121e-06, 'epoch': 0.02}
{'loss': 0.8915, 'grad_norm': 3.3093812465667725, 'learning_rate': 6.182323988872245e-06, 'epoch': 0.02}
{'loss': 1.0676, 'grad_norm': 3.417462110519409, 'learning_rate': 6.1844639417932804e-06, 'epoch': 0.02}
{'loss': 1.0336, 'grad_norm': 3.431941270828247, 'learning_rate': 6.186603894714317e-06, 'epoch': 0.02}
{'loss': 0.6811, 'grad_norm': 2.669893503189087, 'learning_rate': 6.188743847635353e-06, 'epoch': 0.02}
{'loss': 0.8981, 'grad_norm': 3.1170883178710938, 'learning_rate': 6.190883800556389e-06, 'epoch': 0.02}
{'loss': 0.8574, 'grad_norm': 3.0181026458740234, 'learning_rate': 6.193023753477424e-06, 'epoch': 0.02}
{'loss': 1.4493, 'grad_norm': 3.6496145725250244, 'learning_rate': 6.195163706398459e-06, 'epoch': 0.02}
{'loss': 0.9021, 'grad_norm': 2.761793613433838, 'learning_rate': 6.1973036593194955e-06, 'epoch': 0.02}
{'loss': 1.1013, 'grad_norm': 3.1624038219451904, 'learning_rate': 6.199443612240531e-06, 'epoch': 0.02}
{'loss': 0.884, 'grad_norm': 2.759255886077881, 'learning_rate': 6.201583565161568e-06, 'epoch': 0.02}
{'loss': 0.7484, 'grad_norm': 2.8241186141967773, 'learning_rate': 6.203723518082603e-06, 'epoch': 0.02}
{'loss': 1.0905, 'grad_norm': 2.729875087738037, 'learning_rate': 6.205863471003638e-06, 'epoch': 0.02}
{'loss': 0.8182, 'grad_norm': 2.8632988929748535, 'learning_rate': 6.2080034239246745e-06, 'epoch': 0.02}
{'loss': 0.8398, 'grad_norm': 3.164015531539917, 'learning_rate': 6.21014337684571e-06, 'epoch': 0.02}
{'loss': 0.965, 'grad_norm': 2.956714630126953, 'learning_rate': 6.212283329766745e-06, 'epoch': 0.02}
{'loss': 1.187, 'grad_norm': 2.9783053398132324, 'learning_rate': 6.214423282687781e-06, 'epoch': 0.02}
{'loss': 0.7965, 'grad_norm': 2.8698959350585938, 'learning_rate': 6.216563235608816e-06, 'epoch': 0.02}
{'loss': 1.0021, 'grad_norm': 3.6509969234466553, 'learning_rate': 6.218703188529853e-06, 'epoch': 0.02}
{'loss': 0.9776, 'grad_norm': 3.2540860176086426, 'learning_rate': 6.220843141450889e-06, 'epoch': 0.02}
[16:50:42.146077] Error: Error reading OpenGVLab/stage2/OpenMMLab___Kinetics-400/raw/Kinetics-400/videos_train/DDW3PdQo2JU.mp4...
[16:50:42.146123] Failed to read video file: OpenGVLab/stage2/OpenMMLab___Kinetics-400/raw/Kinetics-400/videos_train/DDW3PdQo2JU.mp4
[16:50:42.146142] [Try #0] Failed to fetch sample 3724304. Exception: Error reading OpenGVLab/stage2/OpenMMLab___Kinetics-400/raw/Kinetics-400/videos_train/DDW3PdQo2JU.mp4...
[16:50:43.147451] Error: Error reading OpenGVLab/stage2/OpenMMLab___Kinetics-400/raw/Kinetics-400/videos_train/DDW3PdQo2JU.mp4...
[16:50:43.147497] Failed to read video file: OpenGVLab/stage2/OpenMMLab___Kinetics-400/raw/Kinetics-400/videos_train/DDW3PdQo2JU.mp4
[16:50:43.147520] [Try #1] Failed to fetch sample 3724304. Exception: Error reading OpenGVLab/stage2/OpenMMLab___Kinetics-400/raw/Kinetics-400/videos_train/DDW3PdQo2JU.mp4...
{'loss': 1.069, 'grad_norm': 3.143352508544922, 'learning_rate': 6.222983094371924e-06, 'epoch': 0.02}
{'loss': 1.052, 'grad_norm': 3.011331796646118, 'learning_rate': 6.22512304729296e-06, 'epoch': 0.02}
{'loss': 0.845, 'grad_norm': 2.9378867149353027, 'learning_rate': 6.227263000213995e-06, 'epoch': 0.02}
{'loss': 1.0079, 'grad_norm': 2.974666118621826, 'learning_rate': 6.229402953135032e-06, 'epoch': 0.02}
{'loss': 1.1363, 'grad_norm': 3.4880895614624023, 'learning_rate': 6.231542906056068e-06, 'epoch': 0.02}
{'loss': 1.0327, 'grad_norm': 3.040820598602295, 'learning_rate': 6.233682858977103e-06, 'epoch': 0.02}
{'loss': 1.151, 'grad_norm': 3.383391857147217, 'learning_rate': 6.235822811898139e-06, 'epoch': 0.02}
{'loss': 0.9155, 'grad_norm': 2.9624745845794678, 'learning_rate': 6.237962764819174e-06, 'epoch': 0.02}
{'loss': 1.0705, 'grad_norm': 2.980816602706909, 'learning_rate': 6.2401027177402104e-06, 'epoch': 0.02}
{'loss': 0.895, 'grad_norm': 2.8978922367095947, 'learning_rate': 6.242242670661246e-06, 'epoch': 0.02}
{'loss': 1.0436, 'grad_norm': 3.0157992839813232, 'learning_rate': 6.244382623582281e-06, 'epoch': 0.02}
{'loss': 1.0125, 'grad_norm': 3.408060312271118, 'learning_rate': 6.246522576503318e-06, 'epoch': 0.02}
{'loss': 1.024, 'grad_norm': 3.051236867904663, 'learning_rate': 6.248662529424353e-06, 'epoch': 0.02}
{'loss': 1.0823, 'grad_norm': 2.939694881439209, 'learning_rate': 6.250802482345389e-06, 'epoch': 0.02}
{'loss': 1.0272, 'grad_norm': 3.0218122005462646, 'learning_rate': 6.252942435266425e-06, 'epoch': 0.02}
{'loss': 1.1814, 'grad_norm': 3.499189615249634, 'learning_rate': 6.25508238818746e-06, 'epoch': 0.02}
{'loss': 0.8838, 'grad_norm': 2.8049230575561523, 'learning_rate': 6.257222341108496e-06, 'epoch': 0.02}
{'loss': 1.1944, 'grad_norm': 3.5429251194000244, 'learning_rate': 6.259362294029532e-06, 'epoch': 0.02}
{'loss': 1.0673, 'grad_norm': 3.2778072357177734, 'learning_rate': 6.2615022469505675e-06, 'epoch': 0.02}
{'loss': 1.239, 'grad_norm': 3.6261606216430664, 'learning_rate': 6.263642199871604e-06, 'epoch': 0.02}
{'loss': 1.0241, 'grad_norm': 3.135993003845215, 'learning_rate': 6.265782152792639e-06, 'epoch': 0.02}
{'loss': 0.9754, 'grad_norm': 2.764349937438965, 'learning_rate': 6.267922105713675e-06, 'epoch': 0.02}
{'loss': 0.8627, 'grad_norm': 2.9012398719787598, 'learning_rate': 6.27006205863471e-06, 'epoch': 0.02}
{'loss': 1.1441, 'grad_norm': 3.144723892211914, 'learning_rate': 6.2722020115557456e-06, 'epoch': 0.02}
{'loss': 1.0085, 'grad_norm': 2.9978723526000977, 'learning_rate': 6.2743419644767825e-06, 'epoch': 0.02}
{'loss': 1.0318, 'grad_norm': 2.8888871669769287, 'learning_rate': 6.276481917397818e-06, 'epoch': 0.02}
{'loss': 0.9107, 'grad_norm': 3.1088101863861084, 'learning_rate': 6.278621870318854e-06, 'epoch': 0.02}
{'loss': 0.9788, 'grad_norm': 3.6398026943206787, 'learning_rate': 6.280761823239889e-06, 'epoch': 0.02}
{'loss': 0.8629, 'grad_norm': 2.7585387229919434, 'learning_rate': 6.2829017761609245e-06, 'epoch': 0.02}
{'loss': 1.0846, 'grad_norm': 3.6279547214508057, 'learning_rate': 6.285041729081961e-06, 'epoch': 0.02}
{'loss': 1.0164, 'grad_norm': 3.3389806747436523, 'learning_rate': 6.287181682002996e-06, 'epoch': 0.02}
{'loss': 0.809, 'grad_norm': 2.860703706741333, 'learning_rate': 6.289321634924033e-06, 'epoch': 0.02}
{'loss': 0.8505, 'grad_norm': 2.5227699279785156, 'learning_rate': 6.291461587845068e-06, 'epoch': 0.02}
{'loss': 0.6304, 'grad_norm': 2.1283438205718994, 'learning_rate': 6.2936015407661035e-06, 'epoch': 0.02}
{'loss': 0.9666, 'grad_norm': 3.497779607772827, 'learning_rate': 6.29574149368714e-06, 'epoch': 0.02}
{'loss': 1.0765, 'grad_norm': 3.102734088897705, 'learning_rate': 6.297881446608175e-06, 'epoch': 0.02}
{'loss': 0.8506, 'grad_norm': 2.9696249961853027, 'learning_rate': 6.30002139952921e-06, 'epoch': 0.02}
{'loss': 1.1645, 'grad_norm': 3.3609933853149414, 'learning_rate': 6.302161352450247e-06, 'epoch': 0.02}
{'loss': 1.2168, 'grad_norm': 3.426711082458496, 'learning_rate': 6.304301305371282e-06, 'epoch': 0.02}
{'loss': 1.0553, 'grad_norm': 3.2295353412628174, 'learning_rate': 6.3064412582923185e-06, 'epoch': 0.02}
{'loss': 0.9607, 'grad_norm': 3.078676462173462, 'learning_rate': 6.308581211213354e-06, 'epoch': 0.02}
{'loss': 1.144, 'grad_norm': 3.0138280391693115, 'learning_rate': 6.310721164134389e-06, 'epoch': 0.02}
{'loss': 0.9966, 'grad_norm': 3.175947904586792, 'learning_rate': 6.312861117055425e-06, 'epoch': 0.02}
{'loss': 1.0748, 'grad_norm': 3.0213301181793213, 'learning_rate': 6.3150010699764605e-06, 'epoch': 0.02}
{'loss': 0.9773, 'grad_norm': 2.983949661254883, 'learning_rate': 6.3171410228974975e-06, 'epoch': 0.02}
{'loss': 0.8936, 'grad_norm': 3.375370502471924, 'learning_rate': 6.319280975818533e-06, 'epoch': 0.02}
{'loss': 1.0023, 'grad_norm': 2.8584556579589844, 'learning_rate': 6.321420928739568e-06, 'epoch': 0.02}
{'loss': 1.1949, 'grad_norm': 3.1182713508605957, 'learning_rate': 6.323560881660604e-06, 'epoch': 0.02}
{'loss': 0.6423, 'grad_norm': 2.319364309310913, 'learning_rate': 6.3257008345816394e-06, 'epoch': 0.02}
{'loss': 1.1056, 'grad_norm': 3.0072250366210938, 'learning_rate': 6.3278407875026756e-06, 'epoch': 0.02}
{'loss': 0.9325, 'grad_norm': 3.0709152221679688, 'learning_rate': 6.329980740423711e-06, 'epoch': 0.02}
{'loss': 0.937, 'grad_norm': 3.6331303119659424, 'learning_rate': 6.332120693344747e-06, 'epoch': 0.02}
{'loss': 1.0987, 'grad_norm': 3.191984176635742, 'learning_rate': 6.334260646265783e-06, 'epoch': 0.02}
{'loss': 1.0534, 'grad_norm': 3.174860954284668, 'learning_rate': 6.336400599186818e-06, 'epoch': 0.02}
{'loss': 1.0762, 'grad_norm': 3.149914026260376, 'learning_rate': 6.3385405521078545e-06, 'epoch': 0.02}
{'loss': 0.928, 'grad_norm': 2.9494996070861816, 'learning_rate': 6.34068050502889e-06, 'epoch': 0.02}
{'loss': 0.9094, 'grad_norm': 3.0019683837890625, 'learning_rate': 6.342820457949925e-06, 'epoch': 0.02}
{'loss': 0.9523, 'grad_norm': 2.8974967002868652, 'learning_rate': 6.344960410870962e-06, 'epoch': 0.02}
{'loss': 0.9177, 'grad_norm': 2.9014549255371094, 'learning_rate': 6.347100363791997e-06, 'epoch': 0.02}
{'loss': 0.9129, 'grad_norm': 2.7323343753814697, 'learning_rate': 6.349240316713033e-06, 'epoch': 0.02}
{'loss': 1.1152, 'grad_norm': 3.153193235397339, 'learning_rate': 6.351380269634069e-06, 'epoch': 0.02}
{'loss': 1.0534, 'grad_norm': 3.3374993801116943, 'learning_rate': 6.353520222555104e-06, 'epoch': 0.02}
{'loss': 0.9386, 'grad_norm': 2.8058087825775146, 'learning_rate': 6.35566017547614e-06, 'epoch': 0.02}
{'loss': 0.9983, 'grad_norm': 2.8472437858581543, 'learning_rate': 6.357800128397175e-06, 'epoch': 0.02}
{'loss': 1.1, 'grad_norm': 2.8162879943847656, 'learning_rate': 6.359940081318211e-06, 'epoch': 0.02}
{'loss': 1.0424, 'grad_norm': 3.4206156730651855, 'learning_rate': 6.362080034239248e-06, 'epoch': 0.02}
{'loss': 0.986, 'grad_norm': 3.2493088245391846, 'learning_rate': 6.364219987160283e-06, 'epoch': 0.02}
{'loss': 1.0101, 'grad_norm': 3.1033425331115723, 'learning_rate': 6.366359940081319e-06, 'epoch': 0.02}
{'loss': 1.1136, 'grad_norm': 3.0542211532592773, 'learning_rate': 6.368499893002354e-06, 'epoch': 0.02}
{'loss': 1.0762, 'grad_norm': 3.3762784004211426, 'learning_rate': 6.37063984592339e-06, 'epoch': 0.02}
{'loss': 0.9419, 'grad_norm': 2.8006961345672607, 'learning_rate': 6.372779798844427e-06, 'epoch': 0.02}
{'loss': 1.3719, 'grad_norm': 3.5314714908599854, 'learning_rate': 6.374919751765462e-06, 'epoch': 0.02}
{'loss': 0.9181, 'grad_norm': 3.030733585357666, 'learning_rate': 6.377059704686498e-06, 'epoch': 0.02}
{'loss': 1.0258, 'grad_norm': 3.2151496410369873, 'learning_rate': 6.379199657607533e-06, 'epoch': 0.02}
{'loss': 1.2525, 'grad_norm': 3.4223499298095703, 'learning_rate': 6.381339610528569e-06, 'epoch': 0.02}
{'loss': 1.0648, 'grad_norm': 2.9545469284057617, 'learning_rate': 6.383479563449605e-06, 'epoch': 0.02}
{'loss': 0.8031, 'grad_norm': 2.779113531112671, 'learning_rate': 6.38561951637064e-06, 'epoch': 0.02}
{'loss': 1.1578, 'grad_norm': 3.2277700901031494, 'learning_rate': 6.387759469291675e-06, 'epoch': 0.02}
{'loss': 0.9497, 'grad_norm': 3.0308163166046143, 'learning_rate': 6.389899422212712e-06, 'epoch': 0.02}
{'loss': 0.9226, 'grad_norm': 2.951662302017212, 'learning_rate': 6.3920393751337475e-06, 'epoch': 0.02}
{'loss': 1.207, 'grad_norm': 3.8877153396606445, 'learning_rate': 6.394179328054784e-06, 'epoch': 0.02}
{'loss': 1.0428, 'grad_norm': 3.239971876144409, 'learning_rate': 6.396319280975819e-06, 'epoch': 0.02}
{'loss': 0.9987, 'grad_norm': 3.2115609645843506, 'learning_rate': 6.398459233896854e-06, 'epoch': 0.02}
{'loss': 1.0718, 'grad_norm': 2.95847749710083, 'learning_rate': 6.40059918681789e-06, 'epoch': 0.02}
{'loss': 1.3566, 'grad_norm': 3.1627252101898193, 'learning_rate': 6.402739139738926e-06, 'epoch': 0.02}
{'loss': 1.0856, 'grad_norm': 3.225719690322876, 'learning_rate': 6.404879092659963e-06, 'epoch': 0.02}
{'loss': 0.9936, 'grad_norm': 2.999788522720337, 'learning_rate': 6.407019045580998e-06, 'epoch': 0.02}
{'loss': 1.1277, 'grad_norm': 3.4982192516326904, 'learning_rate': 6.409158998502033e-06, 'epoch': 0.02}
{'loss': 1.1109, 'grad_norm': 3.2723519802093506, 'learning_rate': 6.411298951423069e-06, 'epoch': 0.02}
{'loss': 0.98, 'grad_norm': 3.197477340698242, 'learning_rate': 6.4134389043441046e-06, 'epoch': 0.02}
{'loss': 0.9428, 'grad_norm': 3.090729236602783, 'learning_rate': 6.4155788572651415e-06, 'epoch': 0.02}
{'loss': 0.9385, 'grad_norm': 2.7718968391418457, 'learning_rate': 6.417718810186177e-06, 'epoch': 0.02}
{'loss': 0.9569, 'grad_norm': 3.004955768585205, 'learning_rate': 6.419858763107212e-06, 'epoch': 0.02}
{'loss': 1.084, 'grad_norm': 3.086790084838867, 'learning_rate': 6.421998716028248e-06, 'epoch': 0.02}
{'loss': 1.0083, 'grad_norm': 2.8910021781921387, 'learning_rate': 6.4241386689492835e-06, 'epoch': 0.02}
{'loss': 0.9648, 'grad_norm': 2.781303644180298, 'learning_rate': 6.42627862187032e-06, 'epoch': 0.02}
{'loss': 1.0521, 'grad_norm': 3.2491953372955322, 'learning_rate': 6.428418574791355e-06, 'epoch': 0.02}
{'loss': 0.654, 'grad_norm': 2.338972806930542, 'learning_rate': 6.43055852771239e-06, 'epoch': 0.02}
{'loss': 1.0311, 'grad_norm': 3.3595635890960693, 'learning_rate': 6.432698480633427e-06, 'epoch': 0.02}
{'loss': 0.8206, 'grad_norm': 3.094953775405884, 'learning_rate': 6.4348384335544624e-06, 'epoch': 0.02}
{'loss': 0.7451, 'grad_norm': 2.084071397781372, 'learning_rate': 6.436978386475498e-06, 'epoch': 0.02}
{'loss': 1.1988, 'grad_norm': 3.2100167274475098, 'learning_rate': 6.439118339396534e-06, 'epoch': 0.02}
{'loss': 1.0532, 'grad_norm': 3.2047674655914307, 'learning_rate': 6.441258292317569e-06, 'epoch': 0.02}
{'loss': 1.1129, 'grad_norm': 2.9911725521087646, 'learning_rate': 6.443398245238606e-06, 'epoch': 0.02}
{'loss': 1.1198, 'grad_norm': 3.359133720397949, 'learning_rate': 6.445538198159641e-06, 'epoch': 0.02}
{'loss': 0.9225, 'grad_norm': 2.890960931777954, 'learning_rate': 6.447678151080677e-06, 'epoch': 0.02}
{'loss': 0.8301, 'grad_norm': 2.8394815921783447, 'learning_rate': 6.449818104001713e-06, 'epoch': 0.02}
{'loss': 0.8729, 'grad_norm': 2.8298301696777344, 'learning_rate': 6.451958056922748e-06, 'epoch': 0.02}
{'loss': 1.0814, 'grad_norm': 3.007152557373047, 'learning_rate': 6.454098009843784e-06, 'epoch': 0.02}
{'loss': 0.7728, 'grad_norm': 3.0003998279571533, 'learning_rate': 6.4562379627648195e-06, 'epoch': 0.02}
{'loss': 1.0015, 'grad_norm': 2.690481185913086, 'learning_rate': 6.458377915685855e-06, 'epoch': 0.02}
{'loss': 0.8359, 'grad_norm': 3.0082976818084717, 'learning_rate': 6.460517868606892e-06, 'epoch': 0.02}
{'loss': 0.8189, 'grad_norm': 2.616487741470337, 'learning_rate': 6.462657821527927e-06, 'epoch': 0.02}
{'loss': 1.0442, 'grad_norm': 3.1306796073913574, 'learning_rate': 6.464797774448963e-06, 'epoch': 0.02}
{'loss': 1.2612, 'grad_norm': 3.215609550476074, 'learning_rate': 6.466937727369998e-06, 'epoch': 0.02}
{'loss': 1.3098, 'grad_norm': 3.0758728981018066, 'learning_rate': 6.469077680291034e-06, 'epoch': 0.02}
{'loss': 1.1239, 'grad_norm': 2.4944541454315186, 'learning_rate': 6.47121763321207e-06, 'epoch': 0.02}
{'loss': 1.0435, 'grad_norm': 3.1265645027160645, 'learning_rate': 6.473357586133105e-06, 'epoch': 0.02}
{'loss': 1.0715, 'grad_norm': 3.202608108520508, 'learning_rate': 6.47549753905414e-06, 'epoch': 0.02}
{'loss': 0.9544, 'grad_norm': 2.6000685691833496, 'learning_rate': 6.477637491975177e-06, 'epoch': 0.02}
{'loss': 1.0561, 'grad_norm': 3.0889594554901123, 'learning_rate': 6.479777444896213e-06, 'epoch': 0.02}
{'loss': 0.9091, 'grad_norm': 3.0130534172058105, 'learning_rate': 6.481917397817249e-06, 'epoch': 0.02}
{'loss': 0.7913, 'grad_norm': 2.8554165363311768, 'learning_rate': 6.484057350738284e-06, 'epoch': 0.02}
{'loss': 0.8377, 'grad_norm': 2.7293519973754883, 'learning_rate': 6.486197303659319e-06, 'epoch': 0.02}
{'loss': 0.9443, 'grad_norm': 3.0089704990386963, 'learning_rate': 6.488337256580356e-06, 'epoch': 0.02}
{'loss': 0.8905, 'grad_norm': 2.759897232055664, 'learning_rate': 6.490477209501392e-06, 'epoch': 0.02}
{'loss': 1.1829, 'grad_norm': 3.5729634761810303, 'learning_rate': 6.492617162422428e-06, 'epoch': 0.02}
{'loss': 0.9499, 'grad_norm': 3.130798816680908, 'learning_rate': 6.494757115343463e-06, 'epoch': 0.02}
{'loss': 0.9243, 'grad_norm': 3.268566608428955, 'learning_rate': 6.496897068264498e-06, 'epoch': 0.02}
{'loss': 0.9587, 'grad_norm': 2.977173089981079, 'learning_rate': 6.499037021185534e-06, 'epoch': 0.02}
{'loss': 0.9604, 'grad_norm': 2.8631186485290527, 'learning_rate': 6.50117697410657e-06, 'epoch': 0.02}
{'loss': 0.9114, 'grad_norm': 3.0778543949127197, 'learning_rate': 6.503316927027607e-06, 'epoch': 0.02}
{'loss': 0.9105, 'grad_norm': 2.8298943042755127, 'learning_rate': 6.505456879948642e-06, 'epoch': 0.02}
{'loss': 0.8488, 'grad_norm': 2.872617721557617, 'learning_rate': 6.507596832869677e-06, 'epoch': 0.02}
{'loss': 1.0002, 'grad_norm': 3.07523775100708, 'learning_rate': 6.509736785790713e-06, 'epoch': 0.02}
{'loss': 1.1277, 'grad_norm': 3.330451488494873, 'learning_rate': 6.511876738711749e-06, 'epoch': 0.02}
{'loss': 0.8563, 'grad_norm': 2.8090319633483887, 'learning_rate': 6.514016691632785e-06, 'epoch': 0.02}
{'loss': 0.9593, 'grad_norm': 2.8832898139953613, 'learning_rate': 6.516156644553821e-06, 'epoch': 0.02}
{'loss': 0.6688, 'grad_norm': 2.8775832653045654, 'learning_rate': 6.518296597474856e-06, 'epoch': 0.02}
{'loss': 0.7788, 'grad_norm': 2.751499652862549, 'learning_rate': 6.520436550395892e-06, 'epoch': 0.02}
{'loss': 0.9281, 'grad_norm': 3.323896646499634, 'learning_rate': 6.5225765033169276e-06, 'epoch': 0.02}
{'loss': 0.9347, 'grad_norm': 2.9230918884277344, 'learning_rate': 6.524716456237963e-06, 'epoch': 0.02}
{'loss': 0.8276, 'grad_norm': 3.0238842964172363, 'learning_rate': 6.526856409158999e-06, 'epoch': 0.02}
{'loss': 1.208, 'grad_norm': 2.9741251468658447, 'learning_rate': 6.528996362080034e-06, 'epoch': 0.02}
{'loss': 1.0852, 'grad_norm': 3.0305662155151367, 'learning_rate': 6.531136315001071e-06, 'epoch': 0.02}
{'loss': 0.9805, 'grad_norm': 3.2276270389556885, 'learning_rate': 6.5332762679221065e-06, 'epoch': 0.02}
{'loss': 1.1604, 'grad_norm': 3.391056776046753, 'learning_rate': 6.535416220843142e-06, 'epoch': 0.02}
{'loss': 0.9995, 'grad_norm': 3.074265241622925, 'learning_rate': 6.537556173764178e-06, 'epoch': 0.02}
{'loss': 1.0039, 'grad_norm': 2.95801043510437, 'learning_rate': 6.539696126685213e-06, 'epoch': 0.02}
{'loss': 1.0481, 'grad_norm': 2.9302282333374023, 'learning_rate': 6.541836079606249e-06, 'epoch': 0.02}
{'loss': 1.1358, 'grad_norm': 3.520332098007202, 'learning_rate': 6.543976032527285e-06, 'epoch': 0.02}
{'loss': 1.1994, 'grad_norm': 3.1100854873657227, 'learning_rate': 6.54611598544832e-06, 'epoch': 0.02}
{'loss': 0.9094, 'grad_norm': 2.5353097915649414, 'learning_rate': 6.548255938369357e-06, 'epoch': 0.02}
{'loss': 1.0886, 'grad_norm': 3.226926326751709, 'learning_rate': 6.550395891290392e-06, 'epoch': 0.02}
{'loss': 1.1572, 'grad_norm': 3.2845184803009033, 'learning_rate': 6.552535844211428e-06, 'epoch': 0.02}
{'loss': 1.1036, 'grad_norm': 2.9428164958953857, 'learning_rate': 6.5546757971324635e-06, 'epoch': 0.02}
{'loss': 1.0973, 'grad_norm': 2.896009922027588, 'learning_rate': 6.556815750053499e-06, 'epoch': 0.02}
{'loss': 0.9828, 'grad_norm': 3.0197460651397705, 'learning_rate': 6.558955702974536e-06, 'epoch': 0.02}
{'loss': 0.9649, 'grad_norm': 2.951599597930908, 'learning_rate': 6.561095655895571e-06, 'epoch': 0.02}
{'loss': 1.0498, 'grad_norm': 2.8597989082336426, 'learning_rate': 6.563235608816606e-06, 'epoch': 0.02}
{'loss': 0.9051, 'grad_norm': 2.726954936981201, 'learning_rate': 6.5653755617376425e-06, 'epoch': 0.02}
{'loss': 1.1304, 'grad_norm': 3.062802314758301, 'learning_rate': 6.567515514658678e-06, 'epoch': 0.02}
{'loss': 0.7437, 'grad_norm': 2.3572983741760254, 'learning_rate': 6.569655467579714e-06, 'epoch': 0.02}
{'loss': 1.0207, 'grad_norm': 3.0316178798675537, 'learning_rate': 6.571795420500749e-06, 'epoch': 0.02}
{'loss': 0.9045, 'grad_norm': 2.8015952110290527, 'learning_rate': 6.5739353734217845e-06, 'epoch': 0.02}
{'loss': 1.1714, 'grad_norm': 3.333803653717041, 'learning_rate': 6.5760753263428214e-06, 'epoch': 0.02}
{'loss': 1.0565, 'grad_norm': 2.8483784198760986, 'learning_rate': 6.578215279263857e-06, 'epoch': 0.02}
{'loss': 1.0531, 'grad_norm': 2.9593634605407715, 'learning_rate': 6.580355232184893e-06, 'epoch': 0.02}
{'loss': 1.0442, 'grad_norm': 2.830580949783325, 'learning_rate': 6.582495185105928e-06, 'epoch': 0.02}
{'loss': 0.8148, 'grad_norm': 2.7855074405670166, 'learning_rate': 6.584635138026963e-06, 'epoch': 0.02}
{'loss': 1.1166, 'grad_norm': 3.125093936920166, 'learning_rate': 6.5867750909479995e-06, 'epoch': 0.02}
{'loss': 1.0369, 'grad_norm': 3.3980014324188232, 'learning_rate': 6.588915043869036e-06, 'epoch': 0.02}
{'loss': 1.1333, 'grad_norm': 3.4022932052612305, 'learning_rate': 6.591054996790072e-06, 'epoch': 0.02}
{'loss': 0.8466, 'grad_norm': 2.770338296890259, 'learning_rate': 6.593194949711107e-06, 'epoch': 0.02}
{'loss': 0.9174, 'grad_norm': 2.9960403442382812, 'learning_rate': 6.595334902632142e-06, 'epoch': 0.02}
{'loss': 0.8029, 'grad_norm': 2.890770435333252, 'learning_rate': 6.5974748555531785e-06, 'epoch': 0.02}
{'loss': 0.9311, 'grad_norm': 3.193464517593384, 'learning_rate': 6.599614808474214e-06, 'epoch': 0.02}
{'loss': 0.9258, 'grad_norm': 2.8856539726257324, 'learning_rate': 6.601754761395249e-06, 'epoch': 0.02}
{'loss': 0.7855, 'grad_norm': 2.5181562900543213, 'learning_rate': 6.603894714316286e-06, 'epoch': 0.02}
{'loss': 0.9302, 'grad_norm': 2.6924445629119873, 'learning_rate': 6.606034667237321e-06, 'epoch': 0.02}
{'loss': 0.8116, 'grad_norm': 2.797386884689331, 'learning_rate': 6.608174620158357e-06, 'epoch': 0.02}
{'loss': 1.1293, 'grad_norm': 3.111919403076172, 'learning_rate': 6.610314573079393e-06, 'epoch': 0.02}
{'loss': 0.9656, 'grad_norm': 2.9539334774017334, 'learning_rate': 6.612454526000428e-06, 'epoch': 0.02}
{'loss': 0.9749, 'grad_norm': 2.820868730545044, 'learning_rate': 6.614594478921464e-06, 'epoch': 0.02}
{'loss': 0.9691, 'grad_norm': 3.0161848068237305, 'learning_rate': 6.616734431842499e-06, 'epoch': 0.02}
{'loss': 1.0016, 'grad_norm': 3.076184034347534, 'learning_rate': 6.618874384763536e-06, 'epoch': 0.02}
{'loss': 0.9343, 'grad_norm': 2.831876277923584, 'learning_rate': 6.621014337684572e-06, 'epoch': 0.02}
{'loss': 0.9653, 'grad_norm': 2.884380578994751, 'learning_rate': 6.623154290605607e-06, 'epoch': 0.02}
{'loss': 1.1169, 'grad_norm': 3.1647677421569824, 'learning_rate': 6.625294243526643e-06, 'epoch': 0.02}
{'loss': 1.0213, 'grad_norm': 3.1265194416046143, 'learning_rate': 6.627434196447678e-06, 'epoch': 0.02}
{'loss': 1.0664, 'grad_norm': 3.2065162658691406, 'learning_rate': 6.629574149368715e-06, 'epoch': 0.02}
{'loss': 0.9789, 'grad_norm': 2.761697769165039, 'learning_rate': 6.6317141022897506e-06, 'epoch': 0.02}
{'loss': 0.9415, 'grad_norm': 2.6055569648742676, 'learning_rate': 6.633854055210786e-06, 'epoch': 0.02}
{'loss': 0.9765, 'grad_norm': 3.034874677658081, 'learning_rate': 6.635994008131822e-06, 'epoch': 0.02}
{'loss': 1.2441, 'grad_norm': 3.000643730163574, 'learning_rate': 6.638133961052857e-06, 'epoch': 0.02}
{'loss': 1.0752, 'grad_norm': 3.325120687484741, 'learning_rate': 6.640273913973893e-06, 'epoch': 0.02}
{'loss': 0.9816, 'grad_norm': 2.9590466022491455, 'learning_rate': 6.642413866894929e-06, 'epoch': 0.02}
{'loss': 1.2693, 'grad_norm': 3.566309928894043, 'learning_rate': 6.644553819815964e-06, 'epoch': 0.02}
{'loss': 0.8471, 'grad_norm': 2.8657097816467285, 'learning_rate': 6.646693772737001e-06, 'epoch': 0.02}
{'loss': 1.0422, 'grad_norm': 2.8880815505981445, 'learning_rate': 6.648833725658036e-06, 'epoch': 0.02}
{'loss': 1.0782, 'grad_norm': 2.756577730178833, 'learning_rate': 6.6509736785790715e-06, 'epoch': 0.02}
{'loss': 0.9975, 'grad_norm': 3.0203332901000977, 'learning_rate': 6.653113631500108e-06, 'epoch': 0.02}
{'loss': 0.8509, 'grad_norm': 2.913602828979492, 'learning_rate': 6.655253584421143e-06, 'epoch': 0.02}
{'loss': 1.0383, 'grad_norm': 2.9033939838409424, 'learning_rate': 6.657393537342179e-06, 'epoch': 0.02}
{'loss': 0.8703, 'grad_norm': 2.8542938232421875, 'learning_rate': 6.659533490263214e-06, 'epoch': 0.02}
{'loss': 1.2269, 'grad_norm': 2.893343687057495, 'learning_rate': 6.6616734431842504e-06, 'epoch': 0.02}
{'loss': 1.048, 'grad_norm': 2.850612163543701, 'learning_rate': 6.6638133961052866e-06, 'epoch': 0.02}
{'loss': 1.002, 'grad_norm': 3.0056211948394775, 'learning_rate': 6.665953349026322e-06, 'epoch': 0.02}
{'loss': 1.1108, 'grad_norm': 3.0583231449127197, 'learning_rate': 6.668093301947358e-06, 'epoch': 0.02}
{'loss': 0.833, 'grad_norm': 2.7546820640563965, 'learning_rate': 6.670233254868393e-06, 'epoch': 0.02}
{'loss': 0.7584, 'grad_norm': 2.4689674377441406, 'learning_rate': 6.6723732077894285e-06, 'epoch': 0.02}
{'loss': 0.9642, 'grad_norm': 2.9606051445007324, 'learning_rate': 6.6745131607104655e-06, 'epoch': 0.02}
{'loss': 0.9274, 'grad_norm': 2.613492012023926, 'learning_rate': 6.676653113631501e-06, 'epoch': 0.02}
{'loss': 0.8562, 'grad_norm': 2.621572971343994, 'learning_rate': 6.678793066552537e-06, 'epoch': 0.02}
{'loss': 0.967, 'grad_norm': 2.9528942108154297, 'learning_rate': 6.680933019473572e-06, 'epoch': 0.02}
{'loss': 1.0051, 'grad_norm': 3.2760000228881836, 'learning_rate': 6.6830729723946075e-06, 'epoch': 0.02}
{'loss': 1.0713, 'grad_norm': 3.137644052505493, 'learning_rate': 6.685212925315644e-06, 'epoch': 0.02}
{'loss': 0.9931, 'grad_norm': 2.9714205265045166, 'learning_rate': 6.687352878236679e-06, 'epoch': 0.02}
{'loss': 0.9872, 'grad_norm': 2.7727675437927246, 'learning_rate': 6.689492831157714e-06, 'epoch': 0.02}
{'loss': 0.8476, 'grad_norm': 3.1304142475128174, 'learning_rate': 6.691632784078751e-06, 'epoch': 0.02}
{'loss': 1.1074, 'grad_norm': 3.0998916625976562, 'learning_rate': 6.693772736999786e-06, 'epoch': 0.02}
{'loss': 0.8654, 'grad_norm': 2.5984814167022705, 'learning_rate': 6.6959126899208225e-06, 'epoch': 0.02}
{'loss': 1.1085, 'grad_norm': 3.104658603668213, 'learning_rate': 6.698052642841858e-06, 'epoch': 0.02}
{'loss': 1.0628, 'grad_norm': 3.003647804260254, 'learning_rate': 6.700192595762893e-06, 'epoch': 0.02}
{'loss': 1.0027, 'grad_norm': 2.922930955886841, 'learning_rate': 6.70233254868393e-06, 'epoch': 0.02}
{'loss': 1.1018, 'grad_norm': 2.986679792404175, 'learning_rate': 6.704472501604965e-06, 'epoch': 0.02}
{'loss': 1.0358, 'grad_norm': 2.9888148307800293, 'learning_rate': 6.7066124545260015e-06, 'epoch': 0.02}
{'loss': 1.0, 'grad_norm': 2.9872686862945557, 'learning_rate': 6.708752407447037e-06, 'epoch': 0.02}
{'loss': 1.0788, 'grad_norm': 3.1895503997802734, 'learning_rate': 6.710892360368072e-06, 'epoch': 0.02}
{'loss': 1.1164, 'grad_norm': 2.988485813140869, 'learning_rate': 6.713032313289108e-06, 'epoch': 0.02}
{'loss': 1.0638, 'grad_norm': 2.8988490104675293, 'learning_rate': 6.7151722662101434e-06, 'epoch': 0.02}
{'loss': 1.2154, 'grad_norm': 3.305358409881592, 'learning_rate': 6.71731221913118e-06, 'epoch': 0.02}
{'loss': 0.981, 'grad_norm': 2.8124136924743652, 'learning_rate': 6.719452172052216e-06, 'epoch': 0.02}
{'loss': 0.847, 'grad_norm': 2.7069835662841797, 'learning_rate': 6.721592124973251e-06, 'epoch': 0.02}
{'loss': 1.0088, 'grad_norm': 3.1607766151428223, 'learning_rate': 6.723732077894287e-06, 'epoch': 0.02}
{'loss': 1.0274, 'grad_norm': 2.9242396354675293, 'learning_rate': 6.725872030815322e-06, 'epoch': 0.02}
{'loss': 0.7939, 'grad_norm': 2.8366730213165283, 'learning_rate': 6.7280119837363585e-06, 'epoch': 0.02}
{'loss': 0.9554, 'grad_norm': 2.7886829376220703, 'learning_rate': 6.730151936657394e-06, 'epoch': 0.02}
{'loss': 0.964, 'grad_norm': 2.98659086227417, 'learning_rate': 6.732291889578429e-06, 'epoch': 0.02}
{'loss': 0.8917, 'grad_norm': 2.7718985080718994, 'learning_rate': 6.734431842499466e-06, 'epoch': 0.02}
{'loss': 1.1936, 'grad_norm': 3.004589557647705, 'learning_rate': 6.736571795420501e-06, 'epoch': 0.02}
{'loss': 0.8818, 'grad_norm': 2.9468166828155518, 'learning_rate': 6.738711748341537e-06, 'epoch': 0.02}
{'loss': 1.0167, 'grad_norm': 3.406351327896118, 'learning_rate': 6.740851701262573e-06, 'epoch': 0.02}
{'loss': 1.1638, 'grad_norm': 2.849369764328003, 'learning_rate': 6.742991654183608e-06, 'epoch': 0.02}
{'loss': 0.9793, 'grad_norm': 3.2812182903289795, 'learning_rate': 6.745131607104645e-06, 'epoch': 0.02}
{'loss': 0.8992, 'grad_norm': 2.774831533432007, 'learning_rate': 6.74727156002568e-06, 'epoch': 0.02}
{'loss': 1.157, 'grad_norm': 3.4103169441223145, 'learning_rate': 6.7494115129467156e-06, 'epoch': 0.02}
{'loss': 0.9199, 'grad_norm': 2.8366565704345703, 'learning_rate': 6.751551465867752e-06, 'epoch': 0.02}
{'loss': 0.8616, 'grad_norm': 3.130094289779663, 'learning_rate': 6.753691418788787e-06, 'epoch': 0.02}
{'loss': 0.9487, 'grad_norm': 3.1137232780456543, 'learning_rate': 6.755831371709823e-06, 'epoch': 0.02}
{'loss': 0.7705, 'grad_norm': 2.6485953330993652, 'learning_rate': 6.757971324630858e-06, 'epoch': 0.02}
{'loss': 1.1498, 'grad_norm': 3.2167601585388184, 'learning_rate': 6.760111277551894e-06, 'epoch': 0.02}
{'loss': 0.9638, 'grad_norm': 3.1859776973724365, 'learning_rate': 6.762251230472931e-06, 'epoch': 0.02}
{'loss': 1.0136, 'grad_norm': 3.166590929031372, 'learning_rate': 6.764391183393966e-06, 'epoch': 0.02}
{'loss': 1.0099, 'grad_norm': 3.0102767944335938, 'learning_rate': 6.766531136315002e-06, 'epoch': 0.02}
{'loss': 1.1185, 'grad_norm': 3.03340220451355, 'learning_rate': 6.768671089236037e-06, 'epoch': 0.02}
{'loss': 1.0405, 'grad_norm': 3.0314950942993164, 'learning_rate': 6.770811042157073e-06, 'epoch': 0.02}
{'loss': 0.9217, 'grad_norm': 2.8026204109191895, 'learning_rate': 6.7729509950781096e-06, 'epoch': 0.02}
{'loss': 0.7238, 'grad_norm': 2.1390633583068848, 'learning_rate': 6.775090947999145e-06, 'epoch': 0.02}
{'loss': 0.9376, 'grad_norm': 2.662416934967041, 'learning_rate': 6.77723090092018e-06, 'epoch': 0.02}
{'loss': 1.0072, 'grad_norm': 2.6292014122009277, 'learning_rate': 6.779370853841216e-06, 'epoch': 0.02}
{'loss': 1.1235, 'grad_norm': 3.3973119258880615, 'learning_rate': 6.7815108067622515e-06, 'epoch': 0.02}
{'loss': 0.7386, 'grad_norm': 2.5770819187164307, 'learning_rate': 6.783650759683288e-06, 'epoch': 0.02}
{'loss': 1.101, 'grad_norm': 3.2856454849243164, 'learning_rate': 6.785790712604323e-06, 'epoch': 0.02}
{'loss': 0.9229, 'grad_norm': 2.7641117572784424, 'learning_rate': 6.787930665525358e-06, 'epoch': 0.02}
{'loss': 0.8345, 'grad_norm': 2.73752498626709, 'learning_rate': 6.790070618446395e-06, 'epoch': 0.02}
{'loss': 0.9222, 'grad_norm': 3.1145541667938232, 'learning_rate': 6.7922105713674305e-06, 'epoch': 0.02}
{'loss': 1.091, 'grad_norm': 2.943183660507202, 'learning_rate': 6.794350524288467e-06, 'epoch': 0.02}
{'loss': 0.9735, 'grad_norm': 3.22591495513916, 'learning_rate': 6.796490477209502e-06, 'epoch': 0.02}
{'loss': 1.0089, 'grad_norm': 2.8640315532684326, 'learning_rate': 6.798630430130537e-06, 'epoch': 0.02}
{'loss': 1.055, 'grad_norm': 2.9812848567962646, 'learning_rate': 6.800770383051573e-06, 'epoch': 0.02}
{'loss': 1.0307, 'grad_norm': 3.1269466876983643, 'learning_rate': 6.8029103359726086e-06, 'epoch': 0.02}
{'loss': 0.9978, 'grad_norm': 3.3841607570648193, 'learning_rate': 6.8050502888936455e-06, 'epoch': 0.02}
{'loss': 1.12, 'grad_norm': 3.306457281112671, 'learning_rate': 6.807190241814681e-06, 'epoch': 0.02}
{'loss': 0.9986, 'grad_norm': 2.768369674682617, 'learning_rate': 6.809330194735716e-06, 'epoch': 0.02}
{'loss': 0.8759, 'grad_norm': 2.8205721378326416, 'learning_rate': 6.811470147656752e-06, 'epoch': 0.02}
{'loss': 0.8556, 'grad_norm': 2.886087656021118, 'learning_rate': 6.8136101005777875e-06, 'epoch': 0.02}
{'loss': 0.9321, 'grad_norm': 3.206117630004883, 'learning_rate': 6.8157500534988245e-06, 'epoch': 0.02}
{'loss': 0.9722, 'grad_norm': 2.9396674633026123, 'learning_rate': 6.81789000641986e-06, 'epoch': 0.02}
{'loss': 1.1268, 'grad_norm': 3.107952356338501, 'learning_rate': 6.820029959340895e-06, 'epoch': 0.02}
{'loss': 1.0163, 'grad_norm': 3.2098910808563232, 'learning_rate': 6.822169912261931e-06, 'epoch': 0.02}
{'loss': 0.9915, 'grad_norm': 2.8003365993499756, 'learning_rate': 6.8243098651829665e-06, 'epoch': 0.02}
{'loss': 1.0484, 'grad_norm': 3.1497747898101807, 'learning_rate': 6.826449818104002e-06, 'epoch': 0.02}
{'loss': 1.0919, 'grad_norm': 2.731038808822632, 'learning_rate': 6.828589771025038e-06, 'epoch': 0.02}
{'loss': 0.9311, 'grad_norm': 3.0526793003082275, 'learning_rate': 6.830729723946073e-06, 'epoch': 0.02}
{'loss': 1.0573, 'grad_norm': 3.16823148727417, 'learning_rate': 6.83286967686711e-06, 'epoch': 0.02}
{'loss': 0.9609, 'grad_norm': 2.918381452560425, 'learning_rate': 6.835009629788145e-06, 'epoch': 0.02}
{'loss': 0.9808, 'grad_norm': 2.6912405490875244, 'learning_rate': 6.837149582709181e-06, 'epoch': 0.02}
{'loss': 1.0101, 'grad_norm': 3.2915217876434326, 'learning_rate': 6.839289535630217e-06, 'epoch': 0.02}
{'loss': 0.9266, 'grad_norm': 3.0476295948028564, 'learning_rate': 6.841429488551252e-06, 'epoch': 0.02}
{'loss': 0.9104, 'grad_norm': 2.9623594284057617, 'learning_rate': 6.843569441472288e-06, 'epoch': 0.02}
{'loss': 1.0273, 'grad_norm': 3.0312294960021973, 'learning_rate': 6.845709394393324e-06, 'epoch': 0.02}
{'loss': 1.1015, 'grad_norm': 3.046414375305176, 'learning_rate': 6.84784934731436e-06, 'epoch': 0.02}
{'loss': 0.8539, 'grad_norm': 2.8188581466674805, 'learning_rate': 6.849989300235396e-06, 'epoch': 0.02}
{'loss': 1.0565, 'grad_norm': 3.3761188983917236, 'learning_rate': 6.852129253156431e-06, 'epoch': 0.02}
{'loss': 0.767, 'grad_norm': 2.8704874515533447, 'learning_rate': 6.854269206077467e-06, 'epoch': 0.02}
{'loss': 1.1665, 'grad_norm': 3.1668620109558105, 'learning_rate': 6.8564091589985024e-06, 'epoch': 0.02}
{'loss': 1.1046, 'grad_norm': 3.269678831100464, 'learning_rate': 6.858549111919538e-06, 'epoch': 0.02}
{'loss': 1.0586, 'grad_norm': 3.3792145252227783, 'learning_rate': 6.860689064840575e-06, 'epoch': 0.02}
{'loss': 1.0207, 'grad_norm': 3.3533122539520264, 'learning_rate': 6.86282901776161e-06, 'epoch': 0.02}
{'loss': 1.0317, 'grad_norm': 3.3174173831939697, 'learning_rate': 6.864968970682645e-06, 'epoch': 0.02}
{'loss': 0.8686, 'grad_norm': 3.492258310317993, 'learning_rate': 6.867108923603681e-06, 'epoch': 0.02}
{'loss': 1.1881, 'grad_norm': 3.2770025730133057, 'learning_rate': 6.869248876524717e-06, 'epoch': 0.02}
{'loss': 1.1671, 'grad_norm': 3.155412435531616, 'learning_rate': 6.871388829445753e-06, 'epoch': 0.02}
{'loss': 1.3219, 'grad_norm': 3.249385356903076, 'learning_rate': 6.873528782366788e-06, 'epoch': 0.02}
{'loss': 1.0677, 'grad_norm': 3.0005602836608887, 'learning_rate': 6.875668735287823e-06, 'epoch': 0.02}
{'loss': 0.8754, 'grad_norm': 2.9359071254730225, 'learning_rate': 6.87780868820886e-06, 'epoch': 0.02}
{'loss': 0.9619, 'grad_norm': 3.002295970916748, 'learning_rate': 6.879948641129896e-06, 'epoch': 0.02}
{'loss': 1.0994, 'grad_norm': 3.4948019981384277, 'learning_rate': 6.882088594050932e-06, 'epoch': 0.02}
{'loss': 1.0338, 'grad_norm': 3.3114676475524902, 'learning_rate': 6.884228546971967e-06, 'epoch': 0.02}
{'loss': 0.7965, 'grad_norm': 2.9834718704223633, 'learning_rate': 6.886368499893002e-06, 'epoch': 0.02}
{'loss': 1.1165, 'grad_norm': 2.858487129211426, 'learning_rate': 6.888508452814039e-06, 'epoch': 0.02}
{'loss': 1.1419, 'grad_norm': 3.022216320037842, 'learning_rate': 6.8906484057350745e-06, 'epoch': 0.02}
{'loss': 1.0496, 'grad_norm': 3.404667854309082, 'learning_rate': 6.892788358656111e-06, 'epoch': 0.02}
{'loss': 1.0075, 'grad_norm': 2.891268014907837, 'learning_rate': 6.894928311577146e-06, 'epoch': 0.02}
{'loss': 1.1128, 'grad_norm': 3.217526435852051, 'learning_rate': 6.897068264498181e-06, 'epoch': 0.02}
{'loss': 1.1723, 'grad_norm': 3.263374090194702, 'learning_rate': 6.899208217419217e-06, 'epoch': 0.02}
{'loss': 1.0857, 'grad_norm': 3.2688417434692383, 'learning_rate': 6.901348170340253e-06, 'epoch': 0.02}
{'loss': 0.9366, 'grad_norm': 3.0946152210235596, 'learning_rate': 6.90348812326129e-06, 'epoch': 0.02}
{'loss': 0.9909, 'grad_norm': 3.132706642150879, 'learning_rate': 6.905628076182325e-06, 'epoch': 0.02}
{'loss': 1.0233, 'grad_norm': 3.001037836074829, 'learning_rate': 6.90776802910336e-06, 'epoch': 0.02}
{'loss': 0.9959, 'grad_norm': 2.9513943195343018, 'learning_rate': 6.909907982024396e-06, 'epoch': 0.02}
{'loss': 0.9191, 'grad_norm': 3.159219264984131, 'learning_rate': 6.912047934945432e-06, 'epoch': 0.02}
{'loss': 0.9152, 'grad_norm': 3.206439971923828, 'learning_rate': 6.914187887866467e-06, 'epoch': 0.02}
{'loss': 0.8651, 'grad_norm': 2.9239861965179443, 'learning_rate': 6.916327840787503e-06, 'epoch': 0.02}
{'loss': 0.6762, 'grad_norm': 2.0660688877105713, 'learning_rate': 6.918467793708539e-06, 'epoch': 0.02}
{'loss': 0.8366, 'grad_norm': 2.8883774280548096, 'learning_rate': 6.920607746629575e-06, 'epoch': 0.02}
{'loss': 1.0789, 'grad_norm': 3.207629680633545, 'learning_rate': 6.9227476995506105e-06, 'epoch': 0.02}
{'loss': 1.0992, 'grad_norm': 3.2707886695861816, 'learning_rate': 6.924887652471646e-06, 'epoch': 0.02}
{'loss': 0.9173, 'grad_norm': 3.0350100994110107, 'learning_rate': 6.927027605392682e-06, 'epoch': 0.02}
{'loss': 0.8991, 'grad_norm': 3.291120767593384, 'learning_rate': 6.929167558313717e-06, 'epoch': 0.02}
{'loss': 0.7922, 'grad_norm': 2.691091299057007, 'learning_rate': 6.931307511234754e-06, 'epoch': 0.02}
{'loss': 0.75, 'grad_norm': 1.982655644416809, 'learning_rate': 6.9334474641557895e-06, 'epoch': 0.02}
{'loss': 0.8781, 'grad_norm': 2.801678419113159, 'learning_rate': 6.935587417076825e-06, 'epoch': 0.02}
{'loss': 0.8393, 'grad_norm': 3.05541729927063, 'learning_rate': 6.937727369997861e-06, 'epoch': 0.02}
{'loss': 1.2411, 'grad_norm': 3.368687868118286, 'learning_rate': 6.939867322918896e-06, 'epoch': 0.02}
{'loss': 1.0804, 'grad_norm': 3.17938494682312, 'learning_rate': 6.942007275839932e-06, 'epoch': 0.02}
{'loss': 0.9572, 'grad_norm': 3.469259738922119, 'learning_rate': 6.9441472287609676e-06, 'epoch': 0.02}
{'loss': 1.0056, 'grad_norm': 2.8654849529266357, 'learning_rate': 6.946287181682003e-06, 'epoch': 0.02}
{'loss': 0.9645, 'grad_norm': 2.9145045280456543, 'learning_rate': 6.94842713460304e-06, 'epoch': 0.02}
{'loss': 1.0588, 'grad_norm': 3.1636602878570557, 'learning_rate': 6.950567087524075e-06, 'epoch': 0.02}
{'loss': 0.8725, 'grad_norm': 3.0205345153808594, 'learning_rate': 6.95270704044511e-06, 'epoch': 0.02}
{'loss': 0.988, 'grad_norm': 3.0064992904663086, 'learning_rate': 6.9548469933661465e-06, 'epoch': 0.02}
{'loss': 0.9819, 'grad_norm': 3.147993326187134, 'learning_rate': 6.956986946287182e-06, 'epoch': 0.02}
{'loss': 1.1607, 'grad_norm': 3.3736648559570312, 'learning_rate': 6.959126899208219e-06, 'epoch': 0.02}
{'loss': 1.1236, 'grad_norm': 3.1299149990081787, 'learning_rate': 6.961266852129254e-06, 'epoch': 0.02}
{'loss': 0.8863, 'grad_norm': 2.895395278930664, 'learning_rate': 6.963406805050289e-06, 'epoch': 0.02}
{'loss': 1.1789, 'grad_norm': 3.0419089794158936, 'learning_rate': 6.9655467579713254e-06, 'epoch': 0.02}
{'loss': 1.0932, 'grad_norm': 2.7473926544189453, 'learning_rate': 6.967686710892361e-06, 'epoch': 0.02}
{'loss': 1.0041, 'grad_norm': 3.4063773155212402, 'learning_rate': 6.969826663813397e-06, 'epoch': 0.02}
{'loss': 0.8413, 'grad_norm': 2.9464898109436035, 'learning_rate': 6.971966616734432e-06, 'epoch': 0.02}
{'loss': 0.9406, 'grad_norm': 2.940786123275757, 'learning_rate': 6.974106569655467e-06, 'epoch': 0.02}
{'loss': 1.0628, 'grad_norm': 3.044839859008789, 'learning_rate': 6.976246522576504e-06, 'epoch': 0.02}
{'loss': 0.9911, 'grad_norm': 3.4745287895202637, 'learning_rate': 6.97838647549754e-06, 'epoch': 0.02}
{'loss': 0.8673, 'grad_norm': 3.04730224609375, 'learning_rate': 6.980526428418576e-06, 'epoch': 0.02}
{'loss': 0.9555, 'grad_norm': 2.875563144683838, 'learning_rate': 6.982666381339611e-06, 'epoch': 0.02}
{'loss': 1.0992, 'grad_norm': 3.0816006660461426, 'learning_rate': 6.984806334260646e-06, 'epoch': 0.02}
{'loss': 0.9508, 'grad_norm': 3.0443732738494873, 'learning_rate': 6.9869462871816825e-06, 'epoch': 0.02}
{'loss': 1.1131, 'grad_norm': 3.3154220581054688, 'learning_rate': 6.989086240102719e-06, 'epoch': 0.02}
{'loss': 0.9632, 'grad_norm': 2.884307384490967, 'learning_rate': 6.991226193023755e-06, 'epoch': 0.02}
{'loss': 1.0133, 'grad_norm': 3.4432270526885986, 'learning_rate': 6.99336614594479e-06, 'epoch': 0.02}
{'loss': 1.3209, 'grad_norm': 3.4785518646240234, 'learning_rate': 6.995506098865825e-06, 'epoch': 0.02}
{'loss': 0.9955, 'grad_norm': 3.1318137645721436, 'learning_rate': 6.9976460517868614e-06, 'epoch': 0.02}
{'loss': 1.0647, 'grad_norm': 3.192962646484375, 'learning_rate': 6.999786004707897e-06, 'epoch': 0.02}
{'loss': 0.9278, 'grad_norm': 3.0107102394104004, 'learning_rate': 7.001925957628932e-06, 'epoch': 0.02}
{'loss': 0.9006, 'grad_norm': 2.8926312923431396, 'learning_rate': 7.004065910549969e-06, 'epoch': 0.02}
{'loss': 0.9495, 'grad_norm': 2.803203582763672, 'learning_rate': 7.006205863471004e-06, 'epoch': 0.02}
{'loss': 0.9204, 'grad_norm': 2.950284957885742, 'learning_rate': 7.00834581639204e-06, 'epoch': 0.02}
{'loss': 1.014, 'grad_norm': 2.84190034866333, 'learning_rate': 7.010485769313076e-06, 'epoch': 0.02}
{'loss': 0.9586, 'grad_norm': 3.0569331645965576, 'learning_rate': 7.012625722234111e-06, 'epoch': 0.02}
{'loss': 0.9185, 'grad_norm': 2.8780627250671387, 'learning_rate': 7.014765675155147e-06, 'epoch': 0.02}
{'loss': 0.7932, 'grad_norm': 2.5833740234375, 'learning_rate': 7.016905628076182e-06, 'epoch': 0.02}
{'loss': 1.0973, 'grad_norm': 3.2176995277404785, 'learning_rate': 7.019045580997219e-06, 'epoch': 0.02}
{'loss': 0.7317, 'grad_norm': 2.7588725090026855, 'learning_rate': 7.021185533918255e-06, 'epoch': 0.02}
{'loss': 0.7723, 'grad_norm': 3.3444228172302246, 'learning_rate': 7.02332548683929e-06, 'epoch': 0.02}
{'loss': 0.9327, 'grad_norm': 2.867115020751953, 'learning_rate': 7.025465439760326e-06, 'epoch': 0.02}
{'loss': 1.0735, 'grad_norm': 3.313472032546997, 'learning_rate': 7.027605392681361e-06, 'epoch': 0.02}
{'loss': 0.9069, 'grad_norm': 3.003565549850464, 'learning_rate': 7.029745345602398e-06, 'epoch': 0.02}
{'loss': 1.2034, 'grad_norm': 3.49484920501709, 'learning_rate': 7.0318852985234335e-06, 'epoch': 0.02}
{'loss': 0.9874, 'grad_norm': 3.301605701446533, 'learning_rate': 7.034025251444469e-06, 'epoch': 0.02}
{'loss': 0.979, 'grad_norm': 4.132357120513916, 'learning_rate': 7.036165204365505e-06, 'epoch': 0.02}
{'loss': 0.9604, 'grad_norm': 2.805043935775757, 'learning_rate': 7.03830515728654e-06, 'epoch': 0.02}
{'loss': 0.6207, 'grad_norm': 2.631463050842285, 'learning_rate': 7.0404451102075755e-06, 'epoch': 0.02}
{'loss': 0.9447, 'grad_norm': 3.0049729347229004, 'learning_rate': 7.042585063128612e-06, 'epoch': 0.02}
{'loss': 0.8405, 'grad_norm': 2.920666217803955, 'learning_rate': 7.044725016049647e-06, 'epoch': 0.02}
{'loss': 1.1671, 'grad_norm': 3.42663311958313, 'learning_rate': 7.046864968970684e-06, 'epoch': 0.02}
{'loss': 0.5984, 'grad_norm': 2.764781951904297, 'learning_rate': 7.049004921891719e-06, 'epoch': 0.02}
{'loss': 0.9883, 'grad_norm': 3.160963296890259, 'learning_rate': 7.0511448748127544e-06, 'epoch': 0.02}
{'loss': 0.9246, 'grad_norm': 3.2720916271209717, 'learning_rate': 7.0532848277337906e-06, 'epoch': 0.02}
{'loss': 1.1403, 'grad_norm': 2.9531686305999756, 'learning_rate': 7.055424780654826e-06, 'epoch': 0.02}
{'loss': 0.8716, 'grad_norm': 2.398796558380127, 'learning_rate': 7.057564733575862e-06, 'epoch': 0.02}
{'loss': 1.0166, 'grad_norm': 3.0260910987854004, 'learning_rate': 7.059704686496897e-06, 'epoch': 0.02}
{'loss': 0.8975, 'grad_norm': 2.7915022373199463, 'learning_rate': 7.061844639417933e-06, 'epoch': 0.02}
{'loss': 1.2526, 'grad_norm': 3.535139560699463, 'learning_rate': 7.0639845923389695e-06, 'epoch': 0.02}
{'loss': 0.8055, 'grad_norm': 3.0367987155914307, 'learning_rate': 7.066124545260005e-06, 'epoch': 0.02}
{'loss': 0.8784, 'grad_norm': 2.807590961456299, 'learning_rate': 7.068264498181041e-06, 'epoch': 0.02}
{'loss': 1.0971, 'grad_norm': 3.4376471042633057, 'learning_rate': 7.070404451102076e-06, 'epoch': 0.02}
{'loss': 0.9897, 'grad_norm': 2.9957900047302246, 'learning_rate': 7.0725444040231115e-06, 'epoch': 0.02}
{'loss': 1.1411, 'grad_norm': 3.7064454555511475, 'learning_rate': 7.0746843569441485e-06, 'epoch': 0.02}
{'loss': 0.8422, 'grad_norm': 2.533281087875366, 'learning_rate': 7.076824309865184e-06, 'epoch': 0.02}
{'loss': 0.9237, 'grad_norm': 3.040138006210327, 'learning_rate': 7.078964262786219e-06, 'epoch': 0.02}
{'loss': 0.7827, 'grad_norm': 2.650068998336792, 'learning_rate': 7.081104215707255e-06, 'epoch': 0.02}
{'loss': 0.7454, 'grad_norm': 3.0964162349700928, 'learning_rate': 7.08324416862829e-06, 'epoch': 0.02}
{'loss': 1.1307, 'grad_norm': 3.1592824459075928, 'learning_rate': 7.0853841215493266e-06, 'epoch': 0.02}
{'loss': 1.06, 'grad_norm': 3.054856300354004, 'learning_rate': 7.087524074470362e-06, 'epoch': 0.02}
{'loss': 1.0152, 'grad_norm': 3.3350436687469482, 'learning_rate': 7.089664027391397e-06, 'epoch': 0.02}
{'loss': 0.7966, 'grad_norm': 2.647082567214966, 'learning_rate': 7.091803980312434e-06, 'epoch': 0.02}
{'loss': 1.0488, 'grad_norm': 3.1400339603424072, 'learning_rate': 7.093943933233469e-06, 'epoch': 0.02}
{'loss': 1.0697, 'grad_norm': 3.1996376514434814, 'learning_rate': 7.0960838861545055e-06, 'epoch': 0.02}
{'loss': 1.0365, 'grad_norm': 3.0345640182495117, 'learning_rate': 7.098223839075541e-06, 'epoch': 0.02}
{'loss': 1.12, 'grad_norm': 2.864372968673706, 'learning_rate': 7.100363791996576e-06, 'epoch': 0.02}
{'loss': 0.9008, 'grad_norm': 2.9318835735321045, 'learning_rate': 7.102503744917613e-06, 'epoch': 0.02}
{'loss': 1.0029, 'grad_norm': 3.0507102012634277, 'learning_rate': 7.104643697838648e-06, 'epoch': 0.02}
{'loss': 0.9348, 'grad_norm': 2.7718636989593506, 'learning_rate': 7.1067836507596844e-06, 'epoch': 0.02}
{'loss': 0.7962, 'grad_norm': 2.6578474044799805, 'learning_rate': 7.10892360368072e-06, 'epoch': 0.02}
{'loss': 1.055, 'grad_norm': 2.877199649810791, 'learning_rate': 7.111063556601755e-06, 'epoch': 0.02}
{'loss': 1.0407, 'grad_norm': 3.156371831893921, 'learning_rate': 7.113203509522791e-06, 'epoch': 0.02}
{'loss': 0.8946, 'grad_norm': 2.8541173934936523, 'learning_rate': 7.115343462443826e-06, 'epoch': 0.02}
{'loss': 1.1045, 'grad_norm': 3.416814088821411, 'learning_rate': 7.117483415364863e-06, 'epoch': 0.02}
{'loss': 0.9419, 'grad_norm': 2.824345827102661, 'learning_rate': 7.119623368285899e-06, 'epoch': 0.02}
{'loss': 0.9294, 'grad_norm': 2.86279296875, 'learning_rate': 7.121763321206934e-06, 'epoch': 0.02}
{'loss': 1.0417, 'grad_norm': 2.95456600189209, 'learning_rate': 7.12390327412797e-06, 'epoch': 0.02}
{'loss': 1.1775, 'grad_norm': 3.3916175365448, 'learning_rate': 7.126043227049005e-06, 'epoch': 0.02}
{'loss': 0.8828, 'grad_norm': 2.8805174827575684, 'learning_rate': 7.128183179970041e-06, 'epoch': 0.02}
{'loss': 1.067, 'grad_norm': 2.9882423877716064, 'learning_rate': 7.130323132891077e-06, 'epoch': 0.02}
{'loss': 0.9899, 'grad_norm': 3.244086503982544, 'learning_rate': 7.132463085812112e-06, 'epoch': 0.02}
{'loss': 0.965, 'grad_norm': 3.024257183074951, 'learning_rate': 7.134603038733149e-06, 'epoch': 0.02}
{'loss': 0.9172, 'grad_norm': 2.728804349899292, 'learning_rate': 7.136742991654184e-06, 'epoch': 0.02}
{'loss': 0.8867, 'grad_norm': 3.0269033908843994, 'learning_rate': 7.1388829445752196e-06, 'epoch': 0.02}
{'loss': 0.9598, 'grad_norm': 3.009204626083374, 'learning_rate': 7.141022897496256e-06, 'epoch': 0.02}
{'loss': 0.8985, 'grad_norm': 2.9330978393554688, 'learning_rate': 7.143162850417291e-06, 'epoch': 0.02}
{'loss': 1.1196, 'grad_norm': 3.405203342437744, 'learning_rate': 7.145302803338328e-06, 'epoch': 0.02}
{'loss': 1.244, 'grad_norm': 3.0719034671783447, 'learning_rate': 7.147442756259363e-06, 'epoch': 0.02}
{'loss': 1.1875, 'grad_norm': 3.0912303924560547, 'learning_rate': 7.1495827091803985e-06, 'epoch': 0.02}
{'loss': 0.9045, 'grad_norm': 2.8633151054382324, 'learning_rate': 7.151722662101435e-06, 'epoch': 0.02}
{'loss': 0.9314, 'grad_norm': 2.9188520908355713, 'learning_rate': 7.15386261502247e-06, 'epoch': 0.02}
{'loss': 1.2561, 'grad_norm': 3.1387789249420166, 'learning_rate': 7.156002567943506e-06, 'epoch': 0.02}
{'loss': 1.0567, 'grad_norm': 3.26444673538208, 'learning_rate': 7.158142520864541e-06, 'epoch': 0.02}
{'loss': 1.0762, 'grad_norm': 2.9225945472717285, 'learning_rate': 7.160282473785577e-06, 'epoch': 0.02}
{'loss': 1.1541, 'grad_norm': 2.881333351135254, 'learning_rate': 7.162422426706614e-06, 'epoch': 0.02}
{'loss': 0.89, 'grad_norm': 2.8679635524749756, 'learning_rate': 7.164562379627649e-06, 'epoch': 0.02}
{'loss': 1.0106, 'grad_norm': 3.043564796447754, 'learning_rate': 7.166702332548684e-06, 'epoch': 0.02}
{'loss': 0.8931, 'grad_norm': 3.0407352447509766, 'learning_rate': 7.16884228546972e-06, 'epoch': 0.02}
{'loss': 0.9353, 'grad_norm': 3.0256717205047607, 'learning_rate': 7.1709822383907555e-06, 'epoch': 0.02}
{'loss': 1.2767, 'grad_norm': 3.7366437911987305, 'learning_rate': 7.1731221913117925e-06, 'epoch': 0.02}
{'loss': 0.8718, 'grad_norm': 3.204491376876831, 'learning_rate': 7.175262144232828e-06, 'epoch': 0.02}
{'loss': 1.0246, 'grad_norm': 3.150066375732422, 'learning_rate': 7.177402097153863e-06, 'epoch': 0.02}
{'loss': 1.2438, 'grad_norm': 3.381934404373169, 'learning_rate': 7.179542050074899e-06, 'epoch': 0.02}
{'loss': 1.0647, 'grad_norm': 3.1662707328796387, 'learning_rate': 7.1816820029959345e-06, 'epoch': 0.02}
{'loss': 1.1061, 'grad_norm': 2.955429792404175, 'learning_rate': 7.183821955916971e-06, 'epoch': 0.02}
{'loss': 0.9268, 'grad_norm': 3.0123918056488037, 'learning_rate': 7.185961908838006e-06, 'epoch': 0.02}
{'loss': 0.8456, 'grad_norm': 2.95426082611084, 'learning_rate': 7.188101861759041e-06, 'epoch': 0.02}
{'loss': 0.8991, 'grad_norm': 2.70914888381958, 'learning_rate': 7.190241814680078e-06, 'epoch': 0.02}
{'loss': 1.0525, 'grad_norm': 3.137723445892334, 'learning_rate': 7.1923817676011134e-06, 'epoch': 0.02}
{'loss': 0.8024, 'grad_norm': 2.808181047439575, 'learning_rate': 7.1945217205221496e-06, 'epoch': 0.02}
{'loss': 0.7771, 'grad_norm': 2.845780849456787, 'learning_rate': 7.196661673443185e-06, 'epoch': 0.02}
{'loss': 0.9979, 'grad_norm': 2.9673514366149902, 'learning_rate': 7.19880162636422e-06, 'epoch': 0.02}
{'loss': 1.1215, 'grad_norm': 3.0178561210632324, 'learning_rate': 7.200941579285256e-06, 'epoch': 0.02}
{'loss': 0.9409, 'grad_norm': 3.0533835887908936, 'learning_rate': 7.2030815322062915e-06, 'epoch': 0.02}
{'loss': 0.7022, 'grad_norm': 2.826584815979004, 'learning_rate': 7.2052214851273285e-06, 'epoch': 0.02}
{'loss': 0.8049, 'grad_norm': 2.976012945175171, 'learning_rate': 7.207361438048364e-06, 'epoch': 0.02}
{'loss': 0.6133, 'grad_norm': 2.325242757797241, 'learning_rate': 7.209501390969399e-06, 'epoch': 0.02}
{'loss': 0.9535, 'grad_norm': 2.9162230491638184, 'learning_rate': 7.211641343890435e-06, 'epoch': 0.02}
{'loss': 0.8829, 'grad_norm': 3.032796859741211, 'learning_rate': 7.2137812968114705e-06, 'epoch': 0.02}
{'loss': 0.7707, 'grad_norm': 2.7857038974761963, 'learning_rate': 7.215921249732506e-06, 'epoch': 0.02}
{'loss': 1.0068, 'grad_norm': 2.9340624809265137, 'learning_rate': 7.218061202653543e-06, 'epoch': 0.02}
{'loss': 0.9538, 'grad_norm': 3.0789332389831543, 'learning_rate': 7.220201155574578e-06, 'epoch': 0.02}
{'loss': 1.0924, 'grad_norm': 3.3068630695343018, 'learning_rate': 7.222341108495614e-06, 'epoch': 0.02}
{'loss': 1.0339, 'grad_norm': 3.3189709186553955, 'learning_rate': 7.224481061416649e-06, 'epoch': 0.02}
{'loss': 1.1594, 'grad_norm': 3.492260217666626, 'learning_rate': 7.226621014337685e-06, 'epoch': 0.02}
{'loss': 1.1067, 'grad_norm': 3.185533046722412, 'learning_rate': 7.228760967258721e-06, 'epoch': 0.02}
{'loss': 1.0367, 'grad_norm': 2.826115608215332, 'learning_rate': 7.230900920179756e-06, 'epoch': 0.02}
{'loss': 0.7302, 'grad_norm': 2.0027499198913574, 'learning_rate': 7.233040873100793e-06, 'epoch': 0.02}
{'loss': 1.0246, 'grad_norm': 2.7464685440063477, 'learning_rate': 7.235180826021828e-06, 'epoch': 0.02}
{'loss': 0.8234, 'grad_norm': 2.78554630279541, 'learning_rate': 7.237320778942864e-06, 'epoch': 0.02}
{'loss': 1.0068, 'grad_norm': 2.945554494857788, 'learning_rate': 7.2394607318639e-06, 'epoch': 0.02}
{'loss': 0.9989, 'grad_norm': 2.9326884746551514, 'learning_rate': 7.241600684784935e-06, 'epoch': 0.02}
{'loss': 1.0935, 'grad_norm': 2.949608325958252, 'learning_rate': 7.243740637705971e-06, 'epoch': 0.02}
{'loss': 1.1212, 'grad_norm': 2.9844436645507812, 'learning_rate': 7.245880590627007e-06, 'epoch': 0.02}
{'loss': 1.0769, 'grad_norm': 3.187088966369629, 'learning_rate': 7.248020543548043e-06, 'epoch': 0.02}
{'loss': 1.3269, 'grad_norm': 3.054661989212036, 'learning_rate': 7.250160496469079e-06, 'epoch': 0.02}
{'loss': 1.087, 'grad_norm': 2.812122344970703, 'learning_rate': 7.252300449390114e-06, 'epoch': 0.02}
{'loss': 0.9145, 'grad_norm': 2.908508777618408, 'learning_rate': 7.254440402311149e-06, 'epoch': 0.02}
{'loss': 1.029, 'grad_norm': 2.9078502655029297, 'learning_rate': 7.256580355232185e-06, 'epoch': 0.02}
{'loss': 1.0529, 'grad_norm': 2.827181339263916, 'learning_rate': 7.258720308153221e-06, 'epoch': 0.02}
{'loss': 0.9166, 'grad_norm': 3.057011604309082, 'learning_rate': 7.260860261074258e-06, 'epoch': 0.02}
{'loss': 0.7271, 'grad_norm': 2.0577921867370605, 'learning_rate': 7.263000213995293e-06, 'epoch': 0.02}
{'loss': 0.8272, 'grad_norm': 2.6551456451416016, 'learning_rate': 7.265140166916328e-06, 'epoch': 0.02}
{'loss': 1.0345, 'grad_norm': 2.890939474105835, 'learning_rate': 7.267280119837364e-06, 'epoch': 0.02}
{'loss': 0.9673, 'grad_norm': 3.0931241512298584, 'learning_rate': 7.2694200727584e-06, 'epoch': 0.02}
{'loss': 0.9391, 'grad_norm': 2.8380677700042725, 'learning_rate': 7.271560025679436e-06, 'epoch': 0.02}
{'loss': 1.0126, 'grad_norm': 2.8125224113464355, 'learning_rate': 7.273699978600471e-06, 'epoch': 0.02}
{'loss': 1.168, 'grad_norm': 3.188523292541504, 'learning_rate': 7.275839931521506e-06, 'epoch': 0.02}
{'loss': 1.1185, 'grad_norm': 2.921546697616577, 'learning_rate': 7.277979884442543e-06, 'epoch': 0.02}
{'loss': 0.9083, 'grad_norm': 2.912569999694824, 'learning_rate': 7.2801198373635786e-06, 'epoch': 0.02}
{'loss': 0.9537, 'grad_norm': 2.970310688018799, 'learning_rate': 7.282259790284615e-06, 'epoch': 0.02}
{'loss': 1.1357, 'grad_norm': 2.930062770843506, 'learning_rate': 7.28439974320565e-06, 'epoch': 0.02}
{'loss': 0.792, 'grad_norm': 2.800097703933716, 'learning_rate': 7.286539696126685e-06, 'epoch': 0.02}
{'loss': 1.2358, 'grad_norm': 2.8674871921539307, 'learning_rate': 7.288679649047722e-06, 'epoch': 0.02}
{'loss': 0.9724, 'grad_norm': 3.249370813369751, 'learning_rate': 7.2908196019687575e-06, 'epoch': 0.02}
{'loss': 0.916, 'grad_norm': 3.017303466796875, 'learning_rate': 7.292959554889794e-06, 'epoch': 0.02}
{'loss': 1.2249, 'grad_norm': 2.9809060096740723, 'learning_rate': 7.295099507810829e-06, 'epoch': 0.02}
{'loss': 0.9834, 'grad_norm': 3.110800266265869, 'learning_rate': 7.297239460731864e-06, 'epoch': 0.02}
{'loss': 0.672, 'grad_norm': 2.888294219970703, 'learning_rate': 7.2993794136529e-06, 'epoch': 0.02}
{'loss': 0.8607, 'grad_norm': 2.767709732055664, 'learning_rate': 7.301519366573936e-06, 'epoch': 0.02}
{'loss': 1.0184, 'grad_norm': 2.8049585819244385, 'learning_rate': 7.303659319494971e-06, 'epoch': 0.02}
{'loss': 1.0012, 'grad_norm': 3.8370959758758545, 'learning_rate': 7.305799272416008e-06, 'epoch': 0.02}
{'loss': 1.0465, 'grad_norm': 3.063288688659668, 'learning_rate': 7.307939225337043e-06, 'epoch': 0.02}
{'loss': 1.1891, 'grad_norm': 3.073338747024536, 'learning_rate': 7.310079178258079e-06, 'epoch': 0.02}
{'loss': 0.9199, 'grad_norm': 2.988612174987793, 'learning_rate': 7.3122191311791145e-06, 'epoch': 0.02}
{'loss': 0.9314, 'grad_norm': 2.820394992828369, 'learning_rate': 7.31435908410015e-06, 'epoch': 0.02}
{'loss': 0.9138, 'grad_norm': 2.9738574028015137, 'learning_rate': 7.316499037021186e-06, 'epoch': 0.02}
{'loss': 0.8546, 'grad_norm': 2.765106678009033, 'learning_rate': 7.318638989942222e-06, 'epoch': 0.02}
{'loss': 1.2254, 'grad_norm': 3.25575590133667, 'learning_rate': 7.320778942863258e-06, 'epoch': 0.02}
{'loss': 0.8952, 'grad_norm': 3.0102357864379883, 'learning_rate': 7.3229188957842935e-06, 'epoch': 0.02}
{'loss': 1.0031, 'grad_norm': 2.939218282699585, 'learning_rate': 7.325058848705329e-06, 'epoch': 0.02}
{'loss': 1.0071, 'grad_norm': 3.0923917293548584, 'learning_rate': 7.327198801626365e-06, 'epoch': 0.02}
{'loss': 0.9577, 'grad_norm': 3.212742567062378, 'learning_rate': 7.3293387545474e-06, 'epoch': 0.02}
{'loss': 0.8209, 'grad_norm': 2.866447687149048, 'learning_rate': 7.331478707468437e-06, 'epoch': 0.02}
{'loss': 1.0859, 'grad_norm': 3.161790609359741, 'learning_rate': 7.333618660389472e-06, 'epoch': 0.02}
{'loss': 0.9684, 'grad_norm': 3.0964951515197754, 'learning_rate': 7.335758613310508e-06, 'epoch': 0.02}
{'loss': 0.9014, 'grad_norm': 2.7379558086395264, 'learning_rate': 7.337898566231544e-06, 'epoch': 0.02}
{'loss': 0.7486, 'grad_norm': 2.663339376449585, 'learning_rate': 7.340038519152579e-06, 'epoch': 0.02}
{'loss': 0.8531, 'grad_norm': 2.834702968597412, 'learning_rate': 7.342178472073614e-06, 'epoch': 0.02}
{'loss': 0.7409, 'grad_norm': 2.702944755554199, 'learning_rate': 7.3443184249946505e-06, 'epoch': 0.02}
{'loss': 0.9111, 'grad_norm': 3.027576446533203, 'learning_rate': 7.346458377915686e-06, 'epoch': 0.02}
{'loss': 1.0039, 'grad_norm': 2.9058475494384766, 'learning_rate': 7.348598330836723e-06, 'epoch': 0.02}
{'loss': 1.1629, 'grad_norm': 3.4627182483673096, 'learning_rate': 7.350738283757758e-06, 'epoch': 0.02}
{'loss': 1.1307, 'grad_norm': 3.260735034942627, 'learning_rate': 7.352878236678793e-06, 'epoch': 0.02}
{'loss': 0.9716, 'grad_norm': 2.978116035461426, 'learning_rate': 7.3550181895998295e-06, 'epoch': 0.02}
{'loss': 0.8818, 'grad_norm': 2.949282646179199, 'learning_rate': 7.357158142520865e-06, 'epoch': 0.02}
{'loss': 1.0213, 'grad_norm': 2.986938953399658, 'learning_rate': 7.359298095441902e-06, 'epoch': 0.02}
{'loss': 1.1802, 'grad_norm': 2.932217597961426, 'learning_rate': 7.361438048362937e-06, 'epoch': 0.02}
{'loss': 1.0293, 'grad_norm': 3.169123888015747, 'learning_rate': 7.363578001283972e-06, 'epoch': 0.02}
{'loss': 0.8373, 'grad_norm': 2.7949132919311523, 'learning_rate': 7.365717954205008e-06, 'epoch': 0.02}
{'loss': 1.1155, 'grad_norm': 3.000027656555176, 'learning_rate': 7.367857907126044e-06, 'epoch': 0.02}
{'loss': 0.79, 'grad_norm': 2.171251058578491, 'learning_rate': 7.36999786004708e-06, 'epoch': 0.02}
{'loss': 0.9993, 'grad_norm': 2.95434308052063, 'learning_rate': 7.372137812968115e-06, 'epoch': 0.02}
{'loss': 0.8993, 'grad_norm': 2.886000871658325, 'learning_rate': 7.37427776588915e-06, 'epoch': 0.02}
{'loss': 1.1766, 'grad_norm': 3.1039326190948486, 'learning_rate': 7.376417718810187e-06, 'epoch': 0.02}
{'loss': 0.9718, 'grad_norm': 3.0191495418548584, 'learning_rate': 7.378557671731223e-06, 'epoch': 0.02}
{'loss': 0.6588, 'grad_norm': 2.3611044883728027, 'learning_rate': 7.380697624652259e-06, 'epoch': 0.02}
{'loss': 0.9479, 'grad_norm': 3.0701558589935303, 'learning_rate': 7.382837577573294e-06, 'epoch': 0.02}
{'loss': 1.1714, 'grad_norm': 3.405221700668335, 'learning_rate': 7.384977530494329e-06, 'epoch': 0.02}
{'loss': 0.9478, 'grad_norm': 2.986903429031372, 'learning_rate': 7.3871174834153654e-06, 'epoch': 0.02}
{'loss': 1.1274, 'grad_norm': 3.2907721996307373, 'learning_rate': 7.389257436336401e-06, 'epoch': 0.02}
{'loss': 1.0062, 'grad_norm': 3.037907123565674, 'learning_rate': 7.391397389257437e-06, 'epoch': 0.02}
{'loss': 0.7704, 'grad_norm': 2.3788411617279053, 'learning_rate': 7.393537342178473e-06, 'epoch': 0.02}
{'loss': 0.8482, 'grad_norm': 2.763833522796631, 'learning_rate': 7.395677295099508e-06, 'epoch': 0.02}
{'loss': 0.8108, 'grad_norm': 2.7546777725219727, 'learning_rate': 7.397817248020544e-06, 'epoch': 0.02}
{'loss': 1.0424, 'grad_norm': 3.0579044818878174, 'learning_rate': 7.39995720094158e-06, 'epoch': 0.02}
{'loss': 0.9667, 'grad_norm': 3.006359815597534, 'learning_rate': 7.402097153862615e-06, 'epoch': 0.02}
{'loss': 0.8189, 'grad_norm': 2.711176633834839, 'learning_rate': 7.404237106783652e-06, 'epoch': 0.02}
{'loss': 0.7768, 'grad_norm': 2.5468719005584717, 'learning_rate': 7.406377059704687e-06, 'epoch': 0.02}
{'loss': 1.042, 'grad_norm': 3.2131001949310303, 'learning_rate': 7.408517012625723e-06, 'epoch': 0.02}
{'loss': 1.2289, 'grad_norm': 3.1374924182891846, 'learning_rate': 7.410656965546759e-06, 'epoch': 0.02}
{'loss': 1.1485, 'grad_norm': 2.968217372894287, 'learning_rate': 7.412796918467794e-06, 'epoch': 0.02}
{'loss': 0.7856, 'grad_norm': 2.8417234420776367, 'learning_rate': 7.41493687138883e-06, 'epoch': 0.02}
{'loss': 1.1925, 'grad_norm': 3.167506217956543, 'learning_rate': 7.417076824309865e-06, 'epoch': 0.02}
{'loss': 1.176, 'grad_norm': 3.039825677871704, 'learning_rate': 7.419216777230902e-06, 'epoch': 0.02}
{'loss': 1.018, 'grad_norm': 3.258551597595215, 'learning_rate': 7.4213567301519375e-06, 'epoch': 0.02}
{'loss': 0.9063, 'grad_norm': 2.7827868461608887, 'learning_rate': 7.423496683072973e-06, 'epoch': 0.02}
{'loss': 0.9809, 'grad_norm': 2.9114832878112793, 'learning_rate': 7.425636635994009e-06, 'epoch': 0.02}
{'loss': 1.2133, 'grad_norm': 2.89190411567688, 'learning_rate': 7.427776588915044e-06, 'epoch': 0.02}
{'loss': 1.0081, 'grad_norm': 3.0762484073638916, 'learning_rate': 7.4299165418360795e-06, 'epoch': 0.02}
{'loss': 0.9868, 'grad_norm': 2.8015193939208984, 'learning_rate': 7.4320564947571165e-06, 'epoch': 0.02}
{'loss': 0.8306, 'grad_norm': 2.5064656734466553, 'learning_rate': 7.434196447678152e-06, 'epoch': 0.02}
{'loss': 1.1953, 'grad_norm': 2.9274632930755615, 'learning_rate': 7.436336400599188e-06, 'epoch': 0.02}
{'loss': 1.3617, 'grad_norm': 3.457200050354004, 'learning_rate': 7.438476353520223e-06, 'epoch': 0.02}
{'loss': 0.9214, 'grad_norm': 2.949394941329956, 'learning_rate': 7.4406163064412585e-06, 'epoch': 0.02}
{'loss': 1.1222, 'grad_norm': 3.0496764183044434, 'learning_rate': 7.442756259362295e-06, 'epoch': 0.02}
{'loss': 0.9207, 'grad_norm': 2.8849785327911377, 'learning_rate': 7.44489621228333e-06, 'epoch': 0.02}
{'loss': 1.0183, 'grad_norm': 2.897834062576294, 'learning_rate': 7.447036165204367e-06, 'epoch': 0.02}
{'loss': 0.7892, 'grad_norm': 2.9824676513671875, 'learning_rate': 7.449176118125402e-06, 'epoch': 0.02}
{'loss': 1.0509, 'grad_norm': 3.3663251399993896, 'learning_rate': 7.451316071046437e-06, 'epoch': 0.02}
{'loss': 1.1148, 'grad_norm': 3.1834442615509033, 'learning_rate': 7.4534560239674735e-06, 'epoch': 0.02}
{'loss': 0.9509, 'grad_norm': 2.7825639247894287, 'learning_rate': 7.455595976888509e-06, 'epoch': 0.02}
{'loss': 1.066, 'grad_norm': 2.729785919189453, 'learning_rate': 7.457735929809545e-06, 'epoch': 0.02}
{'loss': 1.0533, 'grad_norm': 2.692150115966797, 'learning_rate': 7.45987588273058e-06, 'epoch': 0.02}
{'loss': 0.9413, 'grad_norm': 2.887873649597168, 'learning_rate': 7.4620158356516155e-06, 'epoch': 0.02}
{'loss': 0.9079, 'grad_norm': 2.9589250087738037, 'learning_rate': 7.4641557885726525e-06, 'epoch': 0.02}
{'loss': 0.9658, 'grad_norm': 2.9065475463867188, 'learning_rate': 7.466295741493688e-06, 'epoch': 0.02}
{'loss': 0.955, 'grad_norm': 3.1846702098846436, 'learning_rate': 7.468435694414723e-06, 'epoch': 0.02}
{'loss': 1.0408, 'grad_norm': 3.1232125759124756, 'learning_rate': 7.470575647335759e-06, 'epoch': 0.02}
{'loss': 1.0692, 'grad_norm': 3.0161356925964355, 'learning_rate': 7.4727156002567944e-06, 'epoch': 0.02}
{'loss': 0.9317, 'grad_norm': 2.6973114013671875, 'learning_rate': 7.474855553177831e-06, 'epoch': 0.02}
{'loss': 1.0674, 'grad_norm': 2.804459571838379, 'learning_rate': 7.476995506098867e-06, 'epoch': 0.02}
{'loss': 1.0937, 'grad_norm': 3.1866073608398438, 'learning_rate': 7.479135459019902e-06, 'epoch': 0.02}
{'loss': 1.0712, 'grad_norm': 3.351799488067627, 'learning_rate': 7.481275411940938e-06, 'epoch': 0.02}
{'loss': 0.9296, 'grad_norm': 2.6739132404327393, 'learning_rate': 7.483415364861973e-06, 'epoch': 0.02}
{'loss': 1.1435, 'grad_norm': 3.761082887649536, 'learning_rate': 7.4855553177830095e-06, 'epoch': 0.02}
{'loss': 1.1307, 'grad_norm': 3.254298448562622, 'learning_rate': 7.487695270704045e-06, 'epoch': 0.02}
{'loss': 0.8154, 'grad_norm': 3.0702311992645264, 'learning_rate': 7.48983522362508e-06, 'epoch': 0.02}
{'loss': 0.9474, 'grad_norm': 2.8319361209869385, 'learning_rate': 7.491975176546117e-06, 'epoch': 0.02}
{'loss': 0.9329, 'grad_norm': 2.8042590618133545, 'learning_rate': 7.494115129467152e-06, 'epoch': 0.02}
{'loss': 1.1094, 'grad_norm': 2.7060444355010986, 'learning_rate': 7.4962550823881884e-06, 'epoch': 0.02}
{'loss': 1.1, 'grad_norm': 3.1443159580230713, 'learning_rate': 7.498395035309224e-06, 'epoch': 0.02}
{'loss': 0.9617, 'grad_norm': 3.17262601852417, 'learning_rate': 7.500534988230259e-06, 'epoch': 0.02}
{'loss': 1.069, 'grad_norm': 3.0921547412872314, 'learning_rate': 7.502674941151296e-06, 'epoch': 0.02}
{'loss': 0.9289, 'grad_norm': 3.0660760402679443, 'learning_rate': 7.504814894072331e-06, 'epoch': 0.02}
{'loss': 1.0044, 'grad_norm': 2.754436731338501, 'learning_rate': 7.506954846993367e-06, 'epoch': 0.02}
{'loss': 0.9437, 'grad_norm': 2.970456600189209, 'learning_rate': 7.509094799914403e-06, 'epoch': 0.02}
{'loss': 0.8432, 'grad_norm': 2.6766934394836426, 'learning_rate': 7.511234752835438e-06, 'epoch': 0.02}
{'loss': 0.9105, 'grad_norm': 2.6244258880615234, 'learning_rate': 7.513374705756474e-06, 'epoch': 0.02}
{'loss': 0.8858, 'grad_norm': 2.8010377883911133, 'learning_rate': 7.515514658677509e-06, 'epoch': 0.02}
{'loss': 1.121, 'grad_norm': 3.08089280128479, 'learning_rate': 7.517654611598545e-06, 'epoch': 0.02}
{'loss': 1.042, 'grad_norm': 3.3353567123413086, 'learning_rate': 7.519794564519582e-06, 'epoch': 0.02}
{'loss': 0.705, 'grad_norm': 2.753361940383911, 'learning_rate': 7.521934517440617e-06, 'epoch': 0.02}
{'loss': 0.9112, 'grad_norm': 2.635838747024536, 'learning_rate': 7.524074470361653e-06, 'epoch': 0.02}
{'loss': 1.0239, 'grad_norm': 3.219726324081421, 'learning_rate': 7.526214423282688e-06, 'epoch': 0.02}
{'loss': 0.9846, 'grad_norm': 2.9999964237213135, 'learning_rate': 7.528354376203724e-06, 'epoch': 0.02}
{'loss': 1.2751, 'grad_norm': 3.119333028793335, 'learning_rate': 7.53049432912476e-06, 'epoch': 0.02}
{'loss': 0.9358, 'grad_norm': 2.8457915782928467, 'learning_rate': 7.532634282045795e-06, 'epoch': 0.02}
{'loss': 0.9798, 'grad_norm': 2.9589998722076416, 'learning_rate': 7.534774234966832e-06, 'epoch': 0.02}
{'loss': 0.9982, 'grad_norm': 2.853292465209961, 'learning_rate': 7.536914187887867e-06, 'epoch': 0.02}
{'loss': 0.8287, 'grad_norm': 2.865011692047119, 'learning_rate': 7.5390541408089025e-06, 'epoch': 0.02}
{'loss': 1.0322, 'grad_norm': 3.2913084030151367, 'learning_rate': 7.541194093729939e-06, 'epoch': 0.02}
{'loss': 0.8955, 'grad_norm': 2.8177595138549805, 'learning_rate': 7.543334046650974e-06, 'epoch': 0.02}
{'loss': 1.1796, 'grad_norm': 3.4362435340881348, 'learning_rate': 7.545473999572011e-06, 'epoch': 0.02}
{'loss': 1.1737, 'grad_norm': 3.6298322677612305, 'learning_rate': 7.547613952493046e-06, 'epoch': 0.02}
{'loss': 0.8722, 'grad_norm': 3.058314323425293, 'learning_rate': 7.5497539054140815e-06, 'epoch': 0.02}
{'loss': 1.1146, 'grad_norm': 2.899508476257324, 'learning_rate': 7.551893858335118e-06, 'epoch': 0.02}
{'loss': 0.972, 'grad_norm': 3.0647401809692383, 'learning_rate': 7.554033811256153e-06, 'epoch': 0.02}
{'loss': 0.9919, 'grad_norm': 2.9046716690063477, 'learning_rate': 7.556173764177188e-06, 'epoch': 0.02}
{'loss': 0.7431, 'grad_norm': 2.669976234436035, 'learning_rate': 7.558313717098224e-06, 'epoch': 0.02}
{'loss': 1.0598, 'grad_norm': 3.0960896015167236, 'learning_rate': 7.5604536700192596e-06, 'epoch': 0.02}
{'loss': 1.0648, 'grad_norm': 2.861765146255493, 'learning_rate': 7.5625936229402965e-06, 'epoch': 0.02}
{'loss': 1.063, 'grad_norm': 3.247609853744507, 'learning_rate': 7.564733575861332e-06, 'epoch': 0.02}
{'loss': 1.1334, 'grad_norm': 3.5721142292022705, 'learning_rate': 7.566873528782367e-06, 'epoch': 0.02}
{'loss': 1.0073, 'grad_norm': 3.0273239612579346, 'learning_rate': 7.569013481703403e-06, 'epoch': 0.02}
{'loss': 0.9134, 'grad_norm': 2.5691137313842773, 'learning_rate': 7.5711534346244385e-06, 'epoch': 0.02}
{'loss': 1.0459, 'grad_norm': 3.1761043071746826, 'learning_rate': 7.573293387545475e-06, 'epoch': 0.02}
{'loss': 0.7563, 'grad_norm': 3.0744025707244873, 'learning_rate': 7.575433340466511e-06, 'epoch': 0.02}
{'loss': 1.1079, 'grad_norm': 3.000058174133301, 'learning_rate': 7.577573293387546e-06, 'epoch': 0.02}
{'loss': 1.0529, 'grad_norm': 3.371215581893921, 'learning_rate': 7.579713246308582e-06, 'epoch': 0.02}
{'loss': 0.8601, 'grad_norm': 2.954996347427368, 'learning_rate': 7.5818531992296174e-06, 'epoch': 0.02}
{'loss': 0.9341, 'grad_norm': 3.0751161575317383, 'learning_rate': 7.5839931521506536e-06, 'epoch': 0.02}
{'loss': 0.9075, 'grad_norm': 2.896639347076416, 'learning_rate': 7.586133105071689e-06, 'epoch': 0.02}
{'loss': 0.9584, 'grad_norm': 3.1781973838806152, 'learning_rate': 7.588273057992724e-06, 'epoch': 0.02}
{'loss': 1.0286, 'grad_norm': 2.8596348762512207, 'learning_rate': 7.590413010913761e-06, 'epoch': 0.02}
{'loss': 0.962, 'grad_norm': 2.8514485359191895, 'learning_rate': 7.592552963834796e-06, 'epoch': 0.02}
{'loss': 1.0949, 'grad_norm': 3.452282190322876, 'learning_rate': 7.5946929167558325e-06, 'epoch': 0.02}
{'loss': 1.216, 'grad_norm': 3.193589687347412, 'learning_rate': 7.596832869676868e-06, 'epoch': 0.02}
{'loss': 0.8619, 'grad_norm': 3.0660648345947266, 'learning_rate': 7.598972822597903e-06, 'epoch': 0.02}
{'loss': 0.8625, 'grad_norm': 2.854710102081299, 'learning_rate': 7.601112775518939e-06, 'epoch': 0.02}
{'loss': 0.977, 'grad_norm': 3.0566227436065674, 'learning_rate': 7.6032527284399745e-06, 'epoch': 0.02}
{'loss': 1.1234, 'grad_norm': 3.2242395877838135, 'learning_rate': 7.60539268136101e-06, 'epoch': 0.02}
{'loss': 1.1094, 'grad_norm': 2.9905130863189697, 'learning_rate': 7.607532634282047e-06, 'epoch': 0.02}
{'loss': 0.8893, 'grad_norm': 2.576188564300537, 'learning_rate': 7.609672587203082e-06, 'epoch': 0.02}
{'loss': 0.9742, 'grad_norm': 2.864870548248291, 'learning_rate': 7.611812540124118e-06, 'epoch': 0.02}
{'loss': 1.101, 'grad_norm': 2.955348491668701, 'learning_rate': 7.6139524930451534e-06, 'epoch': 0.02}
{'loss': 0.8568, 'grad_norm': 2.781416893005371, 'learning_rate': 7.616092445966189e-06, 'epoch': 0.02}
{'loss': 0.9823, 'grad_norm': 2.905508041381836, 'learning_rate': 7.618232398887226e-06, 'epoch': 0.02}
{'loss': 0.8235, 'grad_norm': 2.7231881618499756, 'learning_rate': 7.620372351808261e-06, 'epoch': 0.02}
{'loss': 1.1236, 'grad_norm': 3.038787841796875, 'learning_rate': 7.622512304729297e-06, 'epoch': 0.02}
{'loss': 0.9983, 'grad_norm': 2.7203054428100586, 'learning_rate': 7.624652257650332e-06, 'epoch': 0.02}
{'loss': 0.9896, 'grad_norm': 3.1159017086029053, 'learning_rate': 7.626792210571368e-06, 'epoch': 0.02}
{'loss': 0.8958, 'grad_norm': 3.0296239852905273, 'learning_rate': 7.628932163492404e-06, 'epoch': 0.02}
{'loss': 1.1584, 'grad_norm': 3.1238086223602295, 'learning_rate': 7.631072116413439e-06, 'epoch': 0.02}
{'loss': 0.8851, 'grad_norm': 2.8456568717956543, 'learning_rate': 7.633212069334476e-06, 'epoch': 0.02}
{'loss': 1.068, 'grad_norm': 2.847325325012207, 'learning_rate': 7.635352022255511e-06, 'epoch': 0.02}
{'loss': 0.8404, 'grad_norm': 2.7809340953826904, 'learning_rate': 7.637491975176547e-06, 'epoch': 0.02}
{'loss': 0.9285, 'grad_norm': 2.920517683029175, 'learning_rate': 7.639631928097584e-06, 'epoch': 0.02}
{'loss': 0.9737, 'grad_norm': 2.9921717643737793, 'learning_rate': 7.641771881018619e-06, 'epoch': 0.02}
{'loss': 0.9236, 'grad_norm': 3.031177282333374, 'learning_rate': 7.643911833939654e-06, 'epoch': 0.02}
{'loss': 0.9703, 'grad_norm': 2.8406448364257812, 'learning_rate': 7.64605178686069e-06, 'epoch': 0.02}
{'loss': 0.9628, 'grad_norm': 2.65301775932312, 'learning_rate': 7.648191739781725e-06, 'epoch': 0.02}
{'loss': 1.2146, 'grad_norm': 3.3966126441955566, 'learning_rate': 7.650331692702762e-06, 'epoch': 0.02}
{'loss': 0.9436, 'grad_norm': 2.9591939449310303, 'learning_rate': 7.652471645623797e-06, 'epoch': 0.02}
{'loss': 0.8926, 'grad_norm': 3.225768566131592, 'learning_rate': 7.654611598544832e-06, 'epoch': 0.02}
{'loss': 1.0044, 'grad_norm': 3.150284767150879, 'learning_rate': 7.65675155146587e-06, 'epoch': 0.02}
{'loss': 0.7804, 'grad_norm': 2.5343289375305176, 'learning_rate': 7.658891504386904e-06, 'epoch': 0.02}
{'loss': 0.9219, 'grad_norm': 3.2628862857818604, 'learning_rate': 7.66103145730794e-06, 'epoch': 0.02}
{'loss': 1.0585, 'grad_norm': 3.0167183876037598, 'learning_rate': 7.663171410228975e-06, 'epoch': 0.02}
{'loss': 1.2036, 'grad_norm': 3.2454347610473633, 'learning_rate': 7.66531136315001e-06, 'epoch': 0.02}
{'loss': 1.094, 'grad_norm': 3.1710166931152344, 'learning_rate': 7.667451316071047e-06, 'epoch': 0.02}
{'loss': 1.0638, 'grad_norm': 3.109119415283203, 'learning_rate': 7.669591268992083e-06, 'epoch': 0.02}
{'loss': 0.8576, 'grad_norm': 2.773043632507324, 'learning_rate': 7.67173122191312e-06, 'epoch': 0.02}
{'loss': 1.0461, 'grad_norm': 3.034585475921631, 'learning_rate': 7.673871174834155e-06, 'epoch': 0.02}
{'loss': 0.9608, 'grad_norm': 2.983841896057129, 'learning_rate': 7.67601112775519e-06, 'epoch': 0.02}
{'loss': 1.0229, 'grad_norm': 2.8822720050811768, 'learning_rate': 7.678151080676225e-06, 'epoch': 0.02}
{'loss': 1.126, 'grad_norm': 2.959688663482666, 'learning_rate': 7.68029103359726e-06, 'epoch': 0.02}
{'loss': 1.0363, 'grad_norm': 2.860224723815918, 'learning_rate': 7.682430986518298e-06, 'epoch': 0.02}
{'loss': 0.8475, 'grad_norm': 2.672013998031616, 'learning_rate': 7.684570939439333e-06, 'epoch': 0.02}
{'loss': 0.9693, 'grad_norm': 2.8729171752929688, 'learning_rate': 7.686710892360368e-06, 'epoch': 0.02}
{'loss': 0.9181, 'grad_norm': 2.8231446743011475, 'learning_rate': 7.688850845281405e-06, 'epoch': 0.02}
{'loss': 1.0529, 'grad_norm': 3.083287239074707, 'learning_rate': 7.69099079820244e-06, 'epoch': 0.02}
{'loss': 1.078, 'grad_norm': 3.100665807723999, 'learning_rate': 7.693130751123476e-06, 'epoch': 0.02}
{'loss': 0.9187, 'grad_norm': 2.8718667030334473, 'learning_rate': 7.695270704044511e-06, 'epoch': 0.02}
{'loss': 0.9901, 'grad_norm': 3.274270534515381, 'learning_rate': 7.697410656965546e-06, 'epoch': 0.02}
{'loss': 1.0064, 'grad_norm': 2.7413861751556396, 'learning_rate': 7.699550609886583e-06, 'epoch': 0.02}
{'loss': 0.9641, 'grad_norm': 2.882838249206543, 'learning_rate': 7.701690562807619e-06, 'epoch': 0.02}
{'loss': 1.042, 'grad_norm': 2.9859976768493652, 'learning_rate': 7.703830515728654e-06, 'epoch': 0.02}
{'loss': 0.8441, 'grad_norm': 2.9481725692749023, 'learning_rate': 7.70597046864969e-06, 'epoch': 0.02}
{'loss': 1.0693, 'grad_norm': 3.015822410583496, 'learning_rate': 7.708110421570726e-06, 'epoch': 0.02}
{'loss': 1.0987, 'grad_norm': 3.1389501094818115, 'learning_rate': 7.710250374491763e-06, 'epoch': 0.02}
{'loss': 0.9891, 'grad_norm': 2.810418128967285, 'learning_rate': 7.712390327412798e-06, 'epoch': 0.02}
{'loss': 1.0123, 'grad_norm': 2.9830451011657715, 'learning_rate': 7.714530280333834e-06, 'epoch': 0.02}
{'loss': 1.1152, 'grad_norm': 3.231318235397339, 'learning_rate': 7.716670233254869e-06, 'epoch': 0.02}
{'loss': 0.8863, 'grad_norm': 3.0524709224700928, 'learning_rate': 7.718810186175904e-06, 'epoch': 0.02}
{'loss': 1.1326, 'grad_norm': 3.598984956741333, 'learning_rate': 7.720950139096941e-06, 'epoch': 0.02}
{'loss': 1.1314, 'grad_norm': 3.1448991298675537, 'learning_rate': 7.723090092017976e-06, 'epoch': 0.02}
{'loss': 0.8227, 'grad_norm': 2.758812427520752, 'learning_rate': 7.725230044939012e-06, 'epoch': 0.02}
{'loss': 0.7017, 'grad_norm': 2.698184013366699, 'learning_rate': 7.727369997860049e-06, 'epoch': 0.02}
{'loss': 0.9145, 'grad_norm': 2.9286413192749023, 'learning_rate': 7.729509950781084e-06, 'epoch': 0.02}
{'loss': 1.0693, 'grad_norm': 3.01041841506958, 'learning_rate': 7.73164990370212e-06, 'epoch': 0.02}
{'loss': 1.0604, 'grad_norm': 3.242870807647705, 'learning_rate': 7.733789856623155e-06, 'epoch': 0.02}
{'loss': 0.97, 'grad_norm': 3.1889121532440186, 'learning_rate': 7.73592980954419e-06, 'epoch': 0.02}
{'loss': 1.2795, 'grad_norm': 3.0216879844665527, 'learning_rate': 7.738069762465227e-06, 'epoch': 0.02}
{'loss': 1.0259, 'grad_norm': 2.7892887592315674, 'learning_rate': 7.740209715386262e-06, 'epoch': 0.02}
{'loss': 1.0578, 'grad_norm': 3.1139211654663086, 'learning_rate': 7.742349668307297e-06, 'epoch': 0.02}
{'loss': 0.9739, 'grad_norm': 3.0775182247161865, 'learning_rate': 7.744489621228334e-06, 'epoch': 0.02}
{'loss': 1.0144, 'grad_norm': 2.802382230758667, 'learning_rate': 7.74662957414937e-06, 'epoch': 0.02}
{'loss': 0.8458, 'grad_norm': 2.983722448348999, 'learning_rate': 7.748769527070405e-06, 'epoch': 0.02}
{'loss': 0.6955, 'grad_norm': 2.4036333560943604, 'learning_rate': 7.75090947999144e-06, 'epoch': 0.02}
{'loss': 0.7666, 'grad_norm': 2.744011878967285, 'learning_rate': 7.753049432912475e-06, 'epoch': 0.02}
{'loss': 0.8725, 'grad_norm': 3.0629053115844727, 'learning_rate': 7.755189385833512e-06, 'epoch': 0.02}
{'loss': 0.9791, 'grad_norm': 2.9884839057922363, 'learning_rate': 7.757329338754548e-06, 'epoch': 0.02}
{'loss': 0.974, 'grad_norm': 2.7668914794921875, 'learning_rate': 7.759469291675585e-06, 'epoch': 0.02}
{'loss': 0.9081, 'grad_norm': 2.8280317783355713, 'learning_rate': 7.76160924459662e-06, 'epoch': 0.02}
{'loss': 1.019, 'grad_norm': 3.112950086593628, 'learning_rate': 7.763749197517655e-06, 'epoch': 0.02}
{'loss': 1.2245, 'grad_norm': 2.944638967514038, 'learning_rate': 7.76588915043869e-06, 'epoch': 0.02}
{'loss': 0.9532, 'grad_norm': 2.629042148590088, 'learning_rate': 7.768029103359726e-06, 'epoch': 0.02}
{'loss': 0.7119, 'grad_norm': 2.8300421237945557, 'learning_rate': 7.770169056280763e-06, 'epoch': 0.02}
{'loss': 0.9394, 'grad_norm': 2.8482046127319336, 'learning_rate': 7.772309009201798e-06, 'epoch': 0.02}
{'loss': 1.2469, 'grad_norm': 3.220889091491699, 'learning_rate': 7.774448962122833e-06, 'epoch': 0.02}
{'loss': 1.1041, 'grad_norm': 2.9897096157073975, 'learning_rate': 7.77658891504387e-06, 'epoch': 0.02}
{'loss': 0.908, 'grad_norm': 3.0502705574035645, 'learning_rate': 7.778728867964906e-06, 'epoch': 0.02}
{'loss': 0.9301, 'grad_norm': 2.9454591274261475, 'learning_rate': 7.780868820885941e-06, 'epoch': 0.02}
{'loss': 0.8408, 'grad_norm': 2.688807249069214, 'learning_rate': 7.783008773806978e-06, 'epoch': 0.02}
{'loss': 0.8487, 'grad_norm': 2.8424453735351562, 'learning_rate': 7.785148726728013e-06, 'epoch': 0.02}
{'loss': 0.9089, 'grad_norm': 2.669620990753174, 'learning_rate': 7.787288679649048e-06, 'epoch': 0.02}
{'loss': 1.0009, 'grad_norm': 2.9401230812072754, 'learning_rate': 7.789428632570084e-06, 'epoch': 0.02}
{'loss': 0.7649, 'grad_norm': 2.588102340698242, 'learning_rate': 7.791568585491119e-06, 'epoch': 0.02}
{'loss': 0.9451, 'grad_norm': 2.7911503314971924, 'learning_rate': 7.793708538412156e-06, 'epoch': 0.02}
{'loss': 1.0452, 'grad_norm': 3.075559139251709, 'learning_rate': 7.795848491333191e-06, 'epoch': 0.02}
{'loss': 1.0968, 'grad_norm': 3.161064863204956, 'learning_rate': 7.797988444254228e-06, 'epoch': 0.02}
{'loss': 0.9926, 'grad_norm': 2.783438205718994, 'learning_rate': 7.800128397175263e-06, 'epoch': 0.02}
{'loss': 1.0966, 'grad_norm': 3.328937292098999, 'learning_rate': 7.802268350096299e-06, 'epoch': 0.02}
{'loss': 0.9788, 'grad_norm': 2.7256555557250977, 'learning_rate': 7.804408303017334e-06, 'epoch': 0.02}
{'loss': 0.8243, 'grad_norm': 2.7059526443481445, 'learning_rate': 7.80654825593837e-06, 'epoch': 0.02}
{'loss': 0.8403, 'grad_norm': 2.6791205406188965, 'learning_rate': 7.808688208859406e-06, 'epoch': 0.02}
{'loss': 0.7467, 'grad_norm': 1.9693959951400757, 'learning_rate': 7.810828161780442e-06, 'epoch': 0.02}
{'loss': 0.8462, 'grad_norm': 2.928589105606079, 'learning_rate': 7.812968114701477e-06, 'epoch': 0.02}
{'loss': 0.8998, 'grad_norm': 3.0382955074310303, 'learning_rate': 7.815108067622514e-06, 'epoch': 0.02}
{'loss': 0.9789, 'grad_norm': 2.7495977878570557, 'learning_rate': 7.817248020543549e-06, 'epoch': 0.02}
{'loss': 0.9213, 'grad_norm': 2.954632520675659, 'learning_rate': 7.819387973464584e-06, 'epoch': 0.02}
{'loss': 1.1789, 'grad_norm': 3.226994276046753, 'learning_rate': 7.82152792638562e-06, 'epoch': 0.02}
{'loss': 1.1853, 'grad_norm': 3.0978610515594482, 'learning_rate': 7.823667879306655e-06, 'epoch': 0.02}
{'loss': 0.889, 'grad_norm': 3.2277092933654785, 'learning_rate': 7.825807832227692e-06, 'epoch': 0.02}
{'loss': 0.8089, 'grad_norm': 2.5740272998809814, 'learning_rate': 7.827947785148727e-06, 'epoch': 0.02}
{'loss': 1.0262, 'grad_norm': 3.1451988220214844, 'learning_rate': 7.830087738069762e-06, 'epoch': 0.02}
{'loss': 0.9141, 'grad_norm': 3.130537986755371, 'learning_rate': 7.8322276909908e-06, 'epoch': 0.02}
{'loss': 0.9552, 'grad_norm': 3.177274227142334, 'learning_rate': 7.834367643911835e-06, 'epoch': 0.02}
{'loss': 0.8392, 'grad_norm': 2.8485679626464844, 'learning_rate': 7.83650759683287e-06, 'epoch': 0.02}
{'loss': 1.0015, 'grad_norm': 3.134413719177246, 'learning_rate': 7.838647549753905e-06, 'epoch': 0.02}
{'loss': 0.8033, 'grad_norm': 2.6392159461975098, 'learning_rate': 7.84078750267494e-06, 'epoch': 0.02}
{'loss': 0.978, 'grad_norm': 3.0747218132019043, 'learning_rate': 7.842927455595978e-06, 'epoch': 0.02}
{'loss': 1.0287, 'grad_norm': 2.9348247051239014, 'learning_rate': 7.845067408517013e-06, 'epoch': 0.02}
{'loss': 1.0114, 'grad_norm': 2.7998862266540527, 'learning_rate': 7.84720736143805e-06, 'epoch': 0.02}
{'loss': 1.1381, 'grad_norm': 3.047724485397339, 'learning_rate': 7.849347314359085e-06, 'epoch': 0.02}
{'loss': 1.0625, 'grad_norm': 2.8585400581359863, 'learning_rate': 7.85148726728012e-06, 'epoch': 0.02}
{'loss': 1.0198, 'grad_norm': 3.4225738048553467, 'learning_rate': 7.853627220201157e-06, 'epoch': 0.02}
{'loss': 1.0682, 'grad_norm': 3.1106224060058594, 'learning_rate': 7.855767173122193e-06, 'epoch': 0.02}
{'loss': 1.0517, 'grad_norm': 3.0176217555999756, 'learning_rate': 7.857907126043228e-06, 'epoch': 0.02}
{'loss': 1.0368, 'grad_norm': 3.2335562705993652, 'learning_rate': 7.860047078964263e-06, 'epoch': 0.02}
{'loss': 1.0855, 'grad_norm': 3.22314715385437, 'learning_rate': 7.862187031885298e-06, 'epoch': 0.02}
{'loss': 1.1127, 'grad_norm': 3.3313207626342773, 'learning_rate': 7.864326984806335e-06, 'epoch': 0.02}
{'loss': 0.8781, 'grad_norm': 2.9345316886901855, 'learning_rate': 7.86646693772737e-06, 'epoch': 0.02}
{'loss': 0.7719, 'grad_norm': 2.634751081466675, 'learning_rate': 7.868606890648406e-06, 'epoch': 0.02}
{'loss': 0.9223, 'grad_norm': 3.1015281677246094, 'learning_rate': 7.870746843569443e-06, 'epoch': 0.02}
{'loss': 1.1828, 'grad_norm': 3.022697687149048, 'learning_rate': 7.872886796490478e-06, 'epoch': 0.02}
{'loss': 0.8851, 'grad_norm': 2.838876724243164, 'learning_rate': 7.875026749411514e-06, 'epoch': 0.02}
{'loss': 1.0068, 'grad_norm': 3.090682029724121, 'learning_rate': 7.877166702332549e-06, 'epoch': 0.02}
{'loss': 1.0613, 'grad_norm': 2.892787456512451, 'learning_rate': 7.879306655253584e-06, 'epoch': 0.02}
{'loss': 0.8997, 'grad_norm': 2.7339534759521484, 'learning_rate': 7.881446608174621e-06, 'epoch': 0.02}
{'loss': 0.7764, 'grad_norm': 2.7142906188964844, 'learning_rate': 7.883586561095656e-06, 'epoch': 0.02}
{'loss': 1.1082, 'grad_norm': 3.099030017852783, 'learning_rate': 7.885726514016693e-06, 'epoch': 0.02}
{'loss': 0.8527, 'grad_norm': 2.6422274112701416, 'learning_rate': 7.887866466937729e-06, 'epoch': 0.02}
{'loss': 0.8329, 'grad_norm': 2.8548262119293213, 'learning_rate': 7.890006419858764e-06, 'epoch': 0.02}
{'loss': 0.961, 'grad_norm': 2.8547492027282715, 'learning_rate': 7.892146372779799e-06, 'epoch': 0.02}
{'loss': 0.711, 'grad_norm': 2.571377992630005, 'learning_rate': 7.894286325700834e-06, 'epoch': 0.02}
{'loss': 0.6583, 'grad_norm': 2.1028521060943604, 'learning_rate': 7.896426278621871e-06, 'epoch': 0.02}
{'loss': 0.9057, 'grad_norm': 2.947597026824951, 'learning_rate': 7.898566231542907e-06, 'epoch': 0.02}
{'loss': 1.2675, 'grad_norm': 3.3919565677642822, 'learning_rate': 7.900706184463942e-06, 'epoch': 0.02}
{'loss': 1.198, 'grad_norm': 3.178828477859497, 'learning_rate': 7.902846137384979e-06, 'epoch': 0.02}
{'loss': 1.0407, 'grad_norm': 3.2221336364746094, 'learning_rate': 7.904986090306014e-06, 'epoch': 0.02}
{'loss': 1.1164, 'grad_norm': 3.2039129734039307, 'learning_rate': 7.90712604322705e-06, 'epoch': 0.02}
{'loss': 0.9564, 'grad_norm': 3.2213845252990723, 'learning_rate': 7.909265996148085e-06, 'epoch': 0.02}
{'loss': 1.0192, 'grad_norm': 3.0214853286743164, 'learning_rate': 7.91140594906912e-06, 'epoch': 0.02}
{'loss': 0.9722, 'grad_norm': 3.0512454509735107, 'learning_rate': 7.913545901990157e-06, 'epoch': 0.02}
{'loss': 0.9216, 'grad_norm': 2.7980146408081055, 'learning_rate': 7.915685854911192e-06, 'epoch': 0.02}
{'loss': 0.9547, 'grad_norm': 2.8373022079467773, 'learning_rate': 7.917825807832228e-06, 'epoch': 0.02}
{'loss': 0.9274, 'grad_norm': 3.1457278728485107, 'learning_rate': 7.919965760753265e-06, 'epoch': 0.02}
{'loss': 1.0142, 'grad_norm': 3.1246559619903564, 'learning_rate': 7.9221057136743e-06, 'epoch': 0.02}
{'loss': 0.9651, 'grad_norm': 2.9067373275756836, 'learning_rate': 7.924245666595337e-06, 'epoch': 0.02}
{'loss': 0.6481, 'grad_norm': 2.5555245876312256, 'learning_rate': 7.926385619516372e-06, 'epoch': 0.02}
{'loss': 0.845, 'grad_norm': 3.061573028564453, 'learning_rate': 7.928525572437407e-06, 'epoch': 0.02}
{'loss': 0.8446, 'grad_norm': 2.9346327781677246, 'learning_rate': 7.930665525358443e-06, 'epoch': 0.02}
{'loss': 0.9099, 'grad_norm': 3.0052831172943115, 'learning_rate': 7.932805478279478e-06, 'epoch': 0.02}
{'loss': 0.9596, 'grad_norm': 3.421348810195923, 'learning_rate': 7.934945431200515e-06, 'epoch': 0.02}
{'loss': 1.1624, 'grad_norm': 3.359750986099243, 'learning_rate': 7.93708538412155e-06, 'epoch': 0.02}
{'loss': 0.9668, 'grad_norm': 3.2739388942718506, 'learning_rate': 7.939225337042585e-06, 'epoch': 0.02}
{'loss': 1.1793, 'grad_norm': 3.7430801391601562, 'learning_rate': 7.941365289963622e-06, 'epoch': 0.02}
{'loss': 0.9147, 'grad_norm': 3.163513422012329, 'learning_rate': 7.943505242884658e-06, 'epoch': 0.02}
{'loss': 0.9628, 'grad_norm': 3.349276542663574, 'learning_rate': 7.945645195805693e-06, 'epoch': 0.02}
{'loss': 0.764, 'grad_norm': 2.267575263977051, 'learning_rate': 7.947785148726728e-06, 'epoch': 0.02}
{'loss': 0.9503, 'grad_norm': 3.4095425605773926, 'learning_rate': 7.949925101647764e-06, 'epoch': 0.02}
{'loss': 1.1077, 'grad_norm': 3.3869307041168213, 'learning_rate': 7.9520650545688e-06, 'epoch': 0.02}
{'loss': 0.903, 'grad_norm': 2.940828800201416, 'learning_rate': 7.954205007489836e-06, 'epoch': 0.02}
{'loss': 1.0259, 'grad_norm': 3.272186517715454, 'learning_rate': 7.956344960410871e-06, 'epoch': 0.02}
{'loss': 0.9133, 'grad_norm': 3.5457234382629395, 'learning_rate': 7.958484913331908e-06, 'epoch': 0.02}
{'loss': 0.8502, 'grad_norm': 3.001446008682251, 'learning_rate': 7.960624866252943e-06, 'epoch': 0.02}
{'loss': 0.9858, 'grad_norm': 2.5851025581359863, 'learning_rate': 7.962764819173979e-06, 'epoch': 0.02}
{'loss': 0.8341, 'grad_norm': 2.786334991455078, 'learning_rate': 7.964904772095014e-06, 'epoch': 0.02}
{'loss': 0.8235, 'grad_norm': 2.813249111175537, 'learning_rate': 7.96704472501605e-06, 'epoch': 0.02}
{'loss': 1.3647, 'grad_norm': 3.5916993618011475, 'learning_rate': 7.969184677937086e-06, 'epoch': 0.02}
{'loss': 1.0256, 'grad_norm': 3.189114809036255, 'learning_rate': 7.971324630858121e-06, 'epoch': 0.02}
{'loss': 0.9797, 'grad_norm': 3.3035502433776855, 'learning_rate': 7.973464583779158e-06, 'epoch': 0.02}
{'loss': 1.0822, 'grad_norm': 4.132959842681885, 'learning_rate': 7.975604536700194e-06, 'epoch': 0.02}
{'loss': 1.0366, 'grad_norm': 2.9960691928863525, 'learning_rate': 7.977744489621229e-06, 'epoch': 0.02}
{'loss': 0.969, 'grad_norm': 3.04207444190979, 'learning_rate': 7.979884442542264e-06, 'epoch': 0.02}
{'loss': 0.9344, 'grad_norm': 2.8117074966430664, 'learning_rate': 7.9820243954633e-06, 'epoch': 0.02}
{'loss': 0.9541, 'grad_norm': 2.760253667831421, 'learning_rate': 7.984164348384337e-06, 'epoch': 0.02}
{'loss': 0.9193, 'grad_norm': 2.793994903564453, 'learning_rate': 7.986304301305372e-06, 'epoch': 0.02}
{'loss': 0.8004, 'grad_norm': 2.7978222370147705, 'learning_rate': 7.988444254226407e-06, 'epoch': 0.02}
{'loss': 0.978, 'grad_norm': 2.680199384689331, 'learning_rate': 7.990584207147444e-06, 'epoch': 0.02}
{'loss': 1.0553, 'grad_norm': 2.9571785926818848, 'learning_rate': 7.99272416006848e-06, 'epoch': 0.02}
{'loss': 1.2643, 'grad_norm': 3.2592437267303467, 'learning_rate': 7.994864112989515e-06, 'epoch': 0.02}
{'loss': 1.1693, 'grad_norm': 2.901989459991455, 'learning_rate': 7.997004065910552e-06, 'epoch': 0.02}
{'loss': 0.9294, 'grad_norm': 2.8003780841827393, 'learning_rate': 7.999144018831587e-06, 'epoch': 0.02}
{'loss': 0.901, 'grad_norm': 3.063697338104248, 'learning_rate': 8.001283971752622e-06, 'epoch': 0.02}
{'loss': 1.1332, 'grad_norm': 3.491006851196289, 'learning_rate': 8.003423924673657e-06, 'epoch': 0.02}
{'loss': 0.8663, 'grad_norm': 2.893021583557129, 'learning_rate': 8.005563877594693e-06, 'epoch': 0.02}
{'loss': 1.0228, 'grad_norm': 2.8446171283721924, 'learning_rate': 8.00770383051573e-06, 'epoch': 0.02}
{'loss': 0.8072, 'grad_norm': 2.7750627994537354, 'learning_rate': 8.009843783436765e-06, 'epoch': 0.02}
{'loss': 0.8664, 'grad_norm': 2.734224796295166, 'learning_rate': 8.011983736357802e-06, 'epoch': 0.02}
{'loss': 0.9129, 'grad_norm': 3.074242115020752, 'learning_rate': 8.014123689278837e-06, 'epoch': 0.02}
{'loss': 0.9637, 'grad_norm': 2.7699596881866455, 'learning_rate': 8.016263642199873e-06, 'epoch': 0.02}
{'loss': 0.8983, 'grad_norm': 2.8166606426239014, 'learning_rate': 8.018403595120908e-06, 'epoch': 0.02}
{'loss': 0.8473, 'grad_norm': 2.907043695449829, 'learning_rate': 8.020543548041943e-06, 'epoch': 0.02}
{'loss': 0.9923, 'grad_norm': 2.9833688735961914, 'learning_rate': 8.02268350096298e-06, 'epoch': 0.02}
{'loss': 0.8909, 'grad_norm': 2.8905320167541504, 'learning_rate': 8.024823453884015e-06, 'epoch': 0.02}
{'loss': 0.8299, 'grad_norm': 2.7623071670532227, 'learning_rate': 8.02696340680505e-06, 'epoch': 0.02}
{'loss': 0.6573, 'grad_norm': 2.319812059402466, 'learning_rate': 8.029103359726088e-06, 'epoch': 0.02}
{'loss': 0.9442, 'grad_norm': 3.0599887371063232, 'learning_rate': 8.031243312647123e-06, 'epoch': 0.02}
{'loss': 0.9759, 'grad_norm': 3.034937620162964, 'learning_rate': 8.033383265568158e-06, 'epoch': 0.02}
{'loss': 0.9319, 'grad_norm': 2.8692657947540283, 'learning_rate': 8.035523218489193e-06, 'epoch': 0.02}
{'loss': 0.7318, 'grad_norm': 2.313106060028076, 'learning_rate': 8.037663171410229e-06, 'epoch': 0.02}
{'loss': 1.0721, 'grad_norm': 2.7582104206085205, 'learning_rate': 8.039803124331266e-06, 'epoch': 0.02}
{'loss': 0.9881, 'grad_norm': 2.6822333335876465, 'learning_rate': 8.041943077252301e-06, 'epoch': 0.02}
{'loss': 0.9135, 'grad_norm': 2.9197981357574463, 'learning_rate': 8.044083030173336e-06, 'epoch': 0.02}
{'loss': 0.931, 'grad_norm': 2.902087688446045, 'learning_rate': 8.046222983094373e-06, 'epoch': 0.02}
{'loss': 0.934, 'grad_norm': 2.7343215942382812, 'learning_rate': 8.048362936015408e-06, 'epoch': 0.02}
{'loss': 0.9811, 'grad_norm': 2.9028401374816895, 'learning_rate': 8.050502888936444e-06, 'epoch': 0.02}
{'loss': 0.81, 'grad_norm': 2.5261611938476562, 'learning_rate': 8.052642841857479e-06, 'epoch': 0.02}
{'loss': 0.8495, 'grad_norm': 3.0065653324127197, 'learning_rate': 8.054782794778514e-06, 'epoch': 0.02}
{'loss': 0.9024, 'grad_norm': 2.9415929317474365, 'learning_rate': 8.056922747699551e-06, 'epoch': 0.02}
{'loss': 0.9833, 'grad_norm': 3.098656415939331, 'learning_rate': 8.059062700620587e-06, 'epoch': 0.02}
{'loss': 0.9638, 'grad_norm': 3.224010705947876, 'learning_rate': 8.061202653541624e-06, 'epoch': 0.02}
{'loss': 1.0521, 'grad_norm': 2.900078296661377, 'learning_rate': 8.063342606462659e-06, 'epoch': 0.02}
{'loss': 1.0777, 'grad_norm': 3.1166796684265137, 'learning_rate': 8.065482559383694e-06, 'epoch': 0.02}
{'loss': 1.1602, 'grad_norm': 3.14905047416687, 'learning_rate': 8.067622512304731e-06, 'epoch': 0.02}
{'loss': 1.0289, 'grad_norm': 3.0809340476989746, 'learning_rate': 8.069762465225766e-06, 'epoch': 0.02}
{'loss': 1.2061, 'grad_norm': 3.0593719482421875, 'learning_rate': 8.071902418146802e-06, 'epoch': 0.02}
{'loss': 0.9745, 'grad_norm': 3.100383996963501, 'learning_rate': 8.074042371067837e-06, 'epoch': 0.02}
{'loss': 1.1398, 'grad_norm': 3.0471835136413574, 'learning_rate': 8.076182323988872e-06, 'epoch': 0.02}
{'loss': 1.0526, 'grad_norm': 2.973741054534912, 'learning_rate': 8.07832227690991e-06, 'epoch': 0.02}
{'loss': 0.8848, 'grad_norm': 2.985839605331421, 'learning_rate': 8.080462229830944e-06, 'epoch': 0.02}
{'loss': 0.8308, 'grad_norm': 2.927608013153076, 'learning_rate': 8.08260218275198e-06, 'epoch': 0.02}
{'loss': 0.9184, 'grad_norm': 2.995262622833252, 'learning_rate': 8.084742135673017e-06, 'epoch': 0.02}
{'loss': 1.1249, 'grad_norm': 2.8544394969940186, 'learning_rate': 8.086882088594052e-06, 'epoch': 0.02}
{'loss': 0.8372, 'grad_norm': 2.8731679916381836, 'learning_rate': 8.089022041515087e-06, 'epoch': 0.02}
{'loss': 0.8589, 'grad_norm': 2.414508581161499, 'learning_rate': 8.091161994436123e-06, 'epoch': 0.02}
{'loss': 1.0083, 'grad_norm': 2.8609619140625, 'learning_rate': 8.093301947357158e-06, 'epoch': 0.02}
{'loss': 0.9211, 'grad_norm': 2.8597240447998047, 'learning_rate': 8.095441900278195e-06, 'epoch': 0.02}
{'loss': 0.8083, 'grad_norm': 2.873004913330078, 'learning_rate': 8.09758185319923e-06, 'epoch': 0.02}
{'loss': 0.8843, 'grad_norm': 2.8150370121002197, 'learning_rate': 8.099721806120267e-06, 'epoch': 0.02}
{'loss': 0.9887, 'grad_norm': 2.8313257694244385, 'learning_rate': 8.101861759041302e-06, 'epoch': 0.02}
{'loss': 0.8066, 'grad_norm': 3.1137197017669678, 'learning_rate': 8.104001711962338e-06, 'epoch': 0.02}
{'loss': 1.0785, 'grad_norm': 3.0807409286499023, 'learning_rate': 8.106141664883373e-06, 'epoch': 0.02}
{'loss': 0.9914, 'grad_norm': 2.8834307193756104, 'learning_rate': 8.108281617804408e-06, 'epoch': 0.02}
{'loss': 0.937, 'grad_norm': 2.7084105014801025, 'learning_rate': 8.110421570725445e-06, 'epoch': 0.02}
{'loss': 1.0519, 'grad_norm': 3.0083162784576416, 'learning_rate': 8.11256152364648e-06, 'epoch': 0.02}
{'loss': 0.9329, 'grad_norm': 2.9223992824554443, 'learning_rate': 8.114701476567516e-06, 'epoch': 0.02}
{'loss': 0.7416, 'grad_norm': 2.6659393310546875, 'learning_rate': 8.116841429488553e-06, 'epoch': 0.02}
{'loss': 1.0755, 'grad_norm': 3.079587936401367, 'learning_rate': 8.118981382409588e-06, 'epoch': 0.02}
{'loss': 0.9777, 'grad_norm': 2.8053600788116455, 'learning_rate': 8.121121335330623e-06, 'epoch': 0.02}
{'loss': 0.7917, 'grad_norm': 2.741509437561035, 'learning_rate': 8.123261288251659e-06, 'epoch': 0.02}
{'loss': 1.0319, 'grad_norm': 3.0574944019317627, 'learning_rate': 8.125401241172694e-06, 'epoch': 0.02}
{'loss': 0.9858, 'grad_norm': 3.088268280029297, 'learning_rate': 8.12754119409373e-06, 'epoch': 0.02}
{'loss': 0.9744, 'grad_norm': 3.1994900703430176, 'learning_rate': 8.129681147014766e-06, 'epoch': 0.02}
{'loss': 0.6702, 'grad_norm': 2.924947500228882, 'learning_rate': 8.131821099935801e-06, 'epoch': 0.02}
{'loss': 0.9505, 'grad_norm': 2.770747661590576, 'learning_rate': 8.133961052856838e-06, 'epoch': 0.02}
{'loss': 0.767, 'grad_norm': 2.566537618637085, 'learning_rate': 8.136101005777874e-06, 'epoch': 0.02}
{'loss': 0.8319, 'grad_norm': 2.7790465354919434, 'learning_rate': 8.138240958698909e-06, 'epoch': 0.02}
{'loss': 0.7963, 'grad_norm': 2.7450642585754395, 'learning_rate': 8.140380911619946e-06, 'epoch': 0.02}
{'loss': 0.9707, 'grad_norm': 2.87726092338562, 'learning_rate': 8.142520864540981e-06, 'epoch': 0.02}
{'loss': 0.9063, 'grad_norm': 2.739251136779785, 'learning_rate': 8.144660817462016e-06, 'epoch': 0.02}
{'loss': 0.7983, 'grad_norm': 2.5658979415893555, 'learning_rate': 8.146800770383052e-06, 'epoch': 0.02}
{'loss': 1.0229, 'grad_norm': 2.9470927715301514, 'learning_rate': 8.148940723304089e-06, 'epoch': 0.02}
{'loss': 1.1013, 'grad_norm': 3.095871925354004, 'learning_rate': 8.151080676225124e-06, 'epoch': 0.02}
{'loss': 0.8628, 'grad_norm': 2.7190451622009277, 'learning_rate': 8.15322062914616e-06, 'epoch': 0.02}
{'loss': 0.9757, 'grad_norm': 2.668774366378784, 'learning_rate': 8.155360582067196e-06, 'epoch': 0.02}
{'loss': 0.9827, 'grad_norm': 2.772470712661743, 'learning_rate': 8.157500534988232e-06, 'epoch': 0.02}
{'loss': 0.9924, 'grad_norm': 2.8976962566375732, 'learning_rate': 8.159640487909267e-06, 'epoch': 0.02}
{'loss': 1.1375, 'grad_norm': 3.1469881534576416, 'learning_rate': 8.161780440830302e-06, 'epoch': 0.02}
{'loss': 1.2359, 'grad_norm': 3.410268545150757, 'learning_rate': 8.163920393751337e-06, 'epoch': 0.02}
{'loss': 0.6789, 'grad_norm': 2.1605372428894043, 'learning_rate': 8.166060346672374e-06, 'epoch': 0.02}
{'loss': 1.2891, 'grad_norm': 2.9714901447296143, 'learning_rate': 8.16820029959341e-06, 'epoch': 0.02}
{'loss': 0.9482, 'grad_norm': 3.07887864112854, 'learning_rate': 8.170340252514445e-06, 'epoch': 0.02}
{'loss': 0.895, 'grad_norm': 2.6322271823883057, 'learning_rate': 8.172480205435482e-06, 'epoch': 0.02}
{'loss': 0.8424, 'grad_norm': 2.7030038833618164, 'learning_rate': 8.174620158356517e-06, 'epoch': 0.02}
{'loss': 0.9265, 'grad_norm': 2.739541530609131, 'learning_rate': 8.176760111277552e-06, 'epoch': 0.02}
{'loss': 1.0517, 'grad_norm': 3.17523455619812, 'learning_rate': 8.178900064198588e-06, 'epoch': 0.02}
{'loss': 0.9859, 'grad_norm': 3.205033540725708, 'learning_rate': 8.181040017119623e-06, 'epoch': 0.02}
{'loss': 0.9927, 'grad_norm': 2.8254613876342773, 'learning_rate': 8.18317997004066e-06, 'epoch': 0.02}
{'loss': 0.8795, 'grad_norm': 2.780701160430908, 'learning_rate': 8.185319922961695e-06, 'epoch': 0.02}
{'loss': 0.8442, 'grad_norm': 2.8176543712615967, 'learning_rate': 8.187459875882732e-06, 'epoch': 0.02}
{'loss': 0.8824, 'grad_norm': 3.2529492378234863, 'learning_rate': 8.189599828803767e-06, 'epoch': 0.02}
{'loss': 1.2325, 'grad_norm': 2.939631462097168, 'learning_rate': 8.191739781724803e-06, 'epoch': 0.02}
{'loss': 0.9829, 'grad_norm': 2.766716957092285, 'learning_rate': 8.193879734645838e-06, 'epoch': 0.02}
{'loss': 0.862, 'grad_norm': 2.759878396987915, 'learning_rate': 8.196019687566873e-06, 'epoch': 0.02}
{'loss': 1.1428, 'grad_norm': 3.076706647872925, 'learning_rate': 8.19815964048791e-06, 'epoch': 0.02}
{'loss': 0.7673, 'grad_norm': 2.539522647857666, 'learning_rate': 8.200299593408946e-06, 'epoch': 0.02}
{'loss': 0.9236, 'grad_norm': 2.6954524517059326, 'learning_rate': 8.202439546329981e-06, 'epoch': 0.02}
{'loss': 1.0344, 'grad_norm': 2.852452278137207, 'learning_rate': 8.204579499251018e-06, 'epoch': 0.02}
{'loss': 0.8686, 'grad_norm': 2.5959951877593994, 'learning_rate': 8.206719452172053e-06, 'epoch': 0.02}
{'loss': 1.1977, 'grad_norm': 2.996901750564575, 'learning_rate': 8.208859405093088e-06, 'epoch': 0.02}
{'loss': 1.0314, 'grad_norm': 2.993485927581787, 'learning_rate': 8.210999358014124e-06, 'epoch': 0.02}
{'loss': 0.8971, 'grad_norm': 2.7780191898345947, 'learning_rate': 8.21313931093516e-06, 'epoch': 0.02}
{'loss': 0.955, 'grad_norm': 2.8694334030151367, 'learning_rate': 8.215279263856196e-06, 'epoch': 0.02}
{'loss': 0.8806, 'grad_norm': 2.882948875427246, 'learning_rate': 8.217419216777231e-06, 'epoch': 0.02}
{'loss': 0.7157, 'grad_norm': 2.1773488521575928, 'learning_rate': 8.219559169698266e-06, 'epoch': 0.02}
{'loss': 1.0371, 'grad_norm': 2.9310426712036133, 'learning_rate': 8.221699122619303e-06, 'epoch': 0.02}
{'loss': 1.1692, 'grad_norm': 3.243279218673706, 'learning_rate': 8.223839075540339e-06, 'epoch': 0.02}
{'loss': 0.8567, 'grad_norm': 2.7468836307525635, 'learning_rate': 8.225979028461376e-06, 'epoch': 0.02}
{'loss': 0.7095, 'grad_norm': 2.5014636516571045, 'learning_rate': 8.228118981382411e-06, 'epoch': 0.02}
{'loss': 0.8276, 'grad_norm': 2.7317278385162354, 'learning_rate': 8.230258934303446e-06, 'epoch': 0.02}
{'loss': 0.8693, 'grad_norm': 3.142782688140869, 'learning_rate': 8.232398887224482e-06, 'epoch': 0.02}
{'loss': 0.6685, 'grad_norm': 2.229830503463745, 'learning_rate': 8.234538840145517e-06, 'epoch': 0.02}
{'loss': 0.8583, 'grad_norm': 2.79823637008667, 'learning_rate': 8.236678793066554e-06, 'epoch': 0.02}
{'loss': 0.9192, 'grad_norm': 3.0114450454711914, 'learning_rate': 8.238818745987589e-06, 'epoch': 0.02}
{'loss': 0.8105, 'grad_norm': 2.673128843307495, 'learning_rate': 8.240958698908624e-06, 'epoch': 0.02}
{'loss': 0.9212, 'grad_norm': 3.0976030826568604, 'learning_rate': 8.243098651829661e-06, 'epoch': 0.02}
{'loss': 1.218, 'grad_norm': 3.193373680114746, 'learning_rate': 8.245238604750697e-06, 'epoch': 0.02}
{'loss': 1.1483, 'grad_norm': 3.085787057876587, 'learning_rate': 8.247378557671732e-06, 'epoch': 0.02}
{'loss': 0.8513, 'grad_norm': 2.936962366104126, 'learning_rate': 8.249518510592767e-06, 'epoch': 0.02}
{'loss': 0.9693, 'grad_norm': 2.933446168899536, 'learning_rate': 8.251658463513802e-06, 'epoch': 0.02}
{'loss': 1.1168, 'grad_norm': 3.1417672634124756, 'learning_rate': 8.25379841643484e-06, 'epoch': 0.02}
{'loss': 0.9735, 'grad_norm': 2.830718994140625, 'learning_rate': 8.255938369355875e-06, 'epoch': 0.02}
{'loss': 0.9173, 'grad_norm': 2.62406325340271, 'learning_rate': 8.25807832227691e-06, 'epoch': 0.02}
{'loss': 0.9238, 'grad_norm': 3.050612688064575, 'learning_rate': 8.260218275197947e-06, 'epoch': 0.02}
{'loss': 0.8749, 'grad_norm': 2.762765407562256, 'learning_rate': 8.262358228118982e-06, 'epoch': 0.02}
{'loss': 0.9651, 'grad_norm': 2.798579692840576, 'learning_rate': 8.264498181040018e-06, 'epoch': 0.02}
{'loss': 1.1171, 'grad_norm': 3.2866692543029785, 'learning_rate': 8.266638133961053e-06, 'epoch': 0.02}
{'loss': 1.0329, 'grad_norm': 3.1894798278808594, 'learning_rate': 8.268778086882088e-06, 'epoch': 0.02}
{'loss': 0.8327, 'grad_norm': 2.853731870651245, 'learning_rate': 8.270918039803125e-06, 'epoch': 0.02}
{'loss': 0.9099, 'grad_norm': 2.697706937789917, 'learning_rate': 8.27305799272416e-06, 'epoch': 0.02}
{'loss': 1.1083, 'grad_norm': 3.507293462753296, 'learning_rate': 8.275197945645197e-06, 'epoch': 0.02}
{'loss': 1.0555, 'grad_norm': 3.1872551441192627, 'learning_rate': 8.277337898566233e-06, 'epoch': 0.02}
{'loss': 0.8442, 'grad_norm': 2.9533565044403076, 'learning_rate': 8.279477851487268e-06, 'epoch': 0.02}
{'loss': 1.0845, 'grad_norm': 2.9645237922668457, 'learning_rate': 8.281617804408303e-06, 'epoch': 0.02}
{'loss': 1.0234, 'grad_norm': 3.1616499423980713, 'learning_rate': 8.283757757329338e-06, 'epoch': 0.02}
{'loss': 0.872, 'grad_norm': 2.8246428966522217, 'learning_rate': 8.285897710250375e-06, 'epoch': 0.02}
{'loss': 1.1451, 'grad_norm': 2.662997007369995, 'learning_rate': 8.28803766317141e-06, 'epoch': 0.02}
{'loss': 0.9117, 'grad_norm': 2.706359624862671, 'learning_rate': 8.290177616092446e-06, 'epoch': 0.02}
{'loss': 1.3201, 'grad_norm': 3.5040297508239746, 'learning_rate': 8.292317569013483e-06, 'epoch': 0.02}
{'loss': 0.9345, 'grad_norm': 2.6121268272399902, 'learning_rate': 8.294457521934518e-06, 'epoch': 0.02}
{'loss': 1.1072, 'grad_norm': 2.943937063217163, 'learning_rate': 8.296597474855554e-06, 'epoch': 0.02}
{'loss': 0.9339, 'grad_norm': 2.7630691528320312, 'learning_rate': 8.29873742777659e-06, 'epoch': 0.02}
{'loss': 1.1103, 'grad_norm': 3.2537691593170166, 'learning_rate': 8.300877380697626e-06, 'epoch': 0.02}
{'loss': 0.9077, 'grad_norm': 3.005122184753418, 'learning_rate': 8.303017333618661e-06, 'epoch': 0.02}
{'loss': 0.9654, 'grad_norm': 2.4660024642944336, 'learning_rate': 8.305157286539696e-06, 'epoch': 0.02}
{'loss': 0.913, 'grad_norm': 3.121150493621826, 'learning_rate': 8.307297239460732e-06, 'epoch': 0.02}
{'loss': 0.9267, 'grad_norm': 2.9901223182678223, 'learning_rate': 8.309437192381769e-06, 'epoch': 0.02}
{'loss': 0.7793, 'grad_norm': 2.8335585594177246, 'learning_rate': 8.311577145302804e-06, 'epoch': 0.02}
{'loss': 0.8866, 'grad_norm': 2.839656114578247, 'learning_rate': 8.31371709822384e-06, 'epoch': 0.02}
{'loss': 1.0502, 'grad_norm': 3.137708902359009, 'learning_rate': 8.315857051144876e-06, 'epoch': 0.02}
{'loss': 0.9932, 'grad_norm': 2.8651745319366455, 'learning_rate': 8.317997004065911e-06, 'epoch': 0.02}
{'loss': 0.9525, 'grad_norm': 3.107414722442627, 'learning_rate': 8.320136956986947e-06, 'epoch': 0.02}
{'loss': 0.8856, 'grad_norm': 2.8821723461151123, 'learning_rate': 8.322276909907982e-06, 'epoch': 0.02}
{'loss': 1.0209, 'grad_norm': 2.960151195526123, 'learning_rate': 8.324416862829019e-06, 'epoch': 0.02}
{'loss': 0.8679, 'grad_norm': 2.830596685409546, 'learning_rate': 8.326556815750054e-06, 'epoch': 0.02}
{'loss': 0.9614, 'grad_norm': 3.114574432373047, 'learning_rate': 8.32869676867109e-06, 'epoch': 0.02}
{'loss': 0.9887, 'grad_norm': 2.743107318878174, 'learning_rate': 8.330836721592126e-06, 'epoch': 0.02}
{'loss': 0.8634, 'grad_norm': 2.6016628742218018, 'learning_rate': 8.332976674513162e-06, 'epoch': 0.03}
{'loss': 1.1196, 'grad_norm': 3.086089849472046, 'learning_rate': 8.335116627434197e-06, 'epoch': 0.03}
{'loss': 1.0486, 'grad_norm': 3.078160524368286, 'learning_rate': 8.337256580355232e-06, 'epoch': 0.03}
{'loss': 0.8834, 'grad_norm': 3.1097099781036377, 'learning_rate': 8.339396533276268e-06, 'epoch': 0.03}
{'loss': 0.8526, 'grad_norm': 2.7835559844970703, 'learning_rate': 8.341536486197305e-06, 'epoch': 0.03}
{'loss': 0.9376, 'grad_norm': 2.9044430255889893, 'learning_rate': 8.34367643911834e-06, 'epoch': 0.03}
{'loss': 1.0682, 'grad_norm': 3.07051157951355, 'learning_rate': 8.345816392039375e-06, 'epoch': 0.03}
{'loss': 0.8561, 'grad_norm': 2.7674977779388428, 'learning_rate': 8.347956344960412e-06, 'epoch': 0.03}
{'loss': 0.6219, 'grad_norm': 2.0937936305999756, 'learning_rate': 8.350096297881447e-06, 'epoch': 0.03}
{'loss': 0.8973, 'grad_norm': 2.7136082649230957, 'learning_rate': 8.352236250802483e-06, 'epoch': 0.03}
{'loss': 1.0388, 'grad_norm': 3.3199355602264404, 'learning_rate': 8.354376203723518e-06, 'epoch': 0.03}
{'loss': 0.8632, 'grad_norm': 2.85844087600708, 'learning_rate': 8.356516156644553e-06, 'epoch': 0.03}
{'loss': 1.0099, 'grad_norm': 2.9729866981506348, 'learning_rate': 8.35865610956559e-06, 'epoch': 0.03}
{'loss': 0.9289, 'grad_norm': 2.9328525066375732, 'learning_rate': 8.360796062486625e-06, 'epoch': 0.03}
{'loss': 1.0298, 'grad_norm': 2.9757978916168213, 'learning_rate': 8.362936015407662e-06, 'epoch': 0.03}
{'loss': 0.97, 'grad_norm': 3.2512824535369873, 'learning_rate': 8.365075968328698e-06, 'epoch': 0.03}
{'loss': 0.9182, 'grad_norm': 2.8826863765716553, 'learning_rate': 8.367215921249733e-06, 'epoch': 0.03}
{'loss': 0.9989, 'grad_norm': 2.939181327819824, 'learning_rate': 8.36935587417077e-06, 'epoch': 0.03}
{'loss': 0.9303, 'grad_norm': 2.748457670211792, 'learning_rate': 8.371495827091805e-06, 'epoch': 0.03}
{'loss': 1.1327, 'grad_norm': 3.1807701587677, 'learning_rate': 8.37363578001284e-06, 'epoch': 0.03}
{'loss': 0.9787, 'grad_norm': 2.753483295440674, 'learning_rate': 8.375775732933876e-06, 'epoch': 0.03}
{'loss': 0.8927, 'grad_norm': 2.796027898788452, 'learning_rate': 8.377915685854911e-06, 'epoch': 0.03}
{'loss': 0.9763, 'grad_norm': 2.9914448261260986, 'learning_rate': 8.380055638775948e-06, 'epoch': 0.03}
{'loss': 1.1566, 'grad_norm': 2.935229539871216, 'learning_rate': 8.382195591696983e-06, 'epoch': 0.03}
{'loss': 1.2772, 'grad_norm': 3.3098621368408203, 'learning_rate': 8.384335544618019e-06, 'epoch': 0.03}
{'loss': 0.8733, 'grad_norm': 2.8332419395446777, 'learning_rate': 8.386475497539056e-06, 'epoch': 0.03}
{'loss': 0.7337, 'grad_norm': 2.6002037525177, 'learning_rate': 8.388615450460091e-06, 'epoch': 0.03}
{'loss': 0.8758, 'grad_norm': 2.779832363128662, 'learning_rate': 8.390755403381126e-06, 'epoch': 0.03}
{'loss': 0.8031, 'grad_norm': 2.620760679244995, 'learning_rate': 8.392895356302161e-06, 'epoch': 0.03}
{'loss': 1.0339, 'grad_norm': 3.0714468955993652, 'learning_rate': 8.395035309223197e-06, 'epoch': 0.03}
{'loss': 0.9682, 'grad_norm': 2.9282000064849854, 'learning_rate': 8.397175262144234e-06, 'epoch': 0.03}
{'loss': 1.047, 'grad_norm': 2.8403098583221436, 'learning_rate': 8.399315215065269e-06, 'epoch': 0.03}
{'loss': 0.9882, 'grad_norm': 3.1760149002075195, 'learning_rate': 8.401455167986306e-06, 'epoch': 0.03}
{'loss': 0.9076, 'grad_norm': 2.7852120399475098, 'learning_rate': 8.403595120907341e-06, 'epoch': 0.03}
{'loss': 1.1112, 'grad_norm': 3.0882418155670166, 'learning_rate': 8.405735073828377e-06, 'epoch': 0.03}
{'loss': 0.8612, 'grad_norm': 2.73158597946167, 'learning_rate': 8.407875026749412e-06, 'epoch': 0.03}
{'loss': 1.0486, 'grad_norm': 2.711223602294922, 'learning_rate': 8.410014979670447e-06, 'epoch': 0.03}
{'loss': 1.0505, 'grad_norm': 2.865633487701416, 'learning_rate': 8.412154932591484e-06, 'epoch': 0.03}
{'loss': 1.2098, 'grad_norm': 3.2644522190093994, 'learning_rate': 8.41429488551252e-06, 'epoch': 0.03}
{'loss': 0.797, 'grad_norm': 2.62223744392395, 'learning_rate': 8.416434838433555e-06, 'epoch': 0.03}
{'loss': 1.0339, 'grad_norm': 2.7706491947174072, 'learning_rate': 8.418574791354592e-06, 'epoch': 0.03}
{'loss': 1.0299, 'grad_norm': 2.8158414363861084, 'learning_rate': 8.420714744275627e-06, 'epoch': 0.03}
{'loss': 0.9934, 'grad_norm': 2.819868564605713, 'learning_rate': 8.422854697196662e-06, 'epoch': 0.03}
{'loss': 0.9264, 'grad_norm': 3.1141064167022705, 'learning_rate': 8.424994650117697e-06, 'epoch': 0.03}
{'loss': 0.8808, 'grad_norm': 2.796835422515869, 'learning_rate': 8.427134603038733e-06, 'epoch': 0.03}
{'loss': 0.932, 'grad_norm': 2.8980824947357178, 'learning_rate': 8.42927455595977e-06, 'epoch': 0.03}
{'loss': 0.809, 'grad_norm': 2.6255526542663574, 'learning_rate': 8.431414508880805e-06, 'epoch': 0.03}
{'loss': 1.178, 'grad_norm': 2.982664108276367, 'learning_rate': 8.43355446180184e-06, 'epoch': 0.03}
{'loss': 1.0312, 'grad_norm': 3.131708860397339, 'learning_rate': 8.435694414722877e-06, 'epoch': 0.03}
{'loss': 0.6732, 'grad_norm': 3.0387589931488037, 'learning_rate': 8.437834367643913e-06, 'epoch': 0.03}
{'loss': 1.118, 'grad_norm': 2.7652509212493896, 'learning_rate': 8.43997432056495e-06, 'epoch': 0.03}
{'loss': 1.1781, 'grad_norm': 3.373730421066284, 'learning_rate': 8.442114273485985e-06, 'epoch': 0.03}
{'loss': 1.2063, 'grad_norm': 3.3785574436187744, 'learning_rate': 8.44425422640702e-06, 'epoch': 0.03}
{'loss': 1.0017, 'grad_norm': 3.008898973464966, 'learning_rate': 8.446394179328055e-06, 'epoch': 0.03}
{'loss': 1.0629, 'grad_norm': 3.185837507247925, 'learning_rate': 8.44853413224909e-06, 'epoch': 0.03}
{'loss': 0.9113, 'grad_norm': 2.9975767135620117, 'learning_rate': 8.450674085170128e-06, 'epoch': 0.03}
{'loss': 1.0446, 'grad_norm': 2.754542589187622, 'learning_rate': 8.452814038091163e-06, 'epoch': 0.03}
{'loss': 1.0137, 'grad_norm': 3.1420207023620605, 'learning_rate': 8.454953991012198e-06, 'epoch': 0.03}
{'loss': 1.0779, 'grad_norm': 3.1780264377593994, 'learning_rate': 8.457093943933235e-06, 'epoch': 0.03}
{'loss': 0.9164, 'grad_norm': 3.3504927158355713, 'learning_rate': 8.45923389685427e-06, 'epoch': 0.03}
{'loss': 0.9241, 'grad_norm': 2.74525785446167, 'learning_rate': 8.461373849775306e-06, 'epoch': 0.03}
{'loss': 0.8184, 'grad_norm': 2.5379903316497803, 'learning_rate': 8.463513802696341e-06, 'epoch': 0.03}
{'loss': 0.9435, 'grad_norm': 3.2444422245025635, 'learning_rate': 8.465653755617376e-06, 'epoch': 0.03}
{'loss': 1.3001, 'grad_norm': 3.191608190536499, 'learning_rate': 8.467793708538413e-06, 'epoch': 0.03}
{'loss': 1.1247, 'grad_norm': 3.2254722118377686, 'learning_rate': 8.469933661459448e-06, 'epoch': 0.03}
{'loss': 0.9724, 'grad_norm': 3.2224278450012207, 'learning_rate': 8.472073614380484e-06, 'epoch': 0.03}
{'loss': 0.8444, 'grad_norm': 2.7509853839874268, 'learning_rate': 8.47421356730152e-06, 'epoch': 0.03}
{'loss': 0.8765, 'grad_norm': 3.098310708999634, 'learning_rate': 8.476353520222556e-06, 'epoch': 0.03}
{'loss': 0.8513, 'grad_norm': 2.6891491413116455, 'learning_rate': 8.478493473143591e-06, 'epoch': 0.03}
{'loss': 1.0199, 'grad_norm': 2.950174570083618, 'learning_rate': 8.480633426064627e-06, 'epoch': 0.03}
{'loss': 1.1607, 'grad_norm': 3.0145936012268066, 'learning_rate': 8.482773378985662e-06, 'epoch': 0.03}
{'loss': 0.9854, 'grad_norm': 2.9029946327209473, 'learning_rate': 8.484913331906699e-06, 'epoch': 0.03}
{'loss': 1.0578, 'grad_norm': 2.9239373207092285, 'learning_rate': 8.487053284827734e-06, 'epoch': 0.03}
{'loss': 1.033, 'grad_norm': 3.341732978820801, 'learning_rate': 8.489193237748771e-06, 'epoch': 0.03}
{'loss': 1.0605, 'grad_norm': 2.7418057918548584, 'learning_rate': 8.491333190669806e-06, 'epoch': 0.03}
{'loss': 1.2126, 'grad_norm': 3.1585795879364014, 'learning_rate': 8.493473143590842e-06, 'epoch': 0.03}
{'loss': 0.8395, 'grad_norm': 2.934291362762451, 'learning_rate': 8.495613096511877e-06, 'epoch': 0.03}
{'loss': 1.073, 'grad_norm': 2.9054970741271973, 'learning_rate': 8.497753049432912e-06, 'epoch': 0.03}
{'loss': 1.0434, 'grad_norm': 3.210350751876831, 'learning_rate': 8.49989300235395e-06, 'epoch': 0.03}
{'loss': 0.9124, 'grad_norm': 2.803548812866211, 'learning_rate': 8.502032955274984e-06, 'epoch': 0.03}
{'loss': 0.9073, 'grad_norm': 2.6403563022613525, 'learning_rate': 8.50417290819602e-06, 'epoch': 0.03}
{'loss': 1.1324, 'grad_norm': 3.128143787384033, 'learning_rate': 8.506312861117057e-06, 'epoch': 0.03}
{'loss': 0.7838, 'grad_norm': 2.7065770626068115, 'learning_rate': 8.508452814038092e-06, 'epoch': 0.03}
{'loss': 0.9663, 'grad_norm': 2.872314453125, 'learning_rate': 8.510592766959127e-06, 'epoch': 0.03}
{'loss': 0.9144, 'grad_norm': 2.661039352416992, 'learning_rate': 8.512732719880164e-06, 'epoch': 0.03}
{'loss': 0.9618, 'grad_norm': 3.3715295791625977, 'learning_rate': 8.5148726728012e-06, 'epoch': 0.03}
{'loss': 0.9622, 'grad_norm': 2.8483760356903076, 'learning_rate': 8.517012625722235e-06, 'epoch': 0.03}
{'loss': 1.0581, 'grad_norm': 2.899202346801758, 'learning_rate': 8.51915257864327e-06, 'epoch': 0.03}
{'loss': 0.8619, 'grad_norm': 2.7836034297943115, 'learning_rate': 8.521292531564305e-06, 'epoch': 0.03}
{'loss': 0.7958, 'grad_norm': 2.819293975830078, 'learning_rate': 8.523432484485342e-06, 'epoch': 0.03}
{'loss': 0.8246, 'grad_norm': 2.5507872104644775, 'learning_rate': 8.525572437406378e-06, 'epoch': 0.03}
{'loss': 1.0098, 'grad_norm': 2.8774166107177734, 'learning_rate': 8.527712390327415e-06, 'epoch': 0.03}
{'loss': 0.9622, 'grad_norm': 2.9387636184692383, 'learning_rate': 8.52985234324845e-06, 'epoch': 0.03}
{'loss': 0.9935, 'grad_norm': 2.7896273136138916, 'learning_rate': 8.531992296169485e-06, 'epoch': 0.03}
{'loss': 1.0577, 'grad_norm': 3.0331547260284424, 'learning_rate': 8.53413224909052e-06, 'epoch': 0.03}
{'loss': 0.8104, 'grad_norm': 2.8322136402130127, 'learning_rate': 8.536272202011556e-06, 'epoch': 0.03}
{'loss': 1.0996, 'grad_norm': 2.986027956008911, 'learning_rate': 8.538412154932593e-06, 'epoch': 0.03}
{'loss': 1.1238, 'grad_norm': 3.1537718772888184, 'learning_rate': 8.540552107853628e-06, 'epoch': 0.03}
{'loss': 1.2664, 'grad_norm': 3.5396158695220947, 'learning_rate': 8.542692060774663e-06, 'epoch': 0.03}
{'loss': 0.9509, 'grad_norm': 2.911619186401367, 'learning_rate': 8.5448320136957e-06, 'epoch': 0.03}
{'loss': 1.0212, 'grad_norm': 2.9175236225128174, 'learning_rate': 8.546971966616736e-06, 'epoch': 0.03}
{'loss': 0.8005, 'grad_norm': 2.497896671295166, 'learning_rate': 8.54911191953777e-06, 'epoch': 0.03}
{'loss': 0.8841, 'grad_norm': 2.7380247116088867, 'learning_rate': 8.551251872458806e-06, 'epoch': 0.03}
{'loss': 1.1715, 'grad_norm': 3.3840267658233643, 'learning_rate': 8.553391825379841e-06, 'epoch': 0.03}
{'loss': 0.697, 'grad_norm': 2.294085741043091, 'learning_rate': 8.555531778300878e-06, 'epoch': 0.03}
{'loss': 0.9156, 'grad_norm': 2.6797878742218018, 'learning_rate': 8.557671731221914e-06, 'epoch': 0.03}
{'loss': 0.9654, 'grad_norm': 3.0291435718536377, 'learning_rate': 8.559811684142949e-06, 'epoch': 0.03}
{'loss': 0.9066, 'grad_norm': 2.988267183303833, 'learning_rate': 8.561951637063986e-06, 'epoch': 0.03}
{'loss': 1.0277, 'grad_norm': 3.143484354019165, 'learning_rate': 8.564091589985021e-06, 'epoch': 0.03}
{'loss': 0.9656, 'grad_norm': 3.19584321975708, 'learning_rate': 8.566231542906056e-06, 'epoch': 0.03}
{'loss': 0.8227, 'grad_norm': 2.8347673416137695, 'learning_rate': 8.568371495827092e-06, 'epoch': 0.03}
{'loss': 0.9736, 'grad_norm': 2.931281805038452, 'learning_rate': 8.570511448748127e-06, 'epoch': 0.03}
{'loss': 0.9312, 'grad_norm': 2.9133524894714355, 'learning_rate': 8.572651401669164e-06, 'epoch': 0.03}
{'loss': 1.0281, 'grad_norm': 3.202517032623291, 'learning_rate': 8.5747913545902e-06, 'epoch': 0.03}
{'loss': 1.2668, 'grad_norm': 3.0389277935028076, 'learning_rate': 8.576931307511236e-06, 'epoch': 0.03}
{'loss': 0.9687, 'grad_norm': 3.059244155883789, 'learning_rate': 8.579071260432271e-06, 'epoch': 0.03}
{'loss': 0.8056, 'grad_norm': 2.624619960784912, 'learning_rate': 8.581211213353307e-06, 'epoch': 0.03}
{'loss': 0.8507, 'grad_norm': 2.842071771621704, 'learning_rate': 8.583351166274344e-06, 'epoch': 0.03}
{'loss': 1.0036, 'grad_norm': 3.2142789363861084, 'learning_rate': 8.585491119195379e-06, 'epoch': 0.03}
{'loss': 0.9152, 'grad_norm': 2.6866962909698486, 'learning_rate': 8.587631072116414e-06, 'epoch': 0.03}
{'loss': 0.8753, 'grad_norm': 3.00819993019104, 'learning_rate': 8.58977102503745e-06, 'epoch': 0.03}
{'loss': 1.0301, 'grad_norm': 2.905129909515381, 'learning_rate': 8.591910977958485e-06, 'epoch': 0.03}
{'loss': 1.0145, 'grad_norm': 2.7149646282196045, 'learning_rate': 8.594050930879522e-06, 'epoch': 0.03}
{'loss': 0.9576, 'grad_norm': 2.839308500289917, 'learning_rate': 8.596190883800557e-06, 'epoch': 0.03}
{'loss': 0.9296, 'grad_norm': 3.1082823276519775, 'learning_rate': 8.598330836721592e-06, 'epoch': 0.03}
{'loss': 0.9372, 'grad_norm': 2.832547187805176, 'learning_rate': 8.60047078964263e-06, 'epoch': 0.03}
{'loss': 0.9133, 'grad_norm': 3.00636625289917, 'learning_rate': 8.602610742563665e-06, 'epoch': 0.03}
{'loss': 1.0095, 'grad_norm': 2.90875244140625, 'learning_rate': 8.6047506954847e-06, 'epoch': 0.03}
{'loss': 0.9473, 'grad_norm': 2.6594483852386475, 'learning_rate': 8.606890648405735e-06, 'epoch': 0.03}
{'loss': 0.9552, 'grad_norm': 2.717864751815796, 'learning_rate': 8.60903060132677e-06, 'epoch': 0.03}
{'loss': 0.9909, 'grad_norm': 2.881683588027954, 'learning_rate': 8.611170554247807e-06, 'epoch': 0.03}
{'loss': 0.9504, 'grad_norm': 2.801011562347412, 'learning_rate': 8.613310507168843e-06, 'epoch': 0.03}
{'loss': 0.7573, 'grad_norm': 2.604846477508545, 'learning_rate': 8.61545046008988e-06, 'epoch': 0.03}
{'loss': 0.8122, 'grad_norm': 2.8006973266601562, 'learning_rate': 8.617590413010915e-06, 'epoch': 0.03}
{'loss': 1.1166, 'grad_norm': 3.0011606216430664, 'learning_rate': 8.61973036593195e-06, 'epoch': 0.03}
{'loss': 1.1038, 'grad_norm': 3.105130910873413, 'learning_rate': 8.621870318852986e-06, 'epoch': 0.03}
{'loss': 0.9612, 'grad_norm': 3.013171434402466, 'learning_rate': 8.624010271774021e-06, 'epoch': 0.03}
{'loss': 0.8702, 'grad_norm': 2.8189406394958496, 'learning_rate': 8.626150224695058e-06, 'epoch': 0.03}
{'loss': 1.1785, 'grad_norm': 2.775716543197632, 'learning_rate': 8.628290177616093e-06, 'epoch': 0.03}
{'loss': 1.2937, 'grad_norm': 3.2925148010253906, 'learning_rate': 8.630430130537128e-06, 'epoch': 0.03}
{'loss': 0.9534, 'grad_norm': 2.7186927795410156, 'learning_rate': 8.632570083458165e-06, 'epoch': 0.03}
{'loss': 0.9185, 'grad_norm': 2.6849122047424316, 'learning_rate': 8.6347100363792e-06, 'epoch': 0.03}
{'loss': 1.3268, 'grad_norm': 3.3540091514587402, 'learning_rate': 8.636849989300236e-06, 'epoch': 0.03}
{'loss': 0.7659, 'grad_norm': 2.4773871898651123, 'learning_rate': 8.638989942221271e-06, 'epoch': 0.03}
{'loss': 1.0069, 'grad_norm': 2.7390921115875244, 'learning_rate': 8.641129895142306e-06, 'epoch': 0.03}
{'loss': 1.0216, 'grad_norm': 3.0676143169403076, 'learning_rate': 8.643269848063343e-06, 'epoch': 0.03}
{'loss': 0.9238, 'grad_norm': 2.9590401649475098, 'learning_rate': 8.645409800984379e-06, 'epoch': 0.03}
{'loss': 0.9589, 'grad_norm': 3.0985219478607178, 'learning_rate': 8.647549753905414e-06, 'epoch': 0.03}
{'loss': 0.9236, 'grad_norm': 2.982241630554199, 'learning_rate': 8.649689706826451e-06, 'epoch': 0.03}
{'loss': 0.9918, 'grad_norm': 2.7123451232910156, 'learning_rate': 8.651829659747486e-06, 'epoch': 0.03}
{'loss': 0.9512, 'grad_norm': 2.7966678142547607, 'learning_rate': 8.653969612668523e-06, 'epoch': 0.03}
{'loss': 0.9372, 'grad_norm': 2.7563633918762207, 'learning_rate': 8.656109565589559e-06, 'epoch': 0.03}
{'loss': 1.058, 'grad_norm': 2.8427042961120605, 'learning_rate': 8.658249518510594e-06, 'epoch': 0.03}
{'loss': 0.9645, 'grad_norm': 2.7840635776519775, 'learning_rate': 8.660389471431629e-06, 'epoch': 0.03}
{'loss': 0.911, 'grad_norm': 2.8749167919158936, 'learning_rate': 8.662529424352664e-06, 'epoch': 0.03}
{'loss': 0.8174, 'grad_norm': 2.4730026721954346, 'learning_rate': 8.664669377273701e-06, 'epoch': 0.03}
{'loss': 0.9438, 'grad_norm': 3.045165777206421, 'learning_rate': 8.666809330194737e-06, 'epoch': 0.03}
{'loss': 0.7448, 'grad_norm': 2.378645181655884, 'learning_rate': 8.668949283115772e-06, 'epoch': 0.03}
{'loss': 0.8164, 'grad_norm': 2.591566801071167, 'learning_rate': 8.671089236036809e-06, 'epoch': 0.03}
{'loss': 1.0115, 'grad_norm': 3.0869028568267822, 'learning_rate': 8.673229188957844e-06, 'epoch': 0.03}
{'loss': 1.0473, 'grad_norm': 3.0438432693481445, 'learning_rate': 8.67536914187888e-06, 'epoch': 0.03}
{'loss': 1.0878, 'grad_norm': 3.011898994445801, 'learning_rate': 8.677509094799915e-06, 'epoch': 0.03}
{'loss': 0.9989, 'grad_norm': 2.7637457847595215, 'learning_rate': 8.67964904772095e-06, 'epoch': 0.03}
{'loss': 0.8173, 'grad_norm': 2.7500171661376953, 'learning_rate': 8.681789000641987e-06, 'epoch': 0.03}
{'loss': 0.9718, 'grad_norm': 2.782188653945923, 'learning_rate': 8.683928953563022e-06, 'epoch': 0.03}
{'loss': 1.0558, 'grad_norm': 3.2626659870147705, 'learning_rate': 8.686068906484058e-06, 'epoch': 0.03}
{'loss': 1.1686, 'grad_norm': 3.0771331787109375, 'learning_rate': 8.688208859405095e-06, 'epoch': 0.03}
{'loss': 0.9038, 'grad_norm': 2.6757798194885254, 'learning_rate': 8.69034881232613e-06, 'epoch': 0.03}
{'loss': 1.046, 'grad_norm': 2.7718193531036377, 'learning_rate': 8.692488765247165e-06, 'epoch': 0.03}
{'loss': 1.2182, 'grad_norm': 2.9710254669189453, 'learning_rate': 8.6946287181682e-06, 'epoch': 0.03}
{'loss': 1.1903, 'grad_norm': 3.271547317504883, 'learning_rate': 8.696768671089236e-06, 'epoch': 0.03}
{'loss': 0.9995, 'grad_norm': 2.88653302192688, 'learning_rate': 8.698908624010273e-06, 'epoch': 0.03}
{'loss': 0.9713, 'grad_norm': 2.7227718830108643, 'learning_rate': 8.701048576931308e-06, 'epoch': 0.03}
{'loss': 1.0063, 'grad_norm': 2.796639919281006, 'learning_rate': 8.703188529852345e-06, 'epoch': 0.03}
{'loss': 1.155, 'grad_norm': 2.961176872253418, 'learning_rate': 8.70532848277338e-06, 'epoch': 0.03}
{'loss': 1.1137, 'grad_norm': 3.1080784797668457, 'learning_rate': 8.707468435694415e-06, 'epoch': 0.03}
{'loss': 0.8518, 'grad_norm': 2.684330701828003, 'learning_rate': 8.70960838861545e-06, 'epoch': 0.03}
{'loss': 0.773, 'grad_norm': 2.6119067668914795, 'learning_rate': 8.711748341536486e-06, 'epoch': 0.03}
{'loss': 1.0867, 'grad_norm': 3.134303569793701, 'learning_rate': 8.713888294457523e-06, 'epoch': 0.03}
{'loss': 1.0695, 'grad_norm': 3.3394246101379395, 'learning_rate': 8.716028247378558e-06, 'epoch': 0.03}
{'loss': 0.7812, 'grad_norm': 2.6010406017303467, 'learning_rate': 8.718168200299594e-06, 'epoch': 0.03}
{'loss': 0.893, 'grad_norm': 2.743666648864746, 'learning_rate': 8.72030815322063e-06, 'epoch': 0.03}
{'loss': 0.9465, 'grad_norm': 3.0766823291778564, 'learning_rate': 8.722448106141666e-06, 'epoch': 0.03}
{'loss': 0.7889, 'grad_norm': 2.8618743419647217, 'learning_rate': 8.724588059062701e-06, 'epoch': 0.03}
{'loss': 0.8169, 'grad_norm': 2.5692434310913086, 'learning_rate': 8.726728011983738e-06, 'epoch': 0.03}
{'loss': 0.9868, 'grad_norm': 2.7313077449798584, 'learning_rate': 8.728867964904773e-06, 'epoch': 0.03}
{'loss': 0.9738, 'grad_norm': 2.9631383419036865, 'learning_rate': 8.731007917825809e-06, 'epoch': 0.03}
{'loss': 1.0153, 'grad_norm': 2.935689926147461, 'learning_rate': 8.733147870746844e-06, 'epoch': 0.03}
{'loss': 0.8353, 'grad_norm': 2.6500120162963867, 'learning_rate': 8.735287823667879e-06, 'epoch': 0.03}
{'loss': 0.8782, 'grad_norm': 2.855280637741089, 'learning_rate': 8.737427776588916e-06, 'epoch': 0.03}
{'loss': 0.8622, 'grad_norm': 2.9572925567626953, 'learning_rate': 8.739567729509951e-06, 'epoch': 0.03}
{'loss': 1.2024, 'grad_norm': 2.981151819229126, 'learning_rate': 8.741707682430988e-06, 'epoch': 0.03}
{'loss': 0.8377, 'grad_norm': 2.7073974609375, 'learning_rate': 8.743847635352024e-06, 'epoch': 0.03}
{'loss': 1.0645, 'grad_norm': 2.9108729362487793, 'learning_rate': 8.745987588273059e-06, 'epoch': 0.03}
{'loss': 1.1136, 'grad_norm': 2.9701290130615234, 'learning_rate': 8.748127541194094e-06, 'epoch': 0.03}
{'loss': 1.0547, 'grad_norm': 3.0805084705352783, 'learning_rate': 8.75026749411513e-06, 'epoch': 0.03}
{'loss': 0.7731, 'grad_norm': 2.538346767425537, 'learning_rate': 8.752407447036166e-06, 'epoch': 0.03}
{'loss': 0.9753, 'grad_norm': 2.7491140365600586, 'learning_rate': 8.754547399957202e-06, 'epoch': 0.03}
{'loss': 0.9104, 'grad_norm': 2.6999294757843018, 'learning_rate': 8.756687352878237e-06, 'epoch': 0.03}
{'loss': 0.9757, 'grad_norm': 2.6665468215942383, 'learning_rate': 8.758827305799274e-06, 'epoch': 0.03}
{'loss': 1.1453, 'grad_norm': 3.1331663131713867, 'learning_rate': 8.76096725872031e-06, 'epoch': 0.03}
{'loss': 1.1627, 'grad_norm': 3.1867196559906006, 'learning_rate': 8.763107211641345e-06, 'epoch': 0.03}
{'loss': 1.1622, 'grad_norm': 3.0876259803771973, 'learning_rate': 8.76524716456238e-06, 'epoch': 0.03}
{'loss': 0.9333, 'grad_norm': 2.8958187103271484, 'learning_rate': 8.767387117483415e-06, 'epoch': 0.03}
{'loss': 0.8082, 'grad_norm': 2.694859266281128, 'learning_rate': 8.769527070404452e-06, 'epoch': 0.03}
{'loss': 0.9147, 'grad_norm': 2.8134348392486572, 'learning_rate': 8.771667023325487e-06, 'epoch': 0.03}
{'loss': 0.7894, 'grad_norm': 2.330423355102539, 'learning_rate': 8.773806976246523e-06, 'epoch': 0.03}
{'loss': 1.1167, 'grad_norm': 2.939037561416626, 'learning_rate': 8.77594692916756e-06, 'epoch': 0.03}
{'loss': 1.0628, 'grad_norm': 3.0824356079101562, 'learning_rate': 8.778086882088595e-06, 'epoch': 0.03}
{'loss': 0.8128, 'grad_norm': 2.826807737350464, 'learning_rate': 8.78022683500963e-06, 'epoch': 0.03}
{'loss': 0.6876, 'grad_norm': 2.3663268089294434, 'learning_rate': 8.782366787930665e-06, 'epoch': 0.03}
{'loss': 0.9612, 'grad_norm': 2.690155029296875, 'learning_rate': 8.7845067408517e-06, 'epoch': 0.03}
{'loss': 0.926, 'grad_norm': 2.73339581489563, 'learning_rate': 8.786646693772738e-06, 'epoch': 0.03}
{'loss': 0.8312, 'grad_norm': 3.075901985168457, 'learning_rate': 8.788786646693773e-06, 'epoch': 0.03}
{'loss': 1.0327, 'grad_norm': 2.9106574058532715, 'learning_rate': 8.79092659961481e-06, 'epoch': 0.03}
{'loss': 1.0966, 'grad_norm': 3.158737897872925, 'learning_rate': 8.793066552535845e-06, 'epoch': 0.03}
{'loss': 0.8543, 'grad_norm': 2.6419522762298584, 'learning_rate': 8.79520650545688e-06, 'epoch': 0.03}
{'loss': 0.7559, 'grad_norm': 2.506760358810425, 'learning_rate': 8.797346458377918e-06, 'epoch': 0.03}
{'loss': 0.9035, 'grad_norm': 2.776921272277832, 'learning_rate': 8.799486411298953e-06, 'epoch': 0.03}
{'loss': 0.8171, 'grad_norm': 2.768061876296997, 'learning_rate': 8.801626364219988e-06, 'epoch': 0.03}
{'loss': 1.0992, 'grad_norm': 3.27591872215271, 'learning_rate': 8.803766317141023e-06, 'epoch': 0.03}
{'loss': 1.0755, 'grad_norm': 3.368903160095215, 'learning_rate': 8.805906270062059e-06, 'epoch': 0.03}
{'loss': 0.8825, 'grad_norm': 2.8506972789764404, 'learning_rate': 8.808046222983096e-06, 'epoch': 0.03}
{'loss': 0.9907, 'grad_norm': 2.830514430999756, 'learning_rate': 8.810186175904131e-06, 'epoch': 0.03}
{'loss': 1.0279, 'grad_norm': 2.7642481327056885, 'learning_rate': 8.812326128825166e-06, 'epoch': 0.03}
{'loss': 1.212, 'grad_norm': 3.1288907527923584, 'learning_rate': 8.814466081746203e-06, 'epoch': 0.03}
{'loss': 1.2215, 'grad_norm': 2.866053342819214, 'learning_rate': 8.816606034667238e-06, 'epoch': 0.03}
{'loss': 0.942, 'grad_norm': 2.7613725662231445, 'learning_rate': 8.818745987588274e-06, 'epoch': 0.03}
{'loss': 0.7502, 'grad_norm': 2.7583394050598145, 'learning_rate': 8.820885940509309e-06, 'epoch': 0.03}
{'loss': 1.0333, 'grad_norm': 2.8135297298431396, 'learning_rate': 8.823025893430344e-06, 'epoch': 0.03}
{'loss': 1.0014, 'grad_norm': 3.657639741897583, 'learning_rate': 8.825165846351381e-06, 'epoch': 0.03}
{'loss': 1.1585, 'grad_norm': 2.968808174133301, 'learning_rate': 8.827305799272417e-06, 'epoch': 0.03}
{'loss': 1.0306, 'grad_norm': 2.9113636016845703, 'learning_rate': 8.829445752193453e-06, 'epoch': 0.03}
{'loss': 1.0404, 'grad_norm': 2.9086966514587402, 'learning_rate': 8.831585705114489e-06, 'epoch': 0.03}
{'loss': 0.8691, 'grad_norm': 2.764009714126587, 'learning_rate': 8.833725658035524e-06, 'epoch': 0.03}
{'loss': 0.7364, 'grad_norm': 2.58907151222229, 'learning_rate': 8.83586561095656e-06, 'epoch': 0.03}
{'loss': 1.071, 'grad_norm': 3.0972559452056885, 'learning_rate': 8.838005563877595e-06, 'epoch': 0.03}
{'loss': 0.9045, 'grad_norm': 3.0909223556518555, 'learning_rate': 8.840145516798632e-06, 'epoch': 0.03}
{'loss': 0.8625, 'grad_norm': 3.082979679107666, 'learning_rate': 8.842285469719667e-06, 'epoch': 0.03}
{'loss': 1.2458, 'grad_norm': 3.186753511428833, 'learning_rate': 8.844425422640702e-06, 'epoch': 0.03}
{'loss': 0.8739, 'grad_norm': 2.944786310195923, 'learning_rate': 8.846565375561739e-06, 'epoch': 0.03}
{'loss': 0.9289, 'grad_norm': 3.132707118988037, 'learning_rate': 8.848705328482774e-06, 'epoch': 0.03}
{'loss': 1.2719, 'grad_norm': 3.380225658416748, 'learning_rate': 8.85084528140381e-06, 'epoch': 0.03}
{'loss': 1.0611, 'grad_norm': 2.891338586807251, 'learning_rate': 8.852985234324845e-06, 'epoch': 0.03}
{'loss': 0.9682, 'grad_norm': 2.850593090057373, 'learning_rate': 8.85512518724588e-06, 'epoch': 0.03}
{'loss': 0.832, 'grad_norm': 2.9113364219665527, 'learning_rate': 8.857265140166917e-06, 'epoch': 0.03}
{'loss': 0.8831, 'grad_norm': 2.7877185344696045, 'learning_rate': 8.859405093087953e-06, 'epoch': 0.03}
{'loss': 1.0472, 'grad_norm': 3.101428747177124, 'learning_rate': 8.861545046008988e-06, 'epoch': 0.03}
{'loss': 1.1823, 'grad_norm': 3.034597873687744, 'learning_rate': 8.863684998930025e-06, 'epoch': 0.03}
{'loss': 0.9952, 'grad_norm': 3.030733585357666, 'learning_rate': 8.86582495185106e-06, 'epoch': 0.03}
{'loss': 1.1241, 'grad_norm': 3.1931796073913574, 'learning_rate': 8.867964904772095e-06, 'epoch': 0.03}
{'loss': 0.7946, 'grad_norm': 2.8294122219085693, 'learning_rate': 8.870104857693132e-06, 'epoch': 0.03}
{'loss': 1.0596, 'grad_norm': 3.110738754272461, 'learning_rate': 8.872244810614168e-06, 'epoch': 0.03}
{'loss': 1.0475, 'grad_norm': 3.1851329803466797, 'learning_rate': 8.874384763535203e-06, 'epoch': 0.03}
{'loss': 1.3889, 'grad_norm': 3.2316925525665283, 'learning_rate': 8.876524716456238e-06, 'epoch': 0.03}
{'loss': 1.0525, 'grad_norm': 3.158722400665283, 'learning_rate': 8.878664669377275e-06, 'epoch': 0.03}
{'loss': 1.0621, 'grad_norm': 2.992961883544922, 'learning_rate': 8.88080462229831e-06, 'epoch': 0.03}
{'loss': 0.8429, 'grad_norm': 2.7074551582336426, 'learning_rate': 8.882944575219346e-06, 'epoch': 0.03}
{'loss': 0.7251, 'grad_norm': 2.4990973472595215, 'learning_rate': 8.885084528140383e-06, 'epoch': 0.03}
{'loss': 0.9433, 'grad_norm': 2.7405667304992676, 'learning_rate': 8.887224481061418e-06, 'epoch': 0.03}
{'loss': 0.8411, 'grad_norm': 2.9947447776794434, 'learning_rate': 8.889364433982453e-06, 'epoch': 0.03}
{'loss': 0.9841, 'grad_norm': 2.922084093093872, 'learning_rate': 8.891504386903488e-06, 'epoch': 0.03}
{'loss': 1.086, 'grad_norm': 2.889716863632202, 'learning_rate': 8.893644339824524e-06, 'epoch': 0.03}
{'loss': 0.8726, 'grad_norm': 2.8101227283477783, 'learning_rate': 8.89578429274556e-06, 'epoch': 0.03}
{'loss': 0.9444, 'grad_norm': 2.933474540710449, 'learning_rate': 8.897924245666596e-06, 'epoch': 0.03}
{'loss': 0.6343, 'grad_norm': 2.1449503898620605, 'learning_rate': 8.900064198587631e-06, 'epoch': 0.03}
{'loss': 1.0069, 'grad_norm': 3.0217180252075195, 'learning_rate': 8.902204151508668e-06, 'epoch': 0.03}
{'loss': 0.8449, 'grad_norm': 2.7481768131256104, 'learning_rate': 8.904344104429704e-06, 'epoch': 0.03}
{'loss': 0.9687, 'grad_norm': 2.937863826751709, 'learning_rate': 8.906484057350739e-06, 'epoch': 0.03}
{'loss': 0.9164, 'grad_norm': 2.835343837738037, 'learning_rate': 8.908624010271774e-06, 'epoch': 0.03}
{'loss': 0.9459, 'grad_norm': 2.9656379222869873, 'learning_rate': 8.91076396319281e-06, 'epoch': 0.03}
{'loss': 1.051, 'grad_norm': 2.9506452083587646, 'learning_rate': 8.912903916113846e-06, 'epoch': 0.03}
{'loss': 0.8683, 'grad_norm': 2.85687255859375, 'learning_rate': 8.915043869034882e-06, 'epoch': 0.03}
{'loss': 1.0764, 'grad_norm': 3.1519291400909424, 'learning_rate': 8.917183821955919e-06, 'epoch': 0.03}
{'loss': 0.8685, 'grad_norm': 2.9528472423553467, 'learning_rate': 8.919323774876954e-06, 'epoch': 0.03}
{'loss': 1.1447, 'grad_norm': 3.0226049423217773, 'learning_rate': 8.92146372779799e-06, 'epoch': 0.03}
{'loss': 0.8038, 'grad_norm': 2.869285821914673, 'learning_rate': 8.923603680719024e-06, 'epoch': 0.03}
{'loss': 0.8485, 'grad_norm': 2.694277763366699, 'learning_rate': 8.92574363364006e-06, 'epoch': 0.03}
{'loss': 0.8156, 'grad_norm': 2.6709959506988525, 'learning_rate': 8.927883586561097e-06, 'epoch': 0.03}
{'loss': 0.9744, 'grad_norm': 2.829641342163086, 'learning_rate': 8.930023539482132e-06, 'epoch': 0.03}
{'loss': 1.0812, 'grad_norm': 3.1100013256073, 'learning_rate': 8.932163492403167e-06, 'epoch': 0.03}
{'loss': 0.9185, 'grad_norm': 2.9574427604675293, 'learning_rate': 8.934303445324204e-06, 'epoch': 0.03}
{'loss': 0.9509, 'grad_norm': 3.101137161254883, 'learning_rate': 8.93644339824524e-06, 'epoch': 0.03}
{'loss': 0.8693, 'grad_norm': 2.8594374656677246, 'learning_rate': 8.938583351166275e-06, 'epoch': 0.03}
{'loss': 1.3379, 'grad_norm': 3.052344560623169, 'learning_rate': 8.94072330408731e-06, 'epoch': 0.03}
{'loss': 1.0061, 'grad_norm': 2.8957457542419434, 'learning_rate': 8.942863257008347e-06, 'epoch': 0.03}
{'loss': 0.7251, 'grad_norm': 2.674916982650757, 'learning_rate': 8.945003209929382e-06, 'epoch': 0.03}
{'loss': 0.7682, 'grad_norm': 2.694990873336792, 'learning_rate': 8.947143162850418e-06, 'epoch': 0.03}
{'loss': 1.0098, 'grad_norm': 2.6253929138183594, 'learning_rate': 8.949283115771453e-06, 'epoch': 0.03}
{'loss': 0.9158, 'grad_norm': 3.6059892177581787, 'learning_rate': 8.95142306869249e-06, 'epoch': 0.03}
{'loss': 1.073, 'grad_norm': 3.4557783603668213, 'learning_rate': 8.953563021613525e-06, 'epoch': 0.03}
{'loss': 1.1763, 'grad_norm': 2.7777669429779053, 'learning_rate': 8.955702974534562e-06, 'epoch': 0.03}
{'loss': 0.8614, 'grad_norm': 2.5663297176361084, 'learning_rate': 8.957842927455597e-06, 'epoch': 0.03}
{'loss': 1.0315, 'grad_norm': 3.2593326568603516, 'learning_rate': 8.959982880376633e-06, 'epoch': 0.03}
{'loss': 0.888, 'grad_norm': 2.8463640213012695, 'learning_rate': 8.962122833297668e-06, 'epoch': 0.03}
{'loss': 0.9416, 'grad_norm': 2.8289878368377686, 'learning_rate': 8.964262786218703e-06, 'epoch': 0.03}
{'loss': 0.9512, 'grad_norm': 2.841728687286377, 'learning_rate': 8.96640273913974e-06, 'epoch': 0.03}
{'loss': 0.9956, 'grad_norm': 2.9199631214141846, 'learning_rate': 8.968542692060776e-06, 'epoch': 0.03}
{'loss': 1.0376, 'grad_norm': 2.902683973312378, 'learning_rate': 8.97068264498181e-06, 'epoch': 0.03}
{'loss': 0.862, 'grad_norm': 2.7470338344573975, 'learning_rate': 8.972822597902848e-06, 'epoch': 0.03}
{'loss': 0.8072, 'grad_norm': 2.647050619125366, 'learning_rate': 8.974962550823883e-06, 'epoch': 0.03}
{'loss': 0.7494, 'grad_norm': 2.795780897140503, 'learning_rate': 8.977102503744918e-06, 'epoch': 0.03}
{'loss': 0.9514, 'grad_norm': 3.0459227561950684, 'learning_rate': 8.979242456665954e-06, 'epoch': 0.03}
{'loss': 0.9604, 'grad_norm': 3.0912668704986572, 'learning_rate': 8.981382409586989e-06, 'epoch': 0.03}
{'loss': 0.9033, 'grad_norm': 2.9559133052825928, 'learning_rate': 8.983522362508026e-06, 'epoch': 0.03}
{'loss': 0.8887, 'grad_norm': 2.891834020614624, 'learning_rate': 8.985662315429061e-06, 'epoch': 0.03}
{'loss': 0.8092, 'grad_norm': 2.4863364696502686, 'learning_rate': 8.987802268350096e-06, 'epoch': 0.03}
{'loss': 1.0111, 'grad_norm': 3.110006332397461, 'learning_rate': 8.989942221271133e-06, 'epoch': 0.03}
{'loss': 0.8838, 'grad_norm': 2.592268943786621, 'learning_rate': 8.992082174192169e-06, 'epoch': 0.03}
{'loss': 1.0228, 'grad_norm': 2.6574466228485107, 'learning_rate': 8.994222127113204e-06, 'epoch': 0.03}
{'loss': 0.9781, 'grad_norm': 3.2959365844726562, 'learning_rate': 8.99636208003424e-06, 'epoch': 0.03}
{'loss': 1.1729, 'grad_norm': 3.264493942260742, 'learning_rate': 8.998502032955275e-06, 'epoch': 0.03}
{'loss': 0.9602, 'grad_norm': 3.212031602859497, 'learning_rate': 9.000641985876311e-06, 'epoch': 0.03}
{'loss': 1.068, 'grad_norm': 2.997138023376465, 'learning_rate': 9.002781938797347e-06, 'epoch': 0.03}
{'loss': 0.7989, 'grad_norm': 2.479421854019165, 'learning_rate': 9.004921891718384e-06, 'epoch': 0.03}
{'loss': 0.7466, 'grad_norm': 2.6666197776794434, 'learning_rate': 9.007061844639419e-06, 'epoch': 0.03}
{'loss': 1.029, 'grad_norm': 3.0566859245300293, 'learning_rate': 9.009201797560454e-06, 'epoch': 0.03}
{'loss': 0.8433, 'grad_norm': 2.656188726425171, 'learning_rate': 9.01134175048149e-06, 'epoch': 0.03}
{'loss': 1.6186, 'grad_norm': 3.454104423522949, 'learning_rate': 9.013481703402525e-06, 'epoch': 0.03}
{'loss': 0.9782, 'grad_norm': 2.9310104846954346, 'learning_rate': 9.015621656323562e-06, 'epoch': 0.03}
{'loss': 0.968, 'grad_norm': 3.38805890083313, 'learning_rate': 9.017761609244597e-06, 'epoch': 0.03}
{'loss': 1.0726, 'grad_norm': 2.8663620948791504, 'learning_rate': 9.019901562165632e-06, 'epoch': 0.03}
{'loss': 0.9474, 'grad_norm': 2.612332344055176, 'learning_rate': 9.02204151508667e-06, 'epoch': 0.03}
{'loss': 0.8838, 'grad_norm': 2.7522096633911133, 'learning_rate': 9.024181468007705e-06, 'epoch': 0.03}
{'loss': 0.9799, 'grad_norm': 2.8434622287750244, 'learning_rate': 9.02632142092874e-06, 'epoch': 0.03}
{'loss': 0.8256, 'grad_norm': 2.7214391231536865, 'learning_rate': 9.028461373849777e-06, 'epoch': 0.03}
{'loss': 1.1004, 'grad_norm': 2.800259828567505, 'learning_rate': 9.030601326770812e-06, 'epoch': 0.03}
{'loss': 1.029, 'grad_norm': 2.932128429412842, 'learning_rate': 9.032741279691847e-06, 'epoch': 0.03}
{'loss': 0.9866, 'grad_norm': 2.5744457244873047, 'learning_rate': 9.034881232612883e-06, 'epoch': 0.03}
{'loss': 1.1662, 'grad_norm': 3.0551095008850098, 'learning_rate': 9.037021185533918e-06, 'epoch': 0.03}
{'loss': 0.8525, 'grad_norm': 2.6148841381073, 'learning_rate': 9.039161138454955e-06, 'epoch': 0.03}
{'loss': 1.1612, 'grad_norm': 2.9231722354888916, 'learning_rate': 9.04130109137599e-06, 'epoch': 0.03}
{'loss': 1.0258, 'grad_norm': 3.0262324810028076, 'learning_rate': 9.043441044297027e-06, 'epoch': 0.03}
{'loss': 1.0291, 'grad_norm': 3.134618043899536, 'learning_rate': 9.045580997218063e-06, 'epoch': 0.03}
{'loss': 1.0867, 'grad_norm': 3.256190061569214, 'learning_rate': 9.047720950139098e-06, 'epoch': 0.03}
{'loss': 0.8983, 'grad_norm': 2.579890489578247, 'learning_rate': 9.049860903060133e-06, 'epoch': 0.03}
{'loss': 0.8497, 'grad_norm': 2.7516584396362305, 'learning_rate': 9.052000855981168e-06, 'epoch': 0.03}
{'loss': 1.0869, 'grad_norm': 2.794626235961914, 'learning_rate': 9.054140808902205e-06, 'epoch': 0.03}
{'loss': 1.0079, 'grad_norm': 2.7619833946228027, 'learning_rate': 9.05628076182324e-06, 'epoch': 0.03}
{'loss': 1.0189, 'grad_norm': 2.81640887260437, 'learning_rate': 9.058420714744276e-06, 'epoch': 0.03}
{'loss': 0.9349, 'grad_norm': 2.885488748550415, 'learning_rate': 9.060560667665313e-06, 'epoch': 0.03}
{'loss': 0.925, 'grad_norm': 2.5902817249298096, 'learning_rate': 9.062700620586348e-06, 'epoch': 0.03}
{'loss': 0.7909, 'grad_norm': 2.5212321281433105, 'learning_rate': 9.064840573507383e-06, 'epoch': 0.03}
{'loss': 0.9374, 'grad_norm': 3.0547215938568115, 'learning_rate': 9.066980526428419e-06, 'epoch': 0.03}
{'loss': 0.962, 'grad_norm': 2.8458809852600098, 'learning_rate': 9.069120479349454e-06, 'epoch': 0.03}
{'loss': 1.0906, 'grad_norm': 3.0357325077056885, 'learning_rate': 9.071260432270491e-06, 'epoch': 0.03}
{'loss': 0.9273, 'grad_norm': 2.98013973236084, 'learning_rate': 9.073400385191526e-06, 'epoch': 0.03}
{'loss': 0.7193, 'grad_norm': 2.6464076042175293, 'learning_rate': 9.075540338112562e-06, 'epoch': 0.03}
{'loss': 1.2908, 'grad_norm': 2.9497947692871094, 'learning_rate': 9.077680291033599e-06, 'epoch': 0.03}
{'loss': 1.0051, 'grad_norm': 2.865532875061035, 'learning_rate': 9.079820243954634e-06, 'epoch': 0.03}
{'loss': 1.0428, 'grad_norm': 2.9376354217529297, 'learning_rate': 9.081960196875669e-06, 'epoch': 0.03}
{'loss': 0.9107, 'grad_norm': 2.479447603225708, 'learning_rate': 9.084100149796704e-06, 'epoch': 0.03}
{'loss': 0.9177, 'grad_norm': 2.5795962810516357, 'learning_rate': 9.08624010271774e-06, 'epoch': 0.03}
{'loss': 1.1806, 'grad_norm': 3.0420773029327393, 'learning_rate': 9.088380055638777e-06, 'epoch': 0.03}
{'loss': 0.9037, 'grad_norm': 2.633765459060669, 'learning_rate': 9.090520008559812e-06, 'epoch': 0.03}
{'loss': 0.9636, 'grad_norm': 2.7614526748657227, 'learning_rate': 9.092659961480849e-06, 'epoch': 0.03}
{'loss': 1.0051, 'grad_norm': 3.0615949630737305, 'learning_rate': 9.094799914401884e-06, 'epoch': 0.03}
{'loss': 1.0595, 'grad_norm': 2.8212482929229736, 'learning_rate': 9.09693986732292e-06, 'epoch': 0.03}
{'loss': 0.9365, 'grad_norm': 2.543071985244751, 'learning_rate': 9.099079820243956e-06, 'epoch': 0.03}
{'loss': 0.9136, 'grad_norm': 2.9010097980499268, 'learning_rate': 9.101219773164992e-06, 'epoch': 0.03}
{'loss': 0.8685, 'grad_norm': 2.6160361766815186, 'learning_rate': 9.103359726086027e-06, 'epoch': 0.03}
{'loss': 0.9165, 'grad_norm': 2.9428610801696777, 'learning_rate': 9.105499679007062e-06, 'epoch': 0.03}
{'loss': 1.0049, 'grad_norm': 2.7638070583343506, 'learning_rate': 9.107639631928098e-06, 'epoch': 0.03}
{'loss': 0.9608, 'grad_norm': 2.689011335372925, 'learning_rate': 9.109779584849134e-06, 'epoch': 0.03}
{'loss': 0.903, 'grad_norm': 2.8070316314697266, 'learning_rate': 9.11191953777017e-06, 'epoch': 0.03}
{'loss': 1.0498, 'grad_norm': 3.029663562774658, 'learning_rate': 9.114059490691205e-06, 'epoch': 0.03}
{'loss': 0.983, 'grad_norm': 3.076758861541748, 'learning_rate': 9.116199443612242e-06, 'epoch': 0.03}
{'loss': 0.9412, 'grad_norm': 2.867291212081909, 'learning_rate': 9.118339396533277e-06, 'epoch': 0.03}
{'loss': 1.0501, 'grad_norm': 2.9110524654388428, 'learning_rate': 9.120479349454313e-06, 'epoch': 0.03}
{'loss': 0.821, 'grad_norm': 2.6709494590759277, 'learning_rate': 9.122619302375348e-06, 'epoch': 0.03}
{'loss': 1.0864, 'grad_norm': 2.8400864601135254, 'learning_rate': 9.124759255296383e-06, 'epoch': 0.03}
{'loss': 0.8432, 'grad_norm': 3.0080535411834717, 'learning_rate': 9.12689920821742e-06, 'epoch': 0.03}
{'loss': 0.897, 'grad_norm': 2.711472272872925, 'learning_rate': 9.129039161138455e-06, 'epoch': 0.03}
{'loss': 1.1427, 'grad_norm': 2.8735082149505615, 'learning_rate': 9.131179114059492e-06, 'epoch': 0.03}
{'loss': 1.0821, 'grad_norm': 3.089200496673584, 'learning_rate': 9.133319066980528e-06, 'epoch': 0.03}
{'loss': 1.0125, 'grad_norm': 2.8932671546936035, 'learning_rate': 9.135459019901563e-06, 'epoch': 0.03}
{'loss': 0.8431, 'grad_norm': 2.712890863418579, 'learning_rate': 9.137598972822598e-06, 'epoch': 0.03}
{'loss': 0.7038, 'grad_norm': 2.7886784076690674, 'learning_rate': 9.139738925743634e-06, 'epoch': 0.03}
{'loss': 0.8731, 'grad_norm': 2.5572144985198975, 'learning_rate': 9.14187887866467e-06, 'epoch': 0.03}
{'loss': 0.9609, 'grad_norm': 2.6013479232788086, 'learning_rate': 9.144018831585706e-06, 'epoch': 0.03}
{'loss': 0.8277, 'grad_norm': 2.572911500930786, 'learning_rate': 9.146158784506741e-06, 'epoch': 0.03}
{'loss': 0.7695, 'grad_norm': 2.6035640239715576, 'learning_rate': 9.148298737427778e-06, 'epoch': 0.03}
{'loss': 0.9545, 'grad_norm': 2.9410746097564697, 'learning_rate': 9.150438690348813e-06, 'epoch': 0.03}
{'loss': 0.8792, 'grad_norm': 3.1030683517456055, 'learning_rate': 9.152578643269849e-06, 'epoch': 0.03}
{'loss': 1.1661, 'grad_norm': 2.872279405593872, 'learning_rate': 9.154718596190884e-06, 'epoch': 0.03}
{'loss': 0.9047, 'grad_norm': 2.954454183578491, 'learning_rate': 9.156858549111919e-06, 'epoch': 0.03}
{'loss': 0.8827, 'grad_norm': 2.923609972000122, 'learning_rate': 9.158998502032956e-06, 'epoch': 0.03}
{'loss': 0.9262, 'grad_norm': 2.765075445175171, 'learning_rate': 9.161138454953991e-06, 'epoch': 0.03}
{'loss': 1.2138, 'grad_norm': 2.96830153465271, 'learning_rate': 9.163278407875027e-06, 'epoch': 0.03}
{'loss': 0.9019, 'grad_norm': 3.052858591079712, 'learning_rate': 9.165418360796064e-06, 'epoch': 0.03}
{'loss': 0.9105, 'grad_norm': 2.717114210128784, 'learning_rate': 9.167558313717099e-06, 'epoch': 0.03}
{'loss': 0.9106, 'grad_norm': 2.7001895904541016, 'learning_rate': 9.169698266638136e-06, 'epoch': 0.03}
{'loss': 0.7859, 'grad_norm': 2.453961133956909, 'learning_rate': 9.171838219559171e-06, 'epoch': 0.03}
{'loss': 0.9254, 'grad_norm': 2.898920774459839, 'learning_rate': 9.173978172480206e-06, 'epoch': 0.03}
{'loss': 0.9785, 'grad_norm': 3.109313726425171, 'learning_rate': 9.176118125401242e-06, 'epoch': 0.03}
{'loss': 0.9897, 'grad_norm': 3.030580759048462, 'learning_rate': 9.178258078322277e-06, 'epoch': 0.03}
{'loss': 1.1634, 'grad_norm': 2.8468382358551025, 'learning_rate': 9.180398031243314e-06, 'epoch': 0.03}
{'loss': 0.8762, 'grad_norm': 3.0015954971313477, 'learning_rate': 9.18253798416435e-06, 'epoch': 0.03}
{'loss': 1.1496, 'grad_norm': 3.1022753715515137, 'learning_rate': 9.184677937085385e-06, 'epoch': 0.03}
{'loss': 0.877, 'grad_norm': 2.6653780937194824, 'learning_rate': 9.186817890006422e-06, 'epoch': 0.03}
{'loss': 1.1102, 'grad_norm': 2.9433465003967285, 'learning_rate': 9.188957842927457e-06, 'epoch': 0.03}
{'loss': 1.1043, 'grad_norm': 2.880875825881958, 'learning_rate': 9.191097795848492e-06, 'epoch': 0.03}
{'loss': 0.7732, 'grad_norm': 2.7699878215789795, 'learning_rate': 9.193237748769527e-06, 'epoch': 0.03}
{'loss': 1.022, 'grad_norm': 3.132110118865967, 'learning_rate': 9.195377701690563e-06, 'epoch': 0.03}
{'loss': 1.0377, 'grad_norm': 3.248807907104492, 'learning_rate': 9.1975176546116e-06, 'epoch': 0.03}
{'loss': 1.1734, 'grad_norm': 3.0225071907043457, 'learning_rate': 9.199657607532635e-06, 'epoch': 0.03}
{'loss': 1.0544, 'grad_norm': 2.7034356594085693, 'learning_rate': 9.20179756045367e-06, 'epoch': 0.03}
{'loss': 0.7196, 'grad_norm': 2.637019634246826, 'learning_rate': 9.203937513374707e-06, 'epoch': 0.03}
{'loss': 0.9227, 'grad_norm': 3.0522191524505615, 'learning_rate': 9.206077466295742e-06, 'epoch': 0.03}
{'loss': 0.8636, 'grad_norm': 2.5538809299468994, 'learning_rate': 9.208217419216778e-06, 'epoch': 0.03}
{'loss': 1.0443, 'grad_norm': 2.911757707595825, 'learning_rate': 9.210357372137813e-06, 'epoch': 0.03}
{'loss': 1.162, 'grad_norm': 2.9764580726623535, 'learning_rate': 9.212497325058848e-06, 'epoch': 0.03}
{'loss': 0.8896, 'grad_norm': 2.7322492599487305, 'learning_rate': 9.214637277979885e-06, 'epoch': 0.03}
{'loss': 1.0852, 'grad_norm': 3.0281214714050293, 'learning_rate': 9.21677723090092e-06, 'epoch': 0.03}
{'loss': 0.8139, 'grad_norm': 2.9063806533813477, 'learning_rate': 9.218917183821958e-06, 'epoch': 0.03}
{'loss': 0.8971, 'grad_norm': 2.9306368827819824, 'learning_rate': 9.221057136742993e-06, 'epoch': 0.03}
{'loss': 0.9424, 'grad_norm': 2.9012391567230225, 'learning_rate': 9.223197089664028e-06, 'epoch': 0.03}
{'loss': 0.8427, 'grad_norm': 2.7043750286102295, 'learning_rate': 9.225337042585063e-06, 'epoch': 0.03}
{'loss': 0.9096, 'grad_norm': 2.818971872329712, 'learning_rate': 9.227476995506099e-06, 'epoch': 0.03}
{'loss': 0.8638, 'grad_norm': 2.8711700439453125, 'learning_rate': 9.229616948427136e-06, 'epoch': 0.03}
{'loss': 1.0021, 'grad_norm': 2.7938857078552246, 'learning_rate': 9.231756901348171e-06, 'epoch': 0.03}
{'loss': 1.0267, 'grad_norm': 3.24857759475708, 'learning_rate': 9.233896854269206e-06, 'epoch': 0.03}
{'loss': 1.0128, 'grad_norm': 2.8367340564727783, 'learning_rate': 9.236036807190243e-06, 'epoch': 0.03}
{'loss': 0.9212, 'grad_norm': 2.772475242614746, 'learning_rate': 9.238176760111278e-06, 'epoch': 0.03}
{'loss': 0.6973, 'grad_norm': 2.6863811016082764, 'learning_rate': 9.240316713032315e-06, 'epoch': 0.03}
{'loss': 0.7694, 'grad_norm': 2.8478598594665527, 'learning_rate': 9.24245666595335e-06, 'epoch': 0.03}
{'loss': 1.0216, 'grad_norm': 3.3706676959991455, 'learning_rate': 9.244596618874386e-06, 'epoch': 0.03}
{'loss': 1.1698, 'grad_norm': 3.108059883117676, 'learning_rate': 9.246736571795421e-06, 'epoch': 0.03}
{'loss': 0.8817, 'grad_norm': 2.9051973819732666, 'learning_rate': 9.248876524716457e-06, 'epoch': 0.03}
{'loss': 1.0071, 'grad_norm': 3.02705454826355, 'learning_rate': 9.251016477637492e-06, 'epoch': 0.03}
{'loss': 0.9401, 'grad_norm': 2.961880683898926, 'learning_rate': 9.253156430558529e-06, 'epoch': 0.03}
{'loss': 1.0782, 'grad_norm': 3.069474697113037, 'learning_rate': 9.255296383479564e-06, 'epoch': 0.03}
{'loss': 0.898, 'grad_norm': 2.61993408203125, 'learning_rate': 9.257436336400601e-06, 'epoch': 0.03}
{'loss': 1.0359, 'grad_norm': 3.000455379486084, 'learning_rate': 9.259576289321636e-06, 'epoch': 0.03}
{'loss': 1.051, 'grad_norm': 2.8067774772644043, 'learning_rate': 9.261716242242672e-06, 'epoch': 0.03}
{'loss': 0.9807, 'grad_norm': 3.315112590789795, 'learning_rate': 9.263856195163707e-06, 'epoch': 0.03}
{'loss': 0.886, 'grad_norm': 2.4289193153381348, 'learning_rate': 9.265996148084742e-06, 'epoch': 0.03}
{'loss': 0.8814, 'grad_norm': 2.679734230041504, 'learning_rate': 9.268136101005779e-06, 'epoch': 0.03}
{'loss': 0.8631, 'grad_norm': 2.803718090057373, 'learning_rate': 9.270276053926814e-06, 'epoch': 0.03}
{'loss': 0.9689, 'grad_norm': 3.078059673309326, 'learning_rate': 9.27241600684785e-06, 'epoch': 0.03}
{'loss': 0.816, 'grad_norm': 2.625999927520752, 'learning_rate': 9.274555959768887e-06, 'epoch': 0.03}
{'loss': 1.0301, 'grad_norm': 2.683070421218872, 'learning_rate': 9.276695912689922e-06, 'epoch': 0.03}
{'loss': 0.9255, 'grad_norm': 2.6820645332336426, 'learning_rate': 9.278835865610957e-06, 'epoch': 0.03}
{'loss': 1.1957, 'grad_norm': 2.8860440254211426, 'learning_rate': 9.280975818531992e-06, 'epoch': 0.03}
{'loss': 1.0169, 'grad_norm': 2.7874374389648438, 'learning_rate': 9.283115771453028e-06, 'epoch': 0.03}
{'loss': 0.9024, 'grad_norm': 2.7193515300750732, 'learning_rate': 9.285255724374065e-06, 'epoch': 0.03}
{'loss': 1.0191, 'grad_norm': 3.1647188663482666, 'learning_rate': 9.2873956772951e-06, 'epoch': 0.03}
{'loss': 1.0155, 'grad_norm': 2.970108985900879, 'learning_rate': 9.289535630216135e-06, 'epoch': 0.03}
{'loss': 0.9253, 'grad_norm': 2.703768253326416, 'learning_rate': 9.291675583137172e-06, 'epoch': 0.03}
{'loss': 0.8338, 'grad_norm': 2.4884696006774902, 'learning_rate': 9.293815536058208e-06, 'epoch': 0.03}
{'loss': 0.7221, 'grad_norm': 2.5314791202545166, 'learning_rate': 9.295955488979243e-06, 'epoch': 0.03}
{'loss': 0.8755, 'grad_norm': 2.7735252380371094, 'learning_rate': 9.298095441900278e-06, 'epoch': 0.03}
{'loss': 0.87, 'grad_norm': 2.764411449432373, 'learning_rate': 9.300235394821313e-06, 'epoch': 0.03}
{'loss': 1.2278, 'grad_norm': 3.2802040576934814, 'learning_rate': 9.30237534774235e-06, 'epoch': 0.03}
{'loss': 1.0472, 'grad_norm': 3.056668281555176, 'learning_rate': 9.304515300663386e-06, 'epoch': 0.03}
{'loss': 1.0283, 'grad_norm': 2.885345458984375, 'learning_rate': 9.306655253584423e-06, 'epoch': 0.03}
{'loss': 1.0478, 'grad_norm': 2.7004244327545166, 'learning_rate': 9.308795206505458e-06, 'epoch': 0.03}
{'loss': 0.974, 'grad_norm': 2.8504395484924316, 'learning_rate': 9.310935159426493e-06, 'epoch': 0.03}
{'loss': 0.8055, 'grad_norm': 2.6597917079925537, 'learning_rate': 9.31307511234753e-06, 'epoch': 0.03}
{'loss': 0.9908, 'grad_norm': 2.7404401302337646, 'learning_rate': 9.315215065268565e-06, 'epoch': 0.03}
{'loss': 0.8739, 'grad_norm': 2.580556869506836, 'learning_rate': 9.3173550181896e-06, 'epoch': 0.03}
{'loss': 1.0379, 'grad_norm': 2.814074754714966, 'learning_rate': 9.319494971110636e-06, 'epoch': 0.03}
{'loss': 0.9845, 'grad_norm': 2.6088411808013916, 'learning_rate': 9.321634924031671e-06, 'epoch': 0.03}
{'loss': 0.7645, 'grad_norm': 2.692943572998047, 'learning_rate': 9.323774876952708e-06, 'epoch': 0.03}
[21:12:03.559933] Error: Error reading OpenGVLab/stage2/OpenMMLab___Kinetics-400/raw/Kinetics-400/videos_train/ek8d3wBeEPI.mp4...
[21:12:03.559982] Failed to read video file: OpenGVLab/stage2/OpenMMLab___Kinetics-400/raw/Kinetics-400/videos_train/ek8d3wBeEPI.mp4
[21:12:03.559998] [Try #0] Failed to fetch sample 3825118. Exception: Error reading OpenGVLab/stage2/OpenMMLab___Kinetics-400/raw/Kinetics-400/videos_train/ek8d3wBeEPI.mp4...
[21:12:04.561336] Error: Error reading OpenGVLab/stage2/OpenMMLab___Kinetics-400/raw/Kinetics-400/videos_train/ek8d3wBeEPI.mp4...
[21:12:04.561389] Failed to read video file: OpenGVLab/stage2/OpenMMLab___Kinetics-400/raw/Kinetics-400/videos_train/ek8d3wBeEPI.mp4
[21:12:04.561406] [Try #1] Failed to fetch sample 3825118. Exception: Error reading OpenGVLab/stage2/OpenMMLab___Kinetics-400/raw/Kinetics-400/videos_train/ek8d3wBeEPI.mp4...
{'loss': 1.1585, 'grad_norm': 3.2033069133758545, 'learning_rate': 9.325914829873744e-06, 'epoch': 0.03}
[21:12:15.401894] Error: Error reading OpenGVLab/stage2/OpenMMLab___Kinetics-400/raw/Kinetics-400/videos_train/P0ty59LiPhk.mp4...
[21:12:15.401943] Failed to read video file: OpenGVLab/stage2/OpenMMLab___Kinetics-400/raw/Kinetics-400/videos_train/P0ty59LiPhk.mp4
[21:12:15.401962] [Try #0] Failed to fetch sample 3766192. Exception: Error reading OpenGVLab/stage2/OpenMMLab___Kinetics-400/raw/Kinetics-400/videos_train/P0ty59LiPhk.mp4...
[21:12:16.403315] Error: Error reading OpenGVLab/stage2/OpenMMLab___Kinetics-400/raw/Kinetics-400/videos_train/P0ty59LiPhk.mp4...
[21:12:16.403363] Failed to read video file: OpenGVLab/stage2/OpenMMLab___Kinetics-400/raw/Kinetics-400/videos_train/P0ty59LiPhk.mp4
[21:12:16.403378] [Try #1] Failed to fetch sample 3766192. Exception: Error reading OpenGVLab/stage2/OpenMMLab___Kinetics-400/raw/Kinetics-400/videos_train/P0ty59LiPhk.mp4...
{'loss': 1.1221, 'grad_norm': 3.0983479022979736, 'learning_rate': 9.32805478279478e-06, 'epoch': 0.03}
{'loss': 0.9241, 'grad_norm': 2.974201202392578, 'learning_rate': 9.330194735715816e-06, 'epoch': 0.03}
{'loss': 0.895, 'grad_norm': 2.629795789718628, 'learning_rate': 9.332334688636851e-06, 'epoch': 0.03}
{'loss': 1.0179, 'grad_norm': 2.759817361831665, 'learning_rate': 9.334474641557886e-06, 'epoch': 0.03}
{'loss': 0.9394, 'grad_norm': 2.6592581272125244, 'learning_rate': 9.336614594478922e-06, 'epoch': 0.03}
{'loss': 0.8973, 'grad_norm': 3.034956693649292, 'learning_rate': 9.338754547399957e-06, 'epoch': 0.03}
{'loss': 1.0297, 'grad_norm': 2.8646700382232666, 'learning_rate': 9.340894500320994e-06, 'epoch': 0.03}
{'loss': 0.8618, 'grad_norm': 2.82082462310791, 'learning_rate': 9.34303445324203e-06, 'epoch': 0.03}
{'loss': 0.8902, 'grad_norm': 2.957890510559082, 'learning_rate': 9.345174406163066e-06, 'epoch': 0.03}
{'loss': 0.9533, 'grad_norm': 2.922089099884033, 'learning_rate': 9.347314359084101e-06, 'epoch': 0.03}
{'loss': 1.0186, 'grad_norm': 3.0845515727996826, 'learning_rate': 9.349454312005137e-06, 'epoch': 0.03}
{'loss': 0.9922, 'grad_norm': 2.8129172325134277, 'learning_rate': 9.351594264926172e-06, 'epoch': 0.03}
{'loss': 0.8353, 'grad_norm': 2.74109148979187, 'learning_rate': 9.353734217847207e-06, 'epoch': 0.03}
{'loss': 0.8121, 'grad_norm': 2.7629754543304443, 'learning_rate': 9.355874170768244e-06, 'epoch': 0.03}
{'loss': 0.9817, 'grad_norm': 3.0223193168640137, 'learning_rate': 9.35801412368928e-06, 'epoch': 0.03}
{'loss': 1.2656, 'grad_norm': 3.2623953819274902, 'learning_rate': 9.360154076610315e-06, 'epoch': 0.03}
{'loss': 0.8838, 'grad_norm': 2.778271198272705, 'learning_rate': 9.362294029531352e-06, 'epoch': 0.03}
{'loss': 1.0904, 'grad_norm': 2.664255380630493, 'learning_rate': 9.364433982452387e-06, 'epoch': 0.03}
{'loss': 0.7625, 'grad_norm': 2.657273292541504, 'learning_rate': 9.366573935373422e-06, 'epoch': 0.03}
{'loss': 1.0619, 'grad_norm': 2.774343967437744, 'learning_rate': 9.368713888294458e-06, 'epoch': 0.03}
{'loss': 1.0128, 'grad_norm': 3.058663845062256, 'learning_rate': 9.370853841215493e-06, 'epoch': 0.03}
{'loss': 0.8512, 'grad_norm': 2.639012575149536, 'learning_rate': 9.37299379413653e-06, 'epoch': 0.03}
{'loss': 1.0083, 'grad_norm': 3.066586971282959, 'learning_rate': 9.375133747057565e-06, 'epoch': 0.03}
{'loss': 0.7813, 'grad_norm': 2.7058846950531006, 'learning_rate': 9.3772736999786e-06, 'epoch': 0.03}
{'loss': 1.1197, 'grad_norm': 2.9823861122131348, 'learning_rate': 9.379413652899637e-06, 'epoch': 0.03}
{'loss': 1.1922, 'grad_norm': 3.112004280090332, 'learning_rate': 9.381553605820673e-06, 'epoch': 0.03}
{'loss': 0.8125, 'grad_norm': 2.615426778793335, 'learning_rate': 9.38369355874171e-06, 'epoch': 0.03}
{'loss': 1.0254, 'grad_norm': 2.8499913215637207, 'learning_rate': 9.385833511662745e-06, 'epoch': 0.03}
{'loss': 1.0586, 'grad_norm': 2.783465623855591, 'learning_rate': 9.38797346458378e-06, 'epoch': 0.03}
{'loss': 0.8571, 'grad_norm': 2.606532096862793, 'learning_rate': 9.390113417504816e-06, 'epoch': 0.03}
{'loss': 0.9369, 'grad_norm': 2.7689387798309326, 'learning_rate': 9.39225337042585e-06, 'epoch': 0.03}
{'loss': 0.8624, 'grad_norm': 2.588681221008301, 'learning_rate': 9.394393323346888e-06, 'epoch': 0.03}
{'loss': 0.9333, 'grad_norm': 2.971233367919922, 'learning_rate': 9.396533276267923e-06, 'epoch': 0.03}
{'loss': 0.8726, 'grad_norm': 2.9974281787872314, 'learning_rate': 9.398673229188958e-06, 'epoch': 0.03}
{'loss': 0.8604, 'grad_norm': 2.6419363021850586, 'learning_rate': 9.400813182109995e-06, 'epoch': 0.03}
{'loss': 0.8718, 'grad_norm': 2.5940897464752197, 'learning_rate': 9.40295313503103e-06, 'epoch': 0.03}
{'loss': 0.968, 'grad_norm': 2.694774866104126, 'learning_rate': 9.405093087952066e-06, 'epoch': 0.03}
{'loss': 0.8938, 'grad_norm': 2.722087860107422, 'learning_rate': 9.407233040873101e-06, 'epoch': 0.03}
{'loss': 0.7381, 'grad_norm': 2.3275723457336426, 'learning_rate': 9.409372993794136e-06, 'epoch': 0.03}
{'loss': 1.0618, 'grad_norm': 2.8615410327911377, 'learning_rate': 9.411512946715173e-06, 'epoch': 0.03}
{'loss': 0.851, 'grad_norm': 2.4995789527893066, 'learning_rate': 9.413652899636209e-06, 'epoch': 0.03}
{'loss': 0.9097, 'grad_norm': 3.076442241668701, 'learning_rate': 9.415792852557244e-06, 'epoch': 0.03}
{'loss': 0.9555, 'grad_norm': 2.963688850402832, 'learning_rate': 9.417932805478281e-06, 'epoch': 0.03}
{'loss': 0.9416, 'grad_norm': 2.82509708404541, 'learning_rate': 9.420072758399316e-06, 'epoch': 0.03}
{'loss': 0.777, 'grad_norm': 2.571157455444336, 'learning_rate': 9.422212711320351e-06, 'epoch': 0.03}
{'loss': 0.7793, 'grad_norm': 2.7289392948150635, 'learning_rate': 9.424352664241387e-06, 'epoch': 0.03}
{'loss': 0.8219, 'grad_norm': 2.691465377807617, 'learning_rate': 9.426492617162422e-06, 'epoch': 0.03}
{'loss': 0.9819, 'grad_norm': 2.661719560623169, 'learning_rate': 9.428632570083459e-06, 'epoch': 0.03}
{'loss': 0.9147, 'grad_norm': 2.8382599353790283, 'learning_rate': 9.430772523004494e-06, 'epoch': 0.03}
{'loss': 0.9288, 'grad_norm': 3.066532611846924, 'learning_rate': 9.432912475925531e-06, 'epoch': 0.03}
{'loss': 0.9543, 'grad_norm': 2.6833608150482178, 'learning_rate': 9.435052428846567e-06, 'epoch': 0.03}
{'loss': 0.9297, 'grad_norm': 2.7130725383758545, 'learning_rate': 9.437192381767602e-06, 'epoch': 0.03}
{'loss': 0.6869, 'grad_norm': 2.492220878601074, 'learning_rate': 9.439332334688637e-06, 'epoch': 0.03}
{'loss': 0.8519, 'grad_norm': 2.6130270957946777, 'learning_rate': 9.441472287609672e-06, 'epoch': 0.03}
{'loss': 1.005, 'grad_norm': 2.9348654747009277, 'learning_rate': 9.44361224053071e-06, 'epoch': 0.03}
{'loss': 1.0707, 'grad_norm': 2.968923568725586, 'learning_rate': 9.445752193451745e-06, 'epoch': 0.03}
{'loss': 1.0045, 'grad_norm': 2.58014178276062, 'learning_rate': 9.44789214637278e-06, 'epoch': 0.03}
{'loss': 0.882, 'grad_norm': 2.935702085494995, 'learning_rate': 9.450032099293817e-06, 'epoch': 0.03}
{'loss': 1.0048, 'grad_norm': 2.733640432357788, 'learning_rate': 9.452172052214852e-06, 'epoch': 0.03}
{'loss': 0.7734, 'grad_norm': 2.7133595943450928, 'learning_rate': 9.45431200513589e-06, 'epoch': 0.03}
{'loss': 0.9146, 'grad_norm': 2.741814374923706, 'learning_rate': 9.456451958056924e-06, 'epoch': 0.03}
{'loss': 0.9522, 'grad_norm': 2.803943634033203, 'learning_rate': 9.45859191097796e-06, 'epoch': 0.03}
{'loss': 1.1035, 'grad_norm': 3.517758369445801, 'learning_rate': 9.460731863898995e-06, 'epoch': 0.03}
{'loss': 0.7714, 'grad_norm': 3.046163558959961, 'learning_rate': 9.46287181682003e-06, 'epoch': 0.03}
{'loss': 0.9035, 'grad_norm': 2.8094003200531006, 'learning_rate': 9.465011769741066e-06, 'epoch': 0.03}
{'loss': 0.8485, 'grad_norm': 2.717135190963745, 'learning_rate': 9.467151722662103e-06, 'epoch': 0.03}
{'loss': 1.1158, 'grad_norm': 3.1377692222595215, 'learning_rate': 9.469291675583138e-06, 'epoch': 0.03}
{'loss': 0.9242, 'grad_norm': 3.231884241104126, 'learning_rate': 9.471431628504175e-06, 'epoch': 0.03}
{'loss': 1.0368, 'grad_norm': 3.0120835304260254, 'learning_rate': 9.47357158142521e-06, 'epoch': 0.03}
{'loss': 1.2083, 'grad_norm': 2.895420789718628, 'learning_rate': 9.475711534346245e-06, 'epoch': 0.03}
{'loss': 1.2314, 'grad_norm': 3.382328510284424, 'learning_rate': 9.47785148726728e-06, 'epoch': 0.03}
{'loss': 0.9105, 'grad_norm': 2.6147618293762207, 'learning_rate': 9.479991440188316e-06, 'epoch': 0.03}
{'loss': 1.2881, 'grad_norm': 3.278757333755493, 'learning_rate': 9.482131393109353e-06, 'epoch': 0.03}
{'loss': 0.8447, 'grad_norm': 2.8474268913269043, 'learning_rate': 9.484271346030388e-06, 'epoch': 0.03}
{'loss': 0.9619, 'grad_norm': 2.8724822998046875, 'learning_rate': 9.486411298951423e-06, 'epoch': 0.03}
{'loss': 1.2158, 'grad_norm': 2.7951254844665527, 'learning_rate': 9.48855125187246e-06, 'epoch': 0.03}
{'loss': 0.8467, 'grad_norm': 2.793959140777588, 'learning_rate': 9.490691204793496e-06, 'epoch': 0.03}
{'loss': 1.0704, 'grad_norm': 2.917682647705078, 'learning_rate': 9.492831157714531e-06, 'epoch': 0.03}
{'loss': 0.7902, 'grad_norm': 2.7538294792175293, 'learning_rate': 9.494971110635566e-06, 'epoch': 0.03}
{'loss': 0.9038, 'grad_norm': 2.6778030395507812, 'learning_rate': 9.497111063556602e-06, 'epoch': 0.03}
{'loss': 0.9967, 'grad_norm': 2.6808841228485107, 'learning_rate': 9.499251016477639e-06, 'epoch': 0.03}
{'loss': 0.7445, 'grad_norm': 2.3367292881011963, 'learning_rate': 9.501390969398674e-06, 'epoch': 0.03}
{'loss': 1.0351, 'grad_norm': 2.871687650680542, 'learning_rate': 9.503530922319709e-06, 'epoch': 0.03}
{'loss': 1.0105, 'grad_norm': 2.8343029022216797, 'learning_rate': 9.505670875240746e-06, 'epoch': 0.03}
{'loss': 0.9478, 'grad_norm': 2.956806182861328, 'learning_rate': 9.507810828161781e-06, 'epoch': 0.03}
{'loss': 0.8177, 'grad_norm': 2.759040117263794, 'learning_rate': 9.509950781082817e-06, 'epoch': 0.03}
{'loss': 0.9862, 'grad_norm': 2.9193999767303467, 'learning_rate': 9.512090734003852e-06, 'epoch': 0.03}
{'loss': 0.9285, 'grad_norm': 3.037958860397339, 'learning_rate': 9.514230686924887e-06, 'epoch': 0.03}
{'loss': 1.3039, 'grad_norm': 2.6862215995788574, 'learning_rate': 9.516370639845924e-06, 'epoch': 0.03}
{'loss': 0.9873, 'grad_norm': 2.660942792892456, 'learning_rate': 9.51851059276696e-06, 'epoch': 0.03}
{'loss': 1.027, 'grad_norm': 2.820294141769409, 'learning_rate': 9.520650545687996e-06, 'epoch': 0.03}
{'loss': 0.9127, 'grad_norm': 2.603724479675293, 'learning_rate': 9.522790498609032e-06, 'epoch': 0.03}
{'loss': 1.0155, 'grad_norm': 2.7667789459228516, 'learning_rate': 9.524930451530067e-06, 'epoch': 0.03}
{'loss': 1.1099, 'grad_norm': 3.1011877059936523, 'learning_rate': 9.527070404451104e-06, 'epoch': 0.03}
{'loss': 1.2083, 'grad_norm': 3.0183849334716797, 'learning_rate': 9.52921035737214e-06, 'epoch': 0.03}
{'loss': 0.8229, 'grad_norm': 2.6317238807678223, 'learning_rate': 9.531350310293174e-06, 'epoch': 0.03}
{'loss': 0.7409, 'grad_norm': 2.661358118057251, 'learning_rate': 9.53349026321421e-06, 'epoch': 0.03}
{'loss': 1.2191, 'grad_norm': 3.4589052200317383, 'learning_rate': 9.535630216135245e-06, 'epoch': 0.03}
{'loss': 0.9834, 'grad_norm': 2.9167771339416504, 'learning_rate': 9.537770169056282e-06, 'epoch': 0.03}
{'loss': 0.9476, 'grad_norm': 2.8044586181640625, 'learning_rate': 9.539910121977317e-06, 'epoch': 0.03}
{'loss': 1.0265, 'grad_norm': 3.112546682357788, 'learning_rate': 9.542050074898354e-06, 'epoch': 0.03}
{'loss': 0.8318, 'grad_norm': 2.383756399154663, 'learning_rate': 9.54419002781939e-06, 'epoch': 0.03}
{'loss': 0.8491, 'grad_norm': 2.819324493408203, 'learning_rate': 9.546329980740425e-06, 'epoch': 0.03}
{'loss': 0.9601, 'grad_norm': 2.801659107208252, 'learning_rate': 9.54846993366146e-06, 'epoch': 0.03}
{'loss': 1.0936, 'grad_norm': 2.9725401401519775, 'learning_rate': 9.550609886582495e-06, 'epoch': 0.03}
{'loss': 1.0266, 'grad_norm': 2.9443845748901367, 'learning_rate': 9.55274983950353e-06, 'epoch': 0.03}
{'loss': 0.9674, 'grad_norm': 2.963865280151367, 'learning_rate': 9.554889792424568e-06, 'epoch': 0.03}
{'loss': 0.7792, 'grad_norm': 2.6206934452056885, 'learning_rate': 9.557029745345603e-06, 'epoch': 0.03}
{'loss': 0.7206, 'grad_norm': 2.4547641277313232, 'learning_rate': 9.55916969826664e-06, 'epoch': 0.03}
{'loss': 1.094, 'grad_norm': 3.041578769683838, 'learning_rate': 9.561309651187675e-06, 'epoch': 0.03}
{'loss': 0.8531, 'grad_norm': 3.0056519508361816, 'learning_rate': 9.56344960410871e-06, 'epoch': 0.03}
{'loss': 0.8114, 'grad_norm': 2.668342351913452, 'learning_rate': 9.565589557029746e-06, 'epoch': 0.03}
{'loss': 1.0082, 'grad_norm': 2.819699287414551, 'learning_rate': 9.567729509950781e-06, 'epoch': 0.03}
{'loss': 0.9509, 'grad_norm': 2.9414620399475098, 'learning_rate': 9.569869462871818e-06, 'epoch': 0.03}
{'loss': 0.9962, 'grad_norm': 2.7469425201416016, 'learning_rate': 9.572009415792853e-06, 'epoch': 0.03}
{'loss': 1.1558, 'grad_norm': 2.9168972969055176, 'learning_rate': 9.574149368713889e-06, 'epoch': 0.03}
{'loss': 1.0981, 'grad_norm': 3.088460922241211, 'learning_rate': 9.576289321634926e-06, 'epoch': 0.03}
{'loss': 0.8876, 'grad_norm': 2.8994743824005127, 'learning_rate': 9.57842927455596e-06, 'epoch': 0.03}
{'loss': 1.1057, 'grad_norm': 3.0292670726776123, 'learning_rate': 9.580569227476996e-06, 'epoch': 0.03}
{'loss': 0.8902, 'grad_norm': 2.7038886547088623, 'learning_rate': 9.582709180398031e-06, 'epoch': 0.03}
{'loss': 0.9882, 'grad_norm': 2.637812852859497, 'learning_rate': 9.584849133319067e-06, 'epoch': 0.03}
{'loss': 0.906, 'grad_norm': 2.820833683013916, 'learning_rate': 9.586989086240104e-06, 'epoch': 0.03}
{'loss': 0.7408, 'grad_norm': 2.0956661701202393, 'learning_rate': 9.589129039161139e-06, 'epoch': 0.03}
{'loss': 1.0902, 'grad_norm': 3.264835834503174, 'learning_rate': 9.591268992082174e-06, 'epoch': 0.03}
{'loss': 0.8177, 'grad_norm': 2.866356134414673, 'learning_rate': 9.593408945003211e-06, 'epoch': 0.03}
{'loss': 0.9188, 'grad_norm': 3.004483461380005, 'learning_rate': 9.595548897924246e-06, 'epoch': 0.03}
{'loss': 0.8834, 'grad_norm': 2.881638288497925, 'learning_rate': 9.597688850845282e-06, 'epoch': 0.03}
{'loss': 1.1361, 'grad_norm': 2.749593496322632, 'learning_rate': 9.599828803766319e-06, 'epoch': 0.03}
{'loss': 1.2268, 'grad_norm': 3.09354567527771, 'learning_rate': 9.601968756687354e-06, 'epoch': 0.03}
{'loss': 0.9819, 'grad_norm': 2.587747812271118, 'learning_rate': 9.60410870960839e-06, 'epoch': 0.03}
{'loss': 0.922, 'grad_norm': 2.8685922622680664, 'learning_rate': 9.606248662529425e-06, 'epoch': 0.03}
{'loss': 0.874, 'grad_norm': 2.8156144618988037, 'learning_rate': 9.608388615450462e-06, 'epoch': 0.03}
{'loss': 1.0045, 'grad_norm': 2.839505195617676, 'learning_rate': 9.610528568371497e-06, 'epoch': 0.03}
{'loss': 0.8132, 'grad_norm': 2.7562010288238525, 'learning_rate': 9.612668521292532e-06, 'epoch': 0.03}
{'loss': 0.824, 'grad_norm': 2.651609420776367, 'learning_rate': 9.614808474213569e-06, 'epoch': 0.03}
{'loss': 0.9317, 'grad_norm': 2.6576642990112305, 'learning_rate': 9.616948427134604e-06, 'epoch': 0.03}
{'loss': 0.9247, 'grad_norm': 2.5709831714630127, 'learning_rate': 9.61908838005564e-06, 'epoch': 0.03}
{'loss': 1.2243, 'grad_norm': 3.004331111907959, 'learning_rate': 9.621228332976675e-06, 'epoch': 0.03}
{'loss': 0.9824, 'grad_norm': 2.7860400676727295, 'learning_rate': 9.62336828589771e-06, 'epoch': 0.03}
{'loss': 1.1355, 'grad_norm': 2.977328062057495, 'learning_rate': 9.625508238818747e-06, 'epoch': 0.03}
{'loss': 0.7807, 'grad_norm': 1.8588628768920898, 'learning_rate': 9.627648191739782e-06, 'epoch': 0.03}
{'loss': 0.8323, 'grad_norm': 2.790497303009033, 'learning_rate': 9.62978814466082e-06, 'epoch': 0.03}
{'loss': 0.7482, 'grad_norm': 2.72688627243042, 'learning_rate': 9.631928097581855e-06, 'epoch': 0.03}
{'loss': 1.0313, 'grad_norm': 2.8561880588531494, 'learning_rate': 9.63406805050289e-06, 'epoch': 0.03}
{'loss': 0.778, 'grad_norm': 2.5670337677001953, 'learning_rate': 9.636208003423925e-06, 'epoch': 0.03}
{'loss': 0.9164, 'grad_norm': 2.6829993724823, 'learning_rate': 9.63834795634496e-06, 'epoch': 0.03}
{'loss': 1.1311, 'grad_norm': 2.956930637359619, 'learning_rate': 9.640487909265996e-06, 'epoch': 0.03}
{'loss': 0.8685, 'grad_norm': 2.7844796180725098, 'learning_rate': 9.642627862187033e-06, 'epoch': 0.03}
{'loss': 0.8604, 'grad_norm': 2.5966646671295166, 'learning_rate': 9.644767815108068e-06, 'epoch': 0.03}
{'loss': 1.0187, 'grad_norm': 2.8844375610351562, 'learning_rate': 9.646907768029105e-06, 'epoch': 0.03}
{'loss': 0.8699, 'grad_norm': 3.0874903202056885, 'learning_rate': 9.64904772095014e-06, 'epoch': 0.03}
{'loss': 0.8539, 'grad_norm': 2.6690714359283447, 'learning_rate': 9.651187673871176e-06, 'epoch': 0.03}
{'loss': 0.8225, 'grad_norm': 2.4441351890563965, 'learning_rate': 9.653327626792211e-06, 'epoch': 0.03}
{'loss': 0.8744, 'grad_norm': 2.5470776557922363, 'learning_rate': 9.655467579713246e-06, 'epoch': 0.03}
{'loss': 1.1495, 'grad_norm': 2.918015718460083, 'learning_rate': 9.657607532634283e-06, 'epoch': 0.03}
{'loss': 0.9258, 'grad_norm': 3.0346076488494873, 'learning_rate': 9.659747485555318e-06, 'epoch': 0.03}
{'loss': 1.1541, 'grad_norm': 3.102388381958008, 'learning_rate': 9.661887438476354e-06, 'epoch': 0.03}
{'loss': 1.062, 'grad_norm': 2.7964277267456055, 'learning_rate': 9.66402739139739e-06, 'epoch': 0.03}
{'loss': 0.9549, 'grad_norm': 2.979539632797241, 'learning_rate': 9.666167344318426e-06, 'epoch': 0.03}
{'loss': 0.7668, 'grad_norm': 2.5510404109954834, 'learning_rate': 9.668307297239461e-06, 'epoch': 0.03}
{'loss': 1.0703, 'grad_norm': 2.6944897174835205, 'learning_rate': 9.670447250160497e-06, 'epoch': 0.03}
{'loss': 1.0473, 'grad_norm': 3.414109945297241, 'learning_rate': 9.672587203081533e-06, 'epoch': 0.03}
{'loss': 0.9856, 'grad_norm': 2.7206766605377197, 'learning_rate': 9.674727156002569e-06, 'epoch': 0.03}
{'loss': 0.8428, 'grad_norm': 2.8492164611816406, 'learning_rate': 9.676867108923604e-06, 'epoch': 0.03}
{'loss': 0.9162, 'grad_norm': 2.951465129852295, 'learning_rate': 9.67900706184464e-06, 'epoch': 0.03}
{'loss': 1.0434, 'grad_norm': 2.6529130935668945, 'learning_rate': 9.681147014765676e-06, 'epoch': 0.03}
{'loss': 0.8437, 'grad_norm': 2.536724328994751, 'learning_rate': 9.683286967686712e-06, 'epoch': 0.03}
{'loss': 1.2073, 'grad_norm': 3.3483314514160156, 'learning_rate': 9.685426920607749e-06, 'epoch': 0.03}
{'loss': 0.8996, 'grad_norm': 3.0436878204345703, 'learning_rate': 9.687566873528784e-06, 'epoch': 0.03}
{'loss': 0.9441, 'grad_norm': 2.899049758911133, 'learning_rate': 9.689706826449819e-06, 'epoch': 0.03}
{'loss': 0.8151, 'grad_norm': 3.2066400051116943, 'learning_rate': 9.691846779370854e-06, 'epoch': 0.03}
{'loss': 0.951, 'grad_norm': 2.7460274696350098, 'learning_rate': 9.69398673229189e-06, 'epoch': 0.03}
{'loss': 0.9259, 'grad_norm': 2.893902540206909, 'learning_rate': 9.696126685212927e-06, 'epoch': 0.03}
{'loss': 0.9718, 'grad_norm': 2.622884511947632, 'learning_rate': 9.698266638133962e-06, 'epoch': 0.03}
{'loss': 0.921, 'grad_norm': 2.811359167098999, 'learning_rate': 9.700406591054997e-06, 'epoch': 0.03}
{'loss': 1.1109, 'grad_norm': 2.8921728134155273, 'learning_rate': 9.702546543976034e-06, 'epoch': 0.03}
{'loss': 0.9217, 'grad_norm': 2.717170238494873, 'learning_rate': 9.70468649689707e-06, 'epoch': 0.03}
{'loss': 0.8913, 'grad_norm': 2.676549196243286, 'learning_rate': 9.706826449818105e-06, 'epoch': 0.03}
{'loss': 1.0873, 'grad_norm': 2.908162832260132, 'learning_rate': 9.70896640273914e-06, 'epoch': 0.03}
{'loss': 0.7081, 'grad_norm': 2.2233340740203857, 'learning_rate': 9.711106355660175e-06, 'epoch': 0.03}
{'loss': 1.0025, 'grad_norm': 2.9487597942352295, 'learning_rate': 9.713246308581212e-06, 'epoch': 0.03}
{'loss': 1.0781, 'grad_norm': 2.976079225540161, 'learning_rate': 9.715386261502248e-06, 'epoch': 0.03}
{'loss': 1.1704, 'grad_norm': 3.020848035812378, 'learning_rate': 9.717526214423285e-06, 'epoch': 0.03}
{'loss': 0.9644, 'grad_norm': 2.797818183898926, 'learning_rate': 9.71966616734432e-06, 'epoch': 0.03}
{'loss': 1.0078, 'grad_norm': 2.8013219833374023, 'learning_rate': 9.721806120265355e-06, 'epoch': 0.03}
{'loss': 0.9079, 'grad_norm': 2.6104867458343506, 'learning_rate': 9.72394607318639e-06, 'epoch': 0.03}
{'loss': 0.6268, 'grad_norm': 1.9000433683395386, 'learning_rate': 9.726086026107426e-06, 'epoch': 0.03}
{'loss': 0.6716, 'grad_norm': 2.0123517513275146, 'learning_rate': 9.728225979028461e-06, 'epoch': 0.03}
{'loss': 0.9863, 'grad_norm': 3.3603034019470215, 'learning_rate': 9.730365931949498e-06, 'epoch': 0.03}
{'loss': 1.0694, 'grad_norm': 2.9174609184265137, 'learning_rate': 9.732505884870533e-06, 'epoch': 0.03}
{'loss': 1.1, 'grad_norm': 2.813331127166748, 'learning_rate': 9.73464583779157e-06, 'epoch': 0.03}
{'loss': 0.9259, 'grad_norm': 2.627535104751587, 'learning_rate': 9.736785790712605e-06, 'epoch': 0.03}
{'loss': 0.819, 'grad_norm': 2.628977060317993, 'learning_rate': 9.73892574363364e-06, 'epoch': 0.03}
{'loss': 1.1108, 'grad_norm': 2.857805013656616, 'learning_rate': 9.741065696554676e-06, 'epoch': 0.03}
{'loss': 0.9778, 'grad_norm': 2.926240921020508, 'learning_rate': 9.743205649475711e-06, 'epoch': 0.03}
{'loss': 0.9448, 'grad_norm': 2.845076560974121, 'learning_rate': 9.745345602396748e-06, 'epoch': 0.03}
{'loss': 0.8367, 'grad_norm': 2.6367850303649902, 'learning_rate': 9.747485555317784e-06, 'epoch': 0.03}
{'loss': 1.0114, 'grad_norm': 3.157601833343506, 'learning_rate': 9.749625508238819e-06, 'epoch': 0.03}
{'loss': 0.8834, 'grad_norm': 2.7389585971832275, 'learning_rate': 9.751765461159856e-06, 'epoch': 0.03}
{'loss': 0.7747, 'grad_norm': 3.0169901847839355, 'learning_rate': 9.753905414080891e-06, 'epoch': 0.03}
{'loss': 0.8579, 'grad_norm': 3.14021635055542, 'learning_rate': 9.756045367001928e-06, 'epoch': 0.03}
{'loss': 0.8352, 'grad_norm': 2.463845729827881, 'learning_rate': 9.758185319922963e-06, 'epoch': 0.03}
{'loss': 0.9043, 'grad_norm': 2.988959312438965, 'learning_rate': 9.760325272843999e-06, 'epoch': 0.03}
{'loss': 1.1871, 'grad_norm': 3.161853551864624, 'learning_rate': 9.762465225765034e-06, 'epoch': 0.03}
{'loss': 1.0129, 'grad_norm': 2.837193727493286, 'learning_rate': 9.76460517868607e-06, 'epoch': 0.03}
{'loss': 1.0013, 'grad_norm': 2.9990038871765137, 'learning_rate': 9.766745131607104e-06, 'epoch': 0.03}
{'loss': 0.9815, 'grad_norm': 2.666213274002075, 'learning_rate': 9.768885084528141e-06, 'epoch': 0.03}
{'loss': 0.754, 'grad_norm': 2.3782613277435303, 'learning_rate': 9.771025037449177e-06, 'epoch': 0.03}
{'loss': 1.0207, 'grad_norm': 2.6791696548461914, 'learning_rate': 9.773164990370214e-06, 'epoch': 0.03}
{'loss': 0.9499, 'grad_norm': 2.7045369148254395, 'learning_rate': 9.775304943291249e-06, 'epoch': 0.03}
{'loss': 0.8358, 'grad_norm': 2.5933663845062256, 'learning_rate': 9.777444896212284e-06, 'epoch': 0.03}
{'loss': 1.1983, 'grad_norm': 3.257774591445923, 'learning_rate': 9.77958484913332e-06, 'epoch': 0.03}
{'loss': 0.7274, 'grad_norm': 2.4388558864593506, 'learning_rate': 9.781724802054355e-06, 'epoch': 0.03}
{'loss': 1.3599, 'grad_norm': 3.2373828887939453, 'learning_rate': 9.783864754975392e-06, 'epoch': 0.03}
{'loss': 1.1479, 'grad_norm': 2.8502249717712402, 'learning_rate': 9.786004707896427e-06, 'epoch': 0.03}
{'loss': 1.0041, 'grad_norm': 2.8604464530944824, 'learning_rate': 9.788144660817462e-06, 'epoch': 0.03}
{'loss': 0.848, 'grad_norm': 2.806527614593506, 'learning_rate': 9.7902846137385e-06, 'epoch': 0.03}
{'loss': 0.9197, 'grad_norm': 2.775491237640381, 'learning_rate': 9.792424566659535e-06, 'epoch': 0.03}
{'loss': 0.7367, 'grad_norm': 2.312878131866455, 'learning_rate': 9.79456451958057e-06, 'epoch': 0.03}
{'loss': 0.8657, 'grad_norm': 2.7233002185821533, 'learning_rate': 9.796704472501605e-06, 'epoch': 0.03}
{'loss': 0.9469, 'grad_norm': 2.92085862159729, 'learning_rate': 9.79884442542264e-06, 'epoch': 0.03}
{'loss': 1.1364, 'grad_norm': 2.768301486968994, 'learning_rate': 9.800984378343677e-06, 'epoch': 0.03}
{'loss': 0.927, 'grad_norm': 2.802321434020996, 'learning_rate': 9.803124331264713e-06, 'epoch': 0.03}
{'loss': 0.8166, 'grad_norm': 2.7904882431030273, 'learning_rate': 9.805264284185748e-06, 'epoch': 0.03}
{'loss': 0.6521, 'grad_norm': 2.0112364292144775, 'learning_rate': 9.807404237106785e-06, 'epoch': 0.03}
{'loss': 0.965, 'grad_norm': 2.6627283096313477, 'learning_rate': 9.80954419002782e-06, 'epoch': 0.03}
{'loss': 1.0117, 'grad_norm': 2.762960910797119, 'learning_rate': 9.811684142948855e-06, 'epoch': 0.03}
{'loss': 0.7715, 'grad_norm': 2.4695160388946533, 'learning_rate': 9.81382409586989e-06, 'epoch': 0.03}
{'loss': 1.1478, 'grad_norm': 3.0563244819641113, 'learning_rate': 9.815964048790926e-06, 'epoch': 0.03}
{'loss': 0.9492, 'grad_norm': 2.7847416400909424, 'learning_rate': 9.818104001711963e-06, 'epoch': 0.03}
{'loss': 0.8226, 'grad_norm': 2.7590630054473877, 'learning_rate': 9.820243954632998e-06, 'epoch': 0.03}
{'loss': 0.9022, 'grad_norm': 2.6201083660125732, 'learning_rate': 9.822383907554035e-06, 'epoch': 0.03}
{'loss': 0.7578, 'grad_norm': 2.3744444847106934, 'learning_rate': 9.82452386047507e-06, 'epoch': 0.03}
{'loss': 1.2051, 'grad_norm': 3.072505474090576, 'learning_rate': 9.826663813396106e-06, 'epoch': 0.03}
{'loss': 0.7594, 'grad_norm': 1.9420933723449707, 'learning_rate': 9.828803766317143e-06, 'epoch': 0.03}
{'loss': 0.9986, 'grad_norm': 2.6042349338531494, 'learning_rate': 9.830943719238178e-06, 'epoch': 0.03}
{'loss': 0.9804, 'grad_norm': 2.8863751888275146, 'learning_rate': 9.833083672159213e-06, 'epoch': 0.03}
{'loss': 0.9249, 'grad_norm': 2.9279983043670654, 'learning_rate': 9.835223625080249e-06, 'epoch': 0.03}
{'loss': 0.9706, 'grad_norm': 2.9822838306427, 'learning_rate': 9.837363578001284e-06, 'epoch': 0.03}
{'loss': 0.7819, 'grad_norm': 2.615241765975952, 'learning_rate': 9.839503530922321e-06, 'epoch': 0.03}
{'loss': 1.0951, 'grad_norm': 2.827904462814331, 'learning_rate': 9.841643483843356e-06, 'epoch': 0.03}
{'loss': 0.9856, 'grad_norm': 2.91585373878479, 'learning_rate': 9.843783436764393e-06, 'epoch': 0.03}
{'loss': 1.0972, 'grad_norm': 2.851120948791504, 'learning_rate': 9.845923389685428e-06, 'epoch': 0.03}
{'loss': 0.8904, 'grad_norm': 2.6641056537628174, 'learning_rate': 9.848063342606464e-06, 'epoch': 0.03}
{'loss': 0.8775, 'grad_norm': 3.0767998695373535, 'learning_rate': 9.850203295527499e-06, 'epoch': 0.03}
{'loss': 1.0025, 'grad_norm': 3.1325690746307373, 'learning_rate': 9.852343248448534e-06, 'epoch': 0.03}
{'loss': 0.9058, 'grad_norm': 2.5413224697113037, 'learning_rate': 9.85448320136957e-06, 'epoch': 0.03}
{'loss': 0.9389, 'grad_norm': 3.067516565322876, 'learning_rate': 9.856623154290607e-06, 'epoch': 0.03}
{'loss': 1.0993, 'grad_norm': 3.1425161361694336, 'learning_rate': 9.858763107211642e-06, 'epoch': 0.03}
{'loss': 1.0613, 'grad_norm': 3.050952196121216, 'learning_rate': 9.860903060132679e-06, 'epoch': 0.03}
{'loss': 0.887, 'grad_norm': 2.62980055809021, 'learning_rate': 9.863043013053714e-06, 'epoch': 0.03}
{'loss': 1.034, 'grad_norm': 2.6764578819274902, 'learning_rate': 9.86518296597475e-06, 'epoch': 0.03}
{'loss': 0.9656, 'grad_norm': 3.066709280014038, 'learning_rate': 9.867322918895785e-06, 'epoch': 0.03}
{'loss': 1.0708, 'grad_norm': 2.8648226261138916, 'learning_rate': 9.86946287181682e-06, 'epoch': 0.03}
{'loss': 1.1029, 'grad_norm': 3.187394618988037, 'learning_rate': 9.871602824737857e-06, 'epoch': 0.03}
{'loss': 1.1907, 'grad_norm': 2.838792085647583, 'learning_rate': 9.873742777658892e-06, 'epoch': 0.03}
{'loss': 0.7786, 'grad_norm': 2.899437189102173, 'learning_rate': 9.875882730579927e-06, 'epoch': 0.03}
{'loss': 0.8384, 'grad_norm': 2.7384557723999023, 'learning_rate': 9.878022683500964e-06, 'epoch': 0.03}
{'loss': 1.0855, 'grad_norm': 2.9424943923950195, 'learning_rate': 9.880162636422e-06, 'epoch': 0.03}
{'loss': 0.8524, 'grad_norm': 2.764518976211548, 'learning_rate': 9.882302589343035e-06, 'epoch': 0.03}
{'loss': 1.0639, 'grad_norm': 3.028059244155884, 'learning_rate': 9.88444254226407e-06, 'epoch': 0.03}
{'loss': 0.9397, 'grad_norm': 2.9266819953918457, 'learning_rate': 9.886582495185106e-06, 'epoch': 0.03}
{'loss': 0.7318, 'grad_norm': 2.35198974609375, 'learning_rate': 9.888722448106143e-06, 'epoch': 0.03}
{'loss': 0.8159, 'grad_norm': 2.285125494003296, 'learning_rate': 9.890862401027178e-06, 'epoch': 0.03}
{'loss': 1.153, 'grad_norm': 2.842149257659912, 'learning_rate': 9.893002353948213e-06, 'epoch': 0.03}
{'loss': 0.9537, 'grad_norm': 2.678072929382324, 'learning_rate': 9.89514230686925e-06, 'epoch': 0.03}
{'loss': 1.2235, 'grad_norm': 3.183997869491577, 'learning_rate': 9.897282259790285e-06, 'epoch': 0.03}
{'loss': 0.8843, 'grad_norm': 2.8242568969726562, 'learning_rate': 9.899422212711322e-06, 'epoch': 0.03}
{'loss': 0.9271, 'grad_norm': 2.907973289489746, 'learning_rate': 9.901562165632358e-06, 'epoch': 0.03}
{'loss': 0.7448, 'grad_norm': 2.1813716888427734, 'learning_rate': 9.903702118553393e-06, 'epoch': 0.03}
{'loss': 0.9118, 'grad_norm': 2.652280569076538, 'learning_rate': 9.905842071474428e-06, 'epoch': 0.03}
{'loss': 0.8647, 'grad_norm': 2.6461939811706543, 'learning_rate': 9.907982024395463e-06, 'epoch': 0.03}
{'loss': 0.8409, 'grad_norm': 2.3926568031311035, 'learning_rate': 9.9101219773165e-06, 'epoch': 0.03}
{'loss': 1.0504, 'grad_norm': 2.78759503364563, 'learning_rate': 9.912261930237536e-06, 'epoch': 0.03}
{'loss': 0.8591, 'grad_norm': 2.541229009628296, 'learning_rate': 9.914401883158571e-06, 'epoch': 0.03}
{'loss': 0.9297, 'grad_norm': 2.9738609790802, 'learning_rate': 9.916541836079608e-06, 'epoch': 0.03}
{'loss': 0.9166, 'grad_norm': 2.7763164043426514, 'learning_rate': 9.918681789000643e-06, 'epoch': 0.03}
{'loss': 0.8966, 'grad_norm': 2.6902973651885986, 'learning_rate': 9.920821741921679e-06, 'epoch': 0.03}
{'loss': 0.8237, 'grad_norm': 2.6207664012908936, 'learning_rate': 9.922961694842714e-06, 'epoch': 0.03}
{'loss': 0.8108, 'grad_norm': 2.5895533561706543, 'learning_rate': 9.925101647763749e-06, 'epoch': 0.03}
{'loss': 0.9668, 'grad_norm': 2.5357489585876465, 'learning_rate': 9.927241600684786e-06, 'epoch': 0.03}
{'loss': 0.9796, 'grad_norm': 2.620875120162964, 'learning_rate': 9.929381553605821e-06, 'epoch': 0.03}
{'loss': 0.8462, 'grad_norm': 2.6306440830230713, 'learning_rate': 9.931521506526858e-06, 'epoch': 0.03}
{'loss': 0.9824, 'grad_norm': 2.757282257080078, 'learning_rate': 9.933661459447894e-06, 'epoch': 0.03}
{'loss': 0.9623, 'grad_norm': 2.9250354766845703, 'learning_rate': 9.935801412368929e-06, 'epoch': 0.03}
{'loss': 0.9898, 'grad_norm': 2.8212103843688965, 'learning_rate': 9.937941365289964e-06, 'epoch': 0.03}
{'loss': 0.678, 'grad_norm': 2.136039972305298, 'learning_rate': 9.940081318211e-06, 'epoch': 0.03}
{'loss': 0.9285, 'grad_norm': 2.906750202178955, 'learning_rate': 9.942221271132035e-06, 'epoch': 0.03}
{'loss': 0.924, 'grad_norm': 2.68754243850708, 'learning_rate': 9.944361224053072e-06, 'epoch': 0.03}
{'loss': 1.1394, 'grad_norm': 2.7312536239624023, 'learning_rate': 9.946501176974107e-06, 'epoch': 0.03}
{'loss': 0.8081, 'grad_norm': 2.382866859436035, 'learning_rate': 9.948641129895144e-06, 'epoch': 0.03}
{'loss': 0.7526, 'grad_norm': 2.6701483726501465, 'learning_rate': 9.95078108281618e-06, 'epoch': 0.03}
{'loss': 0.7802, 'grad_norm': 3.1311192512512207, 'learning_rate': 9.952921035737214e-06, 'epoch': 0.03}
{'loss': 1.0128, 'grad_norm': 2.7114086151123047, 'learning_rate': 9.95506098865825e-06, 'epoch': 0.03}
{'loss': 0.93, 'grad_norm': 2.877674102783203, 'learning_rate': 9.957200941579285e-06, 'epoch': 0.03}
{'loss': 0.9797, 'grad_norm': 2.803851366043091, 'learning_rate': 9.959340894500322e-06, 'epoch': 0.03}
{'loss': 0.9575, 'grad_norm': 2.970118999481201, 'learning_rate': 9.961480847421357e-06, 'epoch': 0.03}
{'loss': 0.9026, 'grad_norm': 2.711442232131958, 'learning_rate': 9.963620800342393e-06, 'epoch': 0.03}
{'loss': 1.09, 'grad_norm': 3.023303508758545, 'learning_rate': 9.96576075326343e-06, 'epoch': 0.03}
{'loss': 0.8572, 'grad_norm': 2.7331972122192383, 'learning_rate': 9.967900706184465e-06, 'epoch': 0.03}
{'loss': 0.9148, 'grad_norm': 2.665961742401123, 'learning_rate': 9.970040659105502e-06, 'epoch': 0.03}
{'loss': 0.9814, 'grad_norm': 2.871129035949707, 'learning_rate': 9.972180612026537e-06, 'epoch': 0.03}
{'loss': 0.8486, 'grad_norm': 2.587813138961792, 'learning_rate': 9.974320564947572e-06, 'epoch': 0.03}
{'loss': 0.8209, 'grad_norm': 2.525845766067505, 'learning_rate': 9.976460517868608e-06, 'epoch': 0.03}
{'loss': 1.0428, 'grad_norm': 2.859504461288452, 'learning_rate': 9.978600470789643e-06, 'epoch': 0.03}
{'loss': 1.0665, 'grad_norm': 3.0022799968719482, 'learning_rate': 9.980740423710678e-06, 'epoch': 0.03}
{'loss': 0.9932, 'grad_norm': 2.919907808303833, 'learning_rate': 9.982880376631715e-06, 'epoch': 0.03}
{'loss': 1.3491, 'grad_norm': 2.8030197620391846, 'learning_rate': 9.98502032955275e-06, 'epoch': 0.03}
{'loss': 0.901, 'grad_norm': 2.859719753265381, 'learning_rate': 9.987160282473787e-06, 'epoch': 0.03}
{'loss': 1.0598, 'grad_norm': 2.784905433654785, 'learning_rate': 9.989300235394823e-06, 'epoch': 0.03}
{'loss': 1.0505, 'grad_norm': 2.7382826805114746, 'learning_rate': 9.991440188315858e-06, 'epoch': 0.03}
{'loss': 0.7908, 'grad_norm': 2.4331576824188232, 'learning_rate': 9.993580141236893e-06, 'epoch': 0.03}
{'loss': 0.9728, 'grad_norm': 2.757901191711426, 'learning_rate': 9.995720094157929e-06, 'epoch': 0.03}
{'loss': 0.9116, 'grad_norm': 2.6709229946136475, 'learning_rate': 9.997860047078966e-06, 'epoch': 0.03}
{'loss': 1.1278, 'grad_norm': 2.8480350971221924, 'learning_rate': 1e-05, 'epoch': 0.03}
{'loss': 1.0754, 'grad_norm': 2.7745392322540283, 'learning_rate': 9.99999999891883e-06, 'epoch': 0.03}
{'loss': 0.7966, 'grad_norm': 2.6084537506103516, 'learning_rate': 9.999999995675313e-06, 'epoch': 0.03}
{'loss': 0.9885, 'grad_norm': 2.881085157394409, 'learning_rate': 9.999999990269454e-06, 'epoch': 0.03}
{'loss': 0.9596, 'grad_norm': 2.897223711013794, 'learning_rate': 9.999999982701249e-06, 'epoch': 0.03}
{'loss': 0.8914, 'grad_norm': 2.677217483520508, 'learning_rate': 9.9999999729707e-06, 'epoch': 0.03}
{'loss': 0.866, 'grad_norm': 2.747323513031006, 'learning_rate': 9.999999961077809e-06, 'epoch': 0.03}
{'loss': 1.0449, 'grad_norm': 2.632122278213501, 'learning_rate': 9.999999947022572e-06, 'epoch': 0.03}
{'loss': 1.0879, 'grad_norm': 2.657562017440796, 'learning_rate': 9.999999930804992e-06, 'epoch': 0.03}
{'loss': 0.9851, 'grad_norm': 2.7504522800445557, 'learning_rate': 9.999999912425068e-06, 'epoch': 0.03}
{'loss': 1.0251, 'grad_norm': 3.0120017528533936, 'learning_rate': 9.9999998918828e-06, 'epoch': 0.03}
{'loss': 1.1193, 'grad_norm': 2.9098782539367676, 'learning_rate': 9.999999869178188e-06, 'epoch': 0.03}
{'loss': 0.7723, 'grad_norm': 2.530726432800293, 'learning_rate': 9.999999844311232e-06, 'epoch': 0.03}
{'loss': 1.0327, 'grad_norm': 2.9206387996673584, 'learning_rate': 9.999999817281931e-06, 'epoch': 0.03}
{'loss': 0.9567, 'grad_norm': 2.9620769023895264, 'learning_rate': 9.999999788090287e-06, 'epoch': 0.03}
{'loss': 1.0148, 'grad_norm': 2.7736802101135254, 'learning_rate': 9.9999997567363e-06, 'epoch': 0.03}
{'loss': 0.676, 'grad_norm': 2.343848466873169, 'learning_rate': 9.99999972321997e-06, 'epoch': 0.03}
{'loss': 0.7915, 'grad_norm': 2.5920488834381104, 'learning_rate': 9.999999687541293e-06, 'epoch': 0.03}
{'loss': 1.0405, 'grad_norm': 2.851206064224243, 'learning_rate': 9.999999649700272e-06, 'epoch': 0.03}
{'loss': 0.8034, 'grad_norm': 2.5024032592773438, 'learning_rate': 9.999999609696909e-06, 'epoch': 0.03}
{'loss': 0.9306, 'grad_norm': 2.796337366104126, 'learning_rate': 9.999999567531202e-06, 'epoch': 0.03}
{'loss': 0.83, 'grad_norm': 2.9754092693328857, 'learning_rate': 9.99999952320315e-06, 'epoch': 0.03}
{'loss': 0.9076, 'grad_norm': 2.668849229812622, 'learning_rate': 9.999999476712756e-06, 'epoch': 0.03}
{'loss': 0.9754, 'grad_norm': 2.6066689491271973, 'learning_rate': 9.999999428060017e-06, 'epoch': 0.03}
{'loss': 0.9914, 'grad_norm': 2.8429417610168457, 'learning_rate': 9.999999377244934e-06, 'epoch': 0.03}
{'loss': 0.7543, 'grad_norm': 2.544832229614258, 'learning_rate': 9.999999324267509e-06, 'epoch': 0.03}
{'loss': 0.9649, 'grad_norm': 2.9851365089416504, 'learning_rate': 9.999999269127737e-06, 'epoch': 0.03}
{'loss': 0.9386, 'grad_norm': 2.5609049797058105, 'learning_rate': 9.999999211825623e-06, 'epoch': 0.03}
{'loss': 0.82, 'grad_norm': 2.7331058979034424, 'learning_rate': 9.999999152361168e-06, 'epoch': 0.03}
{'loss': 0.8083, 'grad_norm': 2.342031240463257, 'learning_rate': 9.999999090734366e-06, 'epoch': 0.03}
{'loss': 0.8898, 'grad_norm': 2.3905560970306396, 'learning_rate': 9.999999026945222e-06, 'epoch': 0.03}
{'loss': 0.9073, 'grad_norm': 2.9429657459259033, 'learning_rate': 9.999998960993733e-06, 'epoch': 0.03}
{'loss': 0.851, 'grad_norm': 2.516437530517578, 'learning_rate': 9.9999988928799e-06, 'epoch': 0.03}
{'loss': 0.9957, 'grad_norm': 2.600083351135254, 'learning_rate': 9.999998822603725e-06, 'epoch': 0.03}
{'loss': 0.8952, 'grad_norm': 2.5643346309661865, 'learning_rate': 9.999998750165206e-06, 'epoch': 0.03}
{'loss': 0.8701, 'grad_norm': 2.6751110553741455, 'learning_rate': 9.999998675564345e-06, 'epoch': 0.03}
{'loss': 0.9165, 'grad_norm': 3.0339128971099854, 'learning_rate': 9.999998598801138e-06, 'epoch': 0.03}
{'loss': 1.1726, 'grad_norm': 2.718705892562866, 'learning_rate': 9.99999851987559e-06, 'epoch': 0.03}
{'loss': 1.0909, 'grad_norm': 3.2311737537384033, 'learning_rate': 9.999998438787697e-06, 'epoch': 0.03}
{'loss': 1.1495, 'grad_norm': 3.203641176223755, 'learning_rate': 9.99999835553746e-06, 'epoch': 0.03}
{'loss': 1.0187, 'grad_norm': 2.9142515659332275, 'learning_rate': 9.99999827012488e-06, 'epoch': 0.03}
{'loss': 1.1465, 'grad_norm': 2.995875597000122, 'learning_rate': 9.999998182549958e-06, 'epoch': 0.03}
{'loss': 1.0568, 'grad_norm': 2.8943750858306885, 'learning_rate': 9.999998092812692e-06, 'epoch': 0.03}
{'loss': 1.1526, 'grad_norm': 2.817415952682495, 'learning_rate': 9.999998000913083e-06, 'epoch': 0.03}
{'loss': 0.843, 'grad_norm': 2.718132972717285, 'learning_rate': 9.999997906851132e-06, 'epoch': 0.03}
{'loss': 0.9436, 'grad_norm': 2.7550270557403564, 'learning_rate': 9.999997810626835e-06, 'epoch': 0.03}
{'loss': 1.1119, 'grad_norm': 2.9761862754821777, 'learning_rate': 9.999997712240198e-06, 'epoch': 0.03}
{'loss': 1.0474, 'grad_norm': 2.717428207397461, 'learning_rate': 9.999997611691215e-06, 'epoch': 0.03}
{'loss': 0.8756, 'grad_norm': 2.5708160400390625, 'learning_rate': 9.99999750897989e-06, 'epoch': 0.03}
{'loss': 0.8294, 'grad_norm': 2.7454822063446045, 'learning_rate': 9.999997404106223e-06, 'epoch': 0.03}
{'loss': 0.8131, 'grad_norm': 2.743800163269043, 'learning_rate': 9.999997297070214e-06, 'epoch': 0.03}
{'loss': 0.9411, 'grad_norm': 2.6374166011810303, 'learning_rate': 9.99999718787186e-06, 'epoch': 0.03}
{'loss': 0.9164, 'grad_norm': 2.5348167419433594, 'learning_rate': 9.999997076511164e-06, 'epoch': 0.03}
{'loss': 0.7852, 'grad_norm': 2.6005775928497314, 'learning_rate': 9.999996962988126e-06, 'epoch': 0.03}
{'loss': 1.1093, 'grad_norm': 2.8026156425476074, 'learning_rate': 9.999996847302744e-06, 'epoch': 0.03}
{'loss': 0.8057, 'grad_norm': 2.8478147983551025, 'learning_rate': 9.99999672945502e-06, 'epoch': 0.03}
{'loss': 0.9519, 'grad_norm': 3.10896372795105, 'learning_rate': 9.999996609444952e-06, 'epoch': 0.03}
{'loss': 1.0497, 'grad_norm': 3.347321033477783, 'learning_rate': 9.999996487272543e-06, 'epoch': 0.03}
{'loss': 0.9697, 'grad_norm': 3.0409719944000244, 'learning_rate': 9.999996362937792e-06, 'epoch': 0.03}
{'loss': 0.9405, 'grad_norm': 3.405607223510742, 'learning_rate': 9.999996236440697e-06, 'epoch': 0.03}
{'loss': 0.8576, 'grad_norm': 2.7310616970062256, 'learning_rate': 9.999996107781261e-06, 'epoch': 0.03}
{'loss': 0.9111, 'grad_norm': 2.770796537399292, 'learning_rate': 9.999995976959482e-06, 'epoch': 0.03}
{'loss': 1.0785, 'grad_norm': 3.069854974746704, 'learning_rate': 9.99999584397536e-06, 'epoch': 0.03}
{'loss': 1.1473, 'grad_norm': 3.027998924255371, 'learning_rate': 9.999995708828897e-06, 'epoch': 0.03}
{'loss': 0.899, 'grad_norm': 2.6505937576293945, 'learning_rate': 9.999995571520091e-06, 'epoch': 0.03}
{'loss': 0.8679, 'grad_norm': 2.9140214920043945, 'learning_rate': 9.999995432048944e-06, 'epoch': 0.03}
{'loss': 0.9843, 'grad_norm': 3.1585092544555664, 'learning_rate': 9.999995290415453e-06, 'epoch': 0.03}
{'loss': 0.8683, 'grad_norm': 2.6663668155670166, 'learning_rate': 9.999995146619621e-06, 'epoch': 0.03}
{'loss': 0.8635, 'grad_norm': 2.491647958755493, 'learning_rate': 9.999995000661448e-06, 'epoch': 0.03}
{'loss': 0.787, 'grad_norm': 2.341376781463623, 'learning_rate': 9.999994852540933e-06, 'epoch': 0.03}
{'loss': 0.9642, 'grad_norm': 2.53405499458313, 'learning_rate': 9.999994702258075e-06, 'epoch': 0.03}
{'loss': 0.8975, 'grad_norm': 3.1209797859191895, 'learning_rate': 9.999994549812877e-06, 'epoch': 0.03}
{'loss': 0.8655, 'grad_norm': 2.659937620162964, 'learning_rate': 9.999994395205335e-06, 'epoch': 0.03}
{'loss': 0.7448, 'grad_norm': 2.6249589920043945, 'learning_rate': 9.999994238435452e-06, 'epoch': 0.03}
{'loss': 0.7363, 'grad_norm': 2.7896084785461426, 'learning_rate': 9.999994079503228e-06, 'epoch': 0.03}
{'loss': 0.9052, 'grad_norm': 2.7801876068115234, 'learning_rate': 9.999993918408663e-06, 'epoch': 0.03}
{'loss': 1.0039, 'grad_norm': 2.767967939376831, 'learning_rate': 9.999993755151758e-06, 'epoch': 0.03}
{'loss': 1.0154, 'grad_norm': 2.9829983711242676, 'learning_rate': 9.999993589732508e-06, 'epoch': 0.03}
{'loss': 0.7399, 'grad_norm': 2.558129072189331, 'learning_rate': 9.99999342215092e-06, 'epoch': 0.03}
{'loss': 0.9409, 'grad_norm': 2.727586030960083, 'learning_rate': 9.99999325240699e-06, 'epoch': 0.03}
{'loss': 1.0203, 'grad_norm': 3.0198724269866943, 'learning_rate': 9.999993080500717e-06, 'epoch': 0.03}
{'loss': 1.2052, 'grad_norm': 2.9643495082855225, 'learning_rate': 9.999992906432106e-06, 'epoch': 0.03}
{'loss': 0.8953, 'grad_norm': 2.6789093017578125, 'learning_rate': 9.999992730201151e-06, 'epoch': 0.03}
{'loss': 0.9678, 'grad_norm': 2.5993103981018066, 'learning_rate': 9.999992551807857e-06, 'epoch': 0.03}
{'loss': 0.8633, 'grad_norm': 3.0295462608337402, 'learning_rate': 9.99999237125222e-06, 'epoch': 0.03}
{'loss': 1.1243, 'grad_norm': 2.886378765106201, 'learning_rate': 9.999992188534244e-06, 'epoch': 0.03}
{'loss': 1.0163, 'grad_norm': 2.969099521636963, 'learning_rate': 9.99999200365393e-06, 'epoch': 0.03}
{'loss': 1.0161, 'grad_norm': 2.7341103553771973, 'learning_rate': 9.999991816611272e-06, 'epoch': 0.03}
{'loss': 0.8275, 'grad_norm': 2.8137636184692383, 'learning_rate': 9.999991627406274e-06, 'epoch': 0.03}
{'loss': 0.8216, 'grad_norm': 2.7186527252197266, 'learning_rate': 9.999991436038935e-06, 'epoch': 0.03}
{'loss': 1.3445, 'grad_norm': 3.0380539894104004, 'learning_rate': 9.999991242509258e-06, 'epoch': 0.03}
{'loss': 0.8749, 'grad_norm': 2.847013473510742, 'learning_rate': 9.999991046817238e-06, 'epoch': 0.03}
{'loss': 0.8757, 'grad_norm': 2.636354923248291, 'learning_rate': 9.99999084896288e-06, 'epoch': 0.03}
{'loss': 0.9074, 'grad_norm': 2.763336181640625, 'learning_rate': 9.999990648946181e-06, 'epoch': 0.03}
{'loss': 1.3754, 'grad_norm': 3.2833261489868164, 'learning_rate': 9.999990446767142e-06, 'epoch': 0.03}
{'loss': 1.1088, 'grad_norm': 2.8124547004699707, 'learning_rate': 9.999990242425763e-06, 'epoch': 0.03}
{'loss': 0.9682, 'grad_norm': 2.770555019378662, 'learning_rate': 9.999990035922044e-06, 'epoch': 0.03}
{'loss': 0.7975, 'grad_norm': 2.575397253036499, 'learning_rate': 9.999989827255984e-06, 'epoch': 0.03}
{'loss': 1.2409, 'grad_norm': 2.8985040187835693, 'learning_rate': 9.999989616427588e-06, 'epoch': 0.03}
{'loss': 1.0312, 'grad_norm': 2.7316694259643555, 'learning_rate': 9.99998940343685e-06, 'epoch': 0.03}
{'loss': 1.0082, 'grad_norm': 2.9965834617614746, 'learning_rate': 9.999989188283773e-06, 'epoch': 0.03}
{'loss': 0.6535, 'grad_norm': 2.574852466583252, 'learning_rate': 9.999988970968358e-06, 'epoch': 0.03}
{'loss': 0.9137, 'grad_norm': 2.612683057785034, 'learning_rate': 9.999988751490602e-06, 'epoch': 0.03}
{'loss': 0.8519, 'grad_norm': 2.5622968673706055, 'learning_rate': 9.999988529850506e-06, 'epoch': 0.03}
{'loss': 0.7746, 'grad_norm': 2.3747317790985107, 'learning_rate': 9.999988306048072e-06, 'epoch': 0.03}
{'loss': 0.9726, 'grad_norm': 2.741541862487793, 'learning_rate': 9.9999880800833e-06, 'epoch': 0.03}
{'loss': 0.9957, 'grad_norm': 2.5312066078186035, 'learning_rate': 9.99998785195619e-06, 'epoch': 0.03}
{'loss': 0.9391, 'grad_norm': 2.3365437984466553, 'learning_rate': 9.999987621666738e-06, 'epoch': 0.03}
{'loss': 0.8802, 'grad_norm': 2.6344332695007324, 'learning_rate': 9.99998738921495e-06, 'epoch': 0.03}
{'loss': 0.834, 'grad_norm': 2.5878512859344482, 'learning_rate': 9.999987154600821e-06, 'epoch': 0.03}
{'loss': 1.0845, 'grad_norm': 2.7784900665283203, 'learning_rate': 9.999986917824355e-06, 'epoch': 0.03}
{'loss': 1.0121, 'grad_norm': 2.922461748123169, 'learning_rate': 9.999986678885551e-06, 'epoch': 0.03}
{'loss': 0.8784, 'grad_norm': 2.8796427249908447, 'learning_rate': 9.999986437784407e-06, 'epoch': 0.03}
{'loss': 0.6898, 'grad_norm': 2.465028762817383, 'learning_rate': 9.999986194520927e-06, 'epoch': 0.03}
{'loss': 0.8019, 'grad_norm': 2.4995744228363037, 'learning_rate': 9.999985949095108e-06, 'epoch': 0.03}
{'loss': 0.9357, 'grad_norm': 2.768545389175415, 'learning_rate': 9.99998570150695e-06, 'epoch': 0.03}
{'loss': 1.1036, 'grad_norm': 2.725407123565674, 'learning_rate': 9.999985451756457e-06, 'epoch': 0.03}
{'loss': 1.1156, 'grad_norm': 2.8493406772613525, 'learning_rate': 9.999985199843626e-06, 'epoch': 0.03}
{'loss': 1.0238, 'grad_norm': 2.519817590713501, 'learning_rate': 9.999984945768454e-06, 'epoch': 0.03}
{'loss': 1.0346, 'grad_norm': 2.7969112396240234, 'learning_rate': 9.999984689530945e-06, 'epoch': 0.03}
{'loss': 1.0833, 'grad_norm': 2.810743570327759, 'learning_rate': 9.999984431131102e-06, 'epoch': 0.03}
{'loss': 0.7946, 'grad_norm': 2.63689923286438, 'learning_rate': 9.999984170568919e-06, 'epoch': 0.03}
{'loss': 1.072, 'grad_norm': 2.7724180221557617, 'learning_rate': 9.9999839078444e-06, 'epoch': 0.03}
{'loss': 0.9339, 'grad_norm': 3.053549289703369, 'learning_rate': 9.999983642957544e-06, 'epoch': 0.03}
{'loss': 0.8646, 'grad_norm': 2.8037068843841553, 'learning_rate': 9.999983375908349e-06, 'epoch': 0.03}
{'loss': 1.1752, 'grad_norm': 2.7976856231689453, 'learning_rate': 9.99998310669682e-06, 'epoch': 0.03}
{'loss': 0.9547, 'grad_norm': 2.535454273223877, 'learning_rate': 9.999982835322952e-06, 'epoch': 0.03}
{'loss': 0.7072, 'grad_norm': 2.554243803024292, 'learning_rate': 9.99998256178675e-06, 'epoch': 0.03}
{'loss': 0.7382, 'grad_norm': 2.3484153747558594, 'learning_rate': 9.999982286088209e-06, 'epoch': 0.03}
{'loss': 0.7291, 'grad_norm': 2.0535895824432373, 'learning_rate': 9.999982008227333e-06, 'epoch': 0.03}
{'loss': 0.9167, 'grad_norm': 2.6414475440979004, 'learning_rate': 9.99998172820412e-06, 'epoch': 0.03}
{'loss': 1.0909, 'grad_norm': 3.029536485671997, 'learning_rate': 9.99998144601857e-06, 'epoch': 0.03}
{'loss': 0.9516, 'grad_norm': 3.0992977619171143, 'learning_rate': 9.999981161670687e-06, 'epoch': 0.03}
{'loss': 0.6618, 'grad_norm': 2.527181386947632, 'learning_rate': 9.999980875160465e-06, 'epoch': 0.03}
{'loss': 0.9487, 'grad_norm': 2.813629627227783, 'learning_rate': 9.99998058648791e-06, 'epoch': 0.03}
{'loss': 0.8348, 'grad_norm': 2.6627986431121826, 'learning_rate': 9.999980295653016e-06, 'epoch': 0.03}
{'loss': 0.8825, 'grad_norm': 2.5718581676483154, 'learning_rate': 9.99998000265579e-06, 'epoch': 0.03}
{'loss': 0.8958, 'grad_norm': 2.93180513381958, 'learning_rate': 9.999979707496226e-06, 'epoch': 0.03}
{'loss': 0.8919, 'grad_norm': 2.7388932704925537, 'learning_rate': 9.999979410174327e-06, 'epoch': 0.03}
{'loss': 1.1607, 'grad_norm': 3.296903133392334, 'learning_rate': 9.999979110690094e-06, 'epoch': 0.03}
{'loss': 0.9835, 'grad_norm': 3.2763378620147705, 'learning_rate': 9.999978809043527e-06, 'epoch': 0.03}
{'loss': 0.901, 'grad_norm': 2.8737950325012207, 'learning_rate': 9.999978505234623e-06, 'epoch': 0.03}
{'loss': 0.7346, 'grad_norm': 2.5112721920013428, 'learning_rate': 9.999978199263385e-06, 'epoch': 0.03}
{'loss': 1.0464, 'grad_norm': 2.7855722904205322, 'learning_rate': 9.999977891129812e-06, 'epoch': 0.03}
{'loss': 0.7747, 'grad_norm': 2.4533095359802246, 'learning_rate': 9.999977580833907e-06, 'epoch': 0.03}
{'loss': 0.9419, 'grad_norm': 2.8440980911254883, 'learning_rate': 9.999977268375665e-06, 'epoch': 0.03}
{'loss': 0.939, 'grad_norm': 2.378119468688965, 'learning_rate': 9.999976953755089e-06, 'epoch': 0.03}
{'loss': 0.9766, 'grad_norm': 2.701681137084961, 'learning_rate': 9.99997663697218e-06, 'epoch': 0.03}
{'loss': 1.3425, 'grad_norm': 3.1056010723114014, 'learning_rate': 9.999976318026936e-06, 'epoch': 0.03}
{'loss': 0.8883, 'grad_norm': 2.7838780879974365, 'learning_rate': 9.999975996919358e-06, 'epoch': 0.03}
{'loss': 1.0862, 'grad_norm': 2.8261709213256836, 'learning_rate': 9.999975673649447e-06, 'epoch': 0.03}
{'loss': 0.9314, 'grad_norm': 2.9766082763671875, 'learning_rate': 9.999975348217204e-06, 'epoch': 0.03}
{'loss': 0.9307, 'grad_norm': 2.5578391551971436, 'learning_rate': 9.999975020622626e-06, 'epoch': 0.03}
{'loss': 0.867, 'grad_norm': 2.6553876399993896, 'learning_rate': 9.999974690865715e-06, 'epoch': 0.03}
{'loss': 0.9986, 'grad_norm': 2.8390605449676514, 'learning_rate': 9.999974358946469e-06, 'epoch': 0.03}
{'loss': 1.007, 'grad_norm': 2.933716058731079, 'learning_rate': 9.999974024864894e-06, 'epoch': 0.03}
{'loss': 0.7882, 'grad_norm': 2.470641613006592, 'learning_rate': 9.999973688620983e-06, 'epoch': 0.03}
{'loss': 0.981, 'grad_norm': 3.0313875675201416, 'learning_rate': 9.99997335021474e-06, 'epoch': 0.03}
{'loss': 1.0663, 'grad_norm': 3.0370798110961914, 'learning_rate': 9.999973009646166e-06, 'epoch': 0.03}
{'loss': 1.1785, 'grad_norm': 2.982717275619507, 'learning_rate': 9.999972666915258e-06, 'epoch': 0.03}
{'loss': 0.8769, 'grad_norm': 2.503248929977417, 'learning_rate': 9.999972322022019e-06, 'epoch': 0.03}
{'loss': 0.9997, 'grad_norm': 2.871523141860962, 'learning_rate': 9.999971974966447e-06, 'epoch': 0.03}
{'loss': 1.0067, 'grad_norm': 2.65673828125, 'learning_rate': 9.999971625748544e-06, 'epoch': 0.03}
{'loss': 0.9499, 'grad_norm': 2.7981150150299072, 'learning_rate': 9.999971274368308e-06, 'epoch': 0.03}
{'loss': 1.2447, 'grad_norm': 3.0981056690216064, 'learning_rate': 9.999970920825741e-06, 'epoch': 0.03}
{'loss': 1.0032, 'grad_norm': 3.0840179920196533, 'learning_rate': 9.999970565120843e-06, 'epoch': 0.03}
{'loss': 0.9061, 'grad_norm': 2.7452104091644287, 'learning_rate': 9.999970207253613e-06, 'epoch': 0.03}
{'loss': 0.786, 'grad_norm': 2.4972949028015137, 'learning_rate': 9.999969847224054e-06, 'epoch': 0.03}
{'loss': 0.9424, 'grad_norm': 2.597872257232666, 'learning_rate': 9.999969485032161e-06, 'epoch': 0.03}
{'loss': 0.8451, 'grad_norm': 2.4372825622558594, 'learning_rate': 9.999969120677939e-06, 'epoch': 0.03}
{'loss': 0.9855, 'grad_norm': 2.8476531505584717, 'learning_rate': 9.999968754161385e-06, 'epoch': 0.03}
{'loss': 0.7285, 'grad_norm': 2.3918092250823975, 'learning_rate': 9.999968385482502e-06, 'epoch': 0.03}
{'loss': 0.8104, 'grad_norm': 2.036187171936035, 'learning_rate': 9.999968014641288e-06, 'epoch': 0.03}
{'loss': 1.1376, 'grad_norm': 2.7948012351989746, 'learning_rate': 9.999967641637743e-06, 'epoch': 0.03}
{'loss': 1.0049, 'grad_norm': 2.638373613357544, 'learning_rate': 9.99996726647187e-06, 'epoch': 0.03}
{'loss': 0.9934, 'grad_norm': 3.0109829902648926, 'learning_rate': 9.999966889143666e-06, 'epoch': 0.03}
{'loss': 1.1042, 'grad_norm': 2.859283685684204, 'learning_rate': 9.999966509653132e-06, 'epoch': 0.03}
{'loss': 0.9315, 'grad_norm': 2.8431239128112793, 'learning_rate': 9.999966128000268e-06, 'epoch': 0.03}
{'loss': 0.9484, 'grad_norm': 2.903592824935913, 'learning_rate': 9.999965744185075e-06, 'epoch': 0.03}
{'loss': 1.0279, 'grad_norm': 2.682384967803955, 'learning_rate': 9.999965358207553e-06, 'epoch': 0.03}
{'loss': 0.8142, 'grad_norm': 2.818873167037964, 'learning_rate': 9.999964970067702e-06, 'epoch': 0.03}
{'loss': 0.817, 'grad_norm': 2.572436571121216, 'learning_rate': 9.999964579765522e-06, 'epoch': 0.03}
{'loss': 0.9499, 'grad_norm': 3.001922130584717, 'learning_rate': 9.999964187301013e-06, 'epoch': 0.03}
{'loss': 0.9209, 'grad_norm': 2.548987865447998, 'learning_rate': 9.999963792674177e-06, 'epoch': 0.03}
{'loss': 1.0681, 'grad_norm': 2.653752565383911, 'learning_rate': 9.99996339588501e-06, 'epoch': 0.03}
{'loss': 1.2143, 'grad_norm': 2.774285078048706, 'learning_rate': 9.999962996933517e-06, 'epoch': 0.03}
{'loss': 0.9644, 'grad_norm': 2.743678331375122, 'learning_rate': 9.999962595819696e-06, 'epoch': 0.03}
{'loss': 1.0281, 'grad_norm': 3.098067283630371, 'learning_rate': 9.999962192543547e-06, 'epoch': 0.03}
{'loss': 0.8119, 'grad_norm': 2.7578089237213135, 'learning_rate': 9.999961787105069e-06, 'epoch': 0.03}
{'loss': 1.1024, 'grad_norm': 2.6965911388397217, 'learning_rate': 9.999961379504263e-06, 'epoch': 0.03}
{'loss': 0.8944, 'grad_norm': 2.66038179397583, 'learning_rate': 9.999960969741131e-06, 'epoch': 0.03}
{'loss': 0.8938, 'grad_norm': 2.6918203830718994, 'learning_rate': 9.999960557815671e-06, 'epoch': 0.03}
{'loss': 0.9248, 'grad_norm': 2.633117198944092, 'learning_rate': 9.999960143727888e-06, 'epoch': 0.03}
{'loss': 1.0459, 'grad_norm': 2.7253425121307373, 'learning_rate': 9.999959727477772e-06, 'epoch': 0.03}
{'loss': 0.9862, 'grad_norm': 2.6248762607574463, 'learning_rate': 9.999959309065333e-06, 'epoch': 0.03}
{'loss': 0.9418, 'grad_norm': 2.6977856159210205, 'learning_rate': 9.999958888490568e-06, 'epoch': 0.03}
{'loss': 0.8716, 'grad_norm': 2.6038222312927246, 'learning_rate': 9.999958465753476e-06, 'epoch': 0.03}
{'loss': 0.924, 'grad_norm': 2.624295711517334, 'learning_rate': 9.999958040854057e-06, 'epoch': 0.03}
{'loss': 0.836, 'grad_norm': 2.6334519386291504, 'learning_rate': 9.999957613792313e-06, 'epoch': 0.03}
{'loss': 1.1345, 'grad_norm': 2.7473814487457275, 'learning_rate': 9.999957184568244e-06, 'epoch': 0.03}
{'loss': 1.1064, 'grad_norm': 2.927919626235962, 'learning_rate': 9.999956753181848e-06, 'epoch': 0.03}
{'loss': 0.7912, 'grad_norm': 2.759165048599243, 'learning_rate': 9.999956319633126e-06, 'epoch': 0.03}
{'loss': 0.9957, 'grad_norm': 2.977963924407959, 'learning_rate': 9.999955883922082e-06, 'epoch': 0.03}
{'loss': 0.7713, 'grad_norm': 2.5911755561828613, 'learning_rate': 9.99995544604871e-06, 'epoch': 0.03}
{'loss': 0.8945, 'grad_norm': 2.6429250240325928, 'learning_rate': 9.999955006013015e-06, 'epoch': 0.03}
{'loss': 0.8983, 'grad_norm': 2.680742025375366, 'learning_rate': 9.999954563814994e-06, 'epoch': 0.03}
{'loss': 0.897, 'grad_norm': 2.588517189025879, 'learning_rate': 9.999954119454651e-06, 'epoch': 0.03}
{'loss': 0.9255, 'grad_norm': 2.790818691253662, 'learning_rate': 9.999953672931982e-06, 'epoch': 0.03}
{'loss': 0.9411, 'grad_norm': 2.6403326988220215, 'learning_rate': 9.99995322424699e-06, 'epoch': 0.03}
{'loss': 0.8965, 'grad_norm': 2.5771658420562744, 'learning_rate': 9.999952773399673e-06, 'epoch': 0.03}
{'loss': 0.868, 'grad_norm': 2.4531409740448, 'learning_rate': 9.999952320390032e-06, 'epoch': 0.03}
{'loss': 0.9171, 'grad_norm': 2.7204766273498535, 'learning_rate': 9.999951865218069e-06, 'epoch': 0.03}
{'loss': 0.8777, 'grad_norm': 2.7666053771972656, 'learning_rate': 9.999951407883781e-06, 'epoch': 0.03}
{'loss': 0.9355, 'grad_norm': 2.9050979614257812, 'learning_rate': 9.999950948387172e-06, 'epoch': 0.03}
{'loss': 1.1384, 'grad_norm': 2.6884655952453613, 'learning_rate': 9.99995048672824e-06, 'epoch': 0.03}
{'loss': 0.8455, 'grad_norm': 2.542314291000366, 'learning_rate': 9.999950022906985e-06, 'epoch': 0.03}
{'loss': 0.8055, 'grad_norm': 2.5812506675720215, 'learning_rate': 9.999949556923407e-06, 'epoch': 0.03}
{'loss': 0.9253, 'grad_norm': 2.5841856002807617, 'learning_rate': 9.999949088777508e-06, 'epoch': 0.03}
{'loss': 1.0722, 'grad_norm': 2.693646192550659, 'learning_rate': 9.999948618469286e-06, 'epoch': 0.03}
{'loss': 0.7837, 'grad_norm': 2.8308463096618652, 'learning_rate': 9.999948145998741e-06, 'epoch': 0.03}
{'loss': 1.1168, 'grad_norm': 2.6812801361083984, 'learning_rate': 9.999947671365877e-06, 'epoch': 0.03}
{'loss': 0.73, 'grad_norm': 2.451059341430664, 'learning_rate': 9.999947194570689e-06, 'epoch': 0.03}
{'loss': 0.7333, 'grad_norm': 2.358114242553711, 'learning_rate': 9.999946715613183e-06, 'epoch': 0.03}
{'loss': 0.9149, 'grad_norm': 2.456467866897583, 'learning_rate': 9.999946234493355e-06, 'epoch': 0.03}
{'loss': 1.0276, 'grad_norm': 2.605623483657837, 'learning_rate': 9.999945751211204e-06, 'epoch': 0.03}
{'loss': 1.1159, 'grad_norm': 2.6221230030059814, 'learning_rate': 9.999945265766733e-06, 'epoch': 0.03}
{'loss': 0.8985, 'grad_norm': 2.7194244861602783, 'learning_rate': 9.999944778159944e-06, 'epoch': 0.03}
{'loss': 0.638, 'grad_norm': 2.1253483295440674, 'learning_rate': 9.999944288390833e-06, 'epoch': 0.03}
{'loss': 0.7853, 'grad_norm': 2.627420425415039, 'learning_rate': 9.999943796459403e-06, 'epoch': 0.03}
{'loss': 1.1418, 'grad_norm': 2.896022081375122, 'learning_rate': 9.999943302365653e-06, 'epoch': 0.03}
{'loss': 1.007, 'grad_norm': 3.000589370727539, 'learning_rate': 9.999942806109583e-06, 'epoch': 0.03}
{'loss': 0.9263, 'grad_norm': 3.092996597290039, 'learning_rate': 9.999942307691193e-06, 'epoch': 0.03}
{'loss': 0.9369, 'grad_norm': 2.8448803424835205, 'learning_rate': 9.999941807110486e-06, 'epoch': 0.03}
{'loss': 0.7271, 'grad_norm': 1.8882204294204712, 'learning_rate': 9.999941304367459e-06, 'epoch': 0.03}
{'loss': 0.9784, 'grad_norm': 2.6843671798706055, 'learning_rate': 9.999940799462113e-06, 'epoch': 0.03}
{'loss': 0.9016, 'grad_norm': 2.403212070465088, 'learning_rate': 9.99994029239445e-06, 'epoch': 0.03}
{'loss': 0.9622, 'grad_norm': 2.4891200065612793, 'learning_rate': 9.999939783164468e-06, 'epoch': 0.03}
{'loss': 0.8421, 'grad_norm': 2.6883907318115234, 'learning_rate': 9.999939271772167e-06, 'epoch': 0.03}
{'loss': 0.812, 'grad_norm': 2.405308485031128, 'learning_rate': 9.99993875821755e-06, 'epoch': 0.03}
{'loss': 0.9323, 'grad_norm': 2.7981042861938477, 'learning_rate': 9.999938242500613e-06, 'epoch': 0.03}
{'loss': 0.7973, 'grad_norm': 2.4633593559265137, 'learning_rate': 9.99993772462136e-06, 'epoch': 0.03}
{'loss': 1.103, 'grad_norm': 2.737578868865967, 'learning_rate': 9.99993720457979e-06, 'epoch': 0.03}
{'loss': 0.8226, 'grad_norm': 2.482088565826416, 'learning_rate': 9.999936682375904e-06, 'epoch': 0.03}
{'loss': 0.9662, 'grad_norm': 2.8163979053497314, 'learning_rate': 9.9999361580097e-06, 'epoch': 0.03}
{'loss': 0.979, 'grad_norm': 2.853281259536743, 'learning_rate': 9.999935631481182e-06, 'epoch': 0.03}
{'loss': 0.8767, 'grad_norm': 2.815809726715088, 'learning_rate': 9.999935102790345e-06, 'epoch': 0.03}
{'loss': 0.8913, 'grad_norm': 2.8440918922424316, 'learning_rate': 9.999934571937194e-06, 'epoch': 0.03}
{'loss': 1.2618, 'grad_norm': 3.1927735805511475, 'learning_rate': 9.999934038921727e-06, 'epoch': 0.03}
{'loss': 0.8428, 'grad_norm': 2.414193868637085, 'learning_rate': 9.999933503743942e-06, 'epoch': 0.03}
{'loss': 0.8639, 'grad_norm': 2.648982524871826, 'learning_rate': 9.999932966403843e-06, 'epoch': 0.03}
{'loss': 1.0233, 'grad_norm': 3.107506513595581, 'learning_rate': 9.99993242690143e-06, 'epoch': 0.03}
{'loss': 0.971, 'grad_norm': 2.547755718231201, 'learning_rate': 9.999931885236702e-06, 'epoch': 0.03}
{'loss': 1.0517, 'grad_norm': 2.8746676445007324, 'learning_rate': 9.999931341409659e-06, 'epoch': 0.03}
{'loss': 0.8792, 'grad_norm': 2.72916841506958, 'learning_rate': 9.999930795420302e-06, 'epoch': 0.03}
{'loss': 0.8478, 'grad_norm': 2.3162670135498047, 'learning_rate': 9.99993024726863e-06, 'epoch': 0.03}
{'loss': 1.0141, 'grad_norm': 2.6909687519073486, 'learning_rate': 9.999929696954645e-06, 'epoch': 0.03}
{'loss': 0.7246, 'grad_norm': 2.5020105838775635, 'learning_rate': 9.999929144478347e-06, 'epoch': 0.03}
{'loss': 0.9492, 'grad_norm': 2.4546236991882324, 'learning_rate': 9.999928589839733e-06, 'epoch': 0.03}
{'loss': 0.9697, 'grad_norm': 2.818912982940674, 'learning_rate': 9.999928033038809e-06, 'epoch': 0.03}
{'loss': 0.9474, 'grad_norm': 2.7033915519714355, 'learning_rate': 9.99992747407557e-06, 'epoch': 0.03}
{'loss': 0.8933, 'grad_norm': 2.3758997917175293, 'learning_rate': 9.99992691295002e-06, 'epoch': 0.03}
{'loss': 0.8047, 'grad_norm': 2.3139545917510986, 'learning_rate': 9.999926349662157e-06, 'epoch': 0.03}
{'loss': 0.7079, 'grad_norm': 2.206308603286743, 'learning_rate': 9.999925784211982e-06, 'epoch': 0.03}
{'loss': 0.9345, 'grad_norm': 2.7937464714050293, 'learning_rate': 9.999925216599493e-06, 'epoch': 0.03}
{'loss': 0.8525, 'grad_norm': 2.594515562057495, 'learning_rate': 9.999924646824695e-06, 'epoch': 0.03}
{'loss': 0.9292, 'grad_norm': 2.8407797813415527, 'learning_rate': 9.999924074887583e-06, 'epoch': 0.03}
{'loss': 1.0276, 'grad_norm': 2.7719414234161377, 'learning_rate': 9.999923500788162e-06, 'epoch': 0.03}
{'loss': 0.8282, 'grad_norm': 2.5927481651306152, 'learning_rate': 9.99992292452643e-06, 'epoch': 0.03}
{'loss': 1.1377, 'grad_norm': 2.6906049251556396, 'learning_rate': 9.999922346102386e-06, 'epoch': 0.03}
{'loss': 0.8071, 'grad_norm': 2.747354030609131, 'learning_rate': 9.999921765516033e-06, 'epoch': 0.03}
{'loss': 0.9818, 'grad_norm': 2.9565694332122803, 'learning_rate': 9.99992118276737e-06, 'epoch': 0.03}
{'loss': 0.8416, 'grad_norm': 2.623202323913574, 'learning_rate': 9.999920597856395e-06, 'epoch': 0.03}
{'loss': 0.741, 'grad_norm': 2.3580682277679443, 'learning_rate': 9.999920010783111e-06, 'epoch': 0.03}
{'loss': 1.2301, 'grad_norm': 3.1067488193511963, 'learning_rate': 9.99991942154752e-06, 'epoch': 0.03}
{'loss': 0.9355, 'grad_norm': 2.7039973735809326, 'learning_rate': 9.999918830149617e-06, 'epoch': 0.03}
{'loss': 0.9732, 'grad_norm': 2.7000133991241455, 'learning_rate': 9.999918236589406e-06, 'epoch': 0.03}
{'loss': 0.9787, 'grad_norm': 2.791536808013916, 'learning_rate': 9.999917640866885e-06, 'epoch': 0.03}
{'loss': 0.9986, 'grad_norm': 2.9170126914978027, 'learning_rate': 9.999917042982057e-06, 'epoch': 0.03}
{'loss': 0.9603, 'grad_norm': 2.974550485610962, 'learning_rate': 9.99991644293492e-06, 'epoch': 0.03}
{'loss': 1.0271, 'grad_norm': 3.0418143272399902, 'learning_rate': 9.999915840725476e-06, 'epoch': 0.03}
{'loss': 1.1109, 'grad_norm': 3.1657536029815674, 'learning_rate': 9.999915236353726e-06, 'epoch': 0.03}
{'loss': 0.8155, 'grad_norm': 2.6539716720581055, 'learning_rate': 9.999914629819666e-06, 'epoch': 0.03}
{'loss': 1.0585, 'grad_norm': 2.9574148654937744, 'learning_rate': 9.9999140211233e-06, 'epoch': 0.03}
{'loss': 1.1105, 'grad_norm': 2.7400481700897217, 'learning_rate': 9.999913410264626e-06, 'epoch': 0.03}
{'loss': 0.818, 'grad_norm': 2.5892794132232666, 'learning_rate': 9.999912797243648e-06, 'epoch': 0.03}
{'loss': 0.9003, 'grad_norm': 2.725576400756836, 'learning_rate': 9.99991218206036e-06, 'epoch': 0.03}
{'loss': 1.144, 'grad_norm': 2.8864095211029053, 'learning_rate': 9.999911564714768e-06, 'epoch': 0.03}
{'loss': 0.9292, 'grad_norm': 2.794650077819824, 'learning_rate': 9.999910945206869e-06, 'epoch': 0.03}
{'loss': 0.8034, 'grad_norm': 2.833803415298462, 'learning_rate': 9.999910323536668e-06, 'epoch': 0.03}
{'loss': 0.8031, 'grad_norm': 2.760503053665161, 'learning_rate': 9.999909699704158e-06, 'epoch': 0.03}
{'loss': 1.0374, 'grad_norm': 2.7963123321533203, 'learning_rate': 9.999909073709346e-06, 'epoch': 0.03}
{'loss': 1.0216, 'grad_norm': 3.0985093116760254, 'learning_rate': 9.999908445552226e-06, 'epoch': 0.03}
{'loss': 0.8879, 'grad_norm': 2.984100818634033, 'learning_rate': 9.999907815232803e-06, 'epoch': 0.03}
{'loss': 0.8232, 'grad_norm': 2.6677544116973877, 'learning_rate': 9.999907182751077e-06, 'epoch': 0.03}
{'loss': 0.7968, 'grad_norm': 2.6943485736846924, 'learning_rate': 9.999906548107045e-06, 'epoch': 0.03}
{'loss': 0.8609, 'grad_norm': 2.825575828552246, 'learning_rate': 9.99990591130071e-06, 'epoch': 0.03}
{'loss': 1.0821, 'grad_norm': 3.063157558441162, 'learning_rate': 9.999905272332073e-06, 'epoch': 0.03}
{'loss': 0.905, 'grad_norm': 2.680696964263916, 'learning_rate': 9.999904631201134e-06, 'epoch': 0.03}
{'loss': 0.8763, 'grad_norm': 2.5750133991241455, 'learning_rate': 9.99990398790789e-06, 'epoch': 0.03}
{'loss': 1.2588, 'grad_norm': 3.0889761447906494, 'learning_rate': 9.999903342452345e-06, 'epoch': 0.03}
{'loss': 0.979, 'grad_norm': 2.907813787460327, 'learning_rate': 9.999902694834496e-06, 'epoch': 0.03}
{'loss': 0.9071, 'grad_norm': 2.8167295455932617, 'learning_rate': 9.999902045054346e-06, 'epoch': 0.03}
{'loss': 0.6797, 'grad_norm': 1.8744995594024658, 'learning_rate': 9.999901393111892e-06, 'epoch': 0.03}
{'loss': 0.7563, 'grad_norm': 2.4789772033691406, 'learning_rate': 9.99990073900714e-06, 'epoch': 0.03}
{'loss': 0.8651, 'grad_norm': 2.597684621810913, 'learning_rate': 9.999900082740086e-06, 'epoch': 0.03}
[23:03:07.767107] Error: Error reading OpenGVLab/stage2/OpenMMLab___Kinetics-400/raw/Kinetics-400/videos_train/UeOyftRnbIQ.mp4...
[23:03:07.767164] Failed to read video file: OpenGVLab/stage2/OpenMMLab___Kinetics-400/raw/Kinetics-400/videos_train/UeOyftRnbIQ.mp4
[23:03:07.767183] [Try #0] Failed to fetch sample 3786957. Exception: Error reading OpenGVLab/stage2/OpenMMLab___Kinetics-400/raw/Kinetics-400/videos_train/UeOyftRnbIQ.mp4...
[23:03:08.768539] Error: Error reading OpenGVLab/stage2/OpenMMLab___Kinetics-400/raw/Kinetics-400/videos_train/UeOyftRnbIQ.mp4...
[23:03:08.768589] Failed to read video file: OpenGVLab/stage2/OpenMMLab___Kinetics-400/raw/Kinetics-400/videos_train/UeOyftRnbIQ.mp4
[23:03:08.768604] [Try #1] Failed to fetch sample 3786957. Exception: Error reading OpenGVLab/stage2/OpenMMLab___Kinetics-400/raw/Kinetics-400/videos_train/UeOyftRnbIQ.mp4...
{'loss': 0.8643, 'grad_norm': 2.58717942237854, 'learning_rate': 9.999899424310731e-06, 'epoch': 0.03}
{'loss': 0.9317, 'grad_norm': 2.99900484085083, 'learning_rate': 9.999898763719075e-06, 'epoch': 0.03}
{'loss': 0.7924, 'grad_norm': 2.4074530601501465, 'learning_rate': 9.99989810096512e-06, 'epoch': 0.03}
{'loss': 0.9093, 'grad_norm': 2.8560969829559326, 'learning_rate': 9.999897436048864e-06, 'epoch': 0.03}
{'loss': 0.8896, 'grad_norm': 2.775871992111206, 'learning_rate': 9.999896768970307e-06, 'epoch': 0.03}
{'loss': 1.0253, 'grad_norm': 2.8565666675567627, 'learning_rate': 9.999896099729452e-06, 'epoch': 0.03}
{'loss': 0.7863, 'grad_norm': 2.528899908065796, 'learning_rate': 9.999895428326298e-06, 'epoch': 0.03}
{'loss': 1.2968, 'grad_norm': 2.7486965656280518, 'learning_rate': 9.999894754760846e-06, 'epoch': 0.03}
{'loss': 0.8162, 'grad_norm': 2.7596514225006104, 'learning_rate': 9.999894079033094e-06, 'epoch': 0.03}
{'loss': 1.0258, 'grad_norm': 2.8895363807678223, 'learning_rate': 9.999893401143045e-06, 'epoch': 0.03}
{'loss': 1.0057, 'grad_norm': 2.691396474838257, 'learning_rate': 9.999892721090697e-06, 'epoch': 0.03}
{'loss': 0.9272, 'grad_norm': 2.869455099105835, 'learning_rate': 9.999892038876053e-06, 'epoch': 0.03}
{'loss': 0.8338, 'grad_norm': 2.8871378898620605, 'learning_rate': 9.999891354499109e-06, 'epoch': 0.03}
{'loss': 0.8727, 'grad_norm': 2.7420217990875244, 'learning_rate': 9.99989066795987e-06, 'epoch': 0.03}
{'loss': 0.8013, 'grad_norm': 2.325155019760132, 'learning_rate': 9.999889979258333e-06, 'epoch': 0.03}
{'loss': 0.8201, 'grad_norm': 2.863179922103882, 'learning_rate': 9.999889288394502e-06, 'epoch': 0.03}
{'loss': 0.8029, 'grad_norm': 2.903257131576538, 'learning_rate': 9.999888595368372e-06, 'epoch': 0.03}
{'loss': 0.8536, 'grad_norm': 2.777925729751587, 'learning_rate': 9.999887900179948e-06, 'epoch': 0.03}
{'loss': 0.8638, 'grad_norm': 2.7099874019622803, 'learning_rate': 9.999887202829229e-06, 'epoch': 0.03}
{'loss': 0.83, 'grad_norm': 2.354609251022339, 'learning_rate': 9.999886503316212e-06, 'epoch': 0.03}
{'loss': 0.9999, 'grad_norm': 2.9560964107513428, 'learning_rate': 9.999885801640902e-06, 'epoch': 0.03}
{'loss': 0.7042, 'grad_norm': 1.8765101432800293, 'learning_rate': 9.999885097803297e-06, 'epoch': 0.03}
{'loss': 0.9674, 'grad_norm': 2.5065693855285645, 'learning_rate': 9.999884391803398e-06, 'epoch': 0.03}
{'loss': 0.9084, 'grad_norm': 2.9684951305389404, 'learning_rate': 9.999883683641204e-06, 'epoch': 0.03}
{'loss': 0.8355, 'grad_norm': 2.58929443359375, 'learning_rate': 9.999882973316716e-06, 'epoch': 0.03}
{'loss': 0.9763, 'grad_norm': 2.632417917251587, 'learning_rate': 9.999882260829937e-06, 'epoch': 0.03}
{'loss': 0.714, 'grad_norm': 2.325789213180542, 'learning_rate': 9.999881546180863e-06, 'epoch': 0.03}
{'loss': 0.9883, 'grad_norm': 2.6861746311187744, 'learning_rate': 9.999880829369496e-06, 'epoch': 0.03}
{'loss': 1.0236, 'grad_norm': 2.7698776721954346, 'learning_rate': 9.999880110395836e-06, 'epoch': 0.03}
{'loss': 1.111, 'grad_norm': 3.087449789047241, 'learning_rate': 9.999879389259886e-06, 'epoch': 0.03}
{'loss': 0.8162, 'grad_norm': 2.7021689414978027, 'learning_rate': 9.999878665961644e-06, 'epoch': 0.03}
{'loss': 0.9134, 'grad_norm': 2.7666006088256836, 'learning_rate': 9.999877940501108e-06, 'epoch': 0.03}
{'loss': 0.8313, 'grad_norm': 2.4910948276519775, 'learning_rate': 9.999877212878283e-06, 'epoch': 0.03}
{'loss': 1.2629, 'grad_norm': 3.1182446479797363, 'learning_rate': 9.999876483093166e-06, 'epoch': 0.03}
{'loss': 0.6767, 'grad_norm': 2.264587879180908, 'learning_rate': 9.999875751145759e-06, 'epoch': 0.03}
{'loss': 0.9631, 'grad_norm': 2.534858226776123, 'learning_rate': 9.99987501703606e-06, 'epoch': 0.03}
{'loss': 0.9409, 'grad_norm': 2.4959323406219482, 'learning_rate': 9.999874280764074e-06, 'epoch': 0.03}
{'loss': 0.9954, 'grad_norm': 2.714895248413086, 'learning_rate': 9.999873542329797e-06, 'epoch': 0.03}
{'loss': 0.9706, 'grad_norm': 3.115104913711548, 'learning_rate': 9.99987280173323e-06, 'epoch': 0.03}
{'loss': 0.7292, 'grad_norm': 2.554246187210083, 'learning_rate': 9.999872058974373e-06, 'epoch': 0.03}
{'loss': 0.8488, 'grad_norm': 2.5870583057403564, 'learning_rate': 9.99987131405323e-06, 'epoch': 0.03}
{'loss': 1.0943, 'grad_norm': 3.027864933013916, 'learning_rate': 9.999870566969798e-06, 'epoch': 0.03}
{'loss': 0.8646, 'grad_norm': 2.8415353298187256, 'learning_rate': 9.999869817724077e-06, 'epoch': 0.03}
{'loss': 0.8831, 'grad_norm': 2.8249781131744385, 'learning_rate': 9.999869066316069e-06, 'epoch': 0.03}
{'loss': 1.0509, 'grad_norm': 2.693751573562622, 'learning_rate': 9.999868312745774e-06, 'epoch': 0.03}
{'loss': 0.9127, 'grad_norm': 3.393670082092285, 'learning_rate': 9.99986755701319e-06, 'epoch': 0.03}
{'loss': 0.9979, 'grad_norm': 2.8483612537384033, 'learning_rate': 9.99986679911832e-06, 'epoch': 0.03}
{'loss': 0.8074, 'grad_norm': 2.7495195865631104, 'learning_rate': 9.999866039061164e-06, 'epoch': 0.03}
{'loss': 1.2041, 'grad_norm': 2.922044515609741, 'learning_rate': 9.999865276841722e-06, 'epoch': 0.03}
{'loss': 0.9244, 'grad_norm': 2.7592971324920654, 'learning_rate': 9.999864512459994e-06, 'epoch': 0.03}
{'loss': 0.8366, 'grad_norm': 2.659362316131592, 'learning_rate': 9.999863745915981e-06, 'epoch': 0.03}
{'loss': 1.0202, 'grad_norm': 3.0110931396484375, 'learning_rate': 9.999862977209682e-06, 'epoch': 0.03}
{'loss': 1.158, 'grad_norm': 2.8516647815704346, 'learning_rate': 9.999862206341099e-06, 'epoch': 0.03}
{'loss': 0.9216, 'grad_norm': 2.574117422103882, 'learning_rate': 9.999861433310232e-06, 'epoch': 0.03}
{'loss': 0.9029, 'grad_norm': 2.7016563415527344, 'learning_rate': 9.99986065811708e-06, 'epoch': 0.03}
{'loss': 0.9187, 'grad_norm': 2.5249547958374023, 'learning_rate': 9.999859880761643e-06, 'epoch': 0.03}
{'loss': 0.9892, 'grad_norm': 2.7627768516540527, 'learning_rate': 9.999859101243926e-06, 'epoch': 0.03}
{'loss': 0.9782, 'grad_norm': 3.0038650035858154, 'learning_rate': 9.999858319563924e-06, 'epoch': 0.03}
{'loss': 0.8124, 'grad_norm': 2.7564003467559814, 'learning_rate': 9.999857535721639e-06, 'epoch': 0.03}
{'loss': 0.7998, 'grad_norm': 2.833758592605591, 'learning_rate': 9.999856749717071e-06, 'epoch': 0.03}
{'loss': 1.0314, 'grad_norm': 2.8575596809387207, 'learning_rate': 9.999855961550222e-06, 'epoch': 0.03}
{'loss': 0.9033, 'grad_norm': 2.8267362117767334, 'learning_rate': 9.99985517122109e-06, 'epoch': 0.03}
{'loss': 0.817, 'grad_norm': 2.557316780090332, 'learning_rate': 9.999854378729679e-06, 'epoch': 0.03}
{'loss': 0.949, 'grad_norm': 2.669417381286621, 'learning_rate': 9.999853584075984e-06, 'epoch': 0.03}
{'loss': 0.8945, 'grad_norm': 2.5994279384613037, 'learning_rate': 9.999852787260012e-06, 'epoch': 0.03}
{'loss': 0.7806, 'grad_norm': 2.594202756881714, 'learning_rate': 9.999851988281758e-06, 'epoch': 0.03}
{'loss': 1.0336, 'grad_norm': 2.782353639602661, 'learning_rate': 9.999851187141223e-06, 'epoch': 0.03}
{'loss': 1.1213, 'grad_norm': 2.816873073577881, 'learning_rate': 9.999850383838408e-06, 'epoch': 0.03}
{'loss': 0.8291, 'grad_norm': 2.437621593475342, 'learning_rate': 9.999849578373315e-06, 'epoch': 0.03}
{'loss': 1.0355, 'grad_norm': 2.98675274848938, 'learning_rate': 9.999848770745943e-06, 'epoch': 0.03}
{'loss': 1.1962, 'grad_norm': 2.6317672729492188, 'learning_rate': 9.99984796095629e-06, 'epoch': 0.03}
{'loss': 0.9104, 'grad_norm': 2.588931083679199, 'learning_rate': 9.999847149004363e-06, 'epoch': 0.03}
{'loss': 0.8765, 'grad_norm': 2.673409938812256, 'learning_rate': 9.999846334890154e-06, 'epoch': 0.03}
{'loss': 0.9117, 'grad_norm': 2.8115782737731934, 'learning_rate': 9.999845518613669e-06, 'epoch': 0.03}
{'loss': 0.9034, 'grad_norm': 2.8688764572143555, 'learning_rate': 9.999844700174908e-06, 'epoch': 0.03}
{'loss': 0.9305, 'grad_norm': 2.4873533248901367, 'learning_rate': 9.999843879573869e-06, 'epoch': 0.03}
{'loss': 1.0359, 'grad_norm': 2.6343605518341064, 'learning_rate': 9.999843056810554e-06, 'epoch': 0.03}
{'loss': 1.3062, 'grad_norm': 2.921074867248535, 'learning_rate': 9.999842231884961e-06, 'epoch': 0.03}
{'loss': 1.0117, 'grad_norm': 2.9635982513427734, 'learning_rate': 9.999841404797095e-06, 'epoch': 0.03}
{'loss': 1.0098, 'grad_norm': 2.9006705284118652, 'learning_rate': 9.999840575546951e-06, 'epoch': 0.03}
{'loss': 0.8872, 'grad_norm': 2.424838066101074, 'learning_rate': 9.999839744134535e-06, 'epoch': 0.03}
{'loss': 0.8301, 'grad_norm': 2.4270176887512207, 'learning_rate': 9.99983891055984e-06, 'epoch': 0.03}
{'loss': 0.7782, 'grad_norm': 2.451786994934082, 'learning_rate': 9.999838074822873e-06, 'epoch': 0.03}
{'loss': 0.9817, 'grad_norm': 3.1010549068450928, 'learning_rate': 9.999837236923633e-06, 'epoch': 0.03}
{'loss': 0.8975, 'grad_norm': 2.5555951595306396, 'learning_rate': 9.999836396862118e-06, 'epoch': 0.03}
{'loss': 0.8734, 'grad_norm': 2.335750102996826, 'learning_rate': 9.99983555463833e-06, 'epoch': 0.03}
{'loss': 0.99, 'grad_norm': 2.5924012660980225, 'learning_rate': 9.99983471025227e-06, 'epoch': 0.03}
{'loss': 0.8719, 'grad_norm': 2.5427372455596924, 'learning_rate': 9.999833863703935e-06, 'epoch': 0.03}
{'loss': 0.7414, 'grad_norm': 2.7124950885772705, 'learning_rate': 9.999833014993331e-06, 'epoch': 0.03}
{'loss': 1.0243, 'grad_norm': 2.5310513973236084, 'learning_rate': 9.999832164120453e-06, 'epoch': 0.03}
{'loss': 0.9178, 'grad_norm': 2.6696035861968994, 'learning_rate': 9.999831311085305e-06, 'epoch': 0.03}
{'loss': 0.8639, 'grad_norm': 2.8223745822906494, 'learning_rate': 9.999830455887885e-06, 'epoch': 0.03}
{'loss': 1.0817, 'grad_norm': 3.0027148723602295, 'learning_rate': 9.999829598528195e-06, 'epoch': 0.03}
{'loss': 1.0102, 'grad_norm': 3.07602858543396, 'learning_rate': 9.999828739006235e-06, 'epoch': 0.03}
{'loss': 1.0145, 'grad_norm': 2.658294439315796, 'learning_rate': 9.999827877322004e-06, 'epoch': 0.03}
{'loss': 1.1125, 'grad_norm': 2.879703998565674, 'learning_rate': 9.999827013475502e-06, 'epoch': 0.03}
{'loss': 0.8437, 'grad_norm': 2.672696352005005, 'learning_rate': 9.999826147466733e-06, 'epoch': 0.03}
{'loss': 0.8423, 'grad_norm': 2.589169502258301, 'learning_rate': 9.999825279295694e-06, 'epoch': 0.03}
{'loss': 0.9041, 'grad_norm': 2.6780312061309814, 'learning_rate': 9.999824408962387e-06, 'epoch': 0.03}
{'loss': 1.117, 'grad_norm': 2.6062378883361816, 'learning_rate': 9.999823536466813e-06, 'epoch': 0.03}
{'loss': 0.8293, 'grad_norm': 2.9297702312469482, 'learning_rate': 9.99982266180897e-06, 'epoch': 0.03}
{'loss': 0.9327, 'grad_norm': 2.640225648880005, 'learning_rate': 9.999821784988859e-06, 'epoch': 0.03}
{'loss': 0.876, 'grad_norm': 2.7466485500335693, 'learning_rate': 9.999820906006483e-06, 'epoch': 0.03}
{'loss': 1.0805, 'grad_norm': 2.9713335037231445, 'learning_rate': 9.99982002486184e-06, 'epoch': 0.03}
{'loss': 0.7933, 'grad_norm': 2.465467929840088, 'learning_rate': 9.999819141554929e-06, 'epoch': 0.03}
{'loss': 1.0171, 'grad_norm': 3.1450812816619873, 'learning_rate': 9.999818256085754e-06, 'epoch': 0.03}
{'loss': 0.951, 'grad_norm': 2.6624362468719482, 'learning_rate': 9.999817368454313e-06, 'epoch': 0.03}
{'loss': 0.8435, 'grad_norm': 2.5542149543762207, 'learning_rate': 9.999816478660606e-06, 'epoch': 0.03}
{'loss': 1.0325, 'grad_norm': 3.275299549102783, 'learning_rate': 9.999815586704635e-06, 'epoch': 0.03}
{'loss': 1.0558, 'grad_norm': 2.7309486865997314, 'learning_rate': 9.999814692586402e-06, 'epoch': 0.03}
{'loss': 0.8221, 'grad_norm': 2.690700054168701, 'learning_rate': 9.999813796305902e-06, 'epoch': 0.03}
{'loss': 0.8811, 'grad_norm': 2.5362141132354736, 'learning_rate': 9.999812897863138e-06, 'epoch': 0.03}
{'loss': 0.986, 'grad_norm': 2.7519490718841553, 'learning_rate': 9.999811997258115e-06, 'epoch': 0.03}
{'loss': 0.9507, 'grad_norm': 2.8133440017700195, 'learning_rate': 9.999811094490825e-06, 'epoch': 0.03}
{'loss': 1.0232, 'grad_norm': 2.8696844577789307, 'learning_rate': 9.999810189561277e-06, 'epoch': 0.03}
{'loss': 0.868, 'grad_norm': 2.7291276454925537, 'learning_rate': 9.999809282469464e-06, 'epoch': 0.03}
{'loss': 0.8881, 'grad_norm': 2.7170093059539795, 'learning_rate': 9.999808373215389e-06, 'epoch': 0.03}
{'loss': 1.0637, 'grad_norm': 2.5833852291107178, 'learning_rate': 9.999807461799054e-06, 'epoch': 0.03}
{'loss': 0.8431, 'grad_norm': 2.628095865249634, 'learning_rate': 9.999806548220459e-06, 'epoch': 0.03}
{'loss': 0.8992, 'grad_norm': 2.662658214569092, 'learning_rate': 9.999805632479602e-06, 'epoch': 0.03}
{'loss': 1.1171, 'grad_norm': 2.5062527656555176, 'learning_rate': 9.999804714576486e-06, 'epoch': 0.03}
{'loss': 0.8992, 'grad_norm': 2.654926061630249, 'learning_rate': 9.999803794511111e-06, 'epoch': 0.03}
{'loss': 0.9356, 'grad_norm': 2.5968592166900635, 'learning_rate': 9.999802872283475e-06, 'epoch': 0.03}
{'loss': 0.9308, 'grad_norm': 2.7672088146209717, 'learning_rate': 9.999801947893582e-06, 'epoch': 0.03}
{'loss': 1.0383, 'grad_norm': 2.8371422290802, 'learning_rate': 9.999801021341429e-06, 'epoch': 0.03}
{'loss': 0.8281, 'grad_norm': 2.839958667755127, 'learning_rate': 9.999800092627019e-06, 'epoch': 0.03}
{'loss': 1.0374, 'grad_norm': 2.9902219772338867, 'learning_rate': 9.999799161750353e-06, 'epoch': 0.03}
{'loss': 0.7887, 'grad_norm': 2.7146823406219482, 'learning_rate': 9.999798228711427e-06, 'epoch': 0.03}
{'loss': 0.9467, 'grad_norm': 2.9945034980773926, 'learning_rate': 9.999797293510246e-06, 'epoch': 0.03}
{'loss': 1.0137, 'grad_norm': 2.9014105796813965, 'learning_rate': 9.999796356146806e-06, 'epoch': 0.03}
{'loss': 0.8392, 'grad_norm': 2.614452838897705, 'learning_rate': 9.999795416621114e-06, 'epoch': 0.03}
{'loss': 0.9956, 'grad_norm': 2.838528633117676, 'learning_rate': 9.999794474933165e-06, 'epoch': 0.03}
{'loss': 1.0311, 'grad_norm': 2.740807056427002, 'learning_rate': 9.999793531082959e-06, 'epoch': 0.03}
{'loss': 1.0995, 'grad_norm': 2.914466619491577, 'learning_rate': 9.9997925850705e-06, 'epoch': 0.03}
{'loss': 1.0197, 'grad_norm': 2.5581634044647217, 'learning_rate': 9.999791636895787e-06, 'epoch': 0.03}
{'loss': 0.9556, 'grad_norm': 2.5975449085235596, 'learning_rate': 9.99979068655882e-06, 'epoch': 0.03}
{'loss': 1.0478, 'grad_norm': 2.6753530502319336, 'learning_rate': 9.999789734059598e-06, 'epoch': 0.03}
{'loss': 1.1618, 'grad_norm': 2.81768536567688, 'learning_rate': 9.999788779398123e-06, 'epoch': 0.03}
{'loss': 0.8692, 'grad_norm': 3.0756888389587402, 'learning_rate': 9.999787822574396e-06, 'epoch': 0.03}
{'loss': 0.8734, 'grad_norm': 2.4829232692718506, 'learning_rate': 9.999786863588418e-06, 'epoch': 0.03}
{'loss': 1.0044, 'grad_norm': 2.9075512886047363, 'learning_rate': 9.999785902440187e-06, 'epoch': 0.03}
{'loss': 0.7004, 'grad_norm': 2.600456953048706, 'learning_rate': 9.999784939129705e-06, 'epoch': 0.03}
{'loss': 0.8253, 'grad_norm': 2.7292251586914062, 'learning_rate': 9.999783973656972e-06, 'epoch': 0.03}
{'loss': 0.8656, 'grad_norm': 2.416409730911255, 'learning_rate': 9.999783006021986e-06, 'epoch': 0.03}
{'loss': 0.965, 'grad_norm': 2.732708215713501, 'learning_rate': 9.999782036224753e-06, 'epoch': 0.03}
{'loss': 0.9049, 'grad_norm': 2.5524044036865234, 'learning_rate': 9.999781064265269e-06, 'epoch': 0.03}
{'loss': 0.919, 'grad_norm': 2.9809353351593018, 'learning_rate': 9.999780090143536e-06, 'epoch': 0.03}
{'loss': 1.0293, 'grad_norm': 3.165886163711548, 'learning_rate': 9.999779113859554e-06, 'epoch': 0.03}
{'loss': 1.0384, 'grad_norm': 3.1911208629608154, 'learning_rate': 9.999778135413323e-06, 'epoch': 0.03}
{'loss': 0.8513, 'grad_norm': 2.568222761154175, 'learning_rate': 9.999777154804843e-06, 'epoch': 0.03}
{'loss': 1.0286, 'grad_norm': 2.6631765365600586, 'learning_rate': 9.999776172034118e-06, 'epoch': 0.03}
{'loss': 1.114, 'grad_norm': 2.921086072921753, 'learning_rate': 9.999775187101144e-06, 'epoch': 0.03}
{'loss': 0.8413, 'grad_norm': 2.5618879795074463, 'learning_rate': 9.999774200005923e-06, 'epoch': 0.03}
{'loss': 0.8597, 'grad_norm': 2.4434263706207275, 'learning_rate': 9.999773210748456e-06, 'epoch': 0.03}
{'loss': 0.9459, 'grad_norm': 2.5710997581481934, 'learning_rate': 9.999772219328743e-06, 'epoch': 0.03}
{'loss': 1.0614, 'grad_norm': 2.7328126430511475, 'learning_rate': 9.999771225746785e-06, 'epoch': 0.03}
{'loss': 0.885, 'grad_norm': 2.7983956336975098, 'learning_rate': 9.999770230002581e-06, 'epoch': 0.03}
{'loss': 0.9039, 'grad_norm': 2.4883432388305664, 'learning_rate': 9.999769232096134e-06, 'epoch': 0.03}
{'loss': 0.8775, 'grad_norm': 2.7977356910705566, 'learning_rate': 9.999768232027442e-06, 'epoch': 0.03}
{'loss': 0.9156, 'grad_norm': 2.5862114429473877, 'learning_rate': 9.999767229796505e-06, 'epoch': 0.03}
{'loss': 0.9219, 'grad_norm': 2.6297900676727295, 'learning_rate': 9.999766225403325e-06, 'epoch': 0.03}
{'loss': 0.9817, 'grad_norm': 2.9808590412139893, 'learning_rate': 9.999765218847904e-06, 'epoch': 0.03}
{'loss': 0.8914, 'grad_norm': 2.762238025665283, 'learning_rate': 9.999764210130238e-06, 'epoch': 0.03}
{'loss': 0.9956, 'grad_norm': 2.9210100173950195, 'learning_rate': 9.999763199250333e-06, 'epoch': 0.03}
{'loss': 0.942, 'grad_norm': 2.9928677082061768, 'learning_rate': 9.999762186208184e-06, 'epoch': 0.03}
{'loss': 1.0876, 'grad_norm': 3.181655168533325, 'learning_rate': 9.999761171003794e-06, 'epoch': 0.03}
{'loss': 1.0003, 'grad_norm': 2.5484323501586914, 'learning_rate': 9.999760153637163e-06, 'epoch': 0.03}
{'loss': 0.7166, 'grad_norm': 2.515819549560547, 'learning_rate': 9.999759134108292e-06, 'epoch': 0.03}
{'loss': 0.9403, 'grad_norm': 2.695659637451172, 'learning_rate': 9.999758112417182e-06, 'epoch': 0.03}
{'loss': 0.8467, 'grad_norm': 2.4112050533294678, 'learning_rate': 9.999757088563831e-06, 'epoch': 0.03}
{'loss': 0.9814, 'grad_norm': 2.628937244415283, 'learning_rate': 9.999756062548243e-06, 'epoch': 0.03}
{'loss': 0.9141, 'grad_norm': 2.719459056854248, 'learning_rate': 9.999755034370416e-06, 'epoch': 0.03}
{'loss': 0.8139, 'grad_norm': 2.5388877391815186, 'learning_rate': 9.99975400403035e-06, 'epoch': 0.03}
{'loss': 1.157, 'grad_norm': 2.910667657852173, 'learning_rate': 9.999752971528046e-06, 'epoch': 0.03}
{'loss': 0.9455, 'grad_norm': 2.7639026641845703, 'learning_rate': 9.999751936863507e-06, 'epoch': 0.03}
{'loss': 0.8475, 'grad_norm': 2.8826212882995605, 'learning_rate': 9.999750900036729e-06, 'epoch': 0.03}
{'loss': 0.8723, 'grad_norm': 2.67842960357666, 'learning_rate': 9.999749861047716e-06, 'epoch': 0.03}
{'loss': 0.9244, 'grad_norm': 2.817467451095581, 'learning_rate': 9.999748819896466e-06, 'epoch': 0.03}
{'loss': 0.9062, 'grad_norm': 2.7587361335754395, 'learning_rate': 9.999747776582981e-06, 'epoch': 0.03}
{'loss': 1.0175, 'grad_norm': 2.645665168762207, 'learning_rate': 9.999746731107262e-06, 'epoch': 0.03}
{'loss': 0.6737, 'grad_norm': 2.439605236053467, 'learning_rate': 9.999745683469308e-06, 'epoch': 0.03}
{'loss': 1.0661, 'grad_norm': 3.0211527347564697, 'learning_rate': 9.99974463366912e-06, 'epoch': 0.03}
{'loss': 1.0231, 'grad_norm': 2.623026132583618, 'learning_rate': 9.999743581706698e-06, 'epoch': 0.03}
{'loss': 1.0215, 'grad_norm': 2.8704400062561035, 'learning_rate': 9.999742527582044e-06, 'epoch': 0.03}
{'loss': 0.8553, 'grad_norm': 2.546067476272583, 'learning_rate': 9.999741471295155e-06, 'epoch': 0.03}
{'loss': 0.9053, 'grad_norm': 2.859511375427246, 'learning_rate': 9.999740412846035e-06, 'epoch': 0.03}
{'loss': 0.9827, 'grad_norm': 2.7861313819885254, 'learning_rate': 9.999739352234684e-06, 'epoch': 0.03}
{'loss': 0.8781, 'grad_norm': 2.646653175354004, 'learning_rate': 9.9997382894611e-06, 'epoch': 0.03}
{'loss': 0.8205, 'grad_norm': 2.5977487564086914, 'learning_rate': 9.999737224525288e-06, 'epoch': 0.03}
{'loss': 0.9188, 'grad_norm': 3.06381893157959, 'learning_rate': 9.999736157427243e-06, 'epoch': 0.03}
{'loss': 0.8948, 'grad_norm': 2.7086191177368164, 'learning_rate': 9.99973508816697e-06, 'epoch': 0.03}
{'loss': 0.8086, 'grad_norm': 2.6355836391448975, 'learning_rate': 9.999734016744466e-06, 'epoch': 0.03}
{'loss': 0.8853, 'grad_norm': 2.6144540309906006, 'learning_rate': 9.999732943159734e-06, 'epoch': 0.03}
{'loss': 0.9526, 'grad_norm': 2.722663164138794, 'learning_rate': 9.999731867412772e-06, 'epoch': 0.03}
{'loss': 0.8728, 'grad_norm': 2.497501850128174, 'learning_rate': 9.999730789503583e-06, 'epoch': 0.03}
{'loss': 0.9753, 'grad_norm': 2.667551040649414, 'learning_rate': 9.999729709432167e-06, 'epoch': 0.03}
{'loss': 1.1177, 'grad_norm': 2.8696579933166504, 'learning_rate': 9.999728627198522e-06, 'epoch': 0.03}
{'loss': 0.7585, 'grad_norm': 2.622112512588501, 'learning_rate': 9.999727542802654e-06, 'epoch': 0.03}
{'loss': 0.7885, 'grad_norm': 2.5483720302581787, 'learning_rate': 9.999726456244556e-06, 'epoch': 0.03}
{'loss': 0.8321, 'grad_norm': 2.9587574005126953, 'learning_rate': 9.999725367524233e-06, 'epoch': 0.03}
{'loss': 0.9105, 'grad_norm': 2.4111788272857666, 'learning_rate': 9.999724276641686e-06, 'epoch': 0.03}
{'loss': 0.8447, 'grad_norm': 2.671052932739258, 'learning_rate': 9.999723183596914e-06, 'epoch': 0.03}
{'loss': 1.1423, 'grad_norm': 3.015038251876831, 'learning_rate': 9.999722088389916e-06, 'epoch': 0.03}
{'loss': 0.8199, 'grad_norm': 2.5408926010131836, 'learning_rate': 9.999720991020696e-06, 'epoch': 0.03}
{'loss': 0.6787, 'grad_norm': 2.4293084144592285, 'learning_rate': 9.999719891489252e-06, 'epoch': 0.03}
{'loss': 0.9401, 'grad_norm': 2.698559045791626, 'learning_rate': 9.999718789795585e-06, 'epoch': 0.03}
{'loss': 0.7876, 'grad_norm': 2.5686802864074707, 'learning_rate': 9.999717685939696e-06, 'epoch': 0.03}
{'loss': 0.9992, 'grad_norm': 2.906475782394409, 'learning_rate': 9.999716579921586e-06, 'epoch': 0.03}
{'loss': 1.0191, 'grad_norm': 2.781315803527832, 'learning_rate': 9.999715471741252e-06, 'epoch': 0.03}
{'loss': 0.8526, 'grad_norm': 2.645719528198242, 'learning_rate': 9.9997143613987e-06, 'epoch': 0.03}
{'loss': 1.1733, 'grad_norm': 3.2529191970825195, 'learning_rate': 9.999713248893925e-06, 'epoch': 0.03}
{'loss': 1.0627, 'grad_norm': 2.8264803886413574, 'learning_rate': 9.99971213422693e-06, 'epoch': 0.03}
{'loss': 0.9238, 'grad_norm': 2.664872407913208, 'learning_rate': 9.999711017397718e-06, 'epoch': 0.03}
{'loss': 0.9332, 'grad_norm': 2.8078136444091797, 'learning_rate': 9.999709898406285e-06, 'epoch': 0.03}
{'loss': 0.8495, 'grad_norm': 2.572018623352051, 'learning_rate': 9.999708777252632e-06, 'epoch': 0.03}
{'loss': 0.8678, 'grad_norm': 2.789874792098999, 'learning_rate': 9.999707653936763e-06, 'epoch': 0.03}
{'loss': 1.0956, 'grad_norm': 2.890850067138672, 'learning_rate': 9.999706528458677e-06, 'epoch': 0.03}
{'loss': 1.1508, 'grad_norm': 3.1797702312469482, 'learning_rate': 9.999705400818373e-06, 'epoch': 0.03}
{'loss': 0.9207, 'grad_norm': 2.5947446823120117, 'learning_rate': 9.999704271015851e-06, 'epoch': 0.03}
{'loss': 0.9082, 'grad_norm': 2.703740119934082, 'learning_rate': 9.999703139051116e-06, 'epoch': 0.03}
{'loss': 0.688, 'grad_norm': 1.9586336612701416, 'learning_rate': 9.999702004924164e-06, 'epoch': 0.03}
{'loss': 0.8788, 'grad_norm': 2.6513333320617676, 'learning_rate': 9.999700868634996e-06, 'epoch': 0.03}
{'loss': 1.1636, 'grad_norm': 2.9012482166290283, 'learning_rate': 9.999699730183615e-06, 'epoch': 0.03}
{'loss': 0.8499, 'grad_norm': 2.606565237045288, 'learning_rate': 9.999698589570017e-06, 'epoch': 0.03}
{'loss': 0.9855, 'grad_norm': 2.834212303161621, 'learning_rate': 9.999697446794208e-06, 'epoch': 0.03}
{'loss': 0.8814, 'grad_norm': 2.559356689453125, 'learning_rate': 9.999696301856184e-06, 'epoch': 0.03}
{'loss': 0.9602, 'grad_norm': 2.7831757068634033, 'learning_rate': 9.999695154755948e-06, 'epoch': 0.03}
{'loss': 0.9391, 'grad_norm': 2.5745229721069336, 'learning_rate': 9.9996940054935e-06, 'epoch': 0.03}
{'loss': 0.8166, 'grad_norm': 2.3774354457855225, 'learning_rate': 9.99969285406884e-06, 'epoch': 0.03}
{'loss': 0.858, 'grad_norm': 2.4373834133148193, 'learning_rate': 9.999691700481969e-06, 'epoch': 0.03}
{'loss': 1.1359, 'grad_norm': 3.2687113285064697, 'learning_rate': 9.999690544732887e-06, 'epoch': 0.03}
{'loss': 1.1592, 'grad_norm': 2.949739933013916, 'learning_rate': 9.999689386821595e-06, 'epoch': 0.03}
{'loss': 0.8893, 'grad_norm': 2.8518259525299072, 'learning_rate': 9.999688226748095e-06, 'epoch': 0.03}
{'loss': 0.9521, 'grad_norm': 2.7212300300598145, 'learning_rate': 9.999687064512382e-06, 'epoch': 0.03}
{'loss': 0.8152, 'grad_norm': 2.483170986175537, 'learning_rate': 9.999685900114465e-06, 'epoch': 0.03}
{'loss': 0.9613, 'grad_norm': 2.5581603050231934, 'learning_rate': 9.999684733554335e-06, 'epoch': 0.03}
{'loss': 0.7396, 'grad_norm': 2.4947867393493652, 'learning_rate': 9.999683564832002e-06, 'epoch': 0.03}
{'loss': 0.8306, 'grad_norm': 2.4739267826080322, 'learning_rate': 9.999682393947459e-06, 'epoch': 0.03}
{'loss': 0.8602, 'grad_norm': 2.6864359378814697, 'learning_rate': 9.999681220900709e-06, 'epoch': 0.03}
{'loss': 0.9199, 'grad_norm': 2.5844767093658447, 'learning_rate': 9.999680045691753e-06, 'epoch': 0.03}
{'loss': 0.8, 'grad_norm': 2.8836333751678467, 'learning_rate': 9.999678868320593e-06, 'epoch': 0.03}
{'loss': 1.121, 'grad_norm': 3.0789849758148193, 'learning_rate': 9.999677688787225e-06, 'epoch': 0.03}
{'loss': 0.9412, 'grad_norm': 2.427687644958496, 'learning_rate': 9.999676507091655e-06, 'epoch': 0.03}
{'loss': 1.0254, 'grad_norm': 3.01496958732605, 'learning_rate': 9.99967532323388e-06, 'epoch': 0.03}
{'loss': 0.9775, 'grad_norm': 2.720189094543457, 'learning_rate': 9.999674137213902e-06, 'epoch': 0.03}
{'loss': 0.7163, 'grad_norm': 2.179936647415161, 'learning_rate': 9.99967294903172e-06, 'epoch': 0.03}
{'loss': 0.951, 'grad_norm': 2.8010103702545166, 'learning_rate': 9.999671758687337e-06, 'epoch': 0.03}
{'loss': 0.9487, 'grad_norm': 2.7473766803741455, 'learning_rate': 9.99967056618075e-06, 'epoch': 0.03}
{'loss': 1.3215, 'grad_norm': 3.666236400604248, 'learning_rate': 9.999669371511961e-06, 'epoch': 0.03}
{'loss': 1.0709, 'grad_norm': 2.8598923683166504, 'learning_rate': 9.999668174680973e-06, 'epoch': 0.03}
{'loss': 0.8237, 'grad_norm': 2.6191933155059814, 'learning_rate': 9.999666975687784e-06, 'epoch': 0.03}
{'loss': 0.9783, 'grad_norm': 2.954622507095337, 'learning_rate': 9.999665774532395e-06, 'epoch': 0.03}
{'loss': 0.911, 'grad_norm': 2.7075045108795166, 'learning_rate': 9.999664571214805e-06, 'epoch': 0.03}
{'loss': 0.985, 'grad_norm': 2.8869261741638184, 'learning_rate': 9.999663365735017e-06, 'epoch': 0.03}
{'loss': 1.0355, 'grad_norm': 2.7191812992095947, 'learning_rate': 9.99966215809303e-06, 'epoch': 0.03}
{'loss': 0.918, 'grad_norm': 2.5304603576660156, 'learning_rate': 9.999660948288847e-06, 'epoch': 0.03}
{'loss': 0.971, 'grad_norm': 2.7238881587982178, 'learning_rate': 9.999659736322466e-06, 'epoch': 0.03}
[23:49:04.371135] Error: Error reading OpenGVLab/stage2/OpenMMLab___Kinetics-400/raw/Kinetics-400/videos_train/mq3TiVonakI.mp4...
[23:49:04.371185] Failed to read video file: OpenGVLab/stage2/OpenMMLab___Kinetics-400/raw/Kinetics-400/videos_train/mq3TiVonakI.mp4
[23:49:04.371202] [Try #0] Failed to fetch sample 3853612. Exception: Error reading OpenGVLab/stage2/OpenMMLab___Kinetics-400/raw/Kinetics-400/videos_train/mq3TiVonakI.mp4...
[23:49:05.372568] Error: Error reading OpenGVLab/stage2/OpenMMLab___Kinetics-400/raw/Kinetics-400/videos_train/mq3TiVonakI.mp4...
[23:49:05.372666] Failed to read video file: OpenGVLab/stage2/OpenMMLab___Kinetics-400/raw/Kinetics-400/videos_train/mq3TiVonakI.mp4
[23:49:05.372684] [Try #1] Failed to fetch sample 3853612. Exception: Error reading OpenGVLab/stage2/OpenMMLab___Kinetics-400/raw/Kinetics-400/videos_train/mq3TiVonakI.mp4...
{'loss': 0.9324, 'grad_norm': 2.6525187492370605, 'learning_rate': 9.999658522193886e-06, 'epoch': 0.03}
{'loss': 0.9731, 'grad_norm': 3.027627944946289, 'learning_rate': 9.999657305903112e-06, 'epoch': 0.03}
{'loss': 0.9635, 'grad_norm': 2.8194100856781006, 'learning_rate': 9.999656087450143e-06, 'epoch': 0.03}
{'loss': 0.809, 'grad_norm': 1.8541375398635864, 'learning_rate': 9.999654866834976e-06, 'epoch': 0.03}
{'loss': 1.0187, 'grad_norm': 2.9439313411712646, 'learning_rate': 9.999653644057615e-06, 'epoch': 0.03}
{'loss': 0.8633, 'grad_norm': 2.633513927459717, 'learning_rate': 9.99965241911806e-06, 'epoch': 0.03}
{'loss': 0.8703, 'grad_norm': 2.832258701324463, 'learning_rate': 9.999651192016312e-06, 'epoch': 0.03}
{'loss': 1.1033, 'grad_norm': 2.757139205932617, 'learning_rate': 9.99964996275237e-06, 'epoch': 0.03}
{'loss': 0.8867, 'grad_norm': 2.5011491775512695, 'learning_rate': 9.999648731326235e-06, 'epoch': 0.03}
{'loss': 0.8181, 'grad_norm': 2.1197242736816406, 'learning_rate': 9.999647497737909e-06, 'epoch': 0.03}
{'loss': 0.9116, 'grad_norm': 2.885380983352661, 'learning_rate': 9.99964626198739e-06, 'epoch': 0.03}
{'loss': 0.6764, 'grad_norm': 2.050297498703003, 'learning_rate': 9.999645024074682e-06, 'epoch': 0.03}
{'loss': 1.0363, 'grad_norm': 2.852159023284912, 'learning_rate': 9.999643783999782e-06, 'epoch': 0.03}
{'loss': 0.8997, 'grad_norm': 2.7034640312194824, 'learning_rate': 9.999642541762693e-06, 'epoch': 0.03}
{'loss': 0.8351, 'grad_norm': 2.4596307277679443, 'learning_rate': 9.999641297363414e-06, 'epoch': 0.03}
{'loss': 1.1637, 'grad_norm': 2.8541100025177, 'learning_rate': 9.999640050801946e-06, 'epoch': 0.03}
{'loss': 1.0456, 'grad_norm': 2.905562162399292, 'learning_rate': 9.999638802078289e-06, 'epoch': 0.03}
{'loss': 0.7471, 'grad_norm': 2.6712329387664795, 'learning_rate': 9.999637551192445e-06, 'epoch': 0.03}
{'loss': 0.8788, 'grad_norm': 2.565288782119751, 'learning_rate': 9.999636298144413e-06, 'epoch': 0.03}
{'loss': 1.0108, 'grad_norm': 2.7659153938293457, 'learning_rate': 9.999635042934195e-06, 'epoch': 0.03}
{'loss': 0.9815, 'grad_norm': 2.744642972946167, 'learning_rate': 9.999633785561791e-06, 'epoch': 0.03}
{'loss': 0.7003, 'grad_norm': 2.034684419631958, 'learning_rate': 9.9996325260272e-06, 'epoch': 0.03}
{'loss': 1.1065, 'grad_norm': 3.030536413192749, 'learning_rate': 9.999631264330426e-06, 'epoch': 0.03}
{'loss': 1.0017, 'grad_norm': 2.9204180240631104, 'learning_rate': 9.999630000471466e-06, 'epoch': 0.03}
{'loss': 0.7825, 'grad_norm': 2.7033395767211914, 'learning_rate': 9.999628734450322e-06, 'epoch': 0.03}
{'loss': 0.8276, 'grad_norm': 2.6230695247650146, 'learning_rate': 9.999627466266994e-06, 'epoch': 0.03}
{'loss': 1.0087, 'grad_norm': 3.086491584777832, 'learning_rate': 9.999626195921486e-06, 'epoch': 0.03}
{'loss': 0.9, 'grad_norm': 2.619131088256836, 'learning_rate': 9.999624923413793e-06, 'epoch': 0.03}
{'loss': 1.1884, 'grad_norm': 2.771751642227173, 'learning_rate': 9.99962364874392e-06, 'epoch': 0.03}
{'loss': 0.7752, 'grad_norm': 2.603173017501831, 'learning_rate': 9.999622371911864e-06, 'epoch': 0.03}
{'loss': 0.8429, 'grad_norm': 2.7082512378692627, 'learning_rate': 9.999621092917626e-06, 'epoch': 0.03}
{'loss': 1.0014, 'grad_norm': 2.6263349056243896, 'learning_rate': 9.99961981176121e-06, 'epoch': 0.03}
{'loss': 1.0032, 'grad_norm': 2.6386427879333496, 'learning_rate': 9.999618528442615e-06, 'epoch': 0.03}
{'loss': 0.9537, 'grad_norm': 2.5790300369262695, 'learning_rate': 9.99961724296184e-06, 'epoch': 0.03}
{'loss': 0.9059, 'grad_norm': 2.4869797229766846, 'learning_rate': 9.999615955318885e-06, 'epoch': 0.03}
{'loss': 0.8094, 'grad_norm': 1.998095154762268, 'learning_rate': 9.999614665513754e-06, 'epoch': 0.03}
{'loss': 0.8265, 'grad_norm': 2.760542154312134, 'learning_rate': 9.999613373546445e-06, 'epoch': 0.03}
{'loss': 0.9822, 'grad_norm': 2.7224297523498535, 'learning_rate': 9.99961207941696e-06, 'epoch': 0.03}
{'loss': 1.0628, 'grad_norm': 2.5473053455352783, 'learning_rate': 9.999610783125298e-06, 'epoch': 0.03}
{'loss': 0.9136, 'grad_norm': 2.6276419162750244, 'learning_rate': 9.999609484671459e-06, 'epoch': 0.03}
{'loss': 0.8968, 'grad_norm': 2.6470088958740234, 'learning_rate': 9.999608184055447e-06, 'epoch': 0.03}
{'loss': 0.8307, 'grad_norm': 2.577183485031128, 'learning_rate': 9.999606881277259e-06, 'epoch': 0.03}
{'loss': 0.8335, 'grad_norm': 2.548125743865967, 'learning_rate': 9.999605576336898e-06, 'epoch': 0.03}
{'loss': 0.8911, 'grad_norm': 2.656949996948242, 'learning_rate': 9.999604269234365e-06, 'epoch': 0.03}
{'loss': 0.7035, 'grad_norm': 2.3822784423828125, 'learning_rate': 9.999602959969656e-06, 'epoch': 0.03}
{'loss': 0.9259, 'grad_norm': 2.881540298461914, 'learning_rate': 9.999601648542776e-06, 'epoch': 0.03}
{'loss': 1.124, 'grad_norm': 2.7398648262023926, 'learning_rate': 9.999600334953724e-06, 'epoch': 0.03}
{'loss': 0.8082, 'grad_norm': 2.7279281616210938, 'learning_rate': 9.999599019202502e-06, 'epoch': 0.03}
{'loss': 0.7938, 'grad_norm': 2.56821870803833, 'learning_rate': 9.999597701289108e-06, 'epoch': 0.03}
{'loss': 0.9393, 'grad_norm': 2.726092576980591, 'learning_rate': 9.999596381213543e-06, 'epoch': 0.03}
{'loss': 0.7899, 'grad_norm': 2.4702353477478027, 'learning_rate': 9.99959505897581e-06, 'epoch': 0.03}
{'loss': 0.851, 'grad_norm': 2.566786527633667, 'learning_rate': 9.999593734575909e-06, 'epoch': 0.03}
{'loss': 1.14, 'grad_norm': 2.7117583751678467, 'learning_rate': 9.99959240801384e-06, 'epoch': 0.03}
{'loss': 0.7632, 'grad_norm': 2.745149612426758, 'learning_rate': 9.999591079289601e-06, 'epoch': 0.03}
{'loss': 0.7383, 'grad_norm': 2.5085530281066895, 'learning_rate': 9.999589748403196e-06, 'epoch': 0.03}
{'loss': 1.0958, 'grad_norm': 3.0698719024658203, 'learning_rate': 9.999588415354624e-06, 'epoch': 0.03}
{'loss': 0.8564, 'grad_norm': 2.350156307220459, 'learning_rate': 9.999587080143885e-06, 'epoch': 0.03}
{'loss': 1.0539, 'grad_norm': 2.6904618740081787, 'learning_rate': 9.999585742770983e-06, 'epoch': 0.03}
{'loss': 0.9224, 'grad_norm': 2.6907172203063965, 'learning_rate': 9.999584403235914e-06, 'epoch': 0.03}
{'loss': 0.9813, 'grad_norm': 2.9021387100219727, 'learning_rate': 9.999583061538682e-06, 'epoch': 0.03}
{'loss': 0.8687, 'grad_norm': 2.5414376258850098, 'learning_rate': 9.999581717679286e-06, 'epoch': 0.03}
{'loss': 0.9867, 'grad_norm': 2.7926340103149414, 'learning_rate': 9.999580371657727e-06, 'epoch': 0.03}
{'loss': 0.8675, 'grad_norm': 2.924579381942749, 'learning_rate': 9.999579023474004e-06, 'epoch': 0.03}
{'loss': 0.9012, 'grad_norm': 2.800689458847046, 'learning_rate': 9.99957767312812e-06, 'epoch': 0.03}
{'loss': 1.0546, 'grad_norm': 2.7763125896453857, 'learning_rate': 9.999576320620074e-06, 'epoch': 0.03}
{'loss': 0.9241, 'grad_norm': 2.6960649490356445, 'learning_rate': 9.99957496594987e-06, 'epoch': 0.03}
{'loss': 0.8388, 'grad_norm': 2.850653648376465, 'learning_rate': 9.999573609117504e-06, 'epoch': 0.03}
{'loss': 0.8889, 'grad_norm': 2.638885736465454, 'learning_rate': 9.999572250122978e-06, 'epoch': 0.03}
{'loss': 0.8159, 'grad_norm': 2.504302740097046, 'learning_rate': 9.999570888966292e-06, 'epoch': 0.03}
{'loss': 1.016, 'grad_norm': 2.866157293319702, 'learning_rate': 9.99956952564745e-06, 'epoch': 0.03}
{'loss': 0.7415, 'grad_norm': 2.480125665664673, 'learning_rate': 9.999568160166447e-06, 'epoch': 0.03}
{'loss': 1.1341, 'grad_norm': 2.679202079772949, 'learning_rate': 9.999566792523289e-06, 'epoch': 0.03}
{'loss': 0.9074, 'grad_norm': 2.5416390895843506, 'learning_rate': 9.999565422717973e-06, 'epoch': 0.03}
{'loss': 0.777, 'grad_norm': 2.7396366596221924, 'learning_rate': 9.999564050750504e-06, 'epoch': 0.03}
{'loss': 0.977, 'grad_norm': 2.463911294937134, 'learning_rate': 9.999562676620875e-06, 'epoch': 0.03}
{'loss': 0.8482, 'grad_norm': 2.578418254852295, 'learning_rate': 9.999561300329094e-06, 'epoch': 0.03}
{'loss': 1.0026, 'grad_norm': 3.0579586029052734, 'learning_rate': 9.99955992187516e-06, 'epoch': 0.03}
{'loss': 0.8531, 'grad_norm': 2.488006591796875, 'learning_rate': 9.99955854125907e-06, 'epoch': 0.03}
{'loss': 0.8195, 'grad_norm': 2.823659896850586, 'learning_rate': 9.999557158480826e-06, 'epoch': 0.03}
{'loss': 0.861, 'grad_norm': 2.491251230239868, 'learning_rate': 9.99955577354043e-06, 'epoch': 0.03}
{'loss': 0.8533, 'grad_norm': 2.5624115467071533, 'learning_rate': 9.999554386437883e-06, 'epoch': 0.03}
{'loss': 0.8298, 'grad_norm': 2.6884231567382812, 'learning_rate': 9.999552997173185e-06, 'epoch': 0.03}
{'loss': 0.9338, 'grad_norm': 2.6834208965301514, 'learning_rate': 9.999551605746336e-06, 'epoch': 0.03}
{'loss': 0.8865, 'grad_norm': 2.601938009262085, 'learning_rate': 9.999550212157337e-06, 'epoch': 0.03}
{'loss': 0.8961, 'grad_norm': 2.759265184402466, 'learning_rate': 9.999548816406188e-06, 'epoch': 0.03}
{'loss': 1.1377, 'grad_norm': 2.8531851768493652, 'learning_rate': 9.99954741849289e-06, 'epoch': 0.03}
{'loss': 0.8869, 'grad_norm': 2.614626884460449, 'learning_rate': 9.999546018417445e-06, 'epoch': 0.03}
{'loss': 0.9449, 'grad_norm': 2.6456823348999023, 'learning_rate': 9.99954461617985e-06, 'epoch': 0.03}
{'loss': 0.7406, 'grad_norm': 2.4090380668640137, 'learning_rate': 9.99954321178011e-06, 'epoch': 0.03}
{'loss': 0.7044, 'grad_norm': 2.4610776901245117, 'learning_rate': 9.999541805218222e-06, 'epoch': 0.03}
{'loss': 1.1994, 'grad_norm': 3.0938527584075928, 'learning_rate': 9.999540396494189e-06, 'epoch': 0.03}
{'loss': 0.7612, 'grad_norm': 2.4936294555664062, 'learning_rate': 9.999538985608012e-06, 'epoch': 0.03}
{'loss': 1.0428, 'grad_norm': 2.6028664112091064, 'learning_rate': 9.999537572559687e-06, 'epoch': 0.03}
{'loss': 0.9216, 'grad_norm': 2.692143678665161, 'learning_rate': 9.999536157349221e-06, 'epoch': 0.03}
{'loss': 0.7239, 'grad_norm': 2.339430809020996, 'learning_rate': 9.99953473997661e-06, 'epoch': 0.03}
{'loss': 0.7555, 'grad_norm': 2.4872050285339355, 'learning_rate': 9.999533320441858e-06, 'epoch': 0.03}
{'loss': 0.9584, 'grad_norm': 2.8481297492980957, 'learning_rate': 9.999531898744962e-06, 'epoch': 0.03}
{'loss': 0.7331, 'grad_norm': 2.5143632888793945, 'learning_rate': 9.999530474885925e-06, 'epoch': 0.03}
{'loss': 0.9876, 'grad_norm': 2.81270170211792, 'learning_rate': 9.999529048864747e-06, 'epoch': 0.03}
{'loss': 0.9276, 'grad_norm': 2.6177570819854736, 'learning_rate': 9.999527620681429e-06, 'epoch': 0.03}
{'loss': 1.1925, 'grad_norm': 3.069028854370117, 'learning_rate': 9.999526190335971e-06, 'epoch': 0.03}
{'loss': 0.8543, 'grad_norm': 2.800884246826172, 'learning_rate': 9.999524757828374e-06, 'epoch': 0.03}
{'loss': 0.8217, 'grad_norm': 2.697861671447754, 'learning_rate': 9.999523323158637e-06, 'epoch': 0.03}
{'loss': 1.0762, 'grad_norm': 2.669255018234253, 'learning_rate': 9.999521886326764e-06, 'epoch': 0.03}
{'loss': 1.021, 'grad_norm': 2.6081910133361816, 'learning_rate': 9.999520447332754e-06, 'epoch': 0.03}
{'loss': 1.073, 'grad_norm': 2.9255571365356445, 'learning_rate': 9.999519006176605e-06, 'epoch': 0.03}
{'loss': 0.916, 'grad_norm': 2.586029052734375, 'learning_rate': 9.999517562858321e-06, 'epoch': 0.03}
{'loss': 1.1138, 'grad_norm': 2.838982343673706, 'learning_rate': 9.999516117377903e-06, 'epoch': 0.03}
{'loss': 0.9845, 'grad_norm': 2.8674962520599365, 'learning_rate': 9.999514669735348e-06, 'epoch': 0.03}
{'loss': 0.9288, 'grad_norm': 2.5442779064178467, 'learning_rate': 9.999513219930662e-06, 'epoch': 0.03}
{'loss': 0.9064, 'grad_norm': 2.6982932090759277, 'learning_rate': 9.99951176796384e-06, 'epoch': 0.03}
{'loss': 0.9835, 'grad_norm': 2.5257818698883057, 'learning_rate': 9.999510313834886e-06, 'epoch': 0.03}
{'loss': 1.0345, 'grad_norm': 2.7168824672698975, 'learning_rate': 9.9995088575438e-06, 'epoch': 0.03}
{'loss': 0.8466, 'grad_norm': 2.85188364982605, 'learning_rate': 9.999507399090582e-06, 'epoch': 0.03}
{'loss': 0.9104, 'grad_norm': 3.021524667739868, 'learning_rate': 9.999505938475233e-06, 'epoch': 0.03}
{'loss': 1.1117, 'grad_norm': 3.022745132446289, 'learning_rate': 9.999504475697753e-06, 'epoch': 0.03}
{'loss': 0.7792, 'grad_norm': 2.49977445602417, 'learning_rate': 9.999503010758143e-06, 'epoch': 0.03}
{'loss': 0.765, 'grad_norm': 2.360640525817871, 'learning_rate': 9.999501543656404e-06, 'epoch': 0.03}
{'loss': 0.8283, 'grad_norm': 2.7860934734344482, 'learning_rate': 9.999500074392539e-06, 'epoch': 0.03}
{'loss': 1.035, 'grad_norm': 2.823864221572876, 'learning_rate': 9.999498602966544e-06, 'epoch': 0.03}
{'loss': 0.8649, 'grad_norm': 2.620126962661743, 'learning_rate': 9.999497129378423e-06, 'epoch': 0.03}
{'loss': 0.7881, 'grad_norm': 2.807746648788452, 'learning_rate': 9.999495653628176e-06, 'epoch': 0.03}
{'loss': 0.9316, 'grad_norm': 2.723851203918457, 'learning_rate': 9.9994941757158e-06, 'epoch': 0.03}
{'loss': 0.8769, 'grad_norm': 2.736004590988159, 'learning_rate': 9.999492695641301e-06, 'epoch': 0.03}
{'loss': 0.8611, 'grad_norm': 2.7095913887023926, 'learning_rate': 9.999491213404678e-06, 'epoch': 0.03}
{'loss': 1.0175, 'grad_norm': 2.87600040435791, 'learning_rate': 9.99948972900593e-06, 'epoch': 0.03}
{'loss': 0.9705, 'grad_norm': 2.642399311065674, 'learning_rate': 9.999488242445057e-06, 'epoch': 0.03}
{'loss': 0.9039, 'grad_norm': 2.8364884853363037, 'learning_rate': 9.999486753722063e-06, 'epoch': 0.03}
{'loss': 0.9186, 'grad_norm': 2.6935136318206787, 'learning_rate': 9.999485262836948e-06, 'epoch': 0.03}
{'loss': 0.93, 'grad_norm': 2.9559566974639893, 'learning_rate': 9.999483769789709e-06, 'epoch': 0.03}
{'loss': 0.7685, 'grad_norm': 2.3886163234710693, 'learning_rate': 9.999482274580352e-06, 'epoch': 0.03}
{'loss': 0.9743, 'grad_norm': 2.71476674079895, 'learning_rate': 9.999480777208872e-06, 'epoch': 0.03}
{'loss': 0.7509, 'grad_norm': 2.690882682800293, 'learning_rate': 9.999479277675275e-06, 'epoch': 0.03}
{'loss': 1.0755, 'grad_norm': 2.797701358795166, 'learning_rate': 9.999477775979558e-06, 'epoch': 0.03}
{'loss': 1.1149, 'grad_norm': 2.876039981842041, 'learning_rate': 9.999476272121722e-06, 'epoch': 0.03}
{'loss': 1.0469, 'grad_norm': 3.1322553157806396, 'learning_rate': 9.999474766101772e-06, 'epoch': 0.03}
{'loss': 0.8099, 'grad_norm': 2.462846040725708, 'learning_rate': 9.9994732579197e-06, 'epoch': 0.03}
{'loss': 0.8052, 'grad_norm': 2.5317609310150146, 'learning_rate': 9.999471747575515e-06, 'epoch': 0.03}
{'loss': 0.9016, 'grad_norm': 2.9692468643188477, 'learning_rate': 9.999470235069215e-06, 'epoch': 0.03}
{'loss': 0.9209, 'grad_norm': 3.01112699508667, 'learning_rate': 9.999468720400797e-06, 'epoch': 0.03}
{'loss': 1.1933, 'grad_norm': 2.901975154876709, 'learning_rate': 9.999467203570269e-06, 'epoch': 0.03}
{'loss': 0.8743, 'grad_norm': 2.7330431938171387, 'learning_rate': 9.999465684577624e-06, 'epoch': 0.03}
{'loss': 0.6721, 'grad_norm': 2.7182607650756836, 'learning_rate': 9.999464163422867e-06, 'epoch': 0.03}
{'loss': 0.9852, 'grad_norm': 2.8515145778656006, 'learning_rate': 9.999462640105997e-06, 'epoch': 0.03}
{'loss': 0.9287, 'grad_norm': 2.6596457958221436, 'learning_rate': 9.999461114627015e-06, 'epoch': 0.03}
{'loss': 0.912, 'grad_norm': 2.4453210830688477, 'learning_rate': 9.999459586985924e-06, 'epoch': 0.03}
{'loss': 0.7704, 'grad_norm': 2.832834005355835, 'learning_rate': 9.999458057182723e-06, 'epoch': 0.03}
{'loss': 0.9447, 'grad_norm': 2.689023971557617, 'learning_rate': 9.99945652521741e-06, 'epoch': 0.03}
{'loss': 0.9476, 'grad_norm': 3.1504032611846924, 'learning_rate': 9.99945499108999e-06, 'epoch': 0.03}
{'loss': 1.0024, 'grad_norm': 2.6465988159179688, 'learning_rate': 9.999453454800461e-06, 'epoch': 0.03}
{'loss': 1.1447, 'grad_norm': 2.939073085784912, 'learning_rate': 9.999451916348825e-06, 'epoch': 0.03}
{'loss': 0.8113, 'grad_norm': 2.6328983306884766, 'learning_rate': 9.99945037573508e-06, 'epoch': 0.03}
{'loss': 0.8185, 'grad_norm': 2.5005502700805664, 'learning_rate': 9.999448832959231e-06, 'epoch': 0.03}
{'loss': 0.8728, 'grad_norm': 2.5067975521087646, 'learning_rate': 9.999447288021275e-06, 'epoch': 0.03}
{'loss': 1.0444, 'grad_norm': 2.570523977279663, 'learning_rate': 9.999445740921214e-06, 'epoch': 0.03}
{'loss': 0.9972, 'grad_norm': 2.8337602615356445, 'learning_rate': 9.99944419165905e-06, 'epoch': 0.03}
{'loss': 0.8632, 'grad_norm': 2.6875922679901123, 'learning_rate': 9.99944264023478e-06, 'epoch': 0.03}
{'loss': 0.9962, 'grad_norm': 3.1004371643066406, 'learning_rate': 9.99944108664841e-06, 'epoch': 0.03}
{'loss': 1.1295, 'grad_norm': 2.895129919052124, 'learning_rate': 9.999439530899936e-06, 'epoch': 0.03}
{'loss': 0.9056, 'grad_norm': 2.8301899433135986, 'learning_rate': 9.99943797298936e-06, 'epoch': 0.03}
{'loss': 0.793, 'grad_norm': 2.3495302200317383, 'learning_rate': 9.999436412916683e-06, 'epoch': 0.03}
{'loss': 0.961, 'grad_norm': 2.7525758743286133, 'learning_rate': 9.999434850681907e-06, 'epoch': 0.03}
{'loss': 1.1818, 'grad_norm': 2.898394823074341, 'learning_rate': 9.99943328628503e-06, 'epoch': 0.03}
{'loss': 0.8577, 'grad_norm': 2.5824670791625977, 'learning_rate': 9.999431719726055e-06, 'epoch': 0.03}
{'loss': 0.9133, 'grad_norm': 2.6816933155059814, 'learning_rate': 9.999430151004982e-06, 'epoch': 0.03}
{'loss': 0.8915, 'grad_norm': 2.8194565773010254, 'learning_rate': 9.999428580121808e-06, 'epoch': 0.03}
{'loss': 1.0556, 'grad_norm': 2.783609628677368, 'learning_rate': 9.99942700707654e-06, 'epoch': 0.03}
{'loss': 0.8931, 'grad_norm': 2.8046820163726807, 'learning_rate': 9.999425431869177e-06, 'epoch': 0.03}
{'loss': 0.9206, 'grad_norm': 2.5541207790374756, 'learning_rate': 9.999423854499716e-06, 'epoch': 0.03}
{'loss': 0.9902, 'grad_norm': 3.1526010036468506, 'learning_rate': 9.999422274968162e-06, 'epoch': 0.03}
{'loss': 0.7884, 'grad_norm': 2.4410085678100586, 'learning_rate': 9.999420693274511e-06, 'epoch': 0.03}
{'loss': 0.9645, 'grad_norm': 2.965568780899048, 'learning_rate': 9.99941910941877e-06, 'epoch': 0.03}
{'loss': 0.8824, 'grad_norm': 2.603825569152832, 'learning_rate': 9.999417523400934e-06, 'epoch': 0.03}
{'loss': 0.9278, 'grad_norm': 2.8189611434936523, 'learning_rate': 9.999415935221006e-06, 'epoch': 0.03}
{'loss': 1.0889, 'grad_norm': 2.630174398422241, 'learning_rate': 9.999414344878988e-06, 'epoch': 0.03}
{'loss': 0.9877, 'grad_norm': 2.7404024600982666, 'learning_rate': 9.999412752374878e-06, 'epoch': 0.03}
{'loss': 0.7683, 'grad_norm': 2.6924617290496826, 'learning_rate': 9.999411157708678e-06, 'epoch': 0.03}
{'loss': 0.9507, 'grad_norm': 2.659973621368408, 'learning_rate': 9.99940956088039e-06, 'epoch': 0.03}
{'loss': 1.1796, 'grad_norm': 2.7313575744628906, 'learning_rate': 9.999407961890012e-06, 'epoch': 0.03}
{'loss': 0.9556, 'grad_norm': 2.690079927444458, 'learning_rate': 9.999406360737547e-06, 'epoch': 0.03}
{'loss': 0.8663, 'grad_norm': 2.5695998668670654, 'learning_rate': 9.999404757422993e-06, 'epoch': 0.03}
{'loss': 1.0459, 'grad_norm': 2.73824143409729, 'learning_rate': 9.999403151946355e-06, 'epoch': 0.03}
{'loss': 1.0173, 'grad_norm': 2.82236647605896, 'learning_rate': 9.999401544307628e-06, 'epoch': 0.03}
{'loss': 1.0243, 'grad_norm': 2.905027151107788, 'learning_rate': 9.999399934506817e-06, 'epoch': 0.03}
{'loss': 1.009, 'grad_norm': 2.9029901027679443, 'learning_rate': 9.999398322543923e-06, 'epoch': 0.03}
{'loss': 0.8998, 'grad_norm': 2.7775118350982666, 'learning_rate': 9.999396708418943e-06, 'epoch': 0.03}
{'loss': 1.0088, 'grad_norm': 2.6488819122314453, 'learning_rate': 9.999395092131881e-06, 'epoch': 0.03}
{'loss': 0.9297, 'grad_norm': 2.9505903720855713, 'learning_rate': 9.999393473682737e-06, 'epoch': 0.03}
{'loss': 1.0571, 'grad_norm': 2.7721219062805176, 'learning_rate': 9.99939185307151e-06, 'epoch': 0.03}
{'loss': 0.8522, 'grad_norm': 2.511201858520508, 'learning_rate': 9.999390230298203e-06, 'epoch': 0.03}
{'loss': 0.9247, 'grad_norm': 2.704458236694336, 'learning_rate': 9.999388605362816e-06, 'epoch': 0.03}
{'loss': 0.9529, 'grad_norm': 2.693216323852539, 'learning_rate': 9.999386978265349e-06, 'epoch': 0.03}
{'loss': 0.95, 'grad_norm': 2.863924980163574, 'learning_rate': 9.999385349005801e-06, 'epoch': 0.03}
{'loss': 0.849, 'grad_norm': 2.5159080028533936, 'learning_rate': 9.999383717584176e-06, 'epoch': 0.03}
{'loss': 0.7604, 'grad_norm': 2.3347485065460205, 'learning_rate': 9.999382084000474e-06, 'epoch': 0.03}
{'loss': 1.0847, 'grad_norm': 2.8959403038024902, 'learning_rate': 9.999380448254696e-06, 'epoch': 0.03}
{'loss': 0.9844, 'grad_norm': 2.414316415786743, 'learning_rate': 9.999378810346842e-06, 'epoch': 0.03}
{'loss': 0.8827, 'grad_norm': 2.8286118507385254, 'learning_rate': 9.999377170276912e-06, 'epoch': 0.03}
{'loss': 1.0868, 'grad_norm': 2.6028809547424316, 'learning_rate': 9.999375528044908e-06, 'epoch': 0.03}
{'loss': 0.9721, 'grad_norm': 2.797682523727417, 'learning_rate': 9.999373883650828e-06, 'epoch': 0.03}
{'loss': 0.8527, 'grad_norm': 2.7159788608551025, 'learning_rate': 9.999372237094676e-06, 'epoch': 0.03}
{'loss': 0.868, 'grad_norm': 2.842621326446533, 'learning_rate': 9.999370588376452e-06, 'epoch': 0.03}
{'loss': 0.9734, 'grad_norm': 3.172114849090576, 'learning_rate': 9.999368937496156e-06, 'epoch': 0.03}
{'loss': 0.8897, 'grad_norm': 2.5493900775909424, 'learning_rate': 9.999367284453787e-06, 'epoch': 0.03}
{'loss': 0.9822, 'grad_norm': 2.784040689468384, 'learning_rate': 9.99936562924935e-06, 'epoch': 0.03}
{'loss': 0.8971, 'grad_norm': 2.559922456741333, 'learning_rate': 9.999363971882842e-06, 'epoch': 0.03}
{'loss': 0.7956, 'grad_norm': 2.693281888961792, 'learning_rate': 9.999362312354266e-06, 'epoch': 0.03}
{'loss': 1.0009, 'grad_norm': 2.635326862335205, 'learning_rate': 9.99936065066362e-06, 'epoch': 0.03}
{'loss': 1.086, 'grad_norm': 2.7727668285369873, 'learning_rate': 9.999358986810908e-06, 'epoch': 0.03}
{'loss': 0.8689, 'grad_norm': 2.5298962593078613, 'learning_rate': 9.999357320796131e-06, 'epoch': 0.03}
{'loss': 0.8466, 'grad_norm': 2.5916244983673096, 'learning_rate': 9.999355652619285e-06, 'epoch': 0.03}
{'loss': 1.0453, 'grad_norm': 3.0488247871398926, 'learning_rate': 9.999353982280373e-06, 'epoch': 0.03}
{'loss': 1.1335, 'grad_norm': 3.062070369720459, 'learning_rate': 9.999352309779398e-06, 'epoch': 0.03}
{'loss': 0.8252, 'grad_norm': 2.458761215209961, 'learning_rate': 9.999350635116359e-06, 'epoch': 0.03}
{'loss': 0.7325, 'grad_norm': 2.0993752479553223, 'learning_rate': 9.999348958291257e-06, 'epoch': 0.03}
{'loss': 0.7471, 'grad_norm': 2.197521924972534, 'learning_rate': 9.999347279304093e-06, 'epoch': 0.03}
{'loss': 0.9265, 'grad_norm': 2.746748447418213, 'learning_rate': 9.999345598154866e-06, 'epoch': 0.04}
{'loss': 1.0951, 'grad_norm': 2.9638848304748535, 'learning_rate': 9.999343914843578e-06, 'epoch': 0.04}
{'loss': 0.9088, 'grad_norm': 2.6075563430786133, 'learning_rate': 9.99934222937023e-06, 'epoch': 0.04}
{'loss': 1.0051, 'grad_norm': 3.01000714302063, 'learning_rate': 9.999340541734823e-06, 'epoch': 0.04}
{'loss': 0.8613, 'grad_norm': 3.2586305141448975, 'learning_rate': 9.999338851937358e-06, 'epoch': 0.04}
{'loss': 0.8678, 'grad_norm': 2.7236881256103516, 'learning_rate': 9.999337159977833e-06, 'epoch': 0.04}
{'loss': 0.7102, 'grad_norm': 2.58077335357666, 'learning_rate': 9.99933546585625e-06, 'epoch': 0.04}
{'loss': 0.9991, 'grad_norm': 2.8207387924194336, 'learning_rate': 9.999333769572612e-06, 'epoch': 0.04}
{'loss': 0.8002, 'grad_norm': 2.427003860473633, 'learning_rate': 9.999332071126919e-06, 'epoch': 0.04}
{'loss': 0.7241, 'grad_norm': 2.2969448566436768, 'learning_rate': 9.999330370519168e-06, 'epoch': 0.04}
{'loss': 0.7633, 'grad_norm': 2.444119930267334, 'learning_rate': 9.999328667749365e-06, 'epoch': 0.04}
{'loss': 1.0035, 'grad_norm': 2.859055519104004, 'learning_rate': 9.999326962817508e-06, 'epoch': 0.04}
{'loss': 0.793, 'grad_norm': 2.28251314163208, 'learning_rate': 9.999325255723598e-06, 'epoch': 0.04}
{'loss': 0.9211, 'grad_norm': 2.758878469467163, 'learning_rate': 9.999323546467635e-06, 'epoch': 0.04}
{'loss': 0.8772, 'grad_norm': 2.6305739879608154, 'learning_rate': 9.99932183504962e-06, 'epoch': 0.04}
{'loss': 0.804, 'grad_norm': 2.510803461074829, 'learning_rate': 9.999320121469555e-06, 'epoch': 0.04}
{'loss': 0.9779, 'grad_norm': 2.6880345344543457, 'learning_rate': 9.99931840572744e-06, 'epoch': 0.04}
{'loss': 0.8634, 'grad_norm': 2.5411181449890137, 'learning_rate': 9.999316687823276e-06, 'epoch': 0.04}
{'loss': 1.0068, 'grad_norm': 3.057241439819336, 'learning_rate': 9.999314967757063e-06, 'epoch': 0.04}
{'loss': 0.9869, 'grad_norm': 2.6313936710357666, 'learning_rate': 9.999313245528803e-06, 'epoch': 0.04}
{'loss': 1.1172, 'grad_norm': 2.9662282466888428, 'learning_rate': 9.999311521138496e-06, 'epoch': 0.04}
{'loss': 1.0008, 'grad_norm': 2.8809783458709717, 'learning_rate': 9.999309794586142e-06, 'epoch': 0.04}
{'loss': 0.7044, 'grad_norm': 2.424341917037964, 'learning_rate': 9.999308065871743e-06, 'epoch': 0.04}
{'loss': 1.2092, 'grad_norm': 3.539707899093628, 'learning_rate': 9.999306334995297e-06, 'epoch': 0.04}
{'loss': 0.7347, 'grad_norm': 2.5515403747558594, 'learning_rate': 9.99930460195681e-06, 'epoch': 0.04}
{'loss': 0.9938, 'grad_norm': 2.596484661102295, 'learning_rate': 9.99930286675628e-06, 'epoch': 0.04}
{'loss': 0.9499, 'grad_norm': 2.646991729736328, 'learning_rate': 9.999301129393705e-06, 'epoch': 0.04}
{'loss': 0.9189, 'grad_norm': 2.6588308811187744, 'learning_rate': 9.99929938986909e-06, 'epoch': 0.04}
{'loss': 1.0533, 'grad_norm': 2.7808637619018555, 'learning_rate': 9.999297648182433e-06, 'epoch': 0.04}
{'loss': 0.9498, 'grad_norm': 2.9173288345336914, 'learning_rate': 9.999295904333736e-06, 'epoch': 0.04}
{'loss': 1.0423, 'grad_norm': 2.940786361694336, 'learning_rate': 9.999294158322999e-06, 'epoch': 0.04}
{'loss': 0.9336, 'grad_norm': 2.730464220046997, 'learning_rate': 9.999292410150223e-06, 'epoch': 0.04}
{'loss': 0.9792, 'grad_norm': 2.6288206577301025, 'learning_rate': 9.99929065981541e-06, 'epoch': 0.04}
{'loss': 0.8813, 'grad_norm': 2.608445644378662, 'learning_rate': 9.99928890731856e-06, 'epoch': 0.04}
{'loss': 0.7625, 'grad_norm': 2.436605930328369, 'learning_rate': 9.999287152659673e-06, 'epoch': 0.04}
{'loss': 0.9504, 'grad_norm': 2.682050943374634, 'learning_rate': 9.999285395838749e-06, 'epoch': 0.04}
{'loss': 0.7311, 'grad_norm': 2.2432730197906494, 'learning_rate': 9.999283636855792e-06, 'epoch': 0.04}
{'loss': 0.8329, 'grad_norm': 2.327781915664673, 'learning_rate': 9.9992818757108e-06, 'epoch': 0.04}
{'loss': 0.7757, 'grad_norm': 2.3246378898620605, 'learning_rate': 9.999280112403776e-06, 'epoch': 0.04}
{'loss': 0.8652, 'grad_norm': 2.6181187629699707, 'learning_rate': 9.999278346934716e-06, 'epoch': 0.04}
{'loss': 0.7406, 'grad_norm': 2.4136691093444824, 'learning_rate': 9.999276579303626e-06, 'epoch': 0.04}
{'loss': 0.9713, 'grad_norm': 2.578512668609619, 'learning_rate': 9.999274809510504e-06, 'epoch': 0.04}
{'loss': 0.9854, 'grad_norm': 2.7121963500976562, 'learning_rate': 9.999273037555353e-06, 'epoch': 0.04}
{'loss': 1.1657, 'grad_norm': 2.6274497509002686, 'learning_rate': 9.999271263438172e-06, 'epoch': 0.04}
{'loss': 0.8521, 'grad_norm': 2.5649807453155518, 'learning_rate': 9.999269487158963e-06, 'epoch': 0.04}
{'loss': 0.7041, 'grad_norm': 2.188807487487793, 'learning_rate': 9.999267708717724e-06, 'epoch': 0.04}
{'loss': 1.1843, 'grad_norm': 2.8326189517974854, 'learning_rate': 9.999265928114458e-06, 'epoch': 0.04}
{'loss': 1.1861, 'grad_norm': 3.5015294551849365, 'learning_rate': 9.999264145349166e-06, 'epoch': 0.04}
[00:36:20.569921] Error: Error reading OpenGVLab/stage2/OpenMMLab___Kinetics-400/raw/Kinetics-400/videos_train/ZGzRh-eG09Y.mp4...
[00:36:20.569988] Failed to read video file: OpenGVLab/stage2/OpenMMLab___Kinetics-400/raw/Kinetics-400/videos_train/ZGzRh-eG09Y.mp4
[00:36:20.570009] [Try #0] Failed to fetch sample 3801977. Exception: Error reading OpenGVLab/stage2/OpenMMLab___Kinetics-400/raw/Kinetics-400/videos_train/ZGzRh-eG09Y.mp4...
[00:36:21.571354] Error: Error reading OpenGVLab/stage2/OpenMMLab___Kinetics-400/raw/Kinetics-400/videos_train/ZGzRh-eG09Y.mp4...
[00:36:21.571404] Failed to read video file: OpenGVLab/stage2/OpenMMLab___Kinetics-400/raw/Kinetics-400/videos_train/ZGzRh-eG09Y.mp4
[00:36:21.571423] [Try #1] Failed to fetch sample 3801977. Exception: Error reading OpenGVLab/stage2/OpenMMLab___Kinetics-400/raw/Kinetics-400/videos_train/ZGzRh-eG09Y.mp4...
{'loss': 0.8753, 'grad_norm': 2.5309195518493652, 'learning_rate': 9.999262360421847e-06, 'epoch': 0.04}
{'loss': 0.9035, 'grad_norm': 2.7584283351898193, 'learning_rate': 9.999260573332504e-06, 'epoch': 0.04}
{'loss': 0.7627, 'grad_norm': 2.547525644302368, 'learning_rate': 9.999258784081138e-06, 'epoch': 0.04}
{'loss': 1.0216, 'grad_norm': 3.067197322845459, 'learning_rate': 9.999256992667747e-06, 'epoch': 0.04}
{'loss': 0.8337, 'grad_norm': 2.6584174633026123, 'learning_rate': 9.999255199092332e-06, 'epoch': 0.04}
{'loss': 0.8364, 'grad_norm': 2.3948893547058105, 'learning_rate': 9.999253403354898e-06, 'epoch': 0.04}
{'loss': 1.1335, 'grad_norm': 2.919266700744629, 'learning_rate': 9.999251605455441e-06, 'epoch': 0.04}
{'loss': 0.8601, 'grad_norm': 2.587916374206543, 'learning_rate': 9.999249805393964e-06, 'epoch': 0.04}
{'loss': 0.8491, 'grad_norm': 2.6188459396362305, 'learning_rate': 9.999248003170467e-06, 'epoch': 0.04}
{'loss': 0.8057, 'grad_norm': 2.3979990482330322, 'learning_rate': 9.999246198784953e-06, 'epoch': 0.04}
{'loss': 0.7416, 'grad_norm': 2.525679588317871, 'learning_rate': 9.99924439223742e-06, 'epoch': 0.04}
{'loss': 0.8975, 'grad_norm': 2.8409230709075928, 'learning_rate': 9.999242583527869e-06, 'epoch': 0.04}
{'loss': 1.0124, 'grad_norm': 2.617790937423706, 'learning_rate': 9.999240772656302e-06, 'epoch': 0.04}
{'loss': 0.9756, 'grad_norm': 2.8277714252471924, 'learning_rate': 9.99923895962272e-06, 'epoch': 0.04}
{'loss': 0.8264, 'grad_norm': 2.706108570098877, 'learning_rate': 9.999237144427122e-06, 'epoch': 0.04}
{'loss': 0.8122, 'grad_norm': 2.288693428039551, 'learning_rate': 9.999235327069509e-06, 'epoch': 0.04}
{'loss': 1.0582, 'grad_norm': 3.06412410736084, 'learning_rate': 9.999233507549887e-06, 'epoch': 0.04}
{'loss': 0.8854, 'grad_norm': 2.683607578277588, 'learning_rate': 9.999231685868246e-06, 'epoch': 0.04}
{'loss': 1.034, 'grad_norm': 2.79986572265625, 'learning_rate': 9.999229862024597e-06, 'epoch': 0.04}
{'loss': 1.1498, 'grad_norm': 2.724465847015381, 'learning_rate': 9.999228036018938e-06, 'epoch': 0.04}
{'loss': 0.8279, 'grad_norm': 2.640162706375122, 'learning_rate': 9.999226207851267e-06, 'epoch': 0.04}
{'loss': 0.9339, 'grad_norm': 2.574633836746216, 'learning_rate': 9.999224377521588e-06, 'epoch': 0.04}
{'loss': 0.9598, 'grad_norm': 2.6037001609802246, 'learning_rate': 9.999222545029898e-06, 'epoch': 0.04}
{'loss': 0.9023, 'grad_norm': 2.7460849285125732, 'learning_rate': 9.999220710376203e-06, 'epoch': 0.04}
{'loss': 0.7313, 'grad_norm': 2.8416826725006104, 'learning_rate': 9.9992188735605e-06, 'epoch': 0.04}
{'loss': 0.8906, 'grad_norm': 2.5877983570098877, 'learning_rate': 9.99921703458279e-06, 'epoch': 0.04}
{'loss': 0.8178, 'grad_norm': 2.719907283782959, 'learning_rate': 9.999215193443076e-06, 'epoch': 0.04}
{'loss': 0.9748, 'grad_norm': 2.6291537284851074, 'learning_rate': 9.999213350141357e-06, 'epoch': 0.04}
{'loss': 0.9308, 'grad_norm': 2.7973110675811768, 'learning_rate': 9.999211504677633e-06, 'epoch': 0.04}
{'loss': 0.786, 'grad_norm': 2.573620557785034, 'learning_rate': 9.999209657051908e-06, 'epoch': 0.04}
{'loss': 0.696, 'grad_norm': 2.107734441757202, 'learning_rate': 9.999207807264178e-06, 'epoch': 0.04}
{'loss': 0.9906, 'grad_norm': 2.7653863430023193, 'learning_rate': 9.999205955314449e-06, 'epoch': 0.04}
{'loss': 1.0863, 'grad_norm': 2.9716317653656006, 'learning_rate': 9.999204101202717e-06, 'epoch': 0.04}
{'loss': 0.7924, 'grad_norm': 2.3855862617492676, 'learning_rate': 9.999202244928987e-06, 'epoch': 0.04}
{'loss': 0.9353, 'grad_norm': 2.5807242393493652, 'learning_rate': 9.999200386493257e-06, 'epoch': 0.04}
{'loss': 0.8213, 'grad_norm': 2.557842493057251, 'learning_rate': 9.99919852589553e-06, 'epoch': 0.04}
{'loss': 1.0594, 'grad_norm': 2.648731231689453, 'learning_rate': 9.999196663135804e-06, 'epoch': 0.04}
{'loss': 1.0691, 'grad_norm': 3.204167604446411, 'learning_rate': 9.999194798214082e-06, 'epoch': 0.04}
{'loss': 1.0158, 'grad_norm': 2.739245891571045, 'learning_rate': 9.999192931130367e-06, 'epoch': 0.04}
{'loss': 0.8381, 'grad_norm': 2.4680750370025635, 'learning_rate': 9.999191061884653e-06, 'epoch': 0.04}
{'loss': 0.8648, 'grad_norm': 2.405959129333496, 'learning_rate': 9.999189190476946e-06, 'epoch': 0.04}
{'loss': 0.8476, 'grad_norm': 2.3055579662323, 'learning_rate': 9.999187316907247e-06, 'epoch': 0.04}
{'loss': 0.891, 'grad_norm': 2.56575083732605, 'learning_rate': 9.999185441175553e-06, 'epoch': 0.04}
{'loss': 1.1675, 'grad_norm': 2.867340087890625, 'learning_rate': 9.99918356328187e-06, 'epoch': 0.04}
{'loss': 0.9355, 'grad_norm': 2.526010513305664, 'learning_rate': 9.999181683226193e-06, 'epoch': 0.04}
{'loss': 1.0275, 'grad_norm': 2.650231122970581, 'learning_rate': 9.99917980100853e-06, 'epoch': 0.04}
{'loss': 0.844, 'grad_norm': 2.7669548988342285, 'learning_rate': 9.999177916628874e-06, 'epoch': 0.04}
{'loss': 0.8436, 'grad_norm': 2.4247543811798096, 'learning_rate': 9.99917603008723e-06, 'epoch': 0.04}
{'loss': 1.0001, 'grad_norm': 2.6121087074279785, 'learning_rate': 9.9991741413836e-06, 'epoch': 0.04}
{'loss': 0.883, 'grad_norm': 2.8941619396209717, 'learning_rate': 9.999172250517983e-06, 'epoch': 0.04}
{'loss': 0.7528, 'grad_norm': 2.5464251041412354, 'learning_rate': 9.999170357490378e-06, 'epoch': 0.04}
{'loss': 0.7478, 'grad_norm': 2.547107219696045, 'learning_rate': 9.999168462300789e-06, 'epoch': 0.04}
{'loss': 0.8318, 'grad_norm': 2.461941957473755, 'learning_rate': 9.999166564949217e-06, 'epoch': 0.04}
{'loss': 1.1277, 'grad_norm': 2.7546215057373047, 'learning_rate': 9.999164665435659e-06, 'epoch': 0.04}
{'loss': 0.8247, 'grad_norm': 2.5430686473846436, 'learning_rate': 9.999162763760119e-06, 'epoch': 0.04}
{'loss': 0.85, 'grad_norm': 2.42808198928833, 'learning_rate': 9.999160859922596e-06, 'epoch': 0.04}
{'loss': 0.8074, 'grad_norm': 2.6035237312316895, 'learning_rate': 9.999158953923094e-06, 'epoch': 0.04}
{'loss': 0.7507, 'grad_norm': 2.7733254432678223, 'learning_rate': 9.999157045761612e-06, 'epoch': 0.04}
{'loss': 0.9494, 'grad_norm': 2.9641273021698, 'learning_rate': 9.999155135438148e-06, 'epoch': 0.04}
{'loss': 0.8857, 'grad_norm': 2.622978925704956, 'learning_rate': 9.999153222952706e-06, 'epoch': 0.04}
{'loss': 0.9898, 'grad_norm': 2.698357343673706, 'learning_rate': 9.999151308305288e-06, 'epoch': 0.04}
{'loss': 0.9516, 'grad_norm': 2.649282217025757, 'learning_rate': 9.999149391495892e-06, 'epoch': 0.04}
{'loss': 0.8869, 'grad_norm': 2.635533571243286, 'learning_rate': 9.99914747252452e-06, 'epoch': 0.04}
{'loss': 0.756, 'grad_norm': 2.6203598976135254, 'learning_rate': 9.999145551391171e-06, 'epoch': 0.04}
{'loss': 1.1533, 'grad_norm': 2.5713980197906494, 'learning_rate': 9.999143628095849e-06, 'epoch': 0.04}
{'loss': 0.8655, 'grad_norm': 2.733402729034424, 'learning_rate': 9.999141702638552e-06, 'epoch': 0.04}
{'loss': 0.9527, 'grad_norm': 2.648909330368042, 'learning_rate': 9.999139775019286e-06, 'epoch': 0.04}
{'loss': 1.0697, 'grad_norm': 3.0133566856384277, 'learning_rate': 9.999137845238046e-06, 'epoch': 0.04}
{'loss': 1.0383, 'grad_norm': 2.995471477508545, 'learning_rate': 9.999135913294833e-06, 'epoch': 0.04}
{'loss': 0.7827, 'grad_norm': 2.4280128479003906, 'learning_rate': 9.999133979189651e-06, 'epoch': 0.04}
{'loss': 0.9641, 'grad_norm': 2.5968146324157715, 'learning_rate': 9.9991320429225e-06, 'epoch': 0.04}
{'loss': 1.0215, 'grad_norm': 2.8061208724975586, 'learning_rate': 9.999130104493379e-06, 'epoch': 0.04}
{'loss': 1.0274, 'grad_norm': 2.761706590652466, 'learning_rate': 9.99912816390229e-06, 'epoch': 0.04}
{'loss': 0.9374, 'grad_norm': 2.7403790950775146, 'learning_rate': 9.999126221149235e-06, 'epoch': 0.04}
{'loss': 0.8502, 'grad_norm': 2.574162006378174, 'learning_rate': 9.999124276234213e-06, 'epoch': 0.04}
{'loss': 0.94, 'grad_norm': 2.8001954555511475, 'learning_rate': 9.999122329157228e-06, 'epoch': 0.04}
{'loss': 0.9793, 'grad_norm': 2.576462507247925, 'learning_rate': 9.999120379918277e-06, 'epoch': 0.04}
{'loss': 0.8874, 'grad_norm': 2.4024250507354736, 'learning_rate': 9.999118428517363e-06, 'epoch': 0.04}
{'loss': 0.8067, 'grad_norm': 2.38804030418396, 'learning_rate': 9.999116474954485e-06, 'epoch': 0.04}
{'loss': 0.9486, 'grad_norm': 2.7321486473083496, 'learning_rate': 9.999114519229645e-06, 'epoch': 0.04}
{'loss': 1.1871, 'grad_norm': 2.847362995147705, 'learning_rate': 9.999112561342846e-06, 'epoch': 0.04}
{'loss': 1.0797, 'grad_norm': 2.757927894592285, 'learning_rate': 9.999110601294084e-06, 'epoch': 0.04}
{'loss': 0.8633, 'grad_norm': 5.962427139282227, 'learning_rate': 9.999108639083364e-06, 'epoch': 0.04}
{'loss': 0.9602, 'grad_norm': 2.688265323638916, 'learning_rate': 9.999106674710686e-06, 'epoch': 0.04}
{'loss': 0.8621, 'grad_norm': 2.4416372776031494, 'learning_rate': 9.999104708176048e-06, 'epoch': 0.04}
{'loss': 0.8059, 'grad_norm': 2.8634681701660156, 'learning_rate': 9.999102739479456e-06, 'epoch': 0.04}
{'loss': 0.8031, 'grad_norm': 2.5320873260498047, 'learning_rate': 9.999100768620906e-06, 'epoch': 0.04}
{'loss': 0.8813, 'grad_norm': 2.605224847793579, 'learning_rate': 9.999098795600402e-06, 'epoch': 0.04}
{'loss': 1.0152, 'grad_norm': 2.6095287799835205, 'learning_rate': 9.999096820417943e-06, 'epoch': 0.04}
{'loss': 0.8756, 'grad_norm': 2.708369016647339, 'learning_rate': 9.999094843073533e-06, 'epoch': 0.04}
{'loss': 0.9379, 'grad_norm': 2.74839186668396, 'learning_rate': 9.999092863567168e-06, 'epoch': 0.04}
{'loss': 0.6879, 'grad_norm': 2.4067676067352295, 'learning_rate': 9.999090881898853e-06, 'epoch': 0.04}
{'loss': 0.8568, 'grad_norm': 2.9667325019836426, 'learning_rate': 9.999088898068586e-06, 'epoch': 0.04}
{'loss': 0.9154, 'grad_norm': 2.7673046588897705, 'learning_rate': 9.999086912076367e-06, 'epoch': 0.04}
{'loss': 0.7342, 'grad_norm': 2.6990959644317627, 'learning_rate': 9.9990849239222e-06, 'epoch': 0.04}
{'loss': 0.9583, 'grad_norm': 2.708739757537842, 'learning_rate': 9.999082933606087e-06, 'epoch': 0.04}
{'loss': 0.8976, 'grad_norm': 2.701235771179199, 'learning_rate': 9.999080941128026e-06, 'epoch': 0.04}
{'loss': 1.137, 'grad_norm': 2.8790345191955566, 'learning_rate': 9.999078946488017e-06, 'epoch': 0.04}
{'loss': 0.8276, 'grad_norm': 2.7062692642211914, 'learning_rate': 9.999076949686063e-06, 'epoch': 0.04}
{'loss': 0.9915, 'grad_norm': 2.820202112197876, 'learning_rate': 9.999074950722163e-06, 'epoch': 0.04}
{'loss': 0.9178, 'grad_norm': 2.721470355987549, 'learning_rate': 9.99907294959632e-06, 'epoch': 0.04}
{'loss': 0.8377, 'grad_norm': 2.584272861480713, 'learning_rate': 9.999070946308533e-06, 'epoch': 0.04}
{'loss': 0.7868, 'grad_norm': 2.4881985187530518, 'learning_rate': 9.999068940858805e-06, 'epoch': 0.04}
{'loss': 0.8838, 'grad_norm': 2.586273193359375, 'learning_rate': 9.999066933247136e-06, 'epoch': 0.04}
{'loss': 1.1092, 'grad_norm': 2.630169153213501, 'learning_rate': 9.999064923473524e-06, 'epoch': 0.04}
{'loss': 0.7092, 'grad_norm': 2.3548076152801514, 'learning_rate': 9.999062911537976e-06, 'epoch': 0.04}
{'loss': 0.8568, 'grad_norm': 2.7703330516815186, 'learning_rate': 9.999060897440487e-06, 'epoch': 0.04}
{'loss': 0.9959, 'grad_norm': 2.699756383895874, 'learning_rate': 9.99905888118106e-06, 'epoch': 0.04}
{'loss': 0.9065, 'grad_norm': 2.51877498626709, 'learning_rate': 9.999056862759698e-06, 'epoch': 0.04}
{'loss': 0.883, 'grad_norm': 2.6147043704986572, 'learning_rate': 9.999054842176397e-06, 'epoch': 0.04}
{'loss': 0.9175, 'grad_norm': 2.7017579078674316, 'learning_rate': 9.999052819431163e-06, 'epoch': 0.04}
{'loss': 0.9845, 'grad_norm': 2.838357925415039, 'learning_rate': 9.999050794523993e-06, 'epoch': 0.04}
{'loss': 0.7739, 'grad_norm': 2.393059492111206, 'learning_rate': 9.999048767454891e-06, 'epoch': 0.04}
{'loss': 1.0417, 'grad_norm': 2.825824737548828, 'learning_rate': 9.999046738223855e-06, 'epoch': 0.04}
{'loss': 1.0438, 'grad_norm': 2.830595016479492, 'learning_rate': 9.999044706830887e-06, 'epoch': 0.04}
{'loss': 0.7536, 'grad_norm': 2.3914706707000732, 'learning_rate': 9.99904267327599e-06, 'epoch': 0.04}
{'loss': 0.8275, 'grad_norm': 2.6156582832336426, 'learning_rate': 9.999040637559161e-06, 'epoch': 0.04}
{'loss': 1.1865, 'grad_norm': 2.9387826919555664, 'learning_rate': 9.999038599680403e-06, 'epoch': 0.04}
{'loss': 1.0092, 'grad_norm': 2.673739194869995, 'learning_rate': 9.999036559639719e-06, 'epoch': 0.04}
{'loss': 1.1079, 'grad_norm': 2.3761513233184814, 'learning_rate': 9.999034517437105e-06, 'epoch': 0.04}
{'loss': 0.6853, 'grad_norm': 2.2363533973693848, 'learning_rate': 9.999032473072566e-06, 'epoch': 0.04}
{'loss': 0.9942, 'grad_norm': 2.691159248352051, 'learning_rate': 9.999030426546101e-06, 'epoch': 0.04}
{'loss': 0.9622, 'grad_norm': 2.8137078285217285, 'learning_rate': 9.999028377857712e-06, 'epoch': 0.04}
{'loss': 1.0133, 'grad_norm': 2.734058380126953, 'learning_rate': 9.999026327007398e-06, 'epoch': 0.04}
{'loss': 0.9345, 'grad_norm': 2.622856378555298, 'learning_rate': 9.999024273995161e-06, 'epoch': 0.04}
{'loss': 0.879, 'grad_norm': 2.746640205383301, 'learning_rate': 9.999022218821001e-06, 'epoch': 0.04}
{'loss': 0.8076, 'grad_norm': 2.502990245819092, 'learning_rate': 9.999020161484922e-06, 'epoch': 0.04}
{'loss': 1.0342, 'grad_norm': 2.6253371238708496, 'learning_rate': 9.999018101986924e-06, 'epoch': 0.04}
{'loss': 1.015, 'grad_norm': 3.0075247287750244, 'learning_rate': 9.999016040327004e-06, 'epoch': 0.04}
{'loss': 0.9491, 'grad_norm': 2.7205355167388916, 'learning_rate': 9.999013976505165e-06, 'epoch': 0.04}
{'loss': 0.7419, 'grad_norm': 2.4473772048950195, 'learning_rate': 9.99901191052141e-06, 'epoch': 0.04}
{'loss': 0.721, 'grad_norm': 2.4933509826660156, 'learning_rate': 9.999009842375738e-06, 'epoch': 0.04}
{'loss': 1.2479, 'grad_norm': 2.8902347087860107, 'learning_rate': 9.99900777206815e-06, 'epoch': 0.04}
{'loss': 0.8119, 'grad_norm': 2.392714023590088, 'learning_rate': 9.999005699598647e-06, 'epoch': 0.04}
{'loss': 0.8382, 'grad_norm': 2.3727540969848633, 'learning_rate': 9.99900362496723e-06, 'epoch': 0.04}
{'loss': 0.7726, 'grad_norm': 2.5038747787475586, 'learning_rate': 9.9990015481739e-06, 'epoch': 0.04}
{'loss': 0.8444, 'grad_norm': 2.8037750720977783, 'learning_rate': 9.998999469218657e-06, 'epoch': 0.04}
{'loss': 0.9497, 'grad_norm': 2.7712786197662354, 'learning_rate': 9.998997388101503e-06, 'epoch': 0.04}
{'loss': 0.9761, 'grad_norm': 2.622720241546631, 'learning_rate': 9.998995304822441e-06, 'epoch': 0.04}
{'loss': 1.187, 'grad_norm': 2.9056029319763184, 'learning_rate': 9.998993219381467e-06, 'epoch': 0.04}
{'loss': 0.7248, 'grad_norm': 2.4577455520629883, 'learning_rate': 9.998991131778583e-06, 'epoch': 0.04}
{'loss': 0.8527, 'grad_norm': 2.701915979385376, 'learning_rate': 9.998989042013795e-06, 'epoch': 0.04}
{'loss': 0.9435, 'grad_norm': 2.573140859603882, 'learning_rate': 9.998986950087098e-06, 'epoch': 0.04}
{'loss': 0.8692, 'grad_norm': 2.518036365509033, 'learning_rate': 9.998984855998494e-06, 'epoch': 0.04}
{'loss': 1.118, 'grad_norm': 2.5652477741241455, 'learning_rate': 9.998982759747989e-06, 'epoch': 0.04}
{'loss': 0.9221, 'grad_norm': 2.6458845138549805, 'learning_rate': 9.998980661335575e-06, 'epoch': 0.04}
{'loss': 0.833, 'grad_norm': 2.5868942737579346, 'learning_rate': 9.998978560761261e-06, 'epoch': 0.04}
{'loss': 0.9789, 'grad_norm': 2.736661911010742, 'learning_rate': 9.998976458025044e-06, 'epoch': 0.04}
{'loss': 1.0904, 'grad_norm': 2.4731242656707764, 'learning_rate': 9.998974353126925e-06, 'epoch': 0.04}
{'loss': 0.6796, 'grad_norm': 2.286979913711548, 'learning_rate': 9.998972246066907e-06, 'epoch': 0.04}
{'loss': 1.0967, 'grad_norm': 2.6621689796447754, 'learning_rate': 9.998970136844988e-06, 'epoch': 0.04}
{'loss': 0.8184, 'grad_norm': 2.5645337104797363, 'learning_rate': 9.998968025461171e-06, 'epoch': 0.04}
{'loss': 0.953, 'grad_norm': 2.5440359115600586, 'learning_rate': 9.998965911915455e-06, 'epoch': 0.04}
{'loss': 0.7833, 'grad_norm': 2.7364273071289062, 'learning_rate': 9.998963796207844e-06, 'epoch': 0.04}
{'loss': 0.8628, 'grad_norm': 2.747142791748047, 'learning_rate': 9.998961678338335e-06, 'epoch': 0.04}
{'loss': 1.0569, 'grad_norm': 2.8729968070983887, 'learning_rate': 9.998959558306934e-06, 'epoch': 0.04}
{'loss': 0.6684, 'grad_norm': 2.0401244163513184, 'learning_rate': 9.998957436113637e-06, 'epoch': 0.04}
{'loss': 0.9222, 'grad_norm': 2.496654748916626, 'learning_rate': 9.998955311758447e-06, 'epoch': 0.04}
{'loss': 1.3315, 'grad_norm': 3.012617826461792, 'learning_rate': 9.998953185241364e-06, 'epoch': 0.04}
{'loss': 0.8874, 'grad_norm': 2.6351211071014404, 'learning_rate': 9.998951056562392e-06, 'epoch': 0.04}
{'loss': 1.013, 'grad_norm': 2.933748722076416, 'learning_rate': 9.998948925721529e-06, 'epoch': 0.04}
{'loss': 0.9527, 'grad_norm': 3.2029614448547363, 'learning_rate': 9.998946792718773e-06, 'epoch': 0.04}
{'loss': 0.7546, 'grad_norm': 2.524252414703369, 'learning_rate': 9.998944657554132e-06, 'epoch': 0.04}
{'loss': 0.9888, 'grad_norm': 2.706714630126953, 'learning_rate': 9.998942520227602e-06, 'epoch': 0.04}
{'loss': 1.1694, 'grad_norm': 2.944725513458252, 'learning_rate': 9.998940380739187e-06, 'epoch': 0.04}
{'loss': 0.9107, 'grad_norm': 2.6274795532226562, 'learning_rate': 9.998938239088884e-06, 'epoch': 0.04}
{'loss': 0.8181, 'grad_norm': 2.600672721862793, 'learning_rate': 9.998936095276697e-06, 'epoch': 0.04}
{'loss': 1.0873, 'grad_norm': 2.87005352973938, 'learning_rate': 9.998933949302627e-06, 'epoch': 0.04}
{'loss': 0.9379, 'grad_norm': 2.370087146759033, 'learning_rate': 9.998931801166674e-06, 'epoch': 0.04}
{'loss': 0.9578, 'grad_norm': 2.4535672664642334, 'learning_rate': 9.998929650868839e-06, 'epoch': 0.04}
{'loss': 0.9455, 'grad_norm': 2.6244308948516846, 'learning_rate': 9.998927498409122e-06, 'epoch': 0.04}
{'loss': 0.816, 'grad_norm': 2.589766025543213, 'learning_rate': 9.998925343787524e-06, 'epoch': 0.04}
{'loss': 1.0283, 'grad_norm': 3.0449326038360596, 'learning_rate': 9.998923187004048e-06, 'epoch': 0.04}
{'loss': 0.6668, 'grad_norm': 2.382540225982666, 'learning_rate': 9.998921028058692e-06, 'epoch': 0.04}
{'loss': 0.9589, 'grad_norm': 2.7553579807281494, 'learning_rate': 9.998918866951462e-06, 'epoch': 0.04}
{'loss': 0.8512, 'grad_norm': 2.662018060684204, 'learning_rate': 9.998916703682352e-06, 'epoch': 0.04}
{'loss': 0.9417, 'grad_norm': 2.6671669483184814, 'learning_rate': 9.998914538251367e-06, 'epoch': 0.04}
{'loss': 0.9518, 'grad_norm': 2.701525926589966, 'learning_rate': 9.998912370658509e-06, 'epoch': 0.04}
{'loss': 1.023, 'grad_norm': 2.7459065914154053, 'learning_rate': 9.998910200903778e-06, 'epoch': 0.04}
{'loss': 0.9454, 'grad_norm': 2.756774663925171, 'learning_rate': 9.998908028987172e-06, 'epoch': 0.04}
{'loss': 0.8729, 'grad_norm': 2.776319980621338, 'learning_rate': 9.998905854908696e-06, 'epoch': 0.04}
{'loss': 0.9736, 'grad_norm': 2.8338725566864014, 'learning_rate': 9.998903678668347e-06, 'epoch': 0.04}
{'loss': 0.7125, 'grad_norm': 2.3129405975341797, 'learning_rate': 9.99890150026613e-06, 'epoch': 0.04}
{'loss': 0.8517, 'grad_norm': 2.5726447105407715, 'learning_rate': 9.998899319702043e-06, 'epoch': 0.04}
{'loss': 0.7683, 'grad_norm': 2.4090449810028076, 'learning_rate': 9.998897136976088e-06, 'epoch': 0.04}
{'loss': 1.1213, 'grad_norm': 2.782681941986084, 'learning_rate': 9.998894952088267e-06, 'epoch': 0.04}
{'loss': 0.7769, 'grad_norm': 2.587825059890747, 'learning_rate': 9.998892765038579e-06, 'epoch': 0.04}
{'loss': 1.0263, 'grad_norm': 3.1444530487060547, 'learning_rate': 9.998890575827027e-06, 'epoch': 0.04}
{'loss': 0.8253, 'grad_norm': 2.8452017307281494, 'learning_rate': 9.998888384453608e-06, 'epoch': 0.04}
{'loss': 0.9387, 'grad_norm': 2.473919153213501, 'learning_rate': 9.99888619091833e-06, 'epoch': 0.04}
{'loss': 0.8572, 'grad_norm': 2.6887848377227783, 'learning_rate': 9.998883995221187e-06, 'epoch': 0.04}
{'loss': 0.9979, 'grad_norm': 2.8993301391601562, 'learning_rate': 9.998881797362183e-06, 'epoch': 0.04}
{'loss': 1.191, 'grad_norm': 3.062697649002075, 'learning_rate': 9.998879597341318e-06, 'epoch': 0.04}
{'loss': 0.7641, 'grad_norm': 2.904207944869995, 'learning_rate': 9.998877395158592e-06, 'epoch': 0.04}
{'loss': 0.9966, 'grad_norm': 2.9052345752716064, 'learning_rate': 9.99887519081401e-06, 'epoch': 0.04}
{'loss': 0.8411, 'grad_norm': 2.784708023071289, 'learning_rate': 9.99887298430757e-06, 'epoch': 0.04}
{'loss': 1.0357, 'grad_norm': 2.6909847259521484, 'learning_rate': 9.998870775639274e-06, 'epoch': 0.04}
{'loss': 0.9968, 'grad_norm': 2.993558883666992, 'learning_rate': 9.99886856480912e-06, 'epoch': 0.04}
{'loss': 0.854, 'grad_norm': 2.860217809677124, 'learning_rate': 9.998866351817114e-06, 'epoch': 0.04}
{'loss': 1.0945, 'grad_norm': 2.7809057235717773, 'learning_rate': 9.998864136663254e-06, 'epoch': 0.04}
{'loss': 0.9047, 'grad_norm': 2.6597909927368164, 'learning_rate': 9.99886191934754e-06, 'epoch': 0.04}
{'loss': 1.0455, 'grad_norm': 2.6055755615234375, 'learning_rate': 9.998859699869975e-06, 'epoch': 0.04}
{'loss': 0.7832, 'grad_norm': 2.486934185028076, 'learning_rate': 9.998857478230558e-06, 'epoch': 0.04}
{'loss': 1.0757, 'grad_norm': 2.9232821464538574, 'learning_rate': 9.998855254429292e-06, 'epoch': 0.04}
{'loss': 0.9648, 'grad_norm': 2.623605489730835, 'learning_rate': 9.998853028466175e-06, 'epoch': 0.04}
{'loss': 0.8754, 'grad_norm': 2.8685755729675293, 'learning_rate': 9.998850800341211e-06, 'epoch': 0.04}
{'loss': 1.1305, 'grad_norm': 2.964773416519165, 'learning_rate': 9.998848570054403e-06, 'epoch': 0.04}
{'loss': 1.1305, 'grad_norm': 2.7994484901428223, 'learning_rate': 9.998846337605746e-06, 'epoch': 0.04}
{'loss': 1.0376, 'grad_norm': 2.8300209045410156, 'learning_rate': 9.998844102995244e-06, 'epoch': 0.04}
{'loss': 1.0293, 'grad_norm': 2.8079254627227783, 'learning_rate': 9.998841866222897e-06, 'epoch': 0.04}
{'loss': 1.0747, 'grad_norm': 2.8187246322631836, 'learning_rate': 9.99883962728871e-06, 'epoch': 0.04}
{'loss': 0.8679, 'grad_norm': 2.785902261734009, 'learning_rate': 9.998837386192678e-06, 'epoch': 0.04}
{'loss': 0.9405, 'grad_norm': 2.627368688583374, 'learning_rate': 9.998835142934806e-06, 'epoch': 0.04}
{'loss': 0.9638, 'grad_norm': 2.778954267501831, 'learning_rate': 9.998832897515094e-06, 'epoch': 0.04}
{'loss': 0.9688, 'grad_norm': 2.8892107009887695, 'learning_rate': 9.998830649933543e-06, 'epoch': 0.04}
{'loss': 0.7067, 'grad_norm': 2.5252199172973633, 'learning_rate': 9.99882840019015e-06, 'epoch': 0.04}
{'loss': 1.1589, 'grad_norm': 2.691035509109497, 'learning_rate': 9.998826148284924e-06, 'epoch': 0.04}
{'loss': 1.1984, 'grad_norm': 2.76155686378479, 'learning_rate': 9.998823894217859e-06, 'epoch': 0.04}
{'loss': 1.005, 'grad_norm': 2.944857597351074, 'learning_rate': 9.99882163798896e-06, 'epoch': 0.04}
{'loss': 1.0021, 'grad_norm': 2.411311388015747, 'learning_rate': 9.998819379598227e-06, 'epoch': 0.04}
{'loss': 0.875, 'grad_norm': 2.7067816257476807, 'learning_rate': 9.998817119045659e-06, 'epoch': 0.04}
{'loss': 1.0971, 'grad_norm': 3.0835983753204346, 'learning_rate': 9.99881485633126e-06, 'epoch': 0.04}
{'loss': 0.8475, 'grad_norm': 2.432626247406006, 'learning_rate': 9.998812591455029e-06, 'epoch': 0.04}
{'loss': 0.9368, 'grad_norm': 2.6973562240600586, 'learning_rate': 9.998810324416967e-06, 'epoch': 0.04}
{'loss': 1.0481, 'grad_norm': 2.7860512733459473, 'learning_rate': 9.998808055217077e-06, 'epoch': 0.04}
{'loss': 0.9375, 'grad_norm': 2.8069889545440674, 'learning_rate': 9.998805783855357e-06, 'epoch': 0.04}
{'loss': 0.9408, 'grad_norm': 2.7584986686706543, 'learning_rate': 9.99880351033181e-06, 'epoch': 0.04}
{'loss': 0.9105, 'grad_norm': 2.6574885845184326, 'learning_rate': 9.998801234646435e-06, 'epoch': 0.04}
{'loss': 0.8678, 'grad_norm': 2.5894155502319336, 'learning_rate': 9.998798956799236e-06, 'epoch': 0.04}
{'loss': 0.7977, 'grad_norm': 2.635423183441162, 'learning_rate': 9.998796676790212e-06, 'epoch': 0.04}
{'loss': 0.7783, 'grad_norm': 2.6587066650390625, 'learning_rate': 9.998794394619364e-06, 'epoch': 0.04}
{'loss': 1.187, 'grad_norm': 2.7618749141693115, 'learning_rate': 9.998792110286695e-06, 'epoch': 0.04}
{'loss': 0.8534, 'grad_norm': 2.4651858806610107, 'learning_rate': 9.998789823792203e-06, 'epoch': 0.04}
{'loss': 0.8439, 'grad_norm': 2.604390859603882, 'learning_rate': 9.99878753513589e-06, 'epoch': 0.04}
{'loss': 0.9428, 'grad_norm': 2.735123872756958, 'learning_rate': 9.998785244317757e-06, 'epoch': 0.04}
{'loss': 0.8643, 'grad_norm': 2.500135660171509, 'learning_rate': 9.998782951337806e-06, 'epoch': 0.04}
{'loss': 0.9429, 'grad_norm': 2.566960334777832, 'learning_rate': 9.998780656196038e-06, 'epoch': 0.04}
{'loss': 0.7942, 'grad_norm': 2.0824882984161377, 'learning_rate': 9.998778358892452e-06, 'epoch': 0.04}
{'loss': 0.6245, 'grad_norm': 1.9489014148712158, 'learning_rate': 9.998776059427052e-06, 'epoch': 0.04}
{'loss': 0.8731, 'grad_norm': 3.02476167678833, 'learning_rate': 9.998773757799835e-06, 'epoch': 0.04}
{'loss': 0.962, 'grad_norm': 2.7926669120788574, 'learning_rate': 9.998771454010805e-06, 'epoch': 0.04}
{'loss': 0.8565, 'grad_norm': 2.456669569015503, 'learning_rate': 9.998769148059963e-06, 'epoch': 0.04}
{'loss': 0.9591, 'grad_norm': 2.8480546474456787, 'learning_rate': 9.998766839947308e-06, 'epoch': 0.04}
{'loss': 1.0892, 'grad_norm': 2.8524324893951416, 'learning_rate': 9.998764529672846e-06, 'epoch': 0.04}
{'loss': 0.8995, 'grad_norm': 2.761852741241455, 'learning_rate': 9.99876221723657e-06, 'epoch': 0.04}
{'loss': 1.0924, 'grad_norm': 2.7414779663085938, 'learning_rate': 9.998759902638488e-06, 'epoch': 0.04}
{'loss': 0.8453, 'grad_norm': 2.636831283569336, 'learning_rate': 9.998757585878597e-06, 'epoch': 0.04}
{'loss': 0.8733, 'grad_norm': 2.5651118755340576, 'learning_rate': 9.998755266956899e-06, 'epoch': 0.04}
{'loss': 1.0941, 'grad_norm': 2.7954626083374023, 'learning_rate': 9.998752945873397e-06, 'epoch': 0.04}
{'loss': 1.2698, 'grad_norm': 2.7027556896209717, 'learning_rate': 9.998750622628088e-06, 'epoch': 0.04}
{'loss': 0.9768, 'grad_norm': 2.804445266723633, 'learning_rate': 9.998748297220977e-06, 'epoch': 0.04}
{'loss': 0.9407, 'grad_norm': 2.861692428588867, 'learning_rate': 9.998745969652064e-06, 'epoch': 0.04}
{'loss': 1.0372, 'grad_norm': 2.774095296859741, 'learning_rate': 9.998743639921347e-06, 'epoch': 0.04}
{'loss': 0.6377, 'grad_norm': 2.2915289402008057, 'learning_rate': 9.99874130802883e-06, 'epoch': 0.04}
{'loss': 0.8329, 'grad_norm': 2.5527682304382324, 'learning_rate': 9.998738973974513e-06, 'epoch': 0.04}
{'loss': 0.7584, 'grad_norm': 2.5158257484436035, 'learning_rate': 9.998736637758399e-06, 'epoch': 0.04}
{'loss': 0.9294, 'grad_norm': 2.895637273788452, 'learning_rate': 9.998734299380486e-06, 'epoch': 0.04}
{'loss': 0.935, 'grad_norm': 3.0862884521484375, 'learning_rate': 9.998731958840776e-06, 'epoch': 0.04}
{'loss': 0.9175, 'grad_norm': 2.4686570167541504, 'learning_rate': 9.998729616139271e-06, 'epoch': 0.04}
{'loss': 0.7934, 'grad_norm': 2.2328062057495117, 'learning_rate': 9.998727271275973e-06, 'epoch': 0.04}
{'loss': 0.9335, 'grad_norm': 2.5788278579711914, 'learning_rate': 9.998724924250878e-06, 'epoch': 0.04}
{'loss': 1.1306, 'grad_norm': 2.8436903953552246, 'learning_rate': 9.998722575063993e-06, 'epoch': 0.04}
{'loss': 0.9972, 'grad_norm': 2.6831347942352295, 'learning_rate': 9.998720223715314e-06, 'epoch': 0.04}
{'loss': 0.8282, 'grad_norm': 2.6770191192626953, 'learning_rate': 9.998717870204848e-06, 'epoch': 0.04}
{'loss': 0.9889, 'grad_norm': 2.621042251586914, 'learning_rate': 9.998715514532589e-06, 'epoch': 0.04}
{'loss': 0.9982, 'grad_norm': 2.774158239364624, 'learning_rate': 9.998713156698543e-06, 'epoch': 0.04}
{'loss': 0.8761, 'grad_norm': 2.8764734268188477, 'learning_rate': 9.998710796702709e-06, 'epoch': 0.04}
{'loss': 1.183, 'grad_norm': 2.894176959991455, 'learning_rate': 9.99870843454509e-06, 'epoch': 0.04}
{'loss': 0.937, 'grad_norm': 2.593503475189209, 'learning_rate': 9.998706070225685e-06, 'epoch': 0.04}
{'loss': 0.9418, 'grad_norm': 2.4621903896331787, 'learning_rate': 9.998703703744495e-06, 'epoch': 0.04}
{'loss': 1.147, 'grad_norm': 2.6456425189971924, 'learning_rate': 9.998701335101522e-06, 'epoch': 0.04}
{'loss': 1.0464, 'grad_norm': 3.094085931777954, 'learning_rate': 9.998698964296765e-06, 'epoch': 0.04}
{'loss': 1.1241, 'grad_norm': 2.759018659591675, 'learning_rate': 9.998696591330228e-06, 'epoch': 0.04}
{'loss': 0.8183, 'grad_norm': 2.7139430046081543, 'learning_rate': 9.99869421620191e-06, 'epoch': 0.04}
{'loss': 0.7462, 'grad_norm': 2.162066698074341, 'learning_rate': 9.998691838911814e-06, 'epoch': 0.04}
{'loss': 0.7746, 'grad_norm': 2.4647133350372314, 'learning_rate': 9.998689459459939e-06, 'epoch': 0.04}
{'loss': 0.9528, 'grad_norm': 2.7687480449676514, 'learning_rate': 9.998687077846286e-06, 'epoch': 0.04}
{'loss': 0.8406, 'grad_norm': 3.0432817935943604, 'learning_rate': 9.998684694070856e-06, 'epoch': 0.04}
{'loss': 0.8194, 'grad_norm': 2.520145893096924, 'learning_rate': 9.998682308133654e-06, 'epoch': 0.04}
{'loss': 0.6764, 'grad_norm': 2.304046869277954, 'learning_rate': 9.998679920034676e-06, 'epoch': 0.04}
{'loss': 0.98, 'grad_norm': 2.9125726222991943, 'learning_rate': 9.998677529773926e-06, 'epoch': 0.04}
{'loss': 0.939, 'grad_norm': 2.598059892654419, 'learning_rate': 9.998675137351401e-06, 'epoch': 0.04}
{'loss': 0.741, 'grad_norm': 2.2214550971984863, 'learning_rate': 9.998672742767108e-06, 'epoch': 0.04}
{'loss': 0.9268, 'grad_norm': 2.3187389373779297, 'learning_rate': 9.998670346021044e-06, 'epoch': 0.04}
{'loss': 0.7685, 'grad_norm': 2.439941883087158, 'learning_rate': 9.99866794711321e-06, 'epoch': 0.04}
{'loss': 1.1108, 'grad_norm': 2.7770159244537354, 'learning_rate': 9.998665546043608e-06, 'epoch': 0.04}
{'loss': 0.9919, 'grad_norm': 2.646407127380371, 'learning_rate': 9.998663142812242e-06, 'epoch': 0.04}
{'loss': 0.9412, 'grad_norm': 2.4988596439361572, 'learning_rate': 9.998660737419107e-06, 'epoch': 0.04}
{'loss': 0.8351, 'grad_norm': 2.5757510662078857, 'learning_rate': 9.998658329864208e-06, 'epoch': 0.04}
{'loss': 0.7885, 'grad_norm': 2.5608108043670654, 'learning_rate': 9.998655920147547e-06, 'epoch': 0.04}
{'loss': 1.1422, 'grad_norm': 2.6282520294189453, 'learning_rate': 9.998653508269121e-06, 'epoch': 0.04}
{'loss': 0.9709, 'grad_norm': 2.5893280506134033, 'learning_rate': 9.998651094228933e-06, 'epoch': 0.04}
{'loss': 0.8243, 'grad_norm': 2.3919479846954346, 'learning_rate': 9.998648678026985e-06, 'epoch': 0.04}
{'loss': 1.0948, 'grad_norm': 2.6625144481658936, 'learning_rate': 9.998646259663278e-06, 'epoch': 0.04}
{'loss': 0.9483, 'grad_norm': 2.655144214630127, 'learning_rate': 9.998643839137811e-06, 'epoch': 0.04}
{'loss': 0.8621, 'grad_norm': 2.541187286376953, 'learning_rate': 9.998641416450589e-06, 'epoch': 0.04}
{'loss': 0.9118, 'grad_norm': 2.69087815284729, 'learning_rate': 9.998638991601608e-06, 'epoch': 0.04}
{'loss': 0.9444, 'grad_norm': 2.681687355041504, 'learning_rate': 9.998636564590873e-06, 'epoch': 0.04}
{'loss': 0.7186, 'grad_norm': 2.4110045433044434, 'learning_rate': 9.998634135418384e-06, 'epoch': 0.04}
{'loss': 0.8413, 'grad_norm': 2.4709455966949463, 'learning_rate': 9.998631704084141e-06, 'epoch': 0.04}
{'loss': 1.0039, 'grad_norm': 2.6909215450286865, 'learning_rate': 9.998629270588145e-06, 'epoch': 0.04}
{'loss': 0.9581, 'grad_norm': 2.6324777603149414, 'learning_rate': 9.998626834930399e-06, 'epoch': 0.04}
{'loss': 1.0677, 'grad_norm': 2.7074084281921387, 'learning_rate': 9.998624397110903e-06, 'epoch': 0.04}
{'loss': 0.847, 'grad_norm': 2.9085915088653564, 'learning_rate': 9.998621957129656e-06, 'epoch': 0.04}
{'loss': 0.9893, 'grad_norm': 2.656768321990967, 'learning_rate': 9.998619514986664e-06, 'epoch': 0.04}
{'loss': 1.0155, 'grad_norm': 2.8332455158233643, 'learning_rate': 9.998617070681922e-06, 'epoch': 0.04}
{'loss': 0.8017, 'grad_norm': 2.360891342163086, 'learning_rate': 9.998614624215434e-06, 'epoch': 0.04}
{'loss': 0.9787, 'grad_norm': 2.9799811840057373, 'learning_rate': 9.998612175587203e-06, 'epoch': 0.04}
{'loss': 0.7359, 'grad_norm': 2.6960034370422363, 'learning_rate': 9.998609724797227e-06, 'epoch': 0.04}
{'loss': 0.7543, 'grad_norm': 3.279365062713623, 'learning_rate': 9.99860727184551e-06, 'epoch': 0.04}
{'loss': 0.9509, 'grad_norm': 2.4964635372161865, 'learning_rate': 9.99860481673205e-06, 'epoch': 0.04}
{'loss': 0.6978, 'grad_norm': 2.6979105472564697, 'learning_rate': 9.998602359456849e-06, 'epoch': 0.04}
{'loss': 0.9914, 'grad_norm': 2.7740495204925537, 'learning_rate': 9.998599900019908e-06, 'epoch': 0.04}
{'loss': 0.9705, 'grad_norm': 2.706357955932617, 'learning_rate': 9.99859743842123e-06, 'epoch': 0.04}
{'loss': 0.722, 'grad_norm': 2.5858476161956787, 'learning_rate': 9.998594974660812e-06, 'epoch': 0.04}
{'loss': 0.8412, 'grad_norm': 2.6506948471069336, 'learning_rate': 9.99859250873866e-06, 'epoch': 0.04}
{'loss': 0.9508, 'grad_norm': 2.9056413173675537, 'learning_rate': 9.998590040654771e-06, 'epoch': 0.04}
{'loss': 1.0614, 'grad_norm': 2.963743209838867, 'learning_rate': 9.998587570409148e-06, 'epoch': 0.04}
{'loss': 0.8597, 'grad_norm': 2.5882174968719482, 'learning_rate': 9.998585098001793e-06, 'epoch': 0.04}
{'loss': 0.8964, 'grad_norm': 2.687483549118042, 'learning_rate': 9.998582623432707e-06, 'epoch': 0.04}
{'loss': 0.8868, 'grad_norm': 2.7645270824432373, 'learning_rate': 9.998580146701888e-06, 'epoch': 0.04}
{'loss': 1.0267, 'grad_norm': 2.894864082336426, 'learning_rate': 9.998577667809339e-06, 'epoch': 0.04}
{'loss': 0.7931, 'grad_norm': 2.633742332458496, 'learning_rate': 9.998575186755062e-06, 'epoch': 0.04}
{'loss': 0.9702, 'grad_norm': 2.8062539100646973, 'learning_rate': 9.998572703539055e-06, 'epoch': 0.04}
{'loss': 0.8914, 'grad_norm': 2.463226318359375, 'learning_rate': 9.998570218161324e-06, 'epoch': 0.04}
{'loss': 0.9777, 'grad_norm': 2.894012928009033, 'learning_rate': 9.998567730621866e-06, 'epoch': 0.04}
{'loss': 0.7614, 'grad_norm': 2.5876150131225586, 'learning_rate': 9.998565240920684e-06, 'epoch': 0.04}
{'loss': 0.9271, 'grad_norm': 2.4024264812469482, 'learning_rate': 9.998562749057777e-06, 'epoch': 0.04}
{'loss': 0.9242, 'grad_norm': 2.789886951446533, 'learning_rate': 9.998560255033148e-06, 'epoch': 0.04}
{'loss': 0.8155, 'grad_norm': 2.643723726272583, 'learning_rate': 9.998557758846799e-06, 'epoch': 0.04}
{'loss': 0.8226, 'grad_norm': 2.726119041442871, 'learning_rate': 9.998555260498728e-06, 'epoch': 0.04}
{'loss': 1.0688, 'grad_norm': 2.8604891300201416, 'learning_rate': 9.99855275998894e-06, 'epoch': 0.04}
{'loss': 0.8598, 'grad_norm': 2.6815574169158936, 'learning_rate': 9.998550257317431e-06, 'epoch': 0.04}
{'loss': 0.7394, 'grad_norm': 2.4486517906188965, 'learning_rate': 9.998547752484207e-06, 'epoch': 0.04}
{'loss': 0.8326, 'grad_norm': 2.5060718059539795, 'learning_rate': 9.998545245489266e-06, 'epoch': 0.04}
{'loss': 0.8487, 'grad_norm': 2.598355293273926, 'learning_rate': 9.99854273633261e-06, 'epoch': 0.04}
{'loss': 0.8914, 'grad_norm': 2.632899522781372, 'learning_rate': 9.998540225014242e-06, 'epoch': 0.04}
{'loss': 0.9574, 'grad_norm': 2.6618285179138184, 'learning_rate': 9.99853771153416e-06, 'epoch': 0.04}
{'loss': 1.0795, 'grad_norm': 3.108123779296875, 'learning_rate': 9.998535195892368e-06, 'epoch': 0.04}
{'loss': 0.8873, 'grad_norm': 2.748471736907959, 'learning_rate': 9.998532678088863e-06, 'epoch': 0.04}
{'loss': 1.0124, 'grad_norm': 2.749326467514038, 'learning_rate': 9.99853015812365e-06, 'epoch': 0.04}
{'loss': 1.0277, 'grad_norm': 2.636754274368286, 'learning_rate': 9.998527635996726e-06, 'epoch': 0.04}
{'loss': 0.9324, 'grad_norm': 2.5988571643829346, 'learning_rate': 9.998525111708097e-06, 'epoch': 0.04}
{'loss': 0.9023, 'grad_norm': 2.5374019145965576, 'learning_rate': 9.998522585257762e-06, 'epoch': 0.04}
{'loss': 0.8599, 'grad_norm': 2.4386672973632812, 'learning_rate': 9.998520056645722e-06, 'epoch': 0.04}
{'loss': 0.822, 'grad_norm': 2.406792402267456, 'learning_rate': 9.998517525871976e-06, 'epoch': 0.04}
{'loss': 0.8094, 'grad_norm': 2.523674964904785, 'learning_rate': 9.99851499293653e-06, 'epoch': 0.04}
{'loss': 1.0711, 'grad_norm': 2.9418857097625732, 'learning_rate': 9.99851245783938e-06, 'epoch': 0.04}
{'loss': 0.9852, 'grad_norm': 2.7702836990356445, 'learning_rate': 9.99850992058053e-06, 'epoch': 0.04}
{'loss': 0.9956, 'grad_norm': 2.2718818187713623, 'learning_rate': 9.998507381159981e-06, 'epoch': 0.04}
{'loss': 1.0332, 'grad_norm': 2.7919187545776367, 'learning_rate': 9.998504839577733e-06, 'epoch': 0.04}
{'loss': 1.179, 'grad_norm': 2.7303173542022705, 'learning_rate': 9.998502295833787e-06, 'epoch': 0.04}
{'loss': 0.8204, 'grad_norm': 2.5544395446777344, 'learning_rate': 9.998499749928145e-06, 'epoch': 0.04}
{'loss': 0.8467, 'grad_norm': 2.5449116230010986, 'learning_rate': 9.998497201860809e-06, 'epoch': 0.04}
{'loss': 0.8423, 'grad_norm': 2.5618839263916016, 'learning_rate': 9.998494651631778e-06, 'epoch': 0.04}
{'loss': 0.8918, 'grad_norm': 2.7148196697235107, 'learning_rate': 9.998492099241054e-06, 'epoch': 0.04}
{'loss': 1.0058, 'grad_norm': 2.6962380409240723, 'learning_rate': 9.998489544688637e-06, 'epoch': 0.04}
{'loss': 0.8343, 'grad_norm': 2.5213024616241455, 'learning_rate': 9.998486987974531e-06, 'epoch': 0.04}
{'loss': 0.9688, 'grad_norm': 2.5575919151306152, 'learning_rate': 9.998484429098733e-06, 'epoch': 0.04}
{'loss': 0.9601, 'grad_norm': 2.685208797454834, 'learning_rate': 9.998481868061249e-06, 'epoch': 0.04}
{'loss': 0.8546, 'grad_norm': 2.873091697692871, 'learning_rate': 9.998479304862076e-06, 'epoch': 0.04}
{'loss': 0.9541, 'grad_norm': 2.572666645050049, 'learning_rate': 9.998476739501217e-06, 'epoch': 0.04}
{'loss': 0.8943, 'grad_norm': 2.8085122108459473, 'learning_rate': 9.998474171978674e-06, 'epoch': 0.04}
{'loss': 0.8914, 'grad_norm': 2.649721384048462, 'learning_rate': 9.998471602294446e-06, 'epoch': 0.04}
{'loss': 0.6914, 'grad_norm': 2.4433302879333496, 'learning_rate': 9.998469030448535e-06, 'epoch': 0.04}
{'loss': 0.7692, 'grad_norm': 2.4646501541137695, 'learning_rate': 9.99846645644094e-06, 'epoch': 0.04}
{'loss': 1.144, 'grad_norm': 2.573237180709839, 'learning_rate': 9.998463880271667e-06, 'epoch': 0.04}
{'loss': 1.1726, 'grad_norm': 3.146516799926758, 'learning_rate': 9.998461301940712e-06, 'epoch': 0.04}
{'loss': 0.6653, 'grad_norm': 2.071216344833374, 'learning_rate': 9.998458721448081e-06, 'epoch': 0.04}
{'loss': 0.841, 'grad_norm': 2.6672844886779785, 'learning_rate': 9.99845613879377e-06, 'epoch': 0.04}
{'loss': 0.7838, 'grad_norm': 2.636121988296509, 'learning_rate': 9.998453553977785e-06, 'epoch': 0.04}
{'loss': 1.0362, 'grad_norm': 2.9202158451080322, 'learning_rate': 9.998450967000123e-06, 'epoch': 0.04}
{'loss': 0.8893, 'grad_norm': 2.537438154220581, 'learning_rate': 9.998448377860788e-06, 'epoch': 0.04}
{'loss': 1.1383, 'grad_norm': 3.1066477298736572, 'learning_rate': 9.99844578655978e-06, 'epoch': 0.04}
{'loss': 0.9774, 'grad_norm': 2.9435243606567383, 'learning_rate': 9.998443193097098e-06, 'epoch': 0.04}
{'loss': 1.0727, 'grad_norm': 3.1774628162384033, 'learning_rate': 9.998440597472747e-06, 'epoch': 0.04}
{'loss': 0.6865, 'grad_norm': 2.104793071746826, 'learning_rate': 9.998437999686726e-06, 'epoch': 0.04}
{'loss': 0.7285, 'grad_norm': 2.3060240745544434, 'learning_rate': 9.998435399739037e-06, 'epoch': 0.04}
{'loss': 0.8806, 'grad_norm': 3.063744068145752, 'learning_rate': 9.998432797629681e-06, 'epoch': 0.04}
{'loss': 0.7949, 'grad_norm': 2.4874608516693115, 'learning_rate': 9.998430193358656e-06, 'epoch': 0.04}
{'loss': 0.8447, 'grad_norm': 2.698964834213257, 'learning_rate': 9.99842758692597e-06, 'epoch': 0.04}
{'loss': 1.0294, 'grad_norm': 2.564239978790283, 'learning_rate': 9.998424978331617e-06, 'epoch': 0.04}
{'loss': 0.9281, 'grad_norm': 2.5548458099365234, 'learning_rate': 9.998422367575601e-06, 'epoch': 0.04}
{'loss': 0.7679, 'grad_norm': 2.5841076374053955, 'learning_rate': 9.998419754657924e-06, 'epoch': 0.04}
{'loss': 0.9603, 'grad_norm': 2.6725552082061768, 'learning_rate': 9.998417139578587e-06, 'epoch': 0.04}
{'loss': 1.0609, 'grad_norm': 2.824244260787964, 'learning_rate': 9.99841452233759e-06, 'epoch': 0.04}
{'loss': 0.822, 'grad_norm': 2.549163341522217, 'learning_rate': 9.998411902934936e-06, 'epoch': 0.04}
{'loss': 1.0157, 'grad_norm': 2.472520112991333, 'learning_rate': 9.998409281370622e-06, 'epoch': 0.04}
{'loss': 0.7406, 'grad_norm': 2.4594459533691406, 'learning_rate': 9.998406657644655e-06, 'epoch': 0.04}
{'loss': 0.7726, 'grad_norm': 2.396866798400879, 'learning_rate': 9.998404031757032e-06, 'epoch': 0.04}
{'loss': 0.8961, 'grad_norm': 2.477935791015625, 'learning_rate': 9.998401403707754e-06, 'epoch': 0.04}
{'loss': 0.9005, 'grad_norm': 2.9681806564331055, 'learning_rate': 9.998398773496823e-06, 'epoch': 0.04}
{'loss': 0.8666, 'grad_norm': 2.408980131149292, 'learning_rate': 9.998396141124242e-06, 'epoch': 0.04}
{'loss': 1.1184, 'grad_norm': 2.6962828636169434, 'learning_rate': 9.998393506590009e-06, 'epoch': 0.04}
{'loss': 0.7942, 'grad_norm': 2.6353440284729004, 'learning_rate': 9.99839086989413e-06, 'epoch': 0.04}
{'loss': 0.7966, 'grad_norm': 2.6621906757354736, 'learning_rate': 9.9983882310366e-06, 'epoch': 0.04}
{'loss': 0.7972, 'grad_norm': 2.4180502891540527, 'learning_rate': 9.998385590017423e-06, 'epoch': 0.04}
{'loss': 1.0022, 'grad_norm': 2.5293376445770264, 'learning_rate': 9.998382946836601e-06, 'epoch': 0.04}
{'loss': 1.1771, 'grad_norm': 3.0092103481292725, 'learning_rate': 9.998380301494135e-06, 'epoch': 0.04}
{'loss': 1.1775, 'grad_norm': 3.2371914386749268, 'learning_rate': 9.998377653990023e-06, 'epoch': 0.04}
{'loss': 0.7739, 'grad_norm': 2.422863006591797, 'learning_rate': 9.998375004324272e-06, 'epoch': 0.04}
{'loss': 1.0143, 'grad_norm': 3.151981830596924, 'learning_rate': 9.998372352496877e-06, 'epoch': 0.04}
{'loss': 0.9738, 'grad_norm': 2.9673256874084473, 'learning_rate': 9.998369698507844e-06, 'epoch': 0.04}
{'loss': 0.8754, 'grad_norm': 2.2843985557556152, 'learning_rate': 9.99836704235717e-06, 'epoch': 0.04}
{'loss': 0.9814, 'grad_norm': 2.607184648513794, 'learning_rate': 9.998364384044859e-06, 'epoch': 0.04}
{'loss': 0.832, 'grad_norm': 2.5322718620300293, 'learning_rate': 9.998361723570911e-06, 'epoch': 0.04}
{'loss': 0.715, 'grad_norm': 2.2669105529785156, 'learning_rate': 9.998359060935327e-06, 'epoch': 0.04}
{'loss': 1.0343, 'grad_norm': 2.741258144378662, 'learning_rate': 9.998356396138111e-06, 'epoch': 0.04}
{'loss': 0.7883, 'grad_norm': 2.407205820083618, 'learning_rate': 9.99835372917926e-06, 'epoch': 0.04}
{'loss': 0.9111, 'grad_norm': 2.513756513595581, 'learning_rate': 9.998351060058778e-06, 'epoch': 0.04}
{'loss': 1.1238, 'grad_norm': 3.0053446292877197, 'learning_rate': 9.998348388776663e-06, 'epoch': 0.04}
{'loss': 0.9673, 'grad_norm': 2.3334593772888184, 'learning_rate': 9.99834571533292e-06, 'epoch': 0.04}
{'loss': 0.8862, 'grad_norm': 2.7421886920928955, 'learning_rate': 9.998343039727548e-06, 'epoch': 0.04}
{'loss': 1.1929, 'grad_norm': 2.994044542312622, 'learning_rate': 9.998340361960548e-06, 'epoch': 0.04}
{'loss': 0.9804, 'grad_norm': 2.435845136642456, 'learning_rate': 9.998337682031922e-06, 'epoch': 0.04}
{'loss': 0.9821, 'grad_norm': 2.618689775466919, 'learning_rate': 9.998334999941671e-06, 'epoch': 0.04}
{'loss': 0.9641, 'grad_norm': 2.722822427749634, 'learning_rate': 9.998332315689796e-06, 'epoch': 0.04}
{'loss': 0.9584, 'grad_norm': 2.8524508476257324, 'learning_rate': 9.998329629276297e-06, 'epoch': 0.04}
{'loss': 0.9822, 'grad_norm': 2.8906283378601074, 'learning_rate': 9.99832694070118e-06, 'epoch': 0.04}
{'loss': 1.0164, 'grad_norm': 3.053661584854126, 'learning_rate': 9.99832424996444e-06, 'epoch': 0.04}
{'loss': 0.8873, 'grad_norm': 2.3755979537963867, 'learning_rate': 9.99832155706608e-06, 'epoch': 0.04}
{'loss': 0.8467, 'grad_norm': 2.8533403873443604, 'learning_rate': 9.998318862006103e-06, 'epoch': 0.04}
{'loss': 0.8462, 'grad_norm': 2.6377506256103516, 'learning_rate': 9.998316164784508e-06, 'epoch': 0.04}
{'loss': 1.2433, 'grad_norm': 2.9138591289520264, 'learning_rate': 9.998313465401298e-06, 'epoch': 0.04}
{'loss': 1.0745, 'grad_norm': 3.075955867767334, 'learning_rate': 9.998310763856473e-06, 'epoch': 0.04}
{'loss': 0.7867, 'grad_norm': 2.7605080604553223, 'learning_rate': 9.998308060150035e-06, 'epoch': 0.04}
{'loss': 0.891, 'grad_norm': 2.5141983032226562, 'learning_rate': 9.998305354281985e-06, 'epoch': 0.04}
{'loss': 0.832, 'grad_norm': 2.5659751892089844, 'learning_rate': 9.998302646252323e-06, 'epoch': 0.04}
{'loss': 0.6874, 'grad_norm': 2.3150415420532227, 'learning_rate': 9.998299936061051e-06, 'epoch': 0.04}
{'loss': 0.8299, 'grad_norm': 2.3932318687438965, 'learning_rate': 9.998297223708171e-06, 'epoch': 0.04}
{'loss': 0.7664, 'grad_norm': 2.692676544189453, 'learning_rate': 9.998294509193682e-06, 'epoch': 0.04}
{'loss': 1.0111, 'grad_norm': 2.56457781791687, 'learning_rate': 9.998291792517587e-06, 'epoch': 0.04}
{'loss': 0.9641, 'grad_norm': 2.6656527519226074, 'learning_rate': 9.998289073679888e-06, 'epoch': 0.04}
{'loss': 0.8741, 'grad_norm': 2.6949119567871094, 'learning_rate': 9.998286352680584e-06, 'epoch': 0.04}
{'loss': 0.8907, 'grad_norm': 2.553170680999756, 'learning_rate': 9.998283629519678e-06, 'epoch': 0.04}
{'loss': 1.062, 'grad_norm': 2.7845022678375244, 'learning_rate': 9.998280904197169e-06, 'epoch': 0.04}
{'loss': 0.8672, 'grad_norm': 2.5972659587860107, 'learning_rate': 9.99827817671306e-06, 'epoch': 0.04}
{'loss': 0.9282, 'grad_norm': 2.387035369873047, 'learning_rate': 9.998275447067351e-06, 'epoch': 0.04}
{'loss': 0.8239, 'grad_norm': 2.608218193054199, 'learning_rate': 9.998272715260044e-06, 'epoch': 0.04}
{'loss': 0.9867, 'grad_norm': 2.7021567821502686, 'learning_rate': 9.998269981291141e-06, 'epoch': 0.04}
{'loss': 0.788, 'grad_norm': 2.0028481483459473, 'learning_rate': 9.99826724516064e-06, 'epoch': 0.04}
{'loss': 1.1004, 'grad_norm': 2.5544838905334473, 'learning_rate': 9.998264506868546e-06, 'epoch': 0.04}
{'loss': 0.9241, 'grad_norm': 2.367814779281616, 'learning_rate': 9.998261766414859e-06, 'epoch': 0.04}
{'loss': 0.8984, 'grad_norm': 2.6611483097076416, 'learning_rate': 9.99825902379958e-06, 'epoch': 0.04}
{'loss': 0.9374, 'grad_norm': 2.6391313076019287, 'learning_rate': 9.998256279022707e-06, 'epoch': 0.04}
{'loss': 0.862, 'grad_norm': 2.508000135421753, 'learning_rate': 9.998253532084246e-06, 'epoch': 0.04}
{'loss': 1.0688, 'grad_norm': 2.893541097640991, 'learning_rate': 9.998250782984197e-06, 'epoch': 0.04}
{'loss': 0.84, 'grad_norm': 2.659613609313965, 'learning_rate': 9.99824803172256e-06, 'epoch': 0.04}
{'loss': 0.7031, 'grad_norm': 2.487734317779541, 'learning_rate': 9.998245278299336e-06, 'epoch': 0.04}
{'loss': 0.806, 'grad_norm': 2.449570417404175, 'learning_rate': 9.998242522714527e-06, 'epoch': 0.04}
{'loss': 0.8433, 'grad_norm': 2.414368152618408, 'learning_rate': 9.998239764968133e-06, 'epoch': 0.04}
{'loss': 0.8385, 'grad_norm': 2.467008113861084, 'learning_rate': 9.998237005060158e-06, 'epoch': 0.04}
{'loss': 0.9183, 'grad_norm': 2.719621181488037, 'learning_rate': 9.998234242990601e-06, 'epoch': 0.04}
{'loss': 0.9738, 'grad_norm': 2.9403092861175537, 'learning_rate': 9.998231478759464e-06, 'epoch': 0.04}
{'loss': 0.8955, 'grad_norm': 3.0742759704589844, 'learning_rate': 9.998228712366747e-06, 'epoch': 0.04}
{'loss': 0.894, 'grad_norm': 2.4666552543640137, 'learning_rate': 9.998225943812452e-06, 'epoch': 0.04}
{'loss': 1.0705, 'grad_norm': 2.513420581817627, 'learning_rate': 9.99822317309658e-06, 'epoch': 0.04}
{'loss': 0.8399, 'grad_norm': 2.5919554233551025, 'learning_rate': 9.998220400219132e-06, 'epoch': 0.04}
{'loss': 0.8426, 'grad_norm': 2.667841672897339, 'learning_rate': 9.99821762518011e-06, 'epoch': 0.04}
{'loss': 1.0146, 'grad_norm': 2.734431743621826, 'learning_rate': 9.998214847979517e-06, 'epoch': 0.04}
{'loss': 0.8247, 'grad_norm': 2.518094062805176, 'learning_rate': 9.99821206861735e-06, 'epoch': 0.04}
{'loss': 0.8539, 'grad_norm': 2.3904972076416016, 'learning_rate': 9.998209287093611e-06, 'epoch': 0.04}
{'loss': 0.9659, 'grad_norm': 2.6880099773406982, 'learning_rate': 9.998206503408306e-06, 'epoch': 0.04}
{'loss': 0.9134, 'grad_norm': 2.661268949508667, 'learning_rate': 9.99820371756143e-06, 'epoch': 0.04}
{'loss': 0.7159, 'grad_norm': 2.348376989364624, 'learning_rate': 9.998200929552986e-06, 'epoch': 0.04}
{'loss': 0.7753, 'grad_norm': 2.524033308029175, 'learning_rate': 9.998198139382978e-06, 'epoch': 0.04}
{'loss': 1.2269, 'grad_norm': 2.817539930343628, 'learning_rate': 9.998195347051404e-06, 'epoch': 0.04}
{'loss': 0.9907, 'grad_norm': 2.963811159133911, 'learning_rate': 9.998192552558269e-06, 'epoch': 0.04}
{'loss': 0.9667, 'grad_norm': 2.6903600692749023, 'learning_rate': 9.998189755903568e-06, 'epoch': 0.04}
{'loss': 0.9634, 'grad_norm': 2.626326560974121, 'learning_rate': 9.998186957087307e-06, 'epoch': 0.04}
{'loss': 0.7647, 'grad_norm': 2.4003891944885254, 'learning_rate': 9.998184156109487e-06, 'epoch': 0.04}
{'loss': 1.0042, 'grad_norm': 2.7554357051849365, 'learning_rate': 9.998181352970106e-06, 'epoch': 0.04}
{'loss': 0.7408, 'grad_norm': 2.2162387371063232, 'learning_rate': 9.998178547669171e-06, 'epoch': 0.04}
{'loss': 1.0552, 'grad_norm': 2.7120425701141357, 'learning_rate': 9.998175740206677e-06, 'epoch': 0.04}
{'loss': 0.7987, 'grad_norm': 2.4951331615448, 'learning_rate': 9.99817293058263e-06, 'epoch': 0.04}
{'loss': 0.7905, 'grad_norm': 2.492274284362793, 'learning_rate': 9.998170118797026e-06, 'epoch': 0.04}
{'loss': 0.8249, 'grad_norm': 2.5015058517456055, 'learning_rate': 9.998167304849873e-06, 'epoch': 0.04}
{'loss': 0.837, 'grad_norm': 2.4849979877471924, 'learning_rate': 9.998164488741167e-06, 'epoch': 0.04}
{'loss': 0.7604, 'grad_norm': 2.5605404376983643, 'learning_rate': 9.99816167047091e-06, 'epoch': 0.04}
{'loss': 1.0264, 'grad_norm': 3.063162088394165, 'learning_rate': 9.998158850039103e-06, 'epoch': 0.04}
{'loss': 0.8195, 'grad_norm': 2.3001649379730225, 'learning_rate': 9.998156027445751e-06, 'epoch': 0.04}
{'loss': 0.8783, 'grad_norm': 2.426393985748291, 'learning_rate': 9.99815320269085e-06, 'epoch': 0.04}
{'loss': 0.9151, 'grad_norm': 2.7599825859069824, 'learning_rate': 9.998150375774405e-06, 'epoch': 0.04}
{'loss': 0.9991, 'grad_norm': 2.9209625720977783, 'learning_rate': 9.998147546696418e-06, 'epoch': 0.04}
{'loss': 0.9569, 'grad_norm': 2.914411783218384, 'learning_rate': 9.998144715456884e-06, 'epoch': 0.04}
{'loss': 0.7462, 'grad_norm': 2.4313793182373047, 'learning_rate': 9.99814188205581e-06, 'epoch': 0.04}
{'loss': 0.9678, 'grad_norm': 2.706211805343628, 'learning_rate': 9.998139046493196e-06, 'epoch': 0.04}
{'loss': 0.9023, 'grad_norm': 2.7482829093933105, 'learning_rate': 9.998136208769042e-06, 'epoch': 0.04}
{'loss': 0.9638, 'grad_norm': 2.54331374168396, 'learning_rate': 9.998133368883352e-06, 'epoch': 0.04}
{'loss': 0.8166, 'grad_norm': 2.4739882946014404, 'learning_rate': 9.998130526836123e-06, 'epoch': 0.04}
{'loss': 0.9792, 'grad_norm': 2.7935538291931152, 'learning_rate': 9.99812768262736e-06, 'epoch': 0.04}
{'loss': 1.0914, 'grad_norm': 2.5653958320617676, 'learning_rate': 9.998124836257061e-06, 'epoch': 0.04}
{'loss': 0.9424, 'grad_norm': 2.733363628387451, 'learning_rate': 9.99812198772523e-06, 'epoch': 0.04}
{'loss': 1.0385, 'grad_norm': 2.9349746704101562, 'learning_rate': 9.998119137031867e-06, 'epoch': 0.04}
{'loss': 0.9063, 'grad_norm': 2.6431102752685547, 'learning_rate': 9.998116284176974e-06, 'epoch': 0.04}
{'loss': 0.8924, 'grad_norm': 2.454350471496582, 'learning_rate': 9.998113429160551e-06, 'epoch': 0.04}
{'loss': 1.071, 'grad_norm': 2.6359188556671143, 'learning_rate': 9.9981105719826e-06, 'epoch': 0.04}
{'loss': 0.8866, 'grad_norm': 2.7392122745513916, 'learning_rate': 9.99810771264312e-06, 'epoch': 0.04}
{'loss': 0.9912, 'grad_norm': 2.6216166019439697, 'learning_rate': 9.998104851142119e-06, 'epoch': 0.04}
{'loss': 0.9485, 'grad_norm': 2.9770679473876953, 'learning_rate': 9.99810198747959e-06, 'epoch': 0.04}
{'loss': 0.8638, 'grad_norm': 2.7822868824005127, 'learning_rate': 9.998099121655538e-06, 'epoch': 0.04}
{'loss': 0.8005, 'grad_norm': 2.55269718170166, 'learning_rate': 9.998096253669965e-06, 'epoch': 0.04}
{'loss': 0.9256, 'grad_norm': 2.459787130355835, 'learning_rate': 9.99809338352287e-06, 'epoch': 0.04}
{'loss': 0.8738, 'grad_norm': 2.5713117122650146, 'learning_rate': 9.998090511214258e-06, 'epoch': 0.04}
{'loss': 0.9286, 'grad_norm': 2.4720842838287354, 'learning_rate': 9.998087636744126e-06, 'epoch': 0.04}
{'loss': 0.8636, 'grad_norm': 2.88862681388855, 'learning_rate': 9.998084760112477e-06, 'epoch': 0.04}
{'loss': 1.0066, 'grad_norm': 2.54788875579834, 'learning_rate': 9.998081881319313e-06, 'epoch': 0.04}
{'loss': 0.7994, 'grad_norm': 2.4986109733581543, 'learning_rate': 9.998079000364635e-06, 'epoch': 0.04}
{'loss': 0.922, 'grad_norm': 2.5115089416503906, 'learning_rate': 9.998076117248441e-06, 'epoch': 0.04}
{'loss': 0.9482, 'grad_norm': 2.8820905685424805, 'learning_rate': 9.998073231970738e-06, 'epoch': 0.04}
{'loss': 0.7964, 'grad_norm': 2.684030771255493, 'learning_rate': 9.998070344531523e-06, 'epoch': 0.04}
{'loss': 0.8078, 'grad_norm': 2.4194486141204834, 'learning_rate': 9.998067454930798e-06, 'epoch': 0.04}
{'loss': 0.7314, 'grad_norm': 2.4553699493408203, 'learning_rate': 9.998064563168566e-06, 'epoch': 0.04}
{'loss': 1.0994, 'grad_norm': 2.9844701290130615, 'learning_rate': 9.998061669244826e-06, 'epoch': 0.04}
{'loss': 0.9279, 'grad_norm': 2.881314516067505, 'learning_rate': 9.99805877315958e-06, 'epoch': 0.04}
{'loss': 0.8577, 'grad_norm': 2.6180756092071533, 'learning_rate': 9.99805587491283e-06, 'epoch': 0.04}
{'loss': 0.8769, 'grad_norm': 2.581221342086792, 'learning_rate': 9.998052974504577e-06, 'epoch': 0.04}
{'loss': 0.8056, 'grad_norm': 2.5280473232269287, 'learning_rate': 9.998050071934822e-06, 'epoch': 0.04}
{'loss': 0.7031, 'grad_norm': 2.43355655670166, 'learning_rate': 9.998047167203567e-06, 'epoch': 0.04}
{'loss': 0.9825, 'grad_norm': 2.4802603721618652, 'learning_rate': 9.998044260310811e-06, 'epoch': 0.04}
{'loss': 0.7939, 'grad_norm': 2.4324965476989746, 'learning_rate': 9.998041351256557e-06, 'epoch': 0.04}
{'loss': 0.8968, 'grad_norm': 2.753392219543457, 'learning_rate': 9.998038440040808e-06, 'epoch': 0.04}
{'loss': 1.2027, 'grad_norm': 3.386382818222046, 'learning_rate': 9.99803552666356e-06, 'epoch': 0.04}
{'loss': 0.9282, 'grad_norm': 2.449674129486084, 'learning_rate': 9.99803261112482e-06, 'epoch': 0.04}
{'loss': 0.9221, 'grad_norm': 2.484727144241333, 'learning_rate': 9.998029693424585e-06, 'epoch': 0.04}
{'loss': 0.7501, 'grad_norm': 2.635636806488037, 'learning_rate': 9.998026773562859e-06, 'epoch': 0.04}
{'loss': 0.9301, 'grad_norm': 2.4928839206695557, 'learning_rate': 9.998023851539641e-06, 'epoch': 0.04}
{'loss': 0.9341, 'grad_norm': 2.631096124649048, 'learning_rate': 9.998020927354936e-06, 'epoch': 0.04}
{'loss': 0.9521, 'grad_norm': 2.5345449447631836, 'learning_rate': 9.998018001008742e-06, 'epoch': 0.04}
{'loss': 0.8795, 'grad_norm': 2.4568192958831787, 'learning_rate': 9.998015072501061e-06, 'epoch': 0.04}
{'loss': 1.001, 'grad_norm': 3.4037179946899414, 'learning_rate': 9.998012141831894e-06, 'epoch': 0.04}
{'loss': 0.8568, 'grad_norm': 2.5388386249542236, 'learning_rate': 9.998009209001246e-06, 'epoch': 0.04}
{'loss': 0.7918, 'grad_norm': 2.667461633682251, 'learning_rate': 9.99800627400911e-06, 'epoch': 0.04}
{'loss': 0.8491, 'grad_norm': 2.6627776622772217, 'learning_rate': 9.998003336855494e-06, 'epoch': 0.04}
{'loss': 1.2163, 'grad_norm': 2.8501081466674805, 'learning_rate': 9.998000397540397e-06, 'epoch': 0.04}
{'loss': 0.8816, 'grad_norm': 2.961193561553955, 'learning_rate': 9.997997456063821e-06, 'epoch': 0.04}
{'loss': 1.1536, 'grad_norm': 2.798719882965088, 'learning_rate': 9.997994512425768e-06, 'epoch': 0.04}
{'loss': 1.0349, 'grad_norm': 2.834312677383423, 'learning_rate': 9.997991566626238e-06, 'epoch': 0.04}
{'loss': 0.877, 'grad_norm': 2.286602258682251, 'learning_rate': 9.997988618665233e-06, 'epoch': 0.04}
{'loss': 0.881, 'grad_norm': 2.687619686126709, 'learning_rate': 9.997985668542753e-06, 'epoch': 0.04}
{'loss': 0.932, 'grad_norm': 2.3884546756744385, 'learning_rate': 9.997982716258801e-06, 'epoch': 0.04}
{'loss': 0.8968, 'grad_norm': 2.5171396732330322, 'learning_rate': 9.997979761813375e-06, 'epoch': 0.04}
{'loss': 0.8694, 'grad_norm': 2.489755392074585, 'learning_rate': 9.997976805206481e-06, 'epoch': 0.04}
{'loss': 0.7985, 'grad_norm': 2.4759092330932617, 'learning_rate': 9.997973846438118e-06, 'epoch': 0.04}
{'loss': 0.669, 'grad_norm': 2.445350408554077, 'learning_rate': 9.997970885508285e-06, 'epoch': 0.04}
{'loss': 0.7853, 'grad_norm': 2.373636245727539, 'learning_rate': 9.997967922416987e-06, 'epoch': 0.04}
{'loss': 1.0436, 'grad_norm': 2.9552979469299316, 'learning_rate': 9.997964957164223e-06, 'epoch': 0.04}
{'loss': 0.9371, 'grad_norm': 2.547067165374756, 'learning_rate': 9.997961989749998e-06, 'epoch': 0.04}
{'loss': 0.932, 'grad_norm': 2.8627493381500244, 'learning_rate': 9.997959020174306e-06, 'epoch': 0.04}
{'loss': 0.8911, 'grad_norm': 2.486649751663208, 'learning_rate': 9.997956048437157e-06, 'epoch': 0.04}
{'loss': 1.0223, 'grad_norm': 2.610964059829712, 'learning_rate': 9.997953074538545e-06, 'epoch': 0.04}
{'loss': 0.7745, 'grad_norm': 2.716578483581543, 'learning_rate': 9.997950098478474e-06, 'epoch': 0.04}
{'loss': 0.7628, 'grad_norm': 2.5783472061157227, 'learning_rate': 9.997947120256947e-06, 'epoch': 0.04}
{'loss': 0.9106, 'grad_norm': 2.585197925567627, 'learning_rate': 9.997944139873962e-06, 'epoch': 0.04}
{'loss': 0.832, 'grad_norm': 2.727243661880493, 'learning_rate': 9.997941157329524e-06, 'epoch': 0.04}
{'loss': 1.0177, 'grad_norm': 3.1258580684661865, 'learning_rate': 9.997938172623631e-06, 'epoch': 0.04}
{'loss': 0.8017, 'grad_norm': 2.3471250534057617, 'learning_rate': 9.997935185756287e-06, 'epoch': 0.04}
{'loss': 0.884, 'grad_norm': 2.835249662399292, 'learning_rate': 9.997932196727492e-06, 'epoch': 0.04}
{'loss': 0.8617, 'grad_norm': 2.2759406566619873, 'learning_rate': 9.997929205537246e-06, 'epoch': 0.04}
{'loss': 0.953, 'grad_norm': 2.774813413619995, 'learning_rate': 9.997926212185552e-06, 'epoch': 0.04}
{'loss': 0.7518, 'grad_norm': 2.5100085735321045, 'learning_rate': 9.997923216672411e-06, 'epoch': 0.04}
{'loss': 0.7545, 'grad_norm': 2.612372398376465, 'learning_rate': 9.997920218997823e-06, 'epoch': 0.04}
{'loss': 0.9066, 'grad_norm': 2.5028064250946045, 'learning_rate': 9.997917219161792e-06, 'epoch': 0.04}
{'loss': 1.0517, 'grad_norm': 3.203810691833496, 'learning_rate': 9.997914217164317e-06, 'epoch': 0.04}
{'loss': 1.0977, 'grad_norm': 3.019226551055908, 'learning_rate': 9.9979112130054e-06, 'epoch': 0.04}
{'loss': 0.9025, 'grad_norm': 2.9212749004364014, 'learning_rate': 9.997908206685041e-06, 'epoch': 0.04}
{'loss': 0.9842, 'grad_norm': 2.692634105682373, 'learning_rate': 9.997905198203245e-06, 'epoch': 0.04}
{'loss': 1.018, 'grad_norm': 2.7060341835021973, 'learning_rate': 9.99790218756001e-06, 'epoch': 0.04}
{'loss': 0.7905, 'grad_norm': 2.553476333618164, 'learning_rate': 9.997899174755338e-06, 'epoch': 0.04}
{'loss': 0.839, 'grad_norm': 2.4027116298675537, 'learning_rate': 9.99789615978923e-06, 'epoch': 0.04}
{'loss': 1.1697, 'grad_norm': 3.1436069011688232, 'learning_rate': 9.997893142661689e-06, 'epoch': 0.04}
{'loss': 0.7616, 'grad_norm': 2.5944833755493164, 'learning_rate': 9.997890123372714e-06, 'epoch': 0.04}
{'loss': 1.2563, 'grad_norm': 3.1757700443267822, 'learning_rate': 9.997887101922308e-06, 'epoch': 0.04}
{'loss': 0.8881, 'grad_norm': 2.446425199508667, 'learning_rate': 9.997884078310472e-06, 'epoch': 0.04}
{'loss': 0.9173, 'grad_norm': 2.7345590591430664, 'learning_rate': 9.997881052537206e-06, 'epoch': 0.04}
{'loss': 0.9814, 'grad_norm': 2.9750075340270996, 'learning_rate': 9.997878024602514e-06, 'epoch': 0.04}
{'loss': 1.0852, 'grad_norm': 2.8242642879486084, 'learning_rate': 9.997874994506395e-06, 'epoch': 0.04}
{'loss': 0.8158, 'grad_norm': 2.6700708866119385, 'learning_rate': 9.99787196224885e-06, 'epoch': 0.04}
{'loss': 0.9164, 'grad_norm': 2.664773941040039, 'learning_rate': 9.997868927829882e-06, 'epoch': 0.04}
{'loss': 0.7595, 'grad_norm': 2.5776607990264893, 'learning_rate': 9.997865891249492e-06, 'epoch': 0.04}
{'loss': 0.8222, 'grad_norm': 2.8981876373291016, 'learning_rate': 9.997862852507681e-06, 'epoch': 0.04}
{'loss': 0.97, 'grad_norm': 2.847174882888794, 'learning_rate': 9.997859811604448e-06, 'epoch': 0.04}
{'loss': 0.749, 'grad_norm': 2.357170820236206, 'learning_rate': 9.9978567685398e-06, 'epoch': 0.04}
{'loss': 1.0157, 'grad_norm': 2.8763232231140137, 'learning_rate': 9.997853723313734e-06, 'epoch': 0.04}
{'loss': 0.8613, 'grad_norm': 2.6348350048065186, 'learning_rate': 9.99785067592625e-06, 'epoch': 0.04}
{'loss': 0.9354, 'grad_norm': 2.454688549041748, 'learning_rate': 9.997847626377352e-06, 'epoch': 0.04}
{'loss': 1.0284, 'grad_norm': 2.6309926509857178, 'learning_rate': 9.997844574667043e-06, 'epoch': 0.04}
{'loss': 0.7683, 'grad_norm': 2.4256319999694824, 'learning_rate': 9.99784152079532e-06, 'epoch': 0.04}
{'loss': 0.9335, 'grad_norm': 2.9345486164093018, 'learning_rate': 9.997838464762189e-06, 'epoch': 0.04}
{'loss': 0.7286, 'grad_norm': 2.394216299057007, 'learning_rate': 9.997835406567646e-06, 'epoch': 0.04}
{'loss': 0.7656, 'grad_norm': 2.476390838623047, 'learning_rate': 9.997832346211695e-06, 'epoch': 0.04}
{'loss': 0.9842, 'grad_norm': 2.861025094985962, 'learning_rate': 9.99782928369434e-06, 'epoch': 0.04}
{'loss': 0.8637, 'grad_norm': 2.6896235942840576, 'learning_rate': 9.997826219015578e-06, 'epoch': 0.04}
{'loss': 1.1321, 'grad_norm': 2.711747646331787, 'learning_rate': 9.997823152175412e-06, 'epoch': 0.04}
{'loss': 1.1014, 'grad_norm': 2.6981256008148193, 'learning_rate': 9.997820083173844e-06, 'epoch': 0.04}
{'loss': 1.0369, 'grad_norm': 2.738020658493042, 'learning_rate': 9.997817012010874e-06, 'epoch': 0.04}
{'loss': 0.9758, 'grad_norm': 2.6336395740509033, 'learning_rate': 9.997813938686505e-06, 'epoch': 0.04}
{'loss': 0.7686, 'grad_norm': 2.3219244480133057, 'learning_rate': 9.997810863200736e-06, 'epoch': 0.04}
{'loss': 1.0264, 'grad_norm': 2.6319103240966797, 'learning_rate': 9.99780778555357e-06, 'epoch': 0.04}
{'loss': 0.8125, 'grad_norm': 2.3499481678009033, 'learning_rate': 9.99780470574501e-06, 'epoch': 0.04}
{'loss': 0.8856, 'grad_norm': 2.532191276550293, 'learning_rate': 9.997801623775054e-06, 'epoch': 0.04}
{'loss': 1.0349, 'grad_norm': 2.9906554222106934, 'learning_rate': 9.997798539643704e-06, 'epoch': 0.04}
{'loss': 0.9935, 'grad_norm': 2.796753168106079, 'learning_rate': 9.997795453350962e-06, 'epoch': 0.04}
{'loss': 1.1877, 'grad_norm': 2.6308650970458984, 'learning_rate': 9.997792364896831e-06, 'epoch': 0.04}
{'loss': 0.8831, 'grad_norm': 2.561082363128662, 'learning_rate': 9.997789274281309e-06, 'epoch': 0.04}
{'loss': 1.088, 'grad_norm': 2.8955869674682617, 'learning_rate': 9.997786181504401e-06, 'epoch': 0.04}
{'loss': 0.9502, 'grad_norm': 2.5078823566436768, 'learning_rate': 9.997783086566104e-06, 'epoch': 0.04}
{'loss': 0.7373, 'grad_norm': 2.4057273864746094, 'learning_rate': 9.997779989466423e-06, 'epoch': 0.04}
{'loss': 0.8565, 'grad_norm': 2.676283597946167, 'learning_rate': 9.99777689020536e-06, 'epoch': 0.04}
{'loss': 1.0444, 'grad_norm': 2.9190640449523926, 'learning_rate': 9.997773788782912e-06, 'epoch': 0.04}
{'loss': 0.8733, 'grad_norm': 2.6280105113983154, 'learning_rate': 9.997770685199082e-06, 'epoch': 0.04}
{'loss': 0.7603, 'grad_norm': 2.5508971214294434, 'learning_rate': 9.997767579453875e-06, 'epoch': 0.04}
{'loss': 0.8732, 'grad_norm': 2.581671953201294, 'learning_rate': 9.997764471547286e-06, 'epoch': 0.04}
{'loss': 0.9844, 'grad_norm': 2.7641453742980957, 'learning_rate': 9.99776136147932e-06, 'epoch': 0.04}
{'loss': 0.7375, 'grad_norm': 2.7045609951019287, 'learning_rate': 9.997758249249981e-06, 'epoch': 0.04}
{'loss': 0.8736, 'grad_norm': 2.387295722961426, 'learning_rate': 9.997755134859266e-06, 'epoch': 0.04}
{'loss': 0.8602, 'grad_norm': 2.494819164276123, 'learning_rate': 9.997752018307179e-06, 'epoch': 0.04}
{'loss': 0.9349, 'grad_norm': 2.603422164916992, 'learning_rate': 9.997748899593717e-06, 'epoch': 0.04}
{'loss': 0.9019, 'grad_norm': 2.500282049179077, 'learning_rate': 9.997745778718889e-06, 'epoch': 0.04}
{'loss': 0.9918, 'grad_norm': 2.5784990787506104, 'learning_rate': 9.997742655682688e-06, 'epoch': 0.04}
{'loss': 0.7902, 'grad_norm': 2.4196064472198486, 'learning_rate': 9.99773953048512e-06, 'epoch': 0.04}
{'loss': 0.9212, 'grad_norm': 2.688009023666382, 'learning_rate': 9.997736403126186e-06, 'epoch': 0.04}
{'loss': 0.8461, 'grad_norm': 2.538604497909546, 'learning_rate': 9.997733273605887e-06, 'epoch': 0.04}
{'loss': 0.9386, 'grad_norm': 2.7240638732910156, 'learning_rate': 9.997730141924224e-06, 'epoch': 0.04}
{'loss': 0.8326, 'grad_norm': 2.6214072704315186, 'learning_rate': 9.997727008081199e-06, 'epoch': 0.04}
{'loss': 0.8357, 'grad_norm': 2.552114963531494, 'learning_rate': 9.997723872076815e-06, 'epoch': 0.04}
{'loss': 0.8408, 'grad_norm': 2.5037310123443604, 'learning_rate': 9.997720733911068e-06, 'epoch': 0.04}
{'loss': 1.2109, 'grad_norm': 2.962907314300537, 'learning_rate': 9.997717593583965e-06, 'epoch': 0.04}
{'loss': 1.0769, 'grad_norm': 2.7007813453674316, 'learning_rate': 9.997714451095503e-06, 'epoch': 0.04}
{'loss': 0.7259, 'grad_norm': 2.453169107437134, 'learning_rate': 9.997711306445686e-06, 'epoch': 0.04}
{'loss': 1.0813, 'grad_norm': 2.8841004371643066, 'learning_rate': 9.997708159634515e-06, 'epoch': 0.04}
{'loss': 1.0408, 'grad_norm': 2.538140058517456, 'learning_rate': 9.997705010661991e-06, 'epoch': 0.04}
{'loss': 0.9104, 'grad_norm': 2.736467123031616, 'learning_rate': 9.997701859528117e-06, 'epoch': 0.04}
{'loss': 1.2318, 'grad_norm': 3.0578033924102783, 'learning_rate': 9.99769870623289e-06, 'epoch': 0.04}
{'loss': 0.8444, 'grad_norm': 2.41697096824646, 'learning_rate': 9.997695550776317e-06, 'epoch': 0.04}
{'loss': 1.2194, 'grad_norm': 3.12492299079895, 'learning_rate': 9.997692393158395e-06, 'epoch': 0.04}
{'loss': 0.7207, 'grad_norm': 2.478599786758423, 'learning_rate': 9.997689233379126e-06, 'epoch': 0.04}
{'loss': 0.7487, 'grad_norm': 1.9857760667800903, 'learning_rate': 9.997686071438516e-06, 'epoch': 0.04}
{'loss': 0.8575, 'grad_norm': 2.646855354309082, 'learning_rate': 9.997682907336558e-06, 'epoch': 0.04}
{'loss': 0.7071, 'grad_norm': 2.352876663208008, 'learning_rate': 9.99767974107326e-06, 'epoch': 0.04}
{'loss': 0.752, 'grad_norm': 2.6460723876953125, 'learning_rate': 9.997676572648623e-06, 'epoch': 0.04}
{'loss': 0.9258, 'grad_norm': 2.5528011322021484, 'learning_rate': 9.997673402062647e-06, 'epoch': 0.04}
{'loss': 0.8016, 'grad_norm': 2.8186755180358887, 'learning_rate': 9.997670229315331e-06, 'epoch': 0.04}
{'loss': 0.7628, 'grad_norm': 2.5420961380004883, 'learning_rate': 9.997667054406678e-06, 'epoch': 0.04}
{'loss': 0.9343, 'grad_norm': 2.6380438804626465, 'learning_rate': 9.997663877336692e-06, 'epoch': 0.04}
{'loss': 0.7053, 'grad_norm': 2.794955253601074, 'learning_rate': 9.997660698105371e-06, 'epoch': 0.04}
{'loss': 0.9288, 'grad_norm': 2.5084383487701416, 'learning_rate': 9.997657516712717e-06, 'epoch': 0.04}
{'loss': 1.1261, 'grad_norm': 2.7734286785125732, 'learning_rate': 9.997654333158734e-06, 'epoch': 0.04}
{'loss': 0.8082, 'grad_norm': 2.6383838653564453, 'learning_rate': 9.997651147443422e-06, 'epoch': 0.04}
{'loss': 0.8821, 'grad_norm': 2.492495536804199, 'learning_rate': 9.99764795956678e-06, 'epoch': 0.04}
{'loss': 0.6239, 'grad_norm': 2.094161033630371, 'learning_rate': 9.99764476952881e-06, 'epoch': 0.04}
{'loss': 1.0027, 'grad_norm': 2.619434356689453, 'learning_rate': 9.997641577329516e-06, 'epoch': 0.04}
{'loss': 0.9183, 'grad_norm': 2.863083839416504, 'learning_rate': 9.997638382968898e-06, 'epoch': 0.04}
{'loss': 1.0333, 'grad_norm': 2.79750657081604, 'learning_rate': 9.997635186446957e-06, 'epoch': 0.04}
{'loss': 1.0222, 'grad_norm': 2.6475648880004883, 'learning_rate': 9.997631987763696e-06, 'epoch': 0.04}
{'loss': 0.911, 'grad_norm': 2.796386957168579, 'learning_rate': 9.997628786919113e-06, 'epoch': 0.04}
{'loss': 0.8292, 'grad_norm': 2.5219738483428955, 'learning_rate': 9.997625583913213e-06, 'epoch': 0.04}
{'loss': 0.9619, 'grad_norm': 2.5141916275024414, 'learning_rate': 9.997622378745994e-06, 'epoch': 0.04}
{'loss': 0.9727, 'grad_norm': 3.4589686393737793, 'learning_rate': 9.99761917141746e-06, 'epoch': 0.04}
{'loss': 0.7924, 'grad_norm': 2.609915018081665, 'learning_rate': 9.997615961927613e-06, 'epoch': 0.04}
{'loss': 0.8559, 'grad_norm': 2.630070447921753, 'learning_rate': 9.997612750276452e-06, 'epoch': 0.04}
{'loss': 1.055, 'grad_norm': 3.005683660507202, 'learning_rate': 9.997609536463979e-06, 'epoch': 0.04}
{'loss': 1.0716, 'grad_norm': 3.1167569160461426, 'learning_rate': 9.997606320490196e-06, 'epoch': 0.04}
{'loss': 0.8371, 'grad_norm': 2.484832286834717, 'learning_rate': 9.997603102355104e-06, 'epoch': 0.04}
{'loss': 0.742, 'grad_norm': 2.5401508808135986, 'learning_rate': 9.997599882058706e-06, 'epoch': 0.04}
{'loss': 0.8863, 'grad_norm': 2.6738860607147217, 'learning_rate': 9.997596659601002e-06, 'epoch': 0.04}
{'loss': 1.0312, 'grad_norm': 2.7629830837249756, 'learning_rate': 9.997593434981991e-06, 'epoch': 0.04}
{'loss': 0.8707, 'grad_norm': 2.5995192527770996, 'learning_rate': 9.997590208201678e-06, 'epoch': 0.04}
{'loss': 0.9185, 'grad_norm': 2.5481679439544678, 'learning_rate': 9.997586979260063e-06, 'epoch': 0.04}
{'loss': 0.8264, 'grad_norm': 2.4437549114227295, 'learning_rate': 9.997583748157149e-06, 'epoch': 0.04}
{'loss': 0.8207, 'grad_norm': 2.62389874458313, 'learning_rate': 9.997580514892932e-06, 'epoch': 0.04}
{'loss': 0.6335, 'grad_norm': 2.215571165084839, 'learning_rate': 9.99757727946742e-06, 'epoch': 0.04}
{'loss': 1.0522, 'grad_norm': 2.8858048915863037, 'learning_rate': 9.997574041880614e-06, 'epoch': 0.04}
{'loss': 0.9926, 'grad_norm': 2.5348639488220215, 'learning_rate': 9.99757080213251e-06, 'epoch': 0.04}
{'loss': 0.9214, 'grad_norm': 2.8281357288360596, 'learning_rate': 9.997567560223114e-06, 'epoch': 0.04}
{'loss': 0.9269, 'grad_norm': 2.608527183532715, 'learning_rate': 9.997564316152424e-06, 'epoch': 0.04}
{'loss': 1.032, 'grad_norm': 2.814767360687256, 'learning_rate': 9.997561069920444e-06, 'epoch': 0.04}
{'loss': 0.9202, 'grad_norm': 2.5525882244110107, 'learning_rate': 9.997557821527176e-06, 'epoch': 0.04}
{'loss': 0.9184, 'grad_norm': 2.396021842956543, 'learning_rate': 9.997554570972619e-06, 'epoch': 0.04}
{'loss': 0.9507, 'grad_norm': 2.5700008869171143, 'learning_rate': 9.997551318256777e-06, 'epoch': 0.04}
{'loss': 1.0864, 'grad_norm': 2.9095098972320557, 'learning_rate': 9.997548063379649e-06, 'epoch': 0.04}
{'loss': 1.041, 'grad_norm': 2.6033935546875, 'learning_rate': 9.997544806341238e-06, 'epoch': 0.04}
{'loss': 0.8905, 'grad_norm': 2.5925848484039307, 'learning_rate': 9.997541547141543e-06, 'epoch': 0.04}
{'loss': 0.8429, 'grad_norm': 2.6162922382354736, 'learning_rate': 9.997538285780567e-06, 'epoch': 0.04}
{'loss': 0.7574, 'grad_norm': 2.345175266265869, 'learning_rate': 9.997535022258313e-06, 'epoch': 0.04}
{'loss': 0.9453, 'grad_norm': 2.6377673149108887, 'learning_rate': 9.99753175657478e-06, 'epoch': 0.04}
{'loss': 0.9402, 'grad_norm': 2.4718196392059326, 'learning_rate': 9.997528488729973e-06, 'epoch': 0.04}
{'loss': 0.81, 'grad_norm': 3.0764007568359375, 'learning_rate': 9.997525218723889e-06, 'epoch': 0.04}
{'loss': 0.9401, 'grad_norm': 2.772092580795288, 'learning_rate': 9.997521946556531e-06, 'epoch': 0.04}
{'loss': 0.7999, 'grad_norm': 2.2828867435455322, 'learning_rate': 9.997518672227901e-06, 'epoch': 0.04}
{'loss': 1.0036, 'grad_norm': 2.7793991565704346, 'learning_rate': 9.997515395738e-06, 'epoch': 0.04}
{'loss': 0.7419, 'grad_norm': 2.604820966720581, 'learning_rate': 9.99751211708683e-06, 'epoch': 0.04}
{'loss': 0.8511, 'grad_norm': 2.775406837463379, 'learning_rate': 9.99750883627439e-06, 'epoch': 0.04}
{'loss': 0.878, 'grad_norm': 2.9414584636688232, 'learning_rate': 9.997505553300685e-06, 'epoch': 0.04}
{'loss': 0.7881, 'grad_norm': 2.4167799949645996, 'learning_rate': 9.997502268165716e-06, 'epoch': 0.04}
{'loss': 1.0628, 'grad_norm': 2.5591647624969482, 'learning_rate': 9.99749898086948e-06, 'epoch': 0.04}
{'loss': 0.8547, 'grad_norm': 2.4165377616882324, 'learning_rate': 9.997495691411983e-06, 'epoch': 0.04}
{'loss': 1.0097, 'grad_norm': 2.490497589111328, 'learning_rate': 9.997492399793226e-06, 'epoch': 0.04}
{'loss': 0.8917, 'grad_norm': 2.63376784324646, 'learning_rate': 9.997489106013209e-06, 'epoch': 0.04}
{'loss': 0.7124, 'grad_norm': 2.490342378616333, 'learning_rate': 9.997485810071934e-06, 'epoch': 0.04}
{'loss': 0.8952, 'grad_norm': 2.94588303565979, 'learning_rate': 9.997482511969401e-06, 'epoch': 0.04}
{'loss': 0.9728, 'grad_norm': 2.7754976749420166, 'learning_rate': 9.997479211705614e-06, 'epoch': 0.04}
{'loss': 0.7254, 'grad_norm': 2.389019727706909, 'learning_rate': 9.997475909280572e-06, 'epoch': 0.04}
{'loss': 1.0118, 'grad_norm': 2.3228979110717773, 'learning_rate': 9.997472604694279e-06, 'epoch': 0.04}
{'loss': 1.012, 'grad_norm': 3.179885149002075, 'learning_rate': 9.997469297946733e-06, 'epoch': 0.04}
{'loss': 0.6466, 'grad_norm': 2.1452441215515137, 'learning_rate': 9.99746598903794e-06, 'epoch': 0.04}
{'loss': 0.9922, 'grad_norm': 2.5866456031799316, 'learning_rate': 9.997462677967898e-06, 'epoch': 0.04}
{'loss': 0.9904, 'grad_norm': 2.8583834171295166, 'learning_rate': 9.997459364736609e-06, 'epoch': 0.04}
{'loss': 0.9587, 'grad_norm': 2.72219181060791, 'learning_rate': 9.997456049344074e-06, 'epoch': 0.04}
{'loss': 1.0004, 'grad_norm': 2.657007932662964, 'learning_rate': 9.997452731790295e-06, 'epoch': 0.04}
{'loss': 1.0669, 'grad_norm': 2.773937940597534, 'learning_rate': 9.997449412075274e-06, 'epoch': 0.04}
{'loss': 0.8429, 'grad_norm': 2.536128520965576, 'learning_rate': 9.997446090199012e-06, 'epoch': 0.04}
{'loss': 0.8997, 'grad_norm': 2.547936201095581, 'learning_rate': 9.997442766161511e-06, 'epoch': 0.04}
{'loss': 1.0247, 'grad_norm': 3.0788486003875732, 'learning_rate': 9.997439439962772e-06, 'epoch': 0.04}
{'loss': 1.1632, 'grad_norm': 3.0325348377227783, 'learning_rate': 9.997436111602797e-06, 'epoch': 0.04}
{'loss': 1.0233, 'grad_norm': 2.400768518447876, 'learning_rate': 9.997432781081584e-06, 'epoch': 0.04}
{'loss': 0.8466, 'grad_norm': 2.6299407482147217, 'learning_rate': 9.99742944839914e-06, 'epoch': 0.04}
{'loss': 1.3297, 'grad_norm': 3.0551531314849854, 'learning_rate': 9.997426113555463e-06, 'epoch': 0.04}
{'loss': 0.7961, 'grad_norm': 2.280801773071289, 'learning_rate': 9.997422776550553e-06, 'epoch': 0.04}
{'loss': 0.9792, 'grad_norm': 2.5890426635742188, 'learning_rate': 9.997419437384418e-06, 'epoch': 0.04}
{'loss': 1.0418, 'grad_norm': 2.6711552143096924, 'learning_rate': 9.99741609605705e-06, 'epoch': 0.04}
{'loss': 0.9081, 'grad_norm': 2.575397253036499, 'learning_rate': 9.997412752568458e-06, 'epoch': 0.04}
{'loss': 1.1423, 'grad_norm': 2.523460865020752, 'learning_rate': 9.997409406918641e-06, 'epoch': 0.04}
{'loss': 0.8293, 'grad_norm': 2.527507781982422, 'learning_rate': 9.997406059107599e-06, 'epoch': 0.04}
{'loss': 1.0166, 'grad_norm': 2.4674530029296875, 'learning_rate': 9.997402709135337e-06, 'epoch': 0.04}
{'loss': 0.946, 'grad_norm': 2.4079718589782715, 'learning_rate': 9.997399357001852e-06, 'epoch': 0.04}
{'loss': 0.8395, 'grad_norm': 2.3828372955322266, 'learning_rate': 9.997396002707149e-06, 'epoch': 0.04}
{'loss': 0.7432, 'grad_norm': 2.139796018600464, 'learning_rate': 9.997392646251227e-06, 'epoch': 0.04}
{'loss': 1.0627, 'grad_norm': 2.5879509449005127, 'learning_rate': 9.99738928763409e-06, 'epoch': 0.04}
{'loss': 0.9384, 'grad_norm': 2.434478282928467, 'learning_rate': 9.997385926855737e-06, 'epoch': 0.04}
{'loss': 0.8986, 'grad_norm': 2.3498928546905518, 'learning_rate': 9.997382563916172e-06, 'epoch': 0.04}
{'loss': 0.874, 'grad_norm': 2.4715006351470947, 'learning_rate': 9.997379198815393e-06, 'epoch': 0.04}
{'loss': 1.106, 'grad_norm': 2.87453031539917, 'learning_rate': 9.997375831553403e-06, 'epoch': 0.04}
{'loss': 0.7987, 'grad_norm': 2.462538003921509, 'learning_rate': 9.997372462130206e-06, 'epoch': 0.04}
{'loss': 1.0938, 'grad_norm': 2.853076457977295, 'learning_rate': 9.997369090545801e-06, 'epoch': 0.04}
{'loss': 1.0237, 'grad_norm': 2.5578014850616455, 'learning_rate': 9.997365716800188e-06, 'epoch': 0.04}
{'loss': 0.9369, 'grad_norm': 3.0639922618865967, 'learning_rate': 9.997362340893371e-06, 'epoch': 0.04}
{'loss': 0.7345, 'grad_norm': 2.3635849952697754, 'learning_rate': 9.997358962825352e-06, 'epoch': 0.04}
{'loss': 1.1726, 'grad_norm': 2.856640338897705, 'learning_rate': 9.99735558259613e-06, 'epoch': 0.04}
{'loss': 1.0332, 'grad_norm': 2.831953763961792, 'learning_rate': 9.997352200205707e-06, 'epoch': 0.04}
{'loss': 0.7468, 'grad_norm': 2.4440853595733643, 'learning_rate': 9.997348815654086e-06, 'epoch': 0.04}
{'loss': 0.9347, 'grad_norm': 2.9141602516174316, 'learning_rate': 9.997345428941267e-06, 'epoch': 0.04}
{'loss': 0.8194, 'grad_norm': 2.4748406410217285, 'learning_rate': 9.997342040067252e-06, 'epoch': 0.04}
{'loss': 1.085, 'grad_norm': 2.680008888244629, 'learning_rate': 9.997338649032044e-06, 'epoch': 0.04}
{'loss': 1.342, 'grad_norm': 3.0746452808380127, 'learning_rate': 9.99733525583564e-06, 'epoch': 0.04}
{'loss': 0.9581, 'grad_norm': 2.5993893146514893, 'learning_rate': 9.997331860478047e-06, 'epoch': 0.04}
{'loss': 0.9731, 'grad_norm': 2.610870599746704, 'learning_rate': 9.997328462959262e-06, 'epoch': 0.04}
{'loss': 0.8552, 'grad_norm': 2.492215156555176, 'learning_rate': 9.99732506327929e-06, 'epoch': 0.04}
{'loss': 0.9978, 'grad_norm': 2.543494939804077, 'learning_rate': 9.997321661438131e-06, 'epoch': 0.04}
{'loss': 0.9783, 'grad_norm': 2.499577760696411, 'learning_rate': 9.997318257435784e-06, 'epoch': 0.04}
{'loss': 1.028, 'grad_norm': 2.6853039264678955, 'learning_rate': 9.997314851272256e-06, 'epoch': 0.04}
{'loss': 0.9465, 'grad_norm': 2.6677920818328857, 'learning_rate': 9.997311442947542e-06, 'epoch': 0.04}
{'loss': 1.1124, 'grad_norm': 2.8163325786590576, 'learning_rate': 9.997308032461649e-06, 'epoch': 0.04}
{'loss': 0.9902, 'grad_norm': 2.6006791591644287, 'learning_rate': 9.997304619814575e-06, 'epoch': 0.04}
{'loss': 0.8482, 'grad_norm': 2.510232925415039, 'learning_rate': 9.997301205006323e-06, 'epoch': 0.04}
{'loss': 0.883, 'grad_norm': 2.4282102584838867, 'learning_rate': 9.997297788036893e-06, 'epoch': 0.04}
{'loss': 0.7619, 'grad_norm': 2.3327269554138184, 'learning_rate': 9.997294368906288e-06, 'epoch': 0.04}
{'loss': 0.7863, 'grad_norm': 2.2822623252868652, 'learning_rate': 9.997290947614509e-06, 'epoch': 0.04}
{'loss': 0.7927, 'grad_norm': 2.4727416038513184, 'learning_rate': 9.997287524161558e-06, 'epoch': 0.04}
{'loss': 1.0017, 'grad_norm': 2.7434487342834473, 'learning_rate': 9.997284098547438e-06, 'epoch': 0.04}
{'loss': 0.8353, 'grad_norm': 2.7296383380889893, 'learning_rate': 9.997280670772145e-06, 'epoch': 0.04}
{'loss': 1.0323, 'grad_norm': 2.5183863639831543, 'learning_rate': 9.997277240835686e-06, 'epoch': 0.04}
{'loss': 0.8752, 'grad_norm': 2.728834390640259, 'learning_rate': 9.99727380873806e-06, 'epoch': 0.04}
{'loss': 0.8047, 'grad_norm': 2.6220812797546387, 'learning_rate': 9.99727037447927e-06, 'epoch': 0.04}
{'loss': 0.9888, 'grad_norm': 2.6639349460601807, 'learning_rate': 9.997266938059316e-06, 'epoch': 0.04}
{'loss': 0.7407, 'grad_norm': 2.306187152862549, 'learning_rate': 9.997263499478197e-06, 'epoch': 0.04}
{'loss': 0.9655, 'grad_norm': 2.5879411697387695, 'learning_rate': 9.997260058735921e-06, 'epoch': 0.04}
{'loss': 0.9166, 'grad_norm': 2.705317258834839, 'learning_rate': 9.997256615832485e-06, 'epoch': 0.04}
{'loss': 0.906, 'grad_norm': 2.6726646423339844, 'learning_rate': 9.997253170767891e-06, 'epoch': 0.04}
{'loss': 0.7647, 'grad_norm': 2.567030191421509, 'learning_rate': 9.997249723542142e-06, 'epoch': 0.04}
{'loss': 1.0384, 'grad_norm': 2.6708643436431885, 'learning_rate': 9.997246274155236e-06, 'epoch': 0.04}
{'loss': 0.7966, 'grad_norm': 2.459426164627075, 'learning_rate': 9.99724282260718e-06, 'epoch': 0.04}
{'loss': 0.8266, 'grad_norm': 2.5447709560394287, 'learning_rate': 9.997239368897971e-06, 'epoch': 0.04}
{'loss': 0.706, 'grad_norm': 1.927850365638733, 'learning_rate': 9.997235913027612e-06, 'epoch': 0.04}
{'loss': 0.8005, 'grad_norm': 2.3977320194244385, 'learning_rate': 9.997232454996103e-06, 'epoch': 0.04}
{'loss': 1.0253, 'grad_norm': 2.9445250034332275, 'learning_rate': 9.997228994803447e-06, 'epoch': 0.04}
{'loss': 0.953, 'grad_norm': 2.6177022457122803, 'learning_rate': 9.997225532449649e-06, 'epoch': 0.04}
{'loss': 0.8154, 'grad_norm': 3.050367593765259, 'learning_rate': 9.997222067934702e-06, 'epoch': 0.04}
{'loss': 1.0631, 'grad_norm': 2.7411463260650635, 'learning_rate': 9.997218601258615e-06, 'epoch': 0.04}
{'loss': 0.8269, 'grad_norm': 2.398526668548584, 'learning_rate': 9.997215132421386e-06, 'epoch': 0.04}
{'loss': 0.8182, 'grad_norm': 2.614140272140503, 'learning_rate': 9.997211661423017e-06, 'epoch': 0.04}
{'loss': 0.8758, 'grad_norm': 2.4340057373046875, 'learning_rate': 9.997208188263511e-06, 'epoch': 0.04}
{'loss': 0.9114, 'grad_norm': 2.6657421588897705, 'learning_rate': 9.997204712942867e-06, 'epoch': 0.04}
{'loss': 0.6551, 'grad_norm': 2.216876268386841, 'learning_rate': 9.99720123546109e-06, 'epoch': 0.04}
{'loss': 1.0013, 'grad_norm': 2.5866949558258057, 'learning_rate': 9.997197755818178e-06, 'epoch': 0.04}
{'loss': 0.9502, 'grad_norm': 2.562697172164917, 'learning_rate': 9.997194274014132e-06, 'epoch': 0.04}
{'loss': 0.7804, 'grad_norm': 2.4266469478607178, 'learning_rate': 9.997190790048959e-06, 'epoch': 0.04}
{'loss': 1.0344, 'grad_norm': 2.505134344100952, 'learning_rate': 9.997187303922656e-06, 'epoch': 0.04}
{'loss': 0.6928, 'grad_norm': 2.3306925296783447, 'learning_rate': 9.997183815635223e-06, 'epoch': 0.04}
{'loss': 0.7694, 'grad_norm': 2.8975954055786133, 'learning_rate': 9.997180325186665e-06, 'epoch': 0.04}
{'loss': 0.9745, 'grad_norm': 2.660282850265503, 'learning_rate': 9.997176832576982e-06, 'epoch': 0.04}
{'loss': 0.9243, 'grad_norm': 2.5532777309417725, 'learning_rate': 9.997173337806178e-06, 'epoch': 0.04}
{'loss': 0.8679, 'grad_norm': 2.5893731117248535, 'learning_rate': 9.99716984087425e-06, 'epoch': 0.04}
{'loss': 0.5739, 'grad_norm': 1.806329607963562, 'learning_rate': 9.997166341781204e-06, 'epoch': 0.04}
{'loss': 0.7428, 'grad_norm': 2.357269287109375, 'learning_rate': 9.997162840527039e-06, 'epoch': 0.04}
{'loss': 0.8226, 'grad_norm': 2.48945689201355, 'learning_rate': 9.997159337111755e-06, 'epoch': 0.04}
{'loss': 1.1071, 'grad_norm': 3.0757498741149902, 'learning_rate': 9.997155831535356e-06, 'epoch': 0.04}
{'loss': 0.8205, 'grad_norm': 2.7537496089935303, 'learning_rate': 9.997152323797845e-06, 'epoch': 0.04}
{'loss': 0.7118, 'grad_norm': 2.4125592708587646, 'learning_rate': 9.99714881389922e-06, 'epoch': 0.04}
{'loss': 0.7413, 'grad_norm': 2.6049420833587646, 'learning_rate': 9.997145301839485e-06, 'epoch': 0.04}
{'loss': 0.9702, 'grad_norm': 2.64481782913208, 'learning_rate': 9.997141787618641e-06, 'epoch': 0.04}
{'loss': 0.6962, 'grad_norm': 2.399890184402466, 'learning_rate': 9.997138271236687e-06, 'epoch': 0.04}
{'loss': 0.706, 'grad_norm': 1.9129174947738647, 'learning_rate': 9.997134752693627e-06, 'epoch': 0.04}
{'loss': 0.828, 'grad_norm': 2.5732760429382324, 'learning_rate': 9.997131231989464e-06, 'epoch': 0.04}
{'loss': 0.9084, 'grad_norm': 2.8966329097747803, 'learning_rate': 9.997127709124196e-06, 'epoch': 0.04}
{'loss': 0.9965, 'grad_norm': 2.681514024734497, 'learning_rate': 9.997124184097826e-06, 'epoch': 0.04}
{'loss': 0.7969, 'grad_norm': 2.7317841053009033, 'learning_rate': 9.997120656910357e-06, 'epoch': 0.04}
{'loss': 0.8637, 'grad_norm': 2.464632987976074, 'learning_rate': 9.997117127561787e-06, 'epoch': 0.04}
{'loss': 0.8285, 'grad_norm': 2.673628091812134, 'learning_rate': 9.997113596052121e-06, 'epoch': 0.04}
{'loss': 0.9433, 'grad_norm': 2.533693790435791, 'learning_rate': 9.99711006238136e-06, 'epoch': 0.04}
{'loss': 0.9484, 'grad_norm': 2.5639679431915283, 'learning_rate': 9.997106526549503e-06, 'epoch': 0.04}
{'loss': 0.9613, 'grad_norm': 2.806351900100708, 'learning_rate': 9.997102988556555e-06, 'epoch': 0.04}
{'loss': 0.9631, 'grad_norm': 2.56821346282959, 'learning_rate': 9.997099448402517e-06, 'epoch': 0.04}
{'loss': 1.0222, 'grad_norm': 2.635263204574585, 'learning_rate': 9.997095906087386e-06, 'epoch': 0.04}
{'loss': 0.8439, 'grad_norm': 2.816434860229492, 'learning_rate': 9.99709236161117e-06, 'epoch': 0.04}
{'loss': 0.645, 'grad_norm': 1.9622361660003662, 'learning_rate': 9.997088814973865e-06, 'epoch': 0.04}
{'loss': 0.8812, 'grad_norm': 2.3174171447753906, 'learning_rate': 9.997085266175476e-06, 'epoch': 0.04}
{'loss': 0.8163, 'grad_norm': 2.541735887527466, 'learning_rate': 9.997081715216004e-06, 'epoch': 0.04}
{'loss': 0.9238, 'grad_norm': 2.5631697177886963, 'learning_rate': 9.997078162095448e-06, 'epoch': 0.04}
{'loss': 0.725, 'grad_norm': 2.210019826889038, 'learning_rate': 9.997074606813814e-06, 'epoch': 0.04}
{'loss': 0.8957, 'grad_norm': 2.8348560333251953, 'learning_rate': 9.9970710493711e-06, 'epoch': 0.04}
{'loss': 0.7883, 'grad_norm': 2.6564621925354004, 'learning_rate': 9.997067489767309e-06, 'epoch': 0.04}
{'loss': 0.9685, 'grad_norm': 2.6362290382385254, 'learning_rate': 9.997063928002441e-06, 'epoch': 0.04}
{'loss': 0.9992, 'grad_norm': 2.790666341781616, 'learning_rate': 9.9970603640765e-06, 'epoch': 0.04}
{'loss': 0.8638, 'grad_norm': 2.5470244884490967, 'learning_rate': 9.997056797989486e-06, 'epoch': 0.04}
{'loss': 0.8633, 'grad_norm': 2.6995487213134766, 'learning_rate': 9.997053229741401e-06, 'epoch': 0.04}
{'loss': 0.6821, 'grad_norm': 2.0381500720977783, 'learning_rate': 9.997049659332247e-06, 'epoch': 0.04}
{'loss': 0.8895, 'grad_norm': 2.5303802490234375, 'learning_rate': 9.997046086762024e-06, 'epoch': 0.04}
{'loss': 0.8933, 'grad_norm': 2.5165116786956787, 'learning_rate': 9.997042512030735e-06, 'epoch': 0.04}
{'loss': 1.0015, 'grad_norm': 2.9315717220306396, 'learning_rate': 9.99703893513838e-06, 'epoch': 0.04}
{'loss': 0.7247, 'grad_norm': 1.9856200218200684, 'learning_rate': 9.997035356084963e-06, 'epoch': 0.04}
{'loss': 0.9407, 'grad_norm': 2.72526478767395, 'learning_rate': 9.997031774870483e-06, 'epoch': 0.04}
{'loss': 0.7376, 'grad_norm': 2.0446739196777344, 'learning_rate': 9.997028191494941e-06, 'epoch': 0.04}
{'loss': 0.9768, 'grad_norm': 2.541879653930664, 'learning_rate': 9.997024605958343e-06, 'epoch': 0.04}
{'loss': 1.0139, 'grad_norm': 2.8086585998535156, 'learning_rate': 9.997021018260687e-06, 'epoch': 0.04}
{'loss': 1.0889, 'grad_norm': 2.8527936935424805, 'learning_rate': 9.997017428401976e-06, 'epoch': 0.04}
{'loss': 1.0794, 'grad_norm': 3.136152505874634, 'learning_rate': 9.99701383638221e-06, 'epoch': 0.04}
{'loss': 1.2652, 'grad_norm': 3.0772054195404053, 'learning_rate': 9.99701024220139e-06, 'epoch': 0.04}
{'loss': 0.9147, 'grad_norm': 2.4477179050445557, 'learning_rate': 9.997006645859521e-06, 'epoch': 0.04}
{'loss': 0.9692, 'grad_norm': 2.861395835876465, 'learning_rate': 9.997003047356602e-06, 'epoch': 0.04}
[03:07:12.123484] Error: Error reading OpenGVLab/stage2/OpenMMLab___Kinetics-400/raw/Kinetics-400/videos_train/OJiyfGIC1NA.mp4...
[03:07:12.123529] Failed to read video file: OpenGVLab/stage2/OpenMMLab___Kinetics-400/raw/Kinetics-400/videos_train/OJiyfGIC1NA.mp4
[03:07:12.123544] [Try #0] Failed to fetch sample 3763584. Exception: Error reading OpenGVLab/stage2/OpenMMLab___Kinetics-400/raw/Kinetics-400/videos_train/OJiyfGIC1NA.mp4...
[03:07:13.124910] Error: Error reading OpenGVLab/stage2/OpenMMLab___Kinetics-400/raw/Kinetics-400/videos_train/OJiyfGIC1NA.mp4...
[03:07:13.124963] Failed to read video file: OpenGVLab/stage2/OpenMMLab___Kinetics-400/raw/Kinetics-400/videos_train/OJiyfGIC1NA.mp4
[03:07:13.124982] [Try #1] Failed to fetch sample 3763584. Exception: Error reading OpenGVLab/stage2/OpenMMLab___Kinetics-400/raw/Kinetics-400/videos_train/OJiyfGIC1NA.mp4...
{'loss': 0.8502, 'grad_norm': 2.5554556846618652, 'learning_rate': 9.996999446692635e-06, 'epoch': 0.04}
{'loss': 0.9435, 'grad_norm': 2.6496164798736572, 'learning_rate': 9.996995843867621e-06, 'epoch': 0.04}
{'loss': 0.8459, 'grad_norm': 2.4012553691864014, 'learning_rate': 9.996992238881562e-06, 'epoch': 0.04}
{'loss': 0.7939, 'grad_norm': 2.4229445457458496, 'learning_rate': 9.996988631734462e-06, 'epoch': 0.04}
{'loss': 0.8683, 'grad_norm': 2.570220470428467, 'learning_rate': 9.996985022426317e-06, 'epoch': 0.04}
{'loss': 1.0842, 'grad_norm': 2.5629770755767822, 'learning_rate': 9.996981410957134e-06, 'epoch': 0.04}
{'loss': 0.8047, 'grad_norm': 2.266106128692627, 'learning_rate': 9.996977797326912e-06, 'epoch': 0.04}
{'loss': 0.8238, 'grad_norm': 2.3347508907318115, 'learning_rate': 9.996974181535652e-06, 'epoch': 0.04}
{'loss': 0.7472, 'grad_norm': 2.4692416191101074, 'learning_rate': 9.996970563583359e-06, 'epoch': 0.04}
{'loss': 0.9163, 'grad_norm': 2.6625077724456787, 'learning_rate': 9.99696694347003e-06, 'epoch': 0.04}
{'loss': 0.7769, 'grad_norm': 2.559286117553711, 'learning_rate': 9.99696332119567e-06, 'epoch': 0.04}
{'loss': 0.9097, 'grad_norm': 2.4946420192718506, 'learning_rate': 9.996959696760277e-06, 'epoch': 0.04}
{'loss': 0.8268, 'grad_norm': 2.5534048080444336, 'learning_rate': 9.996956070163856e-06, 'epoch': 0.04}
{'loss': 1.2445, 'grad_norm': 2.8475146293640137, 'learning_rate': 9.996952441406409e-06, 'epoch': 0.04}
{'loss': 0.8411, 'grad_norm': 2.596135139465332, 'learning_rate': 9.996948810487935e-06, 'epoch': 0.04}
{'loss': 0.8965, 'grad_norm': 2.8117494583129883, 'learning_rate': 9.996945177408436e-06, 'epoch': 0.04}
{'loss': 0.8421, 'grad_norm': 2.8376991748809814, 'learning_rate': 9.996941542167915e-06, 'epoch': 0.04}
{'loss': 0.8847, 'grad_norm': 2.7943060398101807, 'learning_rate': 9.996937904766371e-06, 'epoch': 0.04}
{'loss': 0.7994, 'grad_norm': 2.677236795425415, 'learning_rate': 9.996934265203809e-06, 'epoch': 0.04}
{'loss': 1.1172, 'grad_norm': 2.807685136795044, 'learning_rate': 9.996930623480228e-06, 'epoch': 0.04}
{'loss': 0.8672, 'grad_norm': 2.391618490219116, 'learning_rate': 9.99692697959563e-06, 'epoch': 0.04}
{'loss': 0.6985, 'grad_norm': 2.8725264072418213, 'learning_rate': 9.996923333550016e-06, 'epoch': 0.04}
{'loss': 1.0686, 'grad_norm': 3.040971517562866, 'learning_rate': 9.996919685343391e-06, 'epoch': 0.04}
{'loss': 0.8065, 'grad_norm': 2.487305164337158, 'learning_rate': 9.996916034975753e-06, 'epoch': 0.04}
{'loss': 0.8048, 'grad_norm': 2.492331027984619, 'learning_rate': 9.996912382447104e-06, 'epoch': 0.04}
{'loss': 0.898, 'grad_norm': 2.742936849594116, 'learning_rate': 9.996908727757448e-06, 'epoch': 0.04}
{'loss': 0.8919, 'grad_norm': 2.5888705253601074, 'learning_rate': 9.996905070906784e-06, 'epoch': 0.04}
{'loss': 0.9404, 'grad_norm': 3.1334891319274902, 'learning_rate': 9.996901411895114e-06, 'epoch': 0.04}
{'loss': 0.9125, 'grad_norm': 2.7586920261383057, 'learning_rate': 9.99689775072244e-06, 'epoch': 0.04}
{'loss': 1.1361, 'grad_norm': 2.752915620803833, 'learning_rate': 9.996894087388765e-06, 'epoch': 0.04}
{'loss': 1.0922, 'grad_norm': 2.8533620834350586, 'learning_rate': 9.996890421894087e-06, 'epoch': 0.04}
{'loss': 0.6912, 'grad_norm': 2.485809326171875, 'learning_rate': 9.99688675423841e-06, 'epoch': 0.04}
{'loss': 1.0568, 'grad_norm': 2.5476317405700684, 'learning_rate': 9.996883084421737e-06, 'epoch': 0.04}
{'loss': 1.0075, 'grad_norm': 2.9043664932250977, 'learning_rate': 9.996879412444067e-06, 'epoch': 0.04}
{'loss': 0.7594, 'grad_norm': 2.0877561569213867, 'learning_rate': 9.996875738305403e-06, 'epoch': 0.04}
{'loss': 0.9301, 'grad_norm': 2.9509243965148926, 'learning_rate': 9.996872062005745e-06, 'epoch': 0.04}
{'loss': 0.7626, 'grad_norm': 2.5383899211883545, 'learning_rate': 9.996868383545097e-06, 'epoch': 0.04}
{'loss': 0.7596, 'grad_norm': 2.3102645874023438, 'learning_rate': 9.996864702923458e-06, 'epoch': 0.04}
{'loss': 0.8604, 'grad_norm': 2.840698719024658, 'learning_rate': 9.996861020140832e-06, 'epoch': 0.04}
{'loss': 1.0051, 'grad_norm': 2.7782232761383057, 'learning_rate': 9.99685733519722e-06, 'epoch': 0.04}
{'loss': 1.1058, 'grad_norm': 3.16701078414917, 'learning_rate': 9.996853648092622e-06, 'epoch': 0.04}
{'loss': 1.1207, 'grad_norm': 2.8335134983062744, 'learning_rate': 9.99684995882704e-06, 'epoch': 0.04}
{'loss': 0.7697, 'grad_norm': 2.5194880962371826, 'learning_rate': 9.996846267400478e-06, 'epoch': 0.04}
{'loss': 1.0371, 'grad_norm': 2.664865255355835, 'learning_rate': 9.996842573812935e-06, 'epoch': 0.04}
{'loss': 0.9088, 'grad_norm': 2.8728249073028564, 'learning_rate': 9.996838878064414e-06, 'epoch': 0.04}
{'loss': 0.8039, 'grad_norm': 2.8724710941314697, 'learning_rate': 9.996835180154915e-06, 'epoch': 0.04}
{'loss': 0.8467, 'grad_norm': 2.4554150104522705, 'learning_rate': 9.996831480084441e-06, 'epoch': 0.04}
{'loss': 0.9756, 'grad_norm': 2.502676248550415, 'learning_rate': 9.996827777852993e-06, 'epoch': 0.04}
{'loss': 0.7257, 'grad_norm': 2.5454742908477783, 'learning_rate': 9.996824073460573e-06, 'epoch': 0.04}
{'loss': 0.776, 'grad_norm': 1.9863113164901733, 'learning_rate': 9.996820366907183e-06, 'epoch': 0.04}
{'loss': 0.887, 'grad_norm': 2.6182072162628174, 'learning_rate': 9.996816658192824e-06, 'epoch': 0.04}
{'loss': 0.9675, 'grad_norm': 2.950695514678955, 'learning_rate': 9.996812947317498e-06, 'epoch': 0.04}
{'loss': 0.9235, 'grad_norm': 2.528078317642212, 'learning_rate': 9.996809234281206e-06, 'epoch': 0.04}
{'loss': 0.8227, 'grad_norm': 2.6304666996002197, 'learning_rate': 9.99680551908395e-06, 'epoch': 0.04}
{'loss': 0.7721, 'grad_norm': 2.244971513748169, 'learning_rate': 9.996801801725731e-06, 'epoch': 0.04}
{'loss': 0.8293, 'grad_norm': 2.407248020172119, 'learning_rate': 9.996798082206552e-06, 'epoch': 0.04}
{'loss': 0.8137, 'grad_norm': 2.5073294639587402, 'learning_rate': 9.996794360526414e-06, 'epoch': 0.04}
{'loss': 0.862, 'grad_norm': 2.4836647510528564, 'learning_rate': 9.996790636685317e-06, 'epoch': 0.04}
{'loss': 1.0522, 'grad_norm': 2.915562868118286, 'learning_rate': 9.996786910683262e-06, 'epoch': 0.04}
{'loss': 1.0499, 'grad_norm': 2.797236442565918, 'learning_rate': 9.996783182520256e-06, 'epoch': 0.04}
{'loss': 0.9768, 'grad_norm': 2.5207409858703613, 'learning_rate': 9.996779452196296e-06, 'epoch': 0.04}
{'loss': 0.7956, 'grad_norm': 2.671171188354492, 'learning_rate': 9.996775719711385e-06, 'epoch': 0.04}
{'loss': 1.0271, 'grad_norm': 2.5338480472564697, 'learning_rate': 9.996771985065524e-06, 'epoch': 0.04}
{'loss': 0.8191, 'grad_norm': 2.5574629306793213, 'learning_rate': 9.996768248258714e-06, 'epoch': 0.04}
{'loss': 1.1543, 'grad_norm': 2.9403269290924072, 'learning_rate': 9.996764509290959e-06, 'epoch': 0.04}
{'loss': 0.7161, 'grad_norm': 2.3401601314544678, 'learning_rate': 9.99676076816226e-06, 'epoch': 0.04}
{'loss': 0.6552, 'grad_norm': 1.9127051830291748, 'learning_rate': 9.996757024872617e-06, 'epoch': 0.04}
{'loss': 1.1107, 'grad_norm': 2.7176284790039062, 'learning_rate': 9.996753279422031e-06, 'epoch': 0.04}
{'loss': 1.0831, 'grad_norm': 2.89654541015625, 'learning_rate': 9.996749531810506e-06, 'epoch': 0.04}
{'loss': 0.781, 'grad_norm': 2.4419822692871094, 'learning_rate': 9.996745782038044e-06, 'epoch': 0.04}
{'loss': 0.9084, 'grad_norm': 2.4976396560668945, 'learning_rate': 9.996742030104646e-06, 'epoch': 0.04}
{'loss': 0.9543, 'grad_norm': 2.4813926219940186, 'learning_rate': 9.99673827601031e-06, 'epoch': 0.04}
{'loss': 0.9366, 'grad_norm': 2.9851083755493164, 'learning_rate': 9.99673451975504e-06, 'epoch': 0.04}
{'loss': 0.7904, 'grad_norm': 2.748037099838257, 'learning_rate': 9.996730761338842e-06, 'epoch': 0.04}
{'loss': 0.9234, 'grad_norm': 2.4455044269561768, 'learning_rate': 9.99672700076171e-06, 'epoch': 0.04}
{'loss': 0.913, 'grad_norm': 2.656987190246582, 'learning_rate': 9.996723238023653e-06, 'epoch': 0.04}
{'loss': 0.9068, 'grad_norm': 2.6686325073242188, 'learning_rate': 9.996719473124666e-06, 'epoch': 0.04}
{'loss': 0.6089, 'grad_norm': 2.5029141902923584, 'learning_rate': 9.996715706064755e-06, 'epoch': 0.04}
{'loss': 0.8672, 'grad_norm': 2.5727314949035645, 'learning_rate': 9.99671193684392e-06, 'epoch': 0.04}
{'loss': 1.0631, 'grad_norm': 2.647278308868408, 'learning_rate': 9.996708165462164e-06, 'epoch': 0.04}
{'loss': 0.7882, 'grad_norm': 2.502183675765991, 'learning_rate': 9.996704391919488e-06, 'epoch': 0.04}
{'loss': 0.996, 'grad_norm': 2.839421510696411, 'learning_rate': 9.99670061621589e-06, 'epoch': 0.04}
{'loss': 1.0133, 'grad_norm': 2.651477813720703, 'learning_rate': 9.996696838351379e-06, 'epoch': 0.04}
{'loss': 0.9832, 'grad_norm': 3.094071388244629, 'learning_rate': 9.99669305832595e-06, 'epoch': 0.04}
{'loss': 0.9579, 'grad_norm': 3.252298355102539, 'learning_rate': 9.996689276139609e-06, 'epoch': 0.04}
{'loss': 0.7671, 'grad_norm': 2.4449117183685303, 'learning_rate': 9.996685491792353e-06, 'epoch': 0.04}
{'loss': 0.8977, 'grad_norm': 2.640773057937622, 'learning_rate': 9.996681705284188e-06, 'epoch': 0.04}
{'loss': 1.0147, 'grad_norm': 3.050335645675659, 'learning_rate': 9.996677916615114e-06, 'epoch': 0.04}
{'loss': 0.9111, 'grad_norm': 2.8184585571289062, 'learning_rate': 9.996674125785132e-06, 'epoch': 0.04}
{'loss': 0.9206, 'grad_norm': 2.455892562866211, 'learning_rate': 9.996670332794246e-06, 'epoch': 0.04}
{'loss': 0.8545, 'grad_norm': 2.5180470943450928, 'learning_rate': 9.996666537642455e-06, 'epoch': 0.04}
{'loss': 0.8128, 'grad_norm': 2.782914161682129, 'learning_rate': 9.99666274032976e-06, 'epoch': 0.04}
{'loss': 1.1298, 'grad_norm': 3.0322115421295166, 'learning_rate': 9.996658940856165e-06, 'epoch': 0.04}
{'loss': 0.715, 'grad_norm': 2.3294880390167236, 'learning_rate': 9.996655139221671e-06, 'epoch': 0.04}
{'loss': 1.0176, 'grad_norm': 2.7585701942443848, 'learning_rate': 9.996651335426282e-06, 'epoch': 0.04}
{'loss': 1.2536, 'grad_norm': 2.6268229484558105, 'learning_rate': 9.996647529469994e-06, 'epoch': 0.04}
{'loss': 0.8112, 'grad_norm': 2.3831722736358643, 'learning_rate': 9.996643721352814e-06, 'epoch': 0.04}
{'loss': 0.9369, 'grad_norm': 2.5510447025299072, 'learning_rate': 9.996639911074739e-06, 'epoch': 0.04}
{'loss': 1.1688, 'grad_norm': 2.9459567070007324, 'learning_rate': 9.996636098635774e-06, 'epoch': 0.04}
{'loss': 0.8314, 'grad_norm': 2.4284756183624268, 'learning_rate': 9.99663228403592e-06, 'epoch': 0.04}
{'loss': 1.0346, 'grad_norm': 2.472207546234131, 'learning_rate': 9.99662846727518e-06, 'epoch': 0.04}
{'loss': 0.8278, 'grad_norm': 2.552760362625122, 'learning_rate': 9.996624648353552e-06, 'epoch': 0.04}
{'loss': 1.2329, 'grad_norm': 3.0426864624023438, 'learning_rate': 9.996620827271042e-06, 'epoch': 0.04}
{'loss': 1.181, 'grad_norm': 2.691584348678589, 'learning_rate': 9.996617004027647e-06, 'epoch': 0.04}
{'loss': 0.7979, 'grad_norm': 2.48262882232666, 'learning_rate': 9.996613178623373e-06, 'epoch': 0.04}
{'loss': 0.8339, 'grad_norm': 2.4176526069641113, 'learning_rate': 9.996609351058217e-06, 'epoch': 0.04}
{'loss': 0.6518, 'grad_norm': 2.46701979637146, 'learning_rate': 9.996605521332186e-06, 'epoch': 0.04}
{'loss': 0.9941, 'grad_norm': 2.573674201965332, 'learning_rate': 9.996601689445277e-06, 'epoch': 0.04}
{'loss': 1.0726, 'grad_norm': 2.484658718109131, 'learning_rate': 9.996597855397494e-06, 'epoch': 0.04}
{'loss': 0.8859, 'grad_norm': 2.5601418018341064, 'learning_rate': 9.996594019188839e-06, 'epoch': 0.04}
{'loss': 0.8046, 'grad_norm': 2.8222885131835938, 'learning_rate': 9.996590180819313e-06, 'epoch': 0.04}
{'loss': 0.883, 'grad_norm': 2.6821467876434326, 'learning_rate': 9.996586340288917e-06, 'epoch': 0.04}
{'loss': 0.9395, 'grad_norm': 2.512728214263916, 'learning_rate': 9.996582497597654e-06, 'epoch': 0.04}
{'loss': 0.839, 'grad_norm': 2.5004189014434814, 'learning_rate': 9.996578652745526e-06, 'epoch': 0.04}
{'loss': 0.7087, 'grad_norm': 2.2773640155792236, 'learning_rate': 9.996574805732531e-06, 'epoch': 0.04}
{'loss': 0.9063, 'grad_norm': 2.688331127166748, 'learning_rate': 9.996570956558674e-06, 'epoch': 0.04}
{'loss': 0.8488, 'grad_norm': 2.554041624069214, 'learning_rate': 9.996567105223957e-06, 'epoch': 0.04}
{'loss': 1.0295, 'grad_norm': 3.096388816833496, 'learning_rate': 9.996563251728379e-06, 'epoch': 0.04}
{'loss': 1.0521, 'grad_norm': 2.707453727722168, 'learning_rate': 9.996559396071945e-06, 'epoch': 0.04}
{'loss': 0.9458, 'grad_norm': 2.5487077236175537, 'learning_rate': 9.996555538254654e-06, 'epoch': 0.04}
{'loss': 1.036, 'grad_norm': 2.6919097900390625, 'learning_rate': 9.99655167827651e-06, 'epoch': 0.04}
{'loss': 0.8459, 'grad_norm': 2.574404239654541, 'learning_rate': 9.99654781613751e-06, 'epoch': 0.04}
{'loss': 0.942, 'grad_norm': 2.6648762226104736, 'learning_rate': 9.996543951837661e-06, 'epoch': 0.04}
{'loss': 0.8738, 'grad_norm': 2.4732329845428467, 'learning_rate': 9.996540085376963e-06, 'epoch': 0.04}
{'loss': 0.797, 'grad_norm': 2.4608311653137207, 'learning_rate': 9.996536216755416e-06, 'epoch': 0.04}
{'loss': 0.9138, 'grad_norm': 2.4632833003997803, 'learning_rate': 9.996532345973024e-06, 'epoch': 0.04}
{'loss': 0.8742, 'grad_norm': 2.3892838954925537, 'learning_rate': 9.996528473029788e-06, 'epoch': 0.04}
{'loss': 0.8314, 'grad_norm': 2.623337984085083, 'learning_rate': 9.996524597925708e-06, 'epoch': 0.04}
{'loss': 0.9788, 'grad_norm': 2.6439075469970703, 'learning_rate': 9.996520720660788e-06, 'epoch': 0.04}
{'loss': 0.9172, 'grad_norm': 2.480360746383667, 'learning_rate': 9.996516841235029e-06, 'epoch': 0.04}
{'loss': 1.0458, 'grad_norm': 2.790151357650757, 'learning_rate': 9.996512959648432e-06, 'epoch': 0.04}
{'loss': 0.9782, 'grad_norm': 2.6029133796691895, 'learning_rate': 9.996509075900997e-06, 'epoch': 0.04}
{'loss': 1.0727, 'grad_norm': 3.0363271236419678, 'learning_rate': 9.996505189992731e-06, 'epoch': 0.04}
{'loss': 0.8046, 'grad_norm': 2.4081974029541016, 'learning_rate': 9.99650130192363e-06, 'epoch': 0.04}
{'loss': 0.7654, 'grad_norm': 2.519458532333374, 'learning_rate': 9.9964974116937e-06, 'epoch': 0.04}
{'loss': 0.847, 'grad_norm': 3.808415174484253, 'learning_rate': 9.99649351930294e-06, 'epoch': 0.04}
{'loss': 0.9358, 'grad_norm': 2.945305109024048, 'learning_rate': 9.99648962475135e-06, 'epoch': 0.04}
{'loss': 0.9166, 'grad_norm': 2.7760496139526367, 'learning_rate': 9.996485728038935e-06, 'epoch': 0.04}
{'loss': 0.827, 'grad_norm': 2.3138327598571777, 'learning_rate': 9.996481829165698e-06, 'epoch': 0.04}
{'loss': 1.3426, 'grad_norm': 2.8787577152252197, 'learning_rate': 9.996477928131638e-06, 'epoch': 0.04}
{'loss': 0.9385, 'grad_norm': 2.6314139366149902, 'learning_rate': 9.996474024936757e-06, 'epoch': 0.04}
{'loss': 0.9683, 'grad_norm': 2.6967220306396484, 'learning_rate': 9.996470119581057e-06, 'epoch': 0.04}
{'loss': 1.1792, 'grad_norm': 2.776885986328125, 'learning_rate': 9.996466212064538e-06, 'epoch': 0.04}
{'loss': 0.7978, 'grad_norm': 2.402338981628418, 'learning_rate': 9.996462302387204e-06, 'epoch': 0.04}
{'loss': 0.9899, 'grad_norm': 2.535942792892456, 'learning_rate': 9.996458390549055e-06, 'epoch': 0.04}
{'loss': 0.7733, 'grad_norm': 2.463686227798462, 'learning_rate': 9.996454476550095e-06, 'epoch': 0.04}
{'loss': 0.8258, 'grad_norm': 2.652204751968384, 'learning_rate': 9.996450560390325e-06, 'epoch': 0.04}
{'loss': 0.9574, 'grad_norm': 2.4939723014831543, 'learning_rate': 9.996446642069743e-06, 'epoch': 0.04}
{'loss': 0.9423, 'grad_norm': 2.8107361793518066, 'learning_rate': 9.996442721588357e-06, 'epoch': 0.04}
{'loss': 0.785, 'grad_norm': 2.4735639095306396, 'learning_rate': 9.996438798946164e-06, 'epoch': 0.04}
{'loss': 1.0857, 'grad_norm': 2.7890536785125732, 'learning_rate': 9.996434874143166e-06, 'epoch': 0.04}
{'loss': 0.8365, 'grad_norm': 2.396376848220825, 'learning_rate': 9.996430947179367e-06, 'epoch': 0.04}
{'loss': 0.9276, 'grad_norm': 2.4647436141967773, 'learning_rate': 9.996427018054768e-06, 'epoch': 0.04}
{'loss': 0.7601, 'grad_norm': 2.388242244720459, 'learning_rate': 9.996423086769368e-06, 'epoch': 0.04}
{'loss': 0.7412, 'grad_norm': 2.392258405685425, 'learning_rate': 9.996419153323174e-06, 'epoch': 0.04}
{'loss': 0.8628, 'grad_norm': 2.459433078765869, 'learning_rate': 9.996415217716183e-06, 'epoch': 0.04}
{'loss': 0.8721, 'grad_norm': 2.7348906993865967, 'learning_rate': 9.996411279948399e-06, 'epoch': 0.04}
{'loss': 0.961, 'grad_norm': 2.773268222808838, 'learning_rate': 9.996407340019822e-06, 'epoch': 0.04}
{'loss': 0.8216, 'grad_norm': 3.029967784881592, 'learning_rate': 9.996403397930454e-06, 'epoch': 0.04}
{'loss': 0.9155, 'grad_norm': 2.5661683082580566, 'learning_rate': 9.996399453680298e-06, 'epoch': 0.04}
{'loss': 0.9058, 'grad_norm': 2.7786505222320557, 'learning_rate': 9.996395507269356e-06, 'epoch': 0.04}
{'loss': 0.8407, 'grad_norm': 2.581550121307373, 'learning_rate': 9.99639155869763e-06, 'epoch': 0.04}
{'loss': 0.8739, 'grad_norm': 2.5058305263519287, 'learning_rate': 9.996387607965117e-06, 'epoch': 0.04}
{'loss': 0.6958, 'grad_norm': 1.967885971069336, 'learning_rate': 9.996383655071824e-06, 'epoch': 0.04}
{'loss': 0.7868, 'grad_norm': 2.582723617553711, 'learning_rate': 9.99637970001775e-06, 'epoch': 0.04}
{'loss': 1.0162, 'grad_norm': 2.742454767227173, 'learning_rate': 9.9963757428029e-06, 'epoch': 0.04}
{'loss': 1.0025, 'grad_norm': 2.7990190982818604, 'learning_rate': 9.996371783427272e-06, 'epoch': 0.04}
{'loss': 1.0504, 'grad_norm': 2.615922689437866, 'learning_rate': 9.99636782189087e-06, 'epoch': 0.04}
{'loss': 0.9177, 'grad_norm': 2.4992029666900635, 'learning_rate': 9.996363858193692e-06, 'epoch': 0.04}
{'loss': 0.8459, 'grad_norm': 2.494574546813965, 'learning_rate': 9.996359892335745e-06, 'epoch': 0.04}
{'loss': 1.1951, 'grad_norm': 2.6900577545166016, 'learning_rate': 9.996355924317028e-06, 'epoch': 0.04}
{'loss': 0.9218, 'grad_norm': 2.479228973388672, 'learning_rate': 9.996351954137542e-06, 'epoch': 0.04}
{'loss': 0.8147, 'grad_norm': 2.363950490951538, 'learning_rate': 9.99634798179729e-06, 'epoch': 0.04}
{'loss': 0.7942, 'grad_norm': 2.3715057373046875, 'learning_rate': 9.996344007296272e-06, 'epoch': 0.04}
{'loss': 0.8744, 'grad_norm': 2.453657865524292, 'learning_rate': 9.996340030634492e-06, 'epoch': 0.04}
{'loss': 0.8686, 'grad_norm': 2.5456979274749756, 'learning_rate': 9.996336051811953e-06, 'epoch': 0.04}
{'loss': 0.9785, 'grad_norm': 2.6701507568359375, 'learning_rate': 9.996332070828651e-06, 'epoch': 0.04}
{'loss': 0.9289, 'grad_norm': 2.755181074142456, 'learning_rate': 9.996328087684594e-06, 'epoch': 0.04}
{'loss': 0.787, 'grad_norm': 2.5767693519592285, 'learning_rate': 9.99632410237978e-06, 'epoch': 0.04}
{'loss': 0.7827, 'grad_norm': 2.5599524974823, 'learning_rate': 9.996320114914211e-06, 'epoch': 0.04}
{'loss': 0.8751, 'grad_norm': 2.746105909347534, 'learning_rate': 9.99631612528789e-06, 'epoch': 0.04}
{'loss': 0.7229, 'grad_norm': 2.285935401916504, 'learning_rate': 9.996312133500818e-06, 'epoch': 0.04}
{'loss': 0.8625, 'grad_norm': 2.428102731704712, 'learning_rate': 9.996308139552998e-06, 'epoch': 0.04}
{'loss': 0.8567, 'grad_norm': 2.711568593978882, 'learning_rate': 9.99630414344443e-06, 'epoch': 0.04}
{'loss': 1.0625, 'grad_norm': 2.621203899383545, 'learning_rate': 9.996300145175116e-06, 'epoch': 0.04}
{'loss': 0.9861, 'grad_norm': 2.8493285179138184, 'learning_rate': 9.996296144745058e-06, 'epoch': 0.04}
{'loss': 0.8664, 'grad_norm': 2.781290054321289, 'learning_rate': 9.996292142154257e-06, 'epoch': 0.04}
{'loss': 1.0716, 'grad_norm': 2.881319284439087, 'learning_rate': 9.996288137402717e-06, 'epoch': 0.04}
{'loss': 0.8441, 'grad_norm': 2.6318607330322266, 'learning_rate': 9.996284130490437e-06, 'epoch': 0.04}
{'loss': 0.6948, 'grad_norm': 2.2718749046325684, 'learning_rate': 9.996280121417421e-06, 'epoch': 0.04}
{'loss': 0.938, 'grad_norm': 2.64984393119812, 'learning_rate': 9.99627611018367e-06, 'epoch': 0.04}
{'loss': 1.0359, 'grad_norm': 2.6126115322113037, 'learning_rate': 9.996272096789184e-06, 'epoch': 0.04}
{'loss': 1.0017, 'grad_norm': 2.718203544616699, 'learning_rate': 9.996268081233967e-06, 'epoch': 0.04}
{'loss': 0.8952, 'grad_norm': 2.7617578506469727, 'learning_rate': 9.99626406351802e-06, 'epoch': 0.04}
{'loss': 0.8376, 'grad_norm': 2.5723743438720703, 'learning_rate': 9.996260043641343e-06, 'epoch': 0.04}
{'loss': 0.7009, 'grad_norm': 2.237323760986328, 'learning_rate': 9.996256021603942e-06, 'epoch': 0.04}
{'loss': 1.0694, 'grad_norm': 2.747197389602661, 'learning_rate': 9.996251997405814e-06, 'epoch': 0.04}
{'loss': 0.8969, 'grad_norm': 2.471604585647583, 'learning_rate': 9.996247971046964e-06, 'epoch': 0.04}
{'loss': 0.7441, 'grad_norm': 2.4423584938049316, 'learning_rate': 9.996243942527393e-06, 'epoch': 0.04}
{'loss': 0.8301, 'grad_norm': 2.496522903442383, 'learning_rate': 9.996239911847101e-06, 'epoch': 0.04}
{'loss': 0.9218, 'grad_norm': 2.8134896755218506, 'learning_rate': 9.996235879006093e-06, 'epoch': 0.04}
{'loss': 0.7029, 'grad_norm': 2.325878381729126, 'learning_rate': 9.996231844004366e-06, 'epoch': 0.04}
{'loss': 0.7001, 'grad_norm': 2.363053321838379, 'learning_rate': 9.996227806841927e-06, 'epoch': 0.04}
{'loss': 1.0715, 'grad_norm': 2.8783600330352783, 'learning_rate': 9.996223767518775e-06, 'epoch': 0.04}
{'loss': 0.8853, 'grad_norm': 2.4370360374450684, 'learning_rate': 9.996219726034912e-06, 'epoch': 0.04}
{'loss': 0.9854, 'grad_norm': 2.6775729656219482, 'learning_rate': 9.99621568239034e-06, 'epoch': 0.04}
{'loss': 0.8416, 'grad_norm': 2.625372886657715, 'learning_rate': 9.99621163658506e-06, 'epoch': 0.04}
{'loss': 0.8875, 'grad_norm': 2.344712972640991, 'learning_rate': 9.996207588619074e-06, 'epoch': 0.04}
{'loss': 0.8384, 'grad_norm': 2.6096301078796387, 'learning_rate': 9.996203538492385e-06, 'epoch': 0.04}
{'loss': 0.8473, 'grad_norm': 2.363516092300415, 'learning_rate': 9.996199486204992e-06, 'epoch': 0.04}
{'loss': 0.7058, 'grad_norm': 2.353713274002075, 'learning_rate': 9.9961954317569e-06, 'epoch': 0.04}
{'loss': 0.7094, 'grad_norm': 2.3704473972320557, 'learning_rate': 9.99619137514811e-06, 'epoch': 0.04}
{'loss': 0.9288, 'grad_norm': 2.5588276386260986, 'learning_rate': 9.996187316378622e-06, 'epoch': 0.04}
{'loss': 0.8837, 'grad_norm': 2.5267481803894043, 'learning_rate': 9.99618325544844e-06, 'epoch': 0.04}
{'loss': 1.0105, 'grad_norm': 2.704360008239746, 'learning_rate': 9.996179192357562e-06, 'epoch': 0.04}
{'loss': 0.7755, 'grad_norm': 2.794294595718384, 'learning_rate': 9.996175127105995e-06, 'epoch': 0.04}
{'loss': 0.9122, 'grad_norm': 2.483771800994873, 'learning_rate': 9.996171059693737e-06, 'epoch': 0.04}
{'loss': 0.8513, 'grad_norm': 2.2884716987609863, 'learning_rate': 9.996166990120791e-06, 'epoch': 0.04}
{'loss': 0.8575, 'grad_norm': 2.434241533279419, 'learning_rate': 9.99616291838716e-06, 'epoch': 0.04}
{'loss': 0.7655, 'grad_norm': 2.6043546199798584, 'learning_rate': 9.996158844492842e-06, 'epoch': 0.04}
{'loss': 0.9743, 'grad_norm': 3.283379554748535, 'learning_rate': 9.996154768437843e-06, 'epoch': 0.04}
{'loss': 0.8487, 'grad_norm': 2.689464807510376, 'learning_rate': 9.996150690222162e-06, 'epoch': 0.04}
{'loss': 0.8469, 'grad_norm': 2.447584390640259, 'learning_rate': 9.996146609845802e-06, 'epoch': 0.04}
{'loss': 0.9757, 'grad_norm': 2.40673828125, 'learning_rate': 9.996142527308764e-06, 'epoch': 0.04}
{'loss': 0.8344, 'grad_norm': 2.558530569076538, 'learning_rate': 9.99613844261105e-06, 'epoch': 0.04}
{'loss': 0.9387, 'grad_norm': 2.614974021911621, 'learning_rate': 9.996134355752663e-06, 'epoch': 0.04}
{'loss': 1.2231, 'grad_norm': 2.880643129348755, 'learning_rate': 9.996130266733604e-06, 'epoch': 0.04}
{'loss': 0.8241, 'grad_norm': 2.3589248657226562, 'learning_rate': 9.996126175553874e-06, 'epoch': 0.04}
{'loss': 1.3145, 'grad_norm': 2.7294797897338867, 'learning_rate': 9.996122082213474e-06, 'epoch': 0.04}
{'loss': 0.7874, 'grad_norm': 2.420163631439209, 'learning_rate': 9.996117986712408e-06, 'epoch': 0.04}
{'loss': 1.0051, 'grad_norm': 2.666325092315674, 'learning_rate': 9.996113889050677e-06, 'epoch': 0.04}
{'loss': 1.0531, 'grad_norm': 2.54593825340271, 'learning_rate': 9.996109789228284e-06, 'epoch': 0.04}
{'loss': 0.9021, 'grad_norm': 2.7957956790924072, 'learning_rate': 9.996105687245226e-06, 'epoch': 0.04}
{'loss': 0.816, 'grad_norm': 2.607818841934204, 'learning_rate': 9.996101583101511e-06, 'epoch': 0.04}
{'loss': 1.1144, 'grad_norm': 3.0262796878814697, 'learning_rate': 9.996097476797137e-06, 'epoch': 0.04}
{'loss': 1.1006, 'grad_norm': 2.9808356761932373, 'learning_rate': 9.996093368332108e-06, 'epoch': 0.04}
{'loss': 0.9352, 'grad_norm': 2.6299567222595215, 'learning_rate': 9.996089257706422e-06, 'epoch': 0.04}
{'loss': 0.7532, 'grad_norm': 2.5506961345672607, 'learning_rate': 9.996085144920085e-06, 'epoch': 0.04}
{'loss': 1.1232, 'grad_norm': 2.4095418453216553, 'learning_rate': 9.996081029973095e-06, 'epoch': 0.04}
{'loss': 0.8288, 'grad_norm': 2.6266064643859863, 'learning_rate': 9.996076912865458e-06, 'epoch': 0.04}
{'loss': 1.0428, 'grad_norm': 2.558338165283203, 'learning_rate': 9.996072793597173e-06, 'epoch': 0.04}
{'loss': 1.0099, 'grad_norm': 2.4361162185668945, 'learning_rate': 9.996068672168242e-06, 'epoch': 0.04}
{'loss': 0.9713, 'grad_norm': 2.608567476272583, 'learning_rate': 9.996064548578666e-06, 'epoch': 0.04}
{'loss': 0.7909, 'grad_norm': 2.5083417892456055, 'learning_rate': 9.99606042282845e-06, 'epoch': 0.04}
{'loss': 0.816, 'grad_norm': 2.94938588142395, 'learning_rate': 9.996056294917592e-06, 'epoch': 0.04}
{'loss': 0.8963, 'grad_norm': 2.7554104328155518, 'learning_rate': 9.996052164846097e-06, 'epoch': 0.04}
{'loss': 0.8087, 'grad_norm': 2.4604074954986572, 'learning_rate': 9.996048032613965e-06, 'epoch': 0.04}
{'loss': 0.9409, 'grad_norm': 2.7801544666290283, 'learning_rate': 9.996043898221198e-06, 'epoch': 0.04}
{'loss': 0.887, 'grad_norm': 2.57503342628479, 'learning_rate': 9.996039761667797e-06, 'epoch': 0.04}
{'loss': 0.7847, 'grad_norm': 2.6514179706573486, 'learning_rate': 9.996035622953765e-06, 'epoch': 0.04}
{'loss': 0.7524, 'grad_norm': 2.3729629516601562, 'learning_rate': 9.996031482079105e-06, 'epoch': 0.04}
{'loss': 0.8837, 'grad_norm': 2.8341732025146484, 'learning_rate': 9.996027339043817e-06, 'epoch': 0.04}
{'loss': 0.8146, 'grad_norm': 2.5668442249298096, 'learning_rate': 9.996023193847901e-06, 'epoch': 0.04}
{'loss': 0.7501, 'grad_norm': 2.158839464187622, 'learning_rate': 9.996019046491362e-06, 'epoch': 0.04}
{'loss': 1.0143, 'grad_norm': 2.503696918487549, 'learning_rate': 9.9960148969742e-06, 'epoch': 0.04}
{'loss': 1.0044, 'grad_norm': 2.757824182510376, 'learning_rate': 9.99601074529642e-06, 'epoch': 0.04}
{'loss': 0.8053, 'grad_norm': 2.432572603225708, 'learning_rate': 9.996006591458018e-06, 'epoch': 0.04}
{'loss': 0.7854, 'grad_norm': 2.459866523742676, 'learning_rate': 9.996002435459e-06, 'epoch': 0.04}
{'loss': 0.7547, 'grad_norm': 2.489586114883423, 'learning_rate': 9.995998277299366e-06, 'epoch': 0.04}
{'loss': 0.8414, 'grad_norm': 2.9276862144470215, 'learning_rate': 9.99599411697912e-06, 'epoch': 0.04}
{'loss': 0.7918, 'grad_norm': 2.434547185897827, 'learning_rate': 9.995989954498262e-06, 'epoch': 0.04}
{'loss': 0.7602, 'grad_norm': 2.105380058288574, 'learning_rate': 9.995985789856795e-06, 'epoch': 0.04}
{'loss': 0.8825, 'grad_norm': 2.526594400405884, 'learning_rate': 9.995981623054719e-06, 'epoch': 0.04}
{'loss': 0.981, 'grad_norm': 2.7867941856384277, 'learning_rate': 9.995977454092036e-06, 'epoch': 0.04}
{'loss': 1.1906, 'grad_norm': 2.673570156097412, 'learning_rate': 9.995973282968749e-06, 'epoch': 0.04}
{'loss': 1.0326, 'grad_norm': 2.8452858924865723, 'learning_rate': 9.99596910968486e-06, 'epoch': 0.04}
{'loss': 0.9746, 'grad_norm': 2.906442403793335, 'learning_rate': 9.995964934240372e-06, 'epoch': 0.04}
{'loss': 0.6785, 'grad_norm': 2.1696507930755615, 'learning_rate': 9.995960756635282e-06, 'epoch': 0.04}
{'loss': 1.0035, 'grad_norm': 2.457051992416382, 'learning_rate': 9.995956576869597e-06, 'epoch': 0.04}
{'loss': 1.1807, 'grad_norm': 2.894305944442749, 'learning_rate': 9.995952394943314e-06, 'epoch': 0.04}
{'loss': 0.7905, 'grad_norm': 2.2858712673187256, 'learning_rate': 9.99594821085644e-06, 'epoch': 0.04}
{'loss': 0.7732, 'grad_norm': 2.054603099822998, 'learning_rate': 9.995944024608973e-06, 'epoch': 0.04}
{'loss': 0.9789, 'grad_norm': 2.763573169708252, 'learning_rate': 9.995939836200916e-06, 'epoch': 0.04}
{'loss': 0.6476, 'grad_norm': 2.35823130607605, 'learning_rate': 9.995935645632271e-06, 'epoch': 0.04}
{'loss': 0.746, 'grad_norm': 2.421457529067993, 'learning_rate': 9.99593145290304e-06, 'epoch': 0.04}
{'loss': 0.9451, 'grad_norm': 2.453425407409668, 'learning_rate': 9.995927258013225e-06, 'epoch': 0.04}
{'loss': 0.8372, 'grad_norm': 2.6723885536193848, 'learning_rate': 9.995923060962826e-06, 'epoch': 0.04}
{'loss': 1.1081, 'grad_norm': 2.775120973587036, 'learning_rate': 9.995918861751848e-06, 'epoch': 0.04}
{'loss': 0.8348, 'grad_norm': 2.699838399887085, 'learning_rate': 9.995914660380288e-06, 'epoch': 0.04}
{'loss': 0.7043, 'grad_norm': 2.2123186588287354, 'learning_rate': 9.995910456848153e-06, 'epoch': 0.04}
{'loss': 0.7998, 'grad_norm': 2.3263394832611084, 'learning_rate': 9.995906251155443e-06, 'epoch': 0.04}
{'loss': 0.8884, 'grad_norm': 2.604428768157959, 'learning_rate': 9.995902043302158e-06, 'epoch': 0.04}
{'loss': 1.0058, 'grad_norm': 2.768462896347046, 'learning_rate': 9.995897833288302e-06, 'epoch': 0.04}
{'loss': 0.8074, 'grad_norm': 2.5723395347595215, 'learning_rate': 9.995893621113874e-06, 'epoch': 0.04}
{'loss': 1.0132, 'grad_norm': 2.7404391765594482, 'learning_rate': 9.995889406778881e-06, 'epoch': 0.04}
{'loss': 0.9222, 'grad_norm': 2.5521249771118164, 'learning_rate': 9.995885190283322e-06, 'epoch': 0.04}
{'loss': 1.0105, 'grad_norm': 2.788088083267212, 'learning_rate': 9.995880971627195e-06, 'epoch': 0.04}
{'loss': 1.0327, 'grad_norm': 2.800558567047119, 'learning_rate': 9.995876750810507e-06, 'epoch': 0.04}
{'loss': 1.1396, 'grad_norm': 2.9887866973876953, 'learning_rate': 9.995872527833259e-06, 'epoch': 0.04}
{'loss': 0.9618, 'grad_norm': 2.565645933151245, 'learning_rate': 9.995868302695451e-06, 'epoch': 0.04}
{'loss': 0.796, 'grad_norm': 2.452280282974243, 'learning_rate': 9.995864075397086e-06, 'epoch': 0.04}
{'loss': 0.8957, 'grad_norm': 2.5327701568603516, 'learning_rate': 9.995859845938165e-06, 'epoch': 0.04}
{'loss': 0.8621, 'grad_norm': 2.557818651199341, 'learning_rate': 9.99585561431869e-06, 'epoch': 0.04}
{'loss': 0.9688, 'grad_norm': 2.2885541915893555, 'learning_rate': 9.995851380538665e-06, 'epoch': 0.04}
{'loss': 0.9646, 'grad_norm': 2.6115803718566895, 'learning_rate': 9.995847144598089e-06, 'epoch': 0.04}
{'loss': 0.7861, 'grad_norm': 2.166778802871704, 'learning_rate': 9.995842906496966e-06, 'epoch': 0.04}
{'loss': 1.3272, 'grad_norm': 3.1278412342071533, 'learning_rate': 9.995838666235297e-06, 'epoch': 0.04}
{'loss': 0.969, 'grad_norm': 2.9030470848083496, 'learning_rate': 9.995834423813082e-06, 'epoch': 0.04}
{'loss': 1.1337, 'grad_norm': 3.0689661502838135, 'learning_rate': 9.995830179230326e-06, 'epoch': 0.04}
{'loss': 0.9994, 'grad_norm': 2.728618860244751, 'learning_rate': 9.995825932487028e-06, 'epoch': 0.04}
{'loss': 0.9464, 'grad_norm': 2.693148136138916, 'learning_rate': 9.995821683583194e-06, 'epoch': 0.04}
{'loss': 0.9492, 'grad_norm': 2.80971360206604, 'learning_rate': 9.99581743251882e-06, 'epoch': 0.04}
{'loss': 0.8208, 'grad_norm': 2.603186845779419, 'learning_rate': 9.995813179293913e-06, 'epoch': 0.04}
{'loss': 0.9876, 'grad_norm': 2.613234519958496, 'learning_rate': 9.99580892390847e-06, 'epoch': 0.04}
{'loss': 0.8117, 'grad_norm': 2.358715295791626, 'learning_rate': 9.995804666362496e-06, 'epoch': 0.04}
{'loss': 0.8551, 'grad_norm': 2.4150421619415283, 'learning_rate': 9.995800406655993e-06, 'epoch': 0.04}
{'loss': 0.8446, 'grad_norm': 2.654736280441284, 'learning_rate': 9.995796144788963e-06, 'epoch': 0.04}
{'loss': 0.9267, 'grad_norm': 2.9592137336730957, 'learning_rate': 9.995791880761405e-06, 'epoch': 0.04}
{'loss': 1.12, 'grad_norm': 2.609767198562622, 'learning_rate': 9.995787614573325e-06, 'epoch': 0.04}
{'loss': 0.8501, 'grad_norm': 2.4772262573242188, 'learning_rate': 9.99578334622472e-06, 'epoch': 0.04}
{'loss': 0.8129, 'grad_norm': 2.5978832244873047, 'learning_rate': 9.995779075715597e-06, 'epoch': 0.04}
{'loss': 0.9566, 'grad_norm': 2.744718074798584, 'learning_rate': 9.995774803045954e-06, 'epoch': 0.04}
{'loss': 0.8278, 'grad_norm': 2.4049930572509766, 'learning_rate': 9.995770528215795e-06, 'epoch': 0.04}
{'loss': 0.6976, 'grad_norm': 2.424992799758911, 'learning_rate': 9.995766251225122e-06, 'epoch': 0.04}
{'loss': 0.9462, 'grad_norm': 2.7618825435638428, 'learning_rate': 9.995761972073935e-06, 'epoch': 0.04}
{'loss': 0.7888, 'grad_norm': 2.3579745292663574, 'learning_rate': 9.995757690762237e-06, 'epoch': 0.04}
{'loss': 0.6931, 'grad_norm': 2.0335001945495605, 'learning_rate': 9.99575340729003e-06, 'epoch': 0.04}
{'loss': 0.751, 'grad_norm': 2.368342399597168, 'learning_rate': 9.995749121657315e-06, 'epoch': 0.04}
{'loss': 1.0474, 'grad_norm': 2.5510597229003906, 'learning_rate': 9.995744833864094e-06, 'epoch': 0.04}
{'loss': 0.8666, 'grad_norm': 2.5829055309295654, 'learning_rate': 9.995740543910368e-06, 'epoch': 0.04}
{'loss': 0.8451, 'grad_norm': 2.3445470333099365, 'learning_rate': 9.995736251796143e-06, 'epoch': 0.04}
{'loss': 0.8773, 'grad_norm': 2.408149003982544, 'learning_rate': 9.995731957521415e-06, 'epoch': 0.04}
{'loss': 0.8777, 'grad_norm': 2.5878725051879883, 'learning_rate': 9.995727661086192e-06, 'epoch': 0.04}
{'loss': 0.8465, 'grad_norm': 2.5875518321990967, 'learning_rate': 9.99572336249047e-06, 'epoch': 0.04}
{'loss': 0.8688, 'grad_norm': 2.6196467876434326, 'learning_rate': 9.995719061734253e-06, 'epoch': 0.04}
{'loss': 0.9885, 'grad_norm': 2.844188690185547, 'learning_rate': 9.995714758817545e-06, 'epoch': 0.04}
{'loss': 1.0222, 'grad_norm': 2.9230239391326904, 'learning_rate': 9.995710453740346e-06, 'epoch': 0.04}
{'loss': 0.7661, 'grad_norm': 2.424734592437744, 'learning_rate': 9.995706146502659e-06, 'epoch': 0.04}
{'loss': 1.0281, 'grad_norm': 2.7722220420837402, 'learning_rate': 9.995701837104484e-06, 'epoch': 0.04}
{'loss': 0.7582, 'grad_norm': 2.579601287841797, 'learning_rate': 9.995697525545822e-06, 'epoch': 0.04}
{'loss': 0.869, 'grad_norm': 2.522111415863037, 'learning_rate': 9.99569321182668e-06, 'epoch': 0.04}
{'loss': 1.0552, 'grad_norm': 2.6049563884735107, 'learning_rate': 9.995688895947054e-06, 'epoch': 0.04}
{'loss': 1.0291, 'grad_norm': 2.8039586544036865, 'learning_rate': 9.99568457790695e-06, 'epoch': 0.04}
{'loss': 0.8312, 'grad_norm': 2.5246944427490234, 'learning_rate': 9.995680257706366e-06, 'epoch': 0.04}
{'loss': 0.7629, 'grad_norm': 2.365421772003174, 'learning_rate': 9.995675935345309e-06, 'epoch': 0.04}
{'loss': 1.0042, 'grad_norm': 2.9464776515960693, 'learning_rate': 9.995671610823777e-06, 'epoch': 0.04}
{'loss': 0.9515, 'grad_norm': 2.462996006011963, 'learning_rate': 9.99566728414177e-06, 'epoch': 0.04}
{'loss': 0.8849, 'grad_norm': 2.6443817615509033, 'learning_rate': 9.995662955299297e-06, 'epoch': 0.04}
{'loss': 0.9979, 'grad_norm': 2.398299217224121, 'learning_rate': 9.995658624296354e-06, 'epoch': 0.04}
{'loss': 0.9375, 'grad_norm': 2.4782748222351074, 'learning_rate': 9.995654291132943e-06, 'epoch': 0.04}
{'loss': 0.7365, 'grad_norm': 2.7278549671173096, 'learning_rate': 9.99564995580907e-06, 'epoch': 0.04}
{'loss': 1.0733, 'grad_norm': 2.5589330196380615, 'learning_rate': 9.995645618324732e-06, 'epoch': 0.04}
{'loss': 0.9072, 'grad_norm': 2.806199312210083, 'learning_rate': 9.995641278679935e-06, 'epoch': 0.04}
{'loss': 0.7541, 'grad_norm': 2.3888957500457764, 'learning_rate': 9.995636936874677e-06, 'epoch': 0.04}
{'loss': 0.9629, 'grad_norm': 2.448946475982666, 'learning_rate': 9.995632592908964e-06, 'epoch': 0.04}
{'loss': 0.6513, 'grad_norm': 2.2547333240509033, 'learning_rate': 9.995628246782793e-06, 'epoch': 0.04}
{'loss': 0.9151, 'grad_norm': 2.6323978900909424, 'learning_rate': 9.995623898496171e-06, 'epoch': 0.04}
{'loss': 0.8959, 'grad_norm': 3.383601188659668, 'learning_rate': 9.995619548049097e-06, 'epoch': 0.04}
{'loss': 0.8483, 'grad_norm': 2.6249003410339355, 'learning_rate': 9.995615195441572e-06, 'epoch': 0.04}
{'loss': 1.109, 'grad_norm': 2.7698705196380615, 'learning_rate': 9.995610840673602e-06, 'epoch': 0.04}
{'loss': 0.8103, 'grad_norm': 2.5048482418060303, 'learning_rate': 9.995606483745184e-06, 'epoch': 0.04}
{'loss': 0.8964, 'grad_norm': 2.3530185222625732, 'learning_rate': 9.995602124656323e-06, 'epoch': 0.04}
{'loss': 0.8724, 'grad_norm': 2.5495715141296387, 'learning_rate': 9.995597763407019e-06, 'epoch': 0.04}
{'loss': 0.9064, 'grad_norm': 2.592947483062744, 'learning_rate': 9.995593399997276e-06, 'epoch': 0.04}
{'loss': 0.9603, 'grad_norm': 2.361785650253296, 'learning_rate': 9.995589034427093e-06, 'epoch': 0.04}
{'loss': 0.8318, 'grad_norm': 2.6219310760498047, 'learning_rate': 9.995584666696476e-06, 'epoch': 0.04}
{'loss': 1.1558, 'grad_norm': 3.208322525024414, 'learning_rate': 9.995580296805422e-06, 'epoch': 0.04}
{'loss': 0.8649, 'grad_norm': 2.4049854278564453, 'learning_rate': 9.995575924753936e-06, 'epoch': 0.04}
{'loss': 0.9035, 'grad_norm': 2.605376720428467, 'learning_rate': 9.99557155054202e-06, 'epoch': 0.04}
{'loss': 0.8501, 'grad_norm': 2.4062180519104004, 'learning_rate': 9.995567174169675e-06, 'epoch': 0.04}
{'loss': 0.9158, 'grad_norm': 2.9824116230010986, 'learning_rate': 9.995562795636903e-06, 'epoch': 0.04}
{'loss': 0.825, 'grad_norm': 2.5968048572540283, 'learning_rate': 9.995558414943705e-06, 'epoch': 0.04}
{'loss': 0.9771, 'grad_norm': 2.576878309249878, 'learning_rate': 9.995554032090084e-06, 'epoch': 0.04}
{'loss': 1.0908, 'grad_norm': 2.561401605606079, 'learning_rate': 9.995549647076045e-06, 'epoch': 0.04}
{'loss': 0.817, 'grad_norm': 2.550206422805786, 'learning_rate': 9.995545259901583e-06, 'epoch': 0.04}
{'loss': 0.8893, 'grad_norm': 2.5368101596832275, 'learning_rate': 9.995540870566703e-06, 'epoch': 0.04}
{'loss': 0.7365, 'grad_norm': 2.4117021560668945, 'learning_rate': 9.99553647907141e-06, 'epoch': 0.04}
{'loss': 0.8436, 'grad_norm': 2.646644353866577, 'learning_rate': 9.9955320854157e-06, 'epoch': 0.04}
{'loss': 0.969, 'grad_norm': 2.546391248703003, 'learning_rate': 9.995527689599582e-06, 'epoch': 0.04}
{'loss': 0.7966, 'grad_norm': 2.429370641708374, 'learning_rate': 9.995523291623053e-06, 'epoch': 0.04}
{'loss': 1.0006, 'grad_norm': 2.656113624572754, 'learning_rate': 9.995518891486114e-06, 'epoch': 0.04}
{'loss': 0.9632, 'grad_norm': 2.668729782104492, 'learning_rate': 9.99551448918877e-06, 'epoch': 0.04}
{'loss': 0.878, 'grad_norm': 2.663306474685669, 'learning_rate': 9.995510084731023e-06, 'epoch': 0.04}
{'loss': 1.1299, 'grad_norm': 2.5804920196533203, 'learning_rate': 9.995505678112873e-06, 'epoch': 0.04}
{'loss': 0.8385, 'grad_norm': 2.2690632343292236, 'learning_rate': 9.995501269334323e-06, 'epoch': 0.04}
{'loss': 0.8844, 'grad_norm': 2.5678529739379883, 'learning_rate': 9.995496858395374e-06, 'epoch': 0.04}
{'loss': 0.8899, 'grad_norm': 2.6012086868286133, 'learning_rate': 9.99549244529603e-06, 'epoch': 0.04}
{'loss': 0.8298, 'grad_norm': 2.451918363571167, 'learning_rate': 9.99548803003629e-06, 'epoch': 0.04}
{'loss': 0.7322, 'grad_norm': 2.3591549396514893, 'learning_rate': 9.995483612616155e-06, 'epoch': 0.04}
{'loss': 1.0823, 'grad_norm': 2.7968037128448486, 'learning_rate': 9.995479193035631e-06, 'epoch': 0.04}
{'loss': 1.0325, 'grad_norm': 2.851553440093994, 'learning_rate': 9.99547477129472e-06, 'epoch': 0.04}
{'loss': 0.808, 'grad_norm': 2.383837938308716, 'learning_rate': 9.995470347393418e-06, 'epoch': 0.04}
{'loss': 0.8362, 'grad_norm': 2.2945127487182617, 'learning_rate': 9.995465921331735e-06, 'epoch': 0.04}
{'loss': 1.0059, 'grad_norm': 3.039793014526367, 'learning_rate': 9.995461493109667e-06, 'epoch': 0.04}
{'loss': 1.0274, 'grad_norm': 2.5795464515686035, 'learning_rate': 9.995457062727218e-06, 'epoch': 0.04}
{'loss': 0.8249, 'grad_norm': 2.6870241165161133, 'learning_rate': 9.99545263018439e-06, 'epoch': 0.04}
{'loss': 0.9373, 'grad_norm': 2.4052135944366455, 'learning_rate': 9.995448195481183e-06, 'epoch': 0.04}
{'loss': 0.8767, 'grad_norm': 2.6492505073547363, 'learning_rate': 9.995443758617602e-06, 'epoch': 0.04}
{'loss': 1.1673, 'grad_norm': 2.991363048553467, 'learning_rate': 9.995439319593646e-06, 'epoch': 0.04}
{'loss': 0.7473, 'grad_norm': 2.2009522914886475, 'learning_rate': 9.99543487840932e-06, 'epoch': 0.04}
{'loss': 0.7146, 'grad_norm': 2.39512300491333, 'learning_rate': 9.995430435064624e-06, 'epoch': 0.04}
{'loss': 0.9427, 'grad_norm': 2.5410525798797607, 'learning_rate': 9.99542598955956e-06, 'epoch': 0.04}
{'loss': 0.8621, 'grad_norm': 2.4403843879699707, 'learning_rate': 9.99542154189413e-06, 'epoch': 0.04}
{'loss': 0.5925, 'grad_norm': 2.3746438026428223, 'learning_rate': 9.995417092068335e-06, 'epoch': 0.04}
{'loss': 0.718, 'grad_norm': 2.4969470500946045, 'learning_rate': 9.99541264008218e-06, 'epoch': 0.04}
{'loss': 0.8421, 'grad_norm': 2.663280487060547, 'learning_rate': 9.995408185935663e-06, 'epoch': 0.04}
{'loss': 0.8772, 'grad_norm': 2.432748794555664, 'learning_rate': 9.995403729628788e-06, 'epoch': 0.04}
{'loss': 0.8855, 'grad_norm': 2.392605781555176, 'learning_rate': 9.995399271161557e-06, 'epoch': 0.04}
{'loss': 0.9156, 'grad_norm': 2.5517046451568604, 'learning_rate': 9.995394810533972e-06, 'epoch': 0.04}
{'loss': 1.003, 'grad_norm': 2.9012796878814697, 'learning_rate': 9.995390347746034e-06, 'epoch': 0.04}
{'loss': 0.8421, 'grad_norm': 2.6145639419555664, 'learning_rate': 9.995385882797746e-06, 'epoch': 0.04}
{'loss': 0.8561, 'grad_norm': 2.384096384048462, 'learning_rate': 9.995381415689109e-06, 'epoch': 0.04}
{'loss': 0.8196, 'grad_norm': 2.444169759750366, 'learning_rate': 9.995376946420126e-06, 'epoch': 0.04}
{'loss': 1.2401, 'grad_norm': 3.0807971954345703, 'learning_rate': 9.995372474990799e-06, 'epoch': 0.04}
{'loss': 0.9185, 'grad_norm': 2.686753273010254, 'learning_rate': 9.995368001401128e-06, 'epoch': 0.04}
{'loss': 1.0463, 'grad_norm': 2.554994821548462, 'learning_rate': 9.995363525651117e-06, 'epoch': 0.04}
{'loss': 1.2353, 'grad_norm': 3.029890537261963, 'learning_rate': 9.995359047740764e-06, 'epoch': 0.04}
{'loss': 0.8625, 'grad_norm': 2.526909112930298, 'learning_rate': 9.995354567670079e-06, 'epoch': 0.04}
{'loss': 0.8392, 'grad_norm': 3.087752342224121, 'learning_rate': 9.995350085439055e-06, 'epoch': 0.04}
{'loss': 0.8863, 'grad_norm': 2.6670374870300293, 'learning_rate': 9.9953456010477e-06, 'epoch': 0.04}
{'loss': 1.1066, 'grad_norm': 2.8541839122772217, 'learning_rate': 9.995341114496013e-06, 'epoch': 0.04}
{'loss': 0.8396, 'grad_norm': 2.5101675987243652, 'learning_rate': 9.995336625783998e-06, 'epoch': 0.04}
{'loss': 0.8629, 'grad_norm': 2.55041241645813, 'learning_rate': 9.995332134911655e-06, 'epoch': 0.04}
{'loss': 0.8273, 'grad_norm': 2.2757620811462402, 'learning_rate': 9.995327641878985e-06, 'epoch': 0.04}
{'loss': 1.0683, 'grad_norm': 2.607382297515869, 'learning_rate': 9.995323146685993e-06, 'epoch': 0.04}
{'loss': 0.8037, 'grad_norm': 2.7923505306243896, 'learning_rate': 9.99531864933268e-06, 'epoch': 0.04}
{'loss': 0.8675, 'grad_norm': 2.5074644088745117, 'learning_rate': 9.995314149819048e-06, 'epoch': 0.04}
{'loss': 0.9278, 'grad_norm': 2.495856285095215, 'learning_rate': 9.995309648145097e-06, 'epoch': 0.04}
{'loss': 0.7753, 'grad_norm': 2.3475663661956787, 'learning_rate': 9.995305144310832e-06, 'epoch': 0.04}
{'loss': 0.879, 'grad_norm': 2.419620990753174, 'learning_rate': 9.995300638316252e-06, 'epoch': 0.04}
{'loss': 0.6792, 'grad_norm': 2.425933599472046, 'learning_rate': 9.99529613016136e-06, 'epoch': 0.04}
{'loss': 0.8343, 'grad_norm': 2.606642246246338, 'learning_rate': 9.995291619846159e-06, 'epoch': 0.04}
{'loss': 1.1181, 'grad_norm': 2.6924078464508057, 'learning_rate': 9.99528710737065e-06, 'epoch': 0.04}
{'loss': 0.7435, 'grad_norm': 2.703645944595337, 'learning_rate': 9.995282592734837e-06, 'epoch': 0.04}
{'loss': 0.9162, 'grad_norm': 2.640305995941162, 'learning_rate': 9.995278075938718e-06, 'epoch': 0.04}
{'loss': 0.8645, 'grad_norm': 2.7451705932617188, 'learning_rate': 9.995273556982297e-06, 'epoch': 0.04}
{'loss': 0.7591, 'grad_norm': 2.385842800140381, 'learning_rate': 9.995269035865576e-06, 'epoch': 0.04}
{'loss': 1.0212, 'grad_norm': 2.802433967590332, 'learning_rate': 9.995264512588558e-06, 'epoch': 0.04}
{'loss': 0.8181, 'grad_norm': 2.559607744216919, 'learning_rate': 9.995259987151245e-06, 'epoch': 0.04}
{'loss': 0.8929, 'grad_norm': 2.6077044010162354, 'learning_rate': 9.995255459553634e-06, 'epoch': 0.04}
{'loss': 1.0, 'grad_norm': 2.8072292804718018, 'learning_rate': 9.995250929795734e-06, 'epoch': 0.04}
{'loss': 0.931, 'grad_norm': 2.408496141433716, 'learning_rate': 9.995246397877543e-06, 'epoch': 0.04}
{'loss': 0.9232, 'grad_norm': 2.5327091217041016, 'learning_rate': 9.995241863799064e-06, 'epoch': 0.04}
{'loss': 0.8452, 'grad_norm': 2.458101749420166, 'learning_rate': 9.995237327560299e-06, 'epoch': 0.04}
{'loss': 0.6448, 'grad_norm': 2.1845600605010986, 'learning_rate': 9.995232789161249e-06, 'epoch': 0.04}
{'loss': 0.8263, 'grad_norm': 2.500370502471924, 'learning_rate': 9.995228248601916e-06, 'epoch': 0.04}
{'loss': 0.7365, 'grad_norm': 1.8503191471099854, 'learning_rate': 9.995223705882305e-06, 'epoch': 0.04}
{'loss': 0.8323, 'grad_norm': 2.697150230407715, 'learning_rate': 9.995219161002412e-06, 'epoch': 0.04}
{'loss': 0.8184, 'grad_norm': 2.332627534866333, 'learning_rate': 9.995214613962246e-06, 'epoch': 0.04}
{'loss': 0.8643, 'grad_norm': 2.405132293701172, 'learning_rate': 9.995210064761802e-06, 'epoch': 0.04}
{'loss': 0.9691, 'grad_norm': 2.4870431423187256, 'learning_rate': 9.99520551340109e-06, 'epoch': 0.04}
{'loss': 0.937, 'grad_norm': 2.542202949523926, 'learning_rate': 9.995200959880103e-06, 'epoch': 0.04}
{'loss': 1.0863, 'grad_norm': 2.561490297317505, 'learning_rate': 9.99519640419885e-06, 'epoch': 0.04}
{'loss': 0.8741, 'grad_norm': 2.5715243816375732, 'learning_rate': 9.99519184635733e-06, 'epoch': 0.04}
{'loss': 1.0173, 'grad_norm': 2.581541061401367, 'learning_rate': 9.995187286355544e-06, 'epoch': 0.04}
{'loss': 1.1456, 'grad_norm': 3.021064043045044, 'learning_rate': 9.995182724193498e-06, 'epoch': 0.04}
{'loss': 0.7929, 'grad_norm': 2.3241071701049805, 'learning_rate': 9.99517815987119e-06, 'epoch': 0.04}
{'loss': 0.9367, 'grad_norm': 2.5637125968933105, 'learning_rate': 9.995173593388621e-06, 'epoch': 0.04}
{'loss': 1.2138, 'grad_norm': 2.910261631011963, 'learning_rate': 9.995169024745797e-06, 'epoch': 0.04}
{'loss': 0.9097, 'grad_norm': 2.6655733585357666, 'learning_rate': 9.995164453942719e-06, 'epoch': 0.04}
{'loss': 0.865, 'grad_norm': 2.4430747032165527, 'learning_rate': 9.995159880979388e-06, 'epoch': 0.04}
{'loss': 1.0073, 'grad_norm': 2.6224329471588135, 'learning_rate': 9.995155305855805e-06, 'epoch': 0.04}
{'loss': 0.8489, 'grad_norm': 2.450247287750244, 'learning_rate': 9.995150728571975e-06, 'epoch': 0.04}
{'loss': 1.0438, 'grad_norm': 2.727219343185425, 'learning_rate': 9.995146149127897e-06, 'epoch': 0.04}
{'loss': 0.9364, 'grad_norm': 2.6246707439422607, 'learning_rate': 9.995141567523575e-06, 'epoch': 0.04}
{'loss': 0.8521, 'grad_norm': 2.439035177230835, 'learning_rate': 9.995136983759009e-06, 'epoch': 0.04}
{'loss': 0.9231, 'grad_norm': 2.5147640705108643, 'learning_rate': 9.995132397834202e-06, 'epoch': 0.04}
{'loss': 0.8133, 'grad_norm': 2.4070279598236084, 'learning_rate': 9.995127809749156e-06, 'epoch': 0.04}
{'loss': 0.9358, 'grad_norm': 2.571565628051758, 'learning_rate': 9.995123219503874e-06, 'epoch': 0.04}
{'loss': 0.8152, 'grad_norm': 2.3604187965393066, 'learning_rate': 9.995118627098355e-06, 'epoch': 0.04}
{'loss': 0.6696, 'grad_norm': 2.2635722160339355, 'learning_rate': 9.995114032532604e-06, 'epoch': 0.04}
{'loss': 0.9759, 'grad_norm': 2.595327138900757, 'learning_rate': 9.995109435806623e-06, 'epoch': 0.04}
{'loss': 1.1497, 'grad_norm': 2.9767160415649414, 'learning_rate': 9.995104836920414e-06, 'epoch': 0.04}
{'loss': 1.1082, 'grad_norm': 2.835469961166382, 'learning_rate': 9.995100235873975e-06, 'epoch': 0.04}
{'loss': 0.9832, 'grad_norm': 2.5732784271240234, 'learning_rate': 9.995095632667313e-06, 'epoch': 0.04}
{'loss': 0.905, 'grad_norm': 2.7891898155212402, 'learning_rate': 9.995091027300428e-06, 'epoch': 0.04}
{'loss': 0.9064, 'grad_norm': 2.390531301498413, 'learning_rate': 9.995086419773322e-06, 'epoch': 0.04}
{'loss': 0.8448, 'grad_norm': 2.506587505340576, 'learning_rate': 9.995081810085995e-06, 'epoch': 0.04}
{'loss': 1.1903, 'grad_norm': 2.8679375648498535, 'learning_rate': 9.995077198238452e-06, 'epoch': 0.04}
{'loss': 0.913, 'grad_norm': 2.4318032264709473, 'learning_rate': 9.995072584230694e-06, 'epoch': 0.04}
{'loss': 0.9346, 'grad_norm': 3.392411708831787, 'learning_rate': 9.995067968062724e-06, 'epoch': 0.04}
{'loss': 0.8479, 'grad_norm': 2.611313819885254, 'learning_rate': 9.995063349734541e-06, 'epoch': 0.04}
{'loss': 0.9156, 'grad_norm': 2.6431233882904053, 'learning_rate': 9.99505872924615e-06, 'epoch': 0.04}
{'loss': 0.8474, 'grad_norm': 2.545928955078125, 'learning_rate': 9.995054106597553e-06, 'epoch': 0.04}
{'loss': 0.8986, 'grad_norm': 2.5507428646087646, 'learning_rate': 9.99504948178875e-06, 'epoch': 0.04}
{'loss': 0.9659, 'grad_norm': 3.0749006271362305, 'learning_rate': 9.995044854819744e-06, 'epoch': 0.04}
{'loss': 0.7028, 'grad_norm': 2.2824008464813232, 'learning_rate': 9.995040225690536e-06, 'epoch': 0.04}
{'loss': 0.854, 'grad_norm': 2.5712223052978516, 'learning_rate': 9.99503559440113e-06, 'epoch': 0.04}
{'loss': 0.821, 'grad_norm': 2.548091411590576, 'learning_rate': 9.995030960951527e-06, 'epoch': 0.04}
{'loss': 0.7384, 'grad_norm': 2.1900343894958496, 'learning_rate': 9.995026325341728e-06, 'epoch': 0.04}
{'loss': 0.6355, 'grad_norm': 2.245633602142334, 'learning_rate': 9.995021687571735e-06, 'epoch': 0.04}
{'loss': 0.8028, 'grad_norm': 2.3177614212036133, 'learning_rate': 9.995017047641553e-06, 'epoch': 0.04}
{'loss': 0.8858, 'grad_norm': 2.252012014389038, 'learning_rate': 9.99501240555118e-06, 'epoch': 0.04}
{'loss': 0.7808, 'grad_norm': 2.4588019847869873, 'learning_rate': 9.995007761300622e-06, 'epoch': 0.04}
{'loss': 0.8253, 'grad_norm': 2.7486281394958496, 'learning_rate': 9.995003114889879e-06, 'epoch': 0.04}
{'loss': 0.9096, 'grad_norm': 2.6326022148132324, 'learning_rate': 9.994998466318952e-06, 'epoch': 0.04}
{'loss': 0.8845, 'grad_norm': 2.6509101390838623, 'learning_rate': 9.994993815587843e-06, 'epoch': 0.04}
{'loss': 0.8782, 'grad_norm': 2.449040412902832, 'learning_rate': 9.994989162696557e-06, 'epoch': 0.04}
{'loss': 0.9588, 'grad_norm': 2.859264850616455, 'learning_rate': 9.994984507645093e-06, 'epoch': 0.04}
{'loss': 0.8886, 'grad_norm': 2.5257728099823, 'learning_rate': 9.994979850433455e-06, 'epoch': 0.04}
{'loss': 0.893, 'grad_norm': 2.5536975860595703, 'learning_rate': 9.994975191061642e-06, 'epoch': 0.04}
{'loss': 1.0615, 'grad_norm': 2.7966108322143555, 'learning_rate': 9.99497052952966e-06, 'epoch': 0.04}
{'loss': 0.788, 'grad_norm': 2.4112226963043213, 'learning_rate': 9.994965865837508e-06, 'epoch': 0.04}
{'loss': 0.8122, 'grad_norm': 2.4116175174713135, 'learning_rate': 9.994961199985189e-06, 'epoch': 0.04}
{'loss': 0.8884, 'grad_norm': 2.7143282890319824, 'learning_rate': 9.994956531972706e-06, 'epoch': 0.04}
{'loss': 0.9207, 'grad_norm': 2.5544402599334717, 'learning_rate': 9.99495186180006e-06, 'epoch': 0.04}
{'loss': 0.8803, 'grad_norm': 3.0445451736450195, 'learning_rate': 9.994947189467252e-06, 'epoch': 0.04}
{'loss': 1.02, 'grad_norm': 2.5710015296936035, 'learning_rate': 9.994942514974287e-06, 'epoch': 0.04}
{'loss': 0.8525, 'grad_norm': 2.80690598487854, 'learning_rate': 9.994937838321164e-06, 'epoch': 0.04}
{'loss': 0.685, 'grad_norm': 2.1196327209472656, 'learning_rate': 9.994933159507886e-06, 'epoch': 0.04}
{'loss': 0.886, 'grad_norm': 2.5749764442443848, 'learning_rate': 9.994928478534457e-06, 'epoch': 0.04}
{'loss': 0.8354, 'grad_norm': 2.5930538177490234, 'learning_rate': 9.994923795400874e-06, 'epoch': 0.04}
{'loss': 0.7236, 'grad_norm': 1.665092945098877, 'learning_rate': 9.994919110107144e-06, 'epoch': 0.04}
{'loss': 0.8385, 'grad_norm': 2.3884191513061523, 'learning_rate': 9.994914422653267e-06, 'epoch': 0.04}
{'loss': 0.7114, 'grad_norm': 2.2223989963531494, 'learning_rate': 9.994909733039246e-06, 'epoch': 0.04}
{'loss': 1.0647, 'grad_norm': 2.490246534347534, 'learning_rate': 9.994905041265082e-06, 'epoch': 0.04}
{'loss': 0.8303, 'grad_norm': 2.6815788745880127, 'learning_rate': 9.994900347330778e-06, 'epoch': 0.04}
{'loss': 0.9465, 'grad_norm': 2.4818532466888428, 'learning_rate': 9.994895651236334e-06, 'epoch': 0.04}
{'loss': 0.6296, 'grad_norm': 2.32690167427063, 'learning_rate': 9.994890952981754e-06, 'epoch': 0.04}
{'loss': 1.1088, 'grad_norm': 3.0122838020324707, 'learning_rate': 9.99488625256704e-06, 'epoch': 0.04}
{'loss': 0.9213, 'grad_norm': 2.4649951457977295, 'learning_rate': 9.994881549992192e-06, 'epoch': 0.04}
{'loss': 0.8853, 'grad_norm': 2.66569185256958, 'learning_rate': 9.994876845257215e-06, 'epoch': 0.04}
{'loss': 0.776, 'grad_norm': 2.449951410293579, 'learning_rate': 9.99487213836211e-06, 'epoch': 0.04}
{'loss': 0.8455, 'grad_norm': 2.7471156120300293, 'learning_rate': 9.994867429306878e-06, 'epoch': 0.04}
{'loss': 0.9456, 'grad_norm': 2.73809552192688, 'learning_rate': 9.994862718091523e-06, 'epoch': 0.04}
{'loss': 0.9635, 'grad_norm': 2.392202854156494, 'learning_rate': 9.994858004716044e-06, 'epoch': 0.04}
{'loss': 0.9088, 'grad_norm': 2.666715383529663, 'learning_rate': 9.994853289180444e-06, 'epoch': 0.04}
{'loss': 0.7928, 'grad_norm': 2.469252586364746, 'learning_rate': 9.994848571484728e-06, 'epoch': 0.04}
{'loss': 0.8721, 'grad_norm': 2.4669692516326904, 'learning_rate': 9.994843851628894e-06, 'epoch': 0.04}
{'loss': 0.9414, 'grad_norm': 2.549656629562378, 'learning_rate': 9.994839129612946e-06, 'epoch': 0.04}
{'loss': 0.9921, 'grad_norm': 2.8525233268737793, 'learning_rate': 9.994834405436887e-06, 'epoch': 0.04}
{'loss': 0.7465, 'grad_norm': 2.4003117084503174, 'learning_rate': 9.994829679100717e-06, 'epoch': 0.04}
{'loss': 0.8136, 'grad_norm': 2.3130228519439697, 'learning_rate': 9.99482495060444e-06, 'epoch': 0.04}
{'loss': 0.7655, 'grad_norm': 2.5766313076019287, 'learning_rate': 9.994820219948055e-06, 'epoch': 0.04}
{'loss': 0.9209, 'grad_norm': 2.3386385440826416, 'learning_rate': 9.99481548713157e-06, 'epoch': 0.04}
{'loss': 0.7458, 'grad_norm': 2.494767904281616, 'learning_rate': 9.994810752154978e-06, 'epoch': 0.04}
{'loss': 0.7652, 'grad_norm': 2.591730833053589, 'learning_rate': 9.99480601501829e-06, 'epoch': 0.04}
{'loss': 1.0176, 'grad_norm': 2.5524513721466064, 'learning_rate': 9.994801275721502e-06, 'epoch': 0.04}
{'loss': 0.9773, 'grad_norm': 2.761655330657959, 'learning_rate': 9.994796534264619e-06, 'epoch': 0.04}
{'loss': 0.8961, 'grad_norm': 2.4980549812316895, 'learning_rate': 9.994791790647643e-06, 'epoch': 0.04}
{'loss': 0.8927, 'grad_norm': 2.8049492835998535, 'learning_rate': 9.994787044870575e-06, 'epoch': 0.04}
{'loss': 0.8069, 'grad_norm': 2.3714425563812256, 'learning_rate': 9.994782296933416e-06, 'epoch': 0.04}
{'loss': 0.9808, 'grad_norm': 3.1867194175720215, 'learning_rate': 9.994777546836172e-06, 'epoch': 0.04}
{'loss': 0.7944, 'grad_norm': 2.4697139263153076, 'learning_rate': 9.99477279457884e-06, 'epoch': 0.04}
{'loss': 0.7608, 'grad_norm': 2.6536409854888916, 'learning_rate': 9.994768040161427e-06, 'epoch': 0.04}
{'loss': 0.9321, 'grad_norm': 2.6739063262939453, 'learning_rate': 9.99476328358393e-06, 'epoch': 0.04}
{'loss': 0.701, 'grad_norm': 1.6463466882705688, 'learning_rate': 9.994758524846356e-06, 'epoch': 0.04}
{'loss': 0.8926, 'grad_norm': 2.487750768661499, 'learning_rate': 9.994753763948703e-06, 'epoch': 0.04}
{'loss': 0.6958, 'grad_norm': 2.2596147060394287, 'learning_rate': 9.994749000890975e-06, 'epoch': 0.04}
{'loss': 0.9125, 'grad_norm': 2.6649105548858643, 'learning_rate': 9.994744235673175e-06, 'epoch': 0.04}
{'loss': 0.9651, 'grad_norm': 2.6113669872283936, 'learning_rate': 9.994739468295305e-06, 'epoch': 0.04}
{'loss': 0.8836, 'grad_norm': 2.419606924057007, 'learning_rate': 9.994734698757364e-06, 'epoch': 0.04}
{'loss': 0.8913, 'grad_norm': 2.6558382511138916, 'learning_rate': 9.994729927059357e-06, 'epoch': 0.04}
{'loss': 0.7051, 'grad_norm': 2.0746374130249023, 'learning_rate': 9.994725153201283e-06, 'epoch': 0.04}
{'loss': 1.0505, 'grad_norm': 2.613367795944214, 'learning_rate': 9.994720377183149e-06, 'epoch': 0.04}
{'loss': 0.885, 'grad_norm': 2.7883963584899902, 'learning_rate': 9.994715599004953e-06, 'epoch': 0.04}
{'loss': 0.943, 'grad_norm': 2.5890352725982666, 'learning_rate': 9.994710818666698e-06, 'epoch': 0.04}
{'loss': 0.9724, 'grad_norm': 2.5722382068634033, 'learning_rate': 9.994706036168387e-06, 'epoch': 0.04}
{'loss': 1.0044, 'grad_norm': 2.5446057319641113, 'learning_rate': 9.99470125151002e-06, 'epoch': 0.04}
{'loss': 1.0766, 'grad_norm': 2.717233657836914, 'learning_rate': 9.994696464691602e-06, 'epoch': 0.04}
{'loss': 0.8911, 'grad_norm': 2.47163987159729, 'learning_rate': 9.994691675713134e-06, 'epoch': 0.04}
{'loss': 0.9536, 'grad_norm': 2.517406702041626, 'learning_rate': 9.994686884574617e-06, 'epoch': 0.04}
{'loss': 0.8864, 'grad_norm': 2.4485316276550293, 'learning_rate': 9.994682091276054e-06, 'epoch': 0.04}
{'loss': 0.8479, 'grad_norm': 2.4077320098876953, 'learning_rate': 9.994677295817446e-06, 'epoch': 0.04}
{'loss': 1.0589, 'grad_norm': 3.12479305267334, 'learning_rate': 9.994672498198797e-06, 'epoch': 0.04}
{'loss': 0.8697, 'grad_norm': 2.4289069175720215, 'learning_rate': 9.994667698420106e-06, 'epoch': 0.04}
{'loss': 0.7937, 'grad_norm': 2.2562475204467773, 'learning_rate': 9.99466289648138e-06, 'epoch': 0.04}
{'loss': 0.8616, 'grad_norm': 2.432543992996216, 'learning_rate': 9.994658092382615e-06, 'epoch': 0.04}
{'loss': 0.7815, 'grad_norm': 2.4241628646850586, 'learning_rate': 9.994653286123819e-06, 'epoch': 0.04}
{'loss': 1.1144, 'grad_norm': 3.193434715270996, 'learning_rate': 9.994648477704988e-06, 'epoch': 0.04}
{'loss': 0.8326, 'grad_norm': 2.4838969707489014, 'learning_rate': 9.994643667126131e-06, 'epoch': 0.04}
{'loss': 0.9, 'grad_norm': 2.57039737701416, 'learning_rate': 9.994638854387245e-06, 'epoch': 0.04}
{'loss': 0.8446, 'grad_norm': 2.580414056777954, 'learning_rate': 9.994634039488333e-06, 'epoch': 0.04}
{'loss': 0.9901, 'grad_norm': 2.515394449234009, 'learning_rate': 9.994629222429397e-06, 'epoch': 0.04}
{'loss': 0.8335, 'grad_norm': 2.5290873050689697, 'learning_rate': 9.99462440321044e-06, 'epoch': 0.04}
{'loss': 1.0412, 'grad_norm': 2.650184154510498, 'learning_rate': 9.994619581831464e-06, 'epoch': 0.04}
{'loss': 1.0293, 'grad_norm': 2.6661901473999023, 'learning_rate': 9.99461475829247e-06, 'epoch': 0.04}
{'loss': 0.9569, 'grad_norm': 2.6037588119506836, 'learning_rate': 9.994609932593463e-06, 'epoch': 0.04}
{'loss': 0.9208, 'grad_norm': 2.8212428092956543, 'learning_rate': 9.994605104734443e-06, 'epoch': 0.04}
{'loss': 0.773, 'grad_norm': 2.4496405124664307, 'learning_rate': 9.994600274715412e-06, 'epoch': 0.04}
{'loss': 0.7099, 'grad_norm': 2.3739378452301025, 'learning_rate': 9.99459544253637e-06, 'epoch': 0.04}
{'loss': 0.9511, 'grad_norm': 2.475935220718384, 'learning_rate': 9.994590608197324e-06, 'epoch': 0.04}
{'loss': 0.8299, 'grad_norm': 2.499889612197876, 'learning_rate': 9.99458577169827e-06, 'epoch': 0.04}
{'loss': 0.8882, 'grad_norm': 2.574476480484009, 'learning_rate': 9.994580933039215e-06, 'epoch': 0.04}
{'loss': 0.9431, 'grad_norm': 2.448134660720825, 'learning_rate': 9.99457609222016e-06, 'epoch': 0.04}
{'loss': 0.8794, 'grad_norm': 2.5632760524749756, 'learning_rate': 9.994571249241108e-06, 'epoch': 0.04}
{'loss': 0.7234, 'grad_norm': 2.4490878582000732, 'learning_rate': 9.994566404102058e-06, 'epoch': 0.04}
{'loss': 1.0554, 'grad_norm': 2.6383779048919678, 'learning_rate': 9.994561556803013e-06, 'epoch': 0.04}
{'loss': 0.8136, 'grad_norm': 2.4637444019317627, 'learning_rate': 9.994556707343977e-06, 'epoch': 0.04}
{'loss': 0.8937, 'grad_norm': 2.3487348556518555, 'learning_rate': 9.994551855724952e-06, 'epoch': 0.04}
[04:51:05.623501] Error: Error reading OpenGVLab/stage2/OpenMMLab___Kinetics-400/raw/Kinetics-400/videos_train/L7992tAxS94.mp4...
[04:51:05.623552] Failed to read video file: OpenGVLab/stage2/OpenMMLab___Kinetics-400/raw/Kinetics-400/videos_train/L7992tAxS94.mp4
[04:51:05.623568] [Try #0] Failed to fetch sample 3752677. Exception: Error reading OpenGVLab/stage2/OpenMMLab___Kinetics-400/raw/Kinetics-400/videos_train/L7992tAxS94.mp4...
[04:51:06.624905] Error: Error reading OpenGVLab/stage2/OpenMMLab___Kinetics-400/raw/Kinetics-400/videos_train/L7992tAxS94.mp4...
[04:51:06.624950] Failed to read video file: OpenGVLab/stage2/OpenMMLab___Kinetics-400/raw/Kinetics-400/videos_train/L7992tAxS94.mp4
[04:51:06.624966] [Try #1] Failed to fetch sample 3752677. Exception: Error reading OpenGVLab/stage2/OpenMMLab___Kinetics-400/raw/Kinetics-400/videos_train/L7992tAxS94.mp4...
{'loss': 1.1723, 'grad_norm': 2.5122621059417725, 'learning_rate': 9.994547001945937e-06, 'epoch': 0.04}
{'loss': 0.805, 'grad_norm': 2.860402822494507, 'learning_rate': 9.994542146006939e-06, 'epoch': 0.04}
{'loss': 0.9686, 'grad_norm': 2.601839303970337, 'learning_rate': 9.994537287907954e-06, 'epoch': 0.04}
{'loss': 0.8346, 'grad_norm': 2.424023151397705, 'learning_rate': 9.994532427648991e-06, 'epoch': 0.04}
{'loss': 1.0295, 'grad_norm': 2.549717903137207, 'learning_rate': 9.994527565230045e-06, 'epoch': 0.04}
{'loss': 0.8302, 'grad_norm': 2.6808395385742188, 'learning_rate': 9.994522700651125e-06, 'epoch': 0.04}
{'loss': 0.8726, 'grad_norm': 2.5354747772216797, 'learning_rate': 9.994517833912228e-06, 'epoch': 0.04}
{'loss': 0.7416, 'grad_norm': 2.3446452617645264, 'learning_rate': 9.994512965013358e-06, 'epoch': 0.04}
{'loss': 0.8013, 'grad_norm': 2.431225538253784, 'learning_rate': 9.994508093954517e-06, 'epoch': 0.04}
{'loss': 0.9324, 'grad_norm': 2.4421372413635254, 'learning_rate': 9.994503220735706e-06, 'epoch': 0.04}
{'loss': 0.8764, 'grad_norm': 2.495438575744629, 'learning_rate': 9.994498345356929e-06, 'epoch': 0.04}
{'loss': 0.8195, 'grad_norm': 2.376577615737915, 'learning_rate': 9.994493467818187e-06, 'epoch': 0.04}
{'loss': 1.1528, 'grad_norm': 2.8704230785369873, 'learning_rate': 9.994488588119484e-06, 'epoch': 0.04}
{'loss': 0.788, 'grad_norm': 1.9518450498580933, 'learning_rate': 9.994483706260819e-06, 'epoch': 0.04}
{'loss': 0.8386, 'grad_norm': 2.5440502166748047, 'learning_rate': 9.994478822242196e-06, 'epoch': 0.04}
{'loss': 0.8022, 'grad_norm': 2.625762462615967, 'learning_rate': 9.994473936063615e-06, 'epoch': 0.04}
{'loss': 0.9296, 'grad_norm': 2.55790638923645, 'learning_rate': 9.994469047725083e-06, 'epoch': 0.04}
{'loss': 0.7648, 'grad_norm': 2.3765227794647217, 'learning_rate': 9.994464157226598e-06, 'epoch': 0.04}
{'loss': 0.8711, 'grad_norm': 2.4355862140655518, 'learning_rate': 9.994459264568161e-06, 'epoch': 0.04}
{'loss': 0.9138, 'grad_norm': 2.5723979473114014, 'learning_rate': 9.994454369749778e-06, 'epoch': 0.04}
{'loss': 0.8467, 'grad_norm': 2.564634323120117, 'learning_rate': 9.994449472771447e-06, 'epoch': 0.04}
{'loss': 0.7988, 'grad_norm': 2.451176881790161, 'learning_rate': 9.994444573633176e-06, 'epoch': 0.04}
{'loss': 0.9229, 'grad_norm': 2.7064945697784424, 'learning_rate': 9.994439672334962e-06, 'epoch': 0.04}
{'loss': 0.7238, 'grad_norm': 2.6278610229492188, 'learning_rate': 9.994434768876809e-06, 'epoch': 0.04}
{'loss': 0.9954, 'grad_norm': 2.7096688747406006, 'learning_rate': 9.994429863258717e-06, 'epoch': 0.04}
{'loss': 0.7933, 'grad_norm': 2.568009853363037, 'learning_rate': 9.99442495548069e-06, 'epoch': 0.04}
{'loss': 0.9856, 'grad_norm': 2.5529353618621826, 'learning_rate': 9.994420045542732e-06, 'epoch': 0.04}
{'loss': 0.8852, 'grad_norm': 2.2582600116729736, 'learning_rate': 9.994415133444843e-06, 'epoch': 0.04}
{'loss': 0.9123, 'grad_norm': 2.4524500370025635, 'learning_rate': 9.994410219187023e-06, 'epoch': 0.04}
{'loss': 0.7783, 'grad_norm': 2.566537618637085, 'learning_rate': 9.994405302769278e-06, 'epoch': 0.04}
{'loss': 0.6658, 'grad_norm': 2.5014288425445557, 'learning_rate': 9.994400384191609e-06, 'epoch': 0.04}
{'loss': 0.7926, 'grad_norm': 2.441270112991333, 'learning_rate': 9.994395463454018e-06, 'epoch': 0.04}
{'loss': 0.7488, 'grad_norm': 2.122992515563965, 'learning_rate': 9.994390540556504e-06, 'epoch': 0.04}
{'loss': 0.9507, 'grad_norm': 2.6592979431152344, 'learning_rate': 9.994385615499076e-06, 'epoch': 0.04}
{'loss': 0.7736, 'grad_norm': 2.521160840988159, 'learning_rate': 9.994380688281728e-06, 'epoch': 0.04}
{'loss': 0.8291, 'grad_norm': 2.7091383934020996, 'learning_rate': 9.994375758904468e-06, 'epoch': 0.04}
{'loss': 0.888, 'grad_norm': 2.802819013595581, 'learning_rate': 9.994370827367297e-06, 'epoch': 0.04}
{'loss': 0.8576, 'grad_norm': 2.3682618141174316, 'learning_rate': 9.994365893670215e-06, 'epoch': 0.04}
{'loss': 0.7506, 'grad_norm': 2.542151927947998, 'learning_rate': 9.994360957813225e-06, 'epoch': 0.04}
{'loss': 1.0033, 'grad_norm': 2.7584924697875977, 'learning_rate': 9.994356019796332e-06, 'epoch': 0.04}
{'loss': 0.8614, 'grad_norm': 2.4034078121185303, 'learning_rate': 9.994351079619533e-06, 'epoch': 0.04}
{'loss': 1.0033, 'grad_norm': 2.8345935344696045, 'learning_rate': 9.994346137282835e-06, 'epoch': 0.04}
{'loss': 0.8072, 'grad_norm': 2.3480286598205566, 'learning_rate': 9.99434119278624e-06, 'epoch': 0.04}
{'loss': 0.9183, 'grad_norm': 2.7020931243896484, 'learning_rate': 9.994336246129743e-06, 'epoch': 0.04}
{'loss': 0.7574, 'grad_norm': 2.480839490890503, 'learning_rate': 9.994331297313355e-06, 'epoch': 0.04}
{'loss': 0.7494, 'grad_norm': 2.4180080890655518, 'learning_rate': 9.994326346337074e-06, 'epoch': 0.04}
{'loss': 0.8377, 'grad_norm': 2.4203529357910156, 'learning_rate': 9.994321393200903e-06, 'epoch': 0.04}
{'loss': 1.0679, 'grad_norm': 2.569807529449463, 'learning_rate': 9.994316437904843e-06, 'epoch': 0.04}
{'loss': 0.8582, 'grad_norm': 2.5375471115112305, 'learning_rate': 9.994311480448897e-06, 'epoch': 0.04}
{'loss': 0.7869, 'grad_norm': 2.436018228530884, 'learning_rate': 9.994306520833066e-06, 'epoch': 0.04}
{'loss': 0.857, 'grad_norm': 2.8105995655059814, 'learning_rate': 9.994301559057356e-06, 'epoch': 0.04}
{'loss': 0.9823, 'grad_norm': 2.922982931137085, 'learning_rate': 9.994296595121763e-06, 'epoch': 0.04}
{'loss': 0.9431, 'grad_norm': 2.723637819290161, 'learning_rate': 9.994291629026296e-06, 'epoch': 0.04}
{'loss': 0.9818, 'grad_norm': 2.7895236015319824, 'learning_rate': 9.994286660770951e-06, 'epoch': 0.04}
{'loss': 0.8548, 'grad_norm': 2.424689531326294, 'learning_rate': 9.994281690355733e-06, 'epoch': 0.04}
{'loss': 0.8264, 'grad_norm': 2.7154123783111572, 'learning_rate': 9.994276717780647e-06, 'epoch': 0.04}
{'loss': 0.9487, 'grad_norm': 2.479544162750244, 'learning_rate': 9.99427174304569e-06, 'epoch': 0.04}
{'loss': 0.9347, 'grad_norm': 2.383242130279541, 'learning_rate': 9.994266766150864e-06, 'epoch': 0.04}
{'loss': 0.9717, 'grad_norm': 2.6223013401031494, 'learning_rate': 9.994261787096176e-06, 'epoch': 0.04}
{'loss': 0.8971, 'grad_norm': 2.87021803855896, 'learning_rate': 9.994256805881625e-06, 'epoch': 0.04}
{'loss': 0.7493, 'grad_norm': 2.1964352130889893, 'learning_rate': 9.994251822507214e-06, 'epoch': 0.04}
{'loss': 0.9295, 'grad_norm': 2.713730812072754, 'learning_rate': 9.994246836972944e-06, 'epoch': 0.04}
{'loss': 0.8525, 'grad_norm': 2.68747878074646, 'learning_rate': 9.99424184927882e-06, 'epoch': 0.04}
{'loss': 0.7769, 'grad_norm': 2.530616283416748, 'learning_rate': 9.994236859424841e-06, 'epoch': 0.04}
{'loss': 0.8886, 'grad_norm': 2.7054131031036377, 'learning_rate': 9.994231867411011e-06, 'epoch': 0.04}
{'loss': 0.8512, 'grad_norm': 2.521522283554077, 'learning_rate': 9.99422687323733e-06, 'epoch': 0.04}
{'loss': 0.982, 'grad_norm': 2.4710378646850586, 'learning_rate': 9.994221876903802e-06, 'epoch': 0.04}
{'loss': 0.7356, 'grad_norm': 2.27099609375, 'learning_rate': 9.99421687841043e-06, 'epoch': 0.04}
{'loss': 1.041, 'grad_norm': 2.3370354175567627, 'learning_rate': 9.994211877757214e-06, 'epoch': 0.04}
{'loss': 1.0537, 'grad_norm': 2.5247154235839844, 'learning_rate': 9.994206874944158e-06, 'epoch': 0.04}
{'loss': 0.7639, 'grad_norm': 2.1635959148406982, 'learning_rate': 9.994201869971263e-06, 'epoch': 0.04}
{'loss': 0.8642, 'grad_norm': 2.515507936477661, 'learning_rate': 9.994196862838532e-06, 'epoch': 0.04}
{'loss': 0.9478, 'grad_norm': 2.6390225887298584, 'learning_rate': 9.994191853545965e-06, 'epoch': 0.04}
{'loss': 0.8963, 'grad_norm': 2.7015573978424072, 'learning_rate': 9.994186842093568e-06, 'epoch': 0.04}
{'loss': 1.1039, 'grad_norm': 2.815035104751587, 'learning_rate': 9.994181828481338e-06, 'epoch': 0.04}
{'loss': 0.8528, 'grad_norm': 2.4950809478759766, 'learning_rate': 9.994176812709283e-06, 'epoch': 0.04}
{'loss': 0.8523, 'grad_norm': 2.733431100845337, 'learning_rate': 9.994171794777402e-06, 'epoch': 0.04}
{'loss': 0.9557, 'grad_norm': 2.4515931606292725, 'learning_rate': 9.994166774685697e-06, 'epoch': 0.04}
{'loss': 0.6333, 'grad_norm': 2.121232748031616, 'learning_rate': 9.994161752434168e-06, 'epoch': 0.04}
{'loss': 0.8835, 'grad_norm': 2.6008965969085693, 'learning_rate': 9.994156728022824e-06, 'epoch': 0.04}
{'loss': 0.7771, 'grad_norm': 2.3751864433288574, 'learning_rate': 9.994151701451659e-06, 'epoch': 0.04}
{'loss': 0.9456, 'grad_norm': 2.88771653175354, 'learning_rate': 9.994146672720682e-06, 'epoch': 0.04}
{'loss': 1.024, 'grad_norm': 2.695037841796875, 'learning_rate': 9.994141641829894e-06, 'epoch': 0.04}
{'loss': 0.8321, 'grad_norm': 2.3160712718963623, 'learning_rate': 9.994136608779293e-06, 'epoch': 0.04}
{'loss': 0.9298, 'grad_norm': 2.821141242980957, 'learning_rate': 9.994131573568883e-06, 'epoch': 0.04}
{'loss': 0.9136, 'grad_norm': 2.4583590030670166, 'learning_rate': 9.994126536198667e-06, 'epoch': 0.04}
{'loss': 0.8317, 'grad_norm': 2.310729503631592, 'learning_rate': 9.99412149666865e-06, 'epoch': 0.04}
{'loss': 0.765, 'grad_norm': 2.492206573486328, 'learning_rate': 9.994116454978828e-06, 'epoch': 0.04}
{'loss': 0.9355, 'grad_norm': 2.5798227787017822, 'learning_rate': 9.994111411129208e-06, 'epoch': 0.04}
{'loss': 0.9178, 'grad_norm': 2.426680326461792, 'learning_rate': 9.99410636511979e-06, 'epoch': 0.04}
{'loss': 0.7635, 'grad_norm': 2.5418052673339844, 'learning_rate': 9.994101316950577e-06, 'epoch': 0.05}
{'loss': 1.0353, 'grad_norm': 2.8836863040924072, 'learning_rate': 9.994096266621571e-06, 'epoch': 0.05}
{'loss': 1.0003, 'grad_norm': 2.6856749057769775, 'learning_rate': 9.994091214132775e-06, 'epoch': 0.05}
{'loss': 0.9682, 'grad_norm': 2.6599838733673096, 'learning_rate': 9.99408615948419e-06, 'epoch': 0.05}
{'loss': 0.8124, 'grad_norm': 2.3978781700134277, 'learning_rate': 9.994081102675817e-06, 'epoch': 0.05}
{'loss': 1.1199, 'grad_norm': 2.613874912261963, 'learning_rate': 9.994076043707661e-06, 'epoch': 0.05}
{'loss': 0.986, 'grad_norm': 2.554302215576172, 'learning_rate': 9.994070982579723e-06, 'epoch': 0.05}
{'loss': 1.0282, 'grad_norm': 2.7140541076660156, 'learning_rate': 9.994065919292004e-06, 'epoch': 0.05}
{'loss': 1.2291, 'grad_norm': 2.757373809814453, 'learning_rate': 9.994060853844507e-06, 'epoch': 0.05}
{'loss': 0.9803, 'grad_norm': 2.6532657146453857, 'learning_rate': 9.994055786237237e-06, 'epoch': 0.05}
{'loss': 0.9383, 'grad_norm': 2.921060085296631, 'learning_rate': 9.994050716470192e-06, 'epoch': 0.05}
{'loss': 0.9711, 'grad_norm': 2.628580093383789, 'learning_rate': 9.994045644543375e-06, 'epoch': 0.05}
{'loss': 0.9182, 'grad_norm': 2.5122992992401123, 'learning_rate': 9.99404057045679e-06, 'epoch': 0.05}
{'loss': 1.061, 'grad_norm': 2.7303829193115234, 'learning_rate': 9.994035494210438e-06, 'epoch': 0.05}
{'loss': 0.8601, 'grad_norm': 2.485243558883667, 'learning_rate': 9.994030415804323e-06, 'epoch': 0.05}
{'loss': 0.7672, 'grad_norm': 2.272928476333618, 'learning_rate': 9.994025335238444e-06, 'epoch': 0.05}
{'loss': 1.1749, 'grad_norm': 2.3917429447174072, 'learning_rate': 9.994020252512806e-06, 'epoch': 0.05}
{'loss': 0.971, 'grad_norm': 2.411001205444336, 'learning_rate': 9.99401516762741e-06, 'epoch': 0.05}
{'loss': 0.7726, 'grad_norm': 2.3264639377593994, 'learning_rate': 9.994010080582256e-06, 'epoch': 0.05}
{'loss': 0.8723, 'grad_norm': 2.344879388809204, 'learning_rate': 9.99400499137735e-06, 'epoch': 0.05}
{'loss': 0.8683, 'grad_norm': 2.6282119750976562, 'learning_rate': 9.993999900012692e-06, 'epoch': 0.05}
{'loss': 0.9146, 'grad_norm': 2.828737497329712, 'learning_rate': 9.993994806488285e-06, 'epoch': 0.05}
{'loss': 0.7834, 'grad_norm': 2.4159584045410156, 'learning_rate': 9.993989710804133e-06, 'epoch': 0.05}
{'loss': 1.0505, 'grad_norm': 2.560734748840332, 'learning_rate': 9.993984612960233e-06, 'epoch': 0.05}
{'loss': 0.8353, 'grad_norm': 2.4555277824401855, 'learning_rate': 9.993979512956594e-06, 'epoch': 0.05}
{'loss': 0.9431, 'grad_norm': 2.543381929397583, 'learning_rate': 9.993974410793212e-06, 'epoch': 0.05}
{'loss': 1.064, 'grad_norm': 2.622553586959839, 'learning_rate': 9.993969306470093e-06, 'epoch': 0.05}
{'loss': 0.7753, 'grad_norm': 2.4923720359802246, 'learning_rate': 9.993964199987236e-06, 'epoch': 0.05}
{'loss': 0.8815, 'grad_norm': 2.575507164001465, 'learning_rate': 9.993959091344647e-06, 'epoch': 0.05}
{'loss': 0.7847, 'grad_norm': 2.3970348834991455, 'learning_rate': 9.993953980542327e-06, 'epoch': 0.05}
{'loss': 1.1228, 'grad_norm': 2.8070380687713623, 'learning_rate': 9.993948867580277e-06, 'epoch': 0.05}
{'loss': 0.9713, 'grad_norm': 2.65478777885437, 'learning_rate': 9.9939437524585e-06, 'epoch': 0.05}
{'loss': 0.7945, 'grad_norm': 2.2068679332733154, 'learning_rate': 9.993938635176998e-06, 'epoch': 0.05}
{'loss': 1.0577, 'grad_norm': 2.7290966510772705, 'learning_rate': 9.993933515735774e-06, 'epoch': 0.05}
{'loss': 0.8498, 'grad_norm': 2.2044527530670166, 'learning_rate': 9.99392839413483e-06, 'epoch': 0.05}
{'loss': 0.7555, 'grad_norm': 2.2427642345428467, 'learning_rate': 9.993923270374166e-06, 'epoch': 0.05}
{'loss': 1.0042, 'grad_norm': 2.8355867862701416, 'learning_rate': 9.993918144453785e-06, 'epoch': 0.05}
{'loss': 0.8978, 'grad_norm': 2.777730941772461, 'learning_rate': 9.993913016373692e-06, 'epoch': 0.05}
{'loss': 1.1168, 'grad_norm': 2.932756185531616, 'learning_rate': 9.993907886133889e-06, 'epoch': 0.05}
{'loss': 0.8703, 'grad_norm': 2.4262216091156006, 'learning_rate': 9.993902753734375e-06, 'epoch': 0.05}
{'loss': 0.7987, 'grad_norm': 2.435960292816162, 'learning_rate': 9.993897619175153e-06, 'epoch': 0.05}
{'loss': 0.7948, 'grad_norm': 2.3276617527008057, 'learning_rate': 9.993892482456227e-06, 'epoch': 0.05}
{'loss': 0.8557, 'grad_norm': 2.5086352825164795, 'learning_rate': 9.993887343577597e-06, 'epoch': 0.05}
{'loss': 1.0852, 'grad_norm': 2.7801449298858643, 'learning_rate': 9.99388220253927e-06, 'epoch': 0.05}
{'loss': 0.75, 'grad_norm': 2.1970415115356445, 'learning_rate': 9.99387705934124e-06, 'epoch': 0.05}
{'loss': 0.7094, 'grad_norm': 2.390801429748535, 'learning_rate': 9.993871913983517e-06, 'epoch': 0.05}
{'loss': 0.9559, 'grad_norm': 2.925299882888794, 'learning_rate': 9.993866766466099e-06, 'epoch': 0.05}
{'loss': 0.9235, 'grad_norm': 2.700800895690918, 'learning_rate': 9.99386161678899e-06, 'epoch': 0.05}
{'loss': 1.089, 'grad_norm': 2.6915342807769775, 'learning_rate': 9.993856464952193e-06, 'epoch': 0.05}
{'loss': 0.8347, 'grad_norm': 2.4931447505950928, 'learning_rate': 9.993851310955707e-06, 'epoch': 0.05}
{'loss': 0.7816, 'grad_norm': 2.401409864425659, 'learning_rate': 9.993846154799535e-06, 'epoch': 0.05}
{'loss': 0.8194, 'grad_norm': 2.6689257621765137, 'learning_rate': 9.993840996483683e-06, 'epoch': 0.05}
{'loss': 0.8799, 'grad_norm': 2.2526309490203857, 'learning_rate': 9.99383583600815e-06, 'epoch': 0.05}
{'loss': 0.8178, 'grad_norm': 2.6262998580932617, 'learning_rate': 9.993830673372937e-06, 'epoch': 0.05}
{'loss': 0.9199, 'grad_norm': 2.704345941543579, 'learning_rate': 9.993825508578049e-06, 'epoch': 0.05}
{'loss': 0.7835, 'grad_norm': 2.4185190200805664, 'learning_rate': 9.993820341623487e-06, 'epoch': 0.05}
{'loss': 1.0669, 'grad_norm': 2.958436965942383, 'learning_rate': 9.993815172509254e-06, 'epoch': 0.05}
{'loss': 0.9201, 'grad_norm': 2.668264627456665, 'learning_rate': 9.993810001235352e-06, 'epoch': 0.05}
{'loss': 0.7327, 'grad_norm': 2.3852756023406982, 'learning_rate': 9.993804827801783e-06, 'epoch': 0.05}
{'loss': 0.9892, 'grad_norm': 2.6379590034484863, 'learning_rate': 9.993799652208549e-06, 'epoch': 0.05}
{'loss': 0.8168, 'grad_norm': 2.5575661659240723, 'learning_rate': 9.993794474455652e-06, 'epoch': 0.05}
{'loss': 1.0863, 'grad_norm': 2.9551916122436523, 'learning_rate': 9.993789294543094e-06, 'epoch': 0.05}
{'loss': 0.9711, 'grad_norm': 2.875950813293457, 'learning_rate': 9.993784112470878e-06, 'epoch': 0.05}
{'loss': 1.4472, 'grad_norm': 3.006134033203125, 'learning_rate': 9.993778928239008e-06, 'epoch': 0.05}
{'loss': 0.7768, 'grad_norm': 2.5830078125, 'learning_rate': 9.993773741847483e-06, 'epoch': 0.05}
{'loss': 0.8825, 'grad_norm': 2.61506986618042, 'learning_rate': 9.993768553296309e-06, 'epoch': 0.05}
{'loss': 0.8457, 'grad_norm': 2.7104134559631348, 'learning_rate': 9.993763362585482e-06, 'epoch': 0.05}
{'loss': 1.1097, 'grad_norm': 2.9323086738586426, 'learning_rate': 9.99375816971501e-06, 'epoch': 0.05}
{'loss': 0.8545, 'grad_norm': 2.725386619567871, 'learning_rate': 9.993752974684895e-06, 'epoch': 0.05}
{'loss': 0.6542, 'grad_norm': 1.6989829540252686, 'learning_rate': 9.993747777495134e-06, 'epoch': 0.05}
{'loss': 0.8413, 'grad_norm': 2.5346832275390625, 'learning_rate': 9.993742578145735e-06, 'epoch': 0.05}
{'loss': 0.7089, 'grad_norm': 2.39644718170166, 'learning_rate': 9.993737376636698e-06, 'epoch': 0.05}
{'loss': 0.8106, 'grad_norm': 2.72141695022583, 'learning_rate': 9.993732172968026e-06, 'epoch': 0.05}
{'loss': 0.7176, 'grad_norm': 2.4610326290130615, 'learning_rate': 9.993726967139719e-06, 'epoch': 0.05}
{'loss': 1.0514, 'grad_norm': 2.638218641281128, 'learning_rate': 9.993721759151783e-06, 'epoch': 0.05}
{'loss': 0.7461, 'grad_norm': 2.3594632148742676, 'learning_rate': 9.993716549004216e-06, 'epoch': 0.05}
{'loss': 0.9438, 'grad_norm': 2.6852002143859863, 'learning_rate': 9.993711336697024e-06, 'epoch': 0.05}
{'loss': 0.859, 'grad_norm': 2.5771491527557373, 'learning_rate': 9.993706122230207e-06, 'epoch': 0.05}
{'loss': 0.853, 'grad_norm': 2.763256072998047, 'learning_rate': 9.993700905603767e-06, 'epoch': 0.05}
{'loss': 0.9011, 'grad_norm': 2.6106679439544678, 'learning_rate': 9.993695686817709e-06, 'epoch': 0.05}
{'loss': 0.8483, 'grad_norm': 2.5965018272399902, 'learning_rate': 9.99369046587203e-06, 'epoch': 0.05}
{'loss': 0.918, 'grad_norm': 2.5411834716796875, 'learning_rate': 9.99368524276674e-06, 'epoch': 0.05}
{'loss': 0.8056, 'grad_norm': 2.39880108833313, 'learning_rate': 9.993680017501834e-06, 'epoch': 0.05}
{'loss': 1.0221, 'grad_norm': 2.8908262252807617, 'learning_rate': 9.993674790077318e-06, 'epoch': 0.05}
{'loss': 0.8505, 'grad_norm': 2.774855613708496, 'learning_rate': 9.993669560493193e-06, 'epoch': 0.05}
{'loss': 0.8307, 'grad_norm': 2.5006325244903564, 'learning_rate': 9.993664328749462e-06, 'epoch': 0.05}
{'loss': 0.8555, 'grad_norm': 2.456709861755371, 'learning_rate': 9.993659094846128e-06, 'epoch': 0.05}
{'loss': 0.8993, 'grad_norm': 2.842482566833496, 'learning_rate': 9.99365385878319e-06, 'epoch': 0.05}
{'loss': 0.9004, 'grad_norm': 2.685558319091797, 'learning_rate': 9.993648620560654e-06, 'epoch': 0.05}
{'loss': 0.6998, 'grad_norm': 2.2954084873199463, 'learning_rate': 9.993643380178522e-06, 'epoch': 0.05}
{'loss': 0.7407, 'grad_norm': 2.073888063430786, 'learning_rate': 9.993638137636794e-06, 'epoch': 0.05}
{'loss': 0.972, 'grad_norm': 2.6654722690582275, 'learning_rate': 9.993632892935471e-06, 'epoch': 0.05}
{'loss': 0.7769, 'grad_norm': 2.4198341369628906, 'learning_rate': 9.99362764607456e-06, 'epoch': 0.05}
{'loss': 1.0635, 'grad_norm': 2.938737154006958, 'learning_rate': 9.993622397054062e-06, 'epoch': 0.05}
{'loss': 0.8378, 'grad_norm': 2.782241106033325, 'learning_rate': 9.993617145873975e-06, 'epoch': 0.05}
{'loss': 1.0094, 'grad_norm': 2.5078577995300293, 'learning_rate': 9.993611892534306e-06, 'epoch': 0.05}
{'loss': 0.918, 'grad_norm': 2.6237595081329346, 'learning_rate': 9.993606637035055e-06, 'epoch': 0.05}
{'loss': 0.8875, 'grad_norm': 2.5833327770233154, 'learning_rate': 9.993601379376226e-06, 'epoch': 0.05}
{'loss': 0.8674, 'grad_norm': 2.521390199661255, 'learning_rate': 9.993596119557817e-06, 'epoch': 0.05}
{'loss': 0.9705, 'grad_norm': 2.72741436958313, 'learning_rate': 9.993590857579839e-06, 'epoch': 0.05}
{'loss': 0.7807, 'grad_norm': 2.436295509338379, 'learning_rate': 9.993585593442283e-06, 'epoch': 0.05}
{'loss': 0.8894, 'grad_norm': 2.396458864212036, 'learning_rate': 9.99358032714516e-06, 'epoch': 0.05}
{'loss': 0.8298, 'grad_norm': 2.6063497066497803, 'learning_rate': 9.993575058688469e-06, 'epoch': 0.05}
{'loss': 0.8743, 'grad_norm': 2.460768222808838, 'learning_rate': 9.993569788072213e-06, 'epoch': 0.05}
{'loss': 0.8524, 'grad_norm': 2.4297971725463867, 'learning_rate': 9.993564515296392e-06, 'epoch': 0.05}
{'loss': 0.8366, 'grad_norm': 2.688632011413574, 'learning_rate': 9.993559240361013e-06, 'epoch': 0.05}
{'loss': 0.6673, 'grad_norm': 2.239824056625366, 'learning_rate': 9.993553963266075e-06, 'epoch': 0.05}
{'loss': 0.9016, 'grad_norm': 2.638080358505249, 'learning_rate': 9.993548684011578e-06, 'epoch': 0.05}
{'loss': 0.8394, 'grad_norm': 2.9494986534118652, 'learning_rate': 9.993543402597527e-06, 'epoch': 0.05}
{'loss': 0.9654, 'grad_norm': 2.8830726146698, 'learning_rate': 9.993538119023927e-06, 'epoch': 0.05}
{'loss': 1.1157, 'grad_norm': 2.5414962768554688, 'learning_rate': 9.993532833290776e-06, 'epoch': 0.05}
{'loss': 1.1476, 'grad_norm': 2.715177059173584, 'learning_rate': 9.993527545398078e-06, 'epoch': 0.05}
{'loss': 0.8604, 'grad_norm': 2.9308688640594482, 'learning_rate': 9.993522255345836e-06, 'epoch': 0.05}
{'loss': 0.8354, 'grad_norm': 2.452705144882202, 'learning_rate': 9.99351696313405e-06, 'epoch': 0.05}
{'loss': 0.8168, 'grad_norm': 2.703505754470825, 'learning_rate': 9.993511668762724e-06, 'epoch': 0.05}
{'loss': 0.7832, 'grad_norm': 2.4210705757141113, 'learning_rate': 9.99350637223186e-06, 'epoch': 0.05}
{'loss': 0.8018, 'grad_norm': 2.2825424671173096, 'learning_rate': 9.99350107354146e-06, 'epoch': 0.05}
{'loss': 1.0057, 'grad_norm': 2.777055025100708, 'learning_rate': 9.993495772691528e-06, 'epoch': 0.05}
{'loss': 0.8727, 'grad_norm': 2.447998523712158, 'learning_rate': 9.993490469682064e-06, 'epoch': 0.05}
{'loss': 0.8894, 'grad_norm': 2.263918399810791, 'learning_rate': 9.99348516451307e-06, 'epoch': 0.05}
{'loss': 1.0081, 'grad_norm': 2.723297595977783, 'learning_rate': 9.993479857184552e-06, 'epoch': 0.05}
{'loss': 0.8468, 'grad_norm': 2.523911476135254, 'learning_rate': 9.993474547696509e-06, 'epoch': 0.05}
{'loss': 0.8098, 'grad_norm': 2.8630917072296143, 'learning_rate': 9.993469236048943e-06, 'epoch': 0.05}
{'loss': 0.8516, 'grad_norm': 2.4881982803344727, 'learning_rate': 9.993463922241857e-06, 'epoch': 0.05}
{'loss': 0.9551, 'grad_norm': 2.544715166091919, 'learning_rate': 9.993458606275254e-06, 'epoch': 0.05}
{'loss': 1.068, 'grad_norm': 2.7096338272094727, 'learning_rate': 9.993453288149135e-06, 'epoch': 0.05}
{'loss': 0.848, 'grad_norm': 2.3914358615875244, 'learning_rate': 9.993447967863505e-06, 'epoch': 0.05}
{'loss': 0.8215, 'grad_norm': 2.480572462081909, 'learning_rate': 9.993442645418363e-06, 'epoch': 0.05}
{'loss': 1.0306, 'grad_norm': 2.7903857231140137, 'learning_rate': 9.993437320813715e-06, 'epoch': 0.05}
{'loss': 0.8664, 'grad_norm': 2.704307794570923, 'learning_rate': 9.99343199404956e-06, 'epoch': 0.05}
{'loss': 0.9065, 'grad_norm': 2.640080213546753, 'learning_rate': 9.9934266651259e-06, 'epoch': 0.05}
{'loss': 1.0335, 'grad_norm': 2.56485915184021, 'learning_rate': 9.993421334042741e-06, 'epoch': 0.05}
{'loss': 0.9987, 'grad_norm': 2.896066188812256, 'learning_rate': 9.993416000800082e-06, 'epoch': 0.05}
{'loss': 0.8483, 'grad_norm': 2.9745595455169678, 'learning_rate': 9.993410665397927e-06, 'epoch': 0.05}
{'loss': 0.9108, 'grad_norm': 2.912937879562378, 'learning_rate': 9.993405327836276e-06, 'epoch': 0.05}
{'loss': 0.8753, 'grad_norm': 2.6395318508148193, 'learning_rate': 9.993399988115135e-06, 'epoch': 0.05}
{'loss': 0.8629, 'grad_norm': 2.3090314865112305, 'learning_rate': 9.993394646234502e-06, 'epoch': 0.05}
{'loss': 0.7817, 'grad_norm': 2.3493175506591797, 'learning_rate': 9.993389302194384e-06, 'epoch': 0.05}
{'loss': 0.9638, 'grad_norm': 2.580173969268799, 'learning_rate': 9.99338395599478e-06, 'epoch': 0.05}
{'loss': 0.8309, 'grad_norm': 2.6882059574127197, 'learning_rate': 9.993378607635693e-06, 'epoch': 0.05}
{'loss': 0.8725, 'grad_norm': 2.568248987197876, 'learning_rate': 9.993373257117125e-06, 'epoch': 0.05}
{'loss': 0.9924, 'grad_norm': 2.651700019836426, 'learning_rate': 9.99336790443908e-06, 'epoch': 0.05}
{'loss': 0.9311, 'grad_norm': 2.562152624130249, 'learning_rate': 9.993362549601557e-06, 'epoch': 0.05}
{'loss': 0.7802, 'grad_norm': 2.452028512954712, 'learning_rate': 9.993357192604563e-06, 'epoch': 0.05}
{'loss': 0.9189, 'grad_norm': 2.4640820026397705, 'learning_rate': 9.993351833448097e-06, 'epoch': 0.05}
{'loss': 0.9743, 'grad_norm': 2.5711233615875244, 'learning_rate': 9.993346472132162e-06, 'epoch': 0.05}
{'loss': 0.7662, 'grad_norm': 2.1522152423858643, 'learning_rate': 9.99334110865676e-06, 'epoch': 0.05}
{'loss': 0.7792, 'grad_norm': 2.312755823135376, 'learning_rate': 9.993335743021894e-06, 'epoch': 0.05}
{'loss': 1.0861, 'grad_norm': 2.5317535400390625, 'learning_rate': 9.993330375227566e-06, 'epoch': 0.05}
{'loss': 1.1031, 'grad_norm': 2.729578733444214, 'learning_rate': 9.993325005273778e-06, 'epoch': 0.05}
{'loss': 0.9619, 'grad_norm': 2.830739974975586, 'learning_rate': 9.993319633160533e-06, 'epoch': 0.05}
{'loss': 0.8444, 'grad_norm': 2.5427937507629395, 'learning_rate': 9.993314258887834e-06, 'epoch': 0.05}
{'loss': 0.8883, 'grad_norm': 2.3822097778320312, 'learning_rate': 9.993308882455682e-06, 'epoch': 0.05}
{'loss': 0.9948, 'grad_norm': 2.5562148094177246, 'learning_rate': 9.993303503864077e-06, 'epoch': 0.05}
{'loss': 0.8995, 'grad_norm': 2.6534061431884766, 'learning_rate': 9.993298123113026e-06, 'epoch': 0.05}
{'loss': 0.8311, 'grad_norm': 2.556990623474121, 'learning_rate': 9.99329274020253e-06, 'epoch': 0.05}
{'loss': 0.9702, 'grad_norm': 2.591791868209839, 'learning_rate': 9.99328735513259e-06, 'epoch': 0.05}
{'loss': 0.7424, 'grad_norm': 2.4171531200408936, 'learning_rate': 9.99328196790321e-06, 'epoch': 0.05}
{'loss': 0.964, 'grad_norm': 2.6068708896636963, 'learning_rate': 9.99327657851439e-06, 'epoch': 0.05}
{'loss': 0.8931, 'grad_norm': 2.411747694015503, 'learning_rate': 9.993271186966135e-06, 'epoch': 0.05}
{'loss': 0.9452, 'grad_norm': 2.783792018890381, 'learning_rate': 9.993265793258445e-06, 'epoch': 0.05}
{'loss': 0.9702, 'grad_norm': 2.5272610187530518, 'learning_rate': 9.993260397391323e-06, 'epoch': 0.05}
{'loss': 1.0015, 'grad_norm': 2.3907103538513184, 'learning_rate': 9.993254999364773e-06, 'epoch': 0.05}
{'loss': 1.0032, 'grad_norm': 2.4505856037139893, 'learning_rate': 9.993249599178793e-06, 'epoch': 0.05}
{'loss': 0.9074, 'grad_norm': 2.4557416439056396, 'learning_rate': 9.99324419683339e-06, 'epoch': 0.05}
{'loss': 0.9048, 'grad_norm': 2.2441775798797607, 'learning_rate': 9.993238792328566e-06, 'epoch': 0.05}
{'loss': 1.0062, 'grad_norm': 2.5275211334228516, 'learning_rate': 9.993233385664321e-06, 'epoch': 0.05}
{'loss': 0.8385, 'grad_norm': 2.4880619049072266, 'learning_rate': 9.99322797684066e-06, 'epoch': 0.05}
{'loss': 0.8779, 'grad_norm': 2.3741796016693115, 'learning_rate': 9.993222565857582e-06, 'epoch': 0.05}
{'loss': 0.8942, 'grad_norm': 2.2947161197662354, 'learning_rate': 9.99321715271509e-06, 'epoch': 0.05}
{'loss': 0.9923, 'grad_norm': 2.5417871475219727, 'learning_rate': 9.993211737413189e-06, 'epoch': 0.05}
{'loss': 0.9153, 'grad_norm': 2.600799083709717, 'learning_rate': 9.993206319951879e-06, 'epoch': 0.05}
{'loss': 1.037, 'grad_norm': 2.7473013401031494, 'learning_rate': 9.993200900331162e-06, 'epoch': 0.05}
{'loss': 0.844, 'grad_norm': 2.439577341079712, 'learning_rate': 9.993195478551043e-06, 'epoch': 0.05}
{'loss': 0.9286, 'grad_norm': 2.6438958644866943, 'learning_rate': 9.993190054611521e-06, 'epoch': 0.05}
{'loss': 0.9074, 'grad_norm': 2.6398725509643555, 'learning_rate': 9.993184628512601e-06, 'epoch': 0.05}
{'loss': 0.9978, 'grad_norm': 2.750699996948242, 'learning_rate': 9.993179200254286e-06, 'epoch': 0.05}
{'loss': 0.814, 'grad_norm': 2.628493547439575, 'learning_rate': 9.993173769836574e-06, 'epoch': 0.05}
{'loss': 0.9264, 'grad_norm': 2.632089138031006, 'learning_rate': 9.993168337259472e-06, 'epoch': 0.05}
{'loss': 0.9568, 'grad_norm': 2.658184051513672, 'learning_rate': 9.99316290252298e-06, 'epoch': 0.05}
{'loss': 0.9285, 'grad_norm': 2.6337811946868896, 'learning_rate': 9.993157465627101e-06, 'epoch': 0.05}
{'loss': 0.8056, 'grad_norm': 2.6521620750427246, 'learning_rate': 9.993152026571837e-06, 'epoch': 0.05}
{'loss': 0.898, 'grad_norm': 2.6696856021881104, 'learning_rate': 9.99314658535719e-06, 'epoch': 0.05}
{'loss': 0.9841, 'grad_norm': 2.648658514022827, 'learning_rate': 9.993141141983164e-06, 'epoch': 0.05}
{'loss': 0.8469, 'grad_norm': 2.4036498069763184, 'learning_rate': 9.993135696449758e-06, 'epoch': 0.05}
{'loss': 0.8537, 'grad_norm': 3.005967617034912, 'learning_rate': 9.99313024875698e-06, 'epoch': 0.05}
{'loss': 1.1174, 'grad_norm': 2.7789814472198486, 'learning_rate': 9.993124798904826e-06, 'epoch': 0.05}
{'loss': 0.6947, 'grad_norm': 2.1561880111694336, 'learning_rate': 9.993119346893304e-06, 'epoch': 0.05}
{'loss': 0.7171, 'grad_norm': 2.1764607429504395, 'learning_rate': 9.99311389272241e-06, 'epoch': 0.05}
{'loss': 0.7401, 'grad_norm': 2.416738271713257, 'learning_rate': 9.993108436392151e-06, 'epoch': 0.05}
{'loss': 0.8547, 'grad_norm': 2.5764143466949463, 'learning_rate': 9.99310297790253e-06, 'epoch': 0.05}
{'loss': 0.7258, 'grad_norm': 2.662731409072876, 'learning_rate': 9.993097517253547e-06, 'epoch': 0.05}
{'loss': 0.8046, 'grad_norm': 2.570215940475464, 'learning_rate': 9.993092054445207e-06, 'epoch': 0.05}
{'loss': 0.8734, 'grad_norm': 2.405656337738037, 'learning_rate': 9.993086589477507e-06, 'epoch': 0.05}
{'loss': 1.1258, 'grad_norm': 2.842529296875, 'learning_rate': 9.993081122350454e-06, 'epoch': 0.05}
{'loss': 0.8034, 'grad_norm': 2.5461666584014893, 'learning_rate': 9.99307565306405e-06, 'epoch': 0.05}
{'loss': 0.9511, 'grad_norm': 2.7510905265808105, 'learning_rate': 9.993070181618296e-06, 'epoch': 0.05}
{'loss': 0.9137, 'grad_norm': 2.7948241233825684, 'learning_rate': 9.993064708013195e-06, 'epoch': 0.05}
{'loss': 0.8355, 'grad_norm': 2.3293068408966064, 'learning_rate': 9.99305923224875e-06, 'epoch': 0.05}
{'loss': 0.7615, 'grad_norm': 2.554434299468994, 'learning_rate': 9.993053754324961e-06, 'epoch': 0.05}
{'loss': 0.9651, 'grad_norm': 2.557100772857666, 'learning_rate': 9.993048274241832e-06, 'epoch': 0.05}
{'loss': 0.9805, 'grad_norm': 2.4926934242248535, 'learning_rate': 9.993042791999367e-06, 'epoch': 0.05}
{'loss': 0.8238, 'grad_norm': 2.545072078704834, 'learning_rate': 9.993037307597565e-06, 'epoch': 0.05}
{'loss': 0.7585, 'grad_norm': 2.4868030548095703, 'learning_rate': 9.993031821036433e-06, 'epoch': 0.05}
{'loss': 0.7894, 'grad_norm': 2.3486902713775635, 'learning_rate': 9.993026332315967e-06, 'epoch': 0.05}
{'loss': 1.0138, 'grad_norm': 2.5987985134124756, 'learning_rate': 9.993020841436176e-06, 'epoch': 0.05}
{'loss': 0.7899, 'grad_norm': 2.4059152603149414, 'learning_rate': 9.993015348397057e-06, 'epoch': 0.05}
{'loss': 0.9624, 'grad_norm': 2.579268217086792, 'learning_rate': 9.993009853198616e-06, 'epoch': 0.05}
{'loss': 0.9162, 'grad_norm': 2.534879207611084, 'learning_rate': 9.993004355840854e-06, 'epoch': 0.05}
{'loss': 0.7862, 'grad_norm': 2.3233039379119873, 'learning_rate': 9.99299885632377e-06, 'epoch': 0.05}
{'loss': 1.0, 'grad_norm': 2.9721336364746094, 'learning_rate': 9.992993354647374e-06, 'epoch': 0.05}
{'loss': 0.8808, 'grad_norm': 2.4348156452178955, 'learning_rate': 9.992987850811661e-06, 'epoch': 0.05}
{'loss': 0.7981, 'grad_norm': 2.5568506717681885, 'learning_rate': 9.99298234481664e-06, 'epoch': 0.05}
{'loss': 0.7989, 'grad_norm': 2.3454792499542236, 'learning_rate': 9.992976836662306e-06, 'epoch': 0.05}
{'loss': 0.7436, 'grad_norm': 2.4782562255859375, 'learning_rate': 9.992971326348669e-06, 'epoch': 0.05}
{'loss': 0.7279, 'grad_norm': 2.4183621406555176, 'learning_rate': 9.992965813875726e-06, 'epoch': 0.05}
{'loss': 0.8714, 'grad_norm': 2.4979746341705322, 'learning_rate': 9.992960299243482e-06, 'epoch': 0.05}
{'loss': 0.7015, 'grad_norm': 2.3272454738616943, 'learning_rate': 9.992954782451936e-06, 'epoch': 0.05}
{'loss': 0.6318, 'grad_norm': 2.1860218048095703, 'learning_rate': 9.992949263501096e-06, 'epoch': 0.05}
{'loss': 0.9866, 'grad_norm': 2.5403478145599365, 'learning_rate': 9.992943742390958e-06, 'epoch': 0.05}
{'loss': 1.0058, 'grad_norm': 2.6661462783813477, 'learning_rate': 9.99293821912153e-06, 'epoch': 0.05}
{'loss': 0.9674, 'grad_norm': 2.521693706512451, 'learning_rate': 9.992932693692809e-06, 'epoch': 0.05}
{'loss': 0.7356, 'grad_norm': 2.2272720336914062, 'learning_rate': 9.992927166104804e-06, 'epoch': 0.05}
{'loss': 1.019, 'grad_norm': 2.416048049926758, 'learning_rate': 9.992921636357511e-06, 'epoch': 0.05}
{'loss': 0.9111, 'grad_norm': 2.4133450984954834, 'learning_rate': 9.992916104450935e-06, 'epoch': 0.05}
{'loss': 0.8413, 'grad_norm': 2.429175615310669, 'learning_rate': 9.992910570385081e-06, 'epoch': 0.05}
{'loss': 0.813, 'grad_norm': 2.480193614959717, 'learning_rate': 9.992905034159947e-06, 'epoch': 0.05}
{'loss': 0.7899, 'grad_norm': 2.4829933643341064, 'learning_rate': 9.99289949577554e-06, 'epoch': 0.05}
{'loss': 0.8796, 'grad_norm': 2.5336053371429443, 'learning_rate': 9.992893955231856e-06, 'epoch': 0.05}
{'loss': 0.8973, 'grad_norm': 2.5382211208343506, 'learning_rate': 9.992888412528904e-06, 'epoch': 0.05}
{'loss': 0.6814, 'grad_norm': 2.212001323699951, 'learning_rate': 9.992882867666683e-06, 'epoch': 0.05}
{'loss': 1.1149, 'grad_norm': 2.648358106613159, 'learning_rate': 9.992877320645194e-06, 'epoch': 0.05}
{'loss': 0.9958, 'grad_norm': 2.7313318252563477, 'learning_rate': 9.992871771464443e-06, 'epoch': 0.05}
{'loss': 0.8846, 'grad_norm': 2.541644334793091, 'learning_rate': 9.992866220124431e-06, 'epoch': 0.05}
{'loss': 0.913, 'grad_norm': 2.580068588256836, 'learning_rate': 9.99286066662516e-06, 'epoch': 0.05}
{'loss': 0.9028, 'grad_norm': 2.354013681411743, 'learning_rate': 9.992855110966631e-06, 'epoch': 0.05}
{'loss': 0.7672, 'grad_norm': 2.6393370628356934, 'learning_rate': 9.992849553148848e-06, 'epoch': 0.05}
{'loss': 0.7756, 'grad_norm': 2.276494026184082, 'learning_rate': 9.992843993171814e-06, 'epoch': 0.05}
{'loss': 1.0601, 'grad_norm': 2.86161208152771, 'learning_rate': 9.992838431035532e-06, 'epoch': 0.05}
{'loss': 1.0104, 'grad_norm': 2.568432331085205, 'learning_rate': 9.992832866740002e-06, 'epoch': 0.05}
{'loss': 0.8668, 'grad_norm': 2.5410258769989014, 'learning_rate': 9.992827300285229e-06, 'epoch': 0.05}
{'loss': 1.2584, 'grad_norm': 3.0514378547668457, 'learning_rate': 9.992821731671211e-06, 'epoch': 0.05}
{'loss': 0.9227, 'grad_norm': 2.4770827293395996, 'learning_rate': 9.992816160897956e-06, 'epoch': 0.05}
{'loss': 0.8737, 'grad_norm': 3.387765884399414, 'learning_rate': 9.992810587965462e-06, 'epoch': 0.05}
{'loss': 0.9631, 'grad_norm': 2.505937337875366, 'learning_rate': 9.992805012873734e-06, 'epoch': 0.05}
{'loss': 0.841, 'grad_norm': 2.290199041366577, 'learning_rate': 9.992799435622773e-06, 'epoch': 0.05}
{'loss': 1.0443, 'grad_norm': 2.5249269008636475, 'learning_rate': 9.992793856212582e-06, 'epoch': 0.05}
{'loss': 0.8979, 'grad_norm': 2.5372276306152344, 'learning_rate': 9.992788274643163e-06, 'epoch': 0.05}
{'loss': 0.7212, 'grad_norm': 1.88755202293396, 'learning_rate': 9.99278269091452e-06, 'epoch': 0.05}
{'loss': 1.054, 'grad_norm': 2.773331880569458, 'learning_rate': 9.992777105026655e-06, 'epoch': 0.05}
{'loss': 0.837, 'grad_norm': 2.4102656841278076, 'learning_rate': 9.992771516979567e-06, 'epoch': 0.05}
{'loss': 0.7536, 'grad_norm': 2.2404778003692627, 'learning_rate': 9.992765926773264e-06, 'epoch': 0.05}
{'loss': 0.7546, 'grad_norm': 2.280848979949951, 'learning_rate': 9.992760334407743e-06, 'epoch': 0.05}
{'loss': 0.8777, 'grad_norm': 2.495105028152466, 'learning_rate': 9.992754739883011e-06, 'epoch': 0.05}
{'loss': 0.9982, 'grad_norm': 2.5333147048950195, 'learning_rate': 9.992749143199067e-06, 'epoch': 0.05}
{'loss': 0.7533, 'grad_norm': 2.18558406829834, 'learning_rate': 9.992743544355914e-06, 'epoch': 0.05}
{'loss': 0.8716, 'grad_norm': 2.376131296157837, 'learning_rate': 9.992737943353556e-06, 'epoch': 0.05}
{'loss': 0.8049, 'grad_norm': 2.6272132396698, 'learning_rate': 9.992732340191995e-06, 'epoch': 0.05}
{'loss': 0.8761, 'grad_norm': 2.4505410194396973, 'learning_rate': 9.992726734871234e-06, 'epoch': 0.05}
{'loss': 0.8135, 'grad_norm': 2.6666526794433594, 'learning_rate': 9.992721127391273e-06, 'epoch': 0.05}
{'loss': 0.8077, 'grad_norm': 2.365199565887451, 'learning_rate': 9.992715517752116e-06, 'epoch': 0.05}
{'loss': 0.8584, 'grad_norm': 2.9766685962677, 'learning_rate': 9.992709905953767e-06, 'epoch': 0.05}
{'loss': 0.8388, 'grad_norm': 2.5645735263824463, 'learning_rate': 9.992704291996224e-06, 'epoch': 0.05}
{'loss': 0.9175, 'grad_norm': 2.2945785522460938, 'learning_rate': 9.992698675879493e-06, 'epoch': 0.05}
{'loss': 0.9288, 'grad_norm': 2.53376841545105, 'learning_rate': 9.992693057603576e-06, 'epoch': 0.05}
{'loss': 0.9399, 'grad_norm': 2.786283254623413, 'learning_rate': 9.992687437168474e-06, 'epoch': 0.05}
{'loss': 0.7881, 'grad_norm': 2.3890726566314697, 'learning_rate': 9.992681814574192e-06, 'epoch': 0.05}
{'loss': 0.8892, 'grad_norm': 2.4208998680114746, 'learning_rate': 9.99267618982073e-06, 'epoch': 0.05}
{'loss': 0.9512, 'grad_norm': 2.997349500656128, 'learning_rate': 9.992670562908091e-06, 'epoch': 0.05}
{'loss': 0.6929, 'grad_norm': 2.032240867614746, 'learning_rate': 9.992664933836279e-06, 'epoch': 0.05}
{'loss': 0.6589, 'grad_norm': 2.2814533710479736, 'learning_rate': 9.992659302605295e-06, 'epoch': 0.05}
{'loss': 1.0044, 'grad_norm': 2.603917121887207, 'learning_rate': 9.99265366921514e-06, 'epoch': 0.05}
{'loss': 0.886, 'grad_norm': 2.5920960903167725, 'learning_rate': 9.992648033665819e-06, 'epoch': 0.05}
{'loss': 0.992, 'grad_norm': 2.688922882080078, 'learning_rate': 9.992642395957333e-06, 'epoch': 0.05}
{'loss': 0.8173, 'grad_norm': 2.524162530899048, 'learning_rate': 9.992636756089686e-06, 'epoch': 0.05}
{'loss': 0.795, 'grad_norm': 2.365983486175537, 'learning_rate': 9.992631114062878e-06, 'epoch': 0.05}
{'loss': 0.8508, 'grad_norm': 2.5008022785186768, 'learning_rate': 9.992625469876913e-06, 'epoch': 0.05}
{'loss': 0.8401, 'grad_norm': 2.3215856552124023, 'learning_rate': 9.992619823531795e-06, 'epoch': 0.05}
{'loss': 0.7913, 'grad_norm': 2.5608744621276855, 'learning_rate': 9.992614175027522e-06, 'epoch': 0.05}
{'loss': 0.8179, 'grad_norm': 2.4034812450408936, 'learning_rate': 9.9926085243641e-06, 'epoch': 0.05}
{'loss': 0.8807, 'grad_norm': 2.5713984966278076, 'learning_rate': 9.992602871541532e-06, 'epoch': 0.05}
{'loss': 0.8301, 'grad_norm': 2.4444563388824463, 'learning_rate': 9.99259721655982e-06, 'epoch': 0.05}
{'loss': 0.8969, 'grad_norm': 2.3923144340515137, 'learning_rate': 9.992591559418961e-06, 'epoch': 0.05}
{'loss': 0.9009, 'grad_norm': 2.715315580368042, 'learning_rate': 9.992585900118966e-06, 'epoch': 0.05}
{'loss': 0.8425, 'grad_norm': 2.202960729598999, 'learning_rate': 9.99258023865983e-06, 'epoch': 0.05}
{'loss': 0.9501, 'grad_norm': 2.415459394454956, 'learning_rate': 9.992574575041561e-06, 'epoch': 0.05}
{'loss': 0.8841, 'grad_norm': 2.502711057662964, 'learning_rate': 9.992568909264159e-06, 'epoch': 0.05}
{'loss': 0.9246, 'grad_norm': 2.351731061935425, 'learning_rate': 9.992563241327627e-06, 'epoch': 0.05}
{'loss': 0.9193, 'grad_norm': 2.5949559211730957, 'learning_rate': 9.992557571231966e-06, 'epoch': 0.05}
{'loss': 0.8176, 'grad_norm': 2.5907716751098633, 'learning_rate': 9.99255189897718e-06, 'epoch': 0.05}
{'loss': 0.9959, 'grad_norm': 2.720134973526001, 'learning_rate': 9.992546224563271e-06, 'epoch': 0.05}
{'loss': 1.0276, 'grad_norm': 2.702317237854004, 'learning_rate': 9.992540547990241e-06, 'epoch': 0.05}
{'loss': 0.9748, 'grad_norm': 2.5277767181396484, 'learning_rate': 9.992534869258095e-06, 'epoch': 0.05}
{'loss': 0.8895, 'grad_norm': 2.627439022064209, 'learning_rate': 9.992529188366831e-06, 'epoch': 0.05}
{'loss': 0.7563, 'grad_norm': 2.4430806636810303, 'learning_rate': 9.992523505316455e-06, 'epoch': 0.05}
{'loss': 0.8995, 'grad_norm': 2.6093828678131104, 'learning_rate': 9.992517820106969e-06, 'epoch': 0.05}
{'loss': 0.944, 'grad_norm': 2.687650203704834, 'learning_rate': 9.992512132738373e-06, 'epoch': 0.05}
{'loss': 0.78, 'grad_norm': 2.3249056339263916, 'learning_rate': 9.992506443210672e-06, 'epoch': 0.05}
{'loss': 0.8444, 'grad_norm': 2.6360528469085693, 'learning_rate': 9.99250075152387e-06, 'epoch': 0.05}
{'loss': 1.1169, 'grad_norm': 2.7825655937194824, 'learning_rate': 9.992495057677964e-06, 'epoch': 0.05}
{'loss': 0.8345, 'grad_norm': 2.4123315811157227, 'learning_rate': 9.992489361672961e-06, 'epoch': 0.05}
{'loss': 0.9507, 'grad_norm': 2.5955655574798584, 'learning_rate': 9.992483663508861e-06, 'epoch': 0.05}
{'loss': 0.9037, 'grad_norm': 2.4683494567871094, 'learning_rate': 9.992477963185669e-06, 'epoch': 0.05}
{'loss': 0.9133, 'grad_norm': 2.6208770275115967, 'learning_rate': 9.992472260703385e-06, 'epoch': 0.05}
{'loss': 0.9781, 'grad_norm': 2.525692939758301, 'learning_rate': 9.992466556062014e-06, 'epoch': 0.05}
{'loss': 0.9664, 'grad_norm': 2.723731279373169, 'learning_rate': 9.992460849261556e-06, 'epoch': 0.05}
{'loss': 1.0587, 'grad_norm': 2.8471524715423584, 'learning_rate': 9.992455140302014e-06, 'epoch': 0.05}
{'loss': 1.2003, 'grad_norm': 2.6235532760620117, 'learning_rate': 9.99244942918339e-06, 'epoch': 0.05}
{'loss': 0.8645, 'grad_norm': 2.464585542678833, 'learning_rate': 9.99244371590569e-06, 'epoch': 0.05}
{'loss': 0.7945, 'grad_norm': 2.430835008621216, 'learning_rate': 9.99243800046891e-06, 'epoch': 0.05}
{'loss': 1.0012, 'grad_norm': 2.584627866744995, 'learning_rate': 9.992432282873062e-06, 'epoch': 0.05}
{'loss': 0.7779, 'grad_norm': 2.3133022785186768, 'learning_rate': 9.992426563118138e-06, 'epoch': 0.05}
{'loss': 0.8326, 'grad_norm': 2.6872968673706055, 'learning_rate': 9.992420841204147e-06, 'epoch': 0.05}
{'loss': 0.8703, 'grad_norm': 2.550264596939087, 'learning_rate': 9.99241511713109e-06, 'epoch': 0.05}
{'loss': 0.8315, 'grad_norm': 2.5157790184020996, 'learning_rate': 9.992409390898969e-06, 'epoch': 0.05}
{'loss': 0.9432, 'grad_norm': 2.4973998069763184, 'learning_rate': 9.992403662507786e-06, 'epoch': 0.05}
{'loss': 0.8765, 'grad_norm': 2.632317304611206, 'learning_rate': 9.992397931957544e-06, 'epoch': 0.05}
{'loss': 0.9232, 'grad_norm': 2.9365196228027344, 'learning_rate': 9.992392199248247e-06, 'epoch': 0.05}
{'loss': 1.0594, 'grad_norm': 2.6242613792419434, 'learning_rate': 9.992386464379895e-06, 'epoch': 0.05}
{'loss': 0.7286, 'grad_norm': 2.212406635284424, 'learning_rate': 9.99238072735249e-06, 'epoch': 0.05}
{'loss': 0.6917, 'grad_norm': 2.1668896675109863, 'learning_rate': 9.99237498816604e-06, 'epoch': 0.05}
{'loss': 0.7517, 'grad_norm': 2.1362009048461914, 'learning_rate': 9.992369246820542e-06, 'epoch': 0.05}
{'loss': 1.2772, 'grad_norm': 2.726295232772827, 'learning_rate': 9.992363503315998e-06, 'epoch': 0.05}
{'loss': 0.8915, 'grad_norm': 2.762317180633545, 'learning_rate': 9.992357757652415e-06, 'epoch': 0.05}
{'loss': 0.9692, 'grad_norm': 2.9376285076141357, 'learning_rate': 9.992352009829792e-06, 'epoch': 0.05}
{'loss': 0.8293, 'grad_norm': 2.6699001789093018, 'learning_rate': 9.992346259848131e-06, 'epoch': 0.05}
{'loss': 0.8056, 'grad_norm': 2.474609375, 'learning_rate': 9.992340507707439e-06, 'epoch': 0.05}
{'loss': 1.0105, 'grad_norm': 2.5343751907348633, 'learning_rate': 9.992334753407713e-06, 'epoch': 0.05}
{'loss': 0.9194, 'grad_norm': 2.8370585441589355, 'learning_rate': 9.992328996948959e-06, 'epoch': 0.05}
{'loss': 0.9765, 'grad_norm': 2.5296261310577393, 'learning_rate': 9.992323238331179e-06, 'epoch': 0.05}
{'loss': 0.723, 'grad_norm': 2.1839723587036133, 'learning_rate': 9.992317477554374e-06, 'epoch': 0.05}
{'loss': 1.1267, 'grad_norm': 2.60018253326416, 'learning_rate': 9.992311714618547e-06, 'epoch': 0.05}
{'loss': 1.0045, 'grad_norm': 2.872607946395874, 'learning_rate': 9.992305949523701e-06, 'epoch': 0.05}
{'loss': 0.7449, 'grad_norm': 2.158370018005371, 'learning_rate': 9.992300182269841e-06, 'epoch': 0.05}
{'loss': 0.9161, 'grad_norm': 2.7418928146362305, 'learning_rate': 9.992294412856965e-06, 'epoch': 0.05}
{'loss': 1.0087, 'grad_norm': 2.7901058197021484, 'learning_rate': 9.992288641285078e-06, 'epoch': 0.05}
{'loss': 0.7251, 'grad_norm': 1.8598952293395996, 'learning_rate': 9.992282867554179e-06, 'epoch': 0.05}
{'loss': 0.8701, 'grad_norm': 2.447559356689453, 'learning_rate': 9.992277091664277e-06, 'epoch': 0.05}
{'loss': 0.8583, 'grad_norm': 2.81809401512146, 'learning_rate': 9.99227131361537e-06, 'epoch': 0.05}
{'loss': 0.8249, 'grad_norm': 2.7209484577178955, 'learning_rate': 9.99226553340746e-06, 'epoch': 0.05}
{'loss': 0.9224, 'grad_norm': 2.5523409843444824, 'learning_rate': 9.992259751040552e-06, 'epoch': 0.05}
{'loss': 0.7239, 'grad_norm': 2.3926334381103516, 'learning_rate': 9.992253966514646e-06, 'epoch': 0.05}
{'loss': 0.8478, 'grad_norm': 2.6104724407196045, 'learning_rate': 9.992248179829749e-06, 'epoch': 0.05}
{'loss': 0.759, 'grad_norm': 2.4097089767456055, 'learning_rate': 9.992242390985859e-06, 'epoch': 0.05}
{'loss': 0.8924, 'grad_norm': 2.670541524887085, 'learning_rate': 9.992236599982978e-06, 'epoch': 0.05}
{'loss': 0.9556, 'grad_norm': 2.305543899536133, 'learning_rate': 9.992230806821113e-06, 'epoch': 0.05}
{'loss': 0.7479, 'grad_norm': 2.216536521911621, 'learning_rate': 9.992225011500262e-06, 'epoch': 0.05}
{'loss': 0.932, 'grad_norm': 2.393038749694824, 'learning_rate': 9.99221921402043e-06, 'epoch': 0.05}
{'loss': 0.7046, 'grad_norm': 2.28682804107666, 'learning_rate': 9.99221341438162e-06, 'epoch': 0.05}
{'loss': 1.0301, 'grad_norm': 2.836026191711426, 'learning_rate': 9.992207612583833e-06, 'epoch': 0.05}
{'loss': 0.9146, 'grad_norm': 2.5724475383758545, 'learning_rate': 9.99220180862707e-06, 'epoch': 0.05}
{'loss': 0.7789, 'grad_norm': 2.487623453140259, 'learning_rate': 9.992196002511335e-06, 'epoch': 0.05}
{'loss': 1.0498, 'grad_norm': 2.4126596450805664, 'learning_rate': 9.992190194236635e-06, 'epoch': 0.05}
{'loss': 1.093, 'grad_norm': 2.7494988441467285, 'learning_rate': 9.992184383802966e-06, 'epoch': 0.05}
{'loss': 1.1574, 'grad_norm': 2.8489842414855957, 'learning_rate': 9.992178571210333e-06, 'epoch': 0.05}
{'loss': 0.8475, 'grad_norm': 2.3801472187042236, 'learning_rate': 9.99217275645874e-06, 'epoch': 0.05}
{'loss': 0.7884, 'grad_norm': 2.2844419479370117, 'learning_rate': 9.992166939548187e-06, 'epoch': 0.05}
{'loss': 0.8902, 'grad_norm': 2.5588059425354004, 'learning_rate': 9.992161120478675e-06, 'epoch': 0.05}
{'loss': 0.7721, 'grad_norm': 2.2486729621887207, 'learning_rate': 9.992155299250212e-06, 'epoch': 0.05}
{'loss': 0.8199, 'grad_norm': 2.237290620803833, 'learning_rate': 9.992149475862798e-06, 'epoch': 0.05}
{'loss': 0.8364, 'grad_norm': 2.4399423599243164, 'learning_rate': 9.992143650316433e-06, 'epoch': 0.05}
{'loss': 0.7654, 'grad_norm': 2.4733598232269287, 'learning_rate': 9.992137822611124e-06, 'epoch': 0.05}
{'loss': 0.9997, 'grad_norm': 2.644266128540039, 'learning_rate': 9.99213199274687e-06, 'epoch': 0.05}
{'loss': 0.6319, 'grad_norm': 2.286670684814453, 'learning_rate': 9.992126160723675e-06, 'epoch': 0.05}
{'loss': 0.9641, 'grad_norm': 2.599369764328003, 'learning_rate': 9.992120326541538e-06, 'epoch': 0.05}
{'loss': 0.8808, 'grad_norm': 2.4535672664642334, 'learning_rate': 9.99211449020047e-06, 'epoch': 0.05}
{'loss': 0.7626, 'grad_norm': 2.3919389247894287, 'learning_rate': 9.992108651700464e-06, 'epoch': 0.05}
{'loss': 0.8057, 'grad_norm': 2.3898465633392334, 'learning_rate': 9.992102811041529e-06, 'epoch': 0.05}
{'loss': 0.9681, 'grad_norm': 2.6910815238952637, 'learning_rate': 9.992096968223663e-06, 'epoch': 0.05}
{'loss': 0.8596, 'grad_norm': 2.3060240745544434, 'learning_rate': 9.992091123246873e-06, 'epoch': 0.05}
{'loss': 0.8096, 'grad_norm': 2.382483959197998, 'learning_rate': 9.992085276111158e-06, 'epoch': 0.05}
{'loss': 0.9092, 'grad_norm': 2.6908414363861084, 'learning_rate': 9.992079426816524e-06, 'epoch': 0.05}
{'loss': 0.7474, 'grad_norm': 2.367509365081787, 'learning_rate': 9.992073575362969e-06, 'epoch': 0.05}
{'loss': 1.0502, 'grad_norm': 2.730639696121216, 'learning_rate': 9.992067721750498e-06, 'epoch': 0.05}
{'loss': 1.0265, 'grad_norm': 2.793206214904785, 'learning_rate': 9.992061865979115e-06, 'epoch': 0.05}
{'loss': 1.1294, 'grad_norm': 2.728813886642456, 'learning_rate': 9.99205600804882e-06, 'epoch': 0.05}
{'loss': 0.7653, 'grad_norm': 2.737987756729126, 'learning_rate': 9.992050147959617e-06, 'epoch': 0.05}
{'loss': 0.9156, 'grad_norm': 2.452075242996216, 'learning_rate': 9.992044285711507e-06, 'epoch': 0.05}
{'loss': 0.829, 'grad_norm': 2.5281128883361816, 'learning_rate': 9.992038421304495e-06, 'epoch': 0.05}
{'loss': 0.8467, 'grad_norm': 2.4857239723205566, 'learning_rate': 9.99203255473858e-06, 'epoch': 0.05}
{'loss': 0.9676, 'grad_norm': 2.7986185550689697, 'learning_rate': 9.99202668601377e-06, 'epoch': 0.05}
{'loss': 1.0672, 'grad_norm': 3.114255666732788, 'learning_rate': 9.992020815130061e-06, 'epoch': 0.05}
{'loss': 0.8312, 'grad_norm': 2.3325700759887695, 'learning_rate': 9.99201494208746e-06, 'epoch': 0.05}
{'loss': 1.2407, 'grad_norm': 2.736159324645996, 'learning_rate': 9.992009066885968e-06, 'epoch': 0.05}
{'loss': 0.964, 'grad_norm': 2.737269639968872, 'learning_rate': 9.992003189525587e-06, 'epoch': 0.05}
{'loss': 0.765, 'grad_norm': 2.3000969886779785, 'learning_rate': 9.991997310006322e-06, 'epoch': 0.05}
{'loss': 0.7577, 'grad_norm': 2.423313617706299, 'learning_rate': 9.991991428328174e-06, 'epoch': 0.05}
{'loss': 0.9106, 'grad_norm': 2.3722593784332275, 'learning_rate': 9.991985544491145e-06, 'epoch': 0.05}
{'loss': 0.9212, 'grad_norm': 2.389375925064087, 'learning_rate': 9.991979658495237e-06, 'epoch': 0.05}
{'loss': 0.6442, 'grad_norm': 2.3713066577911377, 'learning_rate': 9.991973770340454e-06, 'epoch': 0.05}
{'loss': 1.101, 'grad_norm': 2.7198948860168457, 'learning_rate': 9.991967880026798e-06, 'epoch': 0.05}
{'loss': 0.7254, 'grad_norm': 2.1719186305999756, 'learning_rate': 9.991961987554272e-06, 'epoch': 0.05}
{'loss': 0.739, 'grad_norm': 2.441118001937866, 'learning_rate': 9.991956092922879e-06, 'epoch': 0.05}
{'loss': 0.7608, 'grad_norm': 2.3312244415283203, 'learning_rate': 9.991950196132619e-06, 'epoch': 0.05}
{'loss': 1.0313, 'grad_norm': 2.691556930541992, 'learning_rate': 9.991944297183497e-06, 'epoch': 0.05}
{'loss': 0.7357, 'grad_norm': 2.2971608638763428, 'learning_rate': 9.991938396075514e-06, 'epoch': 0.05}
{'loss': 1.0462, 'grad_norm': 2.596754312515259, 'learning_rate': 9.991932492808674e-06, 'epoch': 0.05}
{'loss': 0.7332, 'grad_norm': 2.4208102226257324, 'learning_rate': 9.99192658738298e-06, 'epoch': 0.05}
{'loss': 0.8883, 'grad_norm': 2.60505747795105, 'learning_rate': 9.991920679798433e-06, 'epoch': 0.05}
{'loss': 0.7928, 'grad_norm': 2.5790233612060547, 'learning_rate': 9.991914770055035e-06, 'epoch': 0.05}
{'loss': 1.0372, 'grad_norm': 2.896557569503784, 'learning_rate': 9.991908858152791e-06, 'epoch': 0.05}
{'loss': 0.8555, 'grad_norm': 2.5857198238372803, 'learning_rate': 9.9919029440917e-06, 'epoch': 0.05}
{'loss': 1.0463, 'grad_norm': 2.6608951091766357, 'learning_rate': 9.991897027871768e-06, 'epoch': 0.05}
{'loss': 0.9248, 'grad_norm': 2.781519651412964, 'learning_rate': 9.991891109492997e-06, 'epoch': 0.05}
{'loss': 1.0469, 'grad_norm': 2.6557464599609375, 'learning_rate': 9.991885188955389e-06, 'epoch': 0.05}
{'loss': 1.1993, 'grad_norm': 2.7545876502990723, 'learning_rate': 9.991879266258943e-06, 'epoch': 0.05}
{'loss': 0.7675, 'grad_norm': 2.4026739597320557, 'learning_rate': 9.991873341403668e-06, 'epoch': 0.05}
{'loss': 0.8739, 'grad_norm': 2.516900062561035, 'learning_rate': 9.991867414389563e-06, 'epoch': 0.05}
{'loss': 0.8751, 'grad_norm': 2.4019174575805664, 'learning_rate': 9.991861485216632e-06, 'epoch': 0.05}
{'loss': 0.9797, 'grad_norm': 2.7040116786956787, 'learning_rate': 9.991855553884875e-06, 'epoch': 0.05}
{'loss': 0.9508, 'grad_norm': 2.5629138946533203, 'learning_rate': 9.991849620394295e-06, 'epoch': 0.05}
{'loss': 0.9595, 'grad_norm': 2.5838465690612793, 'learning_rate': 9.9918436847449e-06, 'epoch': 0.05}
{'loss': 1.054, 'grad_norm': 2.9150922298431396, 'learning_rate': 9.991837746936686e-06, 'epoch': 0.05}
{'loss': 0.743, 'grad_norm': 2.143587589263916, 'learning_rate': 9.991831806969656e-06, 'epoch': 0.05}
{'loss': 0.8824, 'grad_norm': 2.5631022453308105, 'learning_rate': 9.991825864843817e-06, 'epoch': 0.05}
{'loss': 0.8613, 'grad_norm': 2.6868584156036377, 'learning_rate': 9.991819920559168e-06, 'epoch': 0.05}
{'loss': 0.7882, 'grad_norm': 2.4407408237457275, 'learning_rate': 9.991813974115713e-06, 'epoch': 0.05}
{'loss': 0.7483, 'grad_norm': 2.3580312728881836, 'learning_rate': 9.991808025513454e-06, 'epoch': 0.05}
{'loss': 0.8227, 'grad_norm': 2.4630730152130127, 'learning_rate': 9.991802074752394e-06, 'epoch': 0.05}
{'loss': 0.8596, 'grad_norm': 2.428330421447754, 'learning_rate': 9.991796121832536e-06, 'epoch': 0.05}
{'loss': 1.0069, 'grad_norm': 2.6830644607543945, 'learning_rate': 9.991790166753881e-06, 'epoch': 0.05}
{'loss': 0.9536, 'grad_norm': 2.5118703842163086, 'learning_rate': 9.991784209516431e-06, 'epoch': 0.05}
{'loss': 0.8521, 'grad_norm': 2.5159974098205566, 'learning_rate': 9.991778250120193e-06, 'epoch': 0.05}
{'loss': 0.7151, 'grad_norm': 3.3268024921417236, 'learning_rate': 9.991772288565165e-06, 'epoch': 0.05}
{'loss': 1.132, 'grad_norm': 2.7693214416503906, 'learning_rate': 9.99176632485135e-06, 'epoch': 0.05}
{'loss': 0.7993, 'grad_norm': 2.74763822555542, 'learning_rate': 9.991760358978754e-06, 'epoch': 0.05}
{'loss': 0.9379, 'grad_norm': 3.1691946983337402, 'learning_rate': 9.991754390947376e-06, 'epoch': 0.05}
{'loss': 0.7701, 'grad_norm': 2.4409284591674805, 'learning_rate': 9.99174842075722e-06, 'epoch': 0.05}
{'loss': 0.9823, 'grad_norm': 2.5364129543304443, 'learning_rate': 9.99174244840829e-06, 'epoch': 0.05}
{'loss': 0.813, 'grad_norm': 2.6055970191955566, 'learning_rate': 9.991736473900587e-06, 'epoch': 0.05}
{'loss': 0.8731, 'grad_norm': 2.554873466491699, 'learning_rate': 9.991730497234112e-06, 'epoch': 0.05}
{'loss': 0.9897, 'grad_norm': 2.5051939487457275, 'learning_rate': 9.99172451840887e-06, 'epoch': 0.05}
{'loss': 0.8131, 'grad_norm': 2.5325586795806885, 'learning_rate': 9.991718537424863e-06, 'epoch': 0.05}
{'loss': 0.8323, 'grad_norm': 2.4819774627685547, 'learning_rate': 9.991712554282093e-06, 'epoch': 0.05}
{'loss': 0.9493, 'grad_norm': 2.7591238021850586, 'learning_rate': 9.991706568980563e-06, 'epoch': 0.05}
{'loss': 0.911, 'grad_norm': 2.4923343658447266, 'learning_rate': 9.991700581520276e-06, 'epoch': 0.05}
{'loss': 0.8727, 'grad_norm': 2.6909453868865967, 'learning_rate': 9.991694591901235e-06, 'epoch': 0.05}
{'loss': 1.047, 'grad_norm': 2.6013355255126953, 'learning_rate': 9.991688600123441e-06, 'epoch': 0.05}
{'loss': 1.0419, 'grad_norm': 2.5587799549102783, 'learning_rate': 9.991682606186896e-06, 'epoch': 0.05}
{'loss': 0.8876, 'grad_norm': 2.6294734477996826, 'learning_rate': 9.991676610091607e-06, 'epoch': 0.05}
{'loss': 0.8381, 'grad_norm': 2.473872423171997, 'learning_rate': 9.991670611837572e-06, 'epoch': 0.05}
{'loss': 0.98, 'grad_norm': 2.408276081085205, 'learning_rate': 9.991664611424795e-06, 'epoch': 0.05}
{'loss': 0.7975, 'grad_norm': 2.3928916454315186, 'learning_rate': 9.991658608853279e-06, 'epoch': 0.05}
{'loss': 0.9994, 'grad_norm': 2.727133274078369, 'learning_rate': 9.991652604123026e-06, 'epoch': 0.05}
{'loss': 0.7923, 'grad_norm': 2.16666579246521, 'learning_rate': 9.991646597234039e-06, 'epoch': 0.05}
{'loss': 0.8868, 'grad_norm': 2.291687488555908, 'learning_rate': 9.991640588186321e-06, 'epoch': 0.05}
{'loss': 0.8589, 'grad_norm': 2.509073257446289, 'learning_rate': 9.991634576979874e-06, 'epoch': 0.05}
{'loss': 0.7992, 'grad_norm': 2.3458139896392822, 'learning_rate': 9.991628563614701e-06, 'epoch': 0.05}
{'loss': 0.7156, 'grad_norm': 2.177186965942383, 'learning_rate': 9.991622548090805e-06, 'epoch': 0.05}
{'loss': 0.737, 'grad_norm': 2.3221566677093506, 'learning_rate': 9.991616530408186e-06, 'epoch': 0.05}
{'loss': 1.0135, 'grad_norm': 2.9443931579589844, 'learning_rate': 9.99161051056685e-06, 'epoch': 0.05}
{'loss': 0.9034, 'grad_norm': 2.619211196899414, 'learning_rate': 9.991604488566797e-06, 'epoch': 0.05}
{'loss': 0.7542, 'grad_norm': 2.186995267868042, 'learning_rate': 9.991598464408032e-06, 'epoch': 0.05}
{'loss': 0.9482, 'grad_norm': 2.392756223678589, 'learning_rate': 9.991592438090556e-06, 'epoch': 0.05}
{'loss': 0.7724, 'grad_norm': 2.6362791061401367, 'learning_rate': 9.991586409614372e-06, 'epoch': 0.05}
{'loss': 0.8736, 'grad_norm': 2.4012229442596436, 'learning_rate': 9.991580378979483e-06, 'epoch': 0.05}
{'loss': 0.873, 'grad_norm': 2.6042582988739014, 'learning_rate': 9.99157434618589e-06, 'epoch': 0.05}
{'loss': 0.7049, 'grad_norm': 2.367730140686035, 'learning_rate': 9.991568311233598e-06, 'epoch': 0.05}
{'loss': 0.7288, 'grad_norm': 2.3259289264678955, 'learning_rate': 9.991562274122608e-06, 'epoch': 0.05}
{'loss': 0.861, 'grad_norm': 2.6014444828033447, 'learning_rate': 9.991556234852925e-06, 'epoch': 0.05}
{'loss': 0.8705, 'grad_norm': 2.6159088611602783, 'learning_rate': 9.991550193424547e-06, 'epoch': 0.05}
{'loss': 0.9818, 'grad_norm': 3.0537567138671875, 'learning_rate': 9.991544149837478e-06, 'epoch': 0.05}
{'loss': 0.8963, 'grad_norm': 2.3619003295898438, 'learning_rate': 9.991538104091724e-06, 'epoch': 0.05}
{'loss': 0.7491, 'grad_norm': 2.311079978942871, 'learning_rate': 9.991532056187285e-06, 'epoch': 0.05}
{'loss': 0.7624, 'grad_norm': 2.3817481994628906, 'learning_rate': 9.991526006124165e-06, 'epoch': 0.05}
{'loss': 1.0457, 'grad_norm': 2.508877754211426, 'learning_rate': 9.991519953902365e-06, 'epoch': 0.05}
{'loss': 0.7373, 'grad_norm': 2.4097096920013428, 'learning_rate': 9.991513899521888e-06, 'epoch': 0.05}
{'loss': 0.7746, 'grad_norm': 2.4799609184265137, 'learning_rate': 9.991507842982737e-06, 'epoch': 0.05}
{'loss': 0.7902, 'grad_norm': 2.4649617671966553, 'learning_rate': 9.991501784284916e-06, 'epoch': 0.05}
{'loss': 0.7734, 'grad_norm': 2.6734282970428467, 'learning_rate': 9.991495723428425e-06, 'epoch': 0.05}
{'loss': 0.956, 'grad_norm': 2.5094656944274902, 'learning_rate': 9.991489660413267e-06, 'epoch': 0.05}
{'loss': 0.863, 'grad_norm': 2.460120916366577, 'learning_rate': 9.991483595239447e-06, 'epoch': 0.05}
{'loss': 0.7549, 'grad_norm': 2.6243410110473633, 'learning_rate': 9.991477527906965e-06, 'epoch': 0.05}
{'loss': 1.0627, 'grad_norm': 2.6182327270507812, 'learning_rate': 9.991471458415825e-06, 'epoch': 0.05}
{'loss': 0.9778, 'grad_norm': 2.4612696170806885, 'learning_rate': 9.99146538676603e-06, 'epoch': 0.05}
{'loss': 0.949, 'grad_norm': 2.521092414855957, 'learning_rate': 9.991459312957582e-06, 'epoch': 0.05}
{'loss': 0.7998, 'grad_norm': 2.4173829555511475, 'learning_rate': 9.991453236990483e-06, 'epoch': 0.05}
{'loss': 0.8728, 'grad_norm': 2.5869035720825195, 'learning_rate': 9.991447158864735e-06, 'epoch': 0.05}
{'loss': 1.1138, 'grad_norm': 2.6260933876037598, 'learning_rate': 9.991441078580344e-06, 'epoch': 0.05}
{'loss': 1.1018, 'grad_norm': 2.782536268234253, 'learning_rate': 9.991434996137307e-06, 'epoch': 0.05}
{'loss': 0.8448, 'grad_norm': 2.3845555782318115, 'learning_rate': 9.991428911535635e-06, 'epoch': 0.05}
{'loss': 0.8724, 'grad_norm': 2.8084306716918945, 'learning_rate': 9.991422824775321e-06, 'epoch': 0.05}
{'loss': 0.8235, 'grad_norm': 2.430222988128662, 'learning_rate': 9.991416735856376e-06, 'epoch': 0.05}
{'loss': 1.1933, 'grad_norm': 3.1306686401367188, 'learning_rate': 9.991410644778796e-06, 'epoch': 0.05}
{'loss': 0.851, 'grad_norm': 2.3434207439422607, 'learning_rate': 9.991404551542588e-06, 'epoch': 0.05}
{'loss': 1.0402, 'grad_norm': 2.636884927749634, 'learning_rate': 9.991398456147754e-06, 'epoch': 0.05}
{'loss': 1.0645, 'grad_norm': 2.7118377685546875, 'learning_rate': 9.991392358594294e-06, 'epoch': 0.05}
{'loss': 0.7279, 'grad_norm': 2.3658711910247803, 'learning_rate': 9.991386258882214e-06, 'epoch': 0.05}
{'loss': 0.9654, 'grad_norm': 2.7122340202331543, 'learning_rate': 9.991380157011515e-06, 'epoch': 0.05}
{'loss': 0.8699, 'grad_norm': 2.247134208679199, 'learning_rate': 9.991374052982198e-06, 'epoch': 0.05}
{'loss': 0.9, 'grad_norm': 2.7521820068359375, 'learning_rate': 9.99136794679427e-06, 'epoch': 0.05}
{'loss': 0.9647, 'grad_norm': 2.5667521953582764, 'learning_rate': 9.99136183844773e-06, 'epoch': 0.05}
{'loss': 0.7293, 'grad_norm': 2.4714701175689697, 'learning_rate': 9.991355727942582e-06, 'epoch': 0.05}
{'loss': 0.6918, 'grad_norm': 2.2207770347595215, 'learning_rate': 9.991349615278828e-06, 'epoch': 0.05}
{'loss': 0.6632, 'grad_norm': 2.2269179821014404, 'learning_rate': 9.991343500456472e-06, 'epoch': 0.05}
{'loss': 0.8596, 'grad_norm': 2.4207358360290527, 'learning_rate': 9.991337383475515e-06, 'epoch': 0.05}
{'loss': 0.8712, 'grad_norm': 2.2573952674865723, 'learning_rate': 9.991331264335959e-06, 'epoch': 0.05}
{'loss': 0.7328, 'grad_norm': 2.4634933471679688, 'learning_rate': 9.991325143037809e-06, 'epoch': 0.05}
{'loss': 0.6844, 'grad_norm': 2.404972791671753, 'learning_rate': 9.991319019581068e-06, 'epoch': 0.05}
{'loss': 0.7912, 'grad_norm': 2.3592581748962402, 'learning_rate': 9.991312893965735e-06, 'epoch': 0.05}
{'loss': 0.851, 'grad_norm': 2.465244770050049, 'learning_rate': 9.991306766191815e-06, 'epoch': 0.05}
{'loss': 0.8376, 'grad_norm': 2.502627372741699, 'learning_rate': 9.991300636259312e-06, 'epoch': 0.05}
{'loss': 0.8013, 'grad_norm': 2.504350423812866, 'learning_rate': 9.991294504168226e-06, 'epoch': 0.05}
{'loss': 0.9806, 'grad_norm': 2.5181522369384766, 'learning_rate': 9.99128836991856e-06, 'epoch': 0.05}
{'loss': 1.0981, 'grad_norm': 2.8837192058563232, 'learning_rate': 9.99128223351032e-06, 'epoch': 0.05}
{'loss': 0.818, 'grad_norm': 2.555480718612671, 'learning_rate': 9.991276094943504e-06, 'epoch': 0.05}
{'loss': 1.1598, 'grad_norm': 2.7243053913116455, 'learning_rate': 9.991269954218118e-06, 'epoch': 0.05}
{'loss': 0.755, 'grad_norm': 2.3891310691833496, 'learning_rate': 9.991263811334163e-06, 'epoch': 0.05}
{'loss': 0.7582, 'grad_norm': 2.2522575855255127, 'learning_rate': 9.991257666291644e-06, 'epoch': 0.05}
{'loss': 0.808, 'grad_norm': 2.1912314891815186, 'learning_rate': 9.991251519090558e-06, 'epoch': 0.05}
{'loss': 0.797, 'grad_norm': 2.561038017272949, 'learning_rate': 9.991245369730913e-06, 'epoch': 0.05}
{'loss': 0.6941, 'grad_norm': 2.292010545730591, 'learning_rate': 9.991239218212711e-06, 'epoch': 0.05}
{'loss': 0.9142, 'grad_norm': 2.653264045715332, 'learning_rate': 9.991233064535952e-06, 'epoch': 0.05}
{'loss': 0.9048, 'grad_norm': 2.675367832183838, 'learning_rate': 9.991226908700642e-06, 'epoch': 0.05}
{'loss': 0.788, 'grad_norm': 2.4461402893066406, 'learning_rate': 9.991220750706783e-06, 'epoch': 0.05}
{'loss': 0.9782, 'grad_norm': 2.6767420768737793, 'learning_rate': 9.991214590554375e-06, 'epoch': 0.05}
{'loss': 0.709, 'grad_norm': 2.5033509731292725, 'learning_rate': 9.991208428243423e-06, 'epoch': 0.05}
{'loss': 0.7164, 'grad_norm': 2.3111913204193115, 'learning_rate': 9.991202263773928e-06, 'epoch': 0.05}
{'loss': 0.7996, 'grad_norm': 2.524675130844116, 'learning_rate': 9.991196097145895e-06, 'epoch': 0.05}
{'loss': 0.8467, 'grad_norm': 2.4005441665649414, 'learning_rate': 9.991189928359323e-06, 'epoch': 0.05}
{'loss': 0.769, 'grad_norm': 2.4648163318634033, 'learning_rate': 9.99118375741422e-06, 'epoch': 0.05}
{'loss': 1.0977, 'grad_norm': 2.5460517406463623, 'learning_rate': 9.991177584310585e-06, 'epoch': 0.05}
{'loss': 0.7847, 'grad_norm': 2.4129014015197754, 'learning_rate': 9.991171409048422e-06, 'epoch': 0.05}
{'loss': 0.948, 'grad_norm': 2.658240556716919, 'learning_rate': 9.99116523162773e-06, 'epoch': 0.05}
{'loss': 0.7385, 'grad_norm': 2.3779821395874023, 'learning_rate': 9.991159052048517e-06, 'epoch': 0.05}
{'loss': 0.8184, 'grad_norm': 2.3309848308563232, 'learning_rate': 9.991152870310785e-06, 'epoch': 0.05}
{'loss': 0.7709, 'grad_norm': 2.4036200046539307, 'learning_rate': 9.991146686414532e-06, 'epoch': 0.05}
{'loss': 0.9137, 'grad_norm': 2.7142035961151123, 'learning_rate': 9.991140500359766e-06, 'epoch': 0.05}
{'loss': 1.0555, 'grad_norm': 2.3740131855010986, 'learning_rate': 9.991134312146486e-06, 'epoch': 0.05}
{'loss': 0.8955, 'grad_norm': 2.6117794513702393, 'learning_rate': 9.991128121774698e-06, 'epoch': 0.05}
{'loss': 0.9816, 'grad_norm': 2.5727434158325195, 'learning_rate': 9.9911219292444e-06, 'epoch': 0.05}
{'loss': 1.016, 'grad_norm': 2.24587345123291, 'learning_rate': 9.991115734555599e-06, 'epoch': 0.05}
{'loss': 1.0068, 'grad_norm': 2.5409488677978516, 'learning_rate': 9.991109537708297e-06, 'epoch': 0.05}
{'loss': 0.6743, 'grad_norm': 1.6960889101028442, 'learning_rate': 9.991103338702495e-06, 'epoch': 0.05}
{'loss': 0.7476, 'grad_norm': 2.4224627017974854, 'learning_rate': 9.991097137538196e-06, 'epoch': 0.05}
{'loss': 0.7538, 'grad_norm': 2.5312278270721436, 'learning_rate': 9.991090934215403e-06, 'epoch': 0.05}
{'loss': 0.9658, 'grad_norm': 2.58651065826416, 'learning_rate': 9.99108472873412e-06, 'epoch': 0.05}
{'loss': 0.9296, 'grad_norm': 2.6246676445007324, 'learning_rate': 9.991078521094349e-06, 'epoch': 0.05}
{'loss': 0.8713, 'grad_norm': 2.5694117546081543, 'learning_rate': 9.99107231129609e-06, 'epoch': 0.05}
{'loss': 0.8719, 'grad_norm': 2.460116147994995, 'learning_rate': 9.99106609933935e-06, 'epoch': 0.05}
{'loss': 0.8222, 'grad_norm': 2.284160614013672, 'learning_rate': 9.991059885224127e-06, 'epoch': 0.05}
{'loss': 0.8233, 'grad_norm': 2.3446526527404785, 'learning_rate': 9.99105366895043e-06, 'epoch': 0.05}
{'loss': 0.8316, 'grad_norm': 2.4702086448669434, 'learning_rate': 9.991047450518256e-06, 'epoch': 0.05}
{'loss': 0.8312, 'grad_norm': 2.183901309967041, 'learning_rate': 9.991041229927609e-06, 'epoch': 0.05}
{'loss': 1.0127, 'grad_norm': 2.354177951812744, 'learning_rate': 9.991035007178493e-06, 'epoch': 0.05}
{'loss': 0.9883, 'grad_norm': 2.4464383125305176, 'learning_rate': 9.99102878227091e-06, 'epoch': 0.05}
{'loss': 0.9252, 'grad_norm': 2.6808810234069824, 'learning_rate': 9.991022555204864e-06, 'epoch': 0.05}
{'loss': 0.7334, 'grad_norm': 2.3135995864868164, 'learning_rate': 9.991016325980354e-06, 'epoch': 0.05}
{'loss': 0.9714, 'grad_norm': 2.647407054901123, 'learning_rate': 9.991010094597387e-06, 'epoch': 0.05}
{'loss': 0.6872, 'grad_norm': 2.4267585277557373, 'learning_rate': 9.991003861055964e-06, 'epoch': 0.05}
{'loss': 0.9052, 'grad_norm': 2.601771831512451, 'learning_rate': 9.990997625356087e-06, 'epoch': 0.05}
{'loss': 0.7456, 'grad_norm': 2.935678243637085, 'learning_rate': 9.990991387497758e-06, 'epoch': 0.05}
{'loss': 0.709, 'grad_norm': 2.4526705741882324, 'learning_rate': 9.990985147480983e-06, 'epoch': 0.05}
{'loss': 0.8641, 'grad_norm': 2.5834262371063232, 'learning_rate': 9.990978905305761e-06, 'epoch': 0.05}
{'loss': 0.9727, 'grad_norm': 2.751462936401367, 'learning_rate': 9.990972660972096e-06, 'epoch': 0.05}
{'loss': 0.8698, 'grad_norm': 2.4861109256744385, 'learning_rate': 9.990966414479992e-06, 'epoch': 0.05}
{'loss': 0.9826, 'grad_norm': 2.6771655082702637, 'learning_rate': 9.990960165829451e-06, 'epoch': 0.05}
{'loss': 0.9086, 'grad_norm': 2.3716037273406982, 'learning_rate': 9.990953915020475e-06, 'epoch': 0.05}
{'loss': 0.9108, 'grad_norm': 2.54801869392395, 'learning_rate': 9.990947662053067e-06, 'epoch': 0.05}
{'loss': 0.9424, 'grad_norm': 2.435002326965332, 'learning_rate': 9.99094140692723e-06, 'epoch': 0.05}
{'loss': 0.8703, 'grad_norm': 2.508582592010498, 'learning_rate': 9.990935149642966e-06, 'epoch': 0.05}
{'loss': 0.7673, 'grad_norm': 2.40134596824646, 'learning_rate': 9.99092889020028e-06, 'epoch': 0.05}
{'loss': 0.9017, 'grad_norm': 2.403188943862915, 'learning_rate': 9.99092262859917e-06, 'epoch': 0.05}
{'loss': 1.0018, 'grad_norm': 2.697908639907837, 'learning_rate': 9.990916364839645e-06, 'epoch': 0.05}
{'loss': 1.1013, 'grad_norm': 2.696397542953491, 'learning_rate': 9.990910098921702e-06, 'epoch': 0.05}
{'loss': 0.9139, 'grad_norm': 2.6093943119049072, 'learning_rate': 9.990903830845346e-06, 'epoch': 0.05}
{'loss': 1.1831, 'grad_norm': 2.6055963039398193, 'learning_rate': 9.990897560610582e-06, 'epoch': 0.05}
{'loss': 0.9827, 'grad_norm': 2.5715456008911133, 'learning_rate': 9.990891288217409e-06, 'epoch': 0.05}
{'loss': 0.7336, 'grad_norm': 2.401667594909668, 'learning_rate': 9.990885013665832e-06, 'epoch': 0.05}
{'loss': 0.8494, 'grad_norm': 2.730506181716919, 'learning_rate': 9.990878736955852e-06, 'epoch': 0.05}
{'loss': 0.8783, 'grad_norm': 2.416935682296753, 'learning_rate': 9.990872458087472e-06, 'epoch': 0.05}
{'loss': 0.8467, 'grad_norm': 2.5101237297058105, 'learning_rate': 9.990866177060696e-06, 'epoch': 0.05}
{'loss': 1.0665, 'grad_norm': 3.175377130508423, 'learning_rate': 9.990859893875527e-06, 'epoch': 0.05}
{'loss': 0.9919, 'grad_norm': 2.398862838745117, 'learning_rate': 9.990853608531965e-06, 'epoch': 0.05}
{'loss': 1.1248, 'grad_norm': 2.690913677215576, 'learning_rate': 9.990847321030016e-06, 'epoch': 0.05}
{'loss': 0.7789, 'grad_norm': 2.3002684116363525, 'learning_rate': 9.990841031369682e-06, 'epoch': 0.05}
{'loss': 0.8529, 'grad_norm': 2.472805976867676, 'learning_rate': 9.990834739550964e-06, 'epoch': 0.05}
{'loss': 0.7453, 'grad_norm': 2.5696704387664795, 'learning_rate': 9.990828445573863e-06, 'epoch': 0.05}
{'loss': 0.8491, 'grad_norm': 2.2629640102386475, 'learning_rate': 9.990822149438389e-06, 'epoch': 0.05}
{'loss': 0.9101, 'grad_norm': 2.8507907390594482, 'learning_rate': 9.990815851144537e-06, 'epoch': 0.05}
{'loss': 0.9284, 'grad_norm': 2.5570528507232666, 'learning_rate': 9.990809550692313e-06, 'epoch': 0.05}
{'loss': 0.71, 'grad_norm': 2.4401540756225586, 'learning_rate': 9.990803248081721e-06, 'epoch': 0.05}
{'loss': 0.9616, 'grad_norm': 2.5704619884490967, 'learning_rate': 9.990796943312762e-06, 'epoch': 0.05}
{'loss': 0.8349, 'grad_norm': 2.4123992919921875, 'learning_rate': 9.990790636385439e-06, 'epoch': 0.05}
{'loss': 0.7861, 'grad_norm': 2.3824830055236816, 'learning_rate': 9.990784327299754e-06, 'epoch': 0.05}
{'loss': 0.8643, 'grad_norm': 2.7338907718658447, 'learning_rate': 9.990778016055712e-06, 'epoch': 0.05}
{'loss': 0.9757, 'grad_norm': 2.3100852966308594, 'learning_rate': 9.990771702653312e-06, 'epoch': 0.05}
{'loss': 1.0899, 'grad_norm': 2.813183546066284, 'learning_rate': 9.99076538709256e-06, 'epoch': 0.05}
{'loss': 0.817, 'grad_norm': 2.562143325805664, 'learning_rate': 9.990759069373457e-06, 'epoch': 0.05}
{'loss': 0.7185, 'grad_norm': 2.235650062561035, 'learning_rate': 9.990752749496007e-06, 'epoch': 0.05}
{'loss': 0.9226, 'grad_norm': 2.548097610473633, 'learning_rate': 9.990746427460212e-06, 'epoch': 0.05}
{'loss': 0.8454, 'grad_norm': 2.496302604675293, 'learning_rate': 9.990740103266074e-06, 'epoch': 0.05}
{'loss': 0.9384, 'grad_norm': 2.5762648582458496, 'learning_rate': 9.990733776913597e-06, 'epoch': 0.05}
{'loss': 0.893, 'grad_norm': 2.333997964859009, 'learning_rate': 9.990727448402786e-06, 'epoch': 0.05}
{'loss': 0.8178, 'grad_norm': 2.626427173614502, 'learning_rate': 9.990721117733639e-06, 'epoch': 0.05}
{'loss': 0.8434, 'grad_norm': 2.4032511711120605, 'learning_rate': 9.99071478490616e-06, 'epoch': 0.05}
{'loss': 0.9796, 'grad_norm': 2.6437978744506836, 'learning_rate': 9.990708449920353e-06, 'epoch': 0.05}
{'loss': 0.7358, 'grad_norm': 2.2555277347564697, 'learning_rate': 9.990702112776221e-06, 'epoch': 0.05}
{'loss': 0.7802, 'grad_norm': 2.4251549243927, 'learning_rate': 9.990695773473766e-06, 'epoch': 0.05}
{'loss': 1.0651, 'grad_norm': 2.755681037902832, 'learning_rate': 9.99068943201299e-06, 'epoch': 0.05}
{'loss': 1.0274, 'grad_norm': 2.545661449432373, 'learning_rate': 9.990683088393896e-06, 'epoch': 0.05}
{'loss': 0.9139, 'grad_norm': 2.7201499938964844, 'learning_rate': 9.990676742616489e-06, 'epoch': 0.05}
{'loss': 0.9493, 'grad_norm': 2.47176456451416, 'learning_rate': 9.990670394680769e-06, 'epoch': 0.05}
{'loss': 1.0798, 'grad_norm': 2.64227294921875, 'learning_rate': 9.99066404458674e-06, 'epoch': 0.05}
{'loss': 1.1469, 'grad_norm': 2.53236722946167, 'learning_rate': 9.990657692334404e-06, 'epoch': 0.05}
{'loss': 0.8701, 'grad_norm': 2.4249308109283447, 'learning_rate': 9.990651337923764e-06, 'epoch': 0.05}
{'loss': 0.8025, 'grad_norm': 2.5713746547698975, 'learning_rate': 9.990644981354823e-06, 'epoch': 0.05}
{'loss': 0.8442, 'grad_norm': 2.250934600830078, 'learning_rate': 9.990638622627585e-06, 'epoch': 0.05}
{'loss': 0.9622, 'grad_norm': 2.6384549140930176, 'learning_rate': 9.99063226174205e-06, 'epoch': 0.05}
{'loss': 0.8257, 'grad_norm': 2.5304033756256104, 'learning_rate': 9.990625898698222e-06, 'epoch': 0.05}
{'loss': 0.7792, 'grad_norm': 2.474605083465576, 'learning_rate': 9.990619533496106e-06, 'epoch': 0.05}
{'loss': 1.1937, 'grad_norm': 2.6336960792541504, 'learning_rate': 9.990613166135702e-06, 'epoch': 0.05}
{'loss': 1.1354, 'grad_norm': 2.4739620685577393, 'learning_rate': 9.990606796617013e-06, 'epoch': 0.05}
{'loss': 1.1659, 'grad_norm': 2.931654214859009, 'learning_rate': 9.990600424940042e-06, 'epoch': 0.05}
{'loss': 0.963, 'grad_norm': 2.735374689102173, 'learning_rate': 9.990594051104793e-06, 'epoch': 0.05}
[06:57:41.544057] Error: Error reading OpenGVLab/stage2/OpenMMLab___Kinetics-400/raw/Kinetics-400/videos_train/vXLEA3PjKg0.mp4...
[06:57:41.544108] Failed to read video file: OpenGVLab/stage2/OpenMMLab___Kinetics-400/raw/Kinetics-400/videos_train/vXLEA3PjKg0.mp4
[06:57:41.544123] [Try #0] Failed to fetch sample 3883242. Exception: Error reading OpenGVLab/stage2/OpenMMLab___Kinetics-400/raw/Kinetics-400/videos_train/vXLEA3PjKg0.mp4...
[06:57:42.545485] Error: Error reading OpenGVLab/stage2/OpenMMLab___Kinetics-400/raw/Kinetics-400/videos_train/vXLEA3PjKg0.mp4...
[06:57:42.545538] Failed to read video file: OpenGVLab/stage2/OpenMMLab___Kinetics-400/raw/Kinetics-400/videos_train/vXLEA3PjKg0.mp4
[06:57:42.545557] [Try #1] Failed to fetch sample 3883242. Exception: Error reading OpenGVLab/stage2/OpenMMLab___Kinetics-400/raw/Kinetics-400/videos_train/vXLEA3PjKg0.mp4...
{'loss': 0.7686, 'grad_norm': 2.3751556873321533, 'learning_rate': 9.990587675111268e-06, 'epoch': 0.05}
{'loss': 0.8038, 'grad_norm': 2.6974339485168457, 'learning_rate': 9.990581296959467e-06, 'epoch': 0.05}
{'loss': 1.2259, 'grad_norm': 3.100576877593994, 'learning_rate': 9.990574916649399e-06, 'epoch': 0.05}
{'loss': 0.7796, 'grad_norm': 2.5695574283599854, 'learning_rate': 9.99056853418106e-06, 'epoch': 0.05}
{'loss': 0.7996, 'grad_norm': 2.6685712337493896, 'learning_rate': 9.990562149554456e-06, 'epoch': 0.05}
{'loss': 0.8946, 'grad_norm': 2.6464993953704834, 'learning_rate': 9.990555762769592e-06, 'epoch': 0.05}
{'loss': 0.8592, 'grad_norm': 2.5838000774383545, 'learning_rate': 9.990549373826466e-06, 'epoch': 0.05}
{'loss': 0.7802, 'grad_norm': 2.3539607524871826, 'learning_rate': 9.990542982725083e-06, 'epoch': 0.05}
{'loss': 0.9392, 'grad_norm': 2.5131099224090576, 'learning_rate': 9.990536589465448e-06, 'epoch': 0.05}
{'loss': 0.8145, 'grad_norm': 2.5507750511169434, 'learning_rate': 9.990530194047558e-06, 'epoch': 0.05}
{'loss': 1.053, 'grad_norm': 2.6616861820220947, 'learning_rate': 9.990523796471423e-06, 'epoch': 0.05}
{'loss': 0.8527, 'grad_norm': 2.3605856895446777, 'learning_rate': 9.990517396737041e-06, 'epoch': 0.05}
{'loss': 0.9931, 'grad_norm': 2.4680163860321045, 'learning_rate': 9.990510994844414e-06, 'epoch': 0.05}
{'loss': 0.6274, 'grad_norm': 2.2591731548309326, 'learning_rate': 9.990504590793549e-06, 'epoch': 0.05}
{'loss': 0.8659, 'grad_norm': 2.492642641067505, 'learning_rate': 9.990498184584446e-06, 'epoch': 0.05}
{'loss': 0.9405, 'grad_norm': 2.6031100749969482, 'learning_rate': 9.990491776217107e-06, 'epoch': 0.05}
{'loss': 0.9263, 'grad_norm': 2.4986631870269775, 'learning_rate': 9.990485365691538e-06, 'epoch': 0.05}
{'loss': 0.9665, 'grad_norm': 2.6552371978759766, 'learning_rate': 9.990478953007738e-06, 'epoch': 0.05}
{'loss': 0.924, 'grad_norm': 2.3074257373809814, 'learning_rate': 9.990472538165712e-06, 'epoch': 0.05}
{'loss': 1.0039, 'grad_norm': 2.4521429538726807, 'learning_rate': 9.990466121165463e-06, 'epoch': 0.05}
{'loss': 0.8159, 'grad_norm': 2.5079522132873535, 'learning_rate': 9.990459702006991e-06, 'epoch': 0.05}
{'loss': 0.7172, 'grad_norm': 2.239701509475708, 'learning_rate': 9.990453280690303e-06, 'epoch': 0.05}
{'loss': 1.1252, 'grad_norm': 2.3019471168518066, 'learning_rate': 9.990446857215399e-06, 'epoch': 0.05}
{'loss': 0.7798, 'grad_norm': 2.266254425048828, 'learning_rate': 9.990440431582282e-06, 'epoch': 0.05}
{'loss': 0.839, 'grad_norm': 2.549161195755005, 'learning_rate': 9.990434003790957e-06, 'epoch': 0.05}
{'loss': 0.8244, 'grad_norm': 2.309399127960205, 'learning_rate': 9.990427573841424e-06, 'epoch': 0.05}
{'loss': 0.6697, 'grad_norm': 2.1490278244018555, 'learning_rate': 9.990421141733687e-06, 'epoch': 0.05}
{'loss': 0.9755, 'grad_norm': 2.9199023246765137, 'learning_rate': 9.990414707467745e-06, 'epoch': 0.05}
{'loss': 0.7272, 'grad_norm': 2.2652368545532227, 'learning_rate': 9.990408271043608e-06, 'epoch': 0.05}
{'loss': 0.943, 'grad_norm': 2.444775342941284, 'learning_rate': 9.990401832461275e-06, 'epoch': 0.05}
{'loss': 0.7489, 'grad_norm': 2.21561598777771, 'learning_rate': 9.990395391720749e-06, 'epoch': 0.05}
{'loss': 0.9734, 'grad_norm': 2.58351993560791, 'learning_rate': 9.99038894882203e-06, 'epoch': 0.05}
{'loss': 0.9124, 'grad_norm': 2.5814552307128906, 'learning_rate': 9.990382503765126e-06, 'epoch': 0.05}
{'loss': 0.9817, 'grad_norm': 2.6791296005249023, 'learning_rate': 9.990376056550037e-06, 'epoch': 0.05}
{'loss': 0.9522, 'grad_norm': 2.576613187789917, 'learning_rate': 9.990369607176766e-06, 'epoch': 0.05}
{'loss': 0.9114, 'grad_norm': 2.531618356704712, 'learning_rate': 9.990363155645315e-06, 'epoch': 0.05}
{'loss': 1.0502, 'grad_norm': 2.5658981800079346, 'learning_rate': 9.990356701955688e-06, 'epoch': 0.05}
{'loss': 0.8246, 'grad_norm': 2.20147967338562, 'learning_rate': 9.990350246107888e-06, 'epoch': 0.05}
{'loss': 0.9929, 'grad_norm': 2.579681158065796, 'learning_rate': 9.990343788101917e-06, 'epoch': 0.05}
{'loss': 0.9752, 'grad_norm': 2.480862617492676, 'learning_rate': 9.990337327937775e-06, 'epoch': 0.05}
{'loss': 1.1117, 'grad_norm': 2.7257816791534424, 'learning_rate': 9.990330865615471e-06, 'epoch': 0.05}
{'loss': 0.9204, 'grad_norm': 2.3292236328125, 'learning_rate': 9.990324401135006e-06, 'epoch': 0.05}
{'loss': 0.9254, 'grad_norm': 2.4078257083892822, 'learning_rate': 9.990317934496378e-06, 'epoch': 0.05}
{'loss': 0.8419, 'grad_norm': 2.3252336978912354, 'learning_rate': 9.990311465699595e-06, 'epoch': 0.05}
{'loss': 0.8578, 'grad_norm': 2.6443593502044678, 'learning_rate': 9.990304994744657e-06, 'epoch': 0.05}
{'loss': 0.8029, 'grad_norm': 2.4276466369628906, 'learning_rate': 9.990298521631569e-06, 'epoch': 0.05}
{'loss': 0.8274, 'grad_norm': 2.371199369430542, 'learning_rate': 9.99029204636033e-06, 'epoch': 0.05}
{'loss': 1.093, 'grad_norm': 2.633674144744873, 'learning_rate': 9.990285568930949e-06, 'epoch': 0.05}
{'loss': 0.6817, 'grad_norm': 2.4152472019195557, 'learning_rate': 9.990279089343422e-06, 'epoch': 0.05}
{'loss': 0.8715, 'grad_norm': 2.4659481048583984, 'learning_rate': 9.990272607597758e-06, 'epoch': 0.05}
{'loss': 0.9402, 'grad_norm': 2.6318187713623047, 'learning_rate': 9.990266123693953e-06, 'epoch': 0.05}
{'loss': 0.9788, 'grad_norm': 2.5203776359558105, 'learning_rate': 9.990259637632016e-06, 'epoch': 0.05}
{'loss': 0.7085, 'grad_norm': 2.647780418395996, 'learning_rate': 9.990253149411948e-06, 'epoch': 0.05}
{'loss': 0.9563, 'grad_norm': 2.5098750591278076, 'learning_rate': 9.99024665903375e-06, 'epoch': 0.05}
{'loss': 0.7768, 'grad_norm': 2.3157753944396973, 'learning_rate': 9.990240166497425e-06, 'epoch': 0.05}
{'loss': 0.8086, 'grad_norm': 2.2844512462615967, 'learning_rate': 9.990233671802977e-06, 'epoch': 0.05}
{'loss': 0.6522, 'grad_norm': 2.438234567642212, 'learning_rate': 9.99022717495041e-06, 'epoch': 0.05}
{'loss': 0.8374, 'grad_norm': 2.3229808807373047, 'learning_rate': 9.990220675939727e-06, 'epoch': 0.05}
{'loss': 0.6649, 'grad_norm': 2.5486180782318115, 'learning_rate': 9.990214174770927e-06, 'epoch': 0.05}
{'loss': 1.0648, 'grad_norm': 2.3979923725128174, 'learning_rate': 9.990207671444014e-06, 'epoch': 0.05}
{'loss': 0.7625, 'grad_norm': 2.3596723079681396, 'learning_rate': 9.990201165958993e-06, 'epoch': 0.05}
{'loss': 0.7366, 'grad_norm': 2.193843126296997, 'learning_rate': 9.990194658315867e-06, 'epoch': 0.05}
{'loss': 0.7686, 'grad_norm': 2.3617212772369385, 'learning_rate': 9.990188148514635e-06, 'epoch': 0.05}
{'loss': 0.817, 'grad_norm': 2.3069801330566406, 'learning_rate': 9.990181636555305e-06, 'epoch': 0.05}
{'loss': 0.8688, 'grad_norm': 2.523468255996704, 'learning_rate': 9.990175122437875e-06, 'epoch': 0.05}
{'loss': 0.8696, 'grad_norm': 2.7517101764678955, 'learning_rate': 9.990168606162351e-06, 'epoch': 0.05}
{'loss': 0.92, 'grad_norm': 2.7696621417999268, 'learning_rate': 9.990162087728735e-06, 'epoch': 0.05}
{'loss': 0.8702, 'grad_norm': 2.9866015911102295, 'learning_rate': 9.990155567137027e-06, 'epoch': 0.05}
{'loss': 1.0823, 'grad_norm': 2.833805799484253, 'learning_rate': 9.990149044387235e-06, 'epoch': 0.05}
{'loss': 1.1026, 'grad_norm': 2.866950750350952, 'learning_rate': 9.990142519479358e-06, 'epoch': 0.05}
{'loss': 1.0418, 'grad_norm': 2.9461240768432617, 'learning_rate': 9.990135992413402e-06, 'epoch': 0.05}
{'loss': 0.861, 'grad_norm': 2.693732976913452, 'learning_rate': 9.990129463189364e-06, 'epoch': 0.05}
{'loss': 0.8294, 'grad_norm': 2.387655258178711, 'learning_rate': 9.990122931807255e-06, 'epoch': 0.05}
{'loss': 0.8198, 'grad_norm': 2.265164375305176, 'learning_rate': 9.990116398267072e-06, 'epoch': 0.05}
{'loss': 0.9278, 'grad_norm': 2.484252452850342, 'learning_rate': 9.990109862568818e-06, 'epoch': 0.05}
{'loss': 0.8802, 'grad_norm': 2.5288867950439453, 'learning_rate': 9.990103324712497e-06, 'epoch': 0.05}
{'loss': 0.9508, 'grad_norm': 2.559593677520752, 'learning_rate': 9.990096784698114e-06, 'epoch': 0.05}
{'loss': 0.8273, 'grad_norm': 2.4705045223236084, 'learning_rate': 9.990090242525669e-06, 'epoch': 0.05}
{'loss': 0.7421, 'grad_norm': 2.1608104705810547, 'learning_rate': 9.990083698195165e-06, 'epoch': 0.05}
{'loss': 0.8473, 'grad_norm': 2.575040817260742, 'learning_rate': 9.990077151706606e-06, 'epoch': 0.05}
{'loss': 0.8027, 'grad_norm': 2.2810981273651123, 'learning_rate': 9.990070603059993e-06, 'epoch': 0.05}
{'loss': 0.9487, 'grad_norm': 2.8318941593170166, 'learning_rate': 9.990064052255332e-06, 'epoch': 0.05}
{'loss': 0.7885, 'grad_norm': 2.46331787109375, 'learning_rate': 9.990057499292624e-06, 'epoch': 0.05}
{'loss': 0.849, 'grad_norm': 2.4345462322235107, 'learning_rate': 9.99005094417187e-06, 'epoch': 0.05}
{'loss': 0.8516, 'grad_norm': 2.2476890087127686, 'learning_rate': 9.990044386893076e-06, 'epoch': 0.05}
{'loss': 0.8393, 'grad_norm': 2.332087278366089, 'learning_rate': 9.990037827456244e-06, 'epoch': 0.05}
{'loss': 0.8699, 'grad_norm': 2.466360330581665, 'learning_rate': 9.990031265861374e-06, 'epoch': 0.05}
{'loss': 1.0181, 'grad_norm': 2.487440824508667, 'learning_rate': 9.990024702108475e-06, 'epoch': 0.05}
{'loss': 0.9028, 'grad_norm': 2.529071092605591, 'learning_rate': 9.990018136197543e-06, 'epoch': 0.05}
{'loss': 1.0042, 'grad_norm': 2.5281198024749756, 'learning_rate': 9.990011568128584e-06, 'epoch': 0.05}
{'loss': 0.9395, 'grad_norm': 2.477222442626953, 'learning_rate': 9.9900049979016e-06, 'epoch': 0.05}
{'loss': 0.893, 'grad_norm': 2.6558010578155518, 'learning_rate': 9.989998425516597e-06, 'epoch': 0.05}
{'loss': 0.7469, 'grad_norm': 2.585143566131592, 'learning_rate': 9.989991850973575e-06, 'epoch': 0.05}
{'loss': 0.9188, 'grad_norm': 2.491668462753296, 'learning_rate': 9.989985274272534e-06, 'epoch': 0.05}
{'loss': 1.0263, 'grad_norm': 2.5465731620788574, 'learning_rate': 9.989978695413483e-06, 'epoch': 0.05}
{'loss': 1.0312, 'grad_norm': 2.811044931411743, 'learning_rate': 9.98997211439642e-06, 'epoch': 0.05}
{'loss': 0.9046, 'grad_norm': 2.409027576446533, 'learning_rate': 9.989965531221351e-06, 'epoch': 0.05}
{'loss': 0.7239, 'grad_norm': 2.2938501834869385, 'learning_rate': 9.989958945888278e-06, 'epoch': 0.05}
{'loss': 1.0959, 'grad_norm': 2.623706579208374, 'learning_rate': 9.989952358397202e-06, 'epoch': 0.05}
{'loss': 0.8539, 'grad_norm': 2.141437292098999, 'learning_rate': 9.989945768748128e-06, 'epoch': 0.05}
{'loss': 0.9391, 'grad_norm': 2.4405758380889893, 'learning_rate': 9.98993917694106e-06, 'epoch': 0.05}
{'loss': 0.8536, 'grad_norm': 2.2389419078826904, 'learning_rate': 9.989932582975996e-06, 'epoch': 0.05}
{'loss': 0.9235, 'grad_norm': 2.411820650100708, 'learning_rate': 9.989925986852943e-06, 'epoch': 0.05}
{'loss': 0.7804, 'grad_norm': 2.391510009765625, 'learning_rate': 9.989919388571903e-06, 'epoch': 0.05}
{'loss': 0.8985, 'grad_norm': 2.6170380115509033, 'learning_rate': 9.989912788132878e-06, 'epoch': 0.05}
{'loss': 0.8533, 'grad_norm': 2.5855212211608887, 'learning_rate': 9.989906185535871e-06, 'epoch': 0.05}
{'loss': 0.7498, 'grad_norm': 2.273865222930908, 'learning_rate': 9.989899580780886e-06, 'epoch': 0.05}
{'loss': 0.8917, 'grad_norm': 2.428633689880371, 'learning_rate': 9.989892973867926e-06, 'epoch': 0.05}
{'loss': 0.9618, 'grad_norm': 2.6567482948303223, 'learning_rate': 9.98988636479699e-06, 'epoch': 0.05}
{'loss': 0.8288, 'grad_norm': 2.461475372314453, 'learning_rate': 9.989879753568086e-06, 'epoch': 0.05}
{'loss': 0.8708, 'grad_norm': 2.584307909011841, 'learning_rate': 9.989873140181214e-06, 'epoch': 0.05}
{'loss': 1.2308, 'grad_norm': 2.504683017730713, 'learning_rate': 9.989866524636378e-06, 'epoch': 0.05}
{'loss': 0.862, 'grad_norm': 2.57144832611084, 'learning_rate': 9.98985990693358e-06, 'epoch': 0.05}
{'loss': 0.7908, 'grad_norm': 2.7293801307678223, 'learning_rate': 9.989853287072824e-06, 'epoch': 0.05}
{'loss': 0.7986, 'grad_norm': 2.3755319118499756, 'learning_rate': 9.98984666505411e-06, 'epoch': 0.05}
{'loss': 1.1226, 'grad_norm': 2.6220123767852783, 'learning_rate': 9.989840040877446e-06, 'epoch': 0.05}
{'loss': 0.8316, 'grad_norm': 2.7040891647338867, 'learning_rate': 9.98983341454283e-06, 'epoch': 0.05}
{'loss': 0.8498, 'grad_norm': 2.3326594829559326, 'learning_rate': 9.989826786050268e-06, 'epoch': 0.05}
{'loss': 1.0099, 'grad_norm': 2.5796291828155518, 'learning_rate': 9.98982015539976e-06, 'epoch': 0.05}
{'loss': 0.6942, 'grad_norm': 2.1574203968048096, 'learning_rate': 9.989813522591311e-06, 'epoch': 0.05}
{'loss': 0.6949, 'grad_norm': 2.3506598472595215, 'learning_rate': 9.989806887624923e-06, 'epoch': 0.05}
{'loss': 0.8639, 'grad_norm': 2.552445888519287, 'learning_rate': 9.9898002505006e-06, 'epoch': 0.05}
{'loss': 0.6909, 'grad_norm': 2.251737594604492, 'learning_rate': 9.989793611218344e-06, 'epoch': 0.05}
{'loss': 0.7658, 'grad_norm': 2.5002799034118652, 'learning_rate': 9.989786969778157e-06, 'epoch': 0.05}
{'loss': 0.7963, 'grad_norm': 2.4133622646331787, 'learning_rate': 9.989780326180042e-06, 'epoch': 0.05}
{'loss': 0.8567, 'grad_norm': 2.5609095096588135, 'learning_rate': 9.989773680424004e-06, 'epoch': 0.05}
{'loss': 0.7115, 'grad_norm': 2.379880905151367, 'learning_rate': 9.989767032510045e-06, 'epoch': 0.05}
{'loss': 0.9474, 'grad_norm': 2.475778341293335, 'learning_rate': 9.989760382438167e-06, 'epoch': 0.05}
{'loss': 0.995, 'grad_norm': 2.789349317550659, 'learning_rate': 9.989753730208373e-06, 'epoch': 0.05}
{'loss': 0.8641, 'grad_norm': 2.51779842376709, 'learning_rate': 9.989747075820667e-06, 'epoch': 0.05}
{'loss': 0.9331, 'grad_norm': 2.8058719635009766, 'learning_rate': 9.98974041927505e-06, 'epoch': 0.05}
{'loss': 1.022, 'grad_norm': 2.7699224948883057, 'learning_rate': 9.989733760571528e-06, 'epoch': 0.05}
{'loss': 0.7972, 'grad_norm': 2.3302252292633057, 'learning_rate': 9.989727099710099e-06, 'epoch': 0.05}
{'loss': 0.9265, 'grad_norm': 2.7202985286712646, 'learning_rate': 9.98972043669077e-06, 'epoch': 0.05}
{'loss': 1.0053, 'grad_norm': 2.5568301677703857, 'learning_rate': 9.989713771513542e-06, 'epoch': 0.05}
{'loss': 0.8823, 'grad_norm': 2.4425408840179443, 'learning_rate': 9.98970710417842e-06, 'epoch': 0.05}
{'loss': 0.8855, 'grad_norm': 2.38637113571167, 'learning_rate': 9.989700434685403e-06, 'epoch': 0.05}
{'loss': 1.0745, 'grad_norm': 2.9213736057281494, 'learning_rate': 9.989693763034499e-06, 'epoch': 0.05}
{'loss': 0.7428, 'grad_norm': 2.4409115314483643, 'learning_rate': 9.989687089225705e-06, 'epoch': 0.05}
{'loss': 0.8229, 'grad_norm': 2.6593034267425537, 'learning_rate': 9.989680413259029e-06, 'epoch': 0.05}
{'loss': 0.8707, 'grad_norm': 2.4659345149993896, 'learning_rate': 9.98967373513447e-06, 'epoch': 0.05}
{'loss': 0.904, 'grad_norm': 2.377225160598755, 'learning_rate': 9.989667054852034e-06, 'epoch': 0.05}
{'loss': 0.9308, 'grad_norm': 2.6390182971954346, 'learning_rate': 9.989660372411724e-06, 'epoch': 0.05}
{'loss': 0.9589, 'grad_norm': 2.556413412094116, 'learning_rate': 9.98965368781354e-06, 'epoch': 0.05}
{'loss': 0.7002, 'grad_norm': 1.9486916065216064, 'learning_rate': 9.989647001057487e-06, 'epoch': 0.05}
{'loss': 1.003, 'grad_norm': 2.7836973667144775, 'learning_rate': 9.989640312143567e-06, 'epoch': 0.05}
{'loss': 0.8516, 'grad_norm': 2.4735822677612305, 'learning_rate': 9.989633621071784e-06, 'epoch': 0.05}
{'loss': 1.0035, 'grad_norm': 2.4613802433013916, 'learning_rate': 9.989626927842138e-06, 'epoch': 0.05}
{'loss': 0.7948, 'grad_norm': 2.3704781532287598, 'learning_rate': 9.989620232454636e-06, 'epoch': 0.05}
{'loss': 1.0483, 'grad_norm': 2.6384665966033936, 'learning_rate': 9.989613534909277e-06, 'epoch': 0.05}
{'loss': 0.752, 'grad_norm': 2.2747232913970947, 'learning_rate': 9.989606835206068e-06, 'epoch': 0.05}
{'loss': 1.0552, 'grad_norm': 2.572082757949829, 'learning_rate': 9.98960013334501e-06, 'epoch': 0.05}
{'loss': 0.8957, 'grad_norm': 2.2791285514831543, 'learning_rate': 9.989593429326102e-06, 'epoch': 0.05}
{'loss': 0.8661, 'grad_norm': 2.3035895824432373, 'learning_rate': 9.989586723149354e-06, 'epoch': 0.05}
{'loss': 0.9891, 'grad_norm': 2.6074037551879883, 'learning_rate': 9.989580014814764e-06, 'epoch': 0.05}
{'loss': 0.9754, 'grad_norm': 2.543886184692383, 'learning_rate': 9.989573304322337e-06, 'epoch': 0.05}
{'loss': 0.9427, 'grad_norm': 2.848844528198242, 'learning_rate': 9.989566591672075e-06, 'epoch': 0.05}
{'loss': 1.1142, 'grad_norm': 2.595208168029785, 'learning_rate': 9.989559876863982e-06, 'epoch': 0.05}
{'loss': 0.8235, 'grad_norm': 2.50878643989563, 'learning_rate': 9.989553159898058e-06, 'epoch': 0.05}
{'loss': 0.8273, 'grad_norm': 2.4489614963531494, 'learning_rate': 9.98954644077431e-06, 'epoch': 0.05}
{'loss': 1.0312, 'grad_norm': 2.6578006744384766, 'learning_rate': 9.989539719492736e-06, 'epoch': 0.05}
{'loss': 0.8933, 'grad_norm': 2.242359161376953, 'learning_rate': 9.989532996053343e-06, 'epoch': 0.05}
{'loss': 0.8613, 'grad_norm': 2.586339235305786, 'learning_rate': 9.989526270456134e-06, 'epoch': 0.05}
{'loss': 0.8025, 'grad_norm': 2.3586182594299316, 'learning_rate': 9.98951954270111e-06, 'epoch': 0.05}
{'loss': 1.0224, 'grad_norm': 2.597231149673462, 'learning_rate': 9.989512812788274e-06, 'epoch': 0.05}
{'loss': 1.0506, 'grad_norm': 2.520505905151367, 'learning_rate': 9.989506080717628e-06, 'epoch': 0.05}
{'loss': 0.8245, 'grad_norm': 2.301060199737549, 'learning_rate': 9.989499346489178e-06, 'epoch': 0.05}
{'loss': 0.7607, 'grad_norm': 2.285956859588623, 'learning_rate': 9.989492610102924e-06, 'epoch': 0.05}
{'loss': 0.8813, 'grad_norm': 2.57255220413208, 'learning_rate': 9.98948587155887e-06, 'epoch': 0.05}
{'loss': 0.7026, 'grad_norm': 2.392441511154175, 'learning_rate': 9.989479130857021e-06, 'epoch': 0.05}
{'loss': 0.8073, 'grad_norm': 2.261000394821167, 'learning_rate': 9.989472387997377e-06, 'epoch': 0.05}
{'loss': 0.6944, 'grad_norm': 2.236440896987915, 'learning_rate': 9.989465642979941e-06, 'epoch': 0.05}
{'loss': 0.7504, 'grad_norm': 2.4014127254486084, 'learning_rate': 9.989458895804718e-06, 'epoch': 0.05}
{'loss': 0.8242, 'grad_norm': 2.157918691635132, 'learning_rate': 9.989452146471709e-06, 'epoch': 0.05}
{'loss': 0.7462, 'grad_norm': 2.345557451248169, 'learning_rate': 9.989445394980917e-06, 'epoch': 0.05}
{'loss': 0.8929, 'grad_norm': 2.5744001865386963, 'learning_rate': 9.989438641332346e-06, 'epoch': 0.05}
{'loss': 1.0041, 'grad_norm': 2.549422264099121, 'learning_rate': 9.989431885526e-06, 'epoch': 0.05}
{'loss': 0.8746, 'grad_norm': 2.3794546127319336, 'learning_rate': 9.989425127561877e-06, 'epoch': 0.05}
{'loss': 0.7529, 'grad_norm': 2.4133028984069824, 'learning_rate': 9.989418367439988e-06, 'epoch': 0.05}
{'loss': 0.8964, 'grad_norm': 2.5873141288757324, 'learning_rate': 9.989411605160326e-06, 'epoch': 0.05}
{'loss': 0.8463, 'grad_norm': 2.3764686584472656, 'learning_rate': 9.989404840722903e-06, 'epoch': 0.05}
{'loss': 0.8136, 'grad_norm': 2.5080015659332275, 'learning_rate': 9.989398074127716e-06, 'epoch': 0.05}
{'loss': 1.0882, 'grad_norm': 2.5848097801208496, 'learning_rate': 9.989391305374771e-06, 'epoch': 0.05}
{'loss': 1.0888, 'grad_norm': 2.644674777984619, 'learning_rate': 9.989384534464069e-06, 'epoch': 0.05}
{'loss': 0.9328, 'grad_norm': 2.7362897396087646, 'learning_rate': 9.989377761395614e-06, 'epoch': 0.05}
{'loss': 1.17, 'grad_norm': 2.8135616779327393, 'learning_rate': 9.989370986169409e-06, 'epoch': 0.05}
{'loss': 0.7528, 'grad_norm': 2.559128999710083, 'learning_rate': 9.989364208785457e-06, 'epoch': 0.05}
{'loss': 0.8062, 'grad_norm': 2.4195547103881836, 'learning_rate': 9.98935742924376e-06, 'epoch': 0.05}
{'loss': 0.7129, 'grad_norm': 2.15725040435791, 'learning_rate': 9.989350647544323e-06, 'epoch': 0.05}
{'loss': 0.8976, 'grad_norm': 2.371253490447998, 'learning_rate': 9.989343863687145e-06, 'epoch': 0.05}
{'loss': 0.9032, 'grad_norm': 2.3589065074920654, 'learning_rate': 9.989337077672232e-06, 'epoch': 0.05}
{'loss': 0.9196, 'grad_norm': 2.4319214820861816, 'learning_rate': 9.989330289499588e-06, 'epoch': 0.05}
{'loss': 1.0796, 'grad_norm': 2.8119189739227295, 'learning_rate': 9.989323499169215e-06, 'epoch': 0.05}
{'loss': 0.8219, 'grad_norm': 2.6306097507476807, 'learning_rate': 9.989316706681112e-06, 'epoch': 0.05}
{'loss': 0.8778, 'grad_norm': 2.843244791030884, 'learning_rate': 9.989309912035288e-06, 'epoch': 0.05}
{'loss': 1.1098, 'grad_norm': 2.926438331604004, 'learning_rate': 9.98930311523174e-06, 'epoch': 0.05}
{'loss': 0.7185, 'grad_norm': 2.481787919998169, 'learning_rate': 9.989296316270478e-06, 'epoch': 0.05}
{'loss': 0.6424, 'grad_norm': 2.107170343399048, 'learning_rate': 9.989289515151499e-06, 'epoch': 0.05}
{'loss': 0.9363, 'grad_norm': 2.5484092235565186, 'learning_rate': 9.989282711874809e-06, 'epoch': 0.05}
{'loss': 0.7398, 'grad_norm': 2.3566970825195312, 'learning_rate': 9.989275906440407e-06, 'epoch': 0.05}
{'loss': 0.8174, 'grad_norm': 2.4415547847747803, 'learning_rate': 9.9892690988483e-06, 'epoch': 0.05}
{'loss': 0.8911, 'grad_norm': 2.549912452697754, 'learning_rate': 9.989262289098491e-06, 'epoch': 0.05}
{'loss': 0.994, 'grad_norm': 2.4355239868164062, 'learning_rate': 9.989255477190981e-06, 'epoch': 0.05}
{'loss': 0.7584, 'grad_norm': 2.28102970123291, 'learning_rate': 9.989248663125774e-06, 'epoch': 0.05}
{'loss': 0.8769, 'grad_norm': 7.504750728607178, 'learning_rate': 9.989241846902873e-06, 'epoch': 0.05}
{'loss': 0.6772, 'grad_norm': 2.1335225105285645, 'learning_rate': 9.98923502852228e-06, 'epoch': 0.05}
{'loss': 0.7805, 'grad_norm': 2.318049907684326, 'learning_rate': 9.989228207983998e-06, 'epoch': 0.05}
{'loss': 0.749, 'grad_norm': 2.525753974914551, 'learning_rate': 9.98922138528803e-06, 'epoch': 0.05}
{'loss': 0.9588, 'grad_norm': 2.5182693004608154, 'learning_rate': 9.98921456043438e-06, 'epoch': 0.05}
{'loss': 0.8415, 'grad_norm': 2.6070122718811035, 'learning_rate': 9.98920773342305e-06, 'epoch': 0.05}
{'loss': 0.9007, 'grad_norm': 2.7124147415161133, 'learning_rate': 9.989200904254044e-06, 'epoch': 0.05}
{'loss': 0.8781, 'grad_norm': 2.3970634937286377, 'learning_rate': 9.989194072927364e-06, 'epoch': 0.05}
[07:35:52.013275] Error: Error reading OpenGVLab/stage2/OpenMMLab___Kinetics-400/raw/Kinetics-400/videos_train/bD3kYDGqF28.mp4...
[07:35:52.013329] Failed to read video file: OpenGVLab/stage2/OpenMMLab___Kinetics-400/raw/Kinetics-400/videos_train/bD3kYDGqF28.mp4
[07:35:52.013348] [Try #0] Failed to fetch sample 3811989. Exception: Error reading OpenGVLab/stage2/OpenMMLab___Kinetics-400/raw/Kinetics-400/videos_train/bD3kYDGqF28.mp4...
[07:35:53.014737] Error: Error reading OpenGVLab/stage2/OpenMMLab___Kinetics-400/raw/Kinetics-400/videos_train/bD3kYDGqF28.mp4...
[07:35:53.014794] Failed to read video file: OpenGVLab/stage2/OpenMMLab___Kinetics-400/raw/Kinetics-400/videos_train/bD3kYDGqF28.mp4
[07:35:53.014827] [Try #1] Failed to fetch sample 3811989. Exception: Error reading OpenGVLab/stage2/OpenMMLab___Kinetics-400/raw/Kinetics-400/videos_train/bD3kYDGqF28.mp4...
{'loss': 0.9083, 'grad_norm': 2.3093905448913574, 'learning_rate': 9.989187239443014e-06, 'epoch': 0.05}
{'loss': 0.9175, 'grad_norm': 2.440351724624634, 'learning_rate': 9.989180403800995e-06, 'epoch': 0.05}
{'loss': 1.046, 'grad_norm': 2.4009554386138916, 'learning_rate': 9.98917356600131e-06, 'epoch': 0.05}
{'loss': 0.9251, 'grad_norm': 2.7327380180358887, 'learning_rate': 9.989166726043967e-06, 'epoch': 0.05}
{'loss': 0.7178, 'grad_norm': 2.362671136856079, 'learning_rate': 9.989159883928962e-06, 'epoch': 0.05}
{'loss': 0.7423, 'grad_norm': 2.142094135284424, 'learning_rate': 9.989153039656303e-06, 'epoch': 0.05}
{'loss': 0.8966, 'grad_norm': 2.580000877380371, 'learning_rate': 9.989146193225988e-06, 'epoch': 0.05}
{'loss': 0.9164, 'grad_norm': 2.540611505508423, 'learning_rate': 9.989139344638025e-06, 'epoch': 0.05}
{'loss': 1.1157, 'grad_norm': 2.967108964920044, 'learning_rate': 9.989132493892414e-06, 'epoch': 0.05}
{'loss': 0.8774, 'grad_norm': 2.181143045425415, 'learning_rate': 9.98912564098916e-06, 'epoch': 0.05}
{'loss': 0.761, 'grad_norm': 2.3813440799713135, 'learning_rate': 9.989118785928263e-06, 'epoch': 0.05}
{'loss': 1.0238, 'grad_norm': 2.7852718830108643, 'learning_rate': 9.98911192870973e-06, 'epoch': 0.05}
{'loss': 0.9539, 'grad_norm': 2.5927681922912598, 'learning_rate': 9.98910506933356e-06, 'epoch': 0.05}
{'loss': 0.9178, 'grad_norm': 2.7599503993988037, 'learning_rate': 9.989098207799757e-06, 'epoch': 0.05}
{'loss': 0.7931, 'grad_norm': 2.3172430992126465, 'learning_rate': 9.989091344108327e-06, 'epoch': 0.05}
{'loss': 0.7957, 'grad_norm': 2.361997604370117, 'learning_rate': 9.98908447825927e-06, 'epoch': 0.05}
{'loss': 0.7958, 'grad_norm': 2.4044477939605713, 'learning_rate': 9.989077610252587e-06, 'epoch': 0.05}
{'loss': 0.9249, 'grad_norm': 2.708483934402466, 'learning_rate': 9.989070740088287e-06, 'epoch': 0.05}
{'loss': 1.0101, 'grad_norm': 2.630122184753418, 'learning_rate': 9.989063867766368e-06, 'epoch': 0.05}
{'loss': 0.9154, 'grad_norm': 2.532491683959961, 'learning_rate': 9.989056993286835e-06, 'epoch': 0.05}
{'loss': 1.1089, 'grad_norm': 2.6653990745544434, 'learning_rate': 9.989050116649688e-06, 'epoch': 0.05}
{'loss': 0.8163, 'grad_norm': 2.4740047454833984, 'learning_rate': 9.989043237854937e-06, 'epoch': 0.05}
{'loss': 0.9246, 'grad_norm': 2.6258842945098877, 'learning_rate': 9.989036356902578e-06, 'epoch': 0.05}
{'loss': 0.789, 'grad_norm': 2.4190123081207275, 'learning_rate': 9.989029473792615e-06, 'epoch': 0.05}
{'loss': 0.7599, 'grad_norm': 4.536398410797119, 'learning_rate': 9.989022588525055e-06, 'epoch': 0.05}
{'loss': 0.9689, 'grad_norm': 2.5962066650390625, 'learning_rate': 9.989015701099895e-06, 'epoch': 0.05}
{'loss': 0.9452, 'grad_norm': 2.351907968521118, 'learning_rate': 9.989008811517144e-06, 'epoch': 0.05}
{'loss': 0.8012, 'grad_norm': 2.269465446472168, 'learning_rate': 9.989001919776802e-06, 'epoch': 0.05}
{'loss': 0.8558, 'grad_norm': 2.6747031211853027, 'learning_rate': 9.988995025878873e-06, 'epoch': 0.05}
{'loss': 0.7007, 'grad_norm': 2.2386910915374756, 'learning_rate': 9.988988129823358e-06, 'epoch': 0.05}
{'loss': 0.8183, 'grad_norm': 2.484219789505005, 'learning_rate': 9.988981231610262e-06, 'epoch': 0.05}
{'loss': 0.7569, 'grad_norm': 2.085721492767334, 'learning_rate': 9.988974331239587e-06, 'epoch': 0.05}
{'loss': 0.8437, 'grad_norm': 2.3203821182250977, 'learning_rate': 9.988967428711335e-06, 'epoch': 0.05}
{'loss': 1.0914, 'grad_norm': 2.651219606399536, 'learning_rate': 9.988960524025513e-06, 'epoch': 0.05}
{'loss': 1.0576, 'grad_norm': 2.747192859649658, 'learning_rate': 9.988953617182119e-06, 'epoch': 0.05}
{'loss': 0.8938, 'grad_norm': 2.649949550628662, 'learning_rate': 9.988946708181158e-06, 'epoch': 0.05}
{'loss': 0.8755, 'grad_norm': 2.464935541152954, 'learning_rate': 9.988939797022635e-06, 'epoch': 0.05}
{'loss': 1.0724, 'grad_norm': 2.4796268939971924, 'learning_rate': 9.988932883706551e-06, 'epoch': 0.05}
{'loss': 0.9572, 'grad_norm': 2.6362366676330566, 'learning_rate': 9.988925968232908e-06, 'epoch': 0.05}
{'loss': 0.9094, 'grad_norm': 2.3465962409973145, 'learning_rate': 9.98891905060171e-06, 'epoch': 0.05}
{'loss': 0.8607, 'grad_norm': 2.4197723865509033, 'learning_rate': 9.98891213081296e-06, 'epoch': 0.05}
{'loss': 1.2929, 'grad_norm': 2.962047815322876, 'learning_rate': 9.988905208866662e-06, 'epoch': 0.05}
{'loss': 0.876, 'grad_norm': 2.5832674503326416, 'learning_rate': 9.988898284762819e-06, 'epoch': 0.05}
{'loss': 1.3155, 'grad_norm': 2.885937213897705, 'learning_rate': 9.988891358501432e-06, 'epoch': 0.05}
{'loss': 0.8422, 'grad_norm': 2.5035290718078613, 'learning_rate': 9.988884430082503e-06, 'epoch': 0.05}
{'loss': 0.9504, 'grad_norm': 2.6822478771209717, 'learning_rate': 9.98887749950604e-06, 'epoch': 0.05}
{'loss': 0.9467, 'grad_norm': 2.578171491622925, 'learning_rate': 9.988870566772042e-06, 'epoch': 0.05}
{'loss': 0.7251, 'grad_norm': 2.321742057800293, 'learning_rate': 9.988863631880515e-06, 'epoch': 0.05}
{'loss': 0.8553, 'grad_norm': 2.5211987495422363, 'learning_rate': 9.988856694831457e-06, 'epoch': 0.05}
{'loss': 0.7198, 'grad_norm': 2.310601234436035, 'learning_rate': 9.988849755624876e-06, 'epoch': 0.05}
{'loss': 0.9645, 'grad_norm': 2.56478214263916, 'learning_rate': 9.988842814260773e-06, 'epoch': 0.05}
{'loss': 0.8901, 'grad_norm': 2.5491280555725098, 'learning_rate': 9.98883587073915e-06, 'epoch': 0.05}
{'loss': 0.829, 'grad_norm': 2.3769145011901855, 'learning_rate': 9.988828925060013e-06, 'epoch': 0.05}
{'loss': 0.6929, 'grad_norm': 3.2101492881774902, 'learning_rate': 9.988821977223362e-06, 'epoch': 0.05}
{'loss': 0.7335, 'grad_norm': 2.339777946472168, 'learning_rate': 9.9888150272292e-06, 'epoch': 0.05}
{'loss': 0.9617, 'grad_norm': 2.3270413875579834, 'learning_rate': 9.988808075077533e-06, 'epoch': 0.05}
{'loss': 0.8722, 'grad_norm': 2.4782612323760986, 'learning_rate': 9.988801120768361e-06, 'epoch': 0.05}
{'loss': 0.8288, 'grad_norm': 2.3264212608337402, 'learning_rate': 9.98879416430169e-06, 'epoch': 0.05}
{'loss': 0.7662, 'grad_norm': 2.406123638153076, 'learning_rate': 9.988787205677519e-06, 'epoch': 0.05}
{'loss': 0.9208, 'grad_norm': 2.477719306945801, 'learning_rate': 9.988780244895853e-06, 'epoch': 0.05}
{'loss': 0.7978, 'grad_norm': 13.68928050994873, 'learning_rate': 9.988773281956697e-06, 'epoch': 0.05}
{'loss': 1.0307, 'grad_norm': 2.5154683589935303, 'learning_rate': 9.98876631686005e-06, 'epoch': 0.05}
{'loss': 0.995, 'grad_norm': 2.528510093688965, 'learning_rate': 9.988759349605918e-06, 'epoch': 0.05}
{'loss': 0.6125, 'grad_norm': 2.9820592403411865, 'learning_rate': 9.988752380194305e-06, 'epoch': 0.05}
{'loss': 0.8243, 'grad_norm': 2.3905045986175537, 'learning_rate': 9.98874540862521e-06, 'epoch': 0.05}
{'loss': 0.6187, 'grad_norm': 2.1445353031158447, 'learning_rate': 9.98873843489864e-06, 'epoch': 0.05}
{'loss': 0.6738, 'grad_norm': 2.276578187942505, 'learning_rate': 9.988731459014596e-06, 'epoch': 0.05}
{'loss': 0.9818, 'grad_norm': 2.3575403690338135, 'learning_rate': 9.98872448097308e-06, 'epoch': 0.05}
{'loss': 0.9652, 'grad_norm': 2.7801103591918945, 'learning_rate': 9.988717500774096e-06, 'epoch': 0.05}
{'loss': 0.8663, 'grad_norm': 2.5720088481903076, 'learning_rate': 9.988710518417649e-06, 'epoch': 0.05}
{'loss': 0.9263, 'grad_norm': 2.658585548400879, 'learning_rate': 9.98870353390374e-06, 'epoch': 0.05}
{'loss': 0.8243, 'grad_norm': 2.426438808441162, 'learning_rate': 9.988696547232372e-06, 'epoch': 0.05}
{'loss': 0.888, 'grad_norm': 2.552940607070923, 'learning_rate': 9.988689558403548e-06, 'epoch': 0.05}
{'loss': 0.857, 'grad_norm': 2.5355184078216553, 'learning_rate': 9.988682567417272e-06, 'epoch': 0.05}
{'loss': 0.9164, 'grad_norm': 2.8404381275177, 'learning_rate': 9.988675574273545e-06, 'epoch': 0.05}
{'loss': 0.8564, 'grad_norm': 2.4924778938293457, 'learning_rate': 9.988668578972373e-06, 'epoch': 0.05}
{'loss': 0.9258, 'grad_norm': 2.4981462955474854, 'learning_rate': 9.988661581513756e-06, 'epoch': 0.05}
{'loss': 0.9317, 'grad_norm': 2.2639896869659424, 'learning_rate': 9.988654581897702e-06, 'epoch': 0.05}
{'loss': 0.9187, 'grad_norm': 2.2811949253082275, 'learning_rate': 9.988647580124207e-06, 'epoch': 0.05}
{'loss': 0.836, 'grad_norm': 2.3030171394348145, 'learning_rate': 9.988640576193279e-06, 'epoch': 0.05}
{'loss': 0.7829, 'grad_norm': 2.3748295307159424, 'learning_rate': 9.988633570104917e-06, 'epoch': 0.05}
{'loss': 0.9017, 'grad_norm': 2.6512887477874756, 'learning_rate': 9.98862656185913e-06, 'epoch': 0.05}
{'loss': 0.9408, 'grad_norm': 2.7044758796691895, 'learning_rate': 9.988619551455916e-06, 'epoch': 0.05}
{'loss': 0.9484, 'grad_norm': 2.84401535987854, 'learning_rate': 9.988612538895279e-06, 'epoch': 0.05}
{'loss': 0.7151, 'grad_norm': 2.257389545440674, 'learning_rate': 9.988605524177224e-06, 'epoch': 0.05}
{'loss': 0.8788, 'grad_norm': 2.461804151535034, 'learning_rate': 9.988598507301751e-06, 'epoch': 0.05}
{'loss': 1.0314, 'grad_norm': 2.6784377098083496, 'learning_rate': 9.988591488268868e-06, 'epoch': 0.05}
{'loss': 0.9452, 'grad_norm': 2.6101062297821045, 'learning_rate': 9.988584467078573e-06, 'epoch': 0.05}
{'loss': 0.6504, 'grad_norm': 2.3590304851531982, 'learning_rate': 9.98857744373087e-06, 'epoch': 0.05}
{'loss': 0.674, 'grad_norm': 2.2148525714874268, 'learning_rate': 9.988570418225764e-06, 'epoch': 0.05}
{'loss': 0.8786, 'grad_norm': 2.4170145988464355, 'learning_rate': 9.988563390563257e-06, 'epoch': 0.05}
{'loss': 0.6928, 'grad_norm': 3.3856213092803955, 'learning_rate': 9.98855636074335e-06, 'epoch': 0.05}
{'loss': 0.7254, 'grad_norm': 2.3056585788726807, 'learning_rate': 9.98854932876605e-06, 'epoch': 0.05}
{'loss': 0.9399, 'grad_norm': 2.643422842025757, 'learning_rate': 9.988542294631359e-06, 'epoch': 0.05}
{'loss': 1.0272, 'grad_norm': 2.4165987968444824, 'learning_rate': 9.988535258339277e-06, 'epoch': 0.05}
{'loss': 0.9921, 'grad_norm': 3.1426382064819336, 'learning_rate': 9.98852821988981e-06, 'epoch': 0.05}
{'loss': 0.8103, 'grad_norm': 2.5273070335388184, 'learning_rate': 9.98852117928296e-06, 'epoch': 0.05}
{'loss': 0.8098, 'grad_norm': 2.4990663528442383, 'learning_rate': 9.98851413651873e-06, 'epoch': 0.05}
{'loss': 0.7719, 'grad_norm': 2.3521721363067627, 'learning_rate': 9.988507091597123e-06, 'epoch': 0.05}
{'loss': 0.8935, 'grad_norm': 2.51570200920105, 'learning_rate': 9.988500044518144e-06, 'epoch': 0.05}
{'loss': 0.8668, 'grad_norm': 2.278826951980591, 'learning_rate': 9.988492995281793e-06, 'epoch': 0.05}
{'loss': 0.8413, 'grad_norm': 2.344641923904419, 'learning_rate': 9.988485943888073e-06, 'epoch': 0.05}
{'loss': 0.9769, 'grad_norm': 4.112571716308594, 'learning_rate': 9.98847889033699e-06, 'epoch': 0.05}
{'loss': 0.746, 'grad_norm': 2.41451358795166, 'learning_rate': 9.988471834628546e-06, 'epoch': 0.05}
{'loss': 0.7179, 'grad_norm': 2.3725945949554443, 'learning_rate': 9.988464776762742e-06, 'epoch': 0.05}
{'loss': 0.6959, 'grad_norm': 2.3019638061523438, 'learning_rate': 9.988457716739583e-06, 'epoch': 0.05}
{'loss': 0.8948, 'grad_norm': 2.5655994415283203, 'learning_rate': 9.988450654559073e-06, 'epoch': 0.05}
{'loss': 0.7904, 'grad_norm': 2.4219253063201904, 'learning_rate': 9.988443590221213e-06, 'epoch': 0.05}
{'loss': 0.9777, 'grad_norm': 3.3071069717407227, 'learning_rate': 9.988436523726007e-06, 'epoch': 0.05}
{'loss': 0.7672, 'grad_norm': 2.3044378757476807, 'learning_rate': 9.988429455073457e-06, 'epoch': 0.05}
{'loss': 0.979, 'grad_norm': 2.79685640335083, 'learning_rate': 9.988422384263567e-06, 'epoch': 0.05}
{'loss': 1.0049, 'grad_norm': 2.615708827972412, 'learning_rate': 9.98841531129634e-06, 'epoch': 0.05}
{'loss': 0.7476, 'grad_norm': 2.135176658630371, 'learning_rate': 9.98840823617178e-06, 'epoch': 0.05}
{'loss': 0.915, 'grad_norm': 2.7222273349761963, 'learning_rate': 9.98840115888989e-06, 'epoch': 0.05}
{'loss': 0.7914, 'grad_norm': 2.6909878253936768, 'learning_rate': 9.988394079450668e-06, 'epoch': 0.05}
{'loss': 0.8545, 'grad_norm': 2.6268508434295654, 'learning_rate': 9.988386997854125e-06, 'epoch': 0.05}
{'loss': 0.869, 'grad_norm': 2.325225830078125, 'learning_rate': 9.988379914100259e-06, 'epoch': 0.05}
{'loss': 0.8647, 'grad_norm': 2.7060396671295166, 'learning_rate': 9.988372828189072e-06, 'epoch': 0.05}
{'loss': 0.7079, 'grad_norm': 2.0775070190429688, 'learning_rate': 9.988365740120572e-06, 'epoch': 0.05}
{'loss': 0.9904, 'grad_norm': 2.741429328918457, 'learning_rate': 9.98835864989476e-06, 'epoch': 0.05}
{'loss': 0.9311, 'grad_norm': 2.4366085529327393, 'learning_rate': 9.988351557511638e-06, 'epoch': 0.05}
{'loss': 0.8973, 'grad_norm': 2.4145636558532715, 'learning_rate': 9.988344462971208e-06, 'epoch': 0.05}
{'loss': 0.7115, 'grad_norm': 1.7593204975128174, 'learning_rate': 9.988337366273476e-06, 'epoch': 0.05}
{'loss': 0.894, 'grad_norm': 2.6314141750335693, 'learning_rate': 9.988330267418443e-06, 'epoch': 0.05}
{'loss': 0.694, 'grad_norm': 2.1808156967163086, 'learning_rate': 9.988323166406113e-06, 'epoch': 0.05}
{'loss': 0.7322, 'grad_norm': 1.9565391540527344, 'learning_rate': 9.988316063236489e-06, 'epoch': 0.05}
{'loss': 0.6694, 'grad_norm': 2.4318642616271973, 'learning_rate': 9.988308957909574e-06, 'epoch': 0.05}
{'loss': 0.8688, 'grad_norm': 2.5524179935455322, 'learning_rate': 9.98830185042537e-06, 'epoch': 0.05}
{'loss': 0.7603, 'grad_norm': 2.3840370178222656, 'learning_rate': 9.988294740783881e-06, 'epoch': 0.05}
{'loss': 0.8495, 'grad_norm': 2.4166150093078613, 'learning_rate': 9.988287628985111e-06, 'epoch': 0.05}
{'loss': 0.7664, 'grad_norm': 2.634672164916992, 'learning_rate': 9.988280515029064e-06, 'epoch': 0.05}
{'loss': 0.7613, 'grad_norm': 2.032233238220215, 'learning_rate': 9.988273398915738e-06, 'epoch': 0.05}
{'loss': 0.907, 'grad_norm': 2.604573965072632, 'learning_rate': 9.988266280645142e-06, 'epoch': 0.05}
{'loss': 0.8579, 'grad_norm': 2.3143060207366943, 'learning_rate': 9.988259160217275e-06, 'epoch': 0.05}
{'loss': 0.8683, 'grad_norm': 2.37410306930542, 'learning_rate': 9.988252037632142e-06, 'epoch': 0.05}
{'loss': 0.7515, 'grad_norm': 2.265016555786133, 'learning_rate': 9.988244912889744e-06, 'epoch': 0.05}
{'loss': 0.9952, 'grad_norm': 2.814318895339966, 'learning_rate': 9.98823778599009e-06, 'epoch': 0.05}
{'loss': 0.8155, 'grad_norm': 2.42326021194458, 'learning_rate': 9.988230656933174e-06, 'epoch': 0.05}
{'loss': 1.0195, 'grad_norm': 2.751920700073242, 'learning_rate': 9.988223525719006e-06, 'epoch': 0.05}
{'loss': 1.1605, 'grad_norm': 2.5079944133758545, 'learning_rate': 9.988216392347586e-06, 'epoch': 0.05}
{'loss': 0.9309, 'grad_norm': 2.795344114303589, 'learning_rate': 9.988209256818919e-06, 'epoch': 0.05}
{'loss': 1.0538, 'grad_norm': 2.765108823776245, 'learning_rate': 9.988202119133008e-06, 'epoch': 0.05}
{'loss': 0.8638, 'grad_norm': 2.459747552871704, 'learning_rate': 9.988194979289853e-06, 'epoch': 0.05}
{'loss': 0.9771, 'grad_norm': 2.312251091003418, 'learning_rate': 9.988187837289461e-06, 'epoch': 0.05}
{'loss': 0.9478, 'grad_norm': 3.207324504852295, 'learning_rate': 9.988180693131832e-06, 'epoch': 0.05}
{'loss': 0.8316, 'grad_norm': 2.512807846069336, 'learning_rate': 9.98817354681697e-06, 'epoch': 0.05}
{'loss': 0.96, 'grad_norm': 2.4135935306549072, 'learning_rate': 9.988166398344881e-06, 'epoch': 0.05}
{'loss': 0.9327, 'grad_norm': 2.9947876930236816, 'learning_rate': 9.988159247715565e-06, 'epoch': 0.05}
{'loss': 0.6014, 'grad_norm': 2.073657512664795, 'learning_rate': 9.988152094929024e-06, 'epoch': 0.05}
{'loss': 0.7667, 'grad_norm': 2.305166721343994, 'learning_rate': 9.988144939985264e-06, 'epoch': 0.05}
{'loss': 0.7424, 'grad_norm': 1.809401273727417, 'learning_rate': 9.988137782884286e-06, 'epoch': 0.05}
{'loss': 1.0198, 'grad_norm': 2.597330331802368, 'learning_rate': 9.988130623626095e-06, 'epoch': 0.05}
{'loss': 0.986, 'grad_norm': 2.5904550552368164, 'learning_rate': 9.988123462210693e-06, 'epoch': 0.05}
{'loss': 0.9342, 'grad_norm': 2.510948896408081, 'learning_rate': 9.988116298638085e-06, 'epoch': 0.05}
{'loss': 0.95, 'grad_norm': 2.2856273651123047, 'learning_rate': 9.988109132908268e-06, 'epoch': 0.05}
{'loss': 0.7269, 'grad_norm': 2.2665855884552, 'learning_rate': 9.988101965021253e-06, 'epoch': 0.05}
{'loss': 0.9135, 'grad_norm': 2.6738088130950928, 'learning_rate': 9.988094794977039e-06, 'epoch': 0.05}
{'loss': 0.9385, 'grad_norm': 2.598550319671631, 'learning_rate': 9.98808762277563e-06, 'epoch': 0.05}
{'loss': 0.83, 'grad_norm': 2.391767740249634, 'learning_rate': 9.988080448417025e-06, 'epoch': 0.05}
{'loss': 0.8129, 'grad_norm': 2.523472785949707, 'learning_rate': 9.988073271901233e-06, 'epoch': 0.05}
{'loss': 0.7857, 'grad_norm': 2.359227180480957, 'learning_rate': 9.988066093228257e-06, 'epoch': 0.05}
{'loss': 0.8117, 'grad_norm': 2.3897454738616943, 'learning_rate': 9.988058912398095e-06, 'epoch': 0.05}
{'loss': 0.9187, 'grad_norm': 2.555340051651001, 'learning_rate': 9.988051729410755e-06, 'epoch': 0.05}
{'loss': 0.7893, 'grad_norm': 2.3965342044830322, 'learning_rate': 9.988044544266238e-06, 'epoch': 0.05}
{'loss': 0.8599, 'grad_norm': 2.676405191421509, 'learning_rate': 9.988037356964546e-06, 'epoch': 0.05}
{'loss': 0.678, 'grad_norm': 1.7991212606430054, 'learning_rate': 9.988030167505685e-06, 'epoch': 0.05}
{'loss': 0.8772, 'grad_norm': 2.4603753089904785, 'learning_rate': 9.988022975889656e-06, 'epoch': 0.05}
{'loss': 0.8161, 'grad_norm': 2.36671781539917, 'learning_rate': 9.988015782116462e-06, 'epoch': 0.05}
{'loss': 0.9414, 'grad_norm': 2.4607179164886475, 'learning_rate': 9.988008586186109e-06, 'epoch': 0.05}
{'loss': 0.7104, 'grad_norm': 1.8288744688034058, 'learning_rate': 9.988001388098597e-06, 'epoch': 0.05}
{'loss': 0.8903, 'grad_norm': 2.4808342456817627, 'learning_rate': 9.987994187853929e-06, 'epoch': 0.05}
{'loss': 0.9822, 'grad_norm': 2.6115636825561523, 'learning_rate': 9.987986985452109e-06, 'epoch': 0.05}
{'loss': 0.9951, 'grad_norm': 2.5324881076812744, 'learning_rate': 9.98797978089314e-06, 'epoch': 0.05}
{'loss': 1.1096, 'grad_norm': 2.825676202774048, 'learning_rate': 9.987972574177026e-06, 'epoch': 0.05}
{'loss': 0.8296, 'grad_norm': 2.6848981380462646, 'learning_rate': 9.98796536530377e-06, 'epoch': 0.05}
{'loss': 0.8397, 'grad_norm': 2.4808528423309326, 'learning_rate': 9.987958154273373e-06, 'epoch': 0.05}
{'loss': 0.7558, 'grad_norm': 2.486692190170288, 'learning_rate': 9.987950941085842e-06, 'epoch': 0.05}
{'loss': 0.9548, 'grad_norm': 2.4233806133270264, 'learning_rate': 9.987943725741176e-06, 'epoch': 0.05}
{'loss': 0.9436, 'grad_norm': 2.5479495525360107, 'learning_rate': 9.98793650823938e-06, 'epoch': 0.05}
{'loss': 0.9248, 'grad_norm': 2.7839226722717285, 'learning_rate': 9.987929288580458e-06, 'epoch': 0.05}
{'loss': 0.8324, 'grad_norm': 2.6192381381988525, 'learning_rate': 9.987922066764412e-06, 'epoch': 0.05}
{'loss': 0.7965, 'grad_norm': 2.5648739337921143, 'learning_rate': 9.987914842791245e-06, 'epoch': 0.05}
{'loss': 1.0959, 'grad_norm': 2.3610846996307373, 'learning_rate': 9.98790761666096e-06, 'epoch': 0.05}
{'loss': 0.9745, 'grad_norm': 2.4847171306610107, 'learning_rate': 9.98790038837356e-06, 'epoch': 0.05}
{'loss': 1.0124, 'grad_norm': 2.4687671661376953, 'learning_rate': 9.987893157929051e-06, 'epoch': 0.05}
{'loss': 0.9947, 'grad_norm': 2.5573065280914307, 'learning_rate': 9.987885925327433e-06, 'epoch': 0.05}
{'loss': 1.1143, 'grad_norm': 2.8016722202301025, 'learning_rate': 9.987878690568709e-06, 'epoch': 0.05}
{'loss': 0.8157, 'grad_norm': 2.5406746864318848, 'learning_rate': 9.987871453652885e-06, 'epoch': 0.05}
{'loss': 0.9158, 'grad_norm': 2.485835075378418, 'learning_rate': 9.98786421457996e-06, 'epoch': 0.05}
{'loss': 0.7955, 'grad_norm': 2.4610660076141357, 'learning_rate': 9.987856973349942e-06, 'epoch': 0.05}
{'loss': 0.6396, 'grad_norm': 2.117753267288208, 'learning_rate': 9.987849729962828e-06, 'epoch': 0.05}
{'loss': 0.9784, 'grad_norm': 2.4267964363098145, 'learning_rate': 9.987842484418626e-06, 'epoch': 0.05}
{'loss': 0.7458, 'grad_norm': 2.2017953395843506, 'learning_rate': 9.987835236717338e-06, 'epoch': 0.05}
{'loss': 0.7494, 'grad_norm': 2.306572437286377, 'learning_rate': 9.987827986858966e-06, 'epoch': 0.05}
{'loss': 0.7242, 'grad_norm': 2.2069287300109863, 'learning_rate': 9.987820734843514e-06, 'epoch': 0.05}
{'loss': 0.7718, 'grad_norm': 2.2746737003326416, 'learning_rate': 9.987813480670987e-06, 'epoch': 0.05}
{'loss': 0.7639, 'grad_norm': 2.3278615474700928, 'learning_rate': 9.987806224341385e-06, 'epoch': 0.05}
{'loss': 1.0026, 'grad_norm': 2.728037118911743, 'learning_rate': 9.987798965854713e-06, 'epoch': 0.05}
{'loss': 1.1469, 'grad_norm': 2.942089080810547, 'learning_rate': 9.987791705210972e-06, 'epoch': 0.05}
{'loss': 0.9144, 'grad_norm': 2.592297077178955, 'learning_rate': 9.987784442410168e-06, 'epoch': 0.05}
{'loss': 0.8084, 'grad_norm': 2.386303424835205, 'learning_rate': 9.987777177452303e-06, 'epoch': 0.05}
{'loss': 1.0704, 'grad_norm': 2.866981029510498, 'learning_rate': 9.987769910337379e-06, 'epoch': 0.05}
{'loss': 1.0724, 'grad_norm': 2.715766668319702, 'learning_rate': 9.987762641065401e-06, 'epoch': 0.05}
{'loss': 0.8421, 'grad_norm': 2.517378091812134, 'learning_rate': 9.98775536963637e-06, 'epoch': 0.05}
{'loss': 0.9012, 'grad_norm': 2.6303744316101074, 'learning_rate': 9.987748096050291e-06, 'epoch': 0.05}
{'loss': 0.7651, 'grad_norm': 2.2479090690612793, 'learning_rate': 9.987740820307168e-06, 'epoch': 0.05}
{'loss': 0.7114, 'grad_norm': 2.2979655265808105, 'learning_rate': 9.987733542407e-06, 'epoch': 0.05}
{'loss': 0.9733, 'grad_norm': 2.5864312648773193, 'learning_rate': 9.987726262349796e-06, 'epoch': 0.05}
{'loss': 0.8523, 'grad_norm': 2.333402395248413, 'learning_rate': 9.987718980135554e-06, 'epoch': 0.05}
{'loss': 0.96, 'grad_norm': 2.4522924423217773, 'learning_rate': 9.98771169576428e-06, 'epoch': 0.05}
{'loss': 0.8391, 'grad_norm': 2.6353254318237305, 'learning_rate': 9.987704409235974e-06, 'epoch': 0.05}
{'loss': 0.7724, 'grad_norm': 2.69381046295166, 'learning_rate': 9.987697120550643e-06, 'epoch': 0.05}
{'loss': 1.1004, 'grad_norm': 2.59653377532959, 'learning_rate': 9.987689829708288e-06, 'epoch': 0.05}
{'loss': 1.034, 'grad_norm': 2.4639365673065186, 'learning_rate': 9.987682536708915e-06, 'epoch': 0.05}
{'loss': 1.0982, 'grad_norm': 2.9508140087127686, 'learning_rate': 9.987675241552523e-06, 'epoch': 0.05}
{'loss': 0.8667, 'grad_norm': 2.349867820739746, 'learning_rate': 9.987667944239118e-06, 'epoch': 0.05}
{'loss': 0.7726, 'grad_norm': 2.3139472007751465, 'learning_rate': 9.987660644768701e-06, 'epoch': 0.05}
{'loss': 0.7527, 'grad_norm': 2.330026149749756, 'learning_rate': 9.987653343141277e-06, 'epoch': 0.05}
{'loss': 0.8512, 'grad_norm': 2.4744157791137695, 'learning_rate': 9.987646039356849e-06, 'epoch': 0.05}
{'loss': 0.8056, 'grad_norm': 2.4571783542633057, 'learning_rate': 9.987638733415419e-06, 'epoch': 0.05}
{'loss': 0.6512, 'grad_norm': 2.3112521171569824, 'learning_rate': 9.98763142531699e-06, 'epoch': 0.05}
{'loss': 0.8918, 'grad_norm': 2.416738986968994, 'learning_rate': 9.987624115061569e-06, 'epoch': 0.05}
{'loss': 0.8531, 'grad_norm': 2.275275945663452, 'learning_rate': 9.987616802649154e-06, 'epoch': 0.05}
{'loss': 0.9094, 'grad_norm': 2.4296696186065674, 'learning_rate': 9.987609488079751e-06, 'epoch': 0.05}
{'loss': 0.9865, 'grad_norm': 2.6071529388427734, 'learning_rate': 9.98760217135336e-06, 'epoch': 0.05}
{'loss': 0.969, 'grad_norm': 2.4386041164398193, 'learning_rate': 9.98759485246999e-06, 'epoch': 0.05}
{'loss': 0.9816, 'grad_norm': 2.8175368309020996, 'learning_rate': 9.987587531429638e-06, 'epoch': 0.05}
{'loss': 0.8403, 'grad_norm': 2.4588143825531006, 'learning_rate': 9.987580208232312e-06, 'epoch': 0.05}
{'loss': 0.876, 'grad_norm': 2.3683316707611084, 'learning_rate': 9.987572882878014e-06, 'epoch': 0.05}
{'loss': 0.7739, 'grad_norm': 2.398512363433838, 'learning_rate': 9.987565555366744e-06, 'epoch': 0.05}
[08:16:59.730092] Error: Error reading OpenGVLab/stage2/OpenMMLab___Kinetics-400/raw/Kinetics-400/videos_train/6W-eZ9tUoPw.mp4...
[08:16:59.730139] Failed to read video file: OpenGVLab/stage2/OpenMMLab___Kinetics-400/raw/Kinetics-400/videos_train/6W-eZ9tUoPw.mp4
[08:16:59.730154] [Try #0] Failed to fetch sample 3701719. Exception: Error reading OpenGVLab/stage2/OpenMMLab___Kinetics-400/raw/Kinetics-400/videos_train/6W-eZ9tUoPw.mp4...
[08:17:00.731524] Error: Error reading OpenGVLab/stage2/OpenMMLab___Kinetics-400/raw/Kinetics-400/videos_train/6W-eZ9tUoPw.mp4...
[08:17:00.731577] Failed to read video file: OpenGVLab/stage2/OpenMMLab___Kinetics-400/raw/Kinetics-400/videos_train/6W-eZ9tUoPw.mp4
[08:17:00.731595] [Try #1] Failed to fetch sample 3701719. Exception: Error reading OpenGVLab/stage2/OpenMMLab___Kinetics-400/raw/Kinetics-400/videos_train/6W-eZ9tUoPw.mp4...
{'loss': 0.7016, 'grad_norm': 2.175238847732544, 'learning_rate': 9.987558225698508e-06, 'epoch': 0.05}
{'loss': 0.9223, 'grad_norm': 2.6067421436309814, 'learning_rate': 9.987550893873309e-06, 'epoch': 0.05}
{'loss': 0.9838, 'grad_norm': 2.6539487838745117, 'learning_rate': 9.987543559891151e-06, 'epoch': 0.05}
{'loss': 0.8591, 'grad_norm': 2.5437045097351074, 'learning_rate': 9.987536223752034e-06, 'epoch': 0.05}
{'loss': 0.9571, 'grad_norm': 2.5876736640930176, 'learning_rate': 9.987528885455963e-06, 'epoch': 0.05}
{'loss': 0.8346, 'grad_norm': 2.327789545059204, 'learning_rate': 9.987521545002943e-06, 'epoch': 0.05}
{'loss': 0.7499, 'grad_norm': 2.278653621673584, 'learning_rate': 9.987514202392975e-06, 'epoch': 0.05}
{'loss': 0.7134, 'grad_norm': 2.233431577682495, 'learning_rate': 9.987506857626062e-06, 'epoch': 0.05}
{'loss': 1.0578, 'grad_norm': 2.4865188598632812, 'learning_rate': 9.98749951070221e-06, 'epoch': 0.05}
{'loss': 0.8447, 'grad_norm': 2.411510705947876, 'learning_rate': 9.987492161621417e-06, 'epoch': 0.05}
{'loss': 0.9428, 'grad_norm': 2.765306234359741, 'learning_rate': 9.987484810383692e-06, 'epoch': 0.05}
{'loss': 0.9299, 'grad_norm': 2.745638847351074, 'learning_rate': 9.987477456989035e-06, 'epoch': 0.05}
{'loss': 0.8372, 'grad_norm': 2.5402629375457764, 'learning_rate': 9.987470101437447e-06, 'epoch': 0.05}
{'loss': 1.0756, 'grad_norm': 2.6311511993408203, 'learning_rate': 9.987462743728934e-06, 'epoch': 0.05}
{'loss': 0.9705, 'grad_norm': 2.413454532623291, 'learning_rate': 9.987455383863503e-06, 'epoch': 0.05}
{'loss': 0.7776, 'grad_norm': 2.276667356491089, 'learning_rate': 9.98744802184115e-06, 'epoch': 0.05}
{'loss': 0.8483, 'grad_norm': 2.471130132675171, 'learning_rate': 9.987440657661882e-06, 'epoch': 0.05}
{'loss': 0.7645, 'grad_norm': 2.329789876937866, 'learning_rate': 9.9874332913257e-06, 'epoch': 0.05}
{'loss': 0.7753, 'grad_norm': 2.3036348819732666, 'learning_rate': 9.987425922832611e-06, 'epoch': 0.05}
{'loss': 0.9864, 'grad_norm': 2.7507386207580566, 'learning_rate': 9.987418552182614e-06, 'epoch': 0.05}
{'loss': 0.8124, 'grad_norm': 2.664299488067627, 'learning_rate': 9.987411179375715e-06, 'epoch': 0.05}
{'loss': 0.8539, 'grad_norm': 2.31231427192688, 'learning_rate': 9.987403804411916e-06, 'epoch': 0.05}
{'loss': 0.9971, 'grad_norm': 2.6056008338928223, 'learning_rate': 9.987396427291221e-06, 'epoch': 0.05}
{'loss': 1.0046, 'grad_norm': 2.3866403102874756, 'learning_rate': 9.987389048013634e-06, 'epoch': 0.05}
{'loss': 0.9211, 'grad_norm': 2.504699468612671, 'learning_rate': 9.987381666579154e-06, 'epoch': 0.05}
{'loss': 0.9292, 'grad_norm': 2.3630573749542236, 'learning_rate': 9.987374282987788e-06, 'epoch': 0.05}
{'loss': 0.8629, 'grad_norm': 2.4197402000427246, 'learning_rate': 9.987366897239538e-06, 'epoch': 0.05}
{'loss': 0.8262, 'grad_norm': 2.592374801635742, 'learning_rate': 9.98735950933441e-06, 'epoch': 0.05}
{'loss': 0.8799, 'grad_norm': 2.56373929977417, 'learning_rate': 9.9873521192724e-06, 'epoch': 0.05}
{'loss': 1.1264, 'grad_norm': 2.5033586025238037, 'learning_rate': 9.987344727053519e-06, 'epoch': 0.05}
{'loss': 0.9126, 'grad_norm': 2.493035316467285, 'learning_rate': 9.987337332677765e-06, 'epoch': 0.05}
{'loss': 0.7921, 'grad_norm': 2.0872201919555664, 'learning_rate': 9.987329936145144e-06, 'epoch': 0.05}
{'loss': 0.9445, 'grad_norm': 2.7465033531188965, 'learning_rate': 9.98732253745566e-06, 'epoch': 0.05}
{'loss': 0.913, 'grad_norm': 2.4730660915374756, 'learning_rate': 9.987315136609312e-06, 'epoch': 0.05}
{'loss': 1.1266, 'grad_norm': 2.8294100761413574, 'learning_rate': 9.987307733606109e-06, 'epoch': 0.05}
{'loss': 0.9983, 'grad_norm': 2.702413558959961, 'learning_rate': 9.987300328446048e-06, 'epoch': 0.05}
{'loss': 0.7944, 'grad_norm': 2.1489171981811523, 'learning_rate': 9.987292921129136e-06, 'epoch': 0.05}
{'loss': 0.9673, 'grad_norm': 2.4679596424102783, 'learning_rate': 9.987285511655375e-06, 'epoch': 0.05}
{'loss': 0.7955, 'grad_norm': 2.3531317710876465, 'learning_rate': 9.98727810002477e-06, 'epoch': 0.05}
{'loss': 0.8598, 'grad_norm': 2.2005791664123535, 'learning_rate': 9.987270686237323e-06, 'epoch': 0.05}
{'loss': 0.8574, 'grad_norm': 2.6543729305267334, 'learning_rate': 9.987263270293035e-06, 'epoch': 0.05}
{'loss': 0.9336, 'grad_norm': 2.6806697845458984, 'learning_rate': 9.987255852191914e-06, 'epoch': 0.05}
{'loss': 0.7988, 'grad_norm': 2.193208932876587, 'learning_rate': 9.987248431933956e-06, 'epoch': 0.05}
{'loss': 0.8281, 'grad_norm': 2.353743553161621, 'learning_rate': 9.987241009519172e-06, 'epoch': 0.05}
{'loss': 0.8088, 'grad_norm': 2.366234540939331, 'learning_rate': 9.98723358494756e-06, 'epoch': 0.05}
{'loss': 0.8652, 'grad_norm': 2.2674098014831543, 'learning_rate': 9.987226158219128e-06, 'epoch': 0.05}
{'loss': 0.9631, 'grad_norm': 2.539562463760376, 'learning_rate': 9.987218729333874e-06, 'epoch': 0.05}
{'loss': 0.6927, 'grad_norm': 2.4607653617858887, 'learning_rate': 9.987211298291804e-06, 'epoch': 0.05}
{'loss': 0.6791, 'grad_norm': 2.486584186553955, 'learning_rate': 9.987203865092921e-06, 'epoch': 0.05}
{'loss': 1.0004, 'grad_norm': 2.2385740280151367, 'learning_rate': 9.987196429737226e-06, 'epoch': 0.05}
{'loss': 0.9735, 'grad_norm': 2.4252066612243652, 'learning_rate': 9.987188992224725e-06, 'epoch': 0.05}
{'loss': 0.9211, 'grad_norm': 2.5284311771392822, 'learning_rate': 9.987181552555422e-06, 'epoch': 0.05}
{'loss': 0.9323, 'grad_norm': 2.6816093921661377, 'learning_rate': 9.987174110729318e-06, 'epoch': 0.05}
{'loss': 0.7565, 'grad_norm': 2.3957314491271973, 'learning_rate': 9.987166666746415e-06, 'epoch': 0.05}
{'loss': 1.0665, 'grad_norm': 2.7193689346313477, 'learning_rate': 9.987159220606718e-06, 'epoch': 0.05}
{'loss': 0.998, 'grad_norm': 2.8468122482299805, 'learning_rate': 9.987151772310232e-06, 'epoch': 0.05}
{'loss': 0.8328, 'grad_norm': 2.6233129501342773, 'learning_rate': 9.987144321856958e-06, 'epoch': 0.05}
{'loss': 0.7901, 'grad_norm': 2.2424678802490234, 'learning_rate': 9.987136869246901e-06, 'epoch': 0.05}
{'loss': 0.826, 'grad_norm': 2.563711404800415, 'learning_rate': 9.98712941448006e-06, 'epoch': 0.05}
{'loss': 0.8337, 'grad_norm': 2.227409601211548, 'learning_rate': 9.987121957556444e-06, 'epoch': 0.05}
{'loss': 0.7768, 'grad_norm': 2.278390407562256, 'learning_rate': 9.987114498476051e-06, 'epoch': 0.05}
{'loss': 0.8361, 'grad_norm': 2.5332655906677246, 'learning_rate': 9.987107037238888e-06, 'epoch': 0.05}
{'loss': 0.6573, 'grad_norm': 2.192945957183838, 'learning_rate': 9.987099573844956e-06, 'epoch': 0.05}
{'loss': 0.8897, 'grad_norm': 2.512310266494751, 'learning_rate': 9.98709210829426e-06, 'epoch': 0.05}
{'loss': 0.9391, 'grad_norm': 2.418769598007202, 'learning_rate': 9.987084640586802e-06, 'epoch': 0.05}
{'loss': 1.0126, 'grad_norm': 2.6623048782348633, 'learning_rate': 9.987077170722584e-06, 'epoch': 0.05}
{'loss': 0.9209, 'grad_norm': 2.7013344764709473, 'learning_rate': 9.987069698701611e-06, 'epoch': 0.05}
{'loss': 1.0312, 'grad_norm': 2.626718521118164, 'learning_rate': 9.987062224523886e-06, 'epoch': 0.05}
{'loss': 0.8297, 'grad_norm': 2.4484431743621826, 'learning_rate': 9.987054748189414e-06, 'epoch': 0.05}
{'loss': 0.9384, 'grad_norm': 2.7273974418640137, 'learning_rate': 9.987047269698195e-06, 'epoch': 0.05}
{'loss': 1.01, 'grad_norm': 2.608471632003784, 'learning_rate': 9.987039789050233e-06, 'epoch': 0.05}
{'loss': 0.9425, 'grad_norm': 2.451690435409546, 'learning_rate': 9.987032306245531e-06, 'epoch': 0.05}
{'loss': 0.9486, 'grad_norm': 2.441175937652588, 'learning_rate': 9.987024821284098e-06, 'epoch': 0.05}
{'loss': 0.6299, 'grad_norm': 2.1666927337646484, 'learning_rate': 9.987017334165927e-06, 'epoch': 0.05}
{'loss': 1.0207, 'grad_norm': 2.319659948348999, 'learning_rate': 9.987009844891029e-06, 'epoch': 0.05}
{'loss': 0.8567, 'grad_norm': 2.431424140930176, 'learning_rate': 9.987002353459405e-06, 'epoch': 0.05}
{'loss': 0.9976, 'grad_norm': 2.6146626472473145, 'learning_rate': 9.986994859871058e-06, 'epoch': 0.05}
{'loss': 0.9373, 'grad_norm': 2.6259605884552, 'learning_rate': 9.98698736412599e-06, 'epoch': 0.05}
{'loss': 0.7981, 'grad_norm': 2.56893253326416, 'learning_rate': 9.986979866224205e-06, 'epoch': 0.05}
{'loss': 1.0402, 'grad_norm': 2.637099027633667, 'learning_rate': 9.986972366165709e-06, 'epoch': 0.05}
{'loss': 0.9804, 'grad_norm': 2.3011438846588135, 'learning_rate': 9.986964863950502e-06, 'epoch': 0.05}
{'loss': 1.0709, 'grad_norm': 2.6432900428771973, 'learning_rate': 9.986957359578588e-06, 'epoch': 0.05}
{'loss': 0.8899, 'grad_norm': 2.4867866039276123, 'learning_rate': 9.986949853049973e-06, 'epoch': 0.05}
{'loss': 0.9955, 'grad_norm': 2.7854957580566406, 'learning_rate': 9.986942344364654e-06, 'epoch': 0.05}
{'loss': 0.9429, 'grad_norm': 2.461043119430542, 'learning_rate': 9.986934833522638e-06, 'epoch': 0.05}
{'loss': 0.6651, 'grad_norm': 2.481673240661621, 'learning_rate': 9.986927320523931e-06, 'epoch': 0.05}
{'loss': 0.8112, 'grad_norm': 2.534709930419922, 'learning_rate': 9.986919805368533e-06, 'epoch': 0.05}
{'loss': 0.7378, 'grad_norm': 2.397146463394165, 'learning_rate': 9.986912288056448e-06, 'epoch': 0.05}
{'loss': 0.89, 'grad_norm': 2.6465377807617188, 'learning_rate': 9.986904768587678e-06, 'epoch': 0.05}
{'loss': 1.1983, 'grad_norm': 2.649383068084717, 'learning_rate': 9.986897246962226e-06, 'epoch': 0.05}
{'loss': 0.8331, 'grad_norm': 2.301588535308838, 'learning_rate': 9.986889723180097e-06, 'epoch': 0.05}
{'loss': 0.9872, 'grad_norm': 2.4952898025512695, 'learning_rate': 9.986882197241295e-06, 'epoch': 0.05}
{'loss': 0.818, 'grad_norm': 2.350478410720825, 'learning_rate': 9.986874669145823e-06, 'epoch': 0.05}
{'loss': 0.8493, 'grad_norm': 2.570645809173584, 'learning_rate': 9.986867138893682e-06, 'epoch': 0.05}
{'loss': 0.9582, 'grad_norm': 2.8052892684936523, 'learning_rate': 9.986859606484876e-06, 'epoch': 0.05}
{'loss': 0.8511, 'grad_norm': 2.7802045345306396, 'learning_rate': 9.986852071919409e-06, 'epoch': 0.05}
{'loss': 0.941, 'grad_norm': 2.674975872039795, 'learning_rate': 9.986844535197284e-06, 'epoch': 0.05}
{'loss': 0.7427, 'grad_norm': 2.2228493690490723, 'learning_rate': 9.986836996318505e-06, 'epoch': 0.05}
{'loss': 0.8162, 'grad_norm': 2.6084773540496826, 'learning_rate': 9.986829455283074e-06, 'epoch': 0.05}
{'loss': 0.6783, 'grad_norm': 2.3194377422332764, 'learning_rate': 9.986821912090995e-06, 'epoch': 0.05}
{'loss': 0.7926, 'grad_norm': 2.327310562133789, 'learning_rate': 9.98681436674227e-06, 'epoch': 0.05}
{'loss': 0.8357, 'grad_norm': 2.5109243392944336, 'learning_rate': 9.986806819236904e-06, 'epoch': 0.05}
{'loss': 0.9895, 'grad_norm': 2.5644543170928955, 'learning_rate': 9.986799269574901e-06, 'epoch': 0.05}
{'loss': 0.9164, 'grad_norm': 2.814669609069824, 'learning_rate': 9.986791717756263e-06, 'epoch': 0.05}
{'loss': 0.9938, 'grad_norm': 2.497723340988159, 'learning_rate': 9.986784163780992e-06, 'epoch': 0.05}
{'loss': 0.8424, 'grad_norm': 2.6004552841186523, 'learning_rate': 9.986776607649092e-06, 'epoch': 0.05}
{'loss': 0.9491, 'grad_norm': 2.5488979816436768, 'learning_rate': 9.986769049360568e-06, 'epoch': 0.05}
{'loss': 0.9132, 'grad_norm': 2.426750659942627, 'learning_rate': 9.986761488915419e-06, 'epoch': 0.05}
{'loss': 0.8429, 'grad_norm': 2.2998764514923096, 'learning_rate': 9.986753926313654e-06, 'epoch': 0.05}
{'loss': 0.7547, 'grad_norm': 2.751091241836548, 'learning_rate': 9.986746361555273e-06, 'epoch': 0.05}
{'loss': 0.795, 'grad_norm': 2.29976487159729, 'learning_rate': 9.98673879464028e-06, 'epoch': 0.05}
{'loss': 1.0844, 'grad_norm': 2.686671495437622, 'learning_rate': 9.986731225568677e-06, 'epoch': 0.05}
{'loss': 0.9781, 'grad_norm': 2.6758062839508057, 'learning_rate': 9.986723654340468e-06, 'epoch': 0.05}
{'loss': 0.7506, 'grad_norm': 2.6524550914764404, 'learning_rate': 9.986716080955658e-06, 'epoch': 0.05}
{'loss': 0.802, 'grad_norm': 2.3665249347686768, 'learning_rate': 9.986708505414249e-06, 'epoch': 0.05}
{'loss': 1.0883, 'grad_norm': 2.563337564468384, 'learning_rate': 9.986700927716243e-06, 'epoch': 0.05}
{'loss': 0.7907, 'grad_norm': 2.655994176864624, 'learning_rate': 9.986693347861645e-06, 'epoch': 0.05}
{'loss': 0.8953, 'grad_norm': 2.589663028717041, 'learning_rate': 9.986685765850456e-06, 'epoch': 0.05}
{'loss': 0.872, 'grad_norm': 2.4671430587768555, 'learning_rate': 9.986678181682684e-06, 'epoch': 0.05}
{'loss': 0.8575, 'grad_norm': 2.5834619998931885, 'learning_rate': 9.986670595358327e-06, 'epoch': 0.05}
{'loss': 0.9062, 'grad_norm': 2.4787094593048096, 'learning_rate': 9.986663006877392e-06, 'epoch': 0.05}
{'loss': 0.7494, 'grad_norm': 2.3848226070404053, 'learning_rate': 9.98665541623988e-06, 'epoch': 0.05}
{'loss': 0.8247, 'grad_norm': 2.816849708557129, 'learning_rate': 9.986647823445796e-06, 'epoch': 0.05}
{'loss': 0.8493, 'grad_norm': 2.298856019973755, 'learning_rate': 9.986640228495142e-06, 'epoch': 0.05}
{'loss': 0.9654, 'grad_norm': 2.481105089187622, 'learning_rate': 9.98663263138792e-06, 'epoch': 0.05}
{'loss': 0.7476, 'grad_norm': 2.28629469871521, 'learning_rate': 9.986625032124136e-06, 'epoch': 0.05}
{'loss': 0.7755, 'grad_norm': 2.2548136711120605, 'learning_rate': 9.986617430703794e-06, 'epoch': 0.05}
{'loss': 0.7947, 'grad_norm': 2.3988871574401855, 'learning_rate': 9.986609827126892e-06, 'epoch': 0.05}
{'loss': 0.9264, 'grad_norm': 2.3664393424987793, 'learning_rate': 9.98660222139344e-06, 'epoch': 0.05}
{'loss': 1.1149, 'grad_norm': 2.8759682178497314, 'learning_rate': 9.986594613503437e-06, 'epoch': 0.05}
{'loss': 0.805, 'grad_norm': 2.4560413360595703, 'learning_rate': 9.986587003456887e-06, 'epoch': 0.05}
{'loss': 0.836, 'grad_norm': 2.5993995666503906, 'learning_rate': 9.986579391253793e-06, 'epoch': 0.05}
{'loss': 0.7598, 'grad_norm': 2.4514172077178955, 'learning_rate': 9.986571776894161e-06, 'epoch': 0.05}
{'loss': 0.7678, 'grad_norm': 2.220724582672119, 'learning_rate': 9.986564160377989e-06, 'epoch': 0.05}
{'loss': 0.7629, 'grad_norm': 2.3739092350006104, 'learning_rate': 9.986556541705286e-06, 'epoch': 0.05}
{'loss': 1.2319, 'grad_norm': 2.5148518085479736, 'learning_rate': 9.986548920876053e-06, 'epoch': 0.05}
{'loss': 0.8902, 'grad_norm': 2.4945197105407715, 'learning_rate': 9.986541297890294e-06, 'epoch': 0.05}
{'loss': 0.8683, 'grad_norm': 2.460376739501953, 'learning_rate': 9.986533672748009e-06, 'epoch': 0.05}
{'loss': 0.9726, 'grad_norm': 2.6980702877044678, 'learning_rate': 9.986526045449206e-06, 'epoch': 0.05}
{'loss': 0.9914, 'grad_norm': 2.9156222343444824, 'learning_rate': 9.986518415993885e-06, 'epoch': 0.05}
{'loss': 1.0313, 'grad_norm': 2.7174742221832275, 'learning_rate': 9.98651078438205e-06, 'epoch': 0.05}
{'loss': 1.0324, 'grad_norm': 2.671668291091919, 'learning_rate': 9.986503150613705e-06, 'epoch': 0.05}
{'loss': 0.6723, 'grad_norm': 2.3556885719299316, 'learning_rate': 9.986495514688852e-06, 'epoch': 0.05}
{'loss': 0.8439, 'grad_norm': 2.4648051261901855, 'learning_rate': 9.986487876607495e-06, 'epoch': 0.05}
{'loss': 0.7439, 'grad_norm': 2.1092586517333984, 'learning_rate': 9.98648023636964e-06, 'epoch': 0.05}
{'loss': 0.9275, 'grad_norm': 2.5668795108795166, 'learning_rate': 9.986472593975286e-06, 'epoch': 0.05}
{'loss': 0.7967, 'grad_norm': 2.3837051391601562, 'learning_rate': 9.98646494942444e-06, 'epoch': 0.05}
{'loss': 1.0404, 'grad_norm': 2.51755690574646, 'learning_rate': 9.986457302717101e-06, 'epoch': 0.05}
{'loss': 0.793, 'grad_norm': 2.375593900680542, 'learning_rate': 9.986449653853276e-06, 'epoch': 0.05}
{'loss': 0.9979, 'grad_norm': 3.1939351558685303, 'learning_rate': 9.986442002832967e-06, 'epoch': 0.05}
{'loss': 1.129, 'grad_norm': 2.5601987838745117, 'learning_rate': 9.986434349656176e-06, 'epoch': 0.05}
{'loss': 0.7834, 'grad_norm': 2.5188400745391846, 'learning_rate': 9.986426694322911e-06, 'epoch': 0.05}
{'loss': 0.9641, 'grad_norm': 2.6686956882476807, 'learning_rate': 9.986419036833169e-06, 'epoch': 0.05}
{'loss': 0.8091, 'grad_norm': 2.33707332611084, 'learning_rate': 9.986411377186958e-06, 'epoch': 0.05}
{'loss': 1.0413, 'grad_norm': 2.7701478004455566, 'learning_rate': 9.98640371538428e-06, 'epoch': 0.05}
{'loss': 0.6978, 'grad_norm': 2.6089389324188232, 'learning_rate': 9.986396051425136e-06, 'epoch': 0.05}
{'loss': 0.9566, 'grad_norm': 3.2665562629699707, 'learning_rate': 9.986388385309532e-06, 'epoch': 0.05}
{'loss': 0.7473, 'grad_norm': 2.5024824142456055, 'learning_rate': 9.98638071703747e-06, 'epoch': 0.05}
{'loss': 0.8333, 'grad_norm': 2.540996551513672, 'learning_rate': 9.986373046608954e-06, 'epoch': 0.05}
{'loss': 0.8777, 'grad_norm': 2.622452974319458, 'learning_rate': 9.986365374023989e-06, 'epoch': 0.05}
{'loss': 0.7646, 'grad_norm': 2.3335118293762207, 'learning_rate': 9.986357699282575e-06, 'epoch': 0.05}
{'loss': 0.6997, 'grad_norm': 2.2948522567749023, 'learning_rate': 9.986350022384717e-06, 'epoch': 0.05}
{'loss': 0.8397, 'grad_norm': 2.5762715339660645, 'learning_rate': 9.986342343330419e-06, 'epoch': 0.05}
{'loss': 0.9002, 'grad_norm': 2.6294379234313965, 'learning_rate': 9.986334662119683e-06, 'epoch': 0.05}
{'loss': 0.9546, 'grad_norm': 2.553619623184204, 'learning_rate': 9.986326978752512e-06, 'epoch': 0.05}
{'loss': 0.8463, 'grad_norm': 2.282727003097534, 'learning_rate': 9.986319293228912e-06, 'epoch': 0.05}
{'loss': 1.0777, 'grad_norm': 2.9088757038116455, 'learning_rate': 9.986311605548882e-06, 'epoch': 0.05}
{'loss': 0.8122, 'grad_norm': 2.2634646892547607, 'learning_rate': 9.98630391571243e-06, 'epoch': 0.05}
{'loss': 0.6719, 'grad_norm': 2.248945951461792, 'learning_rate': 9.986296223719555e-06, 'epoch': 0.05}
{'loss': 0.8902, 'grad_norm': 2.5155014991760254, 'learning_rate': 9.986288529570264e-06, 'epoch': 0.05}
{'loss': 0.8216, 'grad_norm': 2.4536798000335693, 'learning_rate': 9.986280833264559e-06, 'epoch': 0.05}
{'loss': 1.0011, 'grad_norm': 2.722905397415161, 'learning_rate': 9.986273134802441e-06, 'epoch': 0.05}
{'loss': 1.0748, 'grad_norm': 2.9716594219207764, 'learning_rate': 9.986265434183917e-06, 'epoch': 0.05}
{'loss': 1.0502, 'grad_norm': 2.541008234024048, 'learning_rate': 9.986257731408988e-06, 'epoch': 0.05}
{'loss': 0.7238, 'grad_norm': 2.344090700149536, 'learning_rate': 9.98625002647766e-06, 'epoch': 0.05}
{'loss': 0.818, 'grad_norm': 2.254260301589966, 'learning_rate': 9.986242319389933e-06, 'epoch': 0.05}
{'loss': 0.9941, 'grad_norm': 2.758314609527588, 'learning_rate': 9.98623461014581e-06, 'epoch': 0.05}
{'loss': 0.6661, 'grad_norm': 2.268681526184082, 'learning_rate': 9.986226898745299e-06, 'epoch': 0.05}
{'loss': 0.7145, 'grad_norm': 2.2322463989257812, 'learning_rate': 9.986219185188399e-06, 'epoch': 0.05}
{'loss': 1.0346, 'grad_norm': 2.602236747741699, 'learning_rate': 9.986211469475115e-06, 'epoch': 0.05}
{'loss': 0.9716, 'grad_norm': 2.418484687805176, 'learning_rate': 9.98620375160545e-06, 'epoch': 0.05}
{'loss': 0.8636, 'grad_norm': 2.6181976795196533, 'learning_rate': 9.986196031579408e-06, 'epoch': 0.05}
{'loss': 0.9, 'grad_norm': 2.6259024143218994, 'learning_rate': 9.986188309396992e-06, 'epoch': 0.05}
{'loss': 0.9262, 'grad_norm': 2.508970022201538, 'learning_rate': 9.986180585058204e-06, 'epoch': 0.05}
{'loss': 0.8326, 'grad_norm': 2.380504846572876, 'learning_rate': 9.986172858563049e-06, 'epoch': 0.05}
{'loss': 0.7139, 'grad_norm': 2.4227261543273926, 'learning_rate': 9.986165129911529e-06, 'epoch': 0.05}
{'loss': 0.9985, 'grad_norm': 2.2413878440856934, 'learning_rate': 9.98615739910365e-06, 'epoch': 0.05}
{'loss': 0.7989, 'grad_norm': 2.483703374862671, 'learning_rate': 9.98614966613941e-06, 'epoch': 0.05}
{'loss': 0.7023, 'grad_norm': 2.334400177001953, 'learning_rate': 9.98614193101882e-06, 'epoch': 0.05}
{'loss': 0.7184, 'grad_norm': 2.3111374378204346, 'learning_rate': 9.986134193741877e-06, 'epoch': 0.05}
{'loss': 0.9685, 'grad_norm': 2.5006210803985596, 'learning_rate': 9.986126454308586e-06, 'epoch': 0.05}
{'loss': 0.8626, 'grad_norm': 5.014500617980957, 'learning_rate': 9.986118712718952e-06, 'epoch': 0.05}
{'loss': 0.9558, 'grad_norm': 2.3519515991210938, 'learning_rate': 9.986110968972977e-06, 'epoch': 0.05}
{'loss': 0.7124, 'grad_norm': 2.3875136375427246, 'learning_rate': 9.986103223070664e-06, 'epoch': 0.05}
{'loss': 0.7315, 'grad_norm': 2.5825188159942627, 'learning_rate': 9.986095475012018e-06, 'epoch': 0.05}
{'loss': 0.8853, 'grad_norm': 2.7755138874053955, 'learning_rate': 9.98608772479704e-06, 'epoch': 0.05}
{'loss': 0.8883, 'grad_norm': 2.5878686904907227, 'learning_rate': 9.986079972425735e-06, 'epoch': 0.05}
{'loss': 0.9672, 'grad_norm': 2.6111013889312744, 'learning_rate': 9.986072217898107e-06, 'epoch': 0.05}
{'loss': 1.0183, 'grad_norm': 2.6074557304382324, 'learning_rate': 9.986064461214155e-06, 'epoch': 0.05}
{'loss': 0.9399, 'grad_norm': 2.6742477416992188, 'learning_rate': 9.98605670237389e-06, 'epoch': 0.05}
{'loss': 0.7403, 'grad_norm': 2.398475170135498, 'learning_rate': 9.986048941377308e-06, 'epoch': 0.05}
{'loss': 0.7244, 'grad_norm': 2.2792065143585205, 'learning_rate': 9.986041178224417e-06, 'epoch': 0.05}
{'loss': 0.8234, 'grad_norm': 2.3219716548919678, 'learning_rate': 9.986033412915217e-06, 'epoch': 0.05}
{'loss': 0.7979, 'grad_norm': 2.307771921157837, 'learning_rate': 9.986025645449715e-06, 'epoch': 0.05}
{'loss': 0.8775, 'grad_norm': 2.551609516143799, 'learning_rate': 9.98601787582791e-06, 'epoch': 0.05}
{'loss': 1.0168, 'grad_norm': 3.091279983520508, 'learning_rate': 9.98601010404981e-06, 'epoch': 0.05}
{'loss': 1.0194, 'grad_norm': 2.7382006645202637, 'learning_rate': 9.986002330115417e-06, 'epoch': 0.05}
{'loss': 1.0454, 'grad_norm': 2.7209208011627197, 'learning_rate': 9.985994554024731e-06, 'epoch': 0.05}
{'loss': 0.6827, 'grad_norm': 2.372082471847534, 'learning_rate': 9.98598677577776e-06, 'epoch': 0.05}
{'loss': 0.8542, 'grad_norm': 2.630377769470215, 'learning_rate': 9.985978995374504e-06, 'epoch': 0.05}
{'loss': 0.7061, 'grad_norm': 2.417961835861206, 'learning_rate': 9.985971212814968e-06, 'epoch': 0.05}
{'loss': 0.82, 'grad_norm': 2.4027020931243896, 'learning_rate': 9.985963428099155e-06, 'epoch': 0.05}
{'loss': 0.9202, 'grad_norm': 2.550191640853882, 'learning_rate': 9.985955641227068e-06, 'epoch': 0.05}
{'loss': 0.9818, 'grad_norm': 2.470769166946411, 'learning_rate': 9.98594785219871e-06, 'epoch': 0.05}
{'loss': 0.7982, 'grad_norm': 2.208493232727051, 'learning_rate': 9.985940061014087e-06, 'epoch': 0.05}
{'loss': 0.7209, 'grad_norm': 2.7299718856811523, 'learning_rate': 9.985932267673199e-06, 'epoch': 0.05}
{'loss': 0.9369, 'grad_norm': 2.8402674198150635, 'learning_rate': 9.985924472176051e-06, 'epoch': 0.05}
{'loss': 0.6948, 'grad_norm': 2.335644245147705, 'learning_rate': 9.985916674522647e-06, 'epoch': 0.05}
{'loss': 0.8812, 'grad_norm': 2.7563087940216064, 'learning_rate': 9.98590887471299e-06, 'epoch': 0.05}
{'loss': 0.8101, 'grad_norm': 2.2342324256896973, 'learning_rate': 9.985901072747082e-06, 'epoch': 0.05}
{'loss': 0.8218, 'grad_norm': 2.486265182495117, 'learning_rate': 9.985893268624927e-06, 'epoch': 0.05}
{'loss': 0.9283, 'grad_norm': 2.412449359893799, 'learning_rate': 9.98588546234653e-06, 'epoch': 0.05}
{'loss': 0.7661, 'grad_norm': 2.1536591053009033, 'learning_rate': 9.98587765391189e-06, 'epoch': 0.05}
{'loss': 0.6672, 'grad_norm': 2.3906822204589844, 'learning_rate': 9.985869843321017e-06, 'epoch': 0.05}
{'loss': 0.7376, 'grad_norm': 2.2017736434936523, 'learning_rate': 9.98586203057391e-06, 'epoch': 0.05}
{'loss': 0.8563, 'grad_norm': 2.366953134536743, 'learning_rate': 9.985854215670571e-06, 'epoch': 0.05}
{'loss': 1.0017, 'grad_norm': 2.450002908706665, 'learning_rate': 9.985846398611007e-06, 'epoch': 0.05}
{'loss': 1.012, 'grad_norm': 2.6689279079437256, 'learning_rate': 9.985838579395221e-06, 'epoch': 0.05}
{'loss': 0.69, 'grad_norm': 2.3614444732666016, 'learning_rate': 9.985830758023216e-06, 'epoch': 0.05}
{'loss': 0.9637, 'grad_norm': 2.539994239807129, 'learning_rate': 9.985822934494991e-06, 'epoch': 0.05}
{'loss': 0.9479, 'grad_norm': 2.6078569889068604, 'learning_rate': 9.985815108810557e-06, 'epoch': 0.05}
{'loss': 0.8824, 'grad_norm': 2.5784435272216797, 'learning_rate': 9.985807280969911e-06, 'epoch': 0.05}
{'loss': 0.9516, 'grad_norm': 2.3068480491638184, 'learning_rate': 9.985799450973061e-06, 'epoch': 0.05}
{'loss': 0.8443, 'grad_norm': 2.351191997528076, 'learning_rate': 9.985791618820007e-06, 'epoch': 0.05}
{'loss': 0.7222, 'grad_norm': 2.424508810043335, 'learning_rate': 9.985783784510752e-06, 'epoch': 0.05}
{'loss': 1.0506, 'grad_norm': 2.6381282806396484, 'learning_rate': 9.985775948045304e-06, 'epoch': 0.05}
{'loss': 0.8481, 'grad_norm': 2.5148346424102783, 'learning_rate': 9.985768109423661e-06, 'epoch': 0.05}
{'loss': 0.8749, 'grad_norm': 2.434199094772339, 'learning_rate': 9.985760268645831e-06, 'epoch': 0.05}
{'loss': 0.9913, 'grad_norm': 2.4971818923950195, 'learning_rate': 9.985752425711814e-06, 'epoch': 0.05}
{'loss': 0.8952, 'grad_norm': 2.7381513118743896, 'learning_rate': 9.985744580621614e-06, 'epoch': 0.05}
{'loss': 0.8162, 'grad_norm': 2.633913516998291, 'learning_rate': 9.985736733375237e-06, 'epoch': 0.05}
{'loss': 0.6923, 'grad_norm': 2.548189163208008, 'learning_rate': 9.985728883972682e-06, 'epoch': 0.05}
{'loss': 0.8362, 'grad_norm': 2.8723981380462646, 'learning_rate': 9.985721032413958e-06, 'epoch': 0.05}
{'loss': 0.8915, 'grad_norm': 2.521460771560669, 'learning_rate': 9.985713178699063e-06, 'epoch': 0.05}
{'loss': 0.851, 'grad_norm': 2.37066388130188, 'learning_rate': 9.985705322828002e-06, 'epoch': 0.05}
{'loss': 0.7729, 'grad_norm': 2.264089345932007, 'learning_rate': 9.98569746480078e-06, 'epoch': 0.05}
{'loss': 0.8868, 'grad_norm': 2.737393617630005, 'learning_rate': 9.9856896046174e-06, 'epoch': 0.05}
{'loss': 0.687, 'grad_norm': 2.469144582748413, 'learning_rate': 9.985681742277863e-06, 'epoch': 0.05}
{'loss': 0.9341, 'grad_norm': 2.5026135444641113, 'learning_rate': 9.985673877782176e-06, 'epoch': 0.05}
{'loss': 0.8046, 'grad_norm': 2.3216307163238525, 'learning_rate': 9.985666011130338e-06, 'epoch': 0.05}
{'loss': 0.888, 'grad_norm': 2.3881003856658936, 'learning_rate': 9.985658142322357e-06, 'epoch': 0.05}
{'loss': 1.0059, 'grad_norm': 2.5644752979278564, 'learning_rate': 9.985650271358234e-06, 'epoch': 0.05}
{'loss': 0.8908, 'grad_norm': 2.88149356842041, 'learning_rate': 9.985642398237974e-06, 'epoch': 0.05}
{'loss': 0.7961, 'grad_norm': 2.4999969005584717, 'learning_rate': 9.985634522961577e-06, 'epoch': 0.05}
{'loss': 0.8933, 'grad_norm': 2.5363078117370605, 'learning_rate': 9.98562664552905e-06, 'epoch': 0.05}
{'loss': 0.8905, 'grad_norm': 2.5041067600250244, 'learning_rate': 9.985618765940395e-06, 'epoch': 0.05}
{'loss': 0.6593, 'grad_norm': 2.2544853687286377, 'learning_rate': 9.985610884195614e-06, 'epoch': 0.05}
{'loss': 0.9837, 'grad_norm': 2.615281105041504, 'learning_rate': 9.985603000294713e-06, 'epoch': 0.05}
{'loss': 0.8854, 'grad_norm': 2.9072279930114746, 'learning_rate': 9.985595114237693e-06, 'epoch': 0.05}
{'loss': 0.7861, 'grad_norm': 2.4191808700561523, 'learning_rate': 9.98558722602456e-06, 'epoch': 0.05}
{'loss': 0.7678, 'grad_norm': 2.4635205268859863, 'learning_rate': 9.985579335655317e-06, 'epoch': 0.05}
{'loss': 0.7642, 'grad_norm': 2.312711715698242, 'learning_rate': 9.985571443129964e-06, 'epoch': 0.05}
{'loss': 1.0693, 'grad_norm': 3.085397958755493, 'learning_rate': 9.985563548448509e-06, 'epoch': 0.05}
{'loss': 0.8445, 'grad_norm': 2.525949239730835, 'learning_rate': 9.985555651610952e-06, 'epoch': 0.05}
{'loss': 0.8274, 'grad_norm': 2.742370843887329, 'learning_rate': 9.985547752617298e-06, 'epoch': 0.05}
{'loss': 0.7743, 'grad_norm': 2.434476375579834, 'learning_rate': 9.985539851467549e-06, 'epoch': 0.05}
{'loss': 1.1912, 'grad_norm': 2.7380197048187256, 'learning_rate': 9.985531948161711e-06, 'epoch': 0.05}
{'loss': 1.0267, 'grad_norm': 2.570936679840088, 'learning_rate': 9.985524042699787e-06, 'epoch': 0.05}
{'loss': 0.959, 'grad_norm': 2.429713010787964, 'learning_rate': 9.985516135081777e-06, 'epoch': 0.05}
{'loss': 0.8686, 'grad_norm': 2.5447871685028076, 'learning_rate': 9.985508225307689e-06, 'epoch': 0.05}
{'loss': 0.921, 'grad_norm': 2.247616767883301, 'learning_rate': 9.985500313377523e-06, 'epoch': 0.05}
{'loss': 0.7873, 'grad_norm': 2.2116267681121826, 'learning_rate': 9.985492399291283e-06, 'epoch': 0.05}
{'loss': 0.7509, 'grad_norm': 2.314223289489746, 'learning_rate': 9.985484483048974e-06, 'epoch': 0.05}
{'loss': 1.0518, 'grad_norm': 2.564000129699707, 'learning_rate': 9.985476564650598e-06, 'epoch': 0.05}
{'loss': 0.9142, 'grad_norm': 2.474519968032837, 'learning_rate': 9.985468644096159e-06, 'epoch': 0.05}
{'loss': 1.0559, 'grad_norm': 2.616820812225342, 'learning_rate': 9.98546072138566e-06, 'epoch': 0.05}
{'loss': 0.8722, 'grad_norm': 2.4190940856933594, 'learning_rate': 9.985452796519106e-06, 'epoch': 0.05}
{'loss': 0.8482, 'grad_norm': 2.822333574295044, 'learning_rate': 9.9854448694965e-06, 'epoch': 0.05}
[09:06:42.195957] Error: Error reading OpenGVLab/stage2/OpenMMLab___Kinetics-400/raw/Kinetics-400/videos_train/sjexRQqu0Cc.mp4...
[09:06:42.196009] Failed to read video file: OpenGVLab/stage2/OpenMMLab___Kinetics-400/raw/Kinetics-400/videos_train/sjexRQqu0Cc.mp4
[09:06:42.196028] [Try #0] Failed to fetch sample 3873943. Exception: Error reading OpenGVLab/stage2/OpenMMLab___Kinetics-400/raw/Kinetics-400/videos_train/sjexRQqu0Cc.mp4...
[09:06:43.197412] Error: Error reading OpenGVLab/stage2/OpenMMLab___Kinetics-400/raw/Kinetics-400/videos_train/sjexRQqu0Cc.mp4...
[09:06:43.197468] Failed to read video file: OpenGVLab/stage2/OpenMMLab___Kinetics-400/raw/Kinetics-400/videos_train/sjexRQqu0Cc.mp4
[09:06:43.197486] [Try #1] Failed to fetch sample 3873943. Exception: Error reading OpenGVLab/stage2/OpenMMLab___Kinetics-400/raw/Kinetics-400/videos_train/sjexRQqu0Cc.mp4...
{'loss': 0.6258, 'grad_norm': 2.3280863761901855, 'learning_rate': 9.985436940317842e-06, 'epoch': 0.05}
{'loss': 0.9122, 'grad_norm': 2.6556174755096436, 'learning_rate': 9.985429008983139e-06, 'epoch': 0.05}
{'loss': 0.9192, 'grad_norm': 2.4862637519836426, 'learning_rate': 9.985421075492394e-06, 'epoch': 0.05}
{'loss': 0.7208, 'grad_norm': 2.0894594192504883, 'learning_rate': 9.985413139845609e-06, 'epoch': 0.05}
{'loss': 0.797, 'grad_norm': 2.3488881587982178, 'learning_rate': 9.985405202042789e-06, 'epoch': 0.05}
{'loss': 0.8516, 'grad_norm': 2.2494280338287354, 'learning_rate': 9.985397262083936e-06, 'epoch': 0.05}
{'loss': 0.8393, 'grad_norm': 2.282276153564453, 'learning_rate': 9.985389319969055e-06, 'epoch': 0.05}
{'loss': 1.0269, 'grad_norm': 2.2688143253326416, 'learning_rate': 9.985381375698149e-06, 'epoch': 0.05}
{'loss': 0.8408, 'grad_norm': 2.6078951358795166, 'learning_rate': 9.98537342927122e-06, 'epoch': 0.05}
{'loss': 0.7369, 'grad_norm': 2.4177398681640625, 'learning_rate': 9.985365480688272e-06, 'epoch': 0.05}
{'loss': 0.6955, 'grad_norm': 2.3007476329803467, 'learning_rate': 9.985357529949311e-06, 'epoch': 0.05}
{'loss': 1.0149, 'grad_norm': 2.485912322998047, 'learning_rate': 9.985349577054338e-06, 'epoch': 0.05}
{'loss': 1.0078, 'grad_norm': 2.6760828495025635, 'learning_rate': 9.985341622003355e-06, 'epoch': 0.05}
{'loss': 0.7775, 'grad_norm': 2.412936210632324, 'learning_rate': 9.985333664796368e-06, 'epoch': 0.05}
{'loss': 1.2189, 'grad_norm': 3.088075637817383, 'learning_rate': 9.985325705433381e-06, 'epoch': 0.05}
{'loss': 0.7892, 'grad_norm': 2.216417074203491, 'learning_rate': 9.985317743914396e-06, 'epoch': 0.05}
{'loss': 1.045, 'grad_norm': 2.9637622833251953, 'learning_rate': 9.985309780239416e-06, 'epoch': 0.05}
{'loss': 0.7494, 'grad_norm': 2.5935654640197754, 'learning_rate': 9.985301814408443e-06, 'epoch': 0.05}
{'loss': 1.0041, 'grad_norm': 2.6403720378875732, 'learning_rate': 9.985293846421486e-06, 'epoch': 0.05}
{'loss': 0.9649, 'grad_norm': 2.5724680423736572, 'learning_rate': 9.985285876278543e-06, 'epoch': 0.05}
{'loss': 0.6918, 'grad_norm': 2.203371286392212, 'learning_rate': 9.98527790397962e-06, 'epoch': 0.05}
{'loss': 0.8334, 'grad_norm': 2.598452568054199, 'learning_rate': 9.98526992952472e-06, 'epoch': 0.05}
{'loss': 0.9462, 'grad_norm': 2.5755879878997803, 'learning_rate': 9.985261952913845e-06, 'epoch': 0.05}
{'loss': 0.8339, 'grad_norm': 2.37469220161438, 'learning_rate': 9.985253974147e-06, 'epoch': 0.05}
{'loss': 0.8667, 'grad_norm': 2.535705327987671, 'learning_rate': 9.985245993224188e-06, 'epoch': 0.05}
{'loss': 0.9141, 'grad_norm': 2.6989359855651855, 'learning_rate': 9.985238010145415e-06, 'epoch': 0.05}
{'loss': 1.0199, 'grad_norm': 2.4887542724609375, 'learning_rate': 9.98523002491068e-06, 'epoch': 0.05}
{'loss': 1.1048, 'grad_norm': 2.837979316711426, 'learning_rate': 9.985222037519988e-06, 'epoch': 0.05}
{'loss': 0.9518, 'grad_norm': 2.513300657272339, 'learning_rate': 9.985214047973345e-06, 'epoch': 0.05}
{'loss': 0.9848, 'grad_norm': 2.640228033065796, 'learning_rate': 9.98520605627075e-06, 'epoch': 0.05}
{'loss': 1.0335, 'grad_norm': 2.6850597858428955, 'learning_rate': 9.985198062412212e-06, 'epoch': 0.05}
{'loss': 0.9481, 'grad_norm': 2.5851798057556152, 'learning_rate': 9.98519006639773e-06, 'epoch': 0.05}
{'loss': 0.9954, 'grad_norm': 2.6479361057281494, 'learning_rate': 9.985182068227308e-06, 'epoch': 0.05}
{'loss': 0.7129, 'grad_norm': 2.1533496379852295, 'learning_rate': 9.98517406790095e-06, 'epoch': 0.05}
{'loss': 0.945, 'grad_norm': 2.6595020294189453, 'learning_rate': 9.985166065418661e-06, 'epoch': 0.05}
{'loss': 0.6348, 'grad_norm': 2.2329869270324707, 'learning_rate': 9.985158060780442e-06, 'epoch': 0.05}
{'loss': 0.8927, 'grad_norm': 2.8740124702453613, 'learning_rate': 9.9851500539863e-06, 'epoch': 0.05}
{'loss': 0.9615, 'grad_norm': 2.75551176071167, 'learning_rate': 9.985142045036232e-06, 'epoch': 0.05}
{'loss': 1.0247, 'grad_norm': 2.546499013900757, 'learning_rate': 9.985134033930248e-06, 'epoch': 0.05}
{'loss': 0.9782, 'grad_norm': 2.4211974143981934, 'learning_rate': 9.985126020668349e-06, 'epoch': 0.05}
{'loss': 0.8207, 'grad_norm': 2.576907157897949, 'learning_rate': 9.985118005250538e-06, 'epoch': 0.05}
{'loss': 0.8025, 'grad_norm': 2.528689384460449, 'learning_rate': 9.98510998767682e-06, 'epoch': 0.05}
{'loss': 0.8957, 'grad_norm': 2.475255250930786, 'learning_rate': 9.985101967947197e-06, 'epoch': 0.05}
{'loss': 1.1311, 'grad_norm': 2.7524092197418213, 'learning_rate': 9.985093946061673e-06, 'epoch': 0.05}
{'loss': 0.8682, 'grad_norm': 2.529003858566284, 'learning_rate': 9.985085922020252e-06, 'epoch': 0.05}
{'loss': 0.7172, 'grad_norm': 2.3424506187438965, 'learning_rate': 9.985077895822935e-06, 'epoch': 0.05}
{'loss': 0.9388, 'grad_norm': 2.3652637004852295, 'learning_rate': 9.985069867469728e-06, 'epoch': 0.05}
{'loss': 1.1015, 'grad_norm': 2.755194902420044, 'learning_rate': 9.985061836960635e-06, 'epoch': 0.05}
{'loss': 0.752, 'grad_norm': 2.091109275817871, 'learning_rate': 9.985053804295656e-06, 'epoch': 0.05}
{'loss': 0.8763, 'grad_norm': 2.660963773727417, 'learning_rate': 9.985045769474799e-06, 'epoch': 0.05}
{'loss': 1.1867, 'grad_norm': 2.5113704204559326, 'learning_rate': 9.985037732498065e-06, 'epoch': 0.05}
{'loss': 0.8791, 'grad_norm': 2.5382912158966064, 'learning_rate': 9.985029693365456e-06, 'epoch': 0.05}
{'loss': 0.7009, 'grad_norm': 2.232971429824829, 'learning_rate': 9.985021652076979e-06, 'epoch': 0.05}
{'loss': 0.8956, 'grad_norm': 2.3732783794403076, 'learning_rate': 9.985013608632635e-06, 'epoch': 0.05}
{'loss': 0.8748, 'grad_norm': 2.567026138305664, 'learning_rate': 9.985005563032428e-06, 'epoch': 0.05}
{'loss': 1.0928, 'grad_norm': 2.6529557704925537, 'learning_rate': 9.984997515276361e-06, 'epoch': 0.05}
{'loss': 0.7288, 'grad_norm': 2.3762736320495605, 'learning_rate': 9.984989465364438e-06, 'epoch': 0.05}
{'loss': 0.8452, 'grad_norm': 2.5331413745880127, 'learning_rate': 9.984981413296663e-06, 'epoch': 0.05}
{'loss': 0.892, 'grad_norm': 4.795586109161377, 'learning_rate': 9.984973359073041e-06, 'epoch': 0.05}
{'loss': 1.0354, 'grad_norm': 2.5422005653381348, 'learning_rate': 9.98496530269357e-06, 'epoch': 0.05}
{'loss': 0.7367, 'grad_norm': 2.403604030609131, 'learning_rate': 9.98495724415826e-06, 'epoch': 0.05}
{'loss': 0.665, 'grad_norm': 2.43743896484375, 'learning_rate': 9.98494918346711e-06, 'epoch': 0.05}
{'loss': 0.8631, 'grad_norm': 2.508641242980957, 'learning_rate': 9.984941120620126e-06, 'epoch': 0.05}
{'loss': 0.8486, 'grad_norm': 2.340301513671875, 'learning_rate': 9.98493305561731e-06, 'epoch': 0.05}
{'loss': 0.719, 'grad_norm': 2.205353021621704, 'learning_rate': 9.984924988458664e-06, 'epoch': 0.05}
{'loss': 0.8723, 'grad_norm': 2.5352978706359863, 'learning_rate': 9.984916919144196e-06, 'epoch': 0.05}
{'loss': 0.8123, 'grad_norm': 2.4500296115875244, 'learning_rate': 9.984908847673906e-06, 'epoch': 0.05}
{'loss': 0.7551, 'grad_norm': 2.340367555618286, 'learning_rate': 9.9849007740478e-06, 'epoch': 0.05}
{'loss': 0.8015, 'grad_norm': 2.3162484169006348, 'learning_rate': 9.984892698265877e-06, 'epoch': 0.05}
{'loss': 0.7523, 'grad_norm': 2.2562029361724854, 'learning_rate': 9.984884620328146e-06, 'epoch': 0.05}
{'loss': 1.0307, 'grad_norm': 2.613260269165039, 'learning_rate': 9.984876540234606e-06, 'epoch': 0.05}
{'loss': 1.0321, 'grad_norm': 2.5571205615997314, 'learning_rate': 9.984868457985264e-06, 'epoch': 0.05}
{'loss': 0.9919, 'grad_norm': 2.440580129623413, 'learning_rate': 9.984860373580121e-06, 'epoch': 0.05}
{'loss': 0.9244, 'grad_norm': 2.3619706630706787, 'learning_rate': 9.98485228701918e-06, 'epoch': 0.05}
{'loss': 0.9299, 'grad_norm': 2.907761812210083, 'learning_rate': 9.984844198302448e-06, 'epoch': 0.05}
{'loss': 0.8053, 'grad_norm': 2.481975555419922, 'learning_rate': 9.984836107429925e-06, 'epoch': 0.05}
{'loss': 0.9521, 'grad_norm': 2.4839749336242676, 'learning_rate': 9.984828014401618e-06, 'epoch': 0.05}
{'loss': 0.7669, 'grad_norm': 2.3428564071655273, 'learning_rate': 9.984819919217527e-06, 'epoch': 0.05}
{'loss': 0.8997, 'grad_norm': 2.467970371246338, 'learning_rate': 9.984811821877656e-06, 'epoch': 0.05}
{'loss': 0.9108, 'grad_norm': 2.414093494415283, 'learning_rate': 9.984803722382011e-06, 'epoch': 0.05}
{'loss': 1.3138, 'grad_norm': 2.627049684524536, 'learning_rate': 9.984795620730593e-06, 'epoch': 0.05}
{'loss': 0.8166, 'grad_norm': 2.436541795730591, 'learning_rate': 9.984787516923407e-06, 'epoch': 0.05}
{'loss': 0.7626, 'grad_norm': 2.2292635440826416, 'learning_rate': 9.984779410960454e-06, 'epoch': 0.05}
{'loss': 0.9474, 'grad_norm': 2.3208377361297607, 'learning_rate': 9.984771302841743e-06, 'epoch': 0.05}
{'loss': 0.8621, 'grad_norm': 2.316869020462036, 'learning_rate': 9.98476319256727e-06, 'epoch': 0.05}
{'loss': 0.7018, 'grad_norm': 2.1328954696655273, 'learning_rate': 9.984755080137045e-06, 'epoch': 0.05}
{'loss': 0.9453, 'grad_norm': 2.366708278656006, 'learning_rate': 9.984746965551068e-06, 'epoch': 0.05}
{'loss': 0.9923, 'grad_norm': 2.3796212673187256, 'learning_rate': 9.984738848809343e-06, 'epoch': 0.05}
{'loss': 0.76, 'grad_norm': 2.424454927444458, 'learning_rate': 9.984730729911875e-06, 'epoch': 0.05}
{'loss': 0.8615, 'grad_norm': 2.5170774459838867, 'learning_rate': 9.984722608858666e-06, 'epoch': 0.05}
{'loss': 1.0819, 'grad_norm': 2.6527926921844482, 'learning_rate': 9.98471448564972e-06, 'epoch': 0.05}
{'loss': 0.7455, 'grad_norm': 2.241987705230713, 'learning_rate': 9.98470636028504e-06, 'epoch': 0.05}
{'loss': 0.8092, 'grad_norm': 2.438508987426758, 'learning_rate': 9.984698232764631e-06, 'epoch': 0.05}
{'loss': 0.8982, 'grad_norm': 2.4885752201080322, 'learning_rate': 9.984690103088494e-06, 'epoch': 0.05}
{'loss': 0.7876, 'grad_norm': 2.379424571990967, 'learning_rate': 9.984681971256635e-06, 'epoch': 0.05}
{'loss': 0.7749, 'grad_norm': 2.4752297401428223, 'learning_rate': 9.984673837269057e-06, 'epoch': 0.05}
{'loss': 0.9026, 'grad_norm': 2.263885498046875, 'learning_rate': 9.984665701125763e-06, 'epoch': 0.05}
{'loss': 0.8174, 'grad_norm': 2.3951709270477295, 'learning_rate': 9.984657562826756e-06, 'epoch': 0.05}
{'loss': 0.8266, 'grad_norm': 2.557033061981201, 'learning_rate': 9.98464942237204e-06, 'epoch': 0.05}
{'loss': 0.8101, 'grad_norm': 2.5833332538604736, 'learning_rate': 9.98464127976162e-06, 'epoch': 0.05}
{'loss': 0.5778, 'grad_norm': 1.7339239120483398, 'learning_rate': 9.984633134995496e-06, 'epoch': 0.05}
{'loss': 0.7773, 'grad_norm': 2.4723212718963623, 'learning_rate': 9.984624988073674e-06, 'epoch': 0.05}
{'loss': 0.8168, 'grad_norm': 2.425633668899536, 'learning_rate': 9.984616838996158e-06, 'epoch': 0.05}
{'loss': 0.8249, 'grad_norm': 2.6566951274871826, 'learning_rate': 9.984608687762951e-06, 'epoch': 0.05}
{'loss': 0.686, 'grad_norm': 2.3943779468536377, 'learning_rate': 9.984600534374056e-06, 'epoch': 0.05}
{'loss': 0.9836, 'grad_norm': 2.660691976547241, 'learning_rate': 9.984592378829476e-06, 'epoch': 0.05}
{'loss': 0.7094, 'grad_norm': 2.473771810531616, 'learning_rate': 9.984584221129217e-06, 'epoch': 0.05}
{'loss': 0.8294, 'grad_norm': 2.796694040298462, 'learning_rate': 9.98457606127328e-06, 'epoch': 0.05}
{'loss': 0.8577, 'grad_norm': 2.480940341949463, 'learning_rate': 9.984567899261669e-06, 'epoch': 0.05}
{'loss': 0.7034, 'grad_norm': 1.7089678049087524, 'learning_rate': 9.984559735094386e-06, 'epoch': 0.05}
{'loss': 0.7713, 'grad_norm': 2.408306121826172, 'learning_rate': 9.984551568771438e-06, 'epoch': 0.05}
{'loss': 0.8384, 'grad_norm': 2.2955539226531982, 'learning_rate': 9.98454340029283e-06, 'epoch': 0.05}
{'loss': 0.8281, 'grad_norm': 2.349855422973633, 'learning_rate': 9.984535229658558e-06, 'epoch': 0.05}
{'loss': 0.882, 'grad_norm': 2.2211291790008545, 'learning_rate': 9.984527056868631e-06, 'epoch': 0.05}
{'loss': 0.8882, 'grad_norm': 2.5231173038482666, 'learning_rate': 9.984518881923053e-06, 'epoch': 0.05}
{'loss': 0.959, 'grad_norm': 2.7879767417907715, 'learning_rate': 9.984510704821826e-06, 'epoch': 0.05}
{'loss': 0.7769, 'grad_norm': 2.4895877838134766, 'learning_rate': 9.984502525564951e-06, 'epoch': 0.05}
{'loss': 1.1069, 'grad_norm': 3.020350694656372, 'learning_rate': 9.984494344152439e-06, 'epoch': 0.05}
{'loss': 0.7544, 'grad_norm': 2.6473653316497803, 'learning_rate': 9.984486160584285e-06, 'epoch': 0.05}
{'loss': 0.9346, 'grad_norm': 2.3061583042144775, 'learning_rate': 9.984477974860496e-06, 'epoch': 0.05}
{'loss': 0.8884, 'grad_norm': 2.62595272064209, 'learning_rate': 9.984469786981077e-06, 'epoch': 0.05}
{'loss': 1.0151, 'grad_norm': 2.4847171306610107, 'learning_rate': 9.984461596946032e-06, 'epoch': 0.05}
{'loss': 0.9678, 'grad_norm': 2.346012830734253, 'learning_rate': 9.98445340475536e-06, 'epoch': 0.05}
{'loss': 0.8065, 'grad_norm': 2.4518375396728516, 'learning_rate': 9.984445210409068e-06, 'epoch': 0.05}
{'loss': 0.7452, 'grad_norm': 2.206115484237671, 'learning_rate': 9.98443701390716e-06, 'epoch': 0.05}
{'loss': 0.8297, 'grad_norm': 2.654226779937744, 'learning_rate': 9.984428815249637e-06, 'epoch': 0.05}
{'loss': 0.8395, 'grad_norm': 2.7027738094329834, 'learning_rate': 9.984420614436506e-06, 'epoch': 0.05}
{'loss': 0.7466, 'grad_norm': 2.331265926361084, 'learning_rate': 9.984412411467765e-06, 'epoch': 0.05}
{'loss': 0.7085, 'grad_norm': 2.2702221870422363, 'learning_rate': 9.984404206343426e-06, 'epoch': 0.05}
{'loss': 0.748, 'grad_norm': 2.303460121154785, 'learning_rate': 9.984395999063483e-06, 'epoch': 0.05}
{'loss': 0.7516, 'grad_norm': 2.441014528274536, 'learning_rate': 9.984387789627947e-06, 'epoch': 0.05}
{'loss': 0.7861, 'grad_norm': 2.2712035179138184, 'learning_rate': 9.984379578036818e-06, 'epoch': 0.05}
{'loss': 0.8375, 'grad_norm': 2.577023983001709, 'learning_rate': 9.984371364290102e-06, 'epoch': 0.05}
{'loss': 0.9767, 'grad_norm': 2.5019779205322266, 'learning_rate': 9.984363148387798e-06, 'epoch': 0.05}
{'loss': 0.976, 'grad_norm': 2.5595457553863525, 'learning_rate': 9.984354930329913e-06, 'epoch': 0.05}
{'loss': 0.9328, 'grad_norm': 2.816190481185913, 'learning_rate': 9.984346710116452e-06, 'epoch': 0.05}
{'loss': 0.7441, 'grad_norm': 2.4110310077667236, 'learning_rate': 9.984338487747415e-06, 'epoch': 0.05}
{'loss': 0.7501, 'grad_norm': 2.3747763633728027, 'learning_rate': 9.984330263222807e-06, 'epoch': 0.05}
{'loss': 0.8399, 'grad_norm': 2.3542988300323486, 'learning_rate': 9.984322036542633e-06, 'epoch': 0.05}
{'loss': 0.934, 'grad_norm': 2.21940541267395, 'learning_rate': 9.984313807706894e-06, 'epoch': 0.05}
{'loss': 0.6682, 'grad_norm': 2.1116650104522705, 'learning_rate': 9.984305576715593e-06, 'epoch': 0.05}
{'loss': 0.7828, 'grad_norm': 2.7211947441101074, 'learning_rate': 9.984297343568739e-06, 'epoch': 0.05}
{'loss': 1.0276, 'grad_norm': 2.6874449253082275, 'learning_rate': 9.98428910826633e-06, 'epoch': 0.05}
{'loss': 0.7657, 'grad_norm': 2.3026082515716553, 'learning_rate': 9.984280870808372e-06, 'epoch': 0.05}
{'loss': 1.1506, 'grad_norm': 2.8601653575897217, 'learning_rate': 9.984272631194866e-06, 'epoch': 0.05}
{'loss': 0.8138, 'grad_norm': 2.4188878536224365, 'learning_rate': 9.98426438942582e-06, 'epoch': 0.05}
{'loss': 0.8016, 'grad_norm': 2.5195822715759277, 'learning_rate': 9.984256145501234e-06, 'epoch': 0.05}
{'loss': 0.8433, 'grad_norm': 2.3743038177490234, 'learning_rate': 9.984247899421114e-06, 'epoch': 0.05}
{'loss': 1.1272, 'grad_norm': 2.657028913497925, 'learning_rate': 9.98423965118546e-06, 'epoch': 0.05}
{'loss': 0.9364, 'grad_norm': 3.0639922618865967, 'learning_rate': 9.984231400794281e-06, 'epoch': 0.05}
{'loss': 0.8834, 'grad_norm': 2.6828718185424805, 'learning_rate': 9.984223148247576e-06, 'epoch': 0.05}
{'loss': 0.702, 'grad_norm': 2.5196056365966797, 'learning_rate': 9.98421489354535e-06, 'epoch': 0.05}
{'loss': 0.8956, 'grad_norm': 2.4863598346710205, 'learning_rate': 9.984206636687605e-06, 'epoch': 0.05}
{'loss': 1.0659, 'grad_norm': 2.493502616882324, 'learning_rate': 9.984198377674347e-06, 'epoch': 0.05}
{'loss': 0.76, 'grad_norm': 2.290189504623413, 'learning_rate': 9.984190116505578e-06, 'epoch': 0.05}
{'loss': 0.8533, 'grad_norm': 2.2533695697784424, 'learning_rate': 9.984181853181303e-06, 'epoch': 0.05}
{'loss': 0.9485, 'grad_norm': 2.9278182983398438, 'learning_rate': 9.984173587701526e-06, 'epoch': 0.05}
{'loss': 0.8522, 'grad_norm': 2.5896873474121094, 'learning_rate': 9.984165320066249e-06, 'epoch': 0.05}
{'loss': 0.9127, 'grad_norm': 2.5636327266693115, 'learning_rate': 9.984157050275475e-06, 'epoch': 0.05}
{'loss': 0.9676, 'grad_norm': 2.725034713745117, 'learning_rate': 9.984148778329208e-06, 'epoch': 0.05}
{'loss': 0.9777, 'grad_norm': 2.5438473224639893, 'learning_rate': 9.984140504227452e-06, 'epoch': 0.05}
{'loss': 0.7892, 'grad_norm': 2.3535141944885254, 'learning_rate': 9.984132227970214e-06, 'epoch': 0.05}
{'loss': 0.9063, 'grad_norm': 2.506117105484009, 'learning_rate': 9.984123949557491e-06, 'epoch': 0.05}
{'loss': 0.7741, 'grad_norm': 2.402984619140625, 'learning_rate': 9.98411566898929e-06, 'epoch': 0.05}
{'loss': 0.8928, 'grad_norm': 2.3223581314086914, 'learning_rate': 9.984107386265617e-06, 'epoch': 0.05}
{'loss': 0.936, 'grad_norm': 2.557511806488037, 'learning_rate': 9.984099101386471e-06, 'epoch': 0.05}
{'loss': 0.9658, 'grad_norm': 2.689774513244629, 'learning_rate': 9.984090814351859e-06, 'epoch': 0.05}
{'loss': 0.7968, 'grad_norm': 2.1917459964752197, 'learning_rate': 9.984082525161781e-06, 'epoch': 0.05}
{'loss': 1.0813, 'grad_norm': 2.610712766647339, 'learning_rate': 9.984074233816244e-06, 'epoch': 0.05}
{'loss': 0.9201, 'grad_norm': 2.591599225997925, 'learning_rate': 9.98406594031525e-06, 'epoch': 0.05}
[09:37:23.815088] Error: Error reading OpenGVLab/stage2/OpenMMLab___Kinetics-400/raw/Kinetics-400/videos_train/OWORbCxUr1s.mp4...
[09:37:23.815137] Failed to read video file: OpenGVLab/stage2/OpenMMLab___Kinetics-400/raw/Kinetics-400/videos_train/OWORbCxUr1s.mp4
[09:37:23.815151] [Try #0] Failed to fetch sample 3764578. Exception: Error reading OpenGVLab/stage2/OpenMMLab___Kinetics-400/raw/Kinetics-400/videos_train/OWORbCxUr1s.mp4...
[09:37:24.816488] Error: Error reading OpenGVLab/stage2/OpenMMLab___Kinetics-400/raw/Kinetics-400/videos_train/OWORbCxUr1s.mp4...
[09:37:24.816542] Failed to read video file: OpenGVLab/stage2/OpenMMLab___Kinetics-400/raw/Kinetics-400/videos_train/OWORbCxUr1s.mp4
[09:37:24.816557] [Try #1] Failed to fetch sample 3764578. Exception: Error reading OpenGVLab/stage2/OpenMMLab___Kinetics-400/raw/Kinetics-400/videos_train/OWORbCxUr1s.mp4...
{'loss': 0.7795, 'grad_norm': 2.43881893157959, 'learning_rate': 9.984057644658804e-06, 'epoch': 0.05}
{'loss': 0.8347, 'grad_norm': 2.358487367630005, 'learning_rate': 9.984049346846907e-06, 'epoch': 0.05}
{'loss': 0.8898, 'grad_norm': 2.2344954013824463, 'learning_rate': 9.984041046879567e-06, 'epoch': 0.05}
{'loss': 0.7714, 'grad_norm': 2.3895106315612793, 'learning_rate': 9.984032744756782e-06, 'epoch': 0.05}
{'loss': 0.7968, 'grad_norm': 2.479649782180786, 'learning_rate': 9.98402444047856e-06, 'epoch': 0.05}
{'loss': 0.7771, 'grad_norm': 2.536729097366333, 'learning_rate': 9.9840161340449e-06, 'epoch': 0.05}
{'loss': 0.8112, 'grad_norm': 2.4250071048736572, 'learning_rate': 9.984007825455812e-06, 'epoch': 0.05}
{'loss': 0.8576, 'grad_norm': 2.675427198410034, 'learning_rate': 9.983999514711294e-06, 'epoch': 0.05}
{'loss': 0.7563, 'grad_norm': 2.264025926589966, 'learning_rate': 9.983991201811351e-06, 'epoch': 0.05}
{'loss': 0.7558, 'grad_norm': 2.3449153900146484, 'learning_rate': 9.98398288675599e-06, 'epoch': 0.05}
{'loss': 0.814, 'grad_norm': 2.357038736343384, 'learning_rate': 9.98397456954521e-06, 'epoch': 0.05}
{'loss': 0.7999, 'grad_norm': 2.24521541595459, 'learning_rate': 9.983966250179018e-06, 'epoch': 0.05}
{'loss': 1.0052, 'grad_norm': 2.8224949836730957, 'learning_rate': 9.983957928657415e-06, 'epoch': 0.05}
{'loss': 0.7698, 'grad_norm': 2.387608289718628, 'learning_rate': 9.983949604980404e-06, 'epoch': 0.05}
{'loss': 0.7184, 'grad_norm': 2.3072376251220703, 'learning_rate': 9.983941279147993e-06, 'epoch': 0.05}
{'loss': 0.838, 'grad_norm': 2.695406198501587, 'learning_rate': 9.983932951160182e-06, 'epoch': 0.05}
{'loss': 0.8121, 'grad_norm': 2.5230488777160645, 'learning_rate': 9.983924621016974e-06, 'epoch': 0.05}
{'loss': 1.0484, 'grad_norm': 2.4596011638641357, 'learning_rate': 9.983916288718376e-06, 'epoch': 0.05}
{'loss': 0.818, 'grad_norm': 2.3178162574768066, 'learning_rate': 9.98390795426439e-06, 'epoch': 0.05}
{'loss': 0.9607, 'grad_norm': 2.426557779312134, 'learning_rate': 9.983899617655017e-06, 'epoch': 0.05}
{'loss': 0.8958, 'grad_norm': 2.715766668319702, 'learning_rate': 9.983891278890265e-06, 'epoch': 0.05}
{'loss': 0.8788, 'grad_norm': 2.546126127243042, 'learning_rate': 9.983882937970134e-06, 'epoch': 0.05}
{'loss': 0.7967, 'grad_norm': 2.275864601135254, 'learning_rate': 9.983874594894629e-06, 'epoch': 0.05}
{'loss': 0.9054, 'grad_norm': 2.6326792240142822, 'learning_rate': 9.983866249663755e-06, 'epoch': 0.05}
{'loss': 0.8987, 'grad_norm': 2.3579487800598145, 'learning_rate': 9.983857902277514e-06, 'epoch': 0.05}
{'loss': 0.9459, 'grad_norm': 2.746788263320923, 'learning_rate': 9.983849552735908e-06, 'epoch': 0.05}
{'loss': 0.799, 'grad_norm': 2.399561643600464, 'learning_rate': 9.983841201038946e-06, 'epoch': 0.05}
{'loss': 0.8935, 'grad_norm': 2.6478054523468018, 'learning_rate': 9.983832847186626e-06, 'epoch': 0.05}
{'loss': 0.7703, 'grad_norm': 3.5178067684173584, 'learning_rate': 9.983824491178954e-06, 'epoch': 0.05}
{'loss': 1.0415, 'grad_norm': 2.578512668609619, 'learning_rate': 9.983816133015933e-06, 'epoch': 0.05}
{'loss': 0.9731, 'grad_norm': 2.5038421154022217, 'learning_rate': 9.98380777269757e-06, 'epoch': 0.05}
{'loss': 0.8205, 'grad_norm': 2.5286285877227783, 'learning_rate': 9.983799410223862e-06, 'epoch': 0.05}
{'loss': 0.9104, 'grad_norm': 2.5103557109832764, 'learning_rate': 9.983791045594817e-06, 'epoch': 0.05}
{'loss': 0.8505, 'grad_norm': 2.515230417251587, 'learning_rate': 9.983782678810439e-06, 'epoch': 0.05}
{'loss': 1.0454, 'grad_norm': 2.628718614578247, 'learning_rate': 9.983774309870729e-06, 'epoch': 0.05}
{'loss': 0.7705, 'grad_norm': 2.490302324295044, 'learning_rate': 9.983765938775692e-06, 'epoch': 0.05}
{'loss': 0.8739, 'grad_norm': 3.4064016342163086, 'learning_rate': 9.983757565525333e-06, 'epoch': 0.05}
{'loss': 0.9603, 'grad_norm': 2.4680559635162354, 'learning_rate': 9.983749190119653e-06, 'epoch': 0.05}
{'loss': 0.9078, 'grad_norm': 2.3844714164733887, 'learning_rate': 9.983740812558659e-06, 'epoch': 0.05}
{'loss': 0.9777, 'grad_norm': 2.981874942779541, 'learning_rate': 9.98373243284235e-06, 'epoch': 0.05}
{'loss': 1.0859, 'grad_norm': 2.6202666759490967, 'learning_rate': 9.983724050970734e-06, 'epoch': 0.05}
{'loss': 0.939, 'grad_norm': 2.715271472930908, 'learning_rate': 9.983715666943812e-06, 'epoch': 0.05}
{'loss': 0.8334, 'grad_norm': 2.4701266288757324, 'learning_rate': 9.98370728076159e-06, 'epoch': 0.05}
{'loss': 0.7723, 'grad_norm': 2.1872920989990234, 'learning_rate': 9.983698892424067e-06, 'epoch': 0.05}
{'loss': 0.7726, 'grad_norm': 1.9615827798843384, 'learning_rate': 9.983690501931252e-06, 'epoch': 0.05}
{'loss': 0.7497, 'grad_norm': 2.6040561199188232, 'learning_rate': 9.983682109283145e-06, 'epoch': 0.05}
{'loss': 0.8368, 'grad_norm': 2.4723236560821533, 'learning_rate': 9.983673714479753e-06, 'epoch': 0.05}
{'loss': 1.0762, 'grad_norm': 2.7187438011169434, 'learning_rate': 9.983665317521076e-06, 'epoch': 0.05}
{'loss': 0.9503, 'grad_norm': 2.5433149337768555, 'learning_rate': 9.98365691840712e-06, 'epoch': 0.05}
{'loss': 0.9579, 'grad_norm': 2.7310640811920166, 'learning_rate': 9.983648517137887e-06, 'epoch': 0.05}
{'loss': 1.0414, 'grad_norm': 2.6223394870758057, 'learning_rate': 9.983640113713382e-06, 'epoch': 0.05}
{'loss': 0.8967, 'grad_norm': 2.4208316802978516, 'learning_rate': 9.983631708133608e-06, 'epoch': 0.05}
{'loss': 0.6412, 'grad_norm': 2.1773948669433594, 'learning_rate': 9.98362330039857e-06, 'epoch': 0.06}
{'loss': 0.7955, 'grad_norm': 2.2840962409973145, 'learning_rate': 9.983614890508269e-06, 'epoch': 0.06}
{'loss': 0.8874, 'grad_norm': 2.417727470397949, 'learning_rate': 9.98360647846271e-06, 'epoch': 0.06}
{'loss': 0.9262, 'grad_norm': 2.6538219451904297, 'learning_rate': 9.983598064261896e-06, 'epoch': 0.06}
{'loss': 0.8684, 'grad_norm': 2.365638256072998, 'learning_rate': 9.983589647905832e-06, 'epoch': 0.06}
{'loss': 0.836, 'grad_norm': 2.6683008670806885, 'learning_rate': 9.983581229394522e-06, 'epoch': 0.06}
{'loss': 0.7743, 'grad_norm': 2.423002243041992, 'learning_rate': 9.983572808727968e-06, 'epoch': 0.06}
{'loss': 0.8772, 'grad_norm': 2.625171661376953, 'learning_rate': 9.983564385906173e-06, 'epoch': 0.06}
{'loss': 0.7479, 'grad_norm': 2.3045592308044434, 'learning_rate': 9.983555960929143e-06, 'epoch': 0.06}
{'loss': 0.7306, 'grad_norm': 2.538821220397949, 'learning_rate': 9.98354753379688e-06, 'epoch': 0.06}
{'loss': 1.1264, 'grad_norm': 2.787266254425049, 'learning_rate': 9.983539104509388e-06, 'epoch': 0.06}
{'loss': 0.7354, 'grad_norm': 2.2009260654449463, 'learning_rate': 9.983530673066673e-06, 'epoch': 0.06}
{'loss': 0.917, 'grad_norm': 2.636478900909424, 'learning_rate': 9.983522239468734e-06, 'epoch': 0.06}
{'loss': 0.8081, 'grad_norm': 2.3646631240844727, 'learning_rate': 9.983513803715578e-06, 'epoch': 0.06}
{'loss': 0.8945, 'grad_norm': 2.68984055519104, 'learning_rate': 9.983505365807206e-06, 'epoch': 0.06}
{'loss': 1.1212, 'grad_norm': 2.4296510219573975, 'learning_rate': 9.983496925743625e-06, 'epoch': 0.06}
{'loss': 1.0734, 'grad_norm': 2.8125357627868652, 'learning_rate': 9.983488483524839e-06, 'epoch': 0.06}
{'loss': 0.8657, 'grad_norm': 2.80788254737854, 'learning_rate': 9.983480039150846e-06, 'epoch': 0.06}
{'loss': 0.6564, 'grad_norm': 2.2577195167541504, 'learning_rate': 9.983471592621656e-06, 'epoch': 0.06}
{'loss': 0.7631, 'grad_norm': 2.3928403854370117, 'learning_rate': 9.983463143937268e-06, 'epoch': 0.06}
{'loss': 0.9494, 'grad_norm': 2.3518166542053223, 'learning_rate': 9.98345469309769e-06, 'epoch': 0.06}
{'loss': 0.9181, 'grad_norm': 2.306358814239502, 'learning_rate': 9.983446240102921e-06, 'epoch': 0.06}
{'loss': 0.814, 'grad_norm': 2.478351593017578, 'learning_rate': 9.983437784952967e-06, 'epoch': 0.06}
{'loss': 0.8481, 'grad_norm': 2.295078754425049, 'learning_rate': 9.983429327647834e-06, 'epoch': 0.06}
{'loss': 0.9428, 'grad_norm': 2.390194892883301, 'learning_rate': 9.98342086818752e-06, 'epoch': 0.06}
{'loss': 1.0889, 'grad_norm': 2.5281150341033936, 'learning_rate': 9.983412406572035e-06, 'epoch': 0.06}
{'loss': 1.0136, 'grad_norm': 2.6847338676452637, 'learning_rate': 9.983403942801377e-06, 'epoch': 0.06}
{'loss': 0.9351, 'grad_norm': 2.4642200469970703, 'learning_rate': 9.983395476875554e-06, 'epoch': 0.06}
{'loss': 0.8834, 'grad_norm': 2.823340892791748, 'learning_rate': 9.983387008794568e-06, 'epoch': 0.06}
{'loss': 0.711, 'grad_norm': 2.2570035457611084, 'learning_rate': 9.983378538558422e-06, 'epoch': 0.06}
{'loss': 0.7451, 'grad_norm': 2.4234862327575684, 'learning_rate': 9.98337006616712e-06, 'epoch': 0.06}
{'loss': 0.8319, 'grad_norm': 2.415168285369873, 'learning_rate': 9.983361591620667e-06, 'epoch': 0.06}
{'loss': 0.7815, 'grad_norm': 2.3259999752044678, 'learning_rate': 9.983353114919064e-06, 'epoch': 0.06}
{'loss': 0.6682, 'grad_norm': 2.2429614067077637, 'learning_rate': 9.983344636062317e-06, 'epoch': 0.06}
{'loss': 0.8835, 'grad_norm': 2.579406499862671, 'learning_rate': 9.98333615505043e-06, 'epoch': 0.06}
{'loss': 1.0862, 'grad_norm': 3.178520917892456, 'learning_rate': 9.983327671883404e-06, 'epoch': 0.06}
{'loss': 0.8142, 'grad_norm': 2.6632883548736572, 'learning_rate': 9.983319186561245e-06, 'epoch': 0.06}
{'loss': 0.6593, 'grad_norm': 2.359140157699585, 'learning_rate': 9.983310699083954e-06, 'epoch': 0.06}
{'loss': 0.8114, 'grad_norm': 2.6385726928710938, 'learning_rate': 9.98330220945154e-06, 'epoch': 0.06}
{'loss': 0.9981, 'grad_norm': 2.6723315715789795, 'learning_rate': 9.983293717664e-06, 'epoch': 0.06}
{'loss': 0.9287, 'grad_norm': 2.4473657608032227, 'learning_rate': 9.983285223721343e-06, 'epoch': 0.06}
{'loss': 0.9404, 'grad_norm': 3.9695687294006348, 'learning_rate': 9.98327672762357e-06, 'epoch': 0.06}
{'loss': 0.8862, 'grad_norm': 2.2813050746917725, 'learning_rate': 9.983268229370685e-06, 'epoch': 0.06}
{'loss': 0.9815, 'grad_norm': 2.7863829135894775, 'learning_rate': 9.983259728962691e-06, 'epoch': 0.06}
{'loss': 0.7853, 'grad_norm': 2.5775368213653564, 'learning_rate': 9.983251226399595e-06, 'epoch': 0.06}
{'loss': 0.8818, 'grad_norm': 2.3623735904693604, 'learning_rate': 9.983242721681396e-06, 'epoch': 0.06}
{'loss': 0.9421, 'grad_norm': 2.71010160446167, 'learning_rate': 9.983234214808102e-06, 'epoch': 0.06}
{'loss': 0.8841, 'grad_norm': 2.7101991176605225, 'learning_rate': 9.983225705779713e-06, 'epoch': 0.06}
{'loss': 0.8815, 'grad_norm': 2.346284866333008, 'learning_rate': 9.983217194596236e-06, 'epoch': 0.06}
{'loss': 1.0004, 'grad_norm': 2.6957437992095947, 'learning_rate': 9.983208681257673e-06, 'epoch': 0.06}
{'loss': 0.833, 'grad_norm': 2.357583999633789, 'learning_rate': 9.983200165764025e-06, 'epoch': 0.06}
{'loss': 0.861, 'grad_norm': 2.9170663356781006, 'learning_rate': 9.9831916481153e-06, 'epoch': 0.06}
{'loss': 0.5776, 'grad_norm': 2.0209736824035645, 'learning_rate': 9.9831831283115e-06, 'epoch': 0.06}
{'loss': 1.0045, 'grad_norm': 2.837285280227661, 'learning_rate': 9.98317460635263e-06, 'epoch': 0.06}
{'loss': 0.8003, 'grad_norm': 2.3570752143859863, 'learning_rate': 9.983166082238691e-06, 'epoch': 0.06}
{'loss': 0.7384, 'grad_norm': 2.449571371078491, 'learning_rate': 9.983157555969689e-06, 'epoch': 0.06}
{'loss': 1.0744, 'grad_norm': 2.7077019214630127, 'learning_rate': 9.983149027545625e-06, 'epoch': 0.06}
{'loss': 0.833, 'grad_norm': 2.40205979347229, 'learning_rate': 9.983140496966506e-06, 'epoch': 0.06}
{'loss': 0.966, 'grad_norm': 2.392571449279785, 'learning_rate': 9.983131964232335e-06, 'epoch': 0.06}
[09:57:21.421801] Error: Error reading OpenGVLab/stage2/OpenMMLab___Kinetics-400/raw/Kinetics-400/videos_train/KeOQFZ4PQhM.mp4...
[09:57:21.421858] Failed to read video file: OpenGVLab/stage2/OpenMMLab___Kinetics-400/raw/Kinetics-400/videos_train/KeOQFZ4PQhM.mp4
[09:57:21.421879] [Try #0] Failed to fetch sample 3750900. Exception: Error reading OpenGVLab/stage2/OpenMMLab___Kinetics-400/raw/Kinetics-400/videos_train/KeOQFZ4PQhM.mp4...
[09:57:22.423265] Error: Error reading OpenGVLab/stage2/OpenMMLab___Kinetics-400/raw/Kinetics-400/videos_train/KeOQFZ4PQhM.mp4...
[09:57:22.423326] Failed to read video file: OpenGVLab/stage2/OpenMMLab___Kinetics-400/raw/Kinetics-400/videos_train/KeOQFZ4PQhM.mp4
[09:57:22.423345] [Try #1] Failed to fetch sample 3750900. Exception: Error reading OpenGVLab/stage2/OpenMMLab___Kinetics-400/raw/Kinetics-400/videos_train/KeOQFZ4PQhM.mp4...
{'loss': 0.8665, 'grad_norm': 2.451388120651245, 'learning_rate': 9.983123429343114e-06, 'epoch': 0.06}
{'loss': 0.6613, 'grad_norm': 2.4142446517944336, 'learning_rate': 9.983114892298846e-06, 'epoch': 0.06}
{'loss': 0.7792, 'grad_norm': 2.1969451904296875, 'learning_rate': 9.983106353099539e-06, 'epoch': 0.06}
{'loss': 0.9683, 'grad_norm': 2.5343806743621826, 'learning_rate': 9.983097811745193e-06, 'epoch': 0.06}
{'loss': 1.0312, 'grad_norm': 2.339928388595581, 'learning_rate': 9.983089268235811e-06, 'epoch': 0.06}
{'loss': 0.8959, 'grad_norm': 2.5528435707092285, 'learning_rate': 9.9830807225714e-06, 'epoch': 0.06}
{'loss': 0.8794, 'grad_norm': 2.6688947677612305, 'learning_rate': 9.983072174751961e-06, 'epoch': 0.06}
{'loss': 0.814, 'grad_norm': 2.3401038646698, 'learning_rate': 9.9830636247775e-06, 'epoch': 0.06}
{'loss': 0.945, 'grad_norm': 2.598615884780884, 'learning_rate': 9.983055072648018e-06, 'epoch': 0.06}
{'loss': 0.9175, 'grad_norm': 2.3273091316223145, 'learning_rate': 9.983046518363521e-06, 'epoch': 0.06}
{'loss': 0.7395, 'grad_norm': 2.385289192199707, 'learning_rate': 9.983037961924012e-06, 'epoch': 0.06}
{'loss': 0.6095, 'grad_norm': 2.0998244285583496, 'learning_rate': 9.983029403329493e-06, 'epoch': 0.06}
{'loss': 1.0606, 'grad_norm': 2.645070791244507, 'learning_rate': 9.983020842579972e-06, 'epoch': 0.06}
{'loss': 0.7694, 'grad_norm': 2.464280843734741, 'learning_rate': 9.983012279675448e-06, 'epoch': 0.06}
{'loss': 1.0328, 'grad_norm': 2.478437900543213, 'learning_rate': 9.983003714615928e-06, 'epoch': 0.06}
{'loss': 0.8448, 'grad_norm': 2.562819480895996, 'learning_rate': 9.982995147401413e-06, 'epoch': 0.06}
{'loss': 0.9041, 'grad_norm': 2.40928053855896, 'learning_rate': 9.982986578031908e-06, 'epoch': 0.06}
{'loss': 0.9857, 'grad_norm': 2.432082414627075, 'learning_rate': 9.982978006507418e-06, 'epoch': 0.06}
{'loss': 0.6725, 'grad_norm': 2.3383889198303223, 'learning_rate': 9.982969432827945e-06, 'epoch': 0.06}
{'loss': 0.8039, 'grad_norm': 2.5899760723114014, 'learning_rate': 9.982960856993492e-06, 'epoch': 0.06}
{'loss': 0.7792, 'grad_norm': 2.2040863037109375, 'learning_rate': 9.982952279004065e-06, 'epoch': 0.06}
{'loss': 0.9471, 'grad_norm': 2.535414695739746, 'learning_rate': 9.982943698859666e-06, 'epoch': 0.06}
{'loss': 0.7628, 'grad_norm': 2.257556200027466, 'learning_rate': 9.9829351165603e-06, 'epoch': 0.06}
{'loss': 0.9015, 'grad_norm': 2.5999231338500977, 'learning_rate': 9.98292653210597e-06, 'epoch': 0.06}
{'loss': 0.7629, 'grad_norm': 2.307766914367676, 'learning_rate': 9.982917945496679e-06, 'epoch': 0.06}
{'loss': 1.0142, 'grad_norm': 2.9510390758514404, 'learning_rate': 9.98290935673243e-06, 'epoch': 0.06}
{'loss': 0.7991, 'grad_norm': 2.541506767272949, 'learning_rate': 9.982900765813232e-06, 'epoch': 0.06}
{'loss': 0.8067, 'grad_norm': 2.229945659637451, 'learning_rate': 9.982892172739083e-06, 'epoch': 0.06}
{'loss': 0.6386, 'grad_norm': 2.32778000831604, 'learning_rate': 9.982883577509988e-06, 'epoch': 0.06}
{'loss': 0.8086, 'grad_norm': 2.6056859493255615, 'learning_rate': 9.982874980125951e-06, 'epoch': 0.06}
{'loss': 0.7202, 'grad_norm': 2.1887612342834473, 'learning_rate': 9.982866380586976e-06, 'epoch': 0.06}
{'loss': 0.8546, 'grad_norm': 2.7032244205474854, 'learning_rate': 9.982857778893068e-06, 'epoch': 0.06}
{'loss': 1.0218, 'grad_norm': 2.7887120246887207, 'learning_rate': 9.982849175044228e-06, 'epoch': 0.06}
{'loss': 0.927, 'grad_norm': 2.479889392852783, 'learning_rate': 9.982840569040462e-06, 'epoch': 0.06}
{'loss': 0.7654, 'grad_norm': 2.643460988998413, 'learning_rate': 9.982831960881773e-06, 'epoch': 0.06}
{'loss': 0.6864, 'grad_norm': 2.2744061946868896, 'learning_rate': 9.982823350568165e-06, 'epoch': 0.06}
{'loss': 0.7023, 'grad_norm': 2.4299395084381104, 'learning_rate': 9.98281473809964e-06, 'epoch': 0.06}
{'loss': 0.866, 'grad_norm': 2.5626041889190674, 'learning_rate': 9.982806123476206e-06, 'epoch': 0.06}
{'loss': 0.8804, 'grad_norm': 2.5628910064697266, 'learning_rate': 9.98279750669786e-06, 'epoch': 0.06}
{'loss': 0.5452, 'grad_norm': 2.0066466331481934, 'learning_rate': 9.982788887764611e-06, 'epoch': 0.06}
{'loss': 0.6359, 'grad_norm': 2.1884632110595703, 'learning_rate': 9.982780266676462e-06, 'epoch': 0.06}
{'loss': 1.0489, 'grad_norm': 2.8221583366394043, 'learning_rate': 9.982771643433416e-06, 'epoch': 0.06}
{'loss': 0.7675, 'grad_norm': 2.142937183380127, 'learning_rate': 9.982763018035475e-06, 'epoch': 0.06}
{'loss': 0.7702, 'grad_norm': 2.4705584049224854, 'learning_rate': 9.982754390482646e-06, 'epoch': 0.06}
{'loss': 1.0323, 'grad_norm': 2.654473304748535, 'learning_rate': 9.98274576077493e-06, 'epoch': 0.06}
{'loss': 0.8981, 'grad_norm': 2.2786061763763428, 'learning_rate': 9.982737128912333e-06, 'epoch': 0.06}
{'loss': 0.7515, 'grad_norm': 2.3719921112060547, 'learning_rate': 9.982728494894858e-06, 'epoch': 0.06}
{'loss': 0.8395, 'grad_norm': 2.1409337520599365, 'learning_rate': 9.982719858722507e-06, 'epoch': 0.06}
{'loss': 0.8042, 'grad_norm': 2.257432460784912, 'learning_rate': 9.982711220395286e-06, 'epoch': 0.06}
{'loss': 0.922, 'grad_norm': 2.2786264419555664, 'learning_rate': 9.982702579913197e-06, 'epoch': 0.06}
{'loss': 0.8665, 'grad_norm': 2.4480743408203125, 'learning_rate': 9.982693937276245e-06, 'epoch': 0.06}
{'loss': 0.8402, 'grad_norm': 2.4775195121765137, 'learning_rate': 9.982685292484435e-06, 'epoch': 0.06}
{'loss': 0.7915, 'grad_norm': 2.3291797637939453, 'learning_rate': 9.982676645537766e-06, 'epoch': 0.06}
{'loss': 0.6961, 'grad_norm': 2.12370228767395, 'learning_rate': 9.982667996436245e-06, 'epoch': 0.06}
{'loss': 0.7382, 'grad_norm': 2.202840566635132, 'learning_rate': 9.98265934517988e-06, 'epoch': 0.06}
{'loss': 0.7619, 'grad_norm': 2.1483452320098877, 'learning_rate': 9.982650691768666e-06, 'epoch': 0.06}
{'loss': 0.7526, 'grad_norm': 2.5772764682769775, 'learning_rate': 9.982642036202612e-06, 'epoch': 0.06}
{'loss': 0.8363, 'grad_norm': 2.371378183364868, 'learning_rate': 9.982633378481721e-06, 'epoch': 0.06}
{'loss': 0.8437, 'grad_norm': 2.4287493228912354, 'learning_rate': 9.982624718605995e-06, 'epoch': 0.06}
{'loss': 0.8025, 'grad_norm': 2.403315305709839, 'learning_rate': 9.98261605657544e-06, 'epoch': 0.06}
{'loss': 0.9736, 'grad_norm': 2.6246161460876465, 'learning_rate': 9.98260739239006e-06, 'epoch': 0.06}
{'loss': 1.0023, 'grad_norm': 2.344327449798584, 'learning_rate': 9.982598726049859e-06, 'epoch': 0.06}
{'loss': 0.8369, 'grad_norm': 2.597912073135376, 'learning_rate': 9.982590057554838e-06, 'epoch': 0.06}
{'loss': 0.79, 'grad_norm': 2.2427759170532227, 'learning_rate': 9.982581386905e-06, 'epoch': 0.06}
{'loss': 0.8263, 'grad_norm': 2.2856171131134033, 'learning_rate': 9.982572714100354e-06, 'epoch': 0.06}
{'loss': 0.7753, 'grad_norm': 2.328099250793457, 'learning_rate': 9.982564039140898e-06, 'epoch': 0.06}
{'loss': 0.8458, 'grad_norm': 2.458498239517212, 'learning_rate': 9.982555362026642e-06, 'epoch': 0.06}
{'loss': 0.7946, 'grad_norm': 2.263183832168579, 'learning_rate': 9.982546682757584e-06, 'epoch': 0.06}
{'loss': 0.8059, 'grad_norm': 2.3338844776153564, 'learning_rate': 9.98253800133373e-06, 'epoch': 0.06}
{'loss': 0.96, 'grad_norm': 2.657517433166504, 'learning_rate': 9.982529317755083e-06, 'epoch': 0.06}
{'loss': 0.8965, 'grad_norm': 2.423614263534546, 'learning_rate': 9.982520632021651e-06, 'epoch': 0.06}
{'loss': 0.8764, 'grad_norm': 2.477383613586426, 'learning_rate': 9.982511944133431e-06, 'epoch': 0.06}
{'loss': 0.9589, 'grad_norm': 2.47078537940979, 'learning_rate': 9.98250325409043e-06, 'epoch': 0.06}
{'loss': 0.7966, 'grad_norm': 2.3888275623321533, 'learning_rate': 9.982494561892653e-06, 'epoch': 0.06}
{'loss': 0.935, 'grad_norm': 2.5427980422973633, 'learning_rate': 9.982485867540103e-06, 'epoch': 0.06}
{'loss': 0.9512, 'grad_norm': 2.3712902069091797, 'learning_rate': 9.982477171032783e-06, 'epoch': 0.06}
{'loss': 0.9067, 'grad_norm': 2.5192360877990723, 'learning_rate': 9.982468472370695e-06, 'epoch': 0.06}
{'loss': 0.8568, 'grad_norm': 2.5951943397521973, 'learning_rate': 9.982459771553847e-06, 'epoch': 0.06}
{'loss': 0.8209, 'grad_norm': 2.540470600128174, 'learning_rate': 9.982451068582239e-06, 'epoch': 0.06}
{'loss': 0.8455, 'grad_norm': 2.448695659637451, 'learning_rate': 9.982442363455877e-06, 'epoch': 0.06}
{'loss': 0.817, 'grad_norm': 2.5747270584106445, 'learning_rate': 9.982433656174765e-06, 'epoch': 0.06}
{'loss': 0.8576, 'grad_norm': 2.7410056591033936, 'learning_rate': 9.982424946738907e-06, 'epoch': 0.06}
{'loss': 0.861, 'grad_norm': 2.47118878364563, 'learning_rate': 9.982416235148303e-06, 'epoch': 0.06}
{'loss': 0.8681, 'grad_norm': 2.698554515838623, 'learning_rate': 9.98240752140296e-06, 'epoch': 0.06}
{'loss': 0.9092, 'grad_norm': 2.412586212158203, 'learning_rate': 9.982398805502882e-06, 'epoch': 0.06}
{'loss': 0.7733, 'grad_norm': 2.3003392219543457, 'learning_rate': 9.98239008744807e-06, 'epoch': 0.06}
{'loss': 0.833, 'grad_norm': 2.7483863830566406, 'learning_rate': 9.982381367238531e-06, 'epoch': 0.06}
{'loss': 0.8492, 'grad_norm': 2.5137312412261963, 'learning_rate': 9.98237264487427e-06, 'epoch': 0.06}
{'loss': 0.977, 'grad_norm': 2.5940451622009277, 'learning_rate': 9.982363920355285e-06, 'epoch': 0.06}
{'loss': 0.854, 'grad_norm': 2.4971120357513428, 'learning_rate': 9.982355193681583e-06, 'epoch': 0.06}
{'loss': 0.843, 'grad_norm': 2.3703420162200928, 'learning_rate': 9.98234646485317e-06, 'epoch': 0.06}
{'loss': 0.9668, 'grad_norm': 2.67929744720459, 'learning_rate': 9.982337733870046e-06, 'epoch': 0.06}
{'loss': 0.847, 'grad_norm': 2.4817652702331543, 'learning_rate': 9.982329000732216e-06, 'epoch': 0.06}
{'loss': 0.7483, 'grad_norm': 2.3643922805786133, 'learning_rate': 9.982320265439684e-06, 'epoch': 0.06}
{'loss': 0.7657, 'grad_norm': 2.260380983352661, 'learning_rate': 9.982311527992456e-06, 'epoch': 0.06}
{'loss': 0.7701, 'grad_norm': 2.4045422077178955, 'learning_rate': 9.982302788390532e-06, 'epoch': 0.06}
{'loss': 0.7938, 'grad_norm': 2.3871521949768066, 'learning_rate': 9.982294046633919e-06, 'epoch': 0.06}
{'loss': 0.7585, 'grad_norm': 2.332961320877075, 'learning_rate': 9.982285302722618e-06, 'epoch': 0.06}
{'loss': 0.9469, 'grad_norm': 2.45058536529541, 'learning_rate': 9.982276556656635e-06, 'epoch': 0.06}
{'loss': 0.7014, 'grad_norm': 2.20729660987854, 'learning_rate': 9.98226780843597e-06, 'epoch': 0.06}
{'loss': 0.8326, 'grad_norm': 2.525510311126709, 'learning_rate': 9.982259058060631e-06, 'epoch': 0.06}
{'loss': 0.9196, 'grad_norm': 2.380153179168701, 'learning_rate': 9.982250305530621e-06, 'epoch': 0.06}
{'loss': 1.0003, 'grad_norm': 2.715690851211548, 'learning_rate': 9.982241550845944e-06, 'epoch': 0.06}
{'loss': 0.623, 'grad_norm': 1.9951139688491821, 'learning_rate': 9.982232794006601e-06, 'epoch': 0.06}
{'loss': 0.6954, 'grad_norm': 2.237257957458496, 'learning_rate': 9.9822240350126e-06, 'epoch': 0.06}
{'loss': 0.5859, 'grad_norm': 2.3287856578826904, 'learning_rate': 9.98221527386394e-06, 'epoch': 0.06}
{'loss': 0.8046, 'grad_norm': 2.5136489868164062, 'learning_rate': 9.982206510560629e-06, 'epoch': 0.06}
{'loss': 0.8704, 'grad_norm': 2.6070432662963867, 'learning_rate': 9.982197745102669e-06, 'epoch': 0.06}
{'loss': 1.0973, 'grad_norm': 2.82304310798645, 'learning_rate': 9.982188977490065e-06, 'epoch': 0.06}