[2025-03-09 17:33:53,392] [INFO] [real_accelerator.py:203:get_accelerator] Setting ds_accelerator to cuda (auto detect)
[2025-03-09 17:33:53,396] [INFO] [real_accelerator.py:203:get_accelerator] Setting ds_accelerator to cuda (auto detect)
[2025-03-09 17:33:53,397] [INFO] [real_accelerator.py:203:get_accelerator] Setting ds_accelerator to cuda (auto detect)
[2025-03-09 17:33:53,425] [INFO] [real_accelerator.py:203:get_accelerator] Setting ds_accelerator to cuda (auto detect)
[93m [WARNING] [0m async_io requires the dev libaio .so object and headers but these were not found.[93m [WARNING] [0m async_io requires the dev libaio .so object and headers but these were not found.

[93m [WARNING] [0m async_io requires the dev libaio .so object and headers but these were not found.
[93m [WARNING] [0m async_io requires the dev libaio .so object and headers but these were not found.
[93m [WARNING] [0m If libaio is already installed (perhaps from source), try setting the CFLAGS and LDFLAGS environment variables to where it can be found.
[93m [WARNING] [0m Please specify the CUTLASS repo directory as environment variable $CUTLASS_PATH
[93m [WARNING] [0m If libaio is already installed (perhaps from source), try setting the CFLAGS and LDFLAGS environment variables to where it can be found.
[93m [WARNING] [0m Please specify the CUTLASS repo directory as environment variable $CUTLASS_PATH
[93m [WARNING] [0m If libaio is already installed (perhaps from source), try setting the CFLAGS and LDFLAGS environment variables to where it can be found.
[93m [WARNING] [0m Please specify the CUTLASS repo directory as environment variable $CUTLASS_PATH
[93m [WARNING] [0m If libaio is already installed (perhaps from source), try setting the CFLAGS and LDFLAGS environment variables to where it can be found.
[93m [WARNING] [0m Please specify the CUTLASS repo directory as environment variable $CUTLASS_PATH
[93m [WARNING] [0m sparse_attn requires a torch version >= 1.5 and < 2.0 but detected 2.1
[93m [WARNING] [0m using untested triton version (2.1.0), only 1.0.0 is known to be compatible
[93m [WARNING] [0m sparse_attn requires a torch version >= 1.5 and < 2.0 but detected 2.1
[93m [WARNING] [0m using untested triton version (2.1.0), only 1.0.0 is known to be compatible
[93m [WARNING] [0m sparse_attn requires a torch version >= 1.5 and < 2.0 but detected 2.1
[93m [WARNING] [0m using untested triton version (2.1.0), only 1.0.0 is known to be compatible
[93m [WARNING] [0m sparse_attn requires a torch version >= 1.5 and < 2.0 but detected 2.1
[93m [WARNING] [0m using untested triton version (2.1.0), only 1.0.0 is known to be compatible
[17:33:55.217590] Rank 1 | Local Rank 1 | World Size 4 | Local World Size 4 |
[17:33:55.218096] Rank 0 | Local Rank 0 | World Size 4 | Local World Size 4 |
[17:33:55.223825] Rank 2 | Local Rank 2 | World Size 4 | Local World Size 4 |
[2025-03-09 17:33:55,225] [INFO] [comm.py:637:init_distributed] cdb=None
[2025-03-09 17:33:55,225] [INFO] [comm.py:637:init_distributed] cdb=None
[2025-03-09 17:33:55,225] [INFO] [comm.py:668:init_distributed] Initializing TorchBackend in DeepSpeed with backend nccl
[17:33:55.230084] Rank 3 | Local Rank 3 | World Size 4 | Local World Size 4 |
[2025-03-09 17:33:55,231] [INFO] [comm.py:637:init_distributed] cdb=None
[2025-03-09 17:33:55,238] [INFO] [comm.py:637:init_distributed] cdb=None
[17:33:55.504850] Rank 0:  Inspecting experiment hyperparameters:

[17:33:55.504952] Rank 0:  model_args = {'model_name_or_path': 'Qwen/Qwen2.5-1.5B-Instruct', 'model_class_name': None, 'mm_tunable_parts': 'mm_vision_tower,mm_mlp_adapter,mm_language_model', 'version': 'qwen_2', 'freeze_backbone': False, 'tune_mm_mlp_adapter': False, 'tune_mm_vision_resampler': False, 'vision_tower': 'umt-hd-large', 'vision_tower_pretrained': None, 'vision_encode_type': 'video_image', 'unfreeze_mm_vision_tower': False, 'unfreeze_language_model': False, 'mm_vision_select_layer': -2, 'pretrain_mm_mlp_adapter': 'checkpoints/stage1-init_connector/stage1-umt-hd-large-tome16_mlp_hd64-Qwen2_5_1_5B_stage1_init_connector_iv1m.yaml_plain_20250307_055129/mm_projector.bin', 'mm_projector_type': 'tome16_mlp_hd64', 'mm_use_im_start_end': False, 'mm_use_im_patch_token': False, 'mm_patch_merge_type': 'flat', 'mm_vision_select_feature': 'patch', 'mm_resampler_type': None, 'mm_mask_drop_mode': 'fixed', 'mm_mask_drop_skip_percentage': 0.0, 'mm_mask_drop_ratio': 0.25, 'mm_mask_drop_ratio_upper': None, 'mm_mask_drop_ratio_lower': None, 'mm_spatial_pool_stride': None, 'mm_spatial_pool_mode': 'bilinear', 'mm_spatial_pool_out_channels': None, 'mm_num_compress_latents': 128, 'mm_num_compress_query_type': 'learnable', 'mm_pos_num_frames': 8, 'mm_close_init': True, 'min_slow_num_frames': 4, 'mm_perceiver_depth': 3, 'mm_perceiver_latents': 32, 'mm_perceiver_ff_mult': 4, 'mm_perceiver_pretrained': None, 'mm_qformer_depth': 3, 'mm_qformer_latents': 32, 'mm_qformer_pretrained': None, 'rope_scaling_factor': None, 'rope_scaling_type': None, 's2': False, 's2_scales': '336,672,1008', 'use_pos_skipping': False, 'pos_skipping_range': 4096, 'mm_newline_position': 'one_token', 'mm_local_num_frames': 4, 'mm_llm_compress': False, 'llm_compress_type': 'attention', 'llm_compress_layer_list': '8,16,24', 'llm_image_token_ratio_list': '1.0,0.5,0.25,0.125'}


[17:33:55.504995] Rank 0:  data_args = {'data_path': 'data/stage2_short_pretrain_iv6m_small.yaml', 'lazy_preprocess': True, 'is_multimodal': False, 'early_mix_text': False, 'image_aspect_ratio': 'square', 'image_grid_pinpoints': None, 'image_crop_resolution': None, 'image_split_resolution': None, 'frame_aspect_ratio': 'square', 'frame_grid_pinpoints': None, 'max_num_pixels': 14745600000, 'frames_upbound': 8, 'frames_lowbound': 1, 'time_msg': 'short', 'local_num_frames': 4, 'sample_type': 'dynamic_fps1'}


[17:33:55.505146] Rank 0:  training_args = {'output_dir': './checkpoints/stage2-visual_pretraining/stage2-umt-hd-large-tome16_mlp_hd64_Qwen2_5_1_5B_stage2_short_pretrain_iv6m_small.yaml_20250309_173347', 'overwrite_output_dir': False, 'do_train': False, 'do_eval': False, 'do_predict': False, 'evaluation_strategy': <IntervalStrategy.NO: 'no'>, 'prediction_loss_only': False, 'per_device_train_batch_size': 1, 'per_device_eval_batch_size': 4, 'per_gpu_train_batch_size': None, 'per_gpu_eval_batch_size': None, 'gradient_accumulation_steps': 8, 'eval_accumulation_steps': None, 'eval_delay': 0, 'learning_rate': 1e-05, 'weight_decay': 0.0, 'adam_beta1': 0.9, 'adam_beta2': 0.999, 'adam_epsilon': 1e-08, 'max_grad_norm': 1.0, 'num_train_epochs': 1.0, 'max_steps': -1, 'lr_scheduler_type': <SchedulerType.COSINE: 'cosine'>, 'lr_scheduler_kwargs': {}, 'warmup_ratio': 0.03, 'warmup_steps': 0, 'log_level': 'passive', 'log_level_replica': 'warning', 'log_on_each_node': True, 'logging_dir': './checkpoints/stage2-visual_pretraining/stage2-umt-hd-large-tome16_mlp_hd64_Qwen2_5_1_5B_stage2_short_pretrain_iv6m_small.yaml_20250309_173347/runs/Mar09_17-33-55_ip-172-31-20-200.us-east-2.compute.internal', 'logging_strategy': <IntervalStrategy.STEPS: 'steps'>, 'logging_first_step': False, 'logging_steps': 1.0, 'logging_nan_inf_filter': True, 'save_strategy': <IntervalStrategy.STEPS: 'steps'>, 'save_steps': 2000, 'save_total_limit': 1, 'save_safetensors': True, 'save_on_each_node': False, 'save_only_model': False, 'no_cuda': False, 'use_cpu': False, 'use_mps_device': False, 'seed': 42, 'data_seed': None, 'jit_mode_eval': False, 'use_ipex': False, 'bf16': True, 'fp16': False, 'fp16_opt_level': 'O1', 'half_precision_backend': 'auto', 'bf16_full_eval': False, 'fp16_full_eval': False, 'tf32': True, 'local_rank': 0, 'ddp_backend': None, 'tpu_num_cores': None, 'tpu_metrics_debug': False, 'debug': [], 'dataloader_drop_last': True, 'eval_steps': None, 'dataloader_num_workers': 8, 'dataloader_prefetch_factor': None, 'past_index': -1, 'run_name': 'stage2-umt-hd-large-tome16_mlp_hd64_Qwen2_5_1_5B_stage2_short_pretrain_iv6m_small.yaml_20250309_173347', 'disable_tqdm': False, 'remove_unused_columns': False, 'label_names': None, 'load_best_model_at_end': False, 'metric_for_best_model': None, 'greater_is_better': None, 'ignore_data_skip': False, 'fsdp': [], 'fsdp_min_num_params': 0, 'fsdp_config': {'min_num_params': 0, 'xla': False, 'xla_fsdp_v2': False, 'xla_fsdp_grad_ckpt': False}, 'fsdp_transformer_layer_cls_to_wrap': None, 'accelerator_config': AcceleratorConfig(split_batches=False, dispatch_batches=None, even_batches=True, use_seedable_sampler=True), 'deepspeed': 'scripts/zero2.json', 'label_smoothing_factor': 0.0, 'optim': <OptimizerNames.ADAMW_TORCH: 'adamw_torch'>, 'optim_args': None, 'adafactor': False, 'group_by_length': False, 'length_column_name': 'length', 'report_to': ['tensorboard'], 'ddp_find_unused_parameters': None, 'ddp_bucket_cap_mb': None, 'ddp_broadcast_buffers': None, 'dataloader_pin_memory': True, 'dataloader_persistent_workers': False, 'skip_memory_metrics': True, 'use_legacy_prediction_loop': False, 'push_to_hub': False, 'resume_from_checkpoint': None, 'hub_model_id': None, 'hub_strategy': <HubStrategy.EVERY_SAVE: 'every_save'>, 'hub_token': None, 'hub_private_repo': False, 'hub_always_push': False, 'gradient_checkpointing': True, 'gradient_checkpointing_kwargs': None, 'include_inputs_for_metrics': False, 'fp16_backend': 'auto', 'push_to_hub_model_id': None, 'push_to_hub_organization': None, 'push_to_hub_token': None, 'mp_parameters': '', 'auto_find_batch_size': False, 'full_determinism': False, 'torchdynamo': None, 'ray_scope': 'last', 'ddp_timeout': 1800, 'torch_compile': True, 'torch_compile_backend': 'inductor', 'torch_compile_mode': None, 'dispatch_batches': None, 'split_batches': None, 'include_tokens_per_second': False, 'include_num_input_tokens_seen': False, 'neftune_noise_alpha': None, 'optim_target_modules': None, 'cache_dir': None, 'freeze_mm_mlp_adapter': False, 'freeze_mm_vision_resampler': False, 'mpt_attn_impl': 'triton', 'model_max_length': 32768, 'double_quant': True, 'quant_type': 'nf4', 'bits': 16, 'lora_enable': False, 'lora_r': 64, 'lora_alpha': 16, 'lora_dropout': 0.05, 'lora_weight_path': '', 'lora_bias': 'none', 'mm_projector_lr': None, 'mm_vision_tower_lr': 2e-06, 'group_by_varlen': False, 'group_by_modality_length': True, 'group_by_modality_length_auto': False, 'verbose_logging': True, 'attn_implementation': 'sdpa', 'distributed_state': Distributed environment: DEEPSPEED  Backend: nccl
Num processes: 4
Process index: 0
Local process index: 0
Device: cuda:0
, '_n_gpu': 1, '__cached__setup_devices': device(type='cuda', index=0), 'deepspeed_plugin': DeepSpeedPlugin(hf_ds_config=<transformers.integrations.deepspeed.HfTrainerDeepSpeedConfig object at 0x7f5f8b5d61f0>, gradient_accumulation_steps=8, gradient_clipping=1.0, zero_stage=2, is_train_batch_min=True, offload_optimizer_device='none', offload_param_device='none', offload_optimizer_nvme_path='none', offload_param_nvme_path='none', zero3_init_flag=False, zero3_save_16bit_model=False, transformer_moe_cls_names=None), 'hf_deepspeed_config': <transformers.integrations.deepspeed.HfTrainerDeepSpeedConfig object at 0x7f5f8b5d61f0>}


[17:33:55.544429] Rank 0:  Overwriting config with {'vision_encode_type': 'video_image', 'mm_num_compress_latents': 128, 'mm_num_compress_query_type': 'learnable', 'mm_pos_num_frames': 8, 'mm_local_num_frames': 4, 'mm_close_init': True, 'min_slow_num_frames': 4, 'mm_llm_compress': False, 'llm_compress_layer_list': [8, 16, 24], 'llm_image_token_ratio_list': [1.0, 0.5, 0.25, 0.125], 'llm_compress_type': 'attention', 'mm_projector_type': 'tome16_mlp_hd64', 'mm_patch_merge_type': 'flat', 'mm_newline_position': 'one_token', 'use_pos_skipping': False, 'pos_skipping_range': 4096, 'mm_spatial_pool_mode': 'bilinear'}
[17:33:59.555393] Rank 0:  Model config: Qwen2Config {
  "_name_or_path": "Qwen/Qwen2.5-1.5B-Instruct",
  "architectures": [
    "Qwen2ForCausalLM"
  ],
  "attention_dropout": 0.0,
  "bos_token_id": 151643,
  "eos_token_id": 151645,
  "hidden_act": "silu",
  "hidden_size": 1536,
  "initializer_range": 0.02,
  "intermediate_size": 8960,
  "llm_compress_layer_list": [
    8,
    16,
    24
  ],
  "llm_compress_type": "attention",
  "llm_image_token_ratio_list": [
    1.0,
    0.5,
    0.25,
    0.125
  ],
  "max_position_embeddings": 32768,
  "max_window_layers": 21,
  "min_slow_num_frames": 4,
  "mm_close_init": true,
  "mm_llm_compress": false,
  "mm_local_num_frames": 4,
  "mm_newline_position": "one_token",
  "mm_num_compress_latents": 128,
  "mm_num_compress_query_type": "learnable",
  "mm_patch_merge_type": "flat",
  "mm_pos_num_frames": 8,
  "mm_projector_type": "tome16_mlp_hd64",
  "mm_spatial_pool_mode": "bilinear",
  "model_type": "qwen2",
  "num_attention_heads": 12,
  "num_hidden_layers": 28,
  "num_key_value_heads": 2,
  "pos_skipping_range": 4096,
  "rms_norm_eps": 1e-06,
  "rope_scaling": null,
  "rope_theta": 1000000.0,
  "sliding_window": 32768,
  "tie_word_embeddings": true,
  "torch_dtype": "bfloat16",
  "transformers_version": "4.40.0.dev0",
  "use_cache": true,
  "use_pos_skipping": false,
  "use_sliding_window": false,
  "vision_encode_type": "video_image",
  "vocab_size": 151936
}
.
[17:33:59.740867] Rank 0:  Prompt version: qwen_2
[17:33:59.741073] Rank 0:  Loading vision tower: umt-hd-large
[17:33:59.745112] umt: Num of patches: 3136
[17:33:59.745156] umt: Use checkpoint: True
[17:33:59.745174] umt: Checkpoint number: 24
[17:33:59.745189] umt: Real runing depth: 23
[17:34:00.720137] n_position: 3136
[17:34:00.720200] pre_n_position: 784
[17:34:00.720216] Pretraining uses 14x14, but current version is 28x28
[17:34:00.720227] Interpolate the position embedding
[17:34:01.036470] n_position: 784
[17:34:01.036530] pre_n_position: 196
[17:34:01.036546] Pretraining uses 14x14, but current version is 28x28
[17:34:01.036556] Interpolate the position embedding
[17:34:01.068328] umt: attn_type: flash_v2
[17:34:01.119037] umt: attn_type: flash_v2
[17:34:01.169944] umt: attn_type: flash_v2
[17:34:01.221111] umt: attn_type: flash_v2
[17:34:01.277909] umt: attn_type: flash_v2
[17:34:01.328737] umt: attn_type: flash_v2
[17:34:01.394661] umt: attn_type: flash_v2
[17:34:01.451785] umt: attn_type: flash_v2
[17:34:01.502918] umt: attn_type: flash_v2
[17:34:01.554969] umt: attn_type: flash_v2
[17:34:01.606139] umt: attn_type: flash_v2
[17:34:01.666153] umt: attn_type: flash_v2
[17:34:01.718270] umt: attn_type: flash_v2
[17:34:01.769849] umt: attn_type: flash_v2
[17:34:01.821273] umt: attn_type: flash_v2
[17:34:01.872790] umt: attn_type: flash_v2
[17:34:01.930267] umt: attn_type: flash_v2
[17:34:01.990206] umt: attn_type: flash_v2
[17:34:02.045661] umt: attn_type: flash_v2
[17:34:02.102084] umt: attn_type: flash_v2
[17:34:02.153314] umt: attn_type: flash_v2
[17:34:02.204469] umt: attn_type: flash_v2
[17:34:02.255916] umt: attn_type: flash_v2
[17:34:02.294582] umt: With LN: True
[17:34:02.294617] umt: Total 24 layer
[17:34:02.294633] umt: Return 23-th layer
[17:34:03.963731] umt: Loading pretrained weights from /home/ec2-user/workspace/nvme/coding/Video_Encoders_for_Training_VideoChat-Flash/UMT-L_f4_vision.pt _IncompatibleKeys(missing_keys=[], unexpected_keys=['encoder.blocks.23.norm1.weight', 'encoder.blocks.23.norm1.bias', 'encoder.blocks.23.attn.q_bias', 'encoder.blocks.23.attn.v_bias', 'encoder.blocks.23.attn.qkv.weight', 'encoder.blocks.23.attn.proj.weight', 'encoder.blocks.23.attn.proj.bias', 'encoder.blocks.23.norm2.weight', 'encoder.blocks.23.norm2.bias', 'encoder.blocks.23.mlp.fc1.weight', 'encoder.blocks.23.mlp.fc1.bias', 'encoder.blocks.23.mlp.fc2.weight', 'encoder.blocks.23.mlp.fc2.bias'])
[17:34:03.983544] Rank 0:  Loaded mm projector weights from checkpoints/stage1-init_connector/stage1-umt-hd-large-tome16_mlp_hd64-Qwen2_5_1_5B_stage1_init_connector_iv1m.yaml_plain_20250307_055129/mm_projector.bin. Incompatible keys: <All keys matched successfully>
[17:34:04.377979] Rank 0:  Using mm_tunable_parts: mm_vision_tower,mm_mlp_adapter,mm_language_model
[17:34:04.384684] Rank 0:  Total parameters: ~1838.13 MB)
[17:34:04.384719] Rank 0:  Trainable parameters: ~1838.13 MB)
[17:34:04.388489] Rank 0:  Loading OpenGVLab/VideoChat-Flash-Training-Data/annotations/image/LLaVA-ReCap-118K.json with first:5% sampling strategy
[17:34:05.274360] Rank 0:  sampling_strategy=first, 0:5916
[17:34:05.279725] Rank 0:  Check samples from OpenGVLab/VideoChat-Flash-Training-Data/annotations/image/LLaVA-ReCap-118K.json, media_type=image, video_read_type=None, data_root=OpenGVLab/stage2/LLaVA-ReCap-118K/data/extracted_images/
[17:34:05.279768] Rank 0:  Checking: OpenGVLab/stage2/LLaVA-ReCap-118K/data/extracted_images/000000000009.jpg
[17:34:05.279827] Rank 0:  Loaded 5916 samples from OpenGVLab/VideoChat-Flash-Training-Data/annotations/image/LLaVA-ReCap-118K.json, media_type=image, video_read_type=None, data_root=OpenGVLab/stage2/LLaVA-ReCap-118K/data/extracted_images/
[17:34:05.279904] Rank 0:  Loading OpenGVLab/VideoChat-Flash-Training-Data/annotations/image/LLaVA-ReCap-CC3M.json with first:5% sampling strategy
[17:34:26.571245] Rank 0:  sampling_strategy=first, 0:142878
[17:34:26.710362] Rank 0:  Check samples from OpenGVLab/VideoChat-Flash-Training-Data/annotations/image/LLaVA-ReCap-CC3M.json, media_type=image, video_read_type=None, data_root=OpenGVLab/stage2/LLaVA-ReCap-CC3M/data/extracted_images/
[17:34:26.710445] Rank 0:  Checking: OpenGVLab/stage2/LLaVA-ReCap-CC3M/data/extracted_images/000000012.jpg
[17:34:26.710503] Rank 0:  Loaded 142878 samples from OpenGVLab/VideoChat-Flash-Training-Data/annotations/image/LLaVA-ReCap-CC3M.json, media_type=image, video_read_type=None, data_root=OpenGVLab/stage2/LLaVA-ReCap-CC3M/data/extracted_images/
[17:34:26.711633] Rank 0:  Loading OpenGVLab/VideoChat-Flash-Training-Data/annotations/image/LLaVA-ReCap-558K.json with first:5% sampling strategy
[17:34:30.412866] Rank 0:  sampling_strategy=first, 0:27907
[17:34:30.444079] Rank 0:  Check samples from OpenGVLab/VideoChat-Flash-Training-Data/annotations/image/LLaVA-ReCap-558K.json, media_type=image, video_read_type=None, data_root=OpenGVLab/stage2/LLaVA-ReCap-558K/data/extracted_images/
[17:34:30.444153] Rank 0:  Checking: OpenGVLab/stage2/LLaVA-ReCap-558K/data/extracted_images/000000010.jpg
[17:34:30.444215] Rank 0:  Loaded 27907 samples from OpenGVLab/VideoChat-Flash-Training-Data/annotations/image/LLaVA-ReCap-558K.json, media_type=image, video_read_type=None, data_root=OpenGVLab/stage2/LLaVA-ReCap-558K/data/extracted_images/
[17:34:30.444639] Rank 0:  Loading OpenGVLab/stage2/LLaVA-OneVision-Mid-Data/evol_instruct/evol_instruct_processed.json with first:5% sampling strategy
[17:34:32.097980] Rank 0:  sampling_strategy=first, 0:7150
[17:34:32.098065] Rank 0:  Check samples from OpenGVLab/stage2/LLaVA-OneVision-Mid-Data/evol_instruct/evol_instruct_processed.json, media_type=text, video_read_type=None, data_root=
[17:34:32.098090] Rank 0:  Loaded 7150 samples from OpenGVLab/stage2/LLaVA-OneVision-Mid-Data/evol_instruct/evol_instruct_processed.json, media_type=text, video_read_type=None, data_root=
[17:34:32.098318] Rank 0:  Loading OpenGVLab/VideoChat-Flash-Training-Data/annotations/video/caption_sharegemini_k400_223k.json with first:5% sampling strategy
[17:34:33.074467] Rank 0:  sampling_strategy=first, 0:11099
[17:34:33.085043] Rank 0:  Check samples from OpenGVLab/VideoChat-Flash-Training-Data/annotations/video/caption_sharegemini_k400_223k.json, media_type=video, video_read_type=None, data_root=OpenGVLab/stage2/OpenMMLab___Kinetics-400/raw/Kinetics-400/videos_train/
[17:34:33.085101] Rank 0:  Checking: OpenGVLab/stage2/OpenMMLab___Kinetics-400/raw/Kinetics-400/videos_train/-9C2gOJcDl8.mp4
[17:34:33.085160] Rank 0:  Loaded 11099 samples from OpenGVLab/VideoChat-Flash-Training-Data/annotations/video/caption_sharegemini_k400_223k.json, media_type=video, video_read_type=None, data_root=OpenGVLab/stage2/OpenMMLab___Kinetics-400/raw/Kinetics-400/videos_train/
[17:34:33.085275] Rank 0:  Loading OpenGVLab/VideoChat-Flash-Training-Data/annotations/image/ureader_tr_processed.json with first:5% sampling strategy
[17:34:33.815195] Rank 0:  sampling_strategy=first, 0:5094
[17:34:33.820140] Rank 0:  Check samples from OpenGVLab/VideoChat-Flash-Training-Data/annotations/image/ureader_tr_processed.json, media_type=image, video_read_type=None, data_root=OpenGVLab/stage2/LLaVA-OneVision-Mid-Data/ureader_tr/
[17:34:33.820179] Rank 0:  Checking: OpenGVLab/stage2/LLaVA-OneVision-Mid-Data/ureader_tr/ureader-instruction-1.0/ChartQA/train/png/00006834003065.png
[17:34:33.820247] Rank 0:  Loaded 5094 samples from OpenGVLab/VideoChat-Flash-Training-Data/annotations/image/ureader_tr_processed.json, media_type=image, video_read_type=None, data_root=OpenGVLab/stage2/LLaVA-OneVision-Mid-Data/ureader_tr/
[17:34:33.820286] Rank 0:  Loading OpenGVLab/VideoChat-Flash-Training-Data/annotations/image/synthdog_zh_processed.json with first:5% sampling strategy
[17:34:34.832906] Rank 0:  sampling_strategy=first, 0:5000
[17:34:34.837661] Rank 0:  Check samples from OpenGVLab/VideoChat-Flash-Training-Data/annotations/image/synthdog_zh_processed.json, media_type=image, video_read_type=None, data_root=OpenGVLab/stage2/LLaVA-OneVision-Mid-Data/synthdog_zh/synthdog-zh/images/
[17:34:34.837707] Rank 0:  Checking: OpenGVLab/stage2/LLaVA-OneVision-Mid-Data/synthdog_zh/synthdog-zh/images/synthdog_zh_000000.jpg
[17:34:34.837767] Rank 0:  Loaded 5000 samples from OpenGVLab/VideoChat-Flash-Training-Data/annotations/image/synthdog_zh_processed.json, media_type=image, video_read_type=None, data_root=OpenGVLab/stage2/LLaVA-OneVision-Mid-Data/synthdog_zh/synthdog-zh/images/
[17:34:34.837820] Rank 0:  Loading OpenGVLab/VideoChat-Flash-Training-Data/annotations/image/synthdog_en_processed.json with first:5% sampling strategy
[17:34:35.526329] Rank 0:  sampling_strategy=first, 0:5000
[17:34:35.531199] Rank 0:  Check samples from OpenGVLab/VideoChat-Flash-Training-Data/annotations/image/synthdog_en_processed.json, media_type=image, video_read_type=None, data_root=OpenGVLab/stage2/LLaVA-OneVision-Mid-Data/synthdog_en/synthdog-en/alt-images/
[17:34:35.531236] Rank 0:  Checking: OpenGVLab/stage2/LLaVA-OneVision-Mid-Data/synthdog_en/synthdog-en/alt-images/synthdog_en_000000.jpg
[17:34:35.531294] Rank 0:  Loaded 5000 samples from OpenGVLab/VideoChat-Flash-Training-Data/annotations/image/synthdog_en_processed.json, media_type=image, video_read_type=None, data_root=OpenGVLab/stage2/LLaVA-OneVision-Mid-Data/synthdog_en/synthdog-en/alt-images/
[17:34:35.531541] Rank 0:  Loading OpenGVLab/VideoChat-Flash-Training-Data/annotations/video/smit_caption_481k.json with first:5% sampling strategy
[17:34:38.049893] Rank 0:  sampling_strategy=first, 0:24056
[17:34:38.075016] Rank 0:  Check samples from OpenGVLab/VideoChat-Flash-Training-Data/annotations/video/smit_caption_481k.json, media_type=video, video_read_type=None, data_root=OpenGVLab/smit/S-MiT/
[17:34:38.075081] Rank 0:  Checking: OpenGVLab/smit/S-MiT/videos/bouncing/yt-4orgJDGR6mI_37.mp4
[17:34:38.075143] Rank 0:  Loaded 24056 samples from OpenGVLab/VideoChat-Flash-Training-Data/annotations/video/smit_caption_481k.json, media_type=video, video_read_type=None, data_root=OpenGVLab/smit/S-MiT/
[17:34:38.075296] Rank 0:  Loading OpenGVLab/VideoChat-Flash-Training-Data/annotations/video/caption_sharegptvideo_300k-sharegptvideo-train_300k_302k.json with first:5% sampling strategy
[17:34:40.030869] Rank 0:  sampling_strategy=first, 0:15088
[17:34:40.045707] Rank 0:  Check samples from OpenGVLab/VideoChat-Flash-Training-Data/annotations/video/caption_sharegptvideo_300k-sharegptvideo-train_300k_302k.json, media_type=video, video_read_type=img, data_root=OpenGVLab/train_video_and_instruction/train_300k/
[17:34:40.045765] Rank 0:  Checking: OpenGVLab/train_video_and_instruction/train_300k/v_--0edUL8zmA-Scene-001
[17:34:40.045814] Rank 0:  Loaded 15088 samples from OpenGVLab/VideoChat-Flash-Training-Data/annotations/video/caption_sharegptvideo_300k-sharegptvideo-train_300k_302k.json, media_type=video, video_read_type=img, data_root=OpenGVLab/train_video_and_instruction/train_300k/
[17:34:40.046182] Rank 0:  Loaded 249188 samples from OpenGVLab/train_video_and_instruction/train_300k/v_--0edUL8zmA-Scene-001
[17:34:40.046213] Rank 0:  Formatting inputs...Skip in lazy mode
[17:34:40.046663] Rank 0:  Setting NCCL timeout to INF to avoid running errors.
[17:34:40.085467] Rank 0:  model_config after before train: Qwen2Config {
  "_name_or_path": "Qwen/Qwen2.5-1.5B-Instruct",
  "architectures": [
    "Qwen2ForCausalLM"
  ],
  "attention_dropout": 0.0,
  "bos_token_id": 151643,
  "eos_token_id": 151645,
  "frame_aspect_ratio": "square",
  "frame_grid_pinpoints": null,
  "hidden_act": "silu",
  "hidden_size": 1536,
  "image_aspect_ratio": "square",
  "image_crop_resolution": null,
  "image_grid_pinpoints": null,
  "image_split_resolution": null,
  "initializer_range": 0.02,
  "intermediate_size": 8960,
  "llm_compress_layer_list": [
    8,
    16,
    24
  ],
  "llm_compress_type": "attention",
  "llm_image_token_ratio_list": [
    1.0,
    0.5,
    0.25,
    0.125
  ],
  "max_num_pixels": 14745600000,
  "max_position_embeddings": 32768,
  "max_window_layers": 21,
  "min_slow_num_frames": 4,
  "mm_close_init": true,
  "mm_hidden_size": 1024,
  "mm_llm_compress": false,
  "mm_local_num_frames": 4,
  "mm_newline_position": "one_token",
  "mm_num_compress_latents": 128,
  "mm_num_compress_query_type": "learnable",
  "mm_patch_merge_type": "flat",
  "mm_pos_num_frames": 8,
  "mm_projector_lr": null,
  "mm_projector_type": "tome16_mlp_hd64",
  "mm_spatial_pool_mode": "bilinear",
  "mm_tunable_parts": "mm_vision_tower,mm_mlp_adapter,mm_language_model",
  "mm_use_im_patch_token": false,
  "mm_use_im_start_end": false,
  "mm_vision_select_feature": "patch",
  "mm_vision_select_layer": -2,
  "mm_vision_tower": "umt-hd-large",
  "mm_vision_tower_lr": 2e-06,
  "model_type": "qwen2",
  "num_attention_heads": 12,
  "num_hidden_layers": 28,
  "num_key_value_heads": 2,
  "pos_skipping_range": 4096,
  "rms_norm_eps": 1e-06,
  "rope_scaling": null,
  "rope_theta": 1000000.0,
  "sliding_window": 32768,
  "tie_word_embeddings": true,
  "tokenizer_model_max_length": 32768,
  "tokenizer_padding_side": "right",
  "torch_dtype": "bfloat16",
  "transformers_version": "4.40.0.dev0",
  "use_cache": false,
  "use_mm_proj": true,
  "use_pos_skipping": false,
  "use_sliding_window": false,
  "vision_encode_type": "video_image",
  "vision_tower_pretrained": null,
  "vocab_size": 151936
}

[17:34:43.247539] ninja: no work to do.
[17:34:44.349461] [17:34:44.350872] Time to load fused_adam op: 1.1035919189453125 seconds
{'loss': 2.4076, 'grad_norm': 33.86499786376953, 'learning_rate': 4.273504273504274e-08, 'epoch': 0.0}
{'loss': 2.3632, 'grad_norm': 27.551658630371094, 'learning_rate': 8.547008547008549e-08, 'epoch': 0.0}
{'loss': 2.4685, 'grad_norm': 32.7809944152832, 'learning_rate': 1.282051282051282e-07, 'epoch': 0.0}
{'loss': 2.2004, 'grad_norm': 25.114391326904297, 'learning_rate': 1.7094017094017097e-07, 'epoch': 0.0}
{'loss': 2.2647, 'grad_norm': 23.207109451293945, 'learning_rate': 2.136752136752137e-07, 'epoch': 0.0}
{'loss': 2.3231, 'grad_norm': 31.782224655151367, 'learning_rate': 2.564102564102564e-07, 'epoch': 0.0}
{'loss': 2.0777, 'grad_norm': 24.21057891845703, 'learning_rate': 2.991452991452992e-07, 'epoch': 0.0}
{'loss': 2.0808, 'grad_norm': 22.908550262451172, 'learning_rate': 3.4188034188034194e-07, 'epoch': 0.0}
{'loss': 2.0666, 'grad_norm': 22.42530059814453, 'learning_rate': 3.846153846153847e-07, 'epoch': 0.0}
{'loss': 2.444, 'grad_norm': 33.49956512451172, 'learning_rate': 4.273504273504274e-07, 'epoch': 0.0}
{'loss': 2.7166, 'grad_norm': 36.52017593383789, 'learning_rate': 4.700854700854701e-07, 'epoch': 0.0}
{'loss': 2.2513, 'grad_norm': 21.31199073791504, 'learning_rate': 5.128205128205128e-07, 'epoch': 0.0}
{'loss': 2.2832, 'grad_norm': 30.1750431060791, 'learning_rate': 5.555555555555555e-07, 'epoch': 0.0}
{'loss': 2.3285, 'grad_norm': 27.975749969482422, 'learning_rate': 5.982905982905984e-07, 'epoch': 0.0}
{'loss': 2.3971, 'grad_norm': 31.342370986938477, 'learning_rate': 6.41025641025641e-07, 'epoch': 0.0}
{'loss': 2.2847, 'grad_norm': 25.527685165405273, 'learning_rate': 6.837606837606839e-07, 'epoch': 0.0}
{'loss': 0.8831, 'grad_norm': 19.700767517089844, 'learning_rate': 7.264957264957266e-07, 'epoch': 0.0}
{'loss': 0.8824, 'grad_norm': 14.653196334838867, 'learning_rate': 7.692307692307694e-07, 'epoch': 0.0}
{'loss': 2.4387, 'grad_norm': 28.96259307861328, 'learning_rate': 8.11965811965812e-07, 'epoch': 0.0}
{'loss': 2.2702, 'grad_norm': 28.554752349853516, 'learning_rate': 8.547008547008548e-07, 'epoch': 0.0}
{'loss': 2.508, 'grad_norm': 30.369062423706055, 'learning_rate': 8.974358974358975e-07, 'epoch': 0.0}
{'loss': 2.2928, 'grad_norm': 25.72652244567871, 'learning_rate': 9.401709401709402e-07, 'epoch': 0.0}
{'loss': 2.2184, 'grad_norm': 19.12493896484375, 'learning_rate': 9.829059829059829e-07, 'epoch': 0.0}
{'loss': 2.5198, 'grad_norm': 31.11804962158203, 'learning_rate': 1.0256410256410257e-06, 'epoch': 0.0}
{'loss': 2.1414, 'grad_norm': 21.037107467651367, 'learning_rate': 1.0683760683760685e-06, 'epoch': 0.0}
{'loss': 2.0615, 'grad_norm': 24.69540023803711, 'learning_rate': 1.111111111111111e-06, 'epoch': 0.0}
{'loss': 1.7958, 'grad_norm': 16.072736740112305, 'learning_rate': 1.153846153846154e-06, 'epoch': 0.0}
{'loss': 2.0613, 'grad_norm': 14.945465087890625, 'learning_rate': 1.1965811965811968e-06, 'epoch': 0.0}
{'loss': 1.9978, 'grad_norm': 12.71664047241211, 'learning_rate': 1.2393162393162394e-06, 'epoch': 0.0}
{'loss': 1.9289, 'grad_norm': 9.672621726989746, 'learning_rate': 1.282051282051282e-06, 'epoch': 0.0}
{'loss': 1.8373, 'grad_norm': 7.9774556159973145, 'learning_rate': 1.324786324786325e-06, 'epoch': 0.0}
{'loss': 1.8772, 'grad_norm': 8.087532043457031, 'learning_rate': 1.3675213675213678e-06, 'epoch': 0.0}
{'loss': 2.0908, 'grad_norm': 9.325873374938965, 'learning_rate': 1.4102564102564104e-06, 'epoch': 0.0}
{'loss': 1.9315, 'grad_norm': 7.0080790519714355, 'learning_rate': 1.4529914529914531e-06, 'epoch': 0.0}
{'loss': 1.7868, 'grad_norm': 6.6764092445373535, 'learning_rate': 1.4957264957264957e-06, 'epoch': 0.0}
{'loss': 1.6614, 'grad_norm': 6.850302219390869, 'learning_rate': 1.5384615384615387e-06, 'epoch': 0.0}
{'loss': 1.8463, 'grad_norm': 6.853057861328125, 'learning_rate': 1.5811965811965813e-06, 'epoch': 0.0}
{'loss': 1.5833, 'grad_norm': 5.5890793800354, 'learning_rate': 1.623931623931624e-06, 'epoch': 0.0}
{'loss': 0.7498, 'grad_norm': 3.685755968093872, 'learning_rate': 1.6666666666666667e-06, 'epoch': 0.01}
{'loss': 1.6732, 'grad_norm': 4.978217601776123, 'learning_rate': 1.7094017094017097e-06, 'epoch': 0.01}
{'loss': 1.6849, 'grad_norm': 4.657405853271484, 'learning_rate': 1.7521367521367522e-06, 'epoch': 0.01}
{'loss': 1.6865, 'grad_norm': 5.304327011108398, 'learning_rate': 1.794871794871795e-06, 'epoch': 0.01}
{'loss': 1.5553, 'grad_norm': 5.168333530426025, 'learning_rate': 1.8376068376068378e-06, 'epoch': 0.01}
{'loss': 1.6423, 'grad_norm': 5.444761276245117, 'learning_rate': 1.8803418803418804e-06, 'epoch': 0.01}
{'loss': 1.4435, 'grad_norm': 5.573014259338379, 'learning_rate': 1.9230769230769234e-06, 'epoch': 0.01}
{'loss': 1.517, 'grad_norm': 4.2664103507995605, 'learning_rate': 1.9658119658119658e-06, 'epoch': 0.01}
{'loss': 1.6998, 'grad_norm': 4.571417808532715, 'learning_rate': 2.008547008547009e-06, 'epoch': 0.01}
{'loss': 1.5684, 'grad_norm': 4.376620769500732, 'learning_rate': 2.0512820512820513e-06, 'epoch': 0.01}
{'loss': 1.4276, 'grad_norm': 4.1740498542785645, 'learning_rate': 2.094017094017094e-06, 'epoch': 0.01}
{'loss': 1.4443, 'grad_norm': 4.038287162780762, 'learning_rate': 2.136752136752137e-06, 'epoch': 0.01}
{'loss': 1.4742, 'grad_norm': 4.012861728668213, 'learning_rate': 2.1794871794871797e-06, 'epoch': 0.01}
{'loss': 1.6225, 'grad_norm': 4.264137268066406, 'learning_rate': 2.222222222222222e-06, 'epoch': 0.01}
{'loss': 1.5642, 'grad_norm': 4.168369293212891, 'learning_rate': 2.2649572649572653e-06, 'epoch': 0.01}
{'loss': 1.4678, 'grad_norm': 3.6244444847106934, 'learning_rate': 2.307692307692308e-06, 'epoch': 0.01}
{'loss': 1.4049, 'grad_norm': 4.051414489746094, 'learning_rate': 2.3504273504273504e-06, 'epoch': 0.01}
{'loss': 1.6971, 'grad_norm': 4.462151050567627, 'learning_rate': 2.3931623931623937e-06, 'epoch': 0.01}
{'loss': 1.467, 'grad_norm': 3.7003023624420166, 'learning_rate': 2.435897435897436e-06, 'epoch': 0.01}
{'loss': 0.7124, 'grad_norm': 2.873054265975952, 'learning_rate': 2.478632478632479e-06, 'epoch': 0.01}
{'loss': 1.3935, 'grad_norm': 4.06606388092041, 'learning_rate': 2.5213675213675216e-06, 'epoch': 0.01}
{'loss': 1.2694, 'grad_norm': 3.0786592960357666, 'learning_rate': 2.564102564102564e-06, 'epoch': 0.01}
{'loss': 1.3873, 'grad_norm': 4.0198774337768555, 'learning_rate': 2.606837606837607e-06, 'epoch': 0.01}
{'loss': 1.3895, 'grad_norm': 3.7050395011901855, 'learning_rate': 2.64957264957265e-06, 'epoch': 0.01}
{'loss': 1.4913, 'grad_norm': 4.248015880584717, 'learning_rate': 2.6923076923076923e-06, 'epoch': 0.01}
{'loss': 1.334, 'grad_norm': 3.8305156230926514, 'learning_rate': 2.7350427350427355e-06, 'epoch': 0.01}
{'loss': 1.3866, 'grad_norm': 3.346632480621338, 'learning_rate': 2.7777777777777783e-06, 'epoch': 0.01}
{'loss': 1.5441, 'grad_norm': 3.611187219619751, 'learning_rate': 2.8205128205128207e-06, 'epoch': 0.01}
{'loss': 1.4737, 'grad_norm': 3.7876384258270264, 'learning_rate': 2.8632478632478635e-06, 'epoch': 0.01}
{'loss': 1.5073, 'grad_norm': 4.0465545654296875, 'learning_rate': 2.9059829059829063e-06, 'epoch': 0.01}
{'loss': 1.4424, 'grad_norm': 4.47158145904541, 'learning_rate': 2.948717948717949e-06, 'epoch': 0.01}
{'loss': 1.6457, 'grad_norm': 4.144099712371826, 'learning_rate': 2.9914529914529914e-06, 'epoch': 0.01}
{'loss': 1.4542, 'grad_norm': 3.6456825733184814, 'learning_rate': 3.0341880341880342e-06, 'epoch': 0.01}
{'loss': 1.3582, 'grad_norm': 3.791635751724243, 'learning_rate': 3.0769230769230774e-06, 'epoch': 0.01}
{'loss': 1.4795, 'grad_norm': 3.8254427909851074, 'learning_rate': 3.11965811965812e-06, 'epoch': 0.01}
{'loss': 1.4609, 'grad_norm': 3.8455255031585693, 'learning_rate': 3.1623931623931626e-06, 'epoch': 0.01}
{'loss': 1.5302, 'grad_norm': 3.561706781387329, 'learning_rate': 3.205128205128206e-06, 'epoch': 0.01}
{'loss': 1.3398, 'grad_norm': 3.7345163822174072, 'learning_rate': 3.247863247863248e-06, 'epoch': 0.01}
{'loss': 1.2948, 'grad_norm': 4.351957321166992, 'learning_rate': 3.290598290598291e-06, 'epoch': 0.01}
{'loss': 1.3125, 'grad_norm': 4.290266990661621, 'learning_rate': 3.3333333333333333e-06, 'epoch': 0.01}
{'loss': 1.474, 'grad_norm': 4.053858280181885, 'learning_rate': 3.3760683760683765e-06, 'epoch': 0.01}
{'loss': 1.3011, 'grad_norm': 3.9388160705566406, 'learning_rate': 3.4188034188034193e-06, 'epoch': 0.01}
{'loss': 1.3736, 'grad_norm': 4.0805439949035645, 'learning_rate': 3.4615384615384617e-06, 'epoch': 0.01}
{'loss': 1.3549, 'grad_norm': 3.9440131187438965, 'learning_rate': 3.5042735042735045e-06, 'epoch': 0.01}
{'loss': 1.3915, 'grad_norm': 3.6578097343444824, 'learning_rate': 3.5470085470085473e-06, 'epoch': 0.01}
{'loss': 1.3325, 'grad_norm': 4.1848320960998535, 'learning_rate': 3.58974358974359e-06, 'epoch': 0.01}
{'loss': 1.419, 'grad_norm': 3.4180681705474854, 'learning_rate': 3.632478632478633e-06, 'epoch': 0.01}
{'loss': 1.4249, 'grad_norm': 3.556320905685425, 'learning_rate': 3.6752136752136756e-06, 'epoch': 0.01}
{'loss': 1.2561, 'grad_norm': 3.4560210704803467, 'learning_rate': 3.7179487179487184e-06, 'epoch': 0.01}
{'loss': 1.4362, 'grad_norm': 4.569491863250732, 'learning_rate': 3.760683760683761e-06, 'epoch': 0.01}
{'loss': 1.1639, 'grad_norm': 3.732369899749756, 'learning_rate': 3.8034188034188036e-06, 'epoch': 0.01}
{'loss': 1.2016, 'grad_norm': 3.540876626968384, 'learning_rate': 3.846153846153847e-06, 'epoch': 0.01}
{'loss': 1.5607, 'grad_norm': 4.10396671295166, 'learning_rate': 3.88888888888889e-06, 'epoch': 0.01}
{'loss': 1.5533, 'grad_norm': 5.452768802642822, 'learning_rate': 3.9316239316239315e-06, 'epoch': 0.01}
{'loss': 1.3147, 'grad_norm': 3.745479106903076, 'learning_rate': 3.974358974358974e-06, 'epoch': 0.01}
{'loss': 1.3856, 'grad_norm': 3.4873743057250977, 'learning_rate': 4.017094017094018e-06, 'epoch': 0.01}
{'loss': 1.2278, 'grad_norm': 3.266989231109619, 'learning_rate': 4.05982905982906e-06, 'epoch': 0.01}
{'loss': 1.4615, 'grad_norm': 4.2370147705078125, 'learning_rate': 4.102564102564103e-06, 'epoch': 0.01}
{'loss': 1.5451, 'grad_norm': 3.8793253898620605, 'learning_rate': 4.145299145299146e-06, 'epoch': 0.01}
{'loss': 1.4434, 'grad_norm': 3.6223649978637695, 'learning_rate': 4.188034188034188e-06, 'epoch': 0.01}
{'loss': 1.5486, 'grad_norm': 4.028694152832031, 'learning_rate': 4.230769230769231e-06, 'epoch': 0.01}
{'loss': 1.246, 'grad_norm': 4.007535934448242, 'learning_rate': 4.273504273504274e-06, 'epoch': 0.01}
{'loss': 1.1967, 'grad_norm': 3.3600754737854004, 'learning_rate': 4.316239316239317e-06, 'epoch': 0.01}
{'loss': 1.3783, 'grad_norm': 3.367053985595703, 'learning_rate': 4.358974358974359e-06, 'epoch': 0.01}
{'loss': 1.235, 'grad_norm': 2.867241621017456, 'learning_rate': 4.401709401709402e-06, 'epoch': 0.01}
{'loss': 1.1868, 'grad_norm': 3.538046360015869, 'learning_rate': 4.444444444444444e-06, 'epoch': 0.01}
{'loss': 1.148, 'grad_norm': 3.0386335849761963, 'learning_rate': 4.487179487179488e-06, 'epoch': 0.01}
{'loss': 1.1852, 'grad_norm': 2.59658145904541, 'learning_rate': 4.5299145299145306e-06, 'epoch': 0.01}
{'loss': 1.3179, 'grad_norm': 3.171574831008911, 'learning_rate': 4.5726495726495725e-06, 'epoch': 0.01}
{'loss': 1.0844, 'grad_norm': 3.2357239723205566, 'learning_rate': 4.615384615384616e-06, 'epoch': 0.01}
{'loss': 1.3044, 'grad_norm': 3.640886068344116, 'learning_rate': 4.658119658119659e-06, 'epoch': 0.01}
{'loss': 1.3265, 'grad_norm': 3.346931219100952, 'learning_rate': 4.700854700854701e-06, 'epoch': 0.01}
{'loss': 1.3881, 'grad_norm': 3.800978660583496, 'learning_rate': 4.743589743589744e-06, 'epoch': 0.01}
{'loss': 1.3926, 'grad_norm': 3.3803625106811523, 'learning_rate': 4.786324786324787e-06, 'epoch': 0.01}
{'loss': 1.2998, 'grad_norm': 3.723982095718384, 'learning_rate': 4.829059829059829e-06, 'epoch': 0.01}
{'loss': 1.2871, 'grad_norm': 3.281012773513794, 'learning_rate': 4.871794871794872e-06, 'epoch': 0.01}
{'loss': 1.0912, 'grad_norm': 3.1064653396606445, 'learning_rate': 4.914529914529915e-06, 'epoch': 0.01}
{'loss': 1.2528, 'grad_norm': 3.342228651046753, 'learning_rate': 4.957264957264958e-06, 'epoch': 0.01}
{'loss': 1.3138, 'grad_norm': 3.3681857585906982, 'learning_rate': 5e-06, 'epoch': 0.02}
{'loss': 1.2293, 'grad_norm': 3.0348687171936035, 'learning_rate': 5.042735042735043e-06, 'epoch': 0.02}
{'loss': 1.1705, 'grad_norm': 4.000193119049072, 'learning_rate': 5.085470085470086e-06, 'epoch': 0.02}
{'loss': 1.3169, 'grad_norm': 3.2944083213806152, 'learning_rate': 5.128205128205128e-06, 'epoch': 0.02}
{'loss': 1.1288, 'grad_norm': 3.5546724796295166, 'learning_rate': 5.1709401709401716e-06, 'epoch': 0.02}
{'loss': 1.2212, 'grad_norm': 3.3445284366607666, 'learning_rate': 5.213675213675214e-06, 'epoch': 0.02}
{'loss': 1.1704, 'grad_norm': 3.3471596240997314, 'learning_rate': 5.256410256410257e-06, 'epoch': 0.02}
{'loss': 1.1917, 'grad_norm': 3.0898072719573975, 'learning_rate': 5.2991452991453e-06, 'epoch': 0.02}
{'loss': 1.2634, 'grad_norm': 3.4918909072875977, 'learning_rate': 5.341880341880342e-06, 'epoch': 0.02}
{'loss': 1.5264, 'grad_norm': 4.088273048400879, 'learning_rate': 5.384615384615385e-06, 'epoch': 0.02}
{'loss': 1.295, 'grad_norm': 3.603952407836914, 'learning_rate': 5.4273504273504275e-06, 'epoch': 0.02}
{'loss': 0.5982, 'grad_norm': 2.2356762886047363, 'learning_rate': 5.470085470085471e-06, 'epoch': 0.02}
{'loss': 1.3121, 'grad_norm': 3.339444160461426, 'learning_rate': 5.512820512820514e-06, 'epoch': 0.02}
{'loss': 1.242, 'grad_norm': 3.167574882507324, 'learning_rate': 5.555555555555557e-06, 'epoch': 0.02}
{'loss': 1.1606, 'grad_norm': 3.2687747478485107, 'learning_rate': 5.598290598290599e-06, 'epoch': 0.02}
{'loss': 1.3239, 'grad_norm': 3.819629430770874, 'learning_rate': 5.641025641025641e-06, 'epoch': 0.02}
{'loss': 1.2684, 'grad_norm': 3.0742948055267334, 'learning_rate': 5.683760683760684e-06, 'epoch': 0.02}
{'loss': 1.237, 'grad_norm': 3.4377617835998535, 'learning_rate': 5.726495726495727e-06, 'epoch': 0.02}
{'loss': 1.4292, 'grad_norm': 3.175522565841675, 'learning_rate': 5.769230769230769e-06, 'epoch': 0.02}
{'loss': 1.2032, 'grad_norm': 3.6588525772094727, 'learning_rate': 5.8119658119658126e-06, 'epoch': 0.02}
{'loss': 1.1166, 'grad_norm': 3.0198867321014404, 'learning_rate': 5.854700854700855e-06, 'epoch': 0.02}
{'loss': 1.0916, 'grad_norm': 2.8905601501464844, 'learning_rate': 5.897435897435898e-06, 'epoch': 0.02}
{'loss': 1.2063, 'grad_norm': 3.086481809616089, 'learning_rate': 5.940170940170941e-06, 'epoch': 0.02}
{'loss': 1.3047, 'grad_norm': 3.553621530532837, 'learning_rate': 5.982905982905983e-06, 'epoch': 0.02}
{'loss': 1.4185, 'grad_norm': 3.4914398193359375, 'learning_rate': 6.025641025641026e-06, 'epoch': 0.02}
{'loss': 1.3688, 'grad_norm': 3.359389543533325, 'learning_rate': 6.0683760683760684e-06, 'epoch': 0.02}
{'loss': 1.123, 'grad_norm': 3.016587018966675, 'learning_rate': 6.111111111111112e-06, 'epoch': 0.02}
{'loss': 1.0226, 'grad_norm': 3.052755832672119, 'learning_rate': 6.153846153846155e-06, 'epoch': 0.02}
{'loss': 1.2523, 'grad_norm': 3.422426223754883, 'learning_rate': 6.196581196581198e-06, 'epoch': 0.02}
{'loss': 1.0579, 'grad_norm': 3.2661473751068115, 'learning_rate': 6.23931623931624e-06, 'epoch': 0.02}
{'loss': 1.2951, 'grad_norm': 3.297266721725464, 'learning_rate': 6.282051282051282e-06, 'epoch': 0.02}
{'loss': 1.3022, 'grad_norm': 3.2977781295776367, 'learning_rate': 6.324786324786325e-06, 'epoch': 0.02}
{'loss': 1.4407, 'grad_norm': 3.4557220935821533, 'learning_rate': 6.367521367521368e-06, 'epoch': 0.02}
{'loss': 1.3206, 'grad_norm': 3.30692458152771, 'learning_rate': 6.410256410256412e-06, 'epoch': 0.02}
{'loss': 1.2233, 'grad_norm': 3.3633077144622803, 'learning_rate': 6.4529914529914535e-06, 'epoch': 0.02}
{'loss': 1.0965, 'grad_norm': 2.916334867477417, 'learning_rate': 6.495726495726496e-06, 'epoch': 0.02}
{'loss': 1.3988, 'grad_norm': 3.6615004539489746, 'learning_rate': 6.538461538461539e-06, 'epoch': 0.02}
{'loss': 1.1598, 'grad_norm': 3.2005929946899414, 'learning_rate': 6.581196581196582e-06, 'epoch': 0.02}
{'loss': 1.1837, 'grad_norm': 3.377690315246582, 'learning_rate': 6.623931623931624e-06, 'epoch': 0.02}
{'loss': 1.0383, 'grad_norm': 3.4618420600891113, 'learning_rate': 6.666666666666667e-06, 'epoch': 0.02}
{'loss': 1.1987, 'grad_norm': 3.0809102058410645, 'learning_rate': 6.7094017094017094e-06, 'epoch': 0.02}
{'loss': 1.2551, 'grad_norm': 3.3299643993377686, 'learning_rate': 6.752136752136753e-06, 'epoch': 0.02}
{'loss': 1.533, 'grad_norm': 3.963378667831421, 'learning_rate': 6.794871794871796e-06, 'epoch': 0.02}
{'loss': 1.2078, 'grad_norm': 3.645923376083374, 'learning_rate': 6.837606837606839e-06, 'epoch': 0.02}
{'loss': 1.1959, 'grad_norm': 3.3140203952789307, 'learning_rate': 6.880341880341881e-06, 'epoch': 0.02}
{'loss': 1.137, 'grad_norm': 3.3466718196868896, 'learning_rate': 6.923076923076923e-06, 'epoch': 0.02}
{'loss': 1.1099, 'grad_norm': 3.3239479064941406, 'learning_rate': 6.965811965811966e-06, 'epoch': 0.02}
{'loss': 1.1695, 'grad_norm': 3.2224628925323486, 'learning_rate': 7.008547008547009e-06, 'epoch': 0.02}
{'loss': 1.2403, 'grad_norm': 3.896775484085083, 'learning_rate': 7.051282051282053e-06, 'epoch': 0.02}
{'loss': 1.2302, 'grad_norm': 3.254962682723999, 'learning_rate': 7.0940170940170945e-06, 'epoch': 0.02}
{'loss': 1.0928, 'grad_norm': 3.3348004817962646, 'learning_rate': 7.136752136752137e-06, 'epoch': 0.02}
{'loss': 1.1414, 'grad_norm': 3.1956939697265625, 'learning_rate': 7.17948717948718e-06, 'epoch': 0.02}
{'loss': 1.38, 'grad_norm': 3.486891746520996, 'learning_rate': 7.222222222222223e-06, 'epoch': 0.02}
{'loss': 1.2449, 'grad_norm': 3.4651505947113037, 'learning_rate': 7.264957264957266e-06, 'epoch': 0.02}
{'loss': 1.0309, 'grad_norm': 2.9092187881469727, 'learning_rate': 7.307692307692308e-06, 'epoch': 0.02}
{'loss': 1.2183, 'grad_norm': 3.3204233646392822, 'learning_rate': 7.350427350427351e-06, 'epoch': 0.02}
{'loss': 1.2827, 'grad_norm': 3.564517021179199, 'learning_rate': 7.393162393162394e-06, 'epoch': 0.02}
{'loss': 1.0908, 'grad_norm': 3.098198652267456, 'learning_rate': 7.435897435897437e-06, 'epoch': 0.02}
{'loss': 1.3042, 'grad_norm': 3.165825605392456, 'learning_rate': 7.47863247863248e-06, 'epoch': 0.02}
{'loss': 1.3127, 'grad_norm': 3.5277528762817383, 'learning_rate': 7.521367521367522e-06, 'epoch': 0.02}
{'loss': 1.2238, 'grad_norm': 3.2608211040496826, 'learning_rate': 7.564102564102564e-06, 'epoch': 0.02}
{'loss': 1.3215, 'grad_norm': 3.5452301502227783, 'learning_rate': 7.606837606837607e-06, 'epoch': 0.02}
{'loss': 1.0842, 'grad_norm': 3.3672189712524414, 'learning_rate': 7.649572649572649e-06, 'epoch': 0.02}
{'loss': 1.002, 'grad_norm': 3.1928532123565674, 'learning_rate': 7.692307692307694e-06, 'epoch': 0.02}
{'loss': 1.495, 'grad_norm': 3.7610268592834473, 'learning_rate': 7.735042735042736e-06, 'epoch': 0.02}
{'loss': 1.2027, 'grad_norm': 3.5409860610961914, 'learning_rate': 7.77777777777778e-06, 'epoch': 0.02}
{'loss': 1.2211, 'grad_norm': 3.2281970977783203, 'learning_rate': 7.820512820512822e-06, 'epoch': 0.02}
{'loss': 1.249, 'grad_norm': 3.361523389816284, 'learning_rate': 7.863247863247863e-06, 'epoch': 0.02}
{'loss': 1.2279, 'grad_norm': 3.9397664070129395, 'learning_rate': 7.905982905982906e-06, 'epoch': 0.02}
{'loss': 1.0916, 'grad_norm': 3.285736322402954, 'learning_rate': 7.948717948717949e-06, 'epoch': 0.02}
{'loss': 1.2289, 'grad_norm': 3.2803120613098145, 'learning_rate': 7.991452991452993e-06, 'epoch': 0.02}
{'loss': 1.0865, 'grad_norm': 2.90000581741333, 'learning_rate': 8.034188034188036e-06, 'epoch': 0.02}
{'loss': 1.3021, 'grad_norm': 3.359156370162964, 'learning_rate': 8.076923076923077e-06, 'epoch': 0.02}
{'loss': 1.0918, 'grad_norm': 3.2078447341918945, 'learning_rate': 8.11965811965812e-06, 'epoch': 0.02}
{'loss': 1.0573, 'grad_norm': 3.067387342453003, 'learning_rate': 8.162393162393163e-06, 'epoch': 0.02}
{'loss': 1.1787, 'grad_norm': 3.6890997886657715, 'learning_rate': 8.205128205128205e-06, 'epoch': 0.02}
{'loss': 1.0481, 'grad_norm': 2.856837511062622, 'learning_rate': 8.247863247863248e-06, 'epoch': 0.02}
{'loss': 1.3018, 'grad_norm': 2.931027412414551, 'learning_rate': 8.290598290598293e-06, 'epoch': 0.02}
{'loss': 1.1254, 'grad_norm': 3.2472455501556396, 'learning_rate': 8.333333333333334e-06, 'epoch': 0.03}
{'loss': 1.0663, 'grad_norm': 3.3833892345428467, 'learning_rate': 8.376068376068377e-06, 'epoch': 0.03}
{'loss': 1.175, 'grad_norm': 3.1345574855804443, 'learning_rate': 8.41880341880342e-06, 'epoch': 0.03}
{'loss': 0.74, 'grad_norm': 3.221517324447632, 'learning_rate': 8.461538461538462e-06, 'epoch': 0.03}
{'loss': 1.1607, 'grad_norm': 3.3997838497161865, 'learning_rate': 8.504273504273505e-06, 'epoch': 0.03}
{'loss': 1.2097, 'grad_norm': 3.121809959411621, 'learning_rate': 8.547008547008548e-06, 'epoch': 0.03}
{'loss': 1.2944, 'grad_norm': 3.217510223388672, 'learning_rate': 8.58974358974359e-06, 'epoch': 0.03}
{'loss': 1.2722, 'grad_norm': 3.7455546855926514, 'learning_rate': 8.632478632478633e-06, 'epoch': 0.03}
{'loss': 1.2861, 'grad_norm': 3.4558427333831787, 'learning_rate': 8.675213675213676e-06, 'epoch': 0.03}
{'loss': 1.1738, 'grad_norm': 3.2873902320861816, 'learning_rate': 8.717948717948719e-06, 'epoch': 0.03}
{'loss': 1.0158, 'grad_norm': 3.2094452381134033, 'learning_rate': 8.760683760683762e-06, 'epoch': 0.03}
{'loss': 1.1094, 'grad_norm': 3.166666269302368, 'learning_rate': 8.803418803418804e-06, 'epoch': 0.03}
{'loss': 1.2845, 'grad_norm': 3.36421799659729, 'learning_rate': 8.846153846153847e-06, 'epoch': 0.03}
{'loss': 1.3043, 'grad_norm': 3.4807465076446533, 'learning_rate': 8.888888888888888e-06, 'epoch': 0.03}
{'loss': 1.15, 'grad_norm': 3.7118594646453857, 'learning_rate': 8.931623931623933e-06, 'epoch': 0.03}
{'loss': 1.3234, 'grad_norm': 3.588578462600708, 'learning_rate': 8.974358974358976e-06, 'epoch': 0.03}
{'loss': 1.4084, 'grad_norm': 3.7343761920928955, 'learning_rate': 9.017094017094018e-06, 'epoch': 0.03}
{'loss': 1.0795, 'grad_norm': 3.795794725418091, 'learning_rate': 9.059829059829061e-06, 'epoch': 0.03}
{'loss': 1.009, 'grad_norm': 2.9830453395843506, 'learning_rate': 9.102564102564104e-06, 'epoch': 0.03}
{'loss': 1.1137, 'grad_norm': 3.6364293098449707, 'learning_rate': 9.145299145299145e-06, 'epoch': 0.03}
{'loss': 1.4157, 'grad_norm': 4.395089626312256, 'learning_rate': 9.188034188034188e-06, 'epoch': 0.03}
{'loss': 1.0718, 'grad_norm': 3.572666645050049, 'learning_rate': 9.230769230769232e-06, 'epoch': 0.03}
{'loss': 1.0028, 'grad_norm': 3.740262746810913, 'learning_rate': 9.273504273504275e-06, 'epoch': 0.03}
{'loss': 1.4236, 'grad_norm': 4.652925968170166, 'learning_rate': 9.316239316239318e-06, 'epoch': 0.03}
{'loss': 1.0567, 'grad_norm': 3.344545602798462, 'learning_rate': 9.358974358974359e-06, 'epoch': 0.03}
{'loss': 1.0575, 'grad_norm': 3.3731932640075684, 'learning_rate': 9.401709401709402e-06, 'epoch': 0.03}
{'loss': 1.1395, 'grad_norm': 3.191931962966919, 'learning_rate': 9.444444444444445e-06, 'epoch': 0.03}
{'loss': 1.0079, 'grad_norm': 3.007624387741089, 'learning_rate': 9.487179487179487e-06, 'epoch': 0.03}
{'loss': 1.0865, 'grad_norm': 3.1394991874694824, 'learning_rate': 9.52991452991453e-06, 'epoch': 0.03}
{'loss': 1.2508, 'grad_norm': 3.0545010566711426, 'learning_rate': 9.572649572649575e-06, 'epoch': 0.03}
{'loss': 1.0126, 'grad_norm': 2.9174561500549316, 'learning_rate': 9.615384615384616e-06, 'epoch': 0.03}
{'loss': 1.2759, 'grad_norm': 3.3661611080169678, 'learning_rate': 9.658119658119659e-06, 'epoch': 0.03}
{'loss': 1.2044, 'grad_norm': 3.1438846588134766, 'learning_rate': 9.700854700854701e-06, 'epoch': 0.03}
{'loss': 1.001, 'grad_norm': 2.9175009727478027, 'learning_rate': 9.743589743589744e-06, 'epoch': 0.03}
{'loss': 1.1782, 'grad_norm': 2.853793144226074, 'learning_rate': 9.786324786324787e-06, 'epoch': 0.03}
{'loss': 1.2385, 'grad_norm': 3.640260696411133, 'learning_rate': 9.82905982905983e-06, 'epoch': 0.03}
{'loss': 1.0604, 'grad_norm': 3.1083803176879883, 'learning_rate': 9.871794871794872e-06, 'epoch': 0.03}
{'loss': 1.0698, 'grad_norm': 3.2200393676757812, 'learning_rate': 9.914529914529915e-06, 'epoch': 0.03}
{'loss': 1.2043, 'grad_norm': 3.0647377967834473, 'learning_rate': 9.957264957264958e-06, 'epoch': 0.03}
{'loss': 1.1836, 'grad_norm': 3.022047519683838, 'learning_rate': 1e-05, 'epoch': 0.03}
{'loss': 1.2285, 'grad_norm': 3.554478406906128, 'learning_rate': 9.999999567485395e-06, 'epoch': 0.03}
{'loss': 1.1496, 'grad_norm': 3.0781357288360596, 'learning_rate': 9.99999826994165e-06, 'epoch': 0.03}
{'loss': 1.1236, 'grad_norm': 3.1648924350738525, 'learning_rate': 9.999996107368993e-06, 'epoch': 0.03}
{'loss': 1.1122, 'grad_norm': 3.865354061126709, 'learning_rate': 9.999993079767798e-06, 'epoch': 0.03}
{'loss': 1.3355, 'grad_norm': 3.4517781734466553, 'learning_rate': 9.999989187138586e-06, 'epoch': 0.03}
{'loss': 1.1678, 'grad_norm': 3.467538356781006, 'learning_rate': 9.999984429482032e-06, 'epoch': 0.03}
{'loss': 1.141, 'grad_norm': 3.3627374172210693, 'learning_rate': 9.99997880679896e-06, 'epoch': 0.03}
{'loss': 1.1747, 'grad_norm': 3.5573508739471436, 'learning_rate': 9.999972319090343e-06, 'epoch': 0.03}
{'loss': 1.3492, 'grad_norm': 3.9106180667877197, 'learning_rate': 9.999964966357302e-06, 'epoch': 0.03}
{'loss': 1.1434, 'grad_norm': 3.0931482315063477, 'learning_rate': 9.999956748601109e-06, 'epoch': 0.03}
{'loss': 1.1611, 'grad_norm': 3.8625519275665283, 'learning_rate': 9.999947665823187e-06, 'epoch': 0.03}
{'loss': 1.3408, 'grad_norm': 4.3146748542785645, 'learning_rate': 9.999937718025105e-06, 'epoch': 0.03}
{'loss': 1.0436, 'grad_norm': 3.044947385787964, 'learning_rate': 9.999926905208586e-06, 'epoch': 0.03}
{'loss': 0.745, 'grad_norm': 2.642765522003174, 'learning_rate': 9.999915227375502e-06, 'epoch': 0.03}
{'loss': 0.9948, 'grad_norm': 3.8905792236328125, 'learning_rate': 9.99990268452787e-06, 'epoch': 0.03}
{'loss': 1.123, 'grad_norm': 3.268953323364258, 'learning_rate': 9.999889276667863e-06, 'epoch': 0.03}
{'loss': 1.1455, 'grad_norm': 3.4038727283477783, 'learning_rate': 9.999875003797798e-06, 'epoch': 0.03}
{'loss': 1.1355, 'grad_norm': 3.6588549613952637, 'learning_rate': 9.999859865920146e-06, 'epoch': 0.03}
{'loss': 1.3025, 'grad_norm': 3.391200065612793, 'learning_rate': 9.999843863037526e-06, 'epoch': 0.03}
{'loss': 1.0866, 'grad_norm': 3.2470901012420654, 'learning_rate': 9.999826995152706e-06, 'epoch': 0.03}
{'loss': 1.1931, 'grad_norm': 3.2235729694366455, 'learning_rate': 9.999809262268604e-06, 'epoch': 0.03}
{'loss': 1.0863, 'grad_norm': 3.235109806060791, 'learning_rate': 9.999790664388288e-06, 'epoch': 0.03}
{'loss': 0.9842, 'grad_norm': 3.071925163269043, 'learning_rate': 9.999771201514977e-06, 'epoch': 0.03}
{'loss': 1.0591, 'grad_norm': 3.1752140522003174, 'learning_rate': 9.999750873652034e-06, 'epoch': 0.03}
{'loss': 1.231, 'grad_norm': 3.365830659866333, 'learning_rate': 9.999729680802982e-06, 'epoch': 0.03}
{'loss': 1.1221, 'grad_norm': 3.0705301761627197, 'learning_rate': 9.999707622971483e-06, 'epoch': 0.03}
{'loss': 1.1606, 'grad_norm': 3.4024081230163574, 'learning_rate': 9.999684700161356e-06, 'epoch': 0.03}
{'loss': 1.1895, 'grad_norm': 3.3284637928009033, 'learning_rate': 9.999660912376563e-06, 'epoch': 0.03}
{'loss': 0.9491, 'grad_norm': 2.8859121799468994, 'learning_rate': 9.999636259621223e-06, 'epoch': 0.03}
{'loss': 1.079, 'grad_norm': 3.1161561012268066, 'learning_rate': 9.9996107418996e-06, 'epoch': 0.03}
{'loss': 1.2265, 'grad_norm': 3.431846857070923, 'learning_rate': 9.999584359216107e-06, 'epoch': 0.03}
{'loss': 1.0497, 'grad_norm': 3.193575859069824, 'learning_rate': 9.99955711157531e-06, 'epoch': 0.03}
{'loss': 1.1522, 'grad_norm': 3.5175232887268066, 'learning_rate': 9.999528998981923e-06, 'epoch': 0.03}
{'loss': 1.2593, 'grad_norm': 3.5222790241241455, 'learning_rate': 9.99950002144081e-06, 'epoch': 0.03}
{'loss': 1.0158, 'grad_norm': 2.65041184425354, 'learning_rate': 9.999470178956982e-06, 'epoch': 0.03}
{'loss': 1.0839, 'grad_norm': 3.2942726612091064, 'learning_rate': 9.999439471535606e-06, 'epoch': 0.03}
{'loss': 1.2259, 'grad_norm': 3.4234259128570557, 'learning_rate': 9.999407899181991e-06, 'epoch': 0.03}
{'loss': 1.2692, 'grad_norm': 3.5565640926361084, 'learning_rate': 9.9993754619016e-06, 'epoch': 0.03}
{'loss': 1.0567, 'grad_norm': 2.9391472339630127, 'learning_rate': 9.999342159700047e-06, 'epoch': 0.04}
{'loss': 1.1275, 'grad_norm': 3.4774985313415527, 'learning_rate': 9.999307992583091e-06, 'epoch': 0.04}
{'loss': 1.0537, 'grad_norm': 3.141003370285034, 'learning_rate': 9.999272960556642e-06, 'epoch': 0.04}
{'loss': 1.1097, 'grad_norm': 3.528794765472412, 'learning_rate': 9.999237063626766e-06, 'epoch': 0.04}
{'loss': 1.2196, 'grad_norm': 3.3221070766448975, 'learning_rate': 9.999200301799666e-06, 'epoch': 0.04}
{'loss': 1.2942, 'grad_norm': 3.8133270740509033, 'learning_rate': 9.999162675081708e-06, 'epoch': 0.04}
{'loss': 1.1421, 'grad_norm': 3.5012128353118896, 'learning_rate': 9.999124183479401e-06, 'epoch': 0.04}
{'loss': 1.0678, 'grad_norm': 3.076242208480835, 'learning_rate': 9.999084826999402e-06, 'epoch': 0.04}
{'loss': 1.149, 'grad_norm': 2.7970492839813232, 'learning_rate': 9.999044605648517e-06, 'epoch': 0.04}
{'loss': 0.922, 'grad_norm': 2.8247907161712646, 'learning_rate': 9.999003519433714e-06, 'epoch': 0.04}
{'loss': 1.1201, 'grad_norm': 3.568694829940796, 'learning_rate': 9.998961568362093e-06, 'epoch': 0.04}
{'loss': 1.1577, 'grad_norm': 3.566525936126709, 'learning_rate': 9.998918752440913e-06, 'epoch': 0.04}
{'loss': 1.0621, 'grad_norm': 3.7645680904388428, 'learning_rate': 9.998875071677583e-06, 'epoch': 0.04}
{'loss': 1.2216, 'grad_norm': 4.569697380065918, 'learning_rate': 9.998830526079662e-06, 'epoch': 0.04}
{'loss': 1.1579, 'grad_norm': 3.509387969970703, 'learning_rate': 9.998785115654852e-06, 'epoch': 0.04}
{'loss': 1.0942, 'grad_norm': 2.9642560482025146, 'learning_rate': 9.998738840411013e-06, 'epoch': 0.04}
{'loss': 1.1272, 'grad_norm': 3.3096134662628174, 'learning_rate': 9.998691700356148e-06, 'epoch': 0.04}
{'loss': 1.362, 'grad_norm': 3.7925262451171875, 'learning_rate': 9.998643695498416e-06, 'epoch': 0.04}
{'loss': 1.2572, 'grad_norm': 3.4351534843444824, 'learning_rate': 9.998594825846119e-06, 'epoch': 0.04}
{'loss': 1.0428, 'grad_norm': 3.1719141006469727, 'learning_rate': 9.998545091407712e-06, 'epoch': 0.04}
{'loss': 1.1243, 'grad_norm': 3.250062942504883, 'learning_rate': 9.998494492191802e-06, 'epoch': 0.04}
{'loss': 1.2509, 'grad_norm': 3.3027713298797607, 'learning_rate': 9.998443028207139e-06, 'epoch': 0.04}
{'loss': 1.0485, 'grad_norm': 3.2686517238616943, 'learning_rate': 9.99839069946263e-06, 'epoch': 0.04}
{'loss': 1.2098, 'grad_norm': 3.00095796585083, 'learning_rate': 9.998337505967326e-06, 'epoch': 0.04}
{'loss': 1.0864, 'grad_norm': 3.054586410522461, 'learning_rate': 9.998283447730432e-06, 'epoch': 0.04}
{'loss': 1.2018, 'grad_norm': 3.3751540184020996, 'learning_rate': 9.9982285247613e-06, 'epoch': 0.04}
{'loss': 1.3595, 'grad_norm': 3.616431474685669, 'learning_rate': 9.99817273706943e-06, 'epoch': 0.04}
{'loss': 1.2672, 'grad_norm': 3.1929962635040283, 'learning_rate': 9.998116084664472e-06, 'epoch': 0.04}
{'loss': 1.3091, 'grad_norm': 3.247939348220825, 'learning_rate': 9.998058567556232e-06, 'epoch': 0.04}
{'loss': 1.197, 'grad_norm': 2.822237730026245, 'learning_rate': 9.998000185754659e-06, 'epoch': 0.04}
{'loss': 1.3228, 'grad_norm': 3.819671154022217, 'learning_rate': 9.997940939269855e-06, 'epoch': 0.04}
{'loss': 1.3699, 'grad_norm': 3.655827760696411, 'learning_rate': 9.997880828112066e-06, 'epoch': 0.04}
{'loss': 0.9657, 'grad_norm': 2.8783247470855713, 'learning_rate': 9.997819852291692e-06, 'epoch': 0.04}
{'loss': 0.9413, 'grad_norm': 2.951828718185425, 'learning_rate': 9.997758011819285e-06, 'epoch': 0.04}
{'loss': 1.0578, 'grad_norm': 3.2354648113250732, 'learning_rate': 9.997695306705543e-06, 'epoch': 0.04}
{'loss': 1.1496, 'grad_norm': 3.8357038497924805, 'learning_rate': 9.997631736961314e-06, 'epoch': 0.04}
{'loss': 1.0202, 'grad_norm': 3.362170457839966, 'learning_rate': 9.997567302597594e-06, 'epoch': 0.04}
{'loss': 1.1644, 'grad_norm': 2.731675624847412, 'learning_rate': 9.997502003625536e-06, 'epoch': 0.04}
{'loss': 1.0873, 'grad_norm': 3.301971912384033, 'learning_rate': 9.99743584005643e-06, 'epoch': 0.04}
{'loss': 1.3335, 'grad_norm': 3.273526191711426, 'learning_rate': 9.997368811901728e-06, 'epoch': 0.04}
{'loss': 1.2146, 'grad_norm': 3.5761477947235107, 'learning_rate': 9.997300919173026e-06, 'epoch': 0.04}
{'loss': 1.2052, 'grad_norm': 3.96220326423645, 'learning_rate': 9.997232161882064e-06, 'epoch': 0.04}
{'loss': 1.1754, 'grad_norm': 3.37396502494812, 'learning_rate': 9.997162540040744e-06, 'epoch': 0.04}
{'loss': 1.0482, 'grad_norm': 3.234570026397705, 'learning_rate': 9.997092053661109e-06, 'epoch': 0.04}
{'loss': 1.1698, 'grad_norm': 3.944535732269287, 'learning_rate': 9.997020702755353e-06, 'epoch': 0.04}
{'loss': 1.1227, 'grad_norm': 3.257533311843872, 'learning_rate': 9.99694848733582e-06, 'epoch': 0.04}
{'loss': 1.1873, 'grad_norm': 3.763603448867798, 'learning_rate': 9.996875407415005e-06, 'epoch': 0.04}
{'loss': 1.0558, 'grad_norm': 3.8616580963134766, 'learning_rate': 9.99680146300555e-06, 'epoch': 0.04}
{'loss': 1.3889, 'grad_norm': 3.7484099864959717, 'learning_rate': 9.996726654120246e-06, 'epoch': 0.04}
{'loss': 1.3593, 'grad_norm': 3.9152612686157227, 'learning_rate': 9.996650980772038e-06, 'epoch': 0.04}
{'loss': 1.0548, 'grad_norm': 3.872180700302124, 'learning_rate': 9.99657444297402e-06, 'epoch': 0.04}
{'loss': 1.3499, 'grad_norm': 3.7002463340759277, 'learning_rate': 9.996497040739429e-06, 'epoch': 0.04}
{'loss': 1.1853, 'grad_norm': 4.840865135192871, 'learning_rate': 9.996418774081658e-06, 'epoch': 0.04}
{'loss': 1.0045, 'grad_norm': 2.9191670417785645, 'learning_rate': 9.996339643014248e-06, 'epoch': 0.04}
{'loss': 1.2903, 'grad_norm': 3.404735803604126, 'learning_rate': 9.996259647550888e-06, 'epoch': 0.04}
{'loss': 1.0568, 'grad_norm': 3.155541181564331, 'learning_rate': 9.996178787705419e-06, 'epoch': 0.04}
{'loss': 0.9341, 'grad_norm': 2.847043991088867, 'learning_rate': 9.996097063491829e-06, 'epoch': 0.04}
{'loss': 1.254, 'grad_norm': 3.3346192836761475, 'learning_rate': 9.996014474924259e-06, 'epoch': 0.04}
{'loss': 1.3159, 'grad_norm': 3.8367371559143066, 'learning_rate': 9.995931022016992e-06, 'epoch': 0.04}
{'loss': 1.1009, 'grad_norm': 3.0292141437530518, 'learning_rate': 9.995846704784473e-06, 'epoch': 0.04}
{'loss': 1.0608, 'grad_norm': 2.9264426231384277, 'learning_rate': 9.995761523241283e-06, 'epoch': 0.04}
{'loss': 1.1587, 'grad_norm': 3.3717081546783447, 'learning_rate': 9.995675477402163e-06, 'epoch': 0.04}
{'loss': 1.1921, 'grad_norm': 2.916764497756958, 'learning_rate': 9.995588567282e-06, 'epoch': 0.04}
{'loss': 0.9677, 'grad_norm': 2.68717360496521, 'learning_rate': 9.995500792895825e-06, 'epoch': 0.04}
{'loss': 1.118, 'grad_norm': 3.1229138374328613, 'learning_rate': 9.995412154258829e-06, 'epoch': 0.04}
{'loss': 1.0095, 'grad_norm': 3.2414751052856445, 'learning_rate': 9.995322651386344e-06, 'epoch': 0.04}
{'loss': 1.017, 'grad_norm': 3.0717573165893555, 'learning_rate': 9.995232284293854e-06, 'epoch': 0.04}
{'loss': 1.0427, 'grad_norm': 3.1350157260894775, 'learning_rate': 9.995141052996996e-06, 'epoch': 0.04}
{'loss': 0.9976, 'grad_norm': 2.974318504333496, 'learning_rate': 9.99504895751155e-06, 'epoch': 0.04}
{'loss': 0.684, 'grad_norm': 2.1378064155578613, 'learning_rate': 9.994955997853452e-06, 'epoch': 0.04}
{'loss': 1.0463, 'grad_norm': 3.3584256172180176, 'learning_rate': 9.994862174038783e-06, 'epoch': 0.04}
{'loss': 1.0568, 'grad_norm': 3.323169231414795, 'learning_rate': 9.994767486083775e-06, 'epoch': 0.04}
{'loss': 1.2269, 'grad_norm': 3.427554130554199, 'learning_rate': 9.99467193400481e-06, 'epoch': 0.04}
{'loss': 1.2307, 'grad_norm': 3.3332295417785645, 'learning_rate': 9.99457551781842e-06, 'epoch': 0.04}
{'loss': 1.0732, 'grad_norm': 3.2601096630096436, 'learning_rate': 9.994478237541285e-06, 'epoch': 0.04}
{'loss': 1.1215, 'grad_norm': 3.7466564178466797, 'learning_rate': 9.994380093190232e-06, 'epoch': 0.04}
{'loss': 1.0418, 'grad_norm': 3.173485040664673, 'learning_rate': 9.994281084782245e-06, 'epoch': 0.04}
{'loss': 1.0241, 'grad_norm': 3.08438777923584, 'learning_rate': 9.994181212334451e-06, 'epoch': 0.04}
{'loss': 1.1051, 'grad_norm': 3.411987066268921, 'learning_rate': 9.99408047586413e-06, 'epoch': 0.05}
{'loss': 1.2983, 'grad_norm': 3.680391788482666, 'learning_rate': 9.993978875388706e-06, 'epoch': 0.05}
{'loss': 1.1792, 'grad_norm': 3.2033634185791016, 'learning_rate': 9.993876410925763e-06, 'epoch': 0.05}
{'loss': 1.1013, 'grad_norm': 3.4826791286468506, 'learning_rate': 9.993773082493022e-06, 'epoch': 0.05}
{'loss': 1.155, 'grad_norm': 3.2374725341796875, 'learning_rate': 9.993668890108362e-06, 'epoch': 0.05}
{'loss': 1.0419, 'grad_norm': 3.045645236968994, 'learning_rate': 9.993563833789806e-06, 'epoch': 0.05}
{'loss': 1.2005, 'grad_norm': 2.9197425842285156, 'learning_rate': 9.993457913555536e-06, 'epoch': 0.05}
{'loss': 1.1622, 'grad_norm': 3.2972404956817627, 'learning_rate': 9.993351129423869e-06, 'epoch': 0.05}
{'loss': 1.3057, 'grad_norm': 3.5894668102264404, 'learning_rate': 9.993243481413285e-06, 'epoch': 0.05}
{'loss': 0.9929, 'grad_norm': 3.3506569862365723, 'learning_rate': 9.993134969542406e-06, 'epoch': 0.05}
{'loss': 1.2097, 'grad_norm': 3.1556575298309326, 'learning_rate': 9.993025593830004e-06, 'epoch': 0.05}
{'loss': 1.2767, 'grad_norm': 3.5082554817199707, 'learning_rate': 9.992915354295003e-06, 'epoch': 0.05}
{'loss': 1.4223, 'grad_norm': 3.610995054244995, 'learning_rate': 9.992804250956473e-06, 'epoch': 0.05}
{'loss': 1.0329, 'grad_norm': 2.94711971282959, 'learning_rate': 9.992692283833639e-06, 'epoch': 0.05}
{'loss': 1.0626, 'grad_norm': 3.0825891494750977, 'learning_rate': 9.99257945294587e-06, 'epoch': 0.05}
{'loss': 1.0091, 'grad_norm': 2.9298245906829834, 'learning_rate': 9.992465758312686e-06, 'epoch': 0.05}
{'loss': 1.1066, 'grad_norm': 3.152146100997925, 'learning_rate': 9.992351199953757e-06, 'epoch': 0.05}
{'loss': 1.2625, 'grad_norm': 3.583036422729492, 'learning_rate': 9.992235777888904e-06, 'epoch': 0.05}
{'loss': 1.153, 'grad_norm': 3.0053412914276123, 'learning_rate': 9.992119492138093e-06, 'epoch': 0.05}
{'loss': 1.11, 'grad_norm': 3.069533586502075, 'learning_rate': 9.992002342721444e-06, 'epoch': 0.05}
{'loss': 1.1328, 'grad_norm': 3.0481274127960205, 'learning_rate': 9.991884329659222e-06, 'epoch': 0.05}
{'loss': 1.0626, 'grad_norm': 3.228630542755127, 'learning_rate': 9.991765452971849e-06, 'epoch': 0.05}
{'loss': 0.9914, 'grad_norm': 2.9066145420074463, 'learning_rate': 9.991645712679887e-06, 'epoch': 0.05}
{'loss': 1.1427, 'grad_norm': 2.9267349243164062, 'learning_rate': 9.991525108804053e-06, 'epoch': 0.05}
{'loss': 1.136, 'grad_norm': 3.383376121520996, 'learning_rate': 9.991403641365212e-06, 'epoch': 0.05}
{'loss': 1.1526, 'grad_norm': 3.3251845836639404, 'learning_rate': 9.991281310384378e-06, 'epoch': 0.05}
{'loss': 1.0077, 'grad_norm': 3.2745299339294434, 'learning_rate': 9.991158115882717e-06, 'epoch': 0.05}
{'loss': 0.9915, 'grad_norm': 3.1764869689941406, 'learning_rate': 9.99103405788154e-06, 'epoch': 0.05}
{'loss': 1.2397, 'grad_norm': 3.6395490169525146, 'learning_rate': 9.99090913640231e-06, 'epoch': 0.05}
{'loss': 1.0758, 'grad_norm': 3.034426689147949, 'learning_rate': 9.990783351466643e-06, 'epoch': 0.05}
{'loss': 0.9921, 'grad_norm': 2.843683958053589, 'learning_rate': 9.990656703096295e-06, 'epoch': 0.05}
{'loss': 1.177, 'grad_norm': 3.2894322872161865, 'learning_rate': 9.990529191313182e-06, 'epoch': 0.05}
{'loss': 1.2387, 'grad_norm': 3.135648727416992, 'learning_rate': 9.99040081613936e-06, 'epoch': 0.05}
{'loss': 1.1621, 'grad_norm': 2.9790406227111816, 'learning_rate': 9.990271577597041e-06, 'epoch': 0.05}
{'loss': 0.9885, 'grad_norm': 2.534914016723633, 'learning_rate': 9.990141475708582e-06, 'epoch': 0.05}
{'loss': 1.2328, 'grad_norm': 3.3110389709472656, 'learning_rate': 9.990010510496495e-06, 'epoch': 0.05}
{'loss': 1.1169, 'grad_norm': 3.0583646297454834, 'learning_rate': 9.989878681983433e-06, 'epoch': 0.05}
{'loss': 0.756, 'grad_norm': 2.798459053039551, 'learning_rate': 9.989745990192208e-06, 'epoch': 0.05}
{'loss': 1.1402, 'grad_norm': 3.046409845352173, 'learning_rate': 9.989612435145773e-06, 'epoch': 0.05}
{'loss': 0.7428, 'grad_norm': 2.6999101638793945, 'learning_rate': 9.989478016867236e-06, 'epoch': 0.05}
{'loss': 0.949, 'grad_norm': 3.015807867050171, 'learning_rate': 9.98934273537985e-06, 'epoch': 0.05}
{'loss': 1.0245, 'grad_norm': 3.1508219242095947, 'learning_rate': 9.98920659070702e-06, 'epoch': 0.05}
{'loss': 1.0108, 'grad_norm': 2.8872454166412354, 'learning_rate': 9.989069582872301e-06, 'epoch': 0.05}
{'loss': 1.0335, 'grad_norm': 2.8973495960235596, 'learning_rate': 9.988931711899396e-06, 'epoch': 0.05}
{'loss': 1.1646, 'grad_norm': 3.2508108615875244, 'learning_rate': 9.988792977812156e-06, 'epoch': 0.05}
{'loss': 1.1243, 'grad_norm': 3.14629864692688, 'learning_rate': 9.988653380634585e-06, 'epoch': 0.05}
{'loss': 1.1844, 'grad_norm': 3.64617657661438, 'learning_rate': 9.98851292039083e-06, 'epoch': 0.05}
{'loss': 1.2939, 'grad_norm': 3.3433094024658203, 'learning_rate': 9.988371597105198e-06, 'epoch': 0.05}
{'loss': 1.0032, 'grad_norm': 2.725440263748169, 'learning_rate': 9.988229410802134e-06, 'epoch': 0.05}
{'loss': 1.1535, 'grad_norm': 3.271991491317749, 'learning_rate': 9.98808636150624e-06, 'epoch': 0.05}
{'loss': 1.0572, 'grad_norm': 3.5760254859924316, 'learning_rate': 9.98794244924226e-06, 'epoch': 0.05}
{'loss': 1.0038, 'grad_norm': 3.0863394737243652, 'learning_rate': 9.987797674035095e-06, 'epoch': 0.05}
{'loss': 1.1702, 'grad_norm': 3.3044607639312744, 'learning_rate': 9.98765203590979e-06, 'epoch': 0.05}
{'loss': 0.999, 'grad_norm': 3.0989620685577393, 'learning_rate': 9.987505534891544e-06, 'epoch': 0.05}
{'loss': 1.1307, 'grad_norm': 2.888615131378174, 'learning_rate': 9.987358171005702e-06, 'epoch': 0.05}
{'loss': 1.1111, 'grad_norm': 3.096609354019165, 'learning_rate': 9.987209944277755e-06, 'epoch': 0.05}
{'loss': 1.2447, 'grad_norm': 3.492058277130127, 'learning_rate': 9.987060854733351e-06, 'epoch': 0.05}
{'loss': 1.1586, 'grad_norm': 3.4006741046905518, 'learning_rate': 9.986910902398282e-06, 'epoch': 0.05}
{'loss': 0.9895, 'grad_norm': 3.4095518589019775, 'learning_rate': 9.986760087298491e-06, 'epoch': 0.05}
{'loss': 1.2399, 'grad_norm': 3.58905291557312, 'learning_rate': 9.98660840946007e-06, 'epoch': 0.05}
{'loss': 1.0449, 'grad_norm': 3.260249137878418, 'learning_rate': 9.986455868909259e-06, 'epoch': 0.05}
{'loss': 1.2005, 'grad_norm': 3.29951548576355, 'learning_rate': 9.986302465672451e-06, 'epoch': 0.05}
{'loss': 1.0962, 'grad_norm': 3.1684155464172363, 'learning_rate': 9.986148199776184e-06, 'epoch': 0.05}
{'loss': 1.0427, 'grad_norm': 2.991063117980957, 'learning_rate': 9.985993071247146e-06, 'epoch': 0.05}
{'loss': 1.1135, 'grad_norm': 3.2021279335021973, 'learning_rate': 9.985837080112176e-06, 'epoch': 0.05}
{'loss': 1.099, 'grad_norm': 3.2514965534210205, 'learning_rate': 9.985680226398261e-06, 'epoch': 0.05}
{'loss': 0.9092, 'grad_norm': 2.702601909637451, 'learning_rate': 9.985522510132538e-06, 'epoch': 0.05}
{'loss': 1.0026, 'grad_norm': 3.0801589488983154, 'learning_rate': 9.985363931342293e-06, 'epoch': 0.05}
{'loss': 0.9594, 'grad_norm': 2.7232160568237305, 'learning_rate': 9.985204490054962e-06, 'epoch': 0.05}
{'loss': 1.1892, 'grad_norm': 3.32731556892395, 'learning_rate': 9.985044186298128e-06, 'epoch': 0.05}
{'loss': 0.7378, 'grad_norm': 3.1774580478668213, 'learning_rate': 9.984883020099523e-06, 'epoch': 0.05}
{'loss': 1.073, 'grad_norm': 3.1484429836273193, 'learning_rate': 9.984720991487033e-06, 'epoch': 0.05}
{'loss': 1.1241, 'grad_norm': 2.9727046489715576, 'learning_rate': 9.984558100488686e-06, 'epoch': 0.05}
{'loss': 1.2698, 'grad_norm': 3.4400525093078613, 'learning_rate': 9.984394347132668e-06, 'epoch': 0.05}
{'loss': 1.215, 'grad_norm': 3.24839448928833, 'learning_rate': 9.984229731447305e-06, 'epoch': 0.05}
{'loss': 1.0188, 'grad_norm': 3.09260892868042, 'learning_rate': 9.984064253461079e-06, 'epoch': 0.05}
{'loss': 1.191, 'grad_norm': 3.2262914180755615, 'learning_rate': 9.983897913202619e-06, 'epoch': 0.05}
{'loss': 1.0628, 'grad_norm': 3.1248629093170166, 'learning_rate': 9.983730710700698e-06, 'epoch': 0.05}
{'loss': 1.014, 'grad_norm': 3.314373016357422, 'learning_rate': 9.983562645984248e-06, 'epoch': 0.06}
{'loss': 1.2036, 'grad_norm': 3.2885708808898926, 'learning_rate': 9.983393719082347e-06, 'epoch': 0.06}
{'loss': 1.149, 'grad_norm': 3.1075329780578613, 'learning_rate': 9.983223930024213e-06, 'epoch': 0.06}
{'loss': 1.2392, 'grad_norm': 3.534770965576172, 'learning_rate': 9.983053278839225e-06, 'epoch': 0.06}
{'loss': 1.0555, 'grad_norm': 3.3704471588134766, 'learning_rate': 9.98288176555691e-06, 'epoch': 0.06}
{'loss': 1.0803, 'grad_norm': 3.3160383701324463, 'learning_rate': 9.982709390206933e-06, 'epoch': 0.06}
{'loss': 0.9707, 'grad_norm': 3.2187535762786865, 'learning_rate': 9.982536152819121e-06, 'epoch': 0.06}
{'loss': 1.0889, 'grad_norm': 3.3304381370544434, 'learning_rate': 9.982362053423444e-06, 'epoch': 0.06}
{'loss': 1.177, 'grad_norm': 3.3424744606018066, 'learning_rate': 9.982187092050023e-06, 'epoch': 0.06}
{'loss': 1.2679, 'grad_norm': 3.650031805038452, 'learning_rate': 9.982011268729128e-06, 'epoch': 0.06}
{'loss': 0.9614, 'grad_norm': 2.830836296081543, 'learning_rate': 9.981834583491175e-06, 'epoch': 0.06}
{'loss': 1.0712, 'grad_norm': 3.5022506713867188, 'learning_rate': 9.981657036366731e-06, 'epoch': 0.06}
{'loss': 1.1635, 'grad_norm': 3.2183547019958496, 'learning_rate': 9.981478627386515e-06, 'epoch': 0.06}
{'loss': 1.0428, 'grad_norm': 3.04532527923584, 'learning_rate': 9.981299356581394e-06, 'epoch': 0.06}
{'loss': 1.0345, 'grad_norm': 3.0886120796203613, 'learning_rate': 9.98111922398238e-06, 'epoch': 0.06}
{'loss': 0.9444, 'grad_norm': 3.289412498474121, 'learning_rate': 9.980938229620637e-06, 'epoch': 0.06}
{'loss': 0.9953, 'grad_norm': 3.1652684211730957, 'learning_rate': 9.98075637352748e-06, 'epoch': 0.06}
{'loss': 1.0642, 'grad_norm': 3.6199066638946533, 'learning_rate': 9.980573655734371e-06, 'epoch': 0.06}
{'loss': 1.0049, 'grad_norm': 3.17686128616333, 'learning_rate': 9.980390076272921e-06, 'epoch': 0.06}
{'loss': 1.0198, 'grad_norm': 3.464845895767212, 'learning_rate': 9.98020563517489e-06, 'epoch': 0.06}
{'loss': 1.0447, 'grad_norm': 3.076714038848877, 'learning_rate': 9.980020332472184e-06, 'epoch': 0.06}
{'loss': 1.1937, 'grad_norm': 3.0262181758880615, 'learning_rate': 9.979834168196867e-06, 'epoch': 0.06}
{'loss': 1.1024, 'grad_norm': 2.9904534816741943, 'learning_rate': 9.979647142381143e-06, 'epoch': 0.06}
{'loss': 1.2477, 'grad_norm': 3.3383986949920654, 'learning_rate': 9.979459255057373e-06, 'epoch': 0.06}
{'loss': 0.9228, 'grad_norm': 3.011798143386841, 'learning_rate': 9.979270506258056e-06, 'epoch': 0.06}
{'loss': 1.1665, 'grad_norm': 3.089529275894165, 'learning_rate': 9.97908089601585e-06, 'epoch': 0.06}
{'loss': 1.0738, 'grad_norm': 2.941499948501587, 'learning_rate': 9.978890424363562e-06, 'epoch': 0.06}
{'loss': 1.0269, 'grad_norm': 3.0583159923553467, 'learning_rate': 9.978699091334138e-06, 'epoch': 0.06}
{'loss': 0.9623, 'grad_norm': 2.9654018878936768, 'learning_rate': 9.978506896960685e-06, 'epoch': 0.06}
{'loss': 1.3133, 'grad_norm': 3.466050386428833, 'learning_rate': 9.978313841276452e-06, 'epoch': 0.06}
{'loss': 1.0269, 'grad_norm': 3.0151145458221436, 'learning_rate': 9.978119924314838e-06, 'epoch': 0.06}
{'loss': 0.9427, 'grad_norm': 2.87579345703125, 'learning_rate': 9.977925146109394e-06, 'epoch': 0.06}
{'loss': 1.1537, 'grad_norm': 2.9208736419677734, 'learning_rate': 9.977729506693813e-06, 'epoch': 0.06}
{'loss': 1.1617, 'grad_norm': 3.1431987285614014, 'learning_rate': 9.977533006101947e-06, 'epoch': 0.06}
{'loss': 1.1087, 'grad_norm': 3.1869633197784424, 'learning_rate': 9.97733564436779e-06, 'epoch': 0.06}
{'loss': 1.0021, 'grad_norm': 2.9620120525360107, 'learning_rate': 9.977137421525486e-06, 'epoch': 0.06}
{'loss': 1.2538, 'grad_norm': 3.321027994155884, 'learning_rate': 9.97693833760933e-06, 'epoch': 0.06}
{'loss': 1.251, 'grad_norm': 3.3970110416412354, 'learning_rate': 9.976738392653762e-06, 'epoch': 0.06}
{'loss': 1.3244, 'grad_norm': 3.4637413024902344, 'learning_rate': 9.976537586693376e-06, 'epoch': 0.06}
{'loss': 0.9824, 'grad_norm': 2.721778154373169, 'learning_rate': 9.976335919762913e-06, 'epoch': 0.06}
{'loss': 1.2172, 'grad_norm': 3.1831250190734863, 'learning_rate': 9.97613339189726e-06, 'epoch': 0.06}
{'loss': 1.0487, 'grad_norm': 2.8647592067718506, 'learning_rate': 9.97593000313146e-06, 'epoch': 0.06}
{'loss': 1.1064, 'grad_norm': 3.076331615447998, 'learning_rate': 9.975725753500696e-06, 'epoch': 0.06}
{'loss': 1.1679, 'grad_norm': 2.916991710662842, 'learning_rate': 9.975520643040304e-06, 'epoch': 0.06}
{'loss': 0.9334, 'grad_norm': 2.901858329772949, 'learning_rate': 9.975314671785773e-06, 'epoch': 0.06}
{'loss': 1.0085, 'grad_norm': 2.866954803466797, 'learning_rate': 9.975107839772736e-06, 'epoch': 0.06}
{'loss': 0.9176, 'grad_norm': 3.158371686935425, 'learning_rate': 9.974900147036976e-06, 'epoch': 0.06}
{'loss': 1.0336, 'grad_norm': 3.085009813308716, 'learning_rate': 9.974691593614423e-06, 'epoch': 0.06}
{'loss': 1.2269, 'grad_norm': 3.2685627937316895, 'learning_rate': 9.97448217954116e-06, 'epoch': 0.06}
{'loss': 0.9968, 'grad_norm': 2.976644277572632, 'learning_rate': 9.974271904853418e-06, 'epoch': 0.06}
{'loss': 0.9849, 'grad_norm': 3.0116798877716064, 'learning_rate': 9.974060769587575e-06, 'epoch': 0.06}
{'loss': 1.0969, 'grad_norm': 3.297184467315674, 'learning_rate': 9.973848773780155e-06, 'epoch': 0.06}
{'loss': 1.0337, 'grad_norm': 3.179309844970703, 'learning_rate': 9.97363591746784e-06, 'epoch': 0.06}
{'loss': 1.0114, 'grad_norm': 3.1646575927734375, 'learning_rate': 9.97342220068745e-06, 'epoch': 0.06}
{'loss': 1.1409, 'grad_norm': 3.0822908878326416, 'learning_rate': 9.973207623475964e-06, 'epoch': 0.06}
{'loss': 1.0151, 'grad_norm': 3.0686991214752197, 'learning_rate': 9.972992185870503e-06, 'epoch': 0.06}
{'loss': 1.1528, 'grad_norm': 3.3269946575164795, 'learning_rate': 9.972775887908339e-06, 'epoch': 0.06}
{'loss': 0.9638, 'grad_norm': 2.720252752304077, 'learning_rate': 9.972558729626893e-06, 'epoch': 0.06}
{'loss': 0.9765, 'grad_norm': 2.9777727127075195, 'learning_rate': 9.972340711063734e-06, 'epoch': 0.06}
{'loss': 1.3218, 'grad_norm': 3.3613033294677734, 'learning_rate': 9.972121832256583e-06, 'epoch': 0.06}
{'loss': 1.045, 'grad_norm': 3.00677490234375, 'learning_rate': 9.971902093243303e-06, 'epoch': 0.06}
{'loss': 1.0256, 'grad_norm': 2.714148759841919, 'learning_rate': 9.971681494061914e-06, 'epoch': 0.06}
{'loss': 1.2241, 'grad_norm': 3.1765472888946533, 'learning_rate': 9.971460034750579e-06, 'epoch': 0.06}
{'loss': 0.9586, 'grad_norm': 2.91817045211792, 'learning_rate': 9.971237715347613e-06, 'epoch': 0.06}
{'loss': 1.2725, 'grad_norm': 3.252795934677124, 'learning_rate': 9.971014535891477e-06, 'epoch': 0.06}
{'loss': 1.176, 'grad_norm': 3.4285545349121094, 'learning_rate': 9.970790496420781e-06, 'epoch': 0.06}
{'loss': 0.9351, 'grad_norm': 2.9084885120391846, 'learning_rate': 9.970565596974291e-06, 'epoch': 0.06}
{'loss': 1.1259, 'grad_norm': 3.012190818786621, 'learning_rate': 9.97033983759091e-06, 'epoch': 0.06}
{'loss': 1.0776, 'grad_norm': 3.194669246673584, 'learning_rate': 9.970113218309698e-06, 'epoch': 0.06}
{'loss': 1.1727, 'grad_norm': 3.568880319595337, 'learning_rate': 9.969885739169862e-06, 'epoch': 0.06}
{'loss': 1.3238, 'grad_norm': 3.1776208877563477, 'learning_rate': 9.969657400210756e-06, 'epoch': 0.06}
{'loss': 0.9295, 'grad_norm': 3.186598300933838, 'learning_rate': 9.969428201471887e-06, 'epoch': 0.06}
{'loss': 0.9358, 'grad_norm': 2.9446144104003906, 'learning_rate': 9.969198142992903e-06, 'epoch': 0.06}
{'loss': 1.1934, 'grad_norm': 2.892277479171753, 'learning_rate': 9.968967224813608e-06, 'epoch': 0.06}
{'loss': 1.1646, 'grad_norm': 3.004899024963379, 'learning_rate': 9.968735446973952e-06, 'epoch': 0.06}
{'loss': 1.2266, 'grad_norm': 3.124906301498413, 'learning_rate': 9.968502809514033e-06, 'epoch': 0.06}
{'loss': 1.0252, 'grad_norm': 3.3863298892974854, 'learning_rate': 9.9682693124741e-06, 'epoch': 0.06}
{'loss': 0.8785, 'grad_norm': 3.037808656692505, 'learning_rate': 9.96803495589455e-06, 'epoch': 0.06}
{'loss': 1.2201, 'grad_norm': 3.1133170127868652, 'learning_rate': 9.967799739815925e-06, 'epoch': 0.07}
{'loss': 1.3287, 'grad_norm': 3.725036144256592, 'learning_rate': 9.967563664278922e-06, 'epoch': 0.07}
{'loss': 1.0522, 'grad_norm': 2.981822967529297, 'learning_rate': 9.967326729324382e-06, 'epoch': 0.07}
{'loss': 1.0108, 'grad_norm': 2.8304426670074463, 'learning_rate': 9.967088934993296e-06, 'epoch': 0.07}
{'loss': 1.021, 'grad_norm': 3.154705286026001, 'learning_rate': 9.966850281326804e-06, 'epoch': 0.07}
{'loss': 0.8992, 'grad_norm': 2.773106575012207, 'learning_rate': 9.966610768366193e-06, 'epoch': 0.07}
{'loss': 1.0683, 'grad_norm': 2.7741892337799072, 'learning_rate': 9.966370396152904e-06, 'epoch': 0.07}
{'loss': 1.1964, 'grad_norm': 3.3631844520568848, 'learning_rate': 9.96612916472852e-06, 'epoch': 0.07}
{'loss': 0.8723, 'grad_norm': 3.0103650093078613, 'learning_rate': 9.965887074134775e-06, 'epoch': 0.07}
{'loss': 1.1632, 'grad_norm': 3.3140816688537598, 'learning_rate': 9.965644124413553e-06, 'epoch': 0.07}
{'loss': 1.128, 'grad_norm': 2.9463236331939697, 'learning_rate': 9.965400315606886e-06, 'epoch': 0.07}
{'loss': 1.1138, 'grad_norm': 2.974128484725952, 'learning_rate': 9.965155647756955e-06, 'epoch': 0.07}
{'loss': 0.7391, 'grad_norm': 3.3376903533935547, 'learning_rate': 9.964910120906087e-06, 'epoch': 0.07}
{'loss': 1.1559, 'grad_norm': 3.1221182346343994, 'learning_rate': 9.96466373509676e-06, 'epoch': 0.07}
{'loss': 1.1024, 'grad_norm': 3.17879319190979, 'learning_rate': 9.964416490371603e-06, 'epoch': 0.07}
{'loss': 0.984, 'grad_norm': 2.955820322036743, 'learning_rate': 9.964168386773387e-06, 'epoch': 0.07}
{'loss': 1.0664, 'grad_norm': 2.7234930992126465, 'learning_rate': 9.963919424345036e-06, 'epoch': 0.07}
{'loss': 0.8433, 'grad_norm': 2.578526020050049, 'learning_rate': 9.963669603129625e-06, 'epoch': 0.07}
{'loss': 1.2223, 'grad_norm': 3.346458673477173, 'learning_rate': 9.963418923170372e-06, 'epoch': 0.07}
{'loss': 1.3027, 'grad_norm': 3.6215200424194336, 'learning_rate': 9.963167384510645e-06, 'epoch': 0.07}
{'loss': 0.9655, 'grad_norm': 2.82625150680542, 'learning_rate': 9.962914987193963e-06, 'epoch': 0.07}
{'loss': 0.9473, 'grad_norm': 3.021242618560791, 'learning_rate': 9.962661731263994e-06, 'epoch': 0.07}
{'loss': 1.0808, 'grad_norm': 3.446355104446411, 'learning_rate': 9.96240761676455e-06, 'epoch': 0.07}
{'loss': 1.1682, 'grad_norm': 2.7871689796447754, 'learning_rate': 9.962152643739598e-06, 'epoch': 0.07}
{'loss': 0.9347, 'grad_norm': 2.8980016708374023, 'learning_rate': 9.961896812233245e-06, 'epoch': 0.07}
{'loss': 1.2377, 'grad_norm': 3.1601576805114746, 'learning_rate': 9.961640122289752e-06, 'epoch': 0.07}
{'loss': 0.8533, 'grad_norm': 2.7929141521453857, 'learning_rate': 9.961382573953533e-06, 'epoch': 0.07}
{'loss': 1.1553, 'grad_norm': 3.082259178161621, 'learning_rate': 9.96112416726914e-06, 'epoch': 0.07}
{'loss': 0.9504, 'grad_norm': 2.9962666034698486, 'learning_rate': 9.96086490228128e-06, 'epoch': 0.07}
{'loss': 0.6681, 'grad_norm': 2.0822722911834717, 'learning_rate': 9.960604779034811e-06, 'epoch': 0.07}
{'loss': 0.9644, 'grad_norm': 2.924476385116577, 'learning_rate': 9.96034379757473e-06, 'epoch': 0.07}
{'loss': 1.1483, 'grad_norm': 3.1859352588653564, 'learning_rate': 9.960081957946192e-06, 'epoch': 0.07}
{'loss': 0.9199, 'grad_norm': 2.914215087890625, 'learning_rate': 9.959819260194496e-06, 'epoch': 0.07}
{'loss': 0.9662, 'grad_norm': 2.9880871772766113, 'learning_rate': 9.95955570436509e-06, 'epoch': 0.07}
{'loss': 1.0165, 'grad_norm': 3.0662333965301514, 'learning_rate': 9.959291290503571e-06, 'epoch': 0.07}
{'loss': 1.1401, 'grad_norm': 3.557483196258545, 'learning_rate': 9.959026018655684e-06, 'epoch': 0.07}
{'loss': 1.054, 'grad_norm': 2.8118491172790527, 'learning_rate': 9.958759888867325e-06, 'epoch': 0.07}
{'loss': 1.0102, 'grad_norm': 2.855881452560425, 'learning_rate': 9.95849290118453e-06, 'epoch': 0.07}
{'loss': 0.9473, 'grad_norm': 2.8000731468200684, 'learning_rate': 9.958225055653494e-06, 'epoch': 0.07}
{'loss': 1.0109, 'grad_norm': 2.775634765625, 'learning_rate': 9.957956352320557e-06, 'epoch': 0.07}
{'loss': 1.0263, 'grad_norm': 4.077478408813477, 'learning_rate': 9.957686791232204e-06, 'epoch': 0.07}
{'loss': 1.1963, 'grad_norm': 2.780184268951416, 'learning_rate': 9.957416372435069e-06, 'epoch': 0.07}
{'loss': 1.1815, 'grad_norm': 3.360377788543701, 'learning_rate': 9.957145095975938e-06, 'epoch': 0.07}
{'loss': 1.1809, 'grad_norm': 3.4180328845977783, 'learning_rate': 9.956872961901744e-06, 'epoch': 0.07}
{'loss': 1.1737, 'grad_norm': 2.97371768951416, 'learning_rate': 9.956599970259566e-06, 'epoch': 0.07}
{'loss': 0.9515, 'grad_norm': 2.8434314727783203, 'learning_rate': 9.956326121096636e-06, 'epoch': 0.07}
{'loss': 0.9867, 'grad_norm': 3.089599370956421, 'learning_rate': 9.956051414460328e-06, 'epoch': 0.07}
{'loss': 1.1994, 'grad_norm': 3.4162862300872803, 'learning_rate': 9.955775850398172e-06, 'epoch': 0.07}
{'loss': 1.0909, 'grad_norm': 2.8047971725463867, 'learning_rate': 9.955499428957837e-06, 'epoch': 0.07}
{'loss': 1.1157, 'grad_norm': 2.8583250045776367, 'learning_rate': 9.955222150187149e-06, 'epoch': 0.07}
{'loss': 1.1769, 'grad_norm': 2.939274549484253, 'learning_rate': 9.95494401413408e-06, 'epoch': 0.07}
{'loss': 1.03, 'grad_norm': 2.921506881713867, 'learning_rate': 9.954665020846745e-06, 'epoch': 0.07}
{'loss': 1.101, 'grad_norm': 2.8348817825317383, 'learning_rate': 9.954385170373415e-06, 'epoch': 0.07}
{'loss': 1.0647, 'grad_norm': 2.8143653869628906, 'learning_rate': 9.954104462762505e-06, 'epoch': 0.07}
{'loss': 0.9666, 'grad_norm': 2.5918426513671875, 'learning_rate': 9.953822898062577e-06, 'epoch': 0.07}
{'loss': 1.1716, 'grad_norm': 3.2732605934143066, 'learning_rate': 9.953540476322347e-06, 'epoch': 0.07}
{'loss': 1.0888, 'grad_norm': 3.2580244541168213, 'learning_rate': 9.953257197590671e-06, 'epoch': 0.07}
{'loss': 0.9249, 'grad_norm': 2.96586537361145, 'learning_rate': 9.952973061916562e-06, 'epoch': 0.07}
{'loss': 0.9631, 'grad_norm': 2.7553329467773438, 'learning_rate': 9.952688069349175e-06, 'epoch': 0.07}
{'loss': 1.1319, 'grad_norm': 2.8705575466156006, 'learning_rate': 9.952402219937817e-06, 'epoch': 0.07}
{'loss': 0.9281, 'grad_norm': 2.7754969596862793, 'learning_rate': 9.952115513731939e-06, 'epoch': 0.07}
{'loss': 1.1218, 'grad_norm': 3.3453898429870605, 'learning_rate': 9.951827950781145e-06, 'epoch': 0.07}
{'loss': 1.0637, 'grad_norm': 2.9804129600524902, 'learning_rate': 9.951539531135185e-06, 'epoch': 0.07}
{'loss': 1.0886, 'grad_norm': 3.324777603149414, 'learning_rate': 9.951250254843956e-06, 'epoch': 0.07}
{'loss': 1.0354, 'grad_norm': 3.167804002761841, 'learning_rate': 9.950960121957505e-06, 'epoch': 0.07}
{'loss': 0.9382, 'grad_norm': 2.5336062908172607, 'learning_rate': 9.95066913252603e-06, 'epoch': 0.07}
{'loss': 0.9652, 'grad_norm': 2.7079076766967773, 'learning_rate': 9.950377286599867e-06, 'epoch': 0.07}
{'loss': 1.0467, 'grad_norm': 2.910020112991333, 'learning_rate': 9.950084584229511e-06, 'epoch': 0.07}
{'loss': 1.0617, 'grad_norm': 3.1123855113983154, 'learning_rate': 9.949791025465603e-06, 'epoch': 0.07}
{'loss': 1.0416, 'grad_norm': 2.7419748306274414, 'learning_rate': 9.949496610358927e-06, 'epoch': 0.07}
{'loss': 1.0004, 'grad_norm': 2.936891794204712, 'learning_rate': 9.949201338960421e-06, 'epoch': 0.07}
{'loss': 1.1389, 'grad_norm': 3.0584559440612793, 'learning_rate': 9.948905211321167e-06, 'epoch': 0.07}
{'loss': 0.9672, 'grad_norm': 2.9489500522613525, 'learning_rate': 9.948608227492397e-06, 'epoch': 0.07}
{'loss': 0.9397, 'grad_norm': 2.9426591396331787, 'learning_rate': 9.948310387525493e-06, 'epoch': 0.07}
{'loss': 1.0737, 'grad_norm': 3.2123405933380127, 'learning_rate': 9.94801169147198e-06, 'epoch': 0.07}
{'loss': 0.9417, 'grad_norm': 3.050597667694092, 'learning_rate': 9.947712139383536e-06, 'epoch': 0.07}
{'loss': 1.1589, 'grad_norm': 3.0911262035369873, 'learning_rate': 9.947411731311986e-06, 'epoch': 0.07}
{'loss': 0.9748, 'grad_norm': 2.942531108856201, 'learning_rate': 9.947110467309299e-06, 'epoch': 0.07}
{'loss': 1.0555, 'grad_norm': 3.3909220695495605, 'learning_rate': 9.9468083474276e-06, 'epoch': 0.08}
{'loss': 1.0529, 'grad_norm': 3.508748769760132, 'learning_rate': 9.946505371719154e-06, 'epoch': 0.08}
{'loss': 0.9682, 'grad_norm': 2.8363592624664307, 'learning_rate': 9.94620154023638e-06, 'epoch': 0.08}
{'loss': 0.9717, 'grad_norm': 2.705146312713623, 'learning_rate': 9.94589685303184e-06, 'epoch': 0.08}
{'loss': 1.1079, 'grad_norm': 3.1803066730499268, 'learning_rate': 9.945591310158248e-06, 'epoch': 0.08}
{'loss': 0.9974, 'grad_norm': 2.947568893432617, 'learning_rate': 9.945284911668465e-06, 'epoch': 0.08}
{'loss': 1.3055, 'grad_norm': 3.2272424697875977, 'learning_rate': 9.9449776576155e-06, 'epoch': 0.08}
{'loss': 1.0804, 'grad_norm': 3.1468164920806885, 'learning_rate': 9.944669548052507e-06, 'epoch': 0.08}
{'loss': 0.9874, 'grad_norm': 3.1156115531921387, 'learning_rate': 9.944360583032794e-06, 'epoch': 0.08}
{'loss': 0.9943, 'grad_norm': 3.0233957767486572, 'learning_rate': 9.944050762609816e-06, 'epoch': 0.08}
{'loss': 0.6674, 'grad_norm': 2.4143810272216797, 'learning_rate': 9.943740086837166e-06, 'epoch': 0.08}
{'loss': 1.0995, 'grad_norm': 3.219528913497925, 'learning_rate': 9.9434285557686e-06, 'epoch': 0.08}
{'loss': 1.2493, 'grad_norm': 3.2997689247131348, 'learning_rate': 9.94311616945801e-06, 'epoch': 0.08}
{'loss': 0.9587, 'grad_norm': 3.042790174484253, 'learning_rate': 9.942802927959444e-06, 'epoch': 0.08}
{'loss': 0.8418, 'grad_norm': 2.6554064750671387, 'learning_rate': 9.942488831327094e-06, 'epoch': 0.08}
{'loss': 1.3863, 'grad_norm': 3.1428093910217285, 'learning_rate': 9.942173879615295e-06, 'epoch': 0.08}
{'loss': 1.3233, 'grad_norm': 3.2111165523529053, 'learning_rate': 9.941858072878546e-06, 'epoch': 0.08}
{'loss': 0.978, 'grad_norm': 2.8352978229522705, 'learning_rate': 9.941541411171473e-06, 'epoch': 0.08}
{'loss': 1.1268, 'grad_norm': 2.973385810852051, 'learning_rate': 9.941223894548868e-06, 'epoch': 0.08}
{'loss': 1.1079, 'grad_norm': 3.356309175491333, 'learning_rate': 9.940905523065658e-06, 'epoch': 0.08}
{'loss': 1.1039, 'grad_norm': 3.258765459060669, 'learning_rate': 9.940586296776927e-06, 'epoch': 0.08}
{'loss': 1.0068, 'grad_norm': 2.802107572555542, 'learning_rate': 9.9402662157379e-06, 'epoch': 0.08}
{'loss': 1.2235, 'grad_norm': 2.9232161045074463, 'learning_rate': 9.939945280003955e-06, 'epoch': 0.08}
{'loss': 0.8712, 'grad_norm': 2.462933301925659, 'learning_rate': 9.939623489630614e-06, 'epoch': 0.08}
{'loss': 1.0728, 'grad_norm': 3.0890121459960938, 'learning_rate': 9.93930084467355e-06, 'epoch': 0.08}
{'loss': 1.1506, 'grad_norm': 2.8296780586242676, 'learning_rate': 9.938977345188584e-06, 'epoch': 0.08}
{'loss': 0.9081, 'grad_norm': 2.9649856090545654, 'learning_rate': 9.93865299123168e-06, 'epoch': 0.08}
{'loss': 0.8878, 'grad_norm': 2.7968220710754395, 'learning_rate': 9.938327782858951e-06, 'epoch': 0.08}
{'loss': 0.7462, 'grad_norm': 2.375249147415161, 'learning_rate': 9.938001720126668e-06, 'epoch': 0.08}
{'loss': 1.0964, 'grad_norm': 2.841834783554077, 'learning_rate': 9.937674803091235e-06, 'epoch': 0.08}
{'loss': 0.988, 'grad_norm': 3.010211706161499, 'learning_rate': 9.937347031809214e-06, 'epoch': 0.08}
{'loss': 1.0356, 'grad_norm': 2.7699291706085205, 'learning_rate': 9.937018406337308e-06, 'epoch': 0.08}
{'loss': 1.1543, 'grad_norm': 3.2251455783843994, 'learning_rate': 9.936688926732376e-06, 'epoch': 0.08}
{'loss': 0.981, 'grad_norm': 2.964764356613159, 'learning_rate': 9.936358593051414e-06, 'epoch': 0.08}
{'loss': 0.9792, 'grad_norm': 2.9471662044525146, 'learning_rate': 9.936027405351578e-06, 'epoch': 0.08}
{'loss': 0.916, 'grad_norm': 2.8771541118621826, 'learning_rate': 9.935695363690159e-06, 'epoch': 0.08}
{'loss': 0.984, 'grad_norm': 3.039938449859619, 'learning_rate': 9.935362468124607e-06, 'epoch': 0.08}
{'loss': 1.0565, 'grad_norm': 3.0292704105377197, 'learning_rate': 9.935028718712513e-06, 'epoch': 0.08}
{'loss': 1.1765, 'grad_norm': 3.4432120323181152, 'learning_rate': 9.934694115511618e-06, 'epoch': 0.08}
{'loss': 0.9328, 'grad_norm': 2.6511974334716797, 'learning_rate': 9.934358658579808e-06, 'epoch': 0.08}
{'loss': 1.0757, 'grad_norm': 2.9653589725494385, 'learning_rate': 9.934022347975123e-06, 'epoch': 0.08}
{'loss': 1.0158, 'grad_norm': 2.7190732955932617, 'learning_rate': 9.933685183755746e-06, 'epoch': 0.08}
{'loss': 1.0478, 'grad_norm': 2.906964063644409, 'learning_rate': 9.933347165980005e-06, 'epoch': 0.08}
{'loss': 0.9323, 'grad_norm': 2.776285171508789, 'learning_rate': 9.93300829470638e-06, 'epoch': 0.08}
{'loss': 0.9933, 'grad_norm': 3.1116199493408203, 'learning_rate': 9.932668569993501e-06, 'epoch': 0.08}
{'loss': 0.9813, 'grad_norm': 3.1575682163238525, 'learning_rate': 9.932327991900142e-06, 'epoch': 0.08}
{'loss': 0.9834, 'grad_norm': 2.540383815765381, 'learning_rate': 9.93198656048522e-06, 'epoch': 0.08}
{'loss': 1.0316, 'grad_norm': 2.9688074588775635, 'learning_rate': 9.93164427580781e-06, 'epoch': 0.08}
{'loss': 1.2573, 'grad_norm': 3.4278640747070312, 'learning_rate': 9.931301137927127e-06, 'epoch': 0.08}
{'loss': 1.0838, 'grad_norm': 3.198908805847168, 'learning_rate': 9.930957146902534e-06, 'epoch': 0.08}
{'loss': 0.9962, 'grad_norm': 2.7583630084991455, 'learning_rate': 9.930612302793547e-06, 'epoch': 0.08}
{'loss': 1.039, 'grad_norm': 2.938664674758911, 'learning_rate': 9.930266605659825e-06, 'epoch': 0.08}
{'loss': 1.2231, 'grad_norm': 2.9904088973999023, 'learning_rate': 9.929920055561175e-06, 'epoch': 0.08}
{'loss': 1.0604, 'grad_norm': 3.209657669067383, 'learning_rate': 9.929572652557551e-06, 'epoch': 0.08}
{'loss': 0.8148, 'grad_norm': 2.2301104068756104, 'learning_rate': 9.929224396709059e-06, 'epoch': 0.08}
{'loss': 0.9614, 'grad_norm': 2.80056095123291, 'learning_rate': 9.928875288075945e-06, 'epoch': 0.08}
{'loss': 0.9994, 'grad_norm': 3.2802352905273438, 'learning_rate': 9.92852532671861e-06, 'epoch': 0.08}
{'loss': 0.9878, 'grad_norm': 2.9620273113250732, 'learning_rate': 9.928174512697601e-06, 'epoch': 0.08}
{'loss': 0.9865, 'grad_norm': 2.9900920391082764, 'learning_rate': 9.927822846073606e-06, 'epoch': 0.08}
{'loss': 0.9617, 'grad_norm': 3.042205572128296, 'learning_rate': 9.927470326907469e-06, 'epoch': 0.08}
{'loss': 0.9433, 'grad_norm': 2.967928409576416, 'learning_rate': 9.927116955260175e-06, 'epoch': 0.08}
{'loss': 1.1669, 'grad_norm': 3.1590466499328613, 'learning_rate': 9.926762731192863e-06, 'epoch': 0.08}
{'loss': 1.0557, 'grad_norm': 3.0923237800598145, 'learning_rate': 9.926407654766812e-06, 'epoch': 0.08}
{'loss': 1.0457, 'grad_norm': 2.968172788619995, 'learning_rate': 9.926051726043455e-06, 'epoch': 0.08}
{'loss': 0.9583, 'grad_norm': 2.6978909969329834, 'learning_rate': 9.925694945084369e-06, 'epoch': 0.08}
{'loss': 0.9796, 'grad_norm': 3.33072566986084, 'learning_rate': 9.92533731195128e-06, 'epoch': 0.08}
{'loss': 0.9765, 'grad_norm': 2.595698118209839, 'learning_rate': 9.92497882670606e-06, 'epoch': 0.08}
{'loss': 1.0995, 'grad_norm': 2.8693904876708984, 'learning_rate': 9.924619489410728e-06, 'epoch': 0.08}
{'loss': 0.904, 'grad_norm': 2.6736083030700684, 'learning_rate': 9.924259300127452e-06, 'epoch': 0.08}
{'loss': 0.918, 'grad_norm': 2.7809548377990723, 'learning_rate': 9.923898258918546e-06, 'epoch': 0.08}
{'loss': 0.9661, 'grad_norm': 3.7910966873168945, 'learning_rate': 9.923536365846475e-06, 'epoch': 0.08}
{'loss': 0.7396, 'grad_norm': 3.9758431911468506, 'learning_rate': 9.923173620973846e-06, 'epoch': 0.08}
{'loss': 1.0689, 'grad_norm': 3.001461982727051, 'learning_rate': 9.922810024363419e-06, 'epoch': 0.08}
{'loss': 1.0923, 'grad_norm': 2.945920944213867, 'learning_rate': 9.922445576078093e-06, 'epoch': 0.08}
{'loss': 0.9823, 'grad_norm': 3.0084681510925293, 'learning_rate': 9.922080276180925e-06, 'epoch': 0.08}
{'loss': 1.0457, 'grad_norm': 3.0943565368652344, 'learning_rate': 9.92171412473511e-06, 'epoch': 0.08}
{'loss': 1.0646, 'grad_norm': 3.1349704265594482, 'learning_rate': 9.921347121804e-06, 'epoch': 0.08}
{'loss': 0.9668, 'grad_norm': 3.3731627464294434, 'learning_rate': 9.920979267451083e-06, 'epoch': 0.09}
{'loss': 0.9062, 'grad_norm': 2.8552377223968506, 'learning_rate': 9.920610561740001e-06, 'epoch': 0.09}
{'loss': 1.0339, 'grad_norm': 3.486027717590332, 'learning_rate': 9.920241004734544e-06, 'epoch': 0.09}
{'loss': 1.0743, 'grad_norm': 2.8829843997955322, 'learning_rate': 9.919870596498646e-06, 'epoch': 0.09}
{'loss': 0.99, 'grad_norm': 3.297321081161499, 'learning_rate': 9.919499337096392e-06, 'epoch': 0.09}
{'loss': 1.0987, 'grad_norm': 3.24946665763855, 'learning_rate': 9.91912722659201e-06, 'epoch': 0.09}
{'loss': 1.0253, 'grad_norm': 3.157679557800293, 'learning_rate': 9.918754265049877e-06, 'epoch': 0.09}
{'loss': 1.2354, 'grad_norm': 3.1126303672790527, 'learning_rate': 9.918380452534518e-06, 'epoch': 0.09}
{'loss': 0.9242, 'grad_norm': 3.047187089920044, 'learning_rate': 9.918005789110606e-06, 'epoch': 0.09}
{'loss': 1.0148, 'grad_norm': 2.945477247238159, 'learning_rate': 9.917630274842959e-06, 'epoch': 0.09}
{'loss': 0.9022, 'grad_norm': 2.7196481227874756, 'learning_rate': 9.917253909796542e-06, 'epoch': 0.09}
{'loss': 1.2249, 'grad_norm': 3.108646869659424, 'learning_rate': 9.916876694036472e-06, 'epoch': 0.09}
{'loss': 0.9209, 'grad_norm': 2.8384814262390137, 'learning_rate': 9.916498627628006e-06, 'epoch': 0.09}
{'loss': 0.8325, 'grad_norm': 2.851313829421997, 'learning_rate': 9.916119710636552e-06, 'epoch': 0.09}
{'loss': 0.8193, 'grad_norm': 3.308670997619629, 'learning_rate': 9.915739943127665e-06, 'epoch': 0.09}
{'loss': 1.0446, 'grad_norm': 3.0035173892974854, 'learning_rate': 9.915359325167049e-06, 'epoch': 0.09}
{'loss': 1.1803, 'grad_norm': 2.978111982345581, 'learning_rate': 9.914977856820551e-06, 'epoch': 0.09}
{'loss': 0.9193, 'grad_norm': 2.742940902709961, 'learning_rate': 9.91459553815417e-06, 'epoch': 0.09}
{'loss': 1.4758, 'grad_norm': 3.3786847591400146, 'learning_rate': 9.914212369234044e-06, 'epoch': 0.09}
{'loss': 1.0193, 'grad_norm': 2.935760974884033, 'learning_rate': 9.91382835012647e-06, 'epoch': 0.09}
{'loss': 0.9709, 'grad_norm': 2.8569583892822266, 'learning_rate': 9.91344348089788e-06, 'epoch': 0.09}
{'loss': 1.188, 'grad_norm': 2.940856695175171, 'learning_rate': 9.913057761614862e-06, 'epoch': 0.09}
{'loss': 1.0183, 'grad_norm': 2.7499918937683105, 'learning_rate': 9.912671192344148e-06, 'epoch': 0.09}
{'loss': 1.2036, 'grad_norm': 3.1760096549987793, 'learning_rate': 9.912283773152613e-06, 'epoch': 0.09}
{'loss': 1.1507, 'grad_norm': 2.7435500621795654, 'learning_rate': 9.911895504107287e-06, 'epoch': 0.09}
{'loss': 0.9826, 'grad_norm': 2.801772117614746, 'learning_rate': 9.91150638527534e-06, 'epoch': 0.09}
{'loss': 1.1476, 'grad_norm': 3.002319097518921, 'learning_rate': 9.911116416724094e-06, 'epoch': 0.09}
{'loss': 1.0978, 'grad_norm': 2.8310537338256836, 'learning_rate': 9.910725598521014e-06, 'epoch': 0.09}
{'loss': 1.0787, 'grad_norm': 3.059630870819092, 'learning_rate': 9.910333930733715e-06, 'epoch': 0.09}
{'loss': 1.0576, 'grad_norm': 2.8411338329315186, 'learning_rate': 9.909941413429958e-06, 'epoch': 0.09}
{'loss': 0.8699, 'grad_norm': 2.968714952468872, 'learning_rate': 9.909548046677648e-06, 'epoch': 0.09}
{'loss': 1.1017, 'grad_norm': 3.2391531467437744, 'learning_rate': 9.909153830544842e-06, 'epoch': 0.09}
{'loss': 0.9977, 'grad_norm': 3.0045833587646484, 'learning_rate': 9.908758765099744e-06, 'epoch': 0.09}
{'loss': 1.0543, 'grad_norm': 2.8768198490142822, 'learning_rate': 9.908362850410697e-06, 'epoch': 0.09}
{'loss': 0.9646, 'grad_norm': 2.816972255706787, 'learning_rate': 9.907966086546204e-06, 'epoch': 0.09}
{'loss': 1.0748, 'grad_norm': 3.0179545879364014, 'learning_rate': 9.9075684735749e-06, 'epoch': 0.09}
{'loss': 1.0759, 'grad_norm': 3.1240053176879883, 'learning_rate': 9.90717001156558e-06, 'epoch': 0.09}
{'loss': 0.9988, 'grad_norm': 2.9994566440582275, 'learning_rate': 9.906770700587174e-06, 'epoch': 0.09}
{'loss': 1.0298, 'grad_norm': 2.815516471862793, 'learning_rate': 9.906370540708773e-06, 'epoch': 0.09}
{'loss': 1.067, 'grad_norm': 3.0501725673675537, 'learning_rate': 9.9059695319996e-06, 'epoch': 0.09}
{'loss': 1.25, 'grad_norm': 3.2945728302001953, 'learning_rate': 9.905567674529036e-06, 'epoch': 0.09}
{'loss': 1.1024, 'grad_norm': 3.3532629013061523, 'learning_rate': 9.905164968366605e-06, 'epoch': 0.09}
{'loss': 1.1204, 'grad_norm': 2.920806407928467, 'learning_rate': 9.904761413581974e-06, 'epoch': 0.09}
{'loss': 1.0839, 'grad_norm': 2.7529001235961914, 'learning_rate': 9.904357010244962e-06, 'epoch': 0.09}
{'loss': 0.9394, 'grad_norm': 2.7744946479797363, 'learning_rate': 9.903951758425535e-06, 'epoch': 0.09}
{'loss': 0.8623, 'grad_norm': 2.83561372756958, 'learning_rate': 9.903545658193803e-06, 'epoch': 0.09}
{'loss': 0.6378, 'grad_norm': 2.5033555030822754, 'learning_rate': 9.903138709620021e-06, 'epoch': 0.09}
{'loss': 0.9686, 'grad_norm': 3.0465590953826904, 'learning_rate': 9.902730912774598e-06, 'epoch': 0.09}
{'loss': 0.9751, 'grad_norm': 2.915647506713867, 'learning_rate': 9.902322267728082e-06, 'epoch': 0.09}
{'loss': 0.894, 'grad_norm': 2.814568042755127, 'learning_rate': 9.901912774551171e-06, 'epoch': 0.09}
{'loss': 1.0123, 'grad_norm': 3.0406503677368164, 'learning_rate': 9.90150243331471e-06, 'epoch': 0.09}
{'loss': 0.9996, 'grad_norm': 2.782001256942749, 'learning_rate': 9.901091244089694e-06, 'epoch': 0.09}
{'loss': 1.0129, 'grad_norm': 3.345067262649536, 'learning_rate': 9.900679206947257e-06, 'epoch': 0.09}
{'loss': 1.0643, 'grad_norm': 2.981909990310669, 'learning_rate': 9.900266321958683e-06, 'epoch': 0.09}
{'loss': 1.0676, 'grad_norm': 2.9686646461486816, 'learning_rate': 9.899852589195407e-06, 'epoch': 0.09}
{'loss': 1.2651, 'grad_norm': 3.032241106033325, 'learning_rate': 9.899438008729006e-06, 'epoch': 0.09}
{'loss': 1.1092, 'grad_norm': 3.0812594890594482, 'learning_rate': 9.899022580631204e-06, 'epoch': 0.09}
{'loss': 1.1959, 'grad_norm': 3.0420734882354736, 'learning_rate': 9.898606304973872e-06, 'epoch': 0.09}
{'loss': 1.0581, 'grad_norm': 3.0981903076171875, 'learning_rate': 9.898189181829032e-06, 'epoch': 0.09}
{'loss': 0.9385, 'grad_norm': 2.941460609436035, 'learning_rate': 9.897771211268843e-06, 'epoch': 0.09}
{'loss': 0.9998, 'grad_norm': 2.9585647583007812, 'learning_rate': 9.89735239336562e-06, 'epoch': 0.09}
{'loss': 0.7776, 'grad_norm': 2.857635021209717, 'learning_rate': 9.896932728191822e-06, 'epoch': 0.09}
{'loss': 1.4334, 'grad_norm': 3.2529242038726807, 'learning_rate': 9.896512215820048e-06, 'epoch': 0.09}
{'loss': 1.1859, 'grad_norm': 3.1509361267089844, 'learning_rate': 9.896090856323057e-06, 'epoch': 0.09}
{'loss': 1.1536, 'grad_norm': 3.145374059677124, 'learning_rate': 9.89566864977374e-06, 'epoch': 0.09}
{'loss': 0.9456, 'grad_norm': 2.8446717262268066, 'learning_rate': 9.895245596245143e-06, 'epoch': 0.09}
{'loss': 1.1471, 'grad_norm': 3.394928455352783, 'learning_rate': 9.894821695810459e-06, 'epoch': 0.09}
{'loss': 1.0186, 'grad_norm': 3.0663294792175293, 'learning_rate': 9.894396948543024e-06, 'epoch': 0.09}
{'loss': 0.9178, 'grad_norm': 2.765627384185791, 'learning_rate': 9.893971354516319e-06, 'epoch': 0.09}
{'loss': 1.1963, 'grad_norm': 3.2982866764068604, 'learning_rate': 9.893544913803978e-06, 'epoch': 0.09}
{'loss': 0.9966, 'grad_norm': 3.06708025932312, 'learning_rate': 9.893117626479778e-06, 'epoch': 0.09}
{'loss': 1.0546, 'grad_norm': 2.967961549758911, 'learning_rate': 9.892689492617638e-06, 'epoch': 0.09}
{'loss': 1.093, 'grad_norm': 3.619508743286133, 'learning_rate': 9.892260512291631e-06, 'epoch': 0.09}
{'loss': 1.1448, 'grad_norm': 3.28763484954834, 'learning_rate': 9.891830685575973e-06, 'epoch': 0.09}
{'loss': 1.0361, 'grad_norm': 2.863072395324707, 'learning_rate': 9.891400012545025e-06, 'epoch': 0.09}
{'loss': 1.0867, 'grad_norm': 2.7455766201019287, 'learning_rate': 9.8909684932733e-06, 'epoch': 0.09}
{'loss': 1.1198, 'grad_norm': 3.3152408599853516, 'learning_rate': 9.890536127835445e-06, 'epoch': 0.09}
{'loss': 0.9479, 'grad_norm': 2.90272855758667, 'learning_rate': 9.89010291630627e-06, 'epoch': 0.09}
{'loss': 0.9658, 'grad_norm': 3.1010289192199707, 'learning_rate': 9.889668858760718e-06, 'epoch': 0.1}
{'loss': 0.9027, 'grad_norm': 2.7850117683410645, 'learning_rate': 9.889233955273889e-06, 'epoch': 0.1}
{'loss': 0.9603, 'grad_norm': 2.8505442142486572, 'learning_rate': 9.888798205921018e-06, 'epoch': 0.1}
{'loss': 1.2505, 'grad_norm': 3.1980013847351074, 'learning_rate': 9.888361610777494e-06, 'epoch': 0.1}
{'loss': 0.9657, 'grad_norm': 2.936727523803711, 'learning_rate': 9.887924169918853e-06, 'epoch': 0.1}
{'loss': 1.1193, 'grad_norm': 3.375844717025757, 'learning_rate': 9.887485883420772e-06, 'epoch': 0.1}
{'loss': 1.0641, 'grad_norm': 2.9478580951690674, 'learning_rate': 9.887046751359078e-06, 'epoch': 0.1}
{'loss': 1.0953, 'grad_norm': 3.017901659011841, 'learning_rate': 9.886606773809743e-06, 'epoch': 0.1}
{'loss': 0.8623, 'grad_norm': 2.6984426975250244, 'learning_rate': 9.886165950848888e-06, 'epoch': 0.1}
{'loss': 1.0858, 'grad_norm': 3.139484167098999, 'learning_rate': 9.885724282552774e-06, 'epoch': 0.1}
{'loss': 1.1774, 'grad_norm': 3.5720531940460205, 'learning_rate': 9.885281768997816e-06, 'epoch': 0.1}
{'loss': 0.9335, 'grad_norm': 2.8853342533111572, 'learning_rate': 9.884838410260569e-06, 'epoch': 0.1}
{'loss': 0.7775, 'grad_norm': 2.5765461921691895, 'learning_rate': 9.884394206417736e-06, 'epoch': 0.1}
{'loss': 1.1018, 'grad_norm': 3.175149440765381, 'learning_rate': 9.88394915754617e-06, 'epoch': 0.1}
{'loss': 1.0136, 'grad_norm': 3.425957679748535, 'learning_rate': 9.883503263722864e-06, 'epoch': 0.1}
{'loss': 1.0176, 'grad_norm': 2.57828950881958, 'learning_rate': 9.883056525024963e-06, 'epoch': 0.1}
{'loss': 1.0075, 'grad_norm': 2.9390792846679688, 'learning_rate': 9.882608941529752e-06, 'epoch': 0.1}
{'loss': 1.0696, 'grad_norm': 2.8411664962768555, 'learning_rate': 9.882160513314669e-06, 'epoch': 0.1}
{'loss': 1.0267, 'grad_norm': 2.6240670680999756, 'learning_rate': 9.881711240457293e-06, 'epoch': 0.1}
{'loss': 0.9023, 'grad_norm': 2.7980270385742188, 'learning_rate': 9.881261123035349e-06, 'epoch': 0.1}
{'loss': 0.9813, 'grad_norm': 3.073004722595215, 'learning_rate': 9.880810161126715e-06, 'epoch': 0.1}
{'loss': 0.9644, 'grad_norm': 2.801182508468628, 'learning_rate': 9.880358354809406e-06, 'epoch': 0.1}
{'loss': 1.015, 'grad_norm': 3.0266690254211426, 'learning_rate': 9.879905704161586e-06, 'epoch': 0.1}
{'loss': 1.1155, 'grad_norm': 3.1241538524627686, 'learning_rate': 9.879452209261571e-06, 'epoch': 0.1}
{'loss': 1.0236, 'grad_norm': 2.7565197944641113, 'learning_rate': 9.878997870187814e-06, 'epoch': 0.1}
{'loss': 1.1882, 'grad_norm': 2.914768934249878, 'learning_rate': 9.878542687018922e-06, 'epoch': 0.1}
{'loss': 1.2226, 'grad_norm': 3.135760545730591, 'learning_rate': 9.878086659833639e-06, 'epoch': 0.1}
{'loss': 0.9179, 'grad_norm': 2.7633936405181885, 'learning_rate': 9.877629788710866e-06, 'epoch': 0.1}
{'loss': 0.9331, 'grad_norm': 2.933919906616211, 'learning_rate': 9.877172073729642e-06, 'epoch': 0.1}
{'loss': 0.703, 'grad_norm': 2.2137246131896973, 'learning_rate': 9.876713514969154e-06, 'epoch': 0.1}
{'loss': 1.2112, 'grad_norm': 3.1248526573181152, 'learning_rate': 9.876254112508735e-06, 'epoch': 0.1}
{'loss': 1.1592, 'grad_norm': 3.2909910678863525, 'learning_rate': 9.875793866427866e-06, 'epoch': 0.1}
{'loss': 1.0739, 'grad_norm': 2.7660913467407227, 'learning_rate': 9.87533277680617e-06, 'epoch': 0.1}
{'loss': 1.0183, 'grad_norm': 2.871185779571533, 'learning_rate': 9.87487084372342e-06, 'epoch': 0.1}
{'loss': 1.0379, 'grad_norm': 3.132693290710449, 'learning_rate': 9.874408067259534e-06, 'epoch': 0.1}
{'loss': 1.2774, 'grad_norm': 3.4793906211853027, 'learning_rate': 9.873944447494573e-06, 'epoch': 0.1}
{'loss': 1.1494, 'grad_norm': 2.9285736083984375, 'learning_rate': 9.873479984508745e-06, 'epoch': 0.1}
{'loss': 1.0936, 'grad_norm': 3.1424288749694824, 'learning_rate': 9.873014678382408e-06, 'epoch': 0.1}
{'loss': 1.0133, 'grad_norm': 2.617335081100464, 'learning_rate': 9.87254852919606e-06, 'epoch': 0.1}
{'loss': 1.1766, 'grad_norm': 3.2315924167633057, 'learning_rate': 9.872081537030348e-06, 'epoch': 0.1}
{'loss': 1.0561, 'grad_norm': 2.908095121383667, 'learning_rate': 9.871613701966067e-06, 'epoch': 0.1}
{'loss': 1.193, 'grad_norm': 3.2447283267974854, 'learning_rate': 9.871145024084153e-06, 'epoch': 0.1}
{'loss': 0.9716, 'grad_norm': 2.752267360687256, 'learning_rate': 9.87067550346569e-06, 'epoch': 0.1}
{'loss': 1.1347, 'grad_norm': 2.9965295791625977, 'learning_rate': 9.870205140191906e-06, 'epoch': 0.1}
{'loss': 1.0144, 'grad_norm': 3.099332094192505, 'learning_rate': 9.869733934344182e-06, 'epoch': 0.1}
{'loss': 1.1074, 'grad_norm': 2.7401835918426514, 'learning_rate': 9.869261886004034e-06, 'epoch': 0.1}
{'loss': 0.9978, 'grad_norm': 2.8576254844665527, 'learning_rate': 9.868788995253128e-06, 'epoch': 0.1}
{'loss': 0.903, 'grad_norm': 2.8992764949798584, 'learning_rate': 9.868315262173285e-06, 'epoch': 0.1}
{'loss': 0.9198, 'grad_norm': 3.079638957977295, 'learning_rate': 9.867840686846455e-06, 'epoch': 0.1}
{'loss': 1.2748, 'grad_norm': 3.35377836227417, 'learning_rate': 9.867365269354748e-06, 'epoch': 0.1}
{'loss': 0.8999, 'grad_norm': 2.7832672595977783, 'learning_rate': 9.866889009780412e-06, 'epoch': 0.1}
{'loss': 0.6329, 'grad_norm': 2.2229318618774414, 'learning_rate': 9.866411908205842e-06, 'epoch': 0.1}
{'loss': 1.0079, 'grad_norm': 2.7438926696777344, 'learning_rate': 9.86593396471358e-06, 'epoch': 0.1}
{'loss': 1.0029, 'grad_norm': 2.9656121730804443, 'learning_rate': 9.86545517938631e-06, 'epoch': 0.1}
{'loss': 0.9469, 'grad_norm': 2.8636832237243652, 'learning_rate': 9.86497555230687e-06, 'epoch': 0.1}
{'loss': 1.102, 'grad_norm': 2.921239137649536, 'learning_rate': 9.864495083558236e-06, 'epoch': 0.1}
{'loss': 0.9031, 'grad_norm': 2.679503917694092, 'learning_rate': 9.864013773223533e-06, 'epoch': 0.1}
{'loss': 1.2701, 'grad_norm': 3.3167917728424072, 'learning_rate': 9.863531621386026e-06, 'epoch': 0.1}
{'loss': 0.9816, 'grad_norm': 2.7697763442993164, 'learning_rate': 9.863048628129135e-06, 'epoch': 0.1}
{'loss': 0.8572, 'grad_norm': 2.6778016090393066, 'learning_rate': 9.86256479353642e-06, 'epoch': 0.1}
{'loss': 0.9182, 'grad_norm': 2.7508890628814697, 'learning_rate': 9.862080117691584e-06, 'epoch': 0.1}
{'loss': 1.1347, 'grad_norm': 2.8673930168151855, 'learning_rate': 9.861594600678484e-06, 'epoch': 0.1}
{'loss': 1.0125, 'grad_norm': 2.8017537593841553, 'learning_rate': 9.861108242581112e-06, 'epoch': 0.1}
{'loss': 1.0448, 'grad_norm': 2.689714193344116, 'learning_rate': 9.860621043483613e-06, 'epoch': 0.1}
{'loss': 0.9952, 'grad_norm': 3.2736663818359375, 'learning_rate': 9.860133003470276e-06, 'epoch': 0.1}
{'loss': 0.8278, 'grad_norm': 2.8170344829559326, 'learning_rate': 9.859644122625534e-06, 'epoch': 0.1}
{'loss': 0.9419, 'grad_norm': 2.921567916870117, 'learning_rate': 9.859154401033966e-06, 'epoch': 0.1}
{'loss': 1.0024, 'grad_norm': 2.659451484680176, 'learning_rate': 9.858663838780297e-06, 'epoch': 0.1}
{'loss': 1.0542, 'grad_norm': 3.0970988273620605, 'learning_rate': 9.858172435949396e-06, 'epoch': 0.1}
{'loss': 0.927, 'grad_norm': 2.9251749515533447, 'learning_rate': 9.85768019262628e-06, 'epoch': 0.1}
{'loss': 0.7575, 'grad_norm': 1.9766682386398315, 'learning_rate': 9.857187108896111e-06, 'epoch': 0.1}
{'loss': 0.7706, 'grad_norm': 2.8769121170043945, 'learning_rate': 9.856693184844194e-06, 'epoch': 0.1}
{'loss': 1.1583, 'grad_norm': 3.165755033493042, 'learning_rate': 9.85619842055598e-06, 'epoch': 0.1}
{'loss': 0.7549, 'grad_norm': 2.1674365997314453, 'learning_rate': 9.855702816117068e-06, 'epoch': 0.1}
{'loss': 1.0611, 'grad_norm': 2.964885950088501, 'learning_rate': 9.8552063716132e-06, 'epoch': 0.1}
{'loss': 0.9821, 'grad_norm': 2.9360601902008057, 'learning_rate': 9.854709087130261e-06, 'epoch': 0.1}
{'loss': 1.048, 'grad_norm': 2.9709877967834473, 'learning_rate': 9.854210962754287e-06, 'epoch': 0.1}
{'loss': 0.8835, 'grad_norm': 2.791792869567871, 'learning_rate': 9.853711998571457e-06, 'epoch': 0.1}
{'loss': 1.0641, 'grad_norm': 2.7410476207733154, 'learning_rate': 9.853212194668092e-06, 'epoch': 0.11}
{'loss': 1.0592, 'grad_norm': 2.804537534713745, 'learning_rate': 9.852711551130662e-06, 'epoch': 0.11}
{'loss': 1.0138, 'grad_norm': 2.9473862648010254, 'learning_rate': 9.852210068045783e-06, 'epoch': 0.11}
{'loss': 1.0098, 'grad_norm': 2.861720561981201, 'learning_rate': 9.851707745500212e-06, 'epoch': 0.11}
{'loss': 1.0535, 'grad_norm': 3.1654767990112305, 'learning_rate': 9.851204583580856e-06, 'epoch': 0.11}
{'loss': 0.9626, 'grad_norm': 2.833820104598999, 'learning_rate': 9.850700582374764e-06, 'epoch': 0.11}
{'loss': 0.9994, 'grad_norm': 3.3419089317321777, 'learning_rate': 9.85019574196913e-06, 'epoch': 0.11}
{'loss': 1.1192, 'grad_norm': 3.2029225826263428, 'learning_rate': 9.849690062451296e-06, 'epoch': 0.11}
{'loss': 0.8977, 'grad_norm': 2.790576934814453, 'learning_rate': 9.849183543908747e-06, 'epoch': 0.11}
{'loss': 1.1104, 'grad_norm': 2.8820416927337646, 'learning_rate': 9.848676186429113e-06, 'epoch': 0.11}
{'loss': 1.0158, 'grad_norm': 2.8441574573516846, 'learning_rate': 9.848167990100171e-06, 'epoch': 0.11}
{'loss': 1.0316, 'grad_norm': 2.9246649742126465, 'learning_rate': 9.84765895500984e-06, 'epoch': 0.11}
{'loss': 0.913, 'grad_norm': 2.9807894229888916, 'learning_rate': 9.847149081246187e-06, 'epoch': 0.11}
{'loss': 1.0944, 'grad_norm': 3.035188674926758, 'learning_rate': 9.846638368897426e-06, 'epoch': 0.11}
{'loss': 1.0967, 'grad_norm': 3.3088412284851074, 'learning_rate': 9.84612681805191e-06, 'epoch': 0.11}
{'loss': 0.9814, 'grad_norm': 2.788632392883301, 'learning_rate': 9.84561442879814e-06, 'epoch': 0.11}
{'loss': 1.1929, 'grad_norm': 3.002174139022827, 'learning_rate': 9.845101201224763e-06, 'epoch': 0.11}
{'loss': 0.9209, 'grad_norm': 2.8406124114990234, 'learning_rate': 9.844587135420573e-06, 'epoch': 0.11}
{'loss': 1.0187, 'grad_norm': 2.952110528945923, 'learning_rate': 9.844072231474502e-06, 'epoch': 0.11}
{'loss': 0.936, 'grad_norm': 2.587114095687866, 'learning_rate': 9.843556489475634e-06, 'epoch': 0.11}
{'loss': 1.0423, 'grad_norm': 2.7933740615844727, 'learning_rate': 9.843039909513195e-06, 'epoch': 0.11}
{'loss': 1.2298, 'grad_norm': 3.1457464694976807, 'learning_rate': 9.842522491676555e-06, 'epoch': 0.11}
{'loss': 1.1121, 'grad_norm': 3.0180928707122803, 'learning_rate': 9.842004236055234e-06, 'epoch': 0.11}
{'loss': 0.8225, 'grad_norm': 2.909411907196045, 'learning_rate': 9.84148514273889e-06, 'epoch': 0.11}
{'loss': 1.1117, 'grad_norm': 2.9828412532806396, 'learning_rate': 9.840965211817328e-06, 'epoch': 0.11}
{'loss': 0.8902, 'grad_norm': 2.694762706756592, 'learning_rate': 9.840444443380501e-06, 'epoch': 0.11}
{'loss': 0.917, 'grad_norm': 2.6115362644195557, 'learning_rate': 9.839922837518508e-06, 'epoch': 0.11}
{'loss': 0.9361, 'grad_norm': 2.93552827835083, 'learning_rate': 9.839400394321585e-06, 'epoch': 0.11}
{'loss': 0.9381, 'grad_norm': 2.9199016094207764, 'learning_rate': 9.838877113880119e-06, 'epoch': 0.11}
{'loss': 1.0322, 'grad_norm': 2.770402669906616, 'learning_rate': 9.838352996284641e-06, 'epoch': 0.11}
{'loss': 1.1209, 'grad_norm': 3.118483304977417, 'learning_rate': 9.837828041625827e-06, 'epoch': 0.11}
{'loss': 1.0974, 'grad_norm': 3.3977203369140625, 'learning_rate': 9.837302249994499e-06, 'epoch': 0.11}
{'loss': 1.087, 'grad_norm': 3.4716005325317383, 'learning_rate': 9.836775621481618e-06, 'epoch': 0.11}
{'loss': 1.112, 'grad_norm': 2.989631175994873, 'learning_rate': 9.836248156178295e-06, 'epoch': 0.11}
{'loss': 0.9906, 'grad_norm': 2.856473922729492, 'learning_rate': 9.835719854175786e-06, 'epoch': 0.11}
{'loss': 0.9317, 'grad_norm': 2.7946693897247314, 'learning_rate': 9.83519071556549e-06, 'epoch': 0.11}
{'loss': 0.8816, 'grad_norm': 2.760817766189575, 'learning_rate': 9.83466074043895e-06, 'epoch': 0.11}
{'loss': 0.9701, 'grad_norm': 2.917597532272339, 'learning_rate': 9.834129928887854e-06, 'epoch': 0.11}
{'loss': 0.9115, 'grad_norm': 2.629390239715576, 'learning_rate': 9.83359828100404e-06, 'epoch': 0.11}
{'loss': 1.0251, 'grad_norm': 2.9103586673736572, 'learning_rate': 9.833065796879481e-06, 'epoch': 0.11}
{'loss': 0.6147, 'grad_norm': 2.558993339538574, 'learning_rate': 9.832532476606302e-06, 'epoch': 0.11}
{'loss': 0.8249, 'grad_norm': 2.543667793273926, 'learning_rate': 9.83199832027677e-06, 'epoch': 0.11}
{'loss': 1.1418, 'grad_norm': 3.1911327838897705, 'learning_rate': 9.8314633279833e-06, 'epoch': 0.11}
{'loss': 1.0096, 'grad_norm': 2.8314249515533447, 'learning_rate': 9.830927499818443e-06, 'epoch': 0.11}
{'loss': 0.8291, 'grad_norm': 2.6096694469451904, 'learning_rate': 9.830390835874907e-06, 'epoch': 0.11}
{'loss': 1.0059, 'grad_norm': 2.7834787368774414, 'learning_rate': 9.829853336245534e-06, 'epoch': 0.11}
{'loss': 0.9292, 'grad_norm': 2.8782103061676025, 'learning_rate': 9.829315001023314e-06, 'epoch': 0.11}
{'loss': 0.9979, 'grad_norm': 2.767026424407959, 'learning_rate': 9.828775830301385e-06, 'epoch': 0.11}
{'loss': 0.7822, 'grad_norm': 2.559209108352661, 'learning_rate': 9.828235824173025e-06, 'epoch': 0.11}
{'loss': 1.0297, 'grad_norm': 2.705357074737549, 'learning_rate': 9.827694982731658e-06, 'epoch': 0.11}
{'loss': 0.8976, 'grad_norm': 2.6801912784576416, 'learning_rate': 9.827153306070854e-06, 'epoch': 0.11}
{'loss': 1.1649, 'grad_norm': 3.2032623291015625, 'learning_rate': 9.826610794284324e-06, 'epoch': 0.11}
{'loss': 0.6061, 'grad_norm': 2.610769271850586, 'learning_rate': 9.826067447465927e-06, 'epoch': 0.11}
{'loss': 1.04, 'grad_norm': 2.886106252670288, 'learning_rate': 9.825523265709667e-06, 'epoch': 0.11}
{'loss': 1.1378, 'grad_norm': 3.3991007804870605, 'learning_rate': 9.82497824910969e-06, 'epoch': 0.11}
{'loss': 1.1469, 'grad_norm': 3.99350643157959, 'learning_rate': 9.824432397760283e-06, 'epoch': 0.11}
{'loss': 1.0049, 'grad_norm': 2.6914784908294678, 'learning_rate': 9.823885711755885e-06, 'epoch': 0.11}
{'loss': 1.2492, 'grad_norm': 3.24434757232666, 'learning_rate': 9.823338191191076e-06, 'epoch': 0.11}
{'loss': 0.9226, 'grad_norm': 3.145571708679199, 'learning_rate': 9.82278983616058e-06, 'epoch': 0.11}
{'loss': 0.9655, 'grad_norm': 2.7439775466918945, 'learning_rate': 9.822240646759264e-06, 'epoch': 0.11}
{'loss': 0.8852, 'grad_norm': 2.752497434616089, 'learning_rate': 9.821690623082143e-06, 'epoch': 0.11}
{'loss': 0.9685, 'grad_norm': 2.8828444480895996, 'learning_rate': 9.821139765224374e-06, 'epoch': 0.11}
{'loss': 0.8921, 'grad_norm': 2.5169622898101807, 'learning_rate': 9.820588073281256e-06, 'epoch': 0.11}
{'loss': 1.0582, 'grad_norm': 2.890420913696289, 'learning_rate': 9.820035547348238e-06, 'epoch': 0.11}
{'loss': 1.1488, 'grad_norm': 3.27248215675354, 'learning_rate': 9.81948218752091e-06, 'epoch': 0.11}
{'loss': 0.8951, 'grad_norm': 2.5683305263519287, 'learning_rate': 9.818927993895007e-06, 'epoch': 0.11}
{'loss': 0.7242, 'grad_norm': 2.437011480331421, 'learning_rate': 9.818372966566404e-06, 'epoch': 0.11}
{'loss': 0.8394, 'grad_norm': 2.6540026664733887, 'learning_rate': 9.817817105631128e-06, 'epoch': 0.11}
{'loss': 0.8801, 'grad_norm': 2.7165091037750244, 'learning_rate': 9.817260411185343e-06, 'epoch': 0.11}
{'loss': 0.9454, 'grad_norm': 2.868767738342285, 'learning_rate': 9.816702883325364e-06, 'epoch': 0.11}
{'loss': 0.9882, 'grad_norm': 2.916090726852417, 'learning_rate': 9.816144522147644e-06, 'epoch': 0.11}
{'loss': 0.9335, 'grad_norm': 3.3337788581848145, 'learning_rate': 9.815585327748783e-06, 'epoch': 0.11}
{'loss': 1.1055, 'grad_norm': 2.804920196533203, 'learning_rate': 9.815025300225524e-06, 'epoch': 0.11}
{'loss': 1.0112, 'grad_norm': 3.0465879440307617, 'learning_rate': 9.814464439674758e-06, 'epoch': 0.11}
{'loss': 1.0187, 'grad_norm': 3.0562968254089355, 'learning_rate': 9.813902746193515e-06, 'epoch': 0.11}
{'loss': 1.0726, 'grad_norm': 3.0634124279022217, 'learning_rate': 9.813340219878971e-06, 'epoch': 0.11}
{'loss': 0.9617, 'grad_norm': 2.8330211639404297, 'learning_rate': 9.812776860828447e-06, 'epoch': 0.11}
{'loss': 1.0073, 'grad_norm': 3.314263105392456, 'learning_rate': 9.81221266913941e-06, 'epoch': 0.11}
{'loss': 0.9338, 'grad_norm': 2.9016172885894775, 'learning_rate': 9.811647644909462e-06, 'epoch': 0.12}
{'loss': 0.8544, 'grad_norm': 2.6788785457611084, 'learning_rate': 9.811081788236363e-06, 'epoch': 0.12}
{'loss': 0.9725, 'grad_norm': 3.2323732376098633, 'learning_rate': 9.810515099218004e-06, 'epoch': 0.12}
{'loss': 1.0479, 'grad_norm': 2.8910746574401855, 'learning_rate': 9.809947577952428e-06, 'epoch': 0.12}
{'loss': 0.915, 'grad_norm': 2.877877950668335, 'learning_rate': 9.809379224537818e-06, 'epoch': 0.12}
{'loss': 0.9355, 'grad_norm': 2.9155285358428955, 'learning_rate': 9.808810039072502e-06, 'epoch': 0.12}
{'loss': 0.9628, 'grad_norm': 2.8756930828094482, 'learning_rate': 9.808240021654958e-06, 'epoch': 0.12}
{'loss': 1.1086, 'grad_norm': 3.264899492263794, 'learning_rate': 9.807669172383795e-06, 'epoch': 0.12}
{'loss': 1.0955, 'grad_norm': 3.0770232677459717, 'learning_rate': 9.807097491357778e-06, 'epoch': 0.12}
{'loss': 1.1326, 'grad_norm': 3.0634701251983643, 'learning_rate': 9.806524978675808e-06, 'epoch': 0.12}
{'loss': 0.8671, 'grad_norm': 3.0689995288848877, 'learning_rate': 9.805951634436934e-06, 'epoch': 0.12}
{'loss': 0.8957, 'grad_norm': 2.9370110034942627, 'learning_rate': 9.80537745874035e-06, 'epoch': 0.12}
{'loss': 1.2306, 'grad_norm': 2.9392473697662354, 'learning_rate': 9.804802451685391e-06, 'epoch': 0.12}
{'loss': 1.0016, 'grad_norm': 2.5378377437591553, 'learning_rate': 9.804226613371534e-06, 'epoch': 0.12}
{'loss': 0.8232, 'grad_norm': 2.5999414920806885, 'learning_rate': 9.803649943898406e-06, 'epoch': 0.12}
{'loss': 1.0028, 'grad_norm': 2.8964765071868896, 'learning_rate': 9.80307244336577e-06, 'epoch': 0.12}
{'loss': 0.8913, 'grad_norm': 2.6561858654022217, 'learning_rate': 9.802494111873542e-06, 'epoch': 0.12}
{'loss': 0.9918, 'grad_norm': 2.851266860961914, 'learning_rate': 9.80191494952177e-06, 'epoch': 0.12}
{'loss': 1.2867, 'grad_norm': 3.5761666297912598, 'learning_rate': 9.801334956410661e-06, 'epoch': 0.12}
{'loss': 1.0259, 'grad_norm': 2.7958619594573975, 'learning_rate': 9.80075413264055e-06, 'epoch': 0.12}
{'loss': 1.2809, 'grad_norm': 3.172837495803833, 'learning_rate': 9.800172478311928e-06, 'epoch': 0.12}
{'loss': 1.0608, 'grad_norm': 3.0331478118896484, 'learning_rate': 9.79958999352542e-06, 'epoch': 0.12}
{'loss': 0.8766, 'grad_norm': 3.2250452041625977, 'learning_rate': 9.799006678381803e-06, 'epoch': 0.12}
{'loss': 0.9731, 'grad_norm': 3.048065185546875, 'learning_rate': 9.798422532981993e-06, 'epoch': 0.12}
{'loss': 1.0393, 'grad_norm': 2.9042587280273438, 'learning_rate': 9.797837557427047e-06, 'epoch': 0.12}
{'loss': 1.0979, 'grad_norm': 2.7921066284179688, 'learning_rate': 9.797251751818175e-06, 'epoch': 0.12}
{'loss': 1.0263, 'grad_norm': 3.097414255142212, 'learning_rate': 9.79666511625672e-06, 'epoch': 0.12}
{'loss': 1.0419, 'grad_norm': 2.786832094192505, 'learning_rate': 9.796077650844179e-06, 'epoch': 0.12}
{'loss': 0.8773, 'grad_norm': 2.6220545768737793, 'learning_rate': 9.79548935568218e-06, 'epoch': 0.12}
{'loss': 0.9367, 'grad_norm': 2.765510082244873, 'learning_rate': 9.794900230872504e-06, 'epoch': 0.12}
{'loss': 0.9336, 'grad_norm': 2.800225257873535, 'learning_rate': 9.794310276517076e-06, 'epoch': 0.12}
{'loss': 0.9651, 'grad_norm': 2.8714711666107178, 'learning_rate': 9.793719492717959e-06, 'epoch': 0.12}
{'loss': 1.113, 'grad_norm': 3.2667391300201416, 'learning_rate': 9.793127879577363e-06, 'epoch': 0.12}
{'loss': 1.0031, 'grad_norm': 2.934016704559326, 'learning_rate': 9.792535437197639e-06, 'epoch': 0.12}
{'loss': 0.879, 'grad_norm': 2.765373468399048, 'learning_rate': 9.791942165681284e-06, 'epoch': 0.12}
{'loss': 1.0497, 'grad_norm': 2.7299342155456543, 'learning_rate': 9.791348065130939e-06, 'epoch': 0.12}
{'loss': 1.0087, 'grad_norm': 2.7646548748016357, 'learning_rate': 9.790753135649383e-06, 'epoch': 0.12}
{'loss': 1.0814, 'grad_norm': 3.04237699508667, 'learning_rate': 9.790157377339545e-06, 'epoch': 0.12}
{'loss': 0.9501, 'grad_norm': 2.4301671981811523, 'learning_rate': 9.789560790304495e-06, 'epoch': 0.12}
{'loss': 0.8818, 'grad_norm': 3.106289863586426, 'learning_rate': 9.788963374647444e-06, 'epoch': 0.12}
{'loss': 1.166, 'grad_norm': 3.1316089630126953, 'learning_rate': 9.788365130471751e-06, 'epoch': 0.12}
{'loss': 1.0561, 'grad_norm': 3.047086000442505, 'learning_rate': 9.787766057880914e-06, 'epoch': 0.12}
{'loss': 0.959, 'grad_norm': 3.373833417892456, 'learning_rate': 9.787166156978579e-06, 'epoch': 0.12}
{'loss': 1.1387, 'grad_norm': 3.077624797821045, 'learning_rate': 9.786565427868527e-06, 'epoch': 0.12}
{'loss': 0.7788, 'grad_norm': 2.6195149421691895, 'learning_rate': 9.78596387065469e-06, 'epoch': 0.12}
{'loss': 0.9824, 'grad_norm': 2.912480115890503, 'learning_rate': 9.785361485441143e-06, 'epoch': 0.12}
{'loss': 1.2022, 'grad_norm': 2.739645004272461, 'learning_rate': 9.784758272332099e-06, 'epoch': 0.12}
{'loss': 0.8758, 'grad_norm': 2.82297420501709, 'learning_rate': 9.78415423143192e-06, 'epoch': 0.12}
{'loss': 0.9543, 'grad_norm': 2.7252357006073, 'learning_rate': 9.783549362845106e-06, 'epoch': 0.12}
{'loss': 1.0839, 'grad_norm': 2.7367711067199707, 'learning_rate': 9.782943666676307e-06, 'epoch': 0.12}
{'loss': 0.8906, 'grad_norm': 2.714406967163086, 'learning_rate': 9.782337143030308e-06, 'epoch': 0.12}
{'loss': 0.9981, 'grad_norm': 2.773712158203125, 'learning_rate': 9.781729792012043e-06, 'epoch': 0.12}
{'loss': 0.9002, 'grad_norm': 2.579467535018921, 'learning_rate': 9.781121613726585e-06, 'epoch': 0.12}
{'loss': 1.0206, 'grad_norm': 2.6773126125335693, 'learning_rate': 9.780512608279156e-06, 'epoch': 0.12}
{'loss': 1.037, 'grad_norm': 3.0820956230163574, 'learning_rate': 9.779902775775115e-06, 'epoch': 0.12}
{'loss': 1.1273, 'grad_norm': 2.7796874046325684, 'learning_rate': 9.779292116319968e-06, 'epoch': 0.12}
{'loss': 0.9704, 'grad_norm': 3.270265817642212, 'learning_rate': 9.77868063001936e-06, 'epoch': 0.12}
{'loss': 0.9323, 'grad_norm': 2.743760108947754, 'learning_rate': 9.778068316979083e-06, 'epoch': 0.12}
{'loss': 0.9223, 'grad_norm': 2.9466216564178467, 'learning_rate': 9.777455177305073e-06, 'epoch': 0.12}
{'loss': 1.2996, 'grad_norm': 3.141796588897705, 'learning_rate': 9.776841211103406e-06, 'epoch': 0.12}
{'loss': 0.9081, 'grad_norm': 2.8194029331207275, 'learning_rate': 9.7762264184803e-06, 'epoch': 0.12}
{'loss': 0.9402, 'grad_norm': 2.688369035720825, 'learning_rate': 9.775610799542116e-06, 'epoch': 0.12}
{'loss': 1.0561, 'grad_norm': 2.8948287963867188, 'learning_rate': 9.774994354395367e-06, 'epoch': 0.12}
{'loss': 0.6429, 'grad_norm': 1.8815693855285645, 'learning_rate': 9.774377083146693e-06, 'epoch': 0.12}
{'loss': 0.8165, 'grad_norm': 2.5389294624328613, 'learning_rate': 9.77375898590289e-06, 'epoch': 0.12}
{'loss': 1.0503, 'grad_norm': 3.1969149112701416, 'learning_rate': 9.773140062770894e-06, 'epoch': 0.12}
{'loss': 1.1306, 'grad_norm': 3.1600492000579834, 'learning_rate': 9.772520313857777e-06, 'epoch': 0.12}
{'loss': 0.9881, 'grad_norm': 2.756070613861084, 'learning_rate': 9.771899739270762e-06, 'epoch': 0.12}
{'loss': 0.9181, 'grad_norm': 2.9967522621154785, 'learning_rate': 9.771278339117215e-06, 'epoch': 0.12}
{'loss': 0.9736, 'grad_norm': 3.0298328399658203, 'learning_rate': 9.770656113504637e-06, 'epoch': 0.12}
{'loss': 1.0135, 'grad_norm': 2.9146053791046143, 'learning_rate': 9.770033062540681e-06, 'epoch': 0.12}
{'loss': 1.0324, 'grad_norm': 2.933898448944092, 'learning_rate': 9.769409186333135e-06, 'epoch': 0.12}
{'loss': 1.0043, 'grad_norm': 3.048532485961914, 'learning_rate': 9.768784484989935e-06, 'epoch': 0.12}
{'loss': 1.0805, 'grad_norm': 3.041964530944824, 'learning_rate': 9.768158958619156e-06, 'epoch': 0.12}
{'loss': 0.8758, 'grad_norm': 2.7345378398895264, 'learning_rate': 9.76753260732902e-06, 'epoch': 0.12}
{'loss': 0.8196, 'grad_norm': 2.8153538703918457, 'learning_rate': 9.766905431227889e-06, 'epoch': 0.12}
{'loss': 0.9776, 'grad_norm': 2.5946669578552246, 'learning_rate': 9.766277430424268e-06, 'epoch': 0.12}
{'loss': 1.0455, 'grad_norm': 2.7028398513793945, 'learning_rate': 9.765648605026805e-06, 'epoch': 0.12}
{'loss': 0.9723, 'grad_norm': 2.881648063659668, 'learning_rate': 9.765018955144287e-06, 'epoch': 0.13}
{'loss': 1.0942, 'grad_norm': 3.072685480117798, 'learning_rate': 9.764388480885654e-06, 'epoch': 0.13}
{'loss': 1.0999, 'grad_norm': 2.8669469356536865, 'learning_rate': 9.763757182359977e-06, 'epoch': 0.13}
{'loss': 0.7017, 'grad_norm': 1.9454054832458496, 'learning_rate': 9.763125059676473e-06, 'epoch': 0.13}
{'loss': 1.1871, 'grad_norm': 3.117340326309204, 'learning_rate': 9.762492112944506e-06, 'epoch': 0.13}
{'loss': 0.8717, 'grad_norm': 2.621802806854248, 'learning_rate': 9.76185834227358e-06, 'epoch': 0.13}
{'loss': 1.0474, 'grad_norm': 2.8415579795837402, 'learning_rate': 9.761223747773339e-06, 'epoch': 0.13}
{'loss': 0.8088, 'grad_norm': 2.544639825820923, 'learning_rate': 9.76058832955357e-06, 'epoch': 0.13}
{'loss': 1.0585, 'grad_norm': 2.7482357025146484, 'learning_rate': 9.759952087724209e-06, 'epoch': 0.13}
{'loss': 1.0256, 'grad_norm': 2.7703254222869873, 'learning_rate': 9.759315022395327e-06, 'epoch': 0.13}
{'loss': 1.067, 'grad_norm': 2.8226373195648193, 'learning_rate': 9.75867713367714e-06, 'epoch': 0.13}
{'loss': 0.9238, 'grad_norm': 2.955493688583374, 'learning_rate': 9.758038421680002e-06, 'epoch': 0.13}
{'loss': 0.8608, 'grad_norm': 2.4404871463775635, 'learning_rate': 9.757398886514422e-06, 'epoch': 0.13}
{'loss': 1.008, 'grad_norm': 2.940605878829956, 'learning_rate': 9.756758528291039e-06, 'epoch': 0.13}
{'loss': 1.0044, 'grad_norm': 2.814929246902466, 'learning_rate': 9.756117347120639e-06, 'epoch': 0.13}
{'loss': 0.9984, 'grad_norm': 2.91345477104187, 'learning_rate': 9.755475343114151e-06, 'epoch': 0.13}
{'loss': 0.7858, 'grad_norm': 2.710592269897461, 'learning_rate': 9.754832516382645e-06, 'epoch': 0.13}
{'loss': 0.9235, 'grad_norm': 2.466099977493286, 'learning_rate': 9.754188867037332e-06, 'epoch': 0.13}
{'loss': 1.0777, 'grad_norm': 2.9192569255828857, 'learning_rate': 9.753544395189569e-06, 'epoch': 0.13}
{'loss': 0.7778, 'grad_norm': 2.5244576930999756, 'learning_rate': 9.752899100950854e-06, 'epoch': 0.13}
{'loss': 1.0699, 'grad_norm': 3.1149070262908936, 'learning_rate': 9.752252984432825e-06, 'epoch': 0.13}
{'loss': 1.1356, 'grad_norm': 3.285726547241211, 'learning_rate': 9.751606045747265e-06, 'epoch': 0.13}
{'loss': 0.8777, 'grad_norm': 2.774754047393799, 'learning_rate': 9.750958285006097e-06, 'epoch': 0.13}
{'loss': 0.8587, 'grad_norm': 2.631014108657837, 'learning_rate': 9.75030970232139e-06, 'epoch': 0.13}
{'loss': 1.1084, 'grad_norm': 2.8522608280181885, 'learning_rate': 9.74966029780535e-06, 'epoch': 0.13}
{'loss': 1.3093, 'grad_norm': 3.4183669090270996, 'learning_rate': 9.749010071570328e-06, 'epoch': 0.13}
{'loss': 0.9542, 'grad_norm': 2.7926807403564453, 'learning_rate': 9.748359023728817e-06, 'epoch': 0.13}
{'loss': 1.0907, 'grad_norm': 2.776717185974121, 'learning_rate': 9.747707154393455e-06, 'epoch': 0.13}
{'loss': 0.9861, 'grad_norm': 2.9947335720062256, 'learning_rate': 9.747054463677016e-06, 'epoch': 0.13}
{'loss': 0.7458, 'grad_norm': 2.8671298027038574, 'learning_rate': 9.746400951692418e-06, 'epoch': 0.13}
{'loss': 1.0201, 'grad_norm': 2.843071937561035, 'learning_rate': 9.745746618552725e-06, 'epoch': 0.13}
{'loss': 0.9012, 'grad_norm': 2.4568350315093994, 'learning_rate': 9.74509146437114e-06, 'epoch': 0.13}
{'loss': 0.8434, 'grad_norm': 2.6932942867279053, 'learning_rate': 9.744435489261011e-06, 'epoch': 0.13}
{'loss': 1.0119, 'grad_norm': 2.9403464794158936, 'learning_rate': 9.743778693335822e-06, 'epoch': 0.13}
{'loss': 0.9083, 'grad_norm': 2.7421607971191406, 'learning_rate': 9.743121076709202e-06, 'epoch': 0.13}
{'loss': 1.0093, 'grad_norm': 2.756056308746338, 'learning_rate': 9.742462639494925e-06, 'epoch': 0.13}
{'loss': 0.9069, 'grad_norm': 2.637112855911255, 'learning_rate': 9.741803381806903e-06, 'epoch': 0.13}
{'loss': 0.9364, 'grad_norm': 2.930664300918579, 'learning_rate': 9.741143303759193e-06, 'epoch': 0.13}
{'loss': 1.1116, 'grad_norm': 3.2052602767944336, 'learning_rate': 9.740482405465992e-06, 'epoch': 0.13}
{'loss': 1.0707, 'grad_norm': 2.643148422241211, 'learning_rate': 9.739820687041636e-06, 'epoch': 0.13}
{'loss': 1.0627, 'grad_norm': 3.227100372314453, 'learning_rate': 9.739158148600609e-06, 'epoch': 0.13}
{'loss': 0.9108, 'grad_norm': 2.656358003616333, 'learning_rate': 9.738494790257535e-06, 'epoch': 0.13}
{'loss': 1.0468, 'grad_norm': 3.0741937160491943, 'learning_rate': 9.737830612127178e-06, 'epoch': 0.13}
{'loss': 0.9692, 'grad_norm': 2.9271161556243896, 'learning_rate': 9.737165614324445e-06, 'epoch': 0.13}
{'loss': 0.9224, 'grad_norm': 2.6170618534088135, 'learning_rate': 9.736499796964382e-06, 'epoch': 0.13}
{'loss': 1.1903, 'grad_norm': 3.3286991119384766, 'learning_rate': 9.735833160162181e-06, 'epoch': 0.13}
{'loss': 1.0534, 'grad_norm': 2.582327365875244, 'learning_rate': 9.735165704033176e-06, 'epoch': 0.13}
{'loss': 0.9578, 'grad_norm': 2.8748700618743896, 'learning_rate': 9.734497428692838e-06, 'epoch': 0.13}
{'loss': 1.0446, 'grad_norm': 2.925462007522583, 'learning_rate': 9.733828334256783e-06, 'epoch': 0.13}
{'loss': 0.9226, 'grad_norm': 2.5309555530548096, 'learning_rate': 9.73315842084077e-06, 'epoch': 0.13}
{'loss': 1.0627, 'grad_norm': 3.2274985313415527, 'learning_rate': 9.732487688560694e-06, 'epoch': 0.13}
{'loss': 1.095, 'grad_norm': 3.2710320949554443, 'learning_rate': 9.731816137532602e-06, 'epoch': 0.13}
{'loss': 0.9778, 'grad_norm': 2.791548252105713, 'learning_rate': 9.73114376787267e-06, 'epoch': 0.13}
{'loss': 0.9239, 'grad_norm': 2.8998208045959473, 'learning_rate': 9.730470579697225e-06, 'epoch': 0.13}
{'loss': 0.7116, 'grad_norm': 2.5637996196746826, 'learning_rate': 9.729796573122733e-06, 'epoch': 0.13}
{'loss': 1.0423, 'grad_norm': 2.75246262550354, 'learning_rate': 9.7291217482658e-06, 'epoch': 0.13}
{'loss': 0.8005, 'grad_norm': 2.5019168853759766, 'learning_rate': 9.728446105243172e-06, 'epoch': 0.13}
{'loss': 0.7976, 'grad_norm': 1.8917592763900757, 'learning_rate': 9.727769644171745e-06, 'epoch': 0.13}
{'loss': 1.0836, 'grad_norm': 3.0395448207855225, 'learning_rate': 9.727092365168547e-06, 'epoch': 0.13}
{'loss': 1.0509, 'grad_norm': 2.7577602863311768, 'learning_rate': 9.72641426835075e-06, 'epoch': 0.13}
{'loss': 0.7705, 'grad_norm': 2.6179964542388916, 'learning_rate': 9.725735353835672e-06, 'epoch': 0.13}
{'loss': 0.9495, 'grad_norm': 2.7498037815093994, 'learning_rate': 9.725055621740767e-06, 'epoch': 0.13}
{'loss': 0.9388, 'grad_norm': 2.886673927307129, 'learning_rate': 9.724375072183634e-06, 'epoch': 0.13}
{'loss': 1.0566, 'grad_norm': 2.8078536987304688, 'learning_rate': 9.723693705282011e-06, 'epoch': 0.13}
{'loss': 0.929, 'grad_norm': 2.6665873527526855, 'learning_rate': 9.723011521153779e-06, 'epoch': 0.13}
{'loss': 1.123, 'grad_norm': 3.0934438705444336, 'learning_rate': 9.72232851991696e-06, 'epoch': 0.13}
{'loss': 1.0277, 'grad_norm': 2.895711898803711, 'learning_rate': 9.721644701689716e-06, 'epoch': 0.13}
{'loss': 0.8747, 'grad_norm': 2.714540958404541, 'learning_rate': 9.720960066590352e-06, 'epoch': 0.13}
{'loss': 1.0575, 'grad_norm': 2.730581760406494, 'learning_rate': 9.720274614737315e-06, 'epoch': 0.13}
{'loss': 1.1185, 'grad_norm': 2.6001062393188477, 'learning_rate': 9.719588346249191e-06, 'epoch': 0.13}
{'loss': 1.0042, 'grad_norm': 2.899467706680298, 'learning_rate': 9.718901261244709e-06, 'epoch': 0.13}
{'loss': 1.0851, 'grad_norm': 2.8809030055999756, 'learning_rate': 9.71821335984274e-06, 'epoch': 0.13}
{'loss': 1.0898, 'grad_norm': 2.893794536590576, 'learning_rate': 9.717524642162293e-06, 'epoch': 0.13}
{'loss': 0.8881, 'grad_norm': 2.841799259185791, 'learning_rate': 9.71683510832252e-06, 'epoch': 0.13}
{'loss': 1.0183, 'grad_norm': 2.477320671081543, 'learning_rate': 9.716144758442715e-06, 'epoch': 0.13}
{'loss': 0.8626, 'grad_norm': 2.614696741104126, 'learning_rate': 9.715453592642312e-06, 'epoch': 0.13}
{'loss': 1.1663, 'grad_norm': 3.1743416786193848, 'learning_rate': 9.71476161104089e-06, 'epoch': 0.13}
{'loss': 0.9824, 'grad_norm': 2.812439441680908, 'learning_rate': 9.714068813758162e-06, 'epoch': 0.13}
{'loss': 0.9639, 'grad_norm': 2.8144376277923584, 'learning_rate': 9.713375200913987e-06, 'epoch': 0.14}
{'loss': 0.956, 'grad_norm': 2.6317715644836426, 'learning_rate': 9.712680772628365e-06, 'epoch': 0.14}
{'loss': 1.0936, 'grad_norm': 3.042853355407715, 'learning_rate': 9.711985529021436e-06, 'epoch': 0.14}
{'loss': 0.7523, 'grad_norm': 2.456742525100708, 'learning_rate': 9.71128947021348e-06, 'epoch': 0.14}
{'loss': 1.1403, 'grad_norm': 2.831993341445923, 'learning_rate': 9.710592596324916e-06, 'epoch': 0.14}
{'loss': 1.0727, 'grad_norm': 2.6857070922851562, 'learning_rate': 9.709894907476316e-06, 'epoch': 0.14}
{'loss': 1.0311, 'grad_norm': 2.806187391281128, 'learning_rate': 9.70919640378838e-06, 'epoch': 0.14}
{'loss': 0.7899, 'grad_norm': 2.368152141571045, 'learning_rate': 9.70849708538195e-06, 'epoch': 0.14}
{'loss': 0.8178, 'grad_norm': 2.495347738265991, 'learning_rate': 9.707796952378016e-06, 'epoch': 0.14}
{'loss': 1.0327, 'grad_norm': 3.035233497619629, 'learning_rate': 9.707096004897703e-06, 'epoch': 0.14}
{'loss': 1.1098, 'grad_norm': 2.960815668106079, 'learning_rate': 9.706394243062282e-06, 'epoch': 0.14}
{'loss': 0.8876, 'grad_norm': 2.670724868774414, 'learning_rate': 9.705691666993158e-06, 'epoch': 0.14}
{'loss': 1.3462, 'grad_norm': 3.3839023113250732, 'learning_rate': 9.704988276811883e-06, 'epoch': 0.14}
{'loss': 1.057, 'grad_norm': 3.1306309700012207, 'learning_rate': 9.704284072640147e-06, 'epoch': 0.14}
{'loss': 0.9101, 'grad_norm': 3.048949718475342, 'learning_rate': 9.703579054599783e-06, 'epoch': 0.14}
{'loss': 1.1748, 'grad_norm': 2.991093397140503, 'learning_rate': 9.702873222812762e-06, 'epoch': 0.14}
{'loss': 0.9365, 'grad_norm': 2.713829755783081, 'learning_rate': 9.702166577401195e-06, 'epoch': 0.14}
{'loss': 1.063, 'grad_norm': 3.4243242740631104, 'learning_rate': 9.701459118487337e-06, 'epoch': 0.14}
{'loss': 0.8703, 'grad_norm': 2.7513115406036377, 'learning_rate': 9.700750846193585e-06, 'epoch': 0.14}
{'loss': 1.0816, 'grad_norm': 3.007014274597168, 'learning_rate': 9.700041760642474e-06, 'epoch': 0.14}
{'loss': 0.9064, 'grad_norm': 2.966151237487793, 'learning_rate': 9.699331861956675e-06, 'epoch': 0.14}
{'loss': 0.9634, 'grad_norm': 2.735840320587158, 'learning_rate': 9.698621150259011e-06, 'epoch': 0.14}
{'loss': 0.98, 'grad_norm': 2.7539350986480713, 'learning_rate': 9.697909625672435e-06, 'epoch': 0.14}
{'loss': 0.9568, 'grad_norm': 2.896273374557495, 'learning_rate': 9.697197288320047e-06, 'epoch': 0.14}
{'loss': 0.9624, 'grad_norm': 2.687882661819458, 'learning_rate': 9.696484138325082e-06, 'epoch': 0.14}
{'loss': 1.0034, 'grad_norm': 2.9108362197875977, 'learning_rate': 9.695770175810925e-06, 'epoch': 0.14}
{'loss': 0.9839, 'grad_norm': 2.6875274181365967, 'learning_rate': 9.69505540090109e-06, 'epoch': 0.14}
{'loss': 1.1799, 'grad_norm': 3.0322375297546387, 'learning_rate': 9.694339813719243e-06, 'epoch': 0.14}
{'loss': 0.8873, 'grad_norm': 2.9031946659088135, 'learning_rate': 9.69362341438918e-06, 'epoch': 0.14}
{'loss': 1.0473, 'grad_norm': 2.7736146450042725, 'learning_rate': 9.692906203034842e-06, 'epoch': 0.14}
{'loss': 1.0719, 'grad_norm': 2.8895578384399414, 'learning_rate': 9.692188179780314e-06, 'epoch': 0.14}
{'loss': 0.7107, 'grad_norm': 2.5112171173095703, 'learning_rate': 9.691469344749818e-06, 'epoch': 0.14}
{'loss': 0.7577, 'grad_norm': 2.5203495025634766, 'learning_rate': 9.690749698067713e-06, 'epoch': 0.14}
{'loss': 0.9582, 'grad_norm': 2.5671823024749756, 'learning_rate': 9.690029239858507e-06, 'epoch': 0.14}
{'loss': 1.1932, 'grad_norm': 3.6310532093048096, 'learning_rate': 9.68930797024684e-06, 'epoch': 0.14}
{'loss': 0.7708, 'grad_norm': 2.448782444000244, 'learning_rate': 9.688585889357496e-06, 'epoch': 0.14}
{'loss': 0.6583, 'grad_norm': 2.041355848312378, 'learning_rate': 9.687862997315402e-06, 'epoch': 0.14}
{'loss': 1.2247, 'grad_norm': 2.976361036300659, 'learning_rate': 9.68713929424562e-06, 'epoch': 0.14}
{'loss': 1.0402, 'grad_norm': 3.077570915222168, 'learning_rate': 9.686414780273354e-06, 'epoch': 0.14}
{'loss': 0.9667, 'grad_norm': 3.166019916534424, 'learning_rate': 9.685689455523952e-06, 'epoch': 0.14}
{'loss': 1.0553, 'grad_norm': 3.0024521350860596, 'learning_rate': 9.684963320122897e-06, 'epoch': 0.14}
{'loss': 0.9937, 'grad_norm': 2.959503173828125, 'learning_rate': 9.684236374195817e-06, 'epoch': 0.14}
{'loss': 1.0015, 'grad_norm': 2.8063032627105713, 'learning_rate': 9.683508617868476e-06, 'epoch': 0.14}
{'loss': 0.7723, 'grad_norm': 2.515444278717041, 'learning_rate': 9.68278005126678e-06, 'epoch': 0.14}
{'loss': 1.2788, 'grad_norm': 2.9640705585479736, 'learning_rate': 9.682050674516776e-06, 'epoch': 0.14}
{'loss': 0.9332, 'grad_norm': 2.9382405281066895, 'learning_rate': 9.681320487744652e-06, 'epoch': 0.14}
{'loss': 0.9606, 'grad_norm': 2.8588805198669434, 'learning_rate': 9.680589491076733e-06, 'epoch': 0.14}
{'loss': 0.9746, 'grad_norm': 2.7814841270446777, 'learning_rate': 9.679857684639485e-06, 'epoch': 0.14}
{'loss': 0.9818, 'grad_norm': 2.7356507778167725, 'learning_rate': 9.679125068559514e-06, 'epoch': 0.14}
{'loss': 1.0146, 'grad_norm': 2.869216203689575, 'learning_rate': 9.67839164296357e-06, 'epoch': 0.14}
{'loss': 0.7928, 'grad_norm': 2.435892343521118, 'learning_rate': 9.677657407978538e-06, 'epoch': 0.14}
{'loss': 1.1458, 'grad_norm': 3.2447478771209717, 'learning_rate': 9.676922363731444e-06, 'epoch': 0.14}
{'loss': 0.9427, 'grad_norm': 2.706655979156494, 'learning_rate': 9.676186510349459e-06, 'epoch': 0.14}
{'loss': 1.0269, 'grad_norm': 2.8667752742767334, 'learning_rate': 9.675449847959885e-06, 'epoch': 0.14}
{'loss': 1.2075, 'grad_norm': 2.828686475753784, 'learning_rate': 9.674712376690172e-06, 'epoch': 0.14}
{'loss': 0.7148, 'grad_norm': 2.357506036758423, 'learning_rate': 9.673974096667904e-06, 'epoch': 0.14}
{'loss': 0.8769, 'grad_norm': 2.8503382205963135, 'learning_rate': 9.67323500802081e-06, 'epoch': 0.14}
{'loss': 0.911, 'grad_norm': 2.615783929824829, 'learning_rate': 9.672495110876759e-06, 'epoch': 0.14}
{'loss': 0.975, 'grad_norm': 2.872480869293213, 'learning_rate': 9.671754405363753e-06, 'epoch': 0.14}
{'loss': 1.0834, 'grad_norm': 3.0329277515411377, 'learning_rate': 9.671012891609939e-06, 'epoch': 0.14}
{'loss': 1.0809, 'grad_norm': 2.709782838821411, 'learning_rate': 9.670270569743606e-06, 'epoch': 0.14}
{'loss': 1.0612, 'grad_norm': 2.95782732963562, 'learning_rate': 9.669527439893178e-06, 'epoch': 0.14}
{'loss': 1.0496, 'grad_norm': 2.877723455429077, 'learning_rate': 9.66878350218722e-06, 'epoch': 0.14}
{'loss': 0.9707, 'grad_norm': 2.7762224674224854, 'learning_rate': 9.668038756754441e-06, 'epoch': 0.14}
{'loss': 0.9885, 'grad_norm': 2.7673327922821045, 'learning_rate': 9.667293203723683e-06, 'epoch': 0.14}
{'loss': 1.1288, 'grad_norm': 3.0810229778289795, 'learning_rate': 9.66654684322393e-06, 'epoch': 0.14}
{'loss': 0.9656, 'grad_norm': 2.742356538772583, 'learning_rate': 9.665799675384311e-06, 'epoch': 0.14}
{'loss': 0.8456, 'grad_norm': 2.791766881942749, 'learning_rate': 9.665051700334089e-06, 'epoch': 0.14}
{'loss': 1.15, 'grad_norm': 2.883342981338501, 'learning_rate': 9.664302918202667e-06, 'epoch': 0.14}
{'loss': 1.0571, 'grad_norm': 2.8304080963134766, 'learning_rate': 9.663553329119586e-06, 'epoch': 0.14}
{'loss': 0.8407, 'grad_norm': 2.62434458732605, 'learning_rate': 9.662802933214535e-06, 'epoch': 0.14}
{'loss': 0.7888, 'grad_norm': 2.4425530433654785, 'learning_rate': 9.662051730617333e-06, 'epoch': 0.14}
{'loss': 0.993, 'grad_norm': 2.8178796768188477, 'learning_rate': 9.661299721457944e-06, 'epoch': 0.14}
{'loss': 1.0402, 'grad_norm': 2.849841356277466, 'learning_rate': 9.660546905866471e-06, 'epoch': 0.14}
{'loss': 0.7902, 'grad_norm': 2.6406898498535156, 'learning_rate': 9.659793283973152e-06, 'epoch': 0.14}
{'loss': 1.1173, 'grad_norm': 2.96211314201355, 'learning_rate': 9.659038855908371e-06, 'epoch': 0.14}
{'loss': 1.0251, 'grad_norm': 2.5632357597351074, 'learning_rate': 9.658283621802647e-06, 'epoch': 0.14}
{'loss': 1.0331, 'grad_norm': 2.787693500518799, 'learning_rate': 9.65752758178664e-06, 'epoch': 0.14}
{'loss': 1.1133, 'grad_norm': 2.9279062747955322, 'learning_rate': 9.65677073599115e-06, 'epoch': 0.15}
{'loss': 0.9865, 'grad_norm': 2.7313766479492188, 'learning_rate': 9.656013084547116e-06, 'epoch': 0.15}
{'loss': 0.8778, 'grad_norm': 2.612379312515259, 'learning_rate': 9.655254627585616e-06, 'epoch': 0.15}
{'loss': 0.9529, 'grad_norm': 2.8433520793914795, 'learning_rate': 9.654495365237866e-06, 'epoch': 0.15}
{'loss': 0.9602, 'grad_norm': 2.887026071548462, 'learning_rate': 9.653735297635226e-06, 'epoch': 0.15}
{'loss': 1.1632, 'grad_norm': 3.0592148303985596, 'learning_rate': 9.652974424909187e-06, 'epoch': 0.15}
{'loss': 0.8859, 'grad_norm': 2.725830316543579, 'learning_rate': 9.65221274719139e-06, 'epoch': 0.15}
{'loss': 1.0882, 'grad_norm': 2.7274065017700195, 'learning_rate': 9.651450264613607e-06, 'epoch': 0.15}
{'loss': 1.0706, 'grad_norm': 3.0272459983825684, 'learning_rate': 9.65068697730775e-06, 'epoch': 0.15}
{'loss': 1.1061, 'grad_norm': 2.98945951461792, 'learning_rate': 9.649922885405875e-06, 'epoch': 0.15}
{'loss': 1.0134, 'grad_norm': 2.8518483638763428, 'learning_rate': 9.649157989040175e-06, 'epoch': 0.15}
{'loss': 0.8006, 'grad_norm': 2.160409450531006, 'learning_rate': 9.64839228834298e-06, 'epoch': 0.15}
{'loss': 0.8737, 'grad_norm': 2.6429901123046875, 'learning_rate': 9.64762578344676e-06, 'epoch': 0.15}
{'loss': 0.9931, 'grad_norm': 2.818207025527954, 'learning_rate': 9.646858474484126e-06, 'epoch': 0.15}
{'loss': 1.0965, 'grad_norm': 2.6637964248657227, 'learning_rate': 9.646090361587828e-06, 'epoch': 0.15}
{'loss': 1.1437, 'grad_norm': 3.097480058670044, 'learning_rate': 9.64532144489075e-06, 'epoch': 0.15}
{'loss': 1.1371, 'grad_norm': 2.8807101249694824, 'learning_rate': 9.644551724525923e-06, 'epoch': 0.15}
{'loss': 1.0086, 'grad_norm': 2.615828275680542, 'learning_rate': 9.643781200626512e-06, 'epoch': 0.15}
{'loss': 0.8625, 'grad_norm': 2.6431009769439697, 'learning_rate': 9.643009873325823e-06, 'epoch': 0.15}
{'loss': 1.15, 'grad_norm': 2.8633158206939697, 'learning_rate': 9.642237742757298e-06, 'epoch': 0.15}
{'loss': 1.1236, 'grad_norm': 2.7541840076446533, 'learning_rate': 9.641464809054521e-06, 'epoch': 0.15}
{'loss': 1.0454, 'grad_norm': 2.8634963035583496, 'learning_rate': 9.640691072351214e-06, 'epoch': 0.15}
{'loss': 0.9164, 'grad_norm': 2.824317216873169, 'learning_rate': 9.63991653278124e-06, 'epoch': 0.15}
{'loss': 0.9243, 'grad_norm': 2.7325143814086914, 'learning_rate': 9.639141190478595e-06, 'epoch': 0.15}
{'loss': 0.9402, 'grad_norm': 2.7078540325164795, 'learning_rate': 9.638365045577422e-06, 'epoch': 0.15}
{'loss': 0.9467, 'grad_norm': 2.7035653591156006, 'learning_rate': 9.637588098211996e-06, 'epoch': 0.15}
{'loss': 1.0481, 'grad_norm': 2.9032301902770996, 'learning_rate': 9.636810348516732e-06, 'epoch': 0.15}
{'loss': 0.8451, 'grad_norm': 3.1641008853912354, 'learning_rate': 9.636031796626188e-06, 'epoch': 0.15}
{'loss': 0.9105, 'grad_norm': 2.6569459438323975, 'learning_rate': 9.635252442675059e-06, 'epoch': 0.15}
{'loss': 0.8387, 'grad_norm': 2.4899497032165527, 'learning_rate': 9.634472286798174e-06, 'epoch': 0.15}
{'loss': 0.903, 'grad_norm': 2.6429097652435303, 'learning_rate': 9.633691329130507e-06, 'epoch': 0.15}
{'loss': 1.0904, 'grad_norm': 2.7982568740844727, 'learning_rate': 9.632909569807167e-06, 'epoch': 0.15}
{'loss': 0.9134, 'grad_norm': 2.4184207916259766, 'learning_rate': 9.632127008963404e-06, 'epoch': 0.15}
{'loss': 0.9042, 'grad_norm': 2.70578670501709, 'learning_rate': 9.631343646734605e-06, 'epoch': 0.15}
{'loss': 1.3312, 'grad_norm': 3.2684326171875, 'learning_rate': 9.630559483256298e-06, 'epoch': 0.15}
{'loss': 0.9996, 'grad_norm': 2.7850799560546875, 'learning_rate': 9.629774518664145e-06, 'epoch': 0.15}
{'loss': 0.8887, 'grad_norm': 2.8735337257385254, 'learning_rate': 9.628988753093954e-06, 'epoch': 0.15}
{'loss': 0.9855, 'grad_norm': 3.0547661781311035, 'learning_rate': 9.62820218668166e-06, 'epoch': 0.15}
{'loss': 1.1406, 'grad_norm': 2.734914779663086, 'learning_rate': 9.627414819563347e-06, 'epoch': 0.15}
{'loss': 1.0919, 'grad_norm': 2.9555463790893555, 'learning_rate': 9.626626651875238e-06, 'epoch': 0.15}
{'loss': 0.9587, 'grad_norm': 2.6293418407440186, 'learning_rate': 9.625837683753685e-06, 'epoch': 0.15}
{'loss': 1.0111, 'grad_norm': 2.8324086666107178, 'learning_rate': 9.625047915335186e-06, 'epoch': 0.15}
{'loss': 0.9593, 'grad_norm': 2.791593074798584, 'learning_rate': 9.624257346756375e-06, 'epoch': 0.15}
{'loss': 1.0136, 'grad_norm': 2.671257495880127, 'learning_rate': 9.623465978154028e-06, 'epoch': 0.15}
{'loss': 0.9287, 'grad_norm': 2.4833626747131348, 'learning_rate': 9.622673809665053e-06, 'epoch': 0.15}
{'loss': 0.8984, 'grad_norm': 2.5156939029693604, 'learning_rate': 9.621880841426503e-06, 'epoch': 0.15}
{'loss': 0.9396, 'grad_norm': 2.6872711181640625, 'learning_rate': 9.621087073575562e-06, 'epoch': 0.15}
{'loss': 0.9264, 'grad_norm': 3.377501964569092, 'learning_rate': 9.620292506249558e-06, 'epoch': 0.15}
{'loss': 0.8247, 'grad_norm': 2.7912282943725586, 'learning_rate': 9.619497139585958e-06, 'epoch': 0.15}
{'loss': 1.0741, 'grad_norm': 2.570972204208374, 'learning_rate': 9.618700973722362e-06, 'epoch': 0.15}
{'loss': 1.0598, 'grad_norm': 2.7968993186950684, 'learning_rate': 9.617904008796514e-06, 'epoch': 0.15}
{'loss': 0.9357, 'grad_norm': 2.6462793350219727, 'learning_rate': 9.617106244946293e-06, 'epoch': 0.15}
{'loss': 0.9294, 'grad_norm': 2.631293535232544, 'learning_rate': 9.616307682309714e-06, 'epoch': 0.15}
{'loss': 0.9665, 'grad_norm': 2.87117075920105, 'learning_rate': 9.615508321024936e-06, 'epoch': 0.15}
{'loss': 0.8201, 'grad_norm': 2.6975557804107666, 'learning_rate': 9.614708161230253e-06, 'epoch': 0.15}
{'loss': 1.2063, 'grad_norm': 2.759361982345581, 'learning_rate': 9.613907203064096e-06, 'epoch': 0.15}
{'loss': 1.1113, 'grad_norm': 4.088009834289551, 'learning_rate': 9.613105446665037e-06, 'epoch': 0.15}
{'loss': 0.9426, 'grad_norm': 2.717866897583008, 'learning_rate': 9.612302892171784e-06, 'epoch': 0.15}
{'loss': 1.1134, 'grad_norm': 2.8157918453216553, 'learning_rate': 9.611499539723182e-06, 'epoch': 0.15}
{'loss': 1.0101, 'grad_norm': 2.9268088340759277, 'learning_rate': 9.610695389458216e-06, 'epoch': 0.15}
{'loss': 0.5915, 'grad_norm': 1.9072237014770508, 'learning_rate': 9.609890441516012e-06, 'epoch': 0.15}
{'loss': 0.752, 'grad_norm': 2.648597240447998, 'learning_rate': 9.609084696035827e-06, 'epoch': 0.15}
{'loss': 1.0178, 'grad_norm': 2.713440418243408, 'learning_rate': 9.608278153157061e-06, 'epoch': 0.15}
{'loss': 0.9865, 'grad_norm': 2.6754045486450195, 'learning_rate': 9.60747081301925e-06, 'epoch': 0.15}
{'loss': 0.9977, 'grad_norm': 2.690180778503418, 'learning_rate': 9.60666267576207e-06, 'epoch': 0.15}
{'loss': 1.0143, 'grad_norm': 2.772972822189331, 'learning_rate': 9.605853741525335e-06, 'epoch': 0.15}
{'loss': 1.1063, 'grad_norm': 2.848278522491455, 'learning_rate': 9.605044010448989e-06, 'epoch': 0.15}
{'loss': 0.9393, 'grad_norm': 2.911038875579834, 'learning_rate': 9.604233482673126e-06, 'epoch': 0.15}
{'loss': 0.856, 'grad_norm': 2.6605958938598633, 'learning_rate': 9.603422158337972e-06, 'epoch': 0.15}
{'loss': 0.9804, 'grad_norm': 2.8451478481292725, 'learning_rate': 9.602610037583886e-06, 'epoch': 0.15}
{'loss': 0.959, 'grad_norm': 2.824718713760376, 'learning_rate': 9.601797120551374e-06, 'epoch': 0.15}
{'loss': 0.9536, 'grad_norm': 2.9258053302764893, 'learning_rate': 9.600983407381076e-06, 'epoch': 0.15}
{'loss': 1.0526, 'grad_norm': 2.9285197257995605, 'learning_rate': 9.600168898213764e-06, 'epoch': 0.15}
{'loss': 1.0555, 'grad_norm': 2.9569826126098633, 'learning_rate': 9.59935359319036e-06, 'epoch': 0.15}
{'loss': 0.8993, 'grad_norm': 2.6238839626312256, 'learning_rate': 9.598537492451909e-06, 'epoch': 0.15}
{'loss': 1.1221, 'grad_norm': 2.7848665714263916, 'learning_rate': 9.597720596139606e-06, 'epoch': 0.15}
{'loss': 0.8213, 'grad_norm': 2.465738534927368, 'learning_rate': 9.596902904394777e-06, 'epoch': 0.15}
{'loss': 1.1465, 'grad_norm': 3.1251626014709473, 'learning_rate': 9.59608441735889e-06, 'epoch': 0.15}
{'loss': 1.0121, 'grad_norm': 3.0390267372131348, 'learning_rate': 9.595265135173547e-06, 'epoch': 0.16}
{'loss': 1.0202, 'grad_norm': 2.805879831314087, 'learning_rate': 9.594445057980483e-06, 'epoch': 0.16}
{'loss': 0.953, 'grad_norm': 2.679433584213257, 'learning_rate': 9.593624185921587e-06, 'epoch': 0.16}
{'loss': 1.1248, 'grad_norm': 2.8288564682006836, 'learning_rate': 9.592802519138864e-06, 'epoch': 0.16}
{'loss': 1.0348, 'grad_norm': 2.9005913734436035, 'learning_rate': 9.591980057774473e-06, 'epoch': 0.16}
{'loss': 1.0013, 'grad_norm': 2.6464099884033203, 'learning_rate': 9.591156801970705e-06, 'epoch': 0.16}
{'loss': 1.0064, 'grad_norm': 2.958745002746582, 'learning_rate': 9.590332751869984e-06, 'epoch': 0.16}
{'loss': 0.9385, 'grad_norm': 2.7126104831695557, 'learning_rate': 9.58950790761488e-06, 'epoch': 0.16}
{'loss': 0.6631, 'grad_norm': 2.0103399753570557, 'learning_rate': 9.588682269348093e-06, 'epoch': 0.16}
{'loss': 0.9641, 'grad_norm': 3.198578119277954, 'learning_rate': 9.587855837212463e-06, 'epoch': 0.16}
{'loss': 0.9154, 'grad_norm': 2.8517069816589355, 'learning_rate': 9.58702861135097e-06, 'epoch': 0.16}
{'loss': 0.8584, 'grad_norm': 2.6283206939697266, 'learning_rate': 9.586200591906725e-06, 'epoch': 0.16}
{'loss': 0.9001, 'grad_norm': 2.823500394821167, 'learning_rate': 9.585371779022985e-06, 'epoch': 0.16}
{'loss': 1.0677, 'grad_norm': 3.126528263092041, 'learning_rate': 9.584542172843137e-06, 'epoch': 0.16}
{'loss': 1.0792, 'grad_norm': 2.768545150756836, 'learning_rate': 9.583711773510709e-06, 'epoch': 0.16}
{'loss': 0.9008, 'grad_norm': 2.5620789527893066, 'learning_rate': 9.582880581169362e-06, 'epoch': 0.16}
{'loss': 0.8872, 'grad_norm': 2.6934869289398193, 'learning_rate': 9.582048595962899e-06, 'epoch': 0.16}
{'loss': 0.887, 'grad_norm': 2.9761507511138916, 'learning_rate': 9.581215818035259e-06, 'epoch': 0.16}
{'loss': 1.0862, 'grad_norm': 2.794971466064453, 'learning_rate': 9.580382247530518e-06, 'epoch': 0.16}
{'loss': 0.7816, 'grad_norm': 2.7173218727111816, 'learning_rate': 9.579547884592886e-06, 'epoch': 0.16}
{'loss': 0.8927, 'grad_norm': 2.4063491821289062, 'learning_rate': 9.578712729366713e-06, 'epoch': 0.16}
{'loss': 0.8403, 'grad_norm': 2.768850326538086, 'learning_rate': 9.577876781996487e-06, 'epoch': 0.16}
{'loss': 1.1738, 'grad_norm': 3.081854820251465, 'learning_rate': 9.577040042626832e-06, 'epoch': 0.16}
{'loss': 0.9116, 'grad_norm': 2.956468343734741, 'learning_rate': 9.576202511402509e-06, 'epoch': 0.16}
{'loss': 0.737, 'grad_norm': 2.6072981357574463, 'learning_rate': 9.575364188468415e-06, 'epoch': 0.16}
{'loss': 0.8739, 'grad_norm': 2.5642807483673096, 'learning_rate': 9.574525073969583e-06, 'epoch': 0.16}
{'loss': 0.8127, 'grad_norm': 2.3765206336975098, 'learning_rate': 9.573685168051188e-06, 'epoch': 0.16}
{'loss': 0.786, 'grad_norm': 2.858286142349243, 'learning_rate': 9.572844470858537e-06, 'epoch': 0.16}
{'loss': 1.0962, 'grad_norm': 3.247999906539917, 'learning_rate': 9.572002982537077e-06, 'epoch': 0.16}
{'loss': 0.9844, 'grad_norm': 2.789950132369995, 'learning_rate': 9.571160703232387e-06, 'epoch': 0.16}
{'loss': 0.8712, 'grad_norm': 2.519338607788086, 'learning_rate': 9.570317633090189e-06, 'epoch': 0.16}
{'loss': 1.0847, 'grad_norm': 2.7223169803619385, 'learning_rate': 9.569473772256338e-06, 'epoch': 0.16}
{'loss': 0.9964, 'grad_norm': 2.8648769855499268, 'learning_rate': 9.568629120876827e-06, 'epoch': 0.16}
{'loss': 1.0772, 'grad_norm': 2.885831832885742, 'learning_rate': 9.567783679097788e-06, 'epoch': 0.16}
{'loss': 1.0804, 'grad_norm': 2.726797342300415, 'learning_rate': 9.566937447065483e-06, 'epoch': 0.16}
{'loss': 0.7003, 'grad_norm': 2.166888475418091, 'learning_rate': 9.566090424926318e-06, 'epoch': 0.16}
{'loss': 0.9552, 'grad_norm': 2.7719693183898926, 'learning_rate': 9.565242612826832e-06, 'epoch': 0.16}
{'loss': 0.8864, 'grad_norm': 2.5033860206604004, 'learning_rate': 9.564394010913702e-06, 'epoch': 0.16}
{'loss': 1.0003, 'grad_norm': 2.7484514713287354, 'learning_rate': 9.56354461933374e-06, 'epoch': 0.16}
{'loss': 1.0888, 'grad_norm': 2.792792320251465, 'learning_rate': 9.562694438233897e-06, 'epoch': 0.16}
{'loss': 0.9359, 'grad_norm': 2.640385389328003, 'learning_rate': 9.561843467761258e-06, 'epoch': 0.16}
{'loss': 0.9325, 'grad_norm': 2.773043394088745, 'learning_rate': 9.560991708063048e-06, 'epoch': 0.16}
{'loss': 1.006, 'grad_norm': 2.5266876220703125, 'learning_rate': 9.560139159286623e-06, 'epoch': 0.16}
{'loss': 0.9931, 'grad_norm': 3.0633480548858643, 'learning_rate': 9.559285821579483e-06, 'epoch': 0.16}
{'loss': 0.8294, 'grad_norm': 2.8879570960998535, 'learning_rate': 9.558431695089256e-06, 'epoch': 0.16}
{'loss': 0.9465, 'grad_norm': 2.638195753097534, 'learning_rate': 9.557576779963714e-06, 'epoch': 0.16}
{'loss': 1.0174, 'grad_norm': 2.6247663497924805, 'learning_rate': 9.55672107635076e-06, 'epoch': 0.16}
{'loss': 0.9074, 'grad_norm': 2.556570291519165, 'learning_rate': 9.55586458439844e-06, 'epoch': 0.16}
{'loss': 1.1174, 'grad_norm': 2.850696086883545, 'learning_rate': 9.55500730425493e-06, 'epoch': 0.16}
{'loss': 1.0037, 'grad_norm': 2.764840841293335, 'learning_rate': 9.55414923606854e-06, 'epoch': 0.16}
{'loss': 1.1322, 'grad_norm': 2.876997232437134, 'learning_rate': 9.553290379987726e-06, 'epoch': 0.16}
{'loss': 1.0434, 'grad_norm': 3.0057413578033447, 'learning_rate': 9.552430736161073e-06, 'epoch': 0.16}
{'loss': 1.1704, 'grad_norm': 3.031965970993042, 'learning_rate': 9.551570304737307e-06, 'epoch': 0.16}
{'loss': 1.075, 'grad_norm': 2.7597177028656006, 'learning_rate': 9.550709085865285e-06, 'epoch': 0.16}
{'loss': 0.9844, 'grad_norm': 2.7610437870025635, 'learning_rate': 9.549847079694003e-06, 'epoch': 0.16}
{'loss': 1.0444, 'grad_norm': 2.8468589782714844, 'learning_rate': 9.548984286372594e-06, 'epoch': 0.16}
{'loss': 1.0695, 'grad_norm': 2.777787446975708, 'learning_rate': 9.548120706050326e-06, 'epoch': 0.16}
{'loss': 1.2466, 'grad_norm': 2.8219685554504395, 'learning_rate': 9.547256338876602e-06, 'epoch': 0.16}
{'loss': 0.8114, 'grad_norm': 2.5872726440429688, 'learning_rate': 9.546391185000967e-06, 'epoch': 0.16}
{'loss': 0.8464, 'grad_norm': 2.4823291301727295, 'learning_rate': 9.545525244573093e-06, 'epoch': 0.16}
{'loss': 0.9095, 'grad_norm': 2.9029505252838135, 'learning_rate': 9.544658517742796e-06, 'epoch': 0.16}
{'loss': 0.9303, 'grad_norm': 2.5127389430999756, 'learning_rate': 9.543791004660022e-06, 'epoch': 0.16}
{'loss': 1.0202, 'grad_norm': 3.092996597290039, 'learning_rate': 9.542922705474855e-06, 'epoch': 0.16}
{'loss': 1.0403, 'grad_norm': 2.7818377017974854, 'learning_rate': 9.542053620337521e-06, 'epoch': 0.16}
{'loss': 0.9262, 'grad_norm': 2.5571725368499756, 'learning_rate': 9.541183749398373e-06, 'epoch': 0.16}
{'loss': 1.3251, 'grad_norm': 2.736710548400879, 'learning_rate': 9.540313092807904e-06, 'epoch': 0.16}
{'loss': 0.8897, 'grad_norm': 2.5772993564605713, 'learning_rate': 9.539441650716744e-06, 'epoch': 0.16}
{'loss': 0.8478, 'grad_norm': 2.6072981357574463, 'learning_rate': 9.538569423275656e-06, 'epoch': 0.16}
{'loss': 0.8359, 'grad_norm': 2.787287950515747, 'learning_rate': 9.53769641063554e-06, 'epoch': 0.16}
{'loss': 0.9857, 'grad_norm': 2.922746181488037, 'learning_rate': 9.536822612947435e-06, 'epoch': 0.16}
{'loss': 0.9987, 'grad_norm': 2.5491678714752197, 'learning_rate': 9.535948030362512e-06, 'epoch': 0.16}
{'loss': 0.8908, 'grad_norm': 2.81960391998291, 'learning_rate': 9.535072663032076e-06, 'epoch': 0.16}
{'loss': 1.0691, 'grad_norm': 3.003295660018921, 'learning_rate': 9.534196511107576e-06, 'epoch': 0.16}
{'loss': 0.8943, 'grad_norm': 2.9662349224090576, 'learning_rate': 9.533319574740587e-06, 'epoch': 0.16}
{'loss': 0.9935, 'grad_norm': 2.7597734928131104, 'learning_rate': 9.532441854082827e-06, 'epoch': 0.16}
{'loss': 1.0258, 'grad_norm': 2.8308310508728027, 'learning_rate': 9.531563349286144e-06, 'epoch': 0.16}
{'loss': 0.8018, 'grad_norm': 2.4633617401123047, 'learning_rate': 9.530684060502526e-06, 'epoch': 0.16}
{'loss': 0.9921, 'grad_norm': 2.7616894245147705, 'learning_rate': 9.529803987884096e-06, 'epoch': 0.17}
{'loss': 0.8959, 'grad_norm': 2.8476052284240723, 'learning_rate': 9.528923131583112e-06, 'epoch': 0.17}
{'loss': 0.935, 'grad_norm': 2.584414005279541, 'learning_rate': 9.528041491751962e-06, 'epoch': 0.17}
{'loss': 0.9218, 'grad_norm': 2.9221599102020264, 'learning_rate': 9.527159068543182e-06, 'epoch': 0.17}
{'loss': 0.9239, 'grad_norm': 2.6806023120880127, 'learning_rate': 9.526275862109433e-06, 'epoch': 0.17}
{'loss': 1.1725, 'grad_norm': 3.024170398712158, 'learning_rate': 9.525391872603514e-06, 'epoch': 0.17}
{'loss': 1.0667, 'grad_norm': 3.0573031902313232, 'learning_rate': 9.524507100178362e-06, 'epoch': 0.17}
{'loss': 0.8445, 'grad_norm': 2.536651372909546, 'learning_rate': 9.523621544987047e-06, 'epoch': 0.17}
{'loss': 0.9484, 'grad_norm': 3.001622438430786, 'learning_rate': 9.522735207182777e-06, 'epoch': 0.17}
{'loss': 1.1001, 'grad_norm': 3.036945104598999, 'learning_rate': 9.52184808691889e-06, 'epoch': 0.17}
{'loss': 0.8013, 'grad_norm': 2.83144211769104, 'learning_rate': 9.520960184348864e-06, 'epoch': 0.17}
{'loss': 1.1442, 'grad_norm': 2.89613938331604, 'learning_rate': 9.520071499626314e-06, 'epoch': 0.17}
{'loss': 1.0279, 'grad_norm': 2.715627908706665, 'learning_rate': 9.519182032904986e-06, 'epoch': 0.17}
{'loss': 1.0108, 'grad_norm': 2.899017333984375, 'learning_rate': 9.518291784338764e-06, 'epoch': 0.17}
{'loss': 1.0145, 'grad_norm': 2.95223331451416, 'learning_rate': 9.517400754081666e-06, 'epoch': 0.17}
{'loss': 0.8482, 'grad_norm': 2.545694589614868, 'learning_rate': 9.516508942287841e-06, 'epoch': 0.17}
{'loss': 1.0733, 'grad_norm': 3.234812021255493, 'learning_rate': 9.515616349111583e-06, 'epoch': 0.17}
{'loss': 1.1169, 'grad_norm': 3.2007620334625244, 'learning_rate': 9.514722974707315e-06, 'epoch': 0.17}
{'loss': 1.0076, 'grad_norm': 2.744513750076294, 'learning_rate': 9.513828819229594e-06, 'epoch': 0.17}
{'loss': 0.8438, 'grad_norm': 2.7932629585266113, 'learning_rate': 9.512933882833115e-06, 'epoch': 0.17}
{'loss': 0.9988, 'grad_norm': 2.9824142456054688, 'learning_rate': 9.51203816567271e-06, 'epoch': 0.17}
{'loss': 0.9463, 'grad_norm': 2.5554709434509277, 'learning_rate': 9.51114166790334e-06, 'epoch': 0.17}
{'loss': 0.8792, 'grad_norm': 2.732445478439331, 'learning_rate': 9.510244389680102e-06, 'epoch': 0.17}
{'loss': 0.9672, 'grad_norm': 3.0833232402801514, 'learning_rate': 9.509346331158235e-06, 'epoch': 0.17}
{'loss': 1.0679, 'grad_norm': 2.937232255935669, 'learning_rate': 9.508447492493106e-06, 'epoch': 0.17}
{'loss': 0.9366, 'grad_norm': 2.9219837188720703, 'learning_rate': 9.507547873840224e-06, 'epoch': 0.17}
{'loss': 0.8707, 'grad_norm': 2.672569513320923, 'learning_rate': 9.506647475355222e-06, 'epoch': 0.17}
{'loss': 1.1627, 'grad_norm': 3.1644678115844727, 'learning_rate': 9.505746297193877e-06, 'epoch': 0.17}
{'loss': 0.928, 'grad_norm': 2.741147994995117, 'learning_rate': 9.504844339512096e-06, 'epoch': 0.17}
{'loss': 0.9387, 'grad_norm': 3.567333459854126, 'learning_rate': 9.503941602465927e-06, 'epoch': 0.17}
{'loss': 1.011, 'grad_norm': 2.7365822792053223, 'learning_rate': 9.503038086211545e-06, 'epoch': 0.17}
{'loss': 0.875, 'grad_norm': 2.6999764442443848, 'learning_rate': 9.502133790905266e-06, 'epoch': 0.17}
{'loss': 0.8833, 'grad_norm': 2.7114970684051514, 'learning_rate': 9.501228716703536e-06, 'epoch': 0.17}
{'loss': 0.8316, 'grad_norm': 2.519451856613159, 'learning_rate': 9.500322863762942e-06, 'epoch': 0.17}
{'loss': 0.8676, 'grad_norm': 2.620640993118286, 'learning_rate': 9.499416232240198e-06, 'epoch': 0.17}
{'loss': 1.1211, 'grad_norm': 2.7370450496673584, 'learning_rate': 9.49850882229216e-06, 'epoch': 0.17}
{'loss': 0.839, 'grad_norm': 2.592437267303467, 'learning_rate': 9.49760063407581e-06, 'epoch': 0.17}
{'loss': 0.9689, 'grad_norm': 3.010484218597412, 'learning_rate': 9.496691667748275e-06, 'epoch': 0.17}
{'loss': 0.9104, 'grad_norm': 2.7101171016693115, 'learning_rate': 9.49578192346681e-06, 'epoch': 0.17}
{'loss': 0.9721, 'grad_norm': 2.6805291175842285, 'learning_rate': 9.494871401388804e-06, 'epoch': 0.17}
{'loss': 0.9432, 'grad_norm': 2.811472177505493, 'learning_rate': 9.493960101671784e-06, 'epoch': 0.17}
{'loss': 1.0596, 'grad_norm': 2.659653663635254, 'learning_rate': 9.493048024473413e-06, 'epoch': 0.17}
{'loss': 0.7924, 'grad_norm': 2.5395843982696533, 'learning_rate': 9.49213516995148e-06, 'epoch': 0.17}
{'loss': 0.9118, 'grad_norm': 2.8282470703125, 'learning_rate': 9.49122153826392e-06, 'epoch': 0.17}
{'loss': 1.1854, 'grad_norm': 3.089449167251587, 'learning_rate': 9.490307129568792e-06, 'epoch': 0.17}
{'loss': 1.1718, 'grad_norm': 3.0295703411102295, 'learning_rate': 9.489391944024296e-06, 'epoch': 0.17}
{'loss': 0.8377, 'grad_norm': 2.272380828857422, 'learning_rate': 9.488475981788765e-06, 'epoch': 0.17}
{'loss': 1.1635, 'grad_norm': 3.118450880050659, 'learning_rate': 9.487559243020666e-06, 'epoch': 0.17}
{'loss': 1.237, 'grad_norm': 2.8065011501312256, 'learning_rate': 9.486641727878599e-06, 'epoch': 0.17}
{'loss': 0.9421, 'grad_norm': 2.9027998447418213, 'learning_rate': 9.485723436521298e-06, 'epoch': 0.17}
{'loss': 0.7736, 'grad_norm': 2.440195083618164, 'learning_rate': 9.484804369107638e-06, 'epoch': 0.17}
{'loss': 0.9277, 'grad_norm': 2.679143190383911, 'learning_rate': 9.483884525796619e-06, 'epoch': 0.17}
{'loss': 1.0286, 'grad_norm': 2.7643914222717285, 'learning_rate': 9.482963906747378e-06, 'epoch': 0.17}
{'loss': 0.8077, 'grad_norm': 2.520561456680298, 'learning_rate': 9.48204251211919e-06, 'epoch': 0.17}
{'loss': 0.8848, 'grad_norm': 2.3993704319000244, 'learning_rate': 9.481120342071462e-06, 'epoch': 0.17}
{'loss': 0.8777, 'grad_norm': 2.9418718814849854, 'learning_rate': 9.480197396763732e-06, 'epoch': 0.17}
{'loss': 1.0868, 'grad_norm': 2.85779070854187, 'learning_rate': 9.47927367635568e-06, 'epoch': 0.17}
{'loss': 0.887, 'grad_norm': 2.818061590194702, 'learning_rate': 9.47834918100711e-06, 'epoch': 0.17}
{'loss': 0.7777, 'grad_norm': 2.670344114303589, 'learning_rate': 9.477423910877966e-06, 'epoch': 0.17}
{'loss': 0.99, 'grad_norm': 2.7295010089874268, 'learning_rate': 9.476497866128328e-06, 'epoch': 0.17}
{'loss': 1.1888, 'grad_norm': 2.6950747966766357, 'learning_rate': 9.475571046918404e-06, 'epoch': 0.17}
{'loss': 0.7471, 'grad_norm': 2.440983533859253, 'learning_rate': 9.474643453408539e-06, 'epoch': 0.17}
{'loss': 0.8332, 'grad_norm': 2.7169477939605713, 'learning_rate': 9.473715085759216e-06, 'epoch': 0.17}
{'loss': 0.9487, 'grad_norm': 2.777643918991089, 'learning_rate': 9.472785944131044e-06, 'epoch': 0.17}
{'loss': 0.9369, 'grad_norm': 2.498655080795288, 'learning_rate': 9.471856028684772e-06, 'epoch': 0.17}
{'loss': 0.9654, 'grad_norm': 2.5420432090759277, 'learning_rate': 9.470925339581281e-06, 'epoch': 0.17}
{'loss': 0.8266, 'grad_norm': 2.4030814170837402, 'learning_rate': 9.469993876981583e-06, 'epoch': 0.17}
{'loss': 0.8972, 'grad_norm': 2.821061134338379, 'learning_rate': 9.469061641046829e-06, 'epoch': 0.17}
{'loss': 0.8388, 'grad_norm': 2.8512165546417236, 'learning_rate': 9.468128631938302e-06, 'epoch': 0.17}
{'loss': 0.9185, 'grad_norm': 2.665252447128296, 'learning_rate': 9.467194849817416e-06, 'epoch': 0.17}
{'loss': 0.828, 'grad_norm': 2.5752663612365723, 'learning_rate': 9.46626029484572e-06, 'epoch': 0.17}
{'loss': 1.1723, 'grad_norm': 3.475955009460449, 'learning_rate': 9.465324967184899e-06, 'epoch': 0.17}
{'loss': 1.1575, 'grad_norm': 2.7196362018585205, 'learning_rate': 9.464388866996773e-06, 'epoch': 0.17}
{'loss': 0.9284, 'grad_norm': 2.605869770050049, 'learning_rate': 9.463451994443286e-06, 'epoch': 0.17}
{'loss': 0.829, 'grad_norm': 2.647672653198242, 'learning_rate': 9.462514349686529e-06, 'epoch': 0.17}
{'loss': 0.9713, 'grad_norm': 2.8671538829803467, 'learning_rate': 9.461575932888716e-06, 'epoch': 0.17}
{'loss': 0.9661, 'grad_norm': 3.0326380729675293, 'learning_rate': 9.4606367442122e-06, 'epoch': 0.17}
{'loss': 1.0161, 'grad_norm': 2.8417274951934814, 'learning_rate': 9.459696783819466e-06, 'epoch': 0.17}
{'loss': 0.8816, 'grad_norm': 2.6890039443969727, 'learning_rate': 9.458756051873132e-06, 'epoch': 0.18}
{'loss': 1.0106, 'grad_norm': 2.8057172298431396, 'learning_rate': 9.457814548535951e-06, 'epoch': 0.18}
{'loss': 0.8718, 'grad_norm': 2.6833391189575195, 'learning_rate': 9.45687227397081e-06, 'epoch': 0.18}
{'loss': 1.0185, 'grad_norm': 2.8704917430877686, 'learning_rate': 9.455929228340724e-06, 'epoch': 0.18}
{'loss': 1.0352, 'grad_norm': 2.9460794925689697, 'learning_rate': 9.45498541180885e-06, 'epoch': 0.18}
{'loss': 0.8027, 'grad_norm': 2.6208460330963135, 'learning_rate': 9.454040824538468e-06, 'epoch': 0.18}
{'loss': 1.0621, 'grad_norm': 2.799370288848877, 'learning_rate': 9.453095466693005e-06, 'epoch': 0.18}
{'loss': 1.0441, 'grad_norm': 2.6938669681549072, 'learning_rate': 9.452149338436007e-06, 'epoch': 0.18}
{'loss': 0.8409, 'grad_norm': 2.7193655967712402, 'learning_rate': 9.451202439931161e-06, 'epoch': 0.18}
{'loss': 0.9687, 'grad_norm': 2.962364673614502, 'learning_rate': 9.450254771342287e-06, 'epoch': 0.18}
{'loss': 1.0693, 'grad_norm': 3.0849788188934326, 'learning_rate': 9.449306332833337e-06, 'epoch': 0.18}
{'loss': 1.0586, 'grad_norm': 3.4454426765441895, 'learning_rate': 9.448357124568397e-06, 'epoch': 0.18}
{'loss': 0.818, 'grad_norm': 2.6564552783966064, 'learning_rate': 9.447407146711685e-06, 'epoch': 0.18}
{'loss': 1.0045, 'grad_norm': 3.1944422721862793, 'learning_rate': 9.446456399427553e-06, 'epoch': 0.18}
{'loss': 0.9728, 'grad_norm': 2.8883581161499023, 'learning_rate': 9.445504882880485e-06, 'epoch': 0.18}
{'loss': 0.963, 'grad_norm': 2.970518112182617, 'learning_rate': 9.444552597235099e-06, 'epoch': 0.18}
{'loss': 1.045, 'grad_norm': 2.901564836502075, 'learning_rate': 9.443599542656146e-06, 'epoch': 0.18}
{'loss': 1.0619, 'grad_norm': 2.7090680599212646, 'learning_rate': 9.442645719308512e-06, 'epoch': 0.18}
{'loss': 0.9431, 'grad_norm': 3.109428644180298, 'learning_rate': 9.441691127357211e-06, 'epoch': 0.18}
{'loss': 0.9775, 'grad_norm': 2.8725035190582275, 'learning_rate': 9.440735766967395e-06, 'epoch': 0.18}
{'loss': 0.9053, 'grad_norm': 2.4282708168029785, 'learning_rate': 9.439779638304346e-06, 'epoch': 0.18}
{'loss': 0.6372, 'grad_norm': 2.136221170425415, 'learning_rate': 9.43882274153348e-06, 'epoch': 0.18}
{'loss': 0.9507, 'grad_norm': 2.5886075496673584, 'learning_rate': 9.437865076820346e-06, 'epoch': 0.18}
{'loss': 0.9055, 'grad_norm': 2.608177423477173, 'learning_rate': 9.436906644330625e-06, 'epoch': 0.18}
{'loss': 0.8084, 'grad_norm': 2.7689034938812256, 'learning_rate': 9.435947444230133e-06, 'epoch': 0.18}
{'loss': 0.9149, 'grad_norm': 2.7709310054779053, 'learning_rate': 9.434987476684816e-06, 'epoch': 0.18}
{'loss': 0.991, 'grad_norm': 2.8336572647094727, 'learning_rate': 9.434026741860753e-06, 'epoch': 0.18}
{'loss': 0.9898, 'grad_norm': 2.8004837036132812, 'learning_rate': 9.43306523992416e-06, 'epoch': 0.18}
{'loss': 1.0946, 'grad_norm': 2.7409329414367676, 'learning_rate': 9.432102971041379e-06, 'epoch': 0.18}
{'loss': 0.7555, 'grad_norm': 2.4844634532928467, 'learning_rate': 9.431139935378889e-06, 'epoch': 0.18}
{'loss': 0.9877, 'grad_norm': 2.65879225730896, 'learning_rate': 9.430176133103302e-06, 'epoch': 0.18}
{'loss': 1.0148, 'grad_norm': 2.5834505558013916, 'learning_rate': 9.429211564381359e-06, 'epoch': 0.18}
{'loss': 1.0223, 'grad_norm': 2.8924384117126465, 'learning_rate': 9.42824622937994e-06, 'epoch': 0.18}
{'loss': 0.9054, 'grad_norm': 2.917609453201294, 'learning_rate': 9.427280128266049e-06, 'epoch': 0.18}
{'loss': 0.7681, 'grad_norm': 2.394862174987793, 'learning_rate': 9.426313261206831e-06, 'epoch': 0.18}
{'loss': 0.8871, 'grad_norm': 3.025432825088501, 'learning_rate': 9.425345628369558e-06, 'epoch': 0.18}
{'loss': 0.9764, 'grad_norm': 2.786675214767456, 'learning_rate': 9.424377229921638e-06, 'epoch': 0.18}
{'loss': 1.1552, 'grad_norm': 2.6838982105255127, 'learning_rate': 9.423408066030605e-06, 'epoch': 0.18}
{'loss': 0.9161, 'grad_norm': 2.753699541091919, 'learning_rate': 9.422438136864135e-06, 'epoch': 0.18}
{'loss': 0.9362, 'grad_norm': 2.749417304992676, 'learning_rate': 9.421467442590027e-06, 'epoch': 0.18}
{'loss': 1.0444, 'grad_norm': 2.7011735439300537, 'learning_rate': 9.42049598337622e-06, 'epoch': 0.18}
{'loss': 1.028, 'grad_norm': 2.9001247882843018, 'learning_rate': 9.41952375939078e-06, 'epoch': 0.18}
{'loss': 0.9579, 'grad_norm': 2.57496976852417, 'learning_rate': 9.41855077080191e-06, 'epoch': 0.18}
{'loss': 1.0579, 'grad_norm': 2.470018148422241, 'learning_rate': 9.41757701777794e-06, 'epoch': 0.18}
{'loss': 0.967, 'grad_norm': 2.8850557804107666, 'learning_rate': 9.416602500487338e-06, 'epoch': 0.18}
{'loss': 0.9106, 'grad_norm': 2.910184621810913, 'learning_rate': 9.415627219098698e-06, 'epoch': 0.18}
{'loss': 1.1042, 'grad_norm': 3.9641380310058594, 'learning_rate': 9.414651173780751e-06, 'epoch': 0.18}
{'loss': 1.0988, 'grad_norm': 2.784886598587036, 'learning_rate': 9.413674364702358e-06, 'epoch': 0.18}
{'loss': 0.9061, 'grad_norm': 2.773066520690918, 'learning_rate': 9.412696792032516e-06, 'epoch': 0.18}
{'loss': 0.8898, 'grad_norm': 2.554267406463623, 'learning_rate': 9.411718455940344e-06, 'epoch': 0.18}
{'loss': 0.9379, 'grad_norm': 2.6981613636016846, 'learning_rate': 9.410739356595105e-06, 'epoch': 0.18}
{'loss': 0.7439, 'grad_norm': 3.195221424102783, 'learning_rate': 9.409759494166188e-06, 'epoch': 0.18}
{'loss': 1.0268, 'grad_norm': 2.825456380844116, 'learning_rate': 9.408778868823114e-06, 'epoch': 0.18}
{'loss': 1.0687, 'grad_norm': 2.8003833293914795, 'learning_rate': 9.407797480735538e-06, 'epoch': 0.18}
{'loss': 1.2133, 'grad_norm': 3.0428707599639893, 'learning_rate': 9.406815330073244e-06, 'epoch': 0.18}
{'loss': 0.9974, 'grad_norm': 2.743889808654785, 'learning_rate': 9.405832417006153e-06, 'epoch': 0.18}
{'loss': 0.8595, 'grad_norm': 2.521296977996826, 'learning_rate': 9.40484874170431e-06, 'epoch': 0.18}
{'loss': 0.9112, 'grad_norm': 2.906148672103882, 'learning_rate': 9.403864304337903e-06, 'epoch': 0.18}
{'loss': 0.9641, 'grad_norm': 2.73647403717041, 'learning_rate': 9.402879105077241e-06, 'epoch': 0.18}
{'loss': 0.8024, 'grad_norm': 2.9951388835906982, 'learning_rate': 9.401893144092767e-06, 'epoch': 0.18}
{'loss': 1.0259, 'grad_norm': 2.785487174987793, 'learning_rate': 9.400906421555062e-06, 'epoch': 0.18}
{'loss': 0.9398, 'grad_norm': 2.664947032928467, 'learning_rate': 9.399918937634836e-06, 'epoch': 0.18}
{'loss': 0.9257, 'grad_norm': 2.545614004135132, 'learning_rate': 9.398930692502926e-06, 'epoch': 0.18}
{'loss': 0.9171, 'grad_norm': 2.646967649459839, 'learning_rate': 9.397941686330305e-06, 'epoch': 0.18}
{'loss': 1.05, 'grad_norm': 3.1460065841674805, 'learning_rate': 9.396951919288077e-06, 'epoch': 0.18}
{'loss': 0.9289, 'grad_norm': 2.692946434020996, 'learning_rate': 9.39596139154748e-06, 'epoch': 0.18}
{'loss': 1.0815, 'grad_norm': 2.7184746265411377, 'learning_rate': 9.394970103279876e-06, 'epoch': 0.18}
{'loss': 1.1462, 'grad_norm': 2.747371196746826, 'learning_rate': 9.39397805465677e-06, 'epoch': 0.18}
{'loss': 0.931, 'grad_norm': 2.989894151687622, 'learning_rate': 9.392985245849785e-06, 'epoch': 0.18}
{'loss': 0.7514, 'grad_norm': 2.2390196323394775, 'learning_rate': 9.391991677030687e-06, 'epoch': 0.18}
{'loss': 0.8368, 'grad_norm': 2.4735798835754395, 'learning_rate': 9.390997348371372e-06, 'epoch': 0.18}
{'loss': 1.0188, 'grad_norm': 2.7709009647369385, 'learning_rate': 9.390002260043859e-06, 'epoch': 0.18}
{'loss': 1.1468, 'grad_norm': 3.0165159702301025, 'learning_rate': 9.389006412220306e-06, 'epoch': 0.18}
{'loss': 0.8135, 'grad_norm': 2.947392225265503, 'learning_rate': 9.388009805073e-06, 'epoch': 0.18}
{'loss': 1.1056, 'grad_norm': 2.8761892318725586, 'learning_rate': 9.387012438774364e-06, 'epoch': 0.18}
{'loss': 0.9517, 'grad_norm': 2.6643874645233154, 'learning_rate': 9.386014313496943e-06, 'epoch': 0.18}
{'loss': 1.0315, 'grad_norm': 2.734654426574707, 'learning_rate': 9.38501542941342e-06, 'epoch': 0.18}
{'loss': 1.1281, 'grad_norm': 3.1512393951416016, 'learning_rate': 9.384015786696608e-06, 'epoch': 0.18}
{'loss': 0.8899, 'grad_norm': 2.751587390899658, 'learning_rate': 9.383015385519452e-06, 'epoch': 0.19}
{'loss': 0.984, 'grad_norm': 2.8535573482513428, 'learning_rate': 9.382014226055027e-06, 'epoch': 0.19}
{'loss': 0.8805, 'grad_norm': 2.590207099914551, 'learning_rate': 9.381012308476538e-06, 'epoch': 0.19}
{'loss': 0.9172, 'grad_norm': 2.771334171295166, 'learning_rate': 9.380009632957326e-06, 'epoch': 0.19}
{'loss': 0.8256, 'grad_norm': 2.7187788486480713, 'learning_rate': 9.379006199670854e-06, 'epoch': 0.19}
{'loss': 1.0376, 'grad_norm': 2.946861982345581, 'learning_rate': 9.378002008790728e-06, 'epoch': 0.19}
{'loss': 1.0718, 'grad_norm': 2.865670919418335, 'learning_rate': 9.376997060490674e-06, 'epoch': 0.19}
{'loss': 1.1217, 'grad_norm': 2.8673741817474365, 'learning_rate': 9.375991354944556e-06, 'epoch': 0.19}
{'loss': 0.9911, 'grad_norm': 2.851461887359619, 'learning_rate': 9.374984892326368e-06, 'epoch': 0.19}
{'loss': 1.1525, 'grad_norm': 3.411745548248291, 'learning_rate': 9.373977672810231e-06, 'epoch': 0.19}
{'loss': 1.0724, 'grad_norm': 3.039714813232422, 'learning_rate': 9.372969696570404e-06, 'epoch': 0.19}
{'loss': 0.9652, 'grad_norm': 2.8384006023406982, 'learning_rate': 9.371960963781269e-06, 'epoch': 0.19}
{'loss': 0.8751, 'grad_norm': 2.829197406768799, 'learning_rate': 9.370951474617344e-06, 'epoch': 0.19}
{'loss': 0.8331, 'grad_norm': 2.4873223304748535, 'learning_rate': 9.369941229253276e-06, 'epoch': 0.19}
{'loss': 1.0863, 'grad_norm': 3.00699520111084, 'learning_rate': 9.368930227863846e-06, 'epoch': 0.19}
{'loss': 1.0046, 'grad_norm': 2.7349774837493896, 'learning_rate': 9.36791847062396e-06, 'epoch': 0.19}
{'loss': 1.1506, 'grad_norm': 2.7941813468933105, 'learning_rate': 9.366905957708658e-06, 'epoch': 0.19}
{'loss': 0.7785, 'grad_norm': 2.515162944793701, 'learning_rate': 9.365892689293115e-06, 'epoch': 0.19}
{'loss': 1.1142, 'grad_norm': 2.8504912853240967, 'learning_rate': 9.364878665552625e-06, 'epoch': 0.19}
{'loss': 1.2449, 'grad_norm': 3.002965211868286, 'learning_rate': 9.363863886662626e-06, 'epoch': 0.19}
{'loss': 1.0707, 'grad_norm': 2.7779784202575684, 'learning_rate': 9.36284835279868e-06, 'epoch': 0.19}
{'loss': 1.0939, 'grad_norm': 3.315824270248413, 'learning_rate': 9.361832064136477e-06, 'epoch': 0.19}
{'loss': 0.7804, 'grad_norm': 2.71480131149292, 'learning_rate': 9.360815020851843e-06, 'epoch': 0.19}
{'loss': 1.0727, 'grad_norm': 2.8713114261627197, 'learning_rate': 9.359797223120733e-06, 'epoch': 0.19}
{'loss': 0.9814, 'grad_norm': 2.8743605613708496, 'learning_rate': 9.358778671119231e-06, 'epoch': 0.19}
{'loss': 0.8943, 'grad_norm': 2.5012240409851074, 'learning_rate': 9.357759365023553e-06, 'epoch': 0.19}
{'loss': 0.906, 'grad_norm': 3.0853896141052246, 'learning_rate': 9.356739305010044e-06, 'epoch': 0.19}
{'loss': 0.8958, 'grad_norm': 2.6487715244293213, 'learning_rate': 9.355718491255181e-06, 'epoch': 0.19}
{'loss': 0.9819, 'grad_norm': 2.7342307567596436, 'learning_rate': 9.354696923935573e-06, 'epoch': 0.19}
{'loss': 1.151, 'grad_norm': 2.9079437255859375, 'learning_rate': 9.353674603227951e-06, 'epoch': 0.19}
{'loss': 0.9116, 'grad_norm': 2.863879442214966, 'learning_rate': 9.352651529309188e-06, 'epoch': 0.19}
{'loss': 0.9594, 'grad_norm': 2.665888547897339, 'learning_rate': 9.351627702356282e-06, 'epoch': 0.19}
{'loss': 0.9791, 'grad_norm': 2.720449924468994, 'learning_rate': 9.350603122546358e-06, 'epoch': 0.19}
{'loss': 0.9362, 'grad_norm': 2.446660280227661, 'learning_rate': 9.349577790056674e-06, 'epoch': 0.19}
{'loss': 0.9966, 'grad_norm': 2.96510910987854, 'learning_rate': 9.348551705064621e-06, 'epoch': 0.19}
{'loss': 1.0484, 'grad_norm': 2.856804609298706, 'learning_rate': 9.347524867747716e-06, 'epoch': 0.19}
{'loss': 1.0779, 'grad_norm': 2.623225450515747, 'learning_rate': 9.346497278283608e-06, 'epoch': 0.19}
{'loss': 1.0715, 'grad_norm': 2.8841938972473145, 'learning_rate': 9.34546893685008e-06, 'epoch': 0.19}
{'loss': 0.981, 'grad_norm': 2.571249008178711, 'learning_rate': 9.344439843625034e-06, 'epoch': 0.19}
{'loss': 1.0511, 'grad_norm': 2.9253997802734375, 'learning_rate': 9.343409998786512e-06, 'epoch': 0.19}
{'loss': 1.066, 'grad_norm': 2.9627296924591064, 'learning_rate': 9.342379402512687e-06, 'epoch': 0.19}
{'loss': 1.2956, 'grad_norm': 3.0663483142852783, 'learning_rate': 9.341348054981852e-06, 'epoch': 0.19}
{'loss': 1.1343, 'grad_norm': 2.7489027976989746, 'learning_rate': 9.340315956372441e-06, 'epoch': 0.19}
{'loss': 0.9583, 'grad_norm': 2.8675525188446045, 'learning_rate': 9.33928310686301e-06, 'epoch': 0.19}
{'loss': 1.0397, 'grad_norm': 2.8110649585723877, 'learning_rate': 9.338249506632251e-06, 'epoch': 0.19}
{'loss': 0.989, 'grad_norm': 2.670442819595337, 'learning_rate': 9.33721515585898e-06, 'epoch': 0.19}
{'loss': 1.0817, 'grad_norm': 2.843280792236328, 'learning_rate': 9.336180054722148e-06, 'epoch': 0.19}
{'loss': 0.8792, 'grad_norm': 2.588733196258545, 'learning_rate': 9.33514420340083e-06, 'epoch': 0.19}
{'loss': 0.9058, 'grad_norm': 2.77217960357666, 'learning_rate': 9.334107602074238e-06, 'epoch': 0.19}
{'loss': 0.9649, 'grad_norm': 2.7396750450134277, 'learning_rate': 9.33307025092171e-06, 'epoch': 0.19}
{'loss': 0.8343, 'grad_norm': 2.4988040924072266, 'learning_rate': 9.332032150122711e-06, 'epoch': 0.19}
{'loss': 0.8387, 'grad_norm': 2.48199725151062, 'learning_rate': 9.330993299856841e-06, 'epoch': 0.19}
{'loss': 0.8722, 'grad_norm': 2.51448917388916, 'learning_rate': 9.329953700303827e-06, 'epoch': 0.19}
{'loss': 1.0415, 'grad_norm': 2.6394882202148438, 'learning_rate': 9.328913351643524e-06, 'epoch': 0.19}
{'loss': 1.082, 'grad_norm': 2.472357988357544, 'learning_rate': 9.327872254055919e-06, 'epoch': 0.19}
{'loss': 0.7801, 'grad_norm': 2.9426839351654053, 'learning_rate': 9.326830407721131e-06, 'epoch': 0.19}
{'loss': 1.0052, 'grad_norm': 2.833055257797241, 'learning_rate': 9.3257878128194e-06, 'epoch': 0.19}
{'loss': 1.0732, 'grad_norm': 2.913529634475708, 'learning_rate': 9.324744469531104e-06, 'epoch': 0.19}
{'loss': 0.9854, 'grad_norm': 2.5714974403381348, 'learning_rate': 9.323700378036749e-06, 'epoch': 0.19}
{'loss': 0.8417, 'grad_norm': 2.682631254196167, 'learning_rate': 9.322655538516966e-06, 'epoch': 0.19}
{'loss': 0.9182, 'grad_norm': 2.669562578201294, 'learning_rate': 9.321609951152521e-06, 'epoch': 0.19}
{'loss': 1.0471, 'grad_norm': 2.765136957168579, 'learning_rate': 9.320563616124306e-06, 'epoch': 0.19}
{'loss': 0.8535, 'grad_norm': 2.7956042289733887, 'learning_rate': 9.319516533613342e-06, 'epoch': 0.19}
{'loss': 1.0545, 'grad_norm': 2.952535629272461, 'learning_rate': 9.31846870380078e-06, 'epoch': 0.19}
{'loss': 0.7812, 'grad_norm': 2.5939314365386963, 'learning_rate': 9.317420126867902e-06, 'epoch': 0.19}
{'loss': 0.9413, 'grad_norm': 2.69716739654541, 'learning_rate': 9.316370802996117e-06, 'epoch': 0.19}
{'loss': 0.8227, 'grad_norm': 2.530533790588379, 'learning_rate': 9.315320732366967e-06, 'epoch': 0.19}
{'loss': 0.8941, 'grad_norm': 2.630122184753418, 'learning_rate': 9.314269915162115e-06, 'epoch': 0.19}
{'loss': 0.9756, 'grad_norm': 2.65889835357666, 'learning_rate': 9.313218351563363e-06, 'epoch': 0.19}
{'loss': 1.0822, 'grad_norm': 2.79524564743042, 'learning_rate': 9.312166041752637e-06, 'epoch': 0.19}
{'loss': 0.8768, 'grad_norm': 2.5662291049957275, 'learning_rate': 9.311112985911989e-06, 'epoch': 0.19}
{'loss': 0.8059, 'grad_norm': 2.583068609237671, 'learning_rate': 9.31005918422361e-06, 'epoch': 0.19}
{'loss': 0.8835, 'grad_norm': 2.756821393966675, 'learning_rate': 9.30900463686981e-06, 'epoch': 0.19}
{'loss': 1.0197, 'grad_norm': 2.579172134399414, 'learning_rate': 9.307949344033031e-06, 'epoch': 0.19}
{'loss': 0.6959, 'grad_norm': 2.75726056098938, 'learning_rate': 9.306893305895847e-06, 'epoch': 0.19}
{'loss': 1.1337, 'grad_norm': 2.6938395500183105, 'learning_rate': 9.305836522640958e-06, 'epoch': 0.19}
{'loss': 0.903, 'grad_norm': 2.6954989433288574, 'learning_rate': 9.304778994451194e-06, 'epoch': 0.19}
{'loss': 0.92, 'grad_norm': 2.5311007499694824, 'learning_rate': 9.303720721509514e-06, 'epoch': 0.19}
{'loss': 1.1035, 'grad_norm': 3.2890918254852295, 'learning_rate': 9.302661703999003e-06, 'epoch': 0.2}
{'loss': 0.8941, 'grad_norm': 2.412764310836792, 'learning_rate': 9.30160194210288e-06, 'epoch': 0.2}
{'loss': 0.804, 'grad_norm': 2.0194125175476074, 'learning_rate': 9.30054143600449e-06, 'epoch': 0.2}
{'loss': 0.8992, 'grad_norm': 2.631002902984619, 'learning_rate': 9.299480185887304e-06, 'epoch': 0.2}
{'loss': 0.9074, 'grad_norm': 2.8863914012908936, 'learning_rate': 9.298418191934926e-06, 'epoch': 0.2}
{'loss': 0.8396, 'grad_norm': 2.6177048683166504, 'learning_rate': 9.297355454331087e-06, 'epoch': 0.2}
{'loss': 0.8896, 'grad_norm': 2.596693754196167, 'learning_rate': 9.296291973259648e-06, 'epoch': 0.2}
{'loss': 0.8674, 'grad_norm': 2.656160831451416, 'learning_rate': 9.295227748904598e-06, 'epoch': 0.2}
{'loss': 0.9455, 'grad_norm': 2.669233560562134, 'learning_rate': 9.294162781450052e-06, 'epoch': 0.2}
{'loss': 0.9097, 'grad_norm': 2.6226999759674072, 'learning_rate': 9.293097071080253e-06, 'epoch': 0.2}
{'loss': 0.91, 'grad_norm': 2.830887794494629, 'learning_rate': 9.292030617979582e-06, 'epoch': 0.2}
{'loss': 0.9876, 'grad_norm': 2.688875198364258, 'learning_rate': 9.290963422332535e-06, 'epoch': 0.2}
{'loss': 0.9642, 'grad_norm': 2.6857364177703857, 'learning_rate': 9.289895484323748e-06, 'epoch': 0.2}
{'loss': 1.0386, 'grad_norm': 2.6646647453308105, 'learning_rate': 9.288826804137978e-06, 'epoch': 0.2}
{'loss': 0.9125, 'grad_norm': 2.707202672958374, 'learning_rate': 9.287757381960112e-06, 'epoch': 0.2}
{'loss': 0.9395, 'grad_norm': 2.5180916786193848, 'learning_rate': 9.28668721797517e-06, 'epoch': 0.2}
{'loss': 0.8448, 'grad_norm': 2.5143866539001465, 'learning_rate': 9.285616312368294e-06, 'epoch': 0.2}
{'loss': 1.0532, 'grad_norm': 2.7030961513519287, 'learning_rate': 9.284544665324755e-06, 'epoch': 0.2}
{'loss': 0.8423, 'grad_norm': 3.2551591396331787, 'learning_rate': 9.283472277029959e-06, 'epoch': 0.2}
{'loss': 0.8957, 'grad_norm': 2.794778347015381, 'learning_rate': 9.282399147669432e-06, 'epoch': 0.2}
{'loss': 0.9789, 'grad_norm': 2.670145034790039, 'learning_rate': 9.281325277428832e-06, 'epoch': 0.2}
{'loss': 0.9936, 'grad_norm': 2.7439515590667725, 'learning_rate': 9.280250666493946e-06, 'epoch': 0.2}
{'loss': 0.9398, 'grad_norm': 2.500826835632324, 'learning_rate': 9.279175315050689e-06, 'epoch': 0.2}
{'loss': 1.0433, 'grad_norm': 2.9676761627197266, 'learning_rate': 9.278099223285097e-06, 'epoch': 0.2}
{'loss': 0.9351, 'grad_norm': 2.744938611984253, 'learning_rate': 9.277022391383348e-06, 'epoch': 0.2}
{'loss': 1.1243, 'grad_norm': 2.888568878173828, 'learning_rate': 9.275944819531736e-06, 'epoch': 0.2}
{'loss': 0.941, 'grad_norm': 2.873208522796631, 'learning_rate': 9.274866507916688e-06, 'epoch': 0.2}
{'loss': 0.97, 'grad_norm': 2.7196571826934814, 'learning_rate': 9.273787456724758e-06, 'epoch': 0.2}
{'loss': 0.9781, 'grad_norm': 2.8691728115081787, 'learning_rate': 9.272707666142628e-06, 'epoch': 0.2}
{'loss': 1.0192, 'grad_norm': 2.539276123046875, 'learning_rate': 9.27162713635711e-06, 'epoch': 0.2}
{'loss': 0.9531, 'grad_norm': 2.9232945442199707, 'learning_rate': 9.270545867555138e-06, 'epoch': 0.2}
{'loss': 0.877, 'grad_norm': 2.7966997623443604, 'learning_rate': 9.269463859923783e-06, 'epoch': 0.2}
{'loss': 0.9075, 'grad_norm': 2.6408567428588867, 'learning_rate': 9.268381113650235e-06, 'epoch': 0.2}
{'loss': 1.0786, 'grad_norm': 2.9136669635772705, 'learning_rate': 9.267297628921815e-06, 'epoch': 0.2}
{'loss': 0.87, 'grad_norm': 2.566359758377075, 'learning_rate': 9.266213405925974e-06, 'epoch': 0.2}
{'loss': 1.0146, 'grad_norm': 2.718766689300537, 'learning_rate': 9.26512844485029e-06, 'epoch': 0.2}
{'loss': 0.8755, 'grad_norm': 2.5798499584198, 'learning_rate': 9.264042745882464e-06, 'epoch': 0.2}
{'loss': 1.1427, 'grad_norm': 3.0510613918304443, 'learning_rate': 9.262956309210332e-06, 'epoch': 0.2}
{'loss': 1.0012, 'grad_norm': 2.718585729598999, 'learning_rate': 9.26186913502185e-06, 'epoch': 0.2}
{'loss': 0.7949, 'grad_norm': 2.302227258682251, 'learning_rate': 9.26078122350511e-06, 'epoch': 0.2}
{'loss': 0.7599, 'grad_norm': 2.3215363025665283, 'learning_rate': 9.259692574848324e-06, 'epoch': 0.2}
{'loss': 0.9573, 'grad_norm': 2.991466522216797, 'learning_rate': 9.258603189239835e-06, 'epoch': 0.2}
{'loss': 0.8292, 'grad_norm': 2.3508403301239014, 'learning_rate': 9.257513066868113e-06, 'epoch': 0.2}
{'loss': 0.9837, 'grad_norm': 2.871746301651001, 'learning_rate': 9.256422207921757e-06, 'epoch': 0.2}
{'loss': 0.8676, 'grad_norm': 2.475142002105713, 'learning_rate': 9.25533061258949e-06, 'epoch': 0.2}
{'loss': 0.9772, 'grad_norm': 3.038740873336792, 'learning_rate': 9.254238281060166e-06, 'epoch': 0.2}
{'loss': 1.0527, 'grad_norm': 3.1059999465942383, 'learning_rate': 9.253145213522763e-06, 'epoch': 0.2}
{'loss': 1.1021, 'grad_norm': 2.850198745727539, 'learning_rate': 9.252051410166389e-06, 'epoch': 0.2}
{'loss': 0.9797, 'grad_norm': 2.7935731410980225, 'learning_rate': 9.250956871180279e-06, 'epoch': 0.2}
{'loss': 1.0219, 'grad_norm': 2.697288990020752, 'learning_rate': 9.249861596753796e-06, 'epoch': 0.2}
{'loss': 1.0957, 'grad_norm': 3.098914861679077, 'learning_rate': 9.248765587076423e-06, 'epoch': 0.2}
{'loss': 0.6731, 'grad_norm': 3.579604148864746, 'learning_rate': 9.247668842337783e-06, 'epoch': 0.2}
{'loss': 0.8841, 'grad_norm': 2.897836923599243, 'learning_rate': 9.246571362727614e-06, 'epoch': 0.2}
{'loss': 0.769, 'grad_norm': 2.4704959392547607, 'learning_rate': 9.245473148435791e-06, 'epoch': 0.2}
{'loss': 0.7562, 'grad_norm': 2.4288549423217773, 'learning_rate': 9.244374199652308e-06, 'epoch': 0.2}
{'loss': 0.7198, 'grad_norm': 2.1395373344421387, 'learning_rate': 9.24327451656729e-06, 'epoch': 0.2}
{'loss': 0.8984, 'grad_norm': 2.6061205863952637, 'learning_rate': 9.242174099370991e-06, 'epoch': 0.2}
{'loss': 1.1835, 'grad_norm': 3.2674198150634766, 'learning_rate': 9.241072948253786e-06, 'epoch': 0.2}
{'loss': 1.2986, 'grad_norm': 3.96061372756958, 'learning_rate': 9.239971063406183e-06, 'epoch': 0.2}
{'loss': 1.0774, 'grad_norm': 2.9014499187469482, 'learning_rate': 9.238868445018816e-06, 'epoch': 0.2}
{'loss': 1.197, 'grad_norm': 3.2330222129821777, 'learning_rate': 9.23776509328244e-06, 'epoch': 0.2}
{'loss': 0.9802, 'grad_norm': 2.7926666736602783, 'learning_rate': 9.236661008387946e-06, 'epoch': 0.2}
{'loss': 0.8304, 'grad_norm': 2.4698407649993896, 'learning_rate': 9.235556190526343e-06, 'epoch': 0.2}
{'loss': 0.9596, 'grad_norm': 2.7533085346221924, 'learning_rate': 9.234450639888773e-06, 'epoch': 0.2}
{'loss': 1.1794, 'grad_norm': 2.9466612339019775, 'learning_rate': 9.233344356666503e-06, 'epoch': 0.2}
{'loss': 1.2184, 'grad_norm': 3.0113561153411865, 'learning_rate': 9.232237341050925e-06, 'epoch': 0.2}
{'loss': 1.0089, 'grad_norm': 2.987567186355591, 'learning_rate': 9.231129593233561e-06, 'epoch': 0.2}
{'loss': 1.0784, 'grad_norm': 3.319758653640747, 'learning_rate': 9.230021113406059e-06, 'epoch': 0.2}
{'loss': 0.8438, 'grad_norm': 2.4554834365844727, 'learning_rate': 9.228911901760187e-06, 'epoch': 0.2}
{'loss': 0.7782, 'grad_norm': 2.6226284503936768, 'learning_rate': 9.227801958487849e-06, 'epoch': 0.2}
{'loss': 0.8093, 'grad_norm': 2.5174994468688965, 'learning_rate': 9.226691283781074e-06, 'epoch': 0.2}
{'loss': 1.0647, 'grad_norm': 2.755113124847412, 'learning_rate': 9.22557987783201e-06, 'epoch': 0.2}
{'loss': 0.9648, 'grad_norm': 2.5814995765686035, 'learning_rate': 9.224467740832942e-06, 'epoch': 0.2}
{'loss': 0.7917, 'grad_norm': 2.5628409385681152, 'learning_rate': 9.223354872976268e-06, 'epoch': 0.2}
{'loss': 0.8492, 'grad_norm': 2.55527400970459, 'learning_rate': 9.222241274454531e-06, 'epoch': 0.2}
{'loss': 0.8372, 'grad_norm': 2.4608166217803955, 'learning_rate': 9.221126945460383e-06, 'epoch': 0.2}
{'loss': 0.9714, 'grad_norm': 2.890883445739746, 'learning_rate': 9.220011886186613e-06, 'epoch': 0.2}
{'loss': 1.0186, 'grad_norm': 2.9101500511169434, 'learning_rate': 9.218896096826128e-06, 'epoch': 0.2}
{'loss': 1.1636, 'grad_norm': 2.7777163982391357, 'learning_rate': 9.217779577571973e-06, 'epoch': 0.21}
{'loss': 1.0799, 'grad_norm': 2.82297945022583, 'learning_rate': 9.216662328617307e-06, 'epoch': 0.21}
{'loss': 0.8376, 'grad_norm': 2.5233774185180664, 'learning_rate': 9.215544350155423e-06, 'epoch': 0.21}
{'loss': 0.9519, 'grad_norm': 3.2856433391571045, 'learning_rate': 9.214425642379736e-06, 'epoch': 0.21}
{'loss': 0.9797, 'grad_norm': 2.8673593997955322, 'learning_rate': 9.213306205483791e-06, 'epoch': 0.21}
{'loss': 0.8209, 'grad_norm': 2.4167606830596924, 'learning_rate': 9.212186039661257e-06, 'epoch': 0.21}
{'loss': 0.8192, 'grad_norm': 2.442415237426758, 'learning_rate': 9.211065145105926e-06, 'epoch': 0.21}
{'loss': 0.7992, 'grad_norm': 2.638005018234253, 'learning_rate': 9.209943522011724e-06, 'epoch': 0.21}
{'loss': 0.7005, 'grad_norm': 2.0443897247314453, 'learning_rate': 9.208821170572694e-06, 'epoch': 0.21}
{'loss': 0.8898, 'grad_norm': 2.7684526443481445, 'learning_rate': 9.207698090983014e-06, 'epoch': 0.21}
{'loss': 0.9218, 'grad_norm': 2.7321531772613525, 'learning_rate': 9.20657428343698e-06, 'epoch': 0.21}
{'loss': 0.8316, 'grad_norm': 2.5391204357147217, 'learning_rate': 9.205449748129015e-06, 'epoch': 0.21}
{'loss': 0.8606, 'grad_norm': 2.4465556144714355, 'learning_rate': 9.204324485253678e-06, 'epoch': 0.21}
{'loss': 0.9501, 'grad_norm': 3.1095035076141357, 'learning_rate': 9.203198495005639e-06, 'epoch': 0.21}
{'loss': 0.9403, 'grad_norm': 2.660734176635742, 'learning_rate': 9.202071777579703e-06, 'epoch': 0.21}
{'loss': 0.925, 'grad_norm': 2.554257392883301, 'learning_rate': 9.2009443331708e-06, 'epoch': 0.21}
{'loss': 0.814, 'grad_norm': 2.6143927574157715, 'learning_rate': 9.199816161973982e-06, 'epoch': 0.21}
{'loss': 0.9838, 'grad_norm': 2.7305760383605957, 'learning_rate': 9.19868726418443e-06, 'epoch': 0.21}
{'loss': 0.7418, 'grad_norm': 2.4762868881225586, 'learning_rate': 9.197557639997452e-06, 'epoch': 0.21}
{'loss': 0.7856, 'grad_norm': 2.6680355072021484, 'learning_rate': 9.196427289608477e-06, 'epoch': 0.21}
{'loss': 1.009, 'grad_norm': 3.0276095867156982, 'learning_rate': 9.195296213213066e-06, 'epoch': 0.21}
{'loss': 0.7616, 'grad_norm': 2.4876186847686768, 'learning_rate': 9.194164411006895e-06, 'epoch': 0.21}
{'loss': 1.1815, 'grad_norm': 2.9701762199401855, 'learning_rate': 9.193031883185779e-06, 'epoch': 0.21}
{'loss': 1.2409, 'grad_norm': 3.1149563789367676, 'learning_rate': 9.191898629945649e-06, 'epoch': 0.21}
{'loss': 1.0591, 'grad_norm': 2.927694082260132, 'learning_rate': 9.190764651482564e-06, 'epoch': 0.21}
{'loss': 0.915, 'grad_norm': 2.6298773288726807, 'learning_rate': 9.18962994799271e-06, 'epoch': 0.21}
{'loss': 0.7449, 'grad_norm': 2.5991804599761963, 'learning_rate': 9.188494519672398e-06, 'epoch': 0.21}
{'loss': 0.7717, 'grad_norm': 2.5980374813079834, 'learning_rate': 9.187358366718062e-06, 'epoch': 0.21}
{'loss': 0.9642, 'grad_norm': 2.6583750247955322, 'learning_rate': 9.186221489326266e-06, 'epoch': 0.21}
{'loss': 0.8273, 'grad_norm': 2.6344056129455566, 'learning_rate': 9.185083887693691e-06, 'epoch': 0.21}
{'loss': 1.0153, 'grad_norm': 2.9571263790130615, 'learning_rate': 9.183945562017153e-06, 'epoch': 0.21}
{'loss': 0.9911, 'grad_norm': 2.83463978767395, 'learning_rate': 9.18280651249359e-06, 'epoch': 0.21}
{'loss': 1.2479, 'grad_norm': 3.2476086616516113, 'learning_rate': 9.181666739320061e-06, 'epoch': 0.21}
{'loss': 0.9276, 'grad_norm': 2.645402431488037, 'learning_rate': 9.180526242693754e-06, 'epoch': 0.21}
{'loss': 0.9185, 'grad_norm': 2.8824355602264404, 'learning_rate': 9.179385022811984e-06, 'epoch': 0.21}
{'loss': 0.9169, 'grad_norm': 2.7862801551818848, 'learning_rate': 9.178243079872187e-06, 'epoch': 0.21}
{'loss': 0.7602, 'grad_norm': 2.4709386825561523, 'learning_rate': 9.177100414071925e-06, 'epoch': 0.21}
{'loss': 0.9628, 'grad_norm': 2.576291561126709, 'learning_rate': 9.175957025608886e-06, 'epoch': 0.21}
{'loss': 1.033, 'grad_norm': 2.7383620738983154, 'learning_rate': 9.174812914680885e-06, 'epoch': 0.21}
{'loss': 0.9186, 'grad_norm': 2.597541093826294, 'learning_rate': 9.173668081485856e-06, 'epoch': 0.21}
{'loss': 0.9324, 'grad_norm': 2.710401773452759, 'learning_rate': 9.172522526221865e-06, 'epoch': 0.21}
{'loss': 0.8007, 'grad_norm': 2.6116268634796143, 'learning_rate': 9.1713762490871e-06, 'epoch': 0.21}
{'loss': 0.8592, 'grad_norm': 2.647876739501953, 'learning_rate': 9.170229250279872e-06, 'epoch': 0.21}
{'loss': 0.9935, 'grad_norm': 2.8005480766296387, 'learning_rate': 9.16908152999862e-06, 'epoch': 0.21}
{'loss': 0.8938, 'grad_norm': 2.452793598175049, 'learning_rate': 9.167933088441904e-06, 'epoch': 0.21}
{'loss': 0.9112, 'grad_norm': 2.5131499767303467, 'learning_rate': 9.166783925808416e-06, 'epoch': 0.21}
{'loss': 0.9282, 'grad_norm': 2.7400522232055664, 'learning_rate': 9.16563404229696e-06, 'epoch': 0.21}
{'loss': 1.1897, 'grad_norm': 3.418241500854492, 'learning_rate': 9.16448343810648e-06, 'epoch': 0.21}
{'loss': 0.9044, 'grad_norm': 2.9295616149902344, 'learning_rate': 9.163332113436031e-06, 'epoch': 0.21}
{'loss': 0.9956, 'grad_norm': 2.5474815368652344, 'learning_rate': 9.162180068484805e-06, 'epoch': 0.21}
{'loss': 0.9457, 'grad_norm': 2.750563383102417, 'learning_rate': 9.16102730345211e-06, 'epoch': 0.21}
{'loss': 0.8141, 'grad_norm': 2.4459123611450195, 'learning_rate': 9.15987381853738e-06, 'epoch': 0.21}
{'loss': 0.8461, 'grad_norm': 2.740386724472046, 'learning_rate': 9.158719613940174e-06, 'epoch': 0.21}
{'loss': 1.0944, 'grad_norm': 2.7921411991119385, 'learning_rate': 9.157564689860178e-06, 'epoch': 0.21}
{'loss': 0.7554, 'grad_norm': 2.3166415691375732, 'learning_rate': 9.156409046497202e-06, 'epoch': 0.21}
{'loss': 0.7757, 'grad_norm': 2.66788911819458, 'learning_rate': 9.155252684051174e-06, 'epoch': 0.21}
{'loss': 1.1598, 'grad_norm': 3.0159339904785156, 'learning_rate': 9.154095602722158e-06, 'epoch': 0.21}
{'loss': 1.1127, 'grad_norm': 2.824674367904663, 'learning_rate': 9.152937802710328e-06, 'epoch': 0.21}
{'loss': 1.0616, 'grad_norm': 2.769341230392456, 'learning_rate': 9.151779284215998e-06, 'epoch': 0.21}
{'loss': 0.9023, 'grad_norm': 2.6477854251861572, 'learning_rate': 9.150620047439595e-06, 'epoch': 0.21}
{'loss': 0.9419, 'grad_norm': 2.5698022842407227, 'learning_rate': 9.149460092581672e-06, 'epoch': 0.21}
{'loss': 0.9748, 'grad_norm': 2.5596113204956055, 'learning_rate': 9.148299419842913e-06, 'epoch': 0.21}
{'loss': 1.1827, 'grad_norm': 2.8379740715026855, 'learning_rate': 9.147138029424113e-06, 'epoch': 0.21}
{'loss': 0.8809, 'grad_norm': 2.4248552322387695, 'learning_rate': 9.145975921526209e-06, 'epoch': 0.21}
{'loss': 1.015, 'grad_norm': 2.3591418266296387, 'learning_rate': 9.144813096350245e-06, 'epoch': 0.21}
{'loss': 1.0134, 'grad_norm': 2.5346508026123047, 'learning_rate': 9.1436495540974e-06, 'epoch': 0.21}
{'loss': 0.9529, 'grad_norm': 2.7344541549682617, 'learning_rate': 9.142485294968973e-06, 'epoch': 0.21}
{'loss': 0.9824, 'grad_norm': 3.2123489379882812, 'learning_rate': 9.141320319166387e-06, 'epoch': 0.21}
{'loss': 1.0478, 'grad_norm': 2.7781124114990234, 'learning_rate': 9.140154626891192e-06, 'epoch': 0.21}
{'loss': 0.8711, 'grad_norm': 2.646319627761841, 'learning_rate': 9.138988218345055e-06, 'epoch': 0.21}
{'loss': 1.0836, 'grad_norm': 3.264683723449707, 'learning_rate': 9.137821093729776e-06, 'epoch': 0.21}
{'loss': 0.9246, 'grad_norm': 2.925497055053711, 'learning_rate': 9.13665325324727e-06, 'epoch': 0.21}
{'loss': 0.793, 'grad_norm': 2.6611788272857666, 'learning_rate': 9.135484697099586e-06, 'epoch': 0.21}
{'loss': 0.9567, 'grad_norm': 2.7757863998413086, 'learning_rate': 9.134315425488887e-06, 'epoch': 0.21}
{'loss': 1.0287, 'grad_norm': 2.755664825439453, 'learning_rate': 9.133145438617464e-06, 'epoch': 0.21}
{'loss': 0.8777, 'grad_norm': 2.851552724838257, 'learning_rate': 9.131974736687731e-06, 'epoch': 0.21}
{'loss': 0.9538, 'grad_norm': 2.8089611530303955, 'learning_rate': 9.13080331990223e-06, 'epoch': 0.21}
{'loss': 0.7757, 'grad_norm': 2.551682233810425, 'learning_rate': 9.129631188463619e-06, 'epoch': 0.21}
{'loss': 0.9092, 'grad_norm': 2.6727499961853027, 'learning_rate': 9.128458342574685e-06, 'epoch': 0.22}
{'loss': 1.0902, 'grad_norm': 2.8715877532958984, 'learning_rate': 9.127284782438338e-06, 'epoch': 0.22}
{'loss': 0.9431, 'grad_norm': 2.7262375354766846, 'learning_rate': 9.12611050825761e-06, 'epoch': 0.22}
{'loss': 0.9089, 'grad_norm': 2.8321070671081543, 'learning_rate': 9.124935520235656e-06, 'epoch': 0.22}
{'loss': 1.1891, 'grad_norm': 3.0296926498413086, 'learning_rate': 9.123759818575759e-06, 'epoch': 0.22}
{'loss': 0.8495, 'grad_norm': 2.50303053855896, 'learning_rate': 9.122583403481319e-06, 'epoch': 0.22}
{'loss': 0.8167, 'grad_norm': 2.493705987930298, 'learning_rate': 9.121406275155865e-06, 'epoch': 0.22}
{'loss': 0.9019, 'grad_norm': 2.899820327758789, 'learning_rate': 9.120228433803044e-06, 'epoch': 0.22}
{'loss': 0.8958, 'grad_norm': 2.7846930027008057, 'learning_rate': 9.119049879626634e-06, 'epoch': 0.22}
{'loss': 0.9673, 'grad_norm': 2.7029716968536377, 'learning_rate': 9.117870612830527e-06, 'epoch': 0.22}
{'loss': 0.832, 'grad_norm': 2.497819662094116, 'learning_rate': 9.116690633618747e-06, 'epoch': 0.22}
{'loss': 0.8871, 'grad_norm': 2.6417083740234375, 'learning_rate': 9.115509942195436e-06, 'epoch': 0.22}
{'loss': 1.1022, 'grad_norm': 3.0348191261291504, 'learning_rate': 9.114328538764859e-06, 'epoch': 0.22}
{'loss': 0.9967, 'grad_norm': 2.826369047164917, 'learning_rate': 9.113146423531405e-06, 'epoch': 0.22}
{'loss': 0.924, 'grad_norm': 2.782672882080078, 'learning_rate': 9.11196359669959e-06, 'epoch': 0.22}
{'loss': 0.9638, 'grad_norm': 2.5069117546081543, 'learning_rate': 9.110780058474052e-06, 'epoch': 0.22}
{'loss': 1.0362, 'grad_norm': 2.612187147140503, 'learning_rate': 9.109595809059543e-06, 'epoch': 0.22}
{'loss': 0.8975, 'grad_norm': 2.6292545795440674, 'learning_rate': 9.10841084866095e-06, 'epoch': 0.22}
{'loss': 0.9814, 'grad_norm': 2.7503855228424072, 'learning_rate': 9.107225177483277e-06, 'epoch': 0.22}
{'loss': 0.8036, 'grad_norm': 2.422236204147339, 'learning_rate': 9.106038795731651e-06, 'epoch': 0.22}
{'loss': 0.8625, 'grad_norm': 2.5302135944366455, 'learning_rate': 9.104851703611324e-06, 'epoch': 0.22}
{'loss': 1.1346, 'grad_norm': 2.660780429840088, 'learning_rate': 9.103663901327669e-06, 'epoch': 0.22}
{'loss': 0.8912, 'grad_norm': 2.6087594032287598, 'learning_rate': 9.102475389086185e-06, 'epoch': 0.22}
{'loss': 0.8694, 'grad_norm': 2.599532127380371, 'learning_rate': 9.101286167092489e-06, 'epoch': 0.22}
{'loss': 1.0365, 'grad_norm': 2.6435675621032715, 'learning_rate': 9.100096235552324e-06, 'epoch': 0.22}
{'loss': 0.9415, 'grad_norm': 3.10817289352417, 'learning_rate': 9.098905594671557e-06, 'epoch': 0.22}
{'loss': 0.8534, 'grad_norm': 2.3559515476226807, 'learning_rate': 9.097714244656172e-06, 'epoch': 0.22}
{'loss': 0.6778, 'grad_norm': 2.1375551223754883, 'learning_rate': 9.096522185712284e-06, 'epoch': 0.22}
{'loss': 0.7227, 'grad_norm': 2.414693593978882, 'learning_rate': 9.095329418046123e-06, 'epoch': 0.22}
{'loss': 1.0044, 'grad_norm': 2.8123106956481934, 'learning_rate': 9.094135941864044e-06, 'epoch': 0.22}
{'loss': 1.0015, 'grad_norm': 2.6492111682891846, 'learning_rate': 9.09294175737253e-06, 'epoch': 0.22}
{'loss': 0.7736, 'grad_norm': 2.58132266998291, 'learning_rate': 9.091746864778176e-06, 'epoch': 0.22}
{'loss': 0.9934, 'grad_norm': 2.6908926963806152, 'learning_rate': 9.090551264287712e-06, 'epoch': 0.22}
{'loss': 0.8098, 'grad_norm': 2.6833126544952393, 'learning_rate': 9.08935495610798e-06, 'epoch': 0.22}
{'loss': 0.8757, 'grad_norm': 2.453528642654419, 'learning_rate': 9.088157940445946e-06, 'epoch': 0.22}
{'loss': 0.9701, 'grad_norm': 2.918545961380005, 'learning_rate': 9.086960217508703e-06, 'epoch': 0.22}
{'loss': 1.1054, 'grad_norm': 3.1300387382507324, 'learning_rate': 9.085761787503465e-06, 'epoch': 0.22}
{'loss': 0.7983, 'grad_norm': 2.4130043983459473, 'learning_rate': 9.084562650637568e-06, 'epoch': 0.22}
{'loss': 0.8505, 'grad_norm': 2.634660243988037, 'learning_rate': 9.083362807118467e-06, 'epoch': 0.22}
{'loss': 0.8185, 'grad_norm': 2.1145107746124268, 'learning_rate': 9.082162257153743e-06, 'epoch': 0.22}
{'loss': 0.9907, 'grad_norm': 2.8854339122772217, 'learning_rate': 9.080961000951101e-06, 'epoch': 0.22}
{'loss': 1.1886, 'grad_norm': 3.5226948261260986, 'learning_rate': 9.079759038718359e-06, 'epoch': 0.22}
{'loss': 0.9011, 'grad_norm': 2.690664052963257, 'learning_rate': 9.078556370663472e-06, 'epoch': 0.22}
{'loss': 1.1247, 'grad_norm': 3.0418410301208496, 'learning_rate': 9.0773529969945e-06, 'epoch': 0.22}
{'loss': 0.8871, 'grad_norm': 2.5614171028137207, 'learning_rate': 9.07614891791964e-06, 'epoch': 0.22}
{'loss': 1.0599, 'grad_norm': 2.924470901489258, 'learning_rate': 9.074944133647202e-06, 'epoch': 0.22}
{'loss': 1.0262, 'grad_norm': 2.879687547683716, 'learning_rate': 9.073738644385619e-06, 'epoch': 0.22}
{'loss': 0.7667, 'grad_norm': 2.535959243774414, 'learning_rate': 9.072532450343451e-06, 'epoch': 0.22}
{'loss': 0.7081, 'grad_norm': 2.274634599685669, 'learning_rate': 9.071325551729375e-06, 'epoch': 0.22}
{'loss': 0.973, 'grad_norm': 2.993725299835205, 'learning_rate': 9.070117948752192e-06, 'epoch': 0.22}
{'loss': 0.807, 'grad_norm': 2.7613141536712646, 'learning_rate': 9.068909641620824e-06, 'epoch': 0.22}
{'loss': 1.0682, 'grad_norm': 2.864215850830078, 'learning_rate': 9.067700630544316e-06, 'epoch': 0.22}
{'loss': 0.9544, 'grad_norm': 2.494490623474121, 'learning_rate': 9.066490915731834e-06, 'epoch': 0.22}
{'loss': 0.9216, 'grad_norm': 2.9598703384399414, 'learning_rate': 9.065280497392663e-06, 'epoch': 0.22}
{'loss': 0.8367, 'grad_norm': 3.216259717941284, 'learning_rate': 9.064069375736216e-06, 'epoch': 0.22}
{'loss': 1.2613, 'grad_norm': 3.0603528022766113, 'learning_rate': 9.062857550972022e-06, 'epoch': 0.22}
{'loss': 1.1456, 'grad_norm': 2.780673027038574, 'learning_rate': 9.061645023309735e-06, 'epoch': 0.22}
{'loss': 0.7156, 'grad_norm': 2.5474705696105957, 'learning_rate': 9.060431792959128e-06, 'epoch': 0.22}
{'loss': 0.8218, 'grad_norm': 2.6380579471588135, 'learning_rate': 9.059217860130099e-06, 'epoch': 0.22}
{'loss': 0.8311, 'grad_norm': 2.511566400527954, 'learning_rate': 9.058003225032665e-06, 'epoch': 0.22}
{'loss': 0.9823, 'grad_norm': 3.419710874557495, 'learning_rate': 9.056787887876963e-06, 'epoch': 0.22}
{'loss': 1.0312, 'grad_norm': 2.853198528289795, 'learning_rate': 9.055571848873253e-06, 'epoch': 0.22}
{'loss': 0.8717, 'grad_norm': 2.5514142513275146, 'learning_rate': 9.05435510823192e-06, 'epoch': 0.22}
{'loss': 1.1083, 'grad_norm': 2.9249579906463623, 'learning_rate': 9.053137666163465e-06, 'epoch': 0.22}
{'loss': 0.894, 'grad_norm': 2.4234349727630615, 'learning_rate': 9.051919522878515e-06, 'epoch': 0.22}
{'loss': 0.9689, 'grad_norm': 2.81754207611084, 'learning_rate': 9.050700678587813e-06, 'epoch': 0.22}
{'loss': 1.0496, 'grad_norm': 2.6606807708740234, 'learning_rate': 9.049481133502227e-06, 'epoch': 0.22}
{'loss': 1.0012, 'grad_norm': 2.6350812911987305, 'learning_rate': 9.048260887832747e-06, 'epoch': 0.22}
{'loss': 0.8066, 'grad_norm': 2.9285309314727783, 'learning_rate': 9.04703994179048e-06, 'epoch': 0.22}
{'loss': 0.9313, 'grad_norm': 2.459235668182373, 'learning_rate': 9.04581829558666e-06, 'epoch': 0.22}
{'loss': 0.8842, 'grad_norm': 2.482069969177246, 'learning_rate': 9.044595949432635e-06, 'epoch': 0.22}
{'loss': 1.0931, 'grad_norm': 2.5103871822357178, 'learning_rate': 9.043372903539883e-06, 'epoch': 0.22}
{'loss': 0.9837, 'grad_norm': 2.6284492015838623, 'learning_rate': 9.042149158119992e-06, 'epoch': 0.22}
{'loss': 0.9946, 'grad_norm': 2.856966495513916, 'learning_rate': 9.040924713384683e-06, 'epoch': 0.22}
{'loss': 0.9159, 'grad_norm': 2.415686845779419, 'learning_rate': 9.039699569545789e-06, 'epoch': 0.22}
{'loss': 0.9569, 'grad_norm': 2.824573040008545, 'learning_rate': 9.038473726815266e-06, 'epoch': 0.22}
{'loss': 0.9979, 'grad_norm': 2.8014419078826904, 'learning_rate': 9.037247185405194e-06, 'epoch': 0.22}
{'loss': 1.0119, 'grad_norm': 2.765629768371582, 'learning_rate': 9.036019945527771e-06, 'epoch': 0.22}
{'loss': 1.007, 'grad_norm': 2.821823835372925, 'learning_rate': 9.03479200739532e-06, 'epoch': 0.23}
{'loss': 0.9436, 'grad_norm': 2.927556276321411, 'learning_rate': 9.033563371220275e-06, 'epoch': 0.23}
{'loss': 0.8017, 'grad_norm': 2.3985373973846436, 'learning_rate': 9.032334037215202e-06, 'epoch': 0.23}
{'loss': 0.8094, 'grad_norm': 2.4598946571350098, 'learning_rate': 9.031104005592782e-06, 'epoch': 0.23}
{'loss': 0.8948, 'grad_norm': 2.7211287021636963, 'learning_rate': 9.029873276565818e-06, 'epoch': 0.23}
{'loss': 0.8706, 'grad_norm': 2.5915744304656982, 'learning_rate': 9.02864185034723e-06, 'epoch': 0.23}
{'loss': 0.9864, 'grad_norm': 2.493482828140259, 'learning_rate': 9.027409727150068e-06, 'epoch': 0.23}
{'loss': 0.7798, 'grad_norm': 2.399783134460449, 'learning_rate': 9.02617690718749e-06, 'epoch': 0.23}
{'loss': 0.973, 'grad_norm': 2.6892642974853516, 'learning_rate': 9.024943390672786e-06, 'epoch': 0.23}
{'loss': 1.0357, 'grad_norm': 2.608682870864868, 'learning_rate': 9.023709177819359e-06, 'epoch': 0.23}
{'loss': 1.2145, 'grad_norm': 2.886758804321289, 'learning_rate': 9.022474268840735e-06, 'epoch': 0.23}
{'loss': 0.9922, 'grad_norm': 2.858119249343872, 'learning_rate': 9.021238663950562e-06, 'epoch': 0.23}
{'loss': 1.123, 'grad_norm': 2.8848764896392822, 'learning_rate': 9.020002363362605e-06, 'epoch': 0.23}
{'loss': 0.8725, 'grad_norm': 2.7165844440460205, 'learning_rate': 9.018765367290754e-06, 'epoch': 0.23}
{'loss': 0.7765, 'grad_norm': 2.610775947570801, 'learning_rate': 9.017527675949014e-06, 'epoch': 0.23}
{'loss': 0.8167, 'grad_norm': 2.558173656463623, 'learning_rate': 9.016289289551515e-06, 'epoch': 0.23}
{'loss': 1.0788, 'grad_norm': 2.909468412399292, 'learning_rate': 9.015050208312501e-06, 'epoch': 0.23}
{'loss': 1.3641, 'grad_norm': 3.0473437309265137, 'learning_rate': 9.013810432446345e-06, 'epoch': 0.23}
{'loss': 1.1451, 'grad_norm': 2.843630075454712, 'learning_rate': 9.012569962167533e-06, 'epoch': 0.23}
{'loss': 0.8434, 'grad_norm': 2.478607654571533, 'learning_rate': 9.011328797690674e-06, 'epoch': 0.23}
{'loss': 1.0162, 'grad_norm': 3.079566240310669, 'learning_rate': 9.010086939230497e-06, 'epoch': 0.23}
{'loss': 0.8875, 'grad_norm': 2.7443575859069824, 'learning_rate': 9.00884438700185e-06, 'epoch': 0.23}
{'loss': 1.0424, 'grad_norm': 2.753300905227661, 'learning_rate': 9.007601141219702e-06, 'epoch': 0.23}
{'loss': 0.7755, 'grad_norm': 2.5312185287475586, 'learning_rate': 9.006357202099144e-06, 'epoch': 0.23}
{'loss': 1.0514, 'grad_norm': 2.9237101078033447, 'learning_rate': 9.00511256985538e-06, 'epoch': 0.23}
{'loss': 0.8696, 'grad_norm': 2.892237424850464, 'learning_rate': 9.003867244703746e-06, 'epoch': 0.23}
{'loss': 1.0214, 'grad_norm': 2.650059938430786, 'learning_rate': 9.002621226859682e-06, 'epoch': 0.23}
{'loss': 1.0169, 'grad_norm': 2.7668659687042236, 'learning_rate': 9.001374516538764e-06, 'epoch': 0.23}
{'loss': 0.8382, 'grad_norm': 2.619410991668701, 'learning_rate': 9.000127113956673e-06, 'epoch': 0.23}
{'loss': 0.9199, 'grad_norm': 2.466118335723877, 'learning_rate': 8.998879019329223e-06, 'epoch': 0.23}
{'loss': 0.862, 'grad_norm': 2.5707757472991943, 'learning_rate': 8.997630232872338e-06, 'epoch': 0.23}
{'loss': 0.9602, 'grad_norm': 2.688859701156616, 'learning_rate': 8.996380754802067e-06, 'epoch': 0.23}
{'loss': 1.0367, 'grad_norm': 2.7704954147338867, 'learning_rate': 8.995130585334575e-06, 'epoch': 0.23}
{'loss': 1.394, 'grad_norm': 3.1422476768493652, 'learning_rate': 8.993879724686153e-06, 'epoch': 0.23}
{'loss': 0.9728, 'grad_norm': 2.878375768661499, 'learning_rate': 8.992628173073203e-06, 'epoch': 0.23}
{'loss': 0.8417, 'grad_norm': 2.9043610095977783, 'learning_rate': 8.991375930712252e-06, 'epoch': 0.23}
{'loss': 0.9854, 'grad_norm': 2.7764899730682373, 'learning_rate': 8.990122997819946e-06, 'epoch': 0.23}
{'loss': 0.8016, 'grad_norm': 2.680328845977783, 'learning_rate': 8.988869374613047e-06, 'epoch': 0.23}
{'loss': 1.0557, 'grad_norm': 3.093418598175049, 'learning_rate': 8.987615061308444e-06, 'epoch': 0.23}
{'loss': 0.9823, 'grad_norm': 2.677488327026367, 'learning_rate': 8.986360058123136e-06, 'epoch': 0.23}
{'loss': 0.9191, 'grad_norm': 2.6755893230438232, 'learning_rate': 8.985104365274248e-06, 'epoch': 0.23}
{'loss': 0.9287, 'grad_norm': 2.6362414360046387, 'learning_rate': 8.983847982979022e-06, 'epoch': 0.23}
{'loss': 1.0724, 'grad_norm': 2.6745808124542236, 'learning_rate': 8.982590911454821e-06, 'epoch': 0.23}
{'loss': 1.0076, 'grad_norm': 2.8762030601501465, 'learning_rate': 8.981333150919121e-06, 'epoch': 0.23}
{'loss': 0.9718, 'grad_norm': 2.6204843521118164, 'learning_rate': 8.980074701589528e-06, 'epoch': 0.23}
{'loss': 0.8408, 'grad_norm': 2.7326362133026123, 'learning_rate': 8.978815563683756e-06, 'epoch': 0.23}
{'loss': 0.9657, 'grad_norm': 2.68854022026062, 'learning_rate': 8.977555737419646e-06, 'epoch': 0.23}
{'loss': 0.7457, 'grad_norm': 2.574587821960449, 'learning_rate': 8.976295223015153e-06, 'epoch': 0.23}
{'loss': 1.0205, 'grad_norm': 2.5362658500671387, 'learning_rate': 8.975034020688356e-06, 'epoch': 0.23}
{'loss': 0.8256, 'grad_norm': 2.522172689437866, 'learning_rate': 8.97377213065745e-06, 'epoch': 0.23}
{'loss': 0.9442, 'grad_norm': 2.9572010040283203, 'learning_rate': 8.972509553140747e-06, 'epoch': 0.23}
{'loss': 0.8277, 'grad_norm': 2.7010912895202637, 'learning_rate': 8.971246288356684e-06, 'epoch': 0.23}
{'loss': 0.9241, 'grad_norm': 2.7518692016601562, 'learning_rate': 8.969982336523811e-06, 'epoch': 0.23}
{'loss': 1.0112, 'grad_norm': 2.749518632888794, 'learning_rate': 8.968717697860797e-06, 'epoch': 0.23}
{'loss': 0.9236, 'grad_norm': 2.770021438598633, 'learning_rate': 8.967452372586436e-06, 'epoch': 0.23}
{'loss': 1.05, 'grad_norm': 2.7522945404052734, 'learning_rate': 8.966186360919633e-06, 'epoch': 0.23}
{'loss': 0.9297, 'grad_norm': 2.83473801612854, 'learning_rate': 8.964919663079419e-06, 'epoch': 0.23}
{'loss': 0.9026, 'grad_norm': 2.5131258964538574, 'learning_rate': 8.963652279284937e-06, 'epoch': 0.23}
{'loss': 0.9048, 'grad_norm': 2.7703425884246826, 'learning_rate': 8.962384209755453e-06, 'epoch': 0.23}
{'loss': 0.7507, 'grad_norm': 2.3740627765655518, 'learning_rate': 8.961115454710351e-06, 'epoch': 0.23}
{'loss': 0.9618, 'grad_norm': 2.778092622756958, 'learning_rate': 8.959846014369132e-06, 'epoch': 0.23}
{'loss': 0.9577, 'grad_norm': 2.558159828186035, 'learning_rate': 8.958575888951418e-06, 'epoch': 0.23}
{'loss': 0.8989, 'grad_norm': 2.792961597442627, 'learning_rate': 8.957305078676947e-06, 'epoch': 0.23}
{'loss': 1.1624, 'grad_norm': 2.84975266456604, 'learning_rate': 8.956033583765575e-06, 'epoch': 0.23}
{'loss': 1.0542, 'grad_norm': 2.8126044273376465, 'learning_rate': 8.954761404437283e-06, 'epoch': 0.23}
{'loss': 1.2802, 'grad_norm': 3.32006573677063, 'learning_rate': 8.95348854091216e-06, 'epoch': 0.23}
{'loss': 0.9703, 'grad_norm': 2.7908709049224854, 'learning_rate': 8.952214993410422e-06, 'epoch': 0.23}
{'loss': 0.8029, 'grad_norm': 2.3340108394622803, 'learning_rate': 8.9509407621524e-06, 'epoch': 0.23}
{'loss': 0.8161, 'grad_norm': 2.2879202365875244, 'learning_rate': 8.949665847358543e-06, 'epoch': 0.23}
{'loss': 0.924, 'grad_norm': 2.5425336360931396, 'learning_rate': 8.948390249249418e-06, 'epoch': 0.23}
{'loss': 0.878, 'grad_norm': 2.2612709999084473, 'learning_rate': 8.947113968045709e-06, 'epoch': 0.23}
{'loss': 1.1024, 'grad_norm': 3.0812299251556396, 'learning_rate': 8.945837003968225e-06, 'epoch': 0.23}
{'loss': 1.0078, 'grad_norm': 2.6319329738616943, 'learning_rate': 8.944559357237886e-06, 'epoch': 0.23}
{'loss': 1.0021, 'grad_norm': 2.644151210784912, 'learning_rate': 8.94328102807573e-06, 'epoch': 0.23}
{'loss': 0.9803, 'grad_norm': 2.665555000305176, 'learning_rate': 8.94200201670292e-06, 'epoch': 0.23}
{'loss': 0.753, 'grad_norm': 2.5404248237609863, 'learning_rate': 8.940722323340729e-06, 'epoch': 0.23}
{'loss': 0.9492, 'grad_norm': 2.6062510013580322, 'learning_rate': 8.939441948210552e-06, 'epoch': 0.23}
{'loss': 0.9735, 'grad_norm': 2.9791197776794434, 'learning_rate': 8.938160891533901e-06, 'epoch': 0.24}
{'loss': 0.8288, 'grad_norm': 2.5149638652801514, 'learning_rate': 8.936879153532408e-06, 'epoch': 0.24}
{'loss': 0.8687, 'grad_norm': 2.492957592010498, 'learning_rate': 8.93559673442782e-06, 'epoch': 0.24}
{'loss': 0.9059, 'grad_norm': 2.4849679470062256, 'learning_rate': 8.934313634442005e-06, 'epoch': 0.24}
{'loss': 0.8704, 'grad_norm': 2.567436456680298, 'learning_rate': 8.933029853796944e-06, 'epoch': 0.24}
{'loss': 0.8307, 'grad_norm': 2.4815120697021484, 'learning_rate': 8.93174539271474e-06, 'epoch': 0.24}
{'loss': 0.8141, 'grad_norm': 2.582298755645752, 'learning_rate': 8.93046025141761e-06, 'epoch': 0.24}
{'loss': 1.0568, 'grad_norm': 2.586211919784546, 'learning_rate': 8.929174430127892e-06, 'epoch': 0.24}
{'loss': 0.7834, 'grad_norm': 2.3313024044036865, 'learning_rate': 8.927887929068045e-06, 'epoch': 0.24}
{'loss': 0.9658, 'grad_norm': 2.671928882598877, 'learning_rate': 8.926600748460635e-06, 'epoch': 0.24}
{'loss': 0.8796, 'grad_norm': 2.4567861557006836, 'learning_rate': 8.925312888528355e-06, 'epoch': 0.24}
{'loss': 1.1825, 'grad_norm': 2.690760612487793, 'learning_rate': 8.924024349494012e-06, 'epoch': 0.24}
{'loss': 0.8181, 'grad_norm': 2.6241538524627686, 'learning_rate': 8.922735131580528e-06, 'epoch': 0.24}
{'loss': 0.9844, 'grad_norm': 2.7419893741607666, 'learning_rate': 8.921445235010952e-06, 'epoch': 0.24}
{'loss': 1.0867, 'grad_norm': 2.7544093132019043, 'learning_rate': 8.920154660008437e-06, 'epoch': 0.24}
{'loss': 1.1315, 'grad_norm': 2.8166134357452393, 'learning_rate': 8.918863406796263e-06, 'epoch': 0.24}
{'loss': 0.9594, 'grad_norm': 2.5651180744171143, 'learning_rate': 8.917571475597822e-06, 'epoch': 0.24}
{'loss': 1.0718, 'grad_norm': 3.016146183013916, 'learning_rate': 8.916278866636628e-06, 'epoch': 0.24}
{'loss': 0.8552, 'grad_norm': 2.5672054290771484, 'learning_rate': 8.91498558013631e-06, 'epoch': 0.24}
{'loss': 1.031, 'grad_norm': 2.7493128776550293, 'learning_rate': 8.913691616320613e-06, 'epoch': 0.24}
{'loss': 0.9036, 'grad_norm': 2.4675486087799072, 'learning_rate': 8.912396975413401e-06, 'epoch': 0.24}
{'loss': 0.9803, 'grad_norm': 2.54167103767395, 'learning_rate': 8.911101657638653e-06, 'epoch': 0.24}
{'loss': 0.7716, 'grad_norm': 2.327590227127075, 'learning_rate': 8.909805663220468e-06, 'epoch': 0.24}
{'loss': 0.7802, 'grad_norm': 2.4423158168792725, 'learning_rate': 8.908508992383062e-06, 'epoch': 0.24}
{'loss': 0.6972, 'grad_norm': 2.5848617553710938, 'learning_rate': 8.907211645350762e-06, 'epoch': 0.24}
{'loss': 0.9954, 'grad_norm': 2.856325387954712, 'learning_rate': 8.905913622348021e-06, 'epoch': 0.24}
{'loss': 1.1713, 'grad_norm': 3.3906638622283936, 'learning_rate': 8.904614923599404e-06, 'epoch': 0.24}
{'loss': 0.9433, 'grad_norm': 2.770259380340576, 'learning_rate': 8.90331554932959e-06, 'epoch': 0.24}
{'loss': 1.2343, 'grad_norm': 3.1000378131866455, 'learning_rate': 8.902015499763383e-06, 'epoch': 0.24}
{'loss': 0.9429, 'grad_norm': 2.582062005996704, 'learning_rate': 8.900714775125696e-06, 'epoch': 0.24}
{'loss': 1.21, 'grad_norm': 2.766110420227051, 'learning_rate': 8.899413375641564e-06, 'epoch': 0.24}
{'loss': 1.1719, 'grad_norm': 3.069780111312866, 'learning_rate': 8.898111301536134e-06, 'epoch': 0.24}
{'loss': 0.8869, 'grad_norm': 2.5908124446868896, 'learning_rate': 8.896808553034675e-06, 'epoch': 0.24}
{'loss': 0.9782, 'grad_norm': 2.616950273513794, 'learning_rate': 8.895505130362569e-06, 'epoch': 0.24}
{'loss': 0.902, 'grad_norm': 2.502730369567871, 'learning_rate': 8.894201033745316e-06, 'epoch': 0.24}
{'loss': 0.9532, 'grad_norm': 2.6027657985687256, 'learning_rate': 8.892896263408534e-06, 'epoch': 0.24}
{'loss': 1.0053, 'grad_norm': 2.902648448944092, 'learning_rate': 8.891590819577952e-06, 'epoch': 0.24}
{'loss': 1.0309, 'grad_norm': 2.897184371948242, 'learning_rate': 8.890284702479422e-06, 'epoch': 0.24}
{'loss': 1.0528, 'grad_norm': 2.871265411376953, 'learning_rate': 8.88897791233891e-06, 'epoch': 0.24}
{'loss': 0.9971, 'grad_norm': 3.0066981315612793, 'learning_rate': 8.887670449382498e-06, 'epoch': 0.24}
{'loss': 0.7997, 'grad_norm': 2.38761568069458, 'learning_rate': 8.886362313836382e-06, 'epoch': 0.24}
{'loss': 1.0937, 'grad_norm': 2.5685863494873047, 'learning_rate': 8.885053505926885e-06, 'epoch': 0.24}
{'loss': 0.8617, 'grad_norm': 2.7295281887054443, 'learning_rate': 8.883744025880429e-06, 'epoch': 0.24}
{'loss': 0.973, 'grad_norm': 2.4951326847076416, 'learning_rate': 8.882433873923567e-06, 'epoch': 0.24}
{'loss': 1.0523, 'grad_norm': 2.6948959827423096, 'learning_rate': 8.88112305028296e-06, 'epoch': 0.24}
{'loss': 0.9186, 'grad_norm': 2.7615795135498047, 'learning_rate': 8.879811555185392e-06, 'epoch': 0.24}
{'loss': 0.9309, 'grad_norm': 3.039883613586426, 'learning_rate': 8.878499388857756e-06, 'epoch': 0.24}
{'loss': 1.157, 'grad_norm': 3.237671375274658, 'learning_rate': 8.877186551527066e-06, 'epoch': 0.24}
{'loss': 0.9746, 'grad_norm': 2.575227737426758, 'learning_rate': 8.875873043420449e-06, 'epoch': 0.24}
{'loss': 0.7799, 'grad_norm': 2.2474114894866943, 'learning_rate': 8.874558864765153e-06, 'epoch': 0.24}
{'loss': 1.3136, 'grad_norm': 3.7309958934783936, 'learning_rate': 8.873244015788534e-06, 'epoch': 0.24}
{'loss': 0.9073, 'grad_norm': 2.584461212158203, 'learning_rate': 8.871928496718071e-06, 'epoch': 0.24}
{'loss': 0.8502, 'grad_norm': 2.6149635314941406, 'learning_rate': 8.870612307781358e-06, 'epoch': 0.24}
{'loss': 1.1913, 'grad_norm': 2.7877602577209473, 'learning_rate': 8.869295449206102e-06, 'epoch': 0.24}
{'loss': 0.9971, 'grad_norm': 2.8276681900024414, 'learning_rate': 8.867977921220126e-06, 'epoch': 0.24}
{'loss': 1.0197, 'grad_norm': 2.9935033321380615, 'learning_rate': 8.86665972405137e-06, 'epoch': 0.24}
{'loss': 0.9548, 'grad_norm': 2.4867358207702637, 'learning_rate': 8.86534085792789e-06, 'epoch': 0.24}
{'loss': 0.9759, 'grad_norm': 2.722954750061035, 'learning_rate': 8.86402132307786e-06, 'epoch': 0.24}
{'loss': 0.933, 'grad_norm': 2.662020444869995, 'learning_rate': 8.862701119729566e-06, 'epoch': 0.24}
{'loss': 1.0843, 'grad_norm': 3.017119884490967, 'learning_rate': 8.86138024811141e-06, 'epoch': 0.24}
{'loss': 1.1054, 'grad_norm': 2.9902400970458984, 'learning_rate': 8.860058708451911e-06, 'epoch': 0.24}
{'loss': 0.9059, 'grad_norm': 2.599665880203247, 'learning_rate': 8.858736500979704e-06, 'epoch': 0.24}
{'loss': 1.0128, 'grad_norm': 2.7772955894470215, 'learning_rate': 8.857413625923536e-06, 'epoch': 0.24}
{'loss': 0.9804, 'grad_norm': 2.68035626411438, 'learning_rate': 8.856090083512274e-06, 'epoch': 0.24}
{'loss': 0.9778, 'grad_norm': 2.9331250190734863, 'learning_rate': 8.854765873974898e-06, 'epoch': 0.24}
{'loss': 0.7067, 'grad_norm': 2.4758193492889404, 'learning_rate': 8.853440997540505e-06, 'epoch': 0.24}
{'loss': 1.0507, 'grad_norm': 3.0095691680908203, 'learning_rate': 8.852115454438306e-06, 'epoch': 0.24}
{'loss': 1.0706, 'grad_norm': 2.891449451446533, 'learning_rate': 8.850789244897627e-06, 'epoch': 0.24}
{'loss': 0.916, 'grad_norm': 2.7821710109710693, 'learning_rate': 8.84946236914791e-06, 'epoch': 0.24}
{'loss': 0.891, 'grad_norm': 2.8263442516326904, 'learning_rate': 8.848134827418714e-06, 'epoch': 0.24}
{'loss': 0.9292, 'grad_norm': 2.7429025173187256, 'learning_rate': 8.84680661993971e-06, 'epoch': 0.24}
{'loss': 0.9802, 'grad_norm': 2.753124475479126, 'learning_rate': 8.845477746940686e-06, 'epoch': 0.24}
{'loss': 1.0501, 'grad_norm': 2.5821692943573, 'learning_rate': 8.844148208651542e-06, 'epoch': 0.24}
{'loss': 0.8051, 'grad_norm': 2.5758464336395264, 'learning_rate': 8.842818005302301e-06, 'epoch': 0.24}
{'loss': 0.8585, 'grad_norm': 2.3364150524139404, 'learning_rate': 8.841487137123092e-06, 'epoch': 0.24}
{'loss': 1.0372, 'grad_norm': 2.7467257976531982, 'learning_rate': 8.840155604344165e-06, 'epoch': 0.24}
{'loss': 0.8487, 'grad_norm': 2.6870555877685547, 'learning_rate': 8.838823407195882e-06, 'epoch': 0.24}
{'loss': 0.9532, 'grad_norm': 2.685347557067871, 'learning_rate': 8.837490545908722e-06, 'epoch': 0.24}
{'loss': 0.939, 'grad_norm': 2.634197235107422, 'learning_rate': 8.836157020713277e-06, 'epoch': 0.25}
{'loss': 1.0423, 'grad_norm': 2.9454283714294434, 'learning_rate': 8.834822831840253e-06, 'epoch': 0.25}
{'loss': 0.8466, 'grad_norm': 2.374276876449585, 'learning_rate': 8.833487979520475e-06, 'epoch': 0.25}
{'loss': 1.0013, 'grad_norm': 2.5181045532226562, 'learning_rate': 8.83215246398488e-06, 'epoch': 0.25}
{'loss': 1.0916, 'grad_norm': 2.875627279281616, 'learning_rate': 8.83081628546452e-06, 'epoch': 0.25}
{'loss': 1.2122, 'grad_norm': 3.0589678287506104, 'learning_rate': 8.82947944419056e-06, 'epoch': 0.25}
{'loss': 0.8624, 'grad_norm': 2.503682851791382, 'learning_rate': 8.828141940394282e-06, 'epoch': 0.25}
{'loss': 1.1708, 'grad_norm': 3.107257604598999, 'learning_rate': 8.826803774307083e-06, 'epoch': 0.25}
{'loss': 0.8372, 'grad_norm': 2.5082056522369385, 'learning_rate': 8.825464946160473e-06, 'epoch': 0.25}
{'loss': 0.8654, 'grad_norm': 2.581972599029541, 'learning_rate': 8.824125456186076e-06, 'epoch': 0.25}
{'loss': 0.8517, 'grad_norm': 2.739942789077759, 'learning_rate': 8.822785304615635e-06, 'epoch': 0.25}
{'loss': 0.9374, 'grad_norm': 2.634657621383667, 'learning_rate': 8.821444491681e-06, 'epoch': 0.25}
{'loss': 0.9018, 'grad_norm': 2.6126739978790283, 'learning_rate': 8.820103017614142e-06, 'epoch': 0.25}
{'loss': 0.897, 'grad_norm': 2.644463300704956, 'learning_rate': 8.818760882647142e-06, 'epoch': 0.25}
{'loss': 1.0053, 'grad_norm': 2.7567193508148193, 'learning_rate': 8.817418087012199e-06, 'epoch': 0.25}
{'loss': 1.0067, 'grad_norm': 2.7760424613952637, 'learning_rate': 8.816074630941623e-06, 'epoch': 0.25}
{'loss': 1.1293, 'grad_norm': 2.9455606937408447, 'learning_rate': 8.814730514667841e-06, 'epoch': 0.25}
{'loss': 0.8505, 'grad_norm': 2.5551559925079346, 'learning_rate': 8.813385738423393e-06, 'epoch': 0.25}
{'loss': 0.8028, 'grad_norm': 2.6176233291625977, 'learning_rate': 8.812040302440931e-06, 'epoch': 0.25}
{'loss': 0.9175, 'grad_norm': 2.73646879196167, 'learning_rate': 8.810694206953226e-06, 'epoch': 0.25}
{'loss': 0.7705, 'grad_norm': 2.368535041809082, 'learning_rate': 8.809347452193158e-06, 'epoch': 0.25}
{'loss': 0.7296, 'grad_norm': 3.0728278160095215, 'learning_rate': 8.808000038393726e-06, 'epoch': 0.25}
{'loss': 0.8965, 'grad_norm': 2.7428979873657227, 'learning_rate': 8.806651965788038e-06, 'epoch': 0.25}
{'loss': 0.8742, 'grad_norm': 2.585693597793579, 'learning_rate': 8.80530323460932e-06, 'epoch': 0.25}
{'loss': 0.7483, 'grad_norm': 2.5822930335998535, 'learning_rate': 8.80395384509091e-06, 'epoch': 0.25}
{'loss': 0.8853, 'grad_norm': 3.0585429668426514, 'learning_rate': 8.80260379746626e-06, 'epoch': 0.25}
{'loss': 0.8743, 'grad_norm': 2.65412974357605, 'learning_rate': 8.801253091968938e-06, 'epoch': 0.25}
{'loss': 0.8215, 'grad_norm': 2.459404706954956, 'learning_rate': 8.799901728832621e-06, 'epoch': 0.25}
{'loss': 1.0023, 'grad_norm': 2.649650812149048, 'learning_rate': 8.798549708291103e-06, 'epoch': 0.25}
{'loss': 0.9222, 'grad_norm': 2.8200833797454834, 'learning_rate': 8.797197030578292e-06, 'epoch': 0.25}
{'loss': 0.8892, 'grad_norm': 2.758847236633301, 'learning_rate': 8.795843695928213e-06, 'epoch': 0.25}
{'loss': 0.8056, 'grad_norm': 2.5512802600860596, 'learning_rate': 8.794489704574994e-06, 'epoch': 0.25}
{'loss': 0.916, 'grad_norm': 2.676732063293457, 'learning_rate': 8.793135056752888e-06, 'epoch': 0.25}
{'loss': 0.8493, 'grad_norm': 2.535287618637085, 'learning_rate': 8.791779752696257e-06, 'epoch': 0.25}
{'loss': 1.1491, 'grad_norm': 2.7218973636627197, 'learning_rate': 8.790423792639572e-06, 'epoch': 0.25}
{'loss': 0.8479, 'grad_norm': 2.658813953399658, 'learning_rate': 8.78906717681743e-06, 'epoch': 0.25}
{'loss': 0.9873, 'grad_norm': 2.5867056846618652, 'learning_rate': 8.787709905464526e-06, 'epoch': 0.25}
{'loss': 0.9655, 'grad_norm': 2.7457897663116455, 'learning_rate': 8.786351978815677e-06, 'epoch': 0.25}
{'loss': 1.0595, 'grad_norm': 2.61843204498291, 'learning_rate': 8.784993397105816e-06, 'epoch': 0.25}
{'loss': 0.7708, 'grad_norm': 2.5745558738708496, 'learning_rate': 8.783634160569984e-06, 'epoch': 0.25}
{'loss': 1.0173, 'grad_norm': 3.1075942516326904, 'learning_rate': 8.782274269443337e-06, 'epoch': 0.25}
{'loss': 1.1109, 'grad_norm': 2.7493927478790283, 'learning_rate': 8.78091372396114e-06, 'epoch': 0.25}
{'loss': 1.0001, 'grad_norm': 2.887801170349121, 'learning_rate': 8.77955252435878e-06, 'epoch': 0.25}
{'loss': 0.944, 'grad_norm': 3.001673460006714, 'learning_rate': 8.778190670871754e-06, 'epoch': 0.25}
{'loss': 0.8983, 'grad_norm': 2.632195472717285, 'learning_rate': 8.776828163735665e-06, 'epoch': 0.25}
{'loss': 0.8046, 'grad_norm': 2.6472809314727783, 'learning_rate': 8.775465003186238e-06, 'epoch': 0.25}
{'loss': 0.9013, 'grad_norm': 2.676649808883667, 'learning_rate': 8.774101189459309e-06, 'epoch': 0.25}
{'loss': 0.9115, 'grad_norm': 2.373948812484741, 'learning_rate': 8.772736722790822e-06, 'epoch': 0.25}
{'loss': 0.7825, 'grad_norm': 2.3762128353118896, 'learning_rate': 8.771371603416842e-06, 'epoch': 0.25}
{'loss': 0.8254, 'grad_norm': 2.6515018939971924, 'learning_rate': 8.770005831573538e-06, 'epoch': 0.25}
{'loss': 1.0307, 'grad_norm': 2.970885992050171, 'learning_rate': 8.7686394074972e-06, 'epoch': 0.25}
{'loss': 1.1537, 'grad_norm': 2.8846170902252197, 'learning_rate': 8.767272331424226e-06, 'epoch': 0.25}
{'loss': 0.8362, 'grad_norm': 2.6557905673980713, 'learning_rate': 8.765904603591129e-06, 'epoch': 0.25}
{'loss': 0.84, 'grad_norm': 2.6281652450561523, 'learning_rate': 8.764536224234531e-06, 'epoch': 0.25}
{'loss': 0.8432, 'grad_norm': 2.3818321228027344, 'learning_rate': 8.763167193591175e-06, 'epoch': 0.25}
{'loss': 1.0331, 'grad_norm': 2.9184083938598633, 'learning_rate': 8.761797511897907e-06, 'epoch': 0.25}
{'loss': 1.0373, 'grad_norm': 2.821927785873413, 'learning_rate': 8.76042717939169e-06, 'epoch': 0.25}
{'loss': 0.983, 'grad_norm': 2.564222812652588, 'learning_rate': 8.759056196309603e-06, 'epoch': 0.25}
{'loss': 1.0072, 'grad_norm': 2.677919387817383, 'learning_rate': 8.75768456288883e-06, 'epoch': 0.25}
{'loss': 0.9258, 'grad_norm': 2.7659659385681152, 'learning_rate': 8.756312279366674e-06, 'epoch': 0.25}
{'loss': 0.9902, 'grad_norm': 2.7399606704711914, 'learning_rate': 8.754939345980548e-06, 'epoch': 0.25}
{'loss': 0.9288, 'grad_norm': 2.6591765880584717, 'learning_rate': 8.753565762967974e-06, 'epoch': 0.25}
{'loss': 0.8746, 'grad_norm': 2.8120603561401367, 'learning_rate': 8.752191530566596e-06, 'epoch': 0.25}
{'loss': 1.0544, 'grad_norm': 2.897353410720825, 'learning_rate': 8.75081664901416e-06, 'epoch': 0.25}
{'loss': 0.9511, 'grad_norm': 2.8001387119293213, 'learning_rate': 8.749441118548529e-06, 'epoch': 0.25}
{'loss': 0.8353, 'grad_norm': 2.4076032638549805, 'learning_rate': 8.748064939407679e-06, 'epoch': 0.25}
{'loss': 0.838, 'grad_norm': 2.753471851348877, 'learning_rate': 8.746688111829697e-06, 'epoch': 0.25}
{'loss': 0.8049, 'grad_norm': 2.3499338626861572, 'learning_rate': 8.745310636052781e-06, 'epoch': 0.25}
{'loss': 0.7786, 'grad_norm': 2.5808260440826416, 'learning_rate': 8.743932512315242e-06, 'epoch': 0.25}
{'loss': 0.7289, 'grad_norm': 2.260449171066284, 'learning_rate': 8.742553740855507e-06, 'epoch': 0.25}
{'loss': 0.8208, 'grad_norm': 2.6243896484375, 'learning_rate': 8.741174321912108e-06, 'epoch': 0.25}
{'loss': 0.9086, 'grad_norm': 2.8362488746643066, 'learning_rate': 8.739794255723691e-06, 'epoch': 0.25}
{'loss': 0.822, 'grad_norm': 2.345848321914673, 'learning_rate': 8.73841354252902e-06, 'epoch': 0.25}
{'loss': 0.8374, 'grad_norm': 2.5947611331939697, 'learning_rate': 8.737032182566964e-06, 'epoch': 0.25}
{'loss': 0.7662, 'grad_norm': 2.5373587608337402, 'learning_rate': 8.735650176076508e-06, 'epoch': 0.25}
{'loss': 0.8747, 'grad_norm': 2.9311373233795166, 'learning_rate': 8.734267523296745e-06, 'epoch': 0.25}
{'loss': 0.6677, 'grad_norm': 2.0645570755004883, 'learning_rate': 8.732884224466884e-06, 'epoch': 0.25}
{'loss': 0.9966, 'grad_norm': 3.4657130241394043, 'learning_rate': 8.731500279826241e-06, 'epoch': 0.25}
{'loss': 1.0258, 'grad_norm': 2.97304368019104, 'learning_rate': 8.73011568961425e-06, 'epoch': 0.26}
{'loss': 0.925, 'grad_norm': 2.9870874881744385, 'learning_rate': 8.72873045407045e-06, 'epoch': 0.26}
{'loss': 1.0085, 'grad_norm': 2.946558952331543, 'learning_rate': 8.727344573434497e-06, 'epoch': 0.26}
{'loss': 1.0747, 'grad_norm': 2.9120359420776367, 'learning_rate': 8.725958047946155e-06, 'epoch': 0.26}
{'loss': 0.9201, 'grad_norm': 2.3928141593933105, 'learning_rate': 8.724570877845305e-06, 'epoch': 0.26}
{'loss': 0.9734, 'grad_norm': 2.8984978199005127, 'learning_rate': 8.723183063371929e-06, 'epoch': 0.26}
{'loss': 1.0046, 'grad_norm': 2.4094202518463135, 'learning_rate': 8.721794604766132e-06, 'epoch': 0.26}
{'loss': 0.9687, 'grad_norm': 2.8285748958587646, 'learning_rate': 8.720405502268123e-06, 'epoch': 0.26}
{'loss': 1.0779, 'grad_norm': 2.5008699893951416, 'learning_rate': 8.719015756118226e-06, 'epoch': 0.26}
{'loss': 0.987, 'grad_norm': 2.788233518600464, 'learning_rate': 8.717625366556873e-06, 'epoch': 0.26}
{'loss': 1.1723, 'grad_norm': 3.426417827606201, 'learning_rate': 8.716234333824613e-06, 'epoch': 0.26}
{'loss': 0.9727, 'grad_norm': 2.696469783782959, 'learning_rate': 8.714842658162101e-06, 'epoch': 0.26}
{'loss': 1.1693, 'grad_norm': 2.6078124046325684, 'learning_rate': 8.713450339810105e-06, 'epoch': 0.26}
{'loss': 1.0223, 'grad_norm': 2.8057878017425537, 'learning_rate': 8.712057379009505e-06, 'epoch': 0.26}
{'loss': 0.7859, 'grad_norm': 2.3740389347076416, 'learning_rate': 8.710663776001291e-06, 'epoch': 0.26}
{'loss': 0.8142, 'grad_norm': 2.9461605548858643, 'learning_rate': 8.709269531026562e-06, 'epoch': 0.26}
{'loss': 0.9134, 'grad_norm': 2.532731294631958, 'learning_rate': 8.707874644326535e-06, 'epoch': 0.26}
{'loss': 1.0062, 'grad_norm': 2.7433741092681885, 'learning_rate': 8.706479116142532e-06, 'epoch': 0.26}
{'loss': 0.9977, 'grad_norm': 2.77250075340271, 'learning_rate': 8.705082946715986e-06, 'epoch': 0.26}
{'loss': 0.9197, 'grad_norm': 3.2255265712738037, 'learning_rate': 8.703686136288443e-06, 'epoch': 0.26}
{'loss': 0.8567, 'grad_norm': 2.5355634689331055, 'learning_rate': 8.70228868510156e-06, 'epoch': 0.26}
{'loss': 1.1141, 'grad_norm': 2.8517560958862305, 'learning_rate': 8.700890593397101e-06, 'epoch': 0.26}
{'loss': 0.8636, 'grad_norm': 2.5264763832092285, 'learning_rate': 8.699491861416948e-06, 'epoch': 0.26}
{'loss': 1.2098, 'grad_norm': 3.173720121383667, 'learning_rate': 8.698092489403091e-06, 'epoch': 0.26}
{'loss': 0.9934, 'grad_norm': 2.6998977661132812, 'learning_rate': 8.696692477597626e-06, 'epoch': 0.26}
{'loss': 0.7856, 'grad_norm': 2.4463157653808594, 'learning_rate': 8.695291826242764e-06, 'epoch': 0.26}
{'loss': 0.871, 'grad_norm': 2.6945042610168457, 'learning_rate': 8.693890535580827e-06, 'epoch': 0.26}
{'loss': 0.9395, 'grad_norm': 2.609013319015503, 'learning_rate': 8.692488605854245e-06, 'epoch': 0.26}
{'loss': 0.9465, 'grad_norm': 2.940817356109619, 'learning_rate': 8.691086037305563e-06, 'epoch': 0.26}
{'loss': 0.9511, 'grad_norm': 2.650251626968384, 'learning_rate': 8.689682830177429e-06, 'epoch': 0.26}
{'loss': 0.8396, 'grad_norm': 2.5922813415527344, 'learning_rate': 8.688278984712609e-06, 'epoch': 0.26}
{'loss': 0.8289, 'grad_norm': 2.6244871616363525, 'learning_rate': 8.686874501153977e-06, 'epoch': 0.26}
{'loss': 0.9038, 'grad_norm': 2.3941547870635986, 'learning_rate': 8.685469379744513e-06, 'epoch': 0.26}
{'loss': 0.9551, 'grad_norm': 2.7671139240264893, 'learning_rate': 8.684063620727317e-06, 'epoch': 0.26}
{'loss': 0.8473, 'grad_norm': 2.483203172683716, 'learning_rate': 8.68265722434559e-06, 'epoch': 0.26}
{'loss': 0.9128, 'grad_norm': 3.0264549255371094, 'learning_rate': 8.681250190842645e-06, 'epoch': 0.26}
{'loss': 1.1282, 'grad_norm': 2.513672113418579, 'learning_rate': 8.679842520461911e-06, 'epoch': 0.26}
{'loss': 0.7597, 'grad_norm': 2.342090368270874, 'learning_rate': 8.678434213446922e-06, 'epoch': 0.26}
{'loss': 0.8404, 'grad_norm': 2.4443016052246094, 'learning_rate': 8.677025270041322e-06, 'epoch': 0.26}
{'loss': 0.8534, 'grad_norm': 2.4572911262512207, 'learning_rate': 8.675615690488866e-06, 'epoch': 0.26}
{'loss': 0.8301, 'grad_norm': 2.8241536617279053, 'learning_rate': 8.674205475033422e-06, 'epoch': 0.26}
{'loss': 1.0605, 'grad_norm': 2.64426589012146, 'learning_rate': 8.672794623918965e-06, 'epoch': 0.26}
{'loss': 1.127, 'grad_norm': 3.160717725753784, 'learning_rate': 8.671383137389579e-06, 'epoch': 0.26}
{'loss': 0.8656, 'grad_norm': 2.5650453567504883, 'learning_rate': 8.669971015689462e-06, 'epoch': 0.26}
{'loss': 0.9223, 'grad_norm': 2.5107133388519287, 'learning_rate': 8.668558259062915e-06, 'epoch': 0.26}
{'loss': 0.7551, 'grad_norm': 2.5553903579711914, 'learning_rate': 8.667144867754355e-06, 'epoch': 0.26}
{'loss': 0.7846, 'grad_norm': 2.6734073162078857, 'learning_rate': 8.66573084200831e-06, 'epoch': 0.26}
{'loss': 0.9027, 'grad_norm': 2.7190661430358887, 'learning_rate': 8.664316182069412e-06, 'epoch': 0.26}
{'loss': 0.8658, 'grad_norm': 2.50211238861084, 'learning_rate': 8.662900888182404e-06, 'epoch': 0.26}
{'loss': 0.8585, 'grad_norm': 2.689579963684082, 'learning_rate': 8.661484960592143e-06, 'epoch': 0.26}
{'loss': 1.2191, 'grad_norm': 2.985607385635376, 'learning_rate': 8.660068399543592e-06, 'epoch': 0.26}
{'loss': 0.8462, 'grad_norm': 2.6547038555145264, 'learning_rate': 8.658651205281823e-06, 'epoch': 0.26}
{'loss': 1.0187, 'grad_norm': 2.957519769668579, 'learning_rate': 8.65723337805202e-06, 'epoch': 0.26}
{'loss': 0.8403, 'grad_norm': 2.423264741897583, 'learning_rate': 8.655814918099477e-06, 'epoch': 0.26}
{'loss': 0.6355, 'grad_norm': 2.264573574066162, 'learning_rate': 8.654395825669591e-06, 'epoch': 0.26}
{'loss': 0.7775, 'grad_norm': 2.4697604179382324, 'learning_rate': 8.652976101007879e-06, 'epoch': 0.26}
{'loss': 1.1362, 'grad_norm': 2.846784830093384, 'learning_rate': 8.651555744359958e-06, 'epoch': 0.26}
{'loss': 0.7506, 'grad_norm': 2.512808084487915, 'learning_rate': 8.650134755971557e-06, 'epoch': 0.26}
{'loss': 0.877, 'grad_norm': 2.6687192916870117, 'learning_rate': 8.648713136088521e-06, 'epoch': 0.26}
{'loss': 0.8323, 'grad_norm': 2.566359043121338, 'learning_rate': 8.647290884956791e-06, 'epoch': 0.26}
{'loss': 0.9452, 'grad_norm': 2.852487325668335, 'learning_rate': 8.645868002822431e-06, 'epoch': 0.26}
{'loss': 1.062, 'grad_norm': 3.0482559204101562, 'learning_rate': 8.644444489931605e-06, 'epoch': 0.26}
{'loss': 1.0748, 'grad_norm': 3.040745496749878, 'learning_rate': 8.64302034653059e-06, 'epoch': 0.26}
{'loss': 0.9491, 'grad_norm': 2.748377799987793, 'learning_rate': 8.64159557286577e-06, 'epoch': 0.26}
{'loss': 1.018, 'grad_norm': 2.6457326412200928, 'learning_rate': 8.640170169183642e-06, 'epoch': 0.26}
{'loss': 0.7479, 'grad_norm': 2.42816162109375, 'learning_rate': 8.638744135730805e-06, 'epoch': 0.26}
{'loss': 0.9423, 'grad_norm': 2.44575834274292, 'learning_rate': 8.637317472753975e-06, 'epoch': 0.26}
{'loss': 0.8141, 'grad_norm': 2.486961603164673, 'learning_rate': 8.635890180499969e-06, 'epoch': 0.26}
{'loss': 0.9358, 'grad_norm': 2.6330411434173584, 'learning_rate': 8.634462259215719e-06, 'epoch': 0.26}
{'loss': 0.9059, 'grad_norm': 2.5469493865966797, 'learning_rate': 8.633033709148266e-06, 'epoch': 0.26}
{'loss': 0.8349, 'grad_norm': 2.684152841567993, 'learning_rate': 8.631604530544753e-06, 'epoch': 0.26}
{'loss': 1.0286, 'grad_norm': 2.647869348526001, 'learning_rate': 8.63017472365244e-06, 'epoch': 0.26}
{'loss': 1.0211, 'grad_norm': 2.797593355178833, 'learning_rate': 8.62874428871869e-06, 'epoch': 0.26}
{'loss': 1.1115, 'grad_norm': 2.8987677097320557, 'learning_rate': 8.627313225990976e-06, 'epoch': 0.26}
{'loss': 0.9443, 'grad_norm': 2.751513957977295, 'learning_rate': 8.625881535716883e-06, 'epoch': 0.26}
{'loss': 0.7701, 'grad_norm': 2.6475677490234375, 'learning_rate': 8.6244492181441e-06, 'epoch': 0.26}
{'loss': 1.1661, 'grad_norm': 2.6999754905700684, 'learning_rate': 8.623016273520426e-06, 'epoch': 0.26}
{'loss': 0.9064, 'grad_norm': 2.5999066829681396, 'learning_rate': 8.62158270209377e-06, 'epoch': 0.26}
{'loss': 0.7911, 'grad_norm': 2.4550280570983887, 'learning_rate': 8.620148504112145e-06, 'epoch': 0.27}
{'loss': 0.8443, 'grad_norm': 2.452369213104248, 'learning_rate': 8.61871367982368e-06, 'epoch': 0.27}
{'loss': 0.8536, 'grad_norm': 2.5940122604370117, 'learning_rate': 8.617278229476607e-06, 'epoch': 0.27}
{'loss': 0.8827, 'grad_norm': 2.5583934783935547, 'learning_rate': 8.615842153319265e-06, 'epoch': 0.27}
{'loss': 0.8885, 'grad_norm': 2.9360010623931885, 'learning_rate': 8.614405451600106e-06, 'epoch': 0.27}
{'loss': 0.9573, 'grad_norm': 2.6623120307922363, 'learning_rate': 8.612968124567684e-06, 'epoch': 0.27}
{'loss': 0.7307, 'grad_norm': 2.2683751583099365, 'learning_rate': 8.61153017247067e-06, 'epoch': 0.27}
{'loss': 1.1479, 'grad_norm': 2.937122106552124, 'learning_rate': 8.610091595557835e-06, 'epoch': 0.27}
{'loss': 0.9173, 'grad_norm': 2.9241418838500977, 'learning_rate': 8.608652394078062e-06, 'epoch': 0.27}
{'loss': 0.7964, 'grad_norm': 2.6870577335357666, 'learning_rate': 8.607212568280341e-06, 'epoch': 0.27}
{'loss': 0.9275, 'grad_norm': 2.6489899158477783, 'learning_rate': 8.605772118413773e-06, 'epoch': 0.27}
{'loss': 0.9122, 'grad_norm': 2.7420451641082764, 'learning_rate': 8.60433104472756e-06, 'epoch': 0.27}
{'loss': 0.8584, 'grad_norm': 2.7719216346740723, 'learning_rate': 8.602889347471018e-06, 'epoch': 0.27}
{'loss': 1.0223, 'grad_norm': 2.6029303073883057, 'learning_rate': 8.601447026893568e-06, 'epoch': 0.27}
{'loss': 0.8212, 'grad_norm': 2.240023374557495, 'learning_rate': 8.600004083244741e-06, 'epoch': 0.27}
{'loss': 0.8776, 'grad_norm': 2.7634329795837402, 'learning_rate': 8.598560516774174e-06, 'epoch': 0.27}
{'loss': 1.0787, 'grad_norm': 2.5813045501708984, 'learning_rate': 8.597116327731616e-06, 'epoch': 0.27}
{'loss': 1.0008, 'grad_norm': 2.784578800201416, 'learning_rate': 8.595671516366914e-06, 'epoch': 0.27}
{'loss': 0.7904, 'grad_norm': 2.495211362838745, 'learning_rate': 8.594226082930036e-06, 'epoch': 0.27}
{'loss': 1.0064, 'grad_norm': 3.0960533618927, 'learning_rate': 8.592780027671042e-06, 'epoch': 0.27}
{'loss': 1.0541, 'grad_norm': 3.094135046005249, 'learning_rate': 8.591333350840114e-06, 'epoch': 0.27}
{'loss': 0.931, 'grad_norm': 2.5708727836608887, 'learning_rate': 8.589886052687535e-06, 'epoch': 0.27}
{'loss': 0.8504, 'grad_norm': 2.4753637313842773, 'learning_rate': 8.588438133463695e-06, 'epoch': 0.27}
{'loss': 1.0106, 'grad_norm': 2.6147687435150146, 'learning_rate': 8.58698959341909e-06, 'epoch': 0.27}
{'loss': 0.9026, 'grad_norm': 2.889817714691162, 'learning_rate': 8.585540432804331e-06, 'epoch': 0.27}
{'loss': 1.0297, 'grad_norm': 2.7585198879241943, 'learning_rate': 8.584090651870128e-06, 'epoch': 0.27}
{'loss': 0.9339, 'grad_norm': 2.580719470977783, 'learning_rate': 8.5826402508673e-06, 'epoch': 0.27}
{'loss': 0.8683, 'grad_norm': 2.671820640563965, 'learning_rate': 8.581189230046781e-06, 'epoch': 0.27}
{'loss': 0.9514, 'grad_norm': 2.6488730907440186, 'learning_rate': 8.579737589659597e-06, 'epoch': 0.27}
{'loss': 0.8329, 'grad_norm': 2.8579087257385254, 'learning_rate': 8.5782853299569e-06, 'epoch': 0.27}
{'loss': 0.8213, 'grad_norm': 2.511852264404297, 'learning_rate': 8.576832451189934e-06, 'epoch': 0.27}
{'loss': 0.77, 'grad_norm': 2.443244218826294, 'learning_rate': 8.575378953610054e-06, 'epoch': 0.27}
{'loss': 0.8648, 'grad_norm': 2.6242828369140625, 'learning_rate': 8.573924837468727e-06, 'epoch': 0.27}
{'loss': 1.128, 'grad_norm': 3.149672269821167, 'learning_rate': 8.572470103017524e-06, 'epoch': 0.27}
{'loss': 0.9457, 'grad_norm': 2.536776542663574, 'learning_rate': 8.57101475050812e-06, 'epoch': 0.27}
{'loss': 0.8399, 'grad_norm': 2.9200260639190674, 'learning_rate': 8.5695587801923e-06, 'epoch': 0.27}
{'loss': 0.8118, 'grad_norm': 2.4710373878479004, 'learning_rate': 8.568102192321955e-06, 'epoch': 0.27}
{'loss': 0.8523, 'grad_norm': 2.7485227584838867, 'learning_rate': 8.566644987149086e-06, 'epoch': 0.27}
{'loss': 0.8778, 'grad_norm': 2.7237749099731445, 'learning_rate': 8.565187164925794e-06, 'epoch': 0.27}
{'loss': 0.9204, 'grad_norm': 2.6050913333892822, 'learning_rate': 8.563728725904294e-06, 'epoch': 0.27}
{'loss': 1.2953, 'grad_norm': 3.0592055320739746, 'learning_rate': 8.562269670336905e-06, 'epoch': 0.27}
{'loss': 1.0439, 'grad_norm': 2.8541200160980225, 'learning_rate': 8.560809998476049e-06, 'epoch': 0.27}
{'loss': 0.8006, 'grad_norm': 2.6815738677978516, 'learning_rate': 8.55934971057426e-06, 'epoch': 0.27}
{'loss': 1.0429, 'grad_norm': 2.7891316413879395, 'learning_rate': 8.557888806884174e-06, 'epoch': 0.27}
{'loss': 0.884, 'grad_norm': 2.779837131500244, 'learning_rate': 8.556427287658537e-06, 'epoch': 0.27}
{'loss': 1.0615, 'grad_norm': 2.8538739681243896, 'learning_rate': 8.554965153150204e-06, 'epoch': 0.27}
{'loss': 0.9149, 'grad_norm': 2.6470022201538086, 'learning_rate': 8.553502403612127e-06, 'epoch': 0.27}
{'loss': 0.9733, 'grad_norm': 2.5292482376098633, 'learning_rate': 8.552039039297372e-06, 'epoch': 0.27}
{'loss': 0.8424, 'grad_norm': 2.4024972915649414, 'learning_rate': 8.550575060459112e-06, 'epoch': 0.27}
{'loss': 0.7834, 'grad_norm': 2.3259406089782715, 'learning_rate': 8.549110467350623e-06, 'epoch': 0.27}
{'loss': 0.8357, 'grad_norm': 2.404411554336548, 'learning_rate': 8.547645260225287e-06, 'epoch': 0.27}
{'loss': 1.0368, 'grad_norm': 2.771543264389038, 'learning_rate': 8.546179439336593e-06, 'epoch': 0.27}
{'loss': 0.9322, 'grad_norm': 2.4480276107788086, 'learning_rate': 8.54471300493814e-06, 'epoch': 0.27}
{'loss': 1.0184, 'grad_norm': 2.658331871032715, 'learning_rate': 8.543245957283624e-06, 'epoch': 0.27}
{'loss': 0.959, 'grad_norm': 2.8192250728607178, 'learning_rate': 8.541778296626857e-06, 'epoch': 0.27}
{'loss': 0.9278, 'grad_norm': 2.5283010005950928, 'learning_rate': 8.540310023221751e-06, 'epoch': 0.27}
{'loss': 0.8603, 'grad_norm': 2.615264654159546, 'learning_rate': 8.538841137322327e-06, 'epoch': 0.27}
{'loss': 0.8769, 'grad_norm': 2.733546495437622, 'learning_rate': 8.537371639182712e-06, 'epoch': 0.27}
{'loss': 0.9222, 'grad_norm': 2.5277788639068604, 'learning_rate': 8.535901529057136e-06, 'epoch': 0.27}
{'loss': 1.0326, 'grad_norm': 2.599597692489624, 'learning_rate': 8.534430807199937e-06, 'epoch': 0.27}
{'loss': 0.8456, 'grad_norm': 2.7111337184906006, 'learning_rate': 8.53295947386556e-06, 'epoch': 0.27}
{'loss': 0.8762, 'grad_norm': 2.787168502807617, 'learning_rate': 8.531487529308548e-06, 'epoch': 0.27}
{'loss': 1.0358, 'grad_norm': 2.866413116455078, 'learning_rate': 8.530014973783565e-06, 'epoch': 0.27}
{'loss': 0.6858, 'grad_norm': 1.9285916090011597, 'learning_rate': 8.528541807545366e-06, 'epoch': 0.27}
{'loss': 0.918, 'grad_norm': 2.5397236347198486, 'learning_rate': 8.527068030848817e-06, 'epoch': 0.27}
{'loss': 0.7571, 'grad_norm': 2.4149138927459717, 'learning_rate': 8.525593643948895e-06, 'epoch': 0.27}
{'loss': 0.7873, 'grad_norm': 2.5391652584075928, 'learning_rate': 8.524118647100672e-06, 'epoch': 0.27}
{'loss': 0.7297, 'grad_norm': 2.396698474884033, 'learning_rate': 8.522643040559334e-06, 'epoch': 0.27}
{'loss': 0.8184, 'grad_norm': 2.8516626358032227, 'learning_rate': 8.521166824580168e-06, 'epoch': 0.27}
{'loss': 1.0195, 'grad_norm': 2.7456390857696533, 'learning_rate': 8.519689999418571e-06, 'epoch': 0.27}
{'loss': 0.7493, 'grad_norm': 8.905451774597168, 'learning_rate': 8.51821256533004e-06, 'epoch': 0.27}
{'loss': 1.1468, 'grad_norm': 3.346536874771118, 'learning_rate': 8.516734522570177e-06, 'epoch': 0.27}
{'loss': 1.0059, 'grad_norm': 3.175865411758423, 'learning_rate': 8.515255871394699e-06, 'epoch': 0.27}
{'loss': 0.9415, 'grad_norm': 2.858541965484619, 'learning_rate': 8.513776612059415e-06, 'epoch': 0.27}
{'loss': 0.8901, 'grad_norm': 2.8268840312957764, 'learning_rate': 8.51229674482025e-06, 'epoch': 0.27}
{'loss': 0.9061, 'grad_norm': 2.466156005859375, 'learning_rate': 8.510816269933226e-06, 'epoch': 0.27}
{'loss': 0.8202, 'grad_norm': 2.553830862045288, 'learning_rate': 8.509335187654475e-06, 'epoch': 0.27}
{'loss': 1.0232, 'grad_norm': 2.7025434970855713, 'learning_rate': 8.507853498240235e-06, 'epoch': 0.27}
{'loss': 0.9533, 'grad_norm': 2.8197426795959473, 'learning_rate': 8.506371201946842e-06, 'epoch': 0.28}
{'loss': 0.8926, 'grad_norm': 2.7199583053588867, 'learning_rate': 8.504888299030748e-06, 'epoch': 0.28}
{'loss': 0.9015, 'grad_norm': 2.4436192512512207, 'learning_rate': 8.5034047897485e-06, 'epoch': 0.28}
{'loss': 0.9246, 'grad_norm': 2.5557847023010254, 'learning_rate': 8.501920674356755e-06, 'epoch': 0.28}
{'loss': 0.8335, 'grad_norm': 2.655261516571045, 'learning_rate': 8.500435953112272e-06, 'epoch': 0.28}
{'loss': 0.9064, 'grad_norm': 2.6273539066314697, 'learning_rate': 8.49895062627192e-06, 'epoch': 0.28}
{'loss': 0.8891, 'grad_norm': 2.3430261611938477, 'learning_rate': 8.497464694092666e-06, 'epoch': 0.28}
{'loss': 1.0478, 'grad_norm': 2.5021791458129883, 'learning_rate': 8.495978156831585e-06, 'epoch': 0.28}
{'loss': 1.0373, 'grad_norm': 3.118659257888794, 'learning_rate': 8.494491014745861e-06, 'epoch': 0.28}
{'loss': 0.8731, 'grad_norm': 2.621744155883789, 'learning_rate': 8.493003268092772e-06, 'epoch': 0.28}
{'loss': 0.8582, 'grad_norm': 2.726649284362793, 'learning_rate': 8.49151491712971e-06, 'epoch': 0.28}
{'loss': 1.1116, 'grad_norm': 2.985377550125122, 'learning_rate': 8.490025962114167e-06, 'epoch': 0.28}
{'loss': 0.8945, 'grad_norm': 2.4755141735076904, 'learning_rate': 8.488536403303744e-06, 'epoch': 0.28}
{'loss': 0.8659, 'grad_norm': 2.7140185832977295, 'learning_rate': 8.487046240956141e-06, 'epoch': 0.28}
{'loss': 1.0075, 'grad_norm': 2.725231647491455, 'learning_rate': 8.485555475329166e-06, 'epoch': 0.28}
{'loss': 1.0584, 'grad_norm': 2.756244421005249, 'learning_rate': 8.484064106680727e-06, 'epoch': 0.28}
{'loss': 0.989, 'grad_norm': 2.852713108062744, 'learning_rate': 8.482572135268843e-06, 'epoch': 0.28}
{'loss': 0.9123, 'grad_norm': 2.6231396198272705, 'learning_rate': 8.481079561351635e-06, 'epoch': 0.28}
{'loss': 1.0141, 'grad_norm': 3.094407796859741, 'learning_rate': 8.479586385187322e-06, 'epoch': 0.28}
{'loss': 0.9815, 'grad_norm': 2.5948164463043213, 'learning_rate': 8.478092607034236e-06, 'epoch': 0.28}
{'loss': 0.7808, 'grad_norm': 2.384453773498535, 'learning_rate': 8.476598227150808e-06, 'epoch': 0.28}
{'loss': 1.1371, 'grad_norm': 2.9295778274536133, 'learning_rate': 8.475103245795576e-06, 'epoch': 0.28}
{'loss': 0.9517, 'grad_norm': 3.051368474960327, 'learning_rate': 8.473607663227178e-06, 'epoch': 0.28}
{'loss': 1.0625, 'grad_norm': 2.567249059677124, 'learning_rate': 8.472111479704358e-06, 'epoch': 0.28}
{'loss': 1.0345, 'grad_norm': 2.743063449859619, 'learning_rate': 8.470614695485968e-06, 'epoch': 0.28}
{'loss': 0.8937, 'grad_norm': 2.8119449615478516, 'learning_rate': 8.469117310830959e-06, 'epoch': 0.28}
{'loss': 1.0256, 'grad_norm': 2.6612565517425537, 'learning_rate': 8.467619325998386e-06, 'epoch': 0.28}
{'loss': 1.0396, 'grad_norm': 2.771808385848999, 'learning_rate': 8.46612074124741e-06, 'epoch': 0.28}
{'loss': 0.9573, 'grad_norm': 2.5152721405029297, 'learning_rate': 8.464621556837296e-06, 'epoch': 0.28}
{'loss': 0.9294, 'grad_norm': 2.6542577743530273, 'learning_rate': 8.463121773027409e-06, 'epoch': 0.28}
{'loss': 0.84, 'grad_norm': 2.648158311843872, 'learning_rate': 8.461621390077222e-06, 'epoch': 0.28}
{'loss': 0.8619, 'grad_norm': 2.639596939086914, 'learning_rate': 8.460120408246311e-06, 'epoch': 0.28}
{'loss': 0.7588, 'grad_norm': 2.4455668926239014, 'learning_rate': 8.458618827794354e-06, 'epoch': 0.28}
{'loss': 0.9639, 'grad_norm': 2.7489676475524902, 'learning_rate': 8.457116648981131e-06, 'epoch': 0.28}
{'loss': 0.8759, 'grad_norm': 3.099736452102661, 'learning_rate': 8.455613872066533e-06, 'epoch': 0.28}
{'loss': 0.6743, 'grad_norm': 2.3630154132843018, 'learning_rate': 8.454110497310543e-06, 'epoch': 0.28}
{'loss': 0.7797, 'grad_norm': 2.3488810062408447, 'learning_rate': 8.452606524973258e-06, 'epoch': 0.28}
{'loss': 0.9196, 'grad_norm': 2.589481830596924, 'learning_rate': 8.45110195531487e-06, 'epoch': 0.28}
{'loss': 0.929, 'grad_norm': 2.7531826496124268, 'learning_rate': 8.449596788595682e-06, 'epoch': 0.28}
{'loss': 0.997, 'grad_norm': 2.681293249130249, 'learning_rate': 8.448091025076095e-06, 'epoch': 0.28}
{'loss': 0.9792, 'grad_norm': 2.605109453201294, 'learning_rate': 8.446584665016615e-06, 'epoch': 0.28}
{'loss': 0.9384, 'grad_norm': 2.7501895427703857, 'learning_rate': 8.445077708677852e-06, 'epoch': 0.28}
{'loss': 0.7666, 'grad_norm': 2.4949066638946533, 'learning_rate': 8.443570156320518e-06, 'epoch': 0.28}
{'loss': 0.9451, 'grad_norm': 2.6555116176605225, 'learning_rate': 8.442062008205428e-06, 'epoch': 0.28}
{'loss': 0.7895, 'grad_norm': 2.479684591293335, 'learning_rate': 8.440553264593497e-06, 'epoch': 0.28}
{'loss': 0.7818, 'grad_norm': 2.5415923595428467, 'learning_rate': 8.439043925745753e-06, 'epoch': 0.28}
{'loss': 0.9513, 'grad_norm': 2.664456605911255, 'learning_rate': 8.437533991923317e-06, 'epoch': 0.28}
{'loss': 0.9464, 'grad_norm': 2.8660707473754883, 'learning_rate': 8.436023463387415e-06, 'epoch': 0.28}
{'loss': 0.981, 'grad_norm': 2.5001823902130127, 'learning_rate': 8.43451234039938e-06, 'epoch': 0.28}
{'loss': 0.9742, 'grad_norm': 3.1624796390533447, 'learning_rate': 8.433000623220644e-06, 'epoch': 0.28}
{'loss': 0.998, 'grad_norm': 3.0158700942993164, 'learning_rate': 8.431488312112743e-06, 'epoch': 0.28}
{'loss': 0.9061, 'grad_norm': 2.797466278076172, 'learning_rate': 8.429975407337315e-06, 'epoch': 0.28}
{'loss': 0.9043, 'grad_norm': 3.441662549972534, 'learning_rate': 8.428461909156103e-06, 'epoch': 0.28}
{'loss': 0.9999, 'grad_norm': 2.657155752182007, 'learning_rate': 8.426947817830949e-06, 'epoch': 0.28}
{'loss': 0.9025, 'grad_norm': 2.840670585632324, 'learning_rate': 8.425433133623799e-06, 'epoch': 0.28}
{'loss': 0.6773, 'grad_norm': 2.3055198192596436, 'learning_rate': 8.423917856796707e-06, 'epoch': 0.28}
{'loss': 0.93, 'grad_norm': 2.540796995162964, 'learning_rate': 8.42240198761182e-06, 'epoch': 0.28}
{'loss': 1.026, 'grad_norm': 2.770498752593994, 'learning_rate': 8.420885526331394e-06, 'epoch': 0.28}
{'loss': 1.1531, 'grad_norm': 2.6584413051605225, 'learning_rate': 8.419368473217784e-06, 'epoch': 0.28}
{'loss': 0.9282, 'grad_norm': 2.6263790130615234, 'learning_rate': 8.417850828533452e-06, 'epoch': 0.28}
{'loss': 0.8517, 'grad_norm': 2.605468988418579, 'learning_rate': 8.416332592540958e-06, 'epoch': 0.28}
{'loss': 0.7865, 'grad_norm': 2.445719003677368, 'learning_rate': 8.414813765502965e-06, 'epoch': 0.28}
{'loss': 0.8437, 'grad_norm': 2.5480713844299316, 'learning_rate': 8.413294347682239e-06, 'epoch': 0.28}
{'loss': 0.842, 'grad_norm': 2.4421815872192383, 'learning_rate': 8.41177433934165e-06, 'epoch': 0.28}
{'loss': 0.797, 'grad_norm': 2.764669418334961, 'learning_rate': 8.410253740744166e-06, 'epoch': 0.28}
{'loss': 0.9785, 'grad_norm': 2.6277859210968018, 'learning_rate': 8.40873255215286e-06, 'epoch': 0.28}
{'loss': 0.9255, 'grad_norm': 2.5788092613220215, 'learning_rate': 8.407210773830909e-06, 'epoch': 0.28}
{'loss': 1.0373, 'grad_norm': 2.9847137928009033, 'learning_rate': 8.405688406041586e-06, 'epoch': 0.28}
{'loss': 0.8734, 'grad_norm': 2.5058157444000244, 'learning_rate': 8.404165449048272e-06, 'epoch': 0.28}
{'loss': 0.8123, 'grad_norm': 2.5439746379852295, 'learning_rate': 8.402641903114445e-06, 'epoch': 0.28}
{'loss': 0.9879, 'grad_norm': 2.534086227416992, 'learning_rate': 8.401117768503689e-06, 'epoch': 0.28}
{'loss': 0.8544, 'grad_norm': 2.397831439971924, 'learning_rate': 8.399593045479688e-06, 'epoch': 0.28}
[00:13:53.984004] Error: Error reading OpenGVLab/stage2/OpenMMLab___Kinetics-400/raw/Kinetics-400/videos_train/0QhCQj_X61U.mp4...
[00:13:53.984058] Failed to read video file: OpenGVLab/stage2/OpenMMLab___Kinetics-400/raw/Kinetics-400/videos_train/0QhCQj_X61U.mp4
[00:13:53.984074] [Try #0] Failed to fetch sample 188228. Exception: Error reading OpenGVLab/stage2/OpenMMLab___Kinetics-400/raw/Kinetics-400/videos_train/0QhCQj_X61U.mp4...
[00:13:54.985441] Error: Error reading OpenGVLab/stage2/OpenMMLab___Kinetics-400/raw/Kinetics-400/videos_train/0QhCQj_X61U.mp4...
[00:13:54.985496] Failed to read video file: OpenGVLab/stage2/OpenMMLab___Kinetics-400/raw/Kinetics-400/videos_train/0QhCQj_X61U.mp4
[00:13:54.985515] [Try #1] Failed to fetch sample 188228. Exception: Error reading OpenGVLab/stage2/OpenMMLab___Kinetics-400/raw/Kinetics-400/videos_train/0QhCQj_X61U.mp4...
{'loss': 0.9812, 'grad_norm': 2.5786216259002686, 'learning_rate': 8.39806773430623e-06, 'epoch': 0.28}
{'loss': 0.7815, 'grad_norm': 2.596923828125, 'learning_rate': 8.3965418352472e-06, 'epoch': 0.28}
{'loss': 1.0136, 'grad_norm': 2.951033115386963, 'learning_rate': 8.395015348566587e-06, 'epoch': 0.28}
{'loss': 0.9951, 'grad_norm': 3.1067886352539062, 'learning_rate': 8.393488274528483e-06, 'epoch': 0.28}
{'loss': 0.8905, 'grad_norm': 2.5228500366210938, 'learning_rate': 8.391960613397084e-06, 'epoch': 0.28}
{'loss': 0.7911, 'grad_norm': 2.4866158962249756, 'learning_rate': 8.390432365436677e-06, 'epoch': 0.28}
{'loss': 0.9002, 'grad_norm': 2.571648359298706, 'learning_rate': 8.388903530911664e-06, 'epoch': 0.29}
{'loss': 0.9418, 'grad_norm': 2.8943638801574707, 'learning_rate': 8.387374110086542e-06, 'epoch': 0.29}
{'loss': 0.8964, 'grad_norm': 2.6910972595214844, 'learning_rate': 8.385844103225907e-06, 'epoch': 0.29}
{'loss': 1.0172, 'grad_norm': 2.7319300174713135, 'learning_rate': 8.384313510594462e-06, 'epoch': 0.29}
{'loss': 0.8132, 'grad_norm': 2.485945701599121, 'learning_rate': 8.382782332457004e-06, 'epoch': 0.29}
{'loss': 0.9632, 'grad_norm': 2.7178919315338135, 'learning_rate': 8.38125056907844e-06, 'epoch': 0.29}
{'loss': 0.9938, 'grad_norm': 2.5556156635284424, 'learning_rate': 8.379718220723772e-06, 'epoch': 0.29}
{'loss': 0.9815, 'grad_norm': 2.805640459060669, 'learning_rate': 8.378185287658108e-06, 'epoch': 0.29}
{'loss': 0.9535, 'grad_norm': 2.8284709453582764, 'learning_rate': 8.376651770146648e-06, 'epoch': 0.29}
{'loss': 0.7852, 'grad_norm': 2.611452102661133, 'learning_rate': 8.375117668454707e-06, 'epoch': 0.29}
{'loss': 0.9275, 'grad_norm': 2.6899354457855225, 'learning_rate': 8.37358298284769e-06, 'epoch': 0.29}
{'loss': 0.939, 'grad_norm': 2.566563844680786, 'learning_rate': 8.372047713591106e-06, 'epoch': 0.29}
{'loss': 0.9246, 'grad_norm': 2.6982920169830322, 'learning_rate': 8.370511860950568e-06, 'epoch': 0.29}
{'loss': 1.0454, 'grad_norm': 2.8387627601623535, 'learning_rate': 8.368975425191783e-06, 'epoch': 0.29}
{'loss': 0.9351, 'grad_norm': 2.9183080196380615, 'learning_rate': 8.367438406580568e-06, 'epoch': 0.29}
{'loss': 1.2277, 'grad_norm': 2.8686981201171875, 'learning_rate': 8.365900805382834e-06, 'epoch': 0.29}
{'loss': 0.8514, 'grad_norm': 2.7910959720611572, 'learning_rate': 8.364362621864595e-06, 'epoch': 0.29}
{'loss': 0.9471, 'grad_norm': 2.8521013259887695, 'learning_rate': 8.362823856291966e-06, 'epoch': 0.29}
{'loss': 0.7955, 'grad_norm': 2.467897891998291, 'learning_rate': 8.361284508931165e-06, 'epoch': 0.29}
{'loss': 0.849, 'grad_norm': 2.5381059646606445, 'learning_rate': 8.359744580048504e-06, 'epoch': 0.29}
{'loss': 1.0087, 'grad_norm': 2.926422357559204, 'learning_rate': 8.358204069910401e-06, 'epoch': 0.29}
{'loss': 1.0362, 'grad_norm': 2.7219486236572266, 'learning_rate': 8.356662978783373e-06, 'epoch': 0.29}
{'loss': 0.9378, 'grad_norm': 2.6537959575653076, 'learning_rate': 8.355121306934038e-06, 'epoch': 0.29}
{'loss': 0.8885, 'grad_norm': 2.6587204933166504, 'learning_rate': 8.353579054629115e-06, 'epoch': 0.29}
{'loss': 0.8274, 'grad_norm': 2.683413505554199, 'learning_rate': 8.352036222135425e-06, 'epoch': 0.29}
{'loss': 0.9199, 'grad_norm': 2.601515054702759, 'learning_rate': 8.350492809719881e-06, 'epoch': 0.29}
{'loss': 0.7667, 'grad_norm': 2.49515438079834, 'learning_rate': 8.348948817649508e-06, 'epoch': 0.29}
{'loss': 1.0226, 'grad_norm': 2.486583948135376, 'learning_rate': 8.347404246191422e-06, 'epoch': 0.29}
{'loss': 0.8166, 'grad_norm': 2.783562421798706, 'learning_rate': 8.345859095612846e-06, 'epoch': 0.29}
{'loss': 0.8043, 'grad_norm': 2.3813376426696777, 'learning_rate': 8.344313366181096e-06, 'epoch': 0.29}
{'loss': 0.8814, 'grad_norm': 2.5023319721221924, 'learning_rate': 8.342767058163595e-06, 'epoch': 0.29}
{'loss': 0.913, 'grad_norm': 2.513902425765991, 'learning_rate': 8.341220171827862e-06, 'epoch': 0.29}
{'loss': 0.8185, 'grad_norm': 2.6142590045928955, 'learning_rate': 8.33967270744152e-06, 'epoch': 0.29}
{'loss': 0.9565, 'grad_norm': 2.4769420623779297, 'learning_rate': 8.338124665272287e-06, 'epoch': 0.29}
{'loss': 1.0898, 'grad_norm': 2.9170289039611816, 'learning_rate': 8.336576045587983e-06, 'epoch': 0.29}
{'loss': 1.0293, 'grad_norm': 2.9107162952423096, 'learning_rate': 8.33502684865653e-06, 'epoch': 0.29}
{'loss': 0.9681, 'grad_norm': 2.950443983078003, 'learning_rate': 8.333477074745948e-06, 'epoch': 0.29}
{'loss': 0.9357, 'grad_norm': 2.4970390796661377, 'learning_rate': 8.331926724124355e-06, 'epoch': 0.29}
{'loss': 0.6856, 'grad_norm': 2.463458299636841, 'learning_rate': 8.330375797059973e-06, 'epoch': 0.29}
{'loss': 0.9247, 'grad_norm': 2.4897842407226562, 'learning_rate': 8.328824293821118e-06, 'epoch': 0.29}
{'loss': 0.9516, 'grad_norm': 2.67474102973938, 'learning_rate': 8.327272214676214e-06, 'epoch': 0.29}
{'loss': 0.8148, 'grad_norm': 2.4984426498413086, 'learning_rate': 8.325719559893777e-06, 'epoch': 0.29}
{'loss': 1.0304, 'grad_norm': 2.552370309829712, 'learning_rate': 8.324166329742424e-06, 'epoch': 0.29}
{'loss': 0.9314, 'grad_norm': 2.6051878929138184, 'learning_rate': 8.322612524490877e-06, 'epoch': 0.29}
{'loss': 1.0481, 'grad_norm': 2.795258045196533, 'learning_rate': 8.32105814440795e-06, 'epoch': 0.29}
{'loss': 0.8787, 'grad_norm': 2.643326997756958, 'learning_rate': 8.31950318976256e-06, 'epoch': 0.29}
{'loss': 0.7226, 'grad_norm': 2.417585849761963, 'learning_rate': 8.317947660823724e-06, 'epoch': 0.29}
{'loss': 0.86, 'grad_norm': 2.3882858753204346, 'learning_rate': 8.316391557860559e-06, 'epoch': 0.29}
{'loss': 0.8481, 'grad_norm': 2.685279369354248, 'learning_rate': 8.314834881142276e-06, 'epoch': 0.29}
{'loss': 0.891, 'grad_norm': 2.664515256881714, 'learning_rate': 8.313277630938192e-06, 'epoch': 0.29}
{'loss': 1.0187, 'grad_norm': 3.054595947265625, 'learning_rate': 8.311719807517723e-06, 'epoch': 0.29}
{'loss': 0.9569, 'grad_norm': 2.678049087524414, 'learning_rate': 8.310161411150376e-06, 'epoch': 0.29}
{'loss': 1.0608, 'grad_norm': 2.7099292278289795, 'learning_rate': 8.308602442105766e-06, 'epoch': 0.29}
{'loss': 1.0097, 'grad_norm': 2.8352129459381104, 'learning_rate': 8.307042900653602e-06, 'epoch': 0.29}
{'loss': 0.8831, 'grad_norm': 2.6413402557373047, 'learning_rate': 8.305482787063697e-06, 'epoch': 0.29}
{'loss': 0.775, 'grad_norm': 2.4650192260742188, 'learning_rate': 8.303922101605956e-06, 'epoch': 0.29}
{'loss': 0.9168, 'grad_norm': 2.4446358680725098, 'learning_rate': 8.302360844550388e-06, 'epoch': 0.29}
{'loss': 0.8525, 'grad_norm': 2.524651050567627, 'learning_rate': 8.3007990161671e-06, 'epoch': 0.29}
{'loss': 1.0649, 'grad_norm': 2.952247381210327, 'learning_rate': 8.299236616726298e-06, 'epoch': 0.29}
{'loss': 0.7802, 'grad_norm': 2.4969353675842285, 'learning_rate': 8.297673646498286e-06, 'epoch': 0.29}
{'loss': 1.0496, 'grad_norm': 2.8607871532440186, 'learning_rate': 8.296110105753465e-06, 'epoch': 0.29}
{'loss': 1.0849, 'grad_norm': 2.805208444595337, 'learning_rate': 8.294545994762339e-06, 'epoch': 0.29}
{'loss': 0.9655, 'grad_norm': 2.604243278503418, 'learning_rate': 8.292981313795507e-06, 'epoch': 0.29}
{'loss': 0.6724, 'grad_norm': 2.3825621604919434, 'learning_rate': 8.291416063123669e-06, 'epoch': 0.29}
{'loss': 0.9701, 'grad_norm': 2.7611069679260254, 'learning_rate': 8.289850243017622e-06, 'epoch': 0.29}
{'loss': 0.9068, 'grad_norm': 2.7110226154327393, 'learning_rate': 8.288283853748262e-06, 'epoch': 0.29}
{'loss': 0.7952, 'grad_norm': 2.194284200668335, 'learning_rate': 8.286716895586584e-06, 'epoch': 0.29}
{'loss': 1.0, 'grad_norm': 2.823509454727173, 'learning_rate': 8.285149368803678e-06, 'epoch': 0.29}
{'loss': 0.8469, 'grad_norm': 2.598956823348999, 'learning_rate': 8.28358127367074e-06, 'epoch': 0.29}
{'loss': 0.8439, 'grad_norm': 2.394473075866699, 'learning_rate': 8.282012610459057e-06, 'epoch': 0.29}
{'loss': 0.9013, 'grad_norm': 2.6699297428131104, 'learning_rate': 8.280443379440017e-06, 'epoch': 0.29}
{'loss': 0.8331, 'grad_norm': 2.6746811866760254, 'learning_rate': 8.278873580885104e-06, 'epoch': 0.29}
{'loss': 0.7469, 'grad_norm': 2.5400209426879883, 'learning_rate': 8.277303215065908e-06, 'epoch': 0.29}
{'loss': 0.964, 'grad_norm': 2.820509910583496, 'learning_rate': 8.27573228225411e-06, 'epoch': 0.29}
{'loss': 1.0056, 'grad_norm': 2.643789529800415, 'learning_rate': 8.274160782721485e-06, 'epoch': 0.29}
{'loss': 1.0576, 'grad_norm': 2.7088940143585205, 'learning_rate': 8.272588716739915e-06, 'epoch': 0.29}
{'loss': 0.833, 'grad_norm': 2.345456123352051, 'learning_rate': 8.271016084581378e-06, 'epoch': 0.29}
{'loss': 0.8333, 'grad_norm': 2.502950668334961, 'learning_rate': 8.269442886517948e-06, 'epoch': 0.29}
{'loss': 0.8046, 'grad_norm': 2.4840140342712402, 'learning_rate': 8.267869122821796e-06, 'epoch': 0.3}
{'loss': 1.0464, 'grad_norm': 2.492593288421631, 'learning_rate': 8.266294793765194e-06, 'epoch': 0.3}
{'loss': 0.9503, 'grad_norm': 2.6560354232788086, 'learning_rate': 8.264719899620511e-06, 'epoch': 0.3}
{'loss': 0.9374, 'grad_norm': 2.743098020553589, 'learning_rate': 8.263144440660206e-06, 'epoch': 0.3}
{'loss': 0.7219, 'grad_norm': 2.158644437789917, 'learning_rate': 8.261568417156852e-06, 'epoch': 0.3}
{'loss': 1.0002, 'grad_norm': 2.653123617172241, 'learning_rate': 8.259991829383106e-06, 'epoch': 0.3}
{'loss': 0.7982, 'grad_norm': 2.7436230182647705, 'learning_rate': 8.258414677611727e-06, 'epoch': 0.3}
{'loss': 0.9678, 'grad_norm': 2.772554874420166, 'learning_rate': 8.25683696211557e-06, 'epoch': 0.3}
{'loss': 1.0243, 'grad_norm': 2.677061080932617, 'learning_rate': 8.25525868316759e-06, 'epoch': 0.3}
{'loss': 0.9519, 'grad_norm': 2.872753143310547, 'learning_rate': 8.253679841040843e-06, 'epoch': 0.3}
{'loss': 0.7722, 'grad_norm': 2.545602798461914, 'learning_rate': 8.25210043600847e-06, 'epoch': 0.3}
{'loss': 0.8784, 'grad_norm': 2.394371747970581, 'learning_rate': 8.250520468343722e-06, 'epoch': 0.3}
{'loss': 1.1176, 'grad_norm': 3.0664284229278564, 'learning_rate': 8.248939938319943e-06, 'epoch': 0.3}
{'loss': 0.732, 'grad_norm': 2.6576907634735107, 'learning_rate': 8.247358846210572e-06, 'epoch': 0.3}
{'loss': 1.0652, 'grad_norm': 2.7065932750701904, 'learning_rate': 8.245777192289146e-06, 'epoch': 0.3}
{'loss': 0.9251, 'grad_norm': 2.878812074661255, 'learning_rate': 8.244194976829305e-06, 'epoch': 0.3}
{'loss': 1.1587, 'grad_norm': 2.7822883129119873, 'learning_rate': 8.242612200104779e-06, 'epoch': 0.3}
{'loss': 0.9068, 'grad_norm': 2.6778886318206787, 'learning_rate': 8.241028862389395e-06, 'epoch': 0.3}
{'loss': 1.055, 'grad_norm': 2.76164174079895, 'learning_rate': 8.239444963957082e-06, 'epoch': 0.3}
{'loss': 0.9315, 'grad_norm': 3.5188045501708984, 'learning_rate': 8.237860505081867e-06, 'epoch': 0.3}
{'loss': 0.9888, 'grad_norm': 2.693356513977051, 'learning_rate': 8.236275486037865e-06, 'epoch': 0.3}
{'loss': 0.9495, 'grad_norm': 2.9081544876098633, 'learning_rate': 8.234689907099295e-06, 'epoch': 0.3}
{'loss': 0.8512, 'grad_norm': 2.4955503940582275, 'learning_rate': 8.233103768540477e-06, 'epoch': 0.3}
{'loss': 0.981, 'grad_norm': 2.9583284854888916, 'learning_rate': 8.231517070635813e-06, 'epoch': 0.3}
{'loss': 0.8616, 'grad_norm': 2.5790083408355713, 'learning_rate': 8.229929813659817e-06, 'epoch': 0.3}
{'loss': 0.8492, 'grad_norm': 2.4859676361083984, 'learning_rate': 8.228341997887092e-06, 'epoch': 0.3}
{'loss': 0.9255, 'grad_norm': 2.758063793182373, 'learning_rate': 8.226753623592341e-06, 'epoch': 0.3}
{'loss': 0.8545, 'grad_norm': 2.78279185295105, 'learning_rate': 8.22516469105036e-06, 'epoch': 0.3}
{'loss': 0.9052, 'grad_norm': 3.020022392272949, 'learning_rate': 8.223575200536045e-06, 'epoch': 0.3}
{'loss': 0.8132, 'grad_norm': 2.3730270862579346, 'learning_rate': 8.221985152324385e-06, 'epoch': 0.3}
{'loss': 0.9826, 'grad_norm': 2.891122341156006, 'learning_rate': 8.22039454669047e-06, 'epoch': 0.3}
{'loss': 1.0377, 'grad_norm': 2.760429620742798, 'learning_rate': 8.218803383909486e-06, 'epoch': 0.3}
{'loss': 0.9082, 'grad_norm': 2.560230016708374, 'learning_rate': 8.217211664256708e-06, 'epoch': 0.3}
{'loss': 0.8127, 'grad_norm': 2.3407974243164062, 'learning_rate': 8.215619388007516e-06, 'epoch': 0.3}
{'loss': 0.9679, 'grad_norm': 2.7893948554992676, 'learning_rate': 8.214026555437382e-06, 'epoch': 0.3}
{'loss': 0.8993, 'grad_norm': 2.8679583072662354, 'learning_rate': 8.212433166821877e-06, 'epoch': 0.3}
{'loss': 0.9353, 'grad_norm': 2.5611765384674072, 'learning_rate': 8.210839222436664e-06, 'epoch': 0.3}
{'loss': 0.8, 'grad_norm': 2.3161516189575195, 'learning_rate': 8.209244722557506e-06, 'epoch': 0.3}
{'loss': 0.8493, 'grad_norm': 2.2839982509613037, 'learning_rate': 8.207649667460263e-06, 'epoch': 0.3}
{'loss': 0.8895, 'grad_norm': 2.3458762168884277, 'learning_rate': 8.206054057420887e-06, 'epoch': 0.3}
{'loss': 1.0203, 'grad_norm': 2.449544668197632, 'learning_rate': 8.204457892715426e-06, 'epoch': 0.3}
{'loss': 0.7548, 'grad_norm': 2.562490224838257, 'learning_rate': 8.202861173620028e-06, 'epoch': 0.3}
{'loss': 1.0177, 'grad_norm': 3.2620558738708496, 'learning_rate': 8.201263900410935e-06, 'epoch': 0.3}
{'loss': 0.9577, 'grad_norm': 2.937845468521118, 'learning_rate': 8.199666073364482e-06, 'epoch': 0.3}
{'loss': 0.9872, 'grad_norm': 2.6667728424072266, 'learning_rate': 8.198067692757106e-06, 'epoch': 0.3}
{'loss': 0.8102, 'grad_norm': 2.5448734760284424, 'learning_rate': 8.196468758865335e-06, 'epoch': 0.3}
{'loss': 0.9533, 'grad_norm': 2.6651453971862793, 'learning_rate': 8.194869271965793e-06, 'epoch': 0.3}
{'loss': 0.8535, 'grad_norm': 2.912553071975708, 'learning_rate': 8.1932692323352e-06, 'epoch': 0.3}
{'loss': 0.8612, 'grad_norm': 2.7069098949432373, 'learning_rate': 8.191668640250372e-06, 'epoch': 0.3}
{'loss': 0.8871, 'grad_norm': 2.771040678024292, 'learning_rate': 8.190067495988226e-06, 'epoch': 0.3}
{'loss': 1.0397, 'grad_norm': 2.916687250137329, 'learning_rate': 8.18846579982576e-06, 'epoch': 0.3}
{'loss': 1.0344, 'grad_norm': 2.574321746826172, 'learning_rate': 8.186863552040084e-06, 'epoch': 0.3}
{'loss': 1.1485, 'grad_norm': 2.829268217086792, 'learning_rate': 8.185260752908396e-06, 'epoch': 0.3}
{'loss': 0.8697, 'grad_norm': 2.4963419437408447, 'learning_rate': 8.183657402707986e-06, 'epoch': 0.3}
{'loss': 1.0291, 'grad_norm': 2.698101758956909, 'learning_rate': 8.182053501716247e-06, 'epoch': 0.3}
{'loss': 0.9075, 'grad_norm': 2.551145076751709, 'learning_rate': 8.180449050210659e-06, 'epoch': 0.3}
{'loss': 0.8318, 'grad_norm': 2.459913730621338, 'learning_rate': 8.178844048468803e-06, 'epoch': 0.3}
{'loss': 1.055, 'grad_norm': 2.8675599098205566, 'learning_rate': 8.177238496768356e-06, 'epoch': 0.3}
{'loss': 0.8699, 'grad_norm': 2.535095453262329, 'learning_rate': 8.175632395387085e-06, 'epoch': 0.3}
{'loss': 1.0107, 'grad_norm': 2.5705652236938477, 'learning_rate': 8.174025744602857e-06, 'epoch': 0.3}
{'loss': 0.7402, 'grad_norm': 2.1647918224334717, 'learning_rate': 8.17241854469363e-06, 'epoch': 0.3}
{'loss': 0.9361, 'grad_norm': 2.62394118309021, 'learning_rate': 8.17081079593746e-06, 'epoch': 0.3}
{'loss': 0.9425, 'grad_norm': 2.5139737129211426, 'learning_rate': 8.169202498612497e-06, 'epoch': 0.3}
{'loss': 1.1466, 'grad_norm': 3.1477081775665283, 'learning_rate': 8.167593652996986e-06, 'epoch': 0.3}
{'loss': 0.9001, 'grad_norm': 2.6022331714630127, 'learning_rate': 8.165984259369267e-06, 'epoch': 0.3}
{'loss': 1.0844, 'grad_norm': 2.724668502807617, 'learning_rate': 8.164374318007771e-06, 'epoch': 0.3}
{'loss': 0.8525, 'grad_norm': 2.6582183837890625, 'learning_rate': 8.162763829191033e-06, 'epoch': 0.3}
{'loss': 0.9875, 'grad_norm': 2.5523319244384766, 'learning_rate': 8.161152793197674e-06, 'epoch': 0.3}
{'loss': 0.7427, 'grad_norm': 2.192887783050537, 'learning_rate': 8.159541210306411e-06, 'epoch': 0.3}
{'loss': 1.0168, 'grad_norm': 2.855828285217285, 'learning_rate': 8.15792908079606e-06, 'epoch': 0.3}
{'loss': 1.013, 'grad_norm': 2.9684271812438965, 'learning_rate': 8.156316404945528e-06, 'epoch': 0.3}
{'loss': 0.9617, 'grad_norm': 2.6493208408355713, 'learning_rate': 8.154703183033816e-06, 'epoch': 0.3}
{'loss': 0.9372, 'grad_norm': 2.5674872398376465, 'learning_rate': 8.153089415340024e-06, 'epoch': 0.3}
{'loss': 0.9451, 'grad_norm': 2.6228644847869873, 'learning_rate': 8.15147510214334e-06, 'epoch': 0.3}
{'loss': 0.9477, 'grad_norm': 2.689265727996826, 'learning_rate': 8.149860243723051e-06, 'epoch': 0.3}
{'loss': 0.754, 'grad_norm': 2.4627814292907715, 'learning_rate': 8.148244840358537e-06, 'epoch': 0.3}
{'loss': 0.858, 'grad_norm': 2.635643482208252, 'learning_rate': 8.146628892329272e-06, 'epoch': 0.3}
{'loss': 0.8829, 'grad_norm': 2.8942041397094727, 'learning_rate': 8.145012399914824e-06, 'epoch': 0.3}
{'loss': 0.955, 'grad_norm': 2.6919467449188232, 'learning_rate': 8.143395363394855e-06, 'epoch': 0.31}
{'loss': 0.9123, 'grad_norm': 2.4938197135925293, 'learning_rate': 8.141777783049125e-06, 'epoch': 0.31}
{'loss': 1.1089, 'grad_norm': 2.9298458099365234, 'learning_rate': 8.140159659157482e-06, 'epoch': 0.31}
{'loss': 0.9342, 'grad_norm': 3.2003543376922607, 'learning_rate': 8.138540991999871e-06, 'epoch': 0.31}
{'loss': 0.9893, 'grad_norm': 2.654998779296875, 'learning_rate': 8.136921781856333e-06, 'epoch': 0.31}
{'loss': 1.0296, 'grad_norm': 2.733494758605957, 'learning_rate': 8.135302029006998e-06, 'epoch': 0.31}
{'loss': 0.9168, 'grad_norm': 2.440215587615967, 'learning_rate': 8.133681733732093e-06, 'epoch': 0.31}
{'loss': 0.907, 'grad_norm': 2.747621774673462, 'learning_rate': 8.13206089631194e-06, 'epoch': 0.31}
{'loss': 0.9778, 'grad_norm': 2.6883273124694824, 'learning_rate': 8.130439517026954e-06, 'epoch': 0.31}
{'loss': 0.7663, 'grad_norm': 2.6336655616760254, 'learning_rate': 8.128817596157642e-06, 'epoch': 0.31}
{'loss': 0.9263, 'grad_norm': 2.540843963623047, 'learning_rate': 8.127195133984604e-06, 'epoch': 0.31}
{'loss': 0.7801, 'grad_norm': 2.311006546020508, 'learning_rate': 8.125572130788539e-06, 'epoch': 0.31}
{'loss': 0.8987, 'grad_norm': 2.8411641120910645, 'learning_rate': 8.123948586850235e-06, 'epoch': 0.31}
{'loss': 0.8712, 'grad_norm': 2.5496675968170166, 'learning_rate': 8.122324502450572e-06, 'epoch': 0.31}
{'loss': 0.8202, 'grad_norm': 2.3616318702697754, 'learning_rate': 8.120699877870527e-06, 'epoch': 0.31}
{'loss': 0.9215, 'grad_norm': 2.408031702041626, 'learning_rate': 8.119074713391172e-06, 'epoch': 0.31}
{'loss': 0.9207, 'grad_norm': 2.4857218265533447, 'learning_rate': 8.117449009293668e-06, 'epoch': 0.31}
{'loss': 0.9565, 'grad_norm': 2.7782154083251953, 'learning_rate': 8.115822765859272e-06, 'epoch': 0.31}
{'loss': 1.2245, 'grad_norm': 3.023491859436035, 'learning_rate': 8.114195983369335e-06, 'epoch': 0.31}
{'loss': 0.8646, 'grad_norm': 2.968454360961914, 'learning_rate': 8.112568662105294e-06, 'epoch': 0.31}
{'loss': 1.0407, 'grad_norm': 2.9258415699005127, 'learning_rate': 8.110940802348693e-06, 'epoch': 0.31}
{'loss': 0.9772, 'grad_norm': 3.0706727504730225, 'learning_rate': 8.109312404381156e-06, 'epoch': 0.31}
{'loss': 0.893, 'grad_norm': 2.5342414379119873, 'learning_rate': 8.107683468484406e-06, 'epoch': 0.31}
{'loss': 0.878, 'grad_norm': 2.561260938644409, 'learning_rate': 8.106053994940262e-06, 'epoch': 0.31}
{'loss': 0.7758, 'grad_norm': 2.5160324573516846, 'learning_rate': 8.104423984030627e-06, 'epoch': 0.31}
{'loss': 0.704, 'grad_norm': 2.4517436027526855, 'learning_rate': 8.102793436037507e-06, 'epoch': 0.31}
{'loss': 0.8392, 'grad_norm': 2.488640785217285, 'learning_rate': 8.101162351242993e-06, 'epoch': 0.31}
{'loss': 1.0655, 'grad_norm': 2.6197969913482666, 'learning_rate': 8.099530729929275e-06, 'epoch': 0.31}
{'loss': 0.9587, 'grad_norm': 2.704974412918091, 'learning_rate': 8.09789857237863e-06, 'epoch': 0.31}
{'loss': 1.1967, 'grad_norm': 3.0786068439483643, 'learning_rate': 8.096265878873436e-06, 'epoch': 0.31}
{'loss': 0.7479, 'grad_norm': 2.4722132682800293, 'learning_rate': 8.09463264969615e-06, 'epoch': 0.31}
{'loss': 0.979, 'grad_norm': 2.7105607986450195, 'learning_rate': 8.09299888512934e-06, 'epoch': 0.31}
{'loss': 0.8329, 'grad_norm': 2.5365476608276367, 'learning_rate': 8.09136458545565e-06, 'epoch': 0.31}
{'loss': 1.1339, 'grad_norm': 3.0734105110168457, 'learning_rate': 8.089729750957824e-06, 'epoch': 0.31}
{'loss': 0.7423, 'grad_norm': 2.271497964859009, 'learning_rate': 8.0880943819187e-06, 'epoch': 0.31}
{'loss': 0.8831, 'grad_norm': 2.4987905025482178, 'learning_rate': 8.086458478621208e-06, 'epoch': 0.31}
{'loss': 0.6951, 'grad_norm': 2.3150086402893066, 'learning_rate': 8.084822041348363e-06, 'epoch': 0.31}
{'loss': 0.7487, 'grad_norm': 2.6082520484924316, 'learning_rate': 8.083185070383286e-06, 'epoch': 0.31}
{'loss': 0.9926, 'grad_norm': 2.809500217437744, 'learning_rate': 8.081547566009176e-06, 'epoch': 0.31}
{'loss': 1.0051, 'grad_norm': 2.8772754669189453, 'learning_rate': 8.079909528509333e-06, 'epoch': 0.31}
{'loss': 0.8871, 'grad_norm': 2.671020746231079, 'learning_rate': 8.078270958167148e-06, 'epoch': 0.31}
{'loss': 0.7835, 'grad_norm': 2.392460584640503, 'learning_rate': 8.076631855266102e-06, 'epoch': 0.31}
{'loss': 0.939, 'grad_norm': 2.714909791946411, 'learning_rate': 8.07499222008977e-06, 'epoch': 0.31}
{'loss': 0.9536, 'grad_norm': 2.672853946685791, 'learning_rate': 8.073352052921817e-06, 'epoch': 0.31}
{'loss': 0.8927, 'grad_norm': 2.6257286071777344, 'learning_rate': 8.071711354046004e-06, 'epoch': 0.31}
{'loss': 0.9152, 'grad_norm': 2.9261832237243652, 'learning_rate': 8.07007012374618e-06, 'epoch': 0.31}
{'loss': 1.058, 'grad_norm': 2.9480011463165283, 'learning_rate': 8.068428362306287e-06, 'epoch': 0.31}
{'loss': 0.9272, 'grad_norm': 2.5800881385803223, 'learning_rate': 8.066786070010362e-06, 'epoch': 0.31}
{'loss': 0.7563, 'grad_norm': 2.8083646297454834, 'learning_rate': 8.065143247142526e-06, 'epoch': 0.31}
{'loss': 0.8809, 'grad_norm': 2.674672842025757, 'learning_rate': 8.063499893987003e-06, 'epoch': 0.31}
{'loss': 1.1464, 'grad_norm': 2.8371422290802, 'learning_rate': 8.0618560108281e-06, 'epoch': 0.31}
{'loss': 0.6812, 'grad_norm': 2.351975679397583, 'learning_rate': 8.060211597950217e-06, 'epoch': 0.31}
{'loss': 0.9503, 'grad_norm': 2.8398594856262207, 'learning_rate': 8.058566655637848e-06, 'epoch': 0.31}
{'loss': 0.8594, 'grad_norm': 2.4239745140075684, 'learning_rate': 8.056921184175578e-06, 'epoch': 0.31}
{'loss': 0.8927, 'grad_norm': 2.6197798252105713, 'learning_rate': 8.055275183848083e-06, 'epoch': 0.31}
{'loss': 0.8646, 'grad_norm': 2.4680306911468506, 'learning_rate': 8.05362865494013e-06, 'epoch': 0.31}
{'loss': 0.9299, 'grad_norm': 2.5572803020477295, 'learning_rate': 8.051981597736582e-06, 'epoch': 0.31}
{'loss': 0.7953, 'grad_norm': 2.3841700553894043, 'learning_rate': 8.050334012522385e-06, 'epoch': 0.31}
{'loss': 0.9248, 'grad_norm': 2.438829183578491, 'learning_rate': 8.048685899582582e-06, 'epoch': 0.31}
{'loss': 0.9128, 'grad_norm': 2.8388020992279053, 'learning_rate': 8.047037259202306e-06, 'epoch': 0.31}
{'loss': 0.7671, 'grad_norm': 2.4520041942596436, 'learning_rate': 8.045388091666781e-06, 'epoch': 0.31}
{'loss': 0.9786, 'grad_norm': 2.787810802459717, 'learning_rate': 8.043738397261325e-06, 'epoch': 0.31}
{'loss': 0.8948, 'grad_norm': 2.619224786758423, 'learning_rate': 8.042088176271344e-06, 'epoch': 0.31}
{'loss': 0.8369, 'grad_norm': 2.701260805130005, 'learning_rate': 8.040437428982333e-06, 'epoch': 0.31}
{'loss': 0.8577, 'grad_norm': 2.6122939586639404, 'learning_rate': 8.038786155679884e-06, 'epoch': 0.31}
{'loss': 0.7015, 'grad_norm': 2.5484583377838135, 'learning_rate': 8.037134356649674e-06, 'epoch': 0.31}
{'loss': 0.9614, 'grad_norm': 2.764965534210205, 'learning_rate': 8.03548203217748e-06, 'epoch': 0.31}
{'loss': 0.996, 'grad_norm': 3.046787977218628, 'learning_rate': 8.033829182549156e-06, 'epoch': 0.31}
{'loss': 1.0948, 'grad_norm': 2.5992462635040283, 'learning_rate': 8.032175808050659e-06, 'epoch': 0.31}
{'loss': 0.8512, 'grad_norm': 2.4118828773498535, 'learning_rate': 8.030521908968031e-06, 'epoch': 0.31}
{'loss': 1.0504, 'grad_norm': 2.647249698638916, 'learning_rate': 8.02886748558741e-06, 'epoch': 0.31}
{'loss': 0.7516, 'grad_norm': 2.4934122562408447, 'learning_rate': 8.027212538195015e-06, 'epoch': 0.31}
{'loss': 1.011, 'grad_norm': 2.7926714420318604, 'learning_rate': 8.025557067077166e-06, 'epoch': 0.31}
{'loss': 0.9148, 'grad_norm': 2.7136619091033936, 'learning_rate': 8.023901072520266e-06, 'epoch': 0.31}
{'loss': 0.9398, 'grad_norm': 2.976125717163086, 'learning_rate': 8.022244554810815e-06, 'epoch': 0.31}
{'loss': 1.0358, 'grad_norm': 2.6303436756134033, 'learning_rate': 8.020587514235398e-06, 'epoch': 0.31}
{'loss': 0.9809, 'grad_norm': 3.0486297607421875, 'learning_rate': 8.018929951080694e-06, 'epoch': 0.31}
{'loss': 0.8509, 'grad_norm': 2.675234317779541, 'learning_rate': 8.01727186563347e-06, 'epoch': 0.32}
{'loss': 0.9557, 'grad_norm': 2.888951063156128, 'learning_rate': 8.015613258180583e-06, 'epoch': 0.32}
{'loss': 0.9528, 'grad_norm': 2.7905056476593018, 'learning_rate': 8.013954129008985e-06, 'epoch': 0.32}
{'loss': 0.9729, 'grad_norm': 2.6485612392425537, 'learning_rate': 8.012294478405713e-06, 'epoch': 0.32}
{'loss': 0.7766, 'grad_norm': 2.3795738220214844, 'learning_rate': 8.010634306657898e-06, 'epoch': 0.32}
{'loss': 0.9658, 'grad_norm': 2.6443262100219727, 'learning_rate': 8.00897361405276e-06, 'epoch': 0.32}
{'loss': 0.8382, 'grad_norm': 2.791419506072998, 'learning_rate': 8.007312400877602e-06, 'epoch': 0.32}
{'loss': 0.8259, 'grad_norm': 2.5929477214813232, 'learning_rate': 8.005650667419831e-06, 'epoch': 0.32}
{'loss': 0.8012, 'grad_norm': 2.444366216659546, 'learning_rate': 8.003988413966935e-06, 'epoch': 0.32}
{'loss': 0.9358, 'grad_norm': 2.543886661529541, 'learning_rate': 8.002325640806493e-06, 'epoch': 0.32}
{'loss': 1.096, 'grad_norm': 2.601290225982666, 'learning_rate': 8.000662348226172e-06, 'epoch': 0.32}
{'loss': 1.2262, 'grad_norm': 2.8393447399139404, 'learning_rate': 7.998998536513734e-06, 'epoch': 0.32}
{'loss': 0.9245, 'grad_norm': 2.8150429725646973, 'learning_rate': 7.997334205957029e-06, 'epoch': 0.32}
{'loss': 0.9806, 'grad_norm': 2.787153482437134, 'learning_rate': 7.995669356843992e-06, 'epoch': 0.32}
{'loss': 0.9403, 'grad_norm': 2.6394803524017334, 'learning_rate': 7.994003989462655e-06, 'epoch': 0.32}
{'loss': 0.9666, 'grad_norm': 2.673611879348755, 'learning_rate': 7.992338104101136e-06, 'epoch': 0.32}
{'loss': 0.8336, 'grad_norm': 2.3672192096710205, 'learning_rate': 7.99067170104764e-06, 'epoch': 0.32}
{'loss': 0.8357, 'grad_norm': 2.369810104370117, 'learning_rate': 7.98900478059047e-06, 'epoch': 0.32}
{'loss': 0.8609, 'grad_norm': 2.3558146953582764, 'learning_rate': 7.987337343018008e-06, 'epoch': 0.32}
{'loss': 0.8597, 'grad_norm': 2.4784762859344482, 'learning_rate': 7.985669388618734e-06, 'epoch': 0.32}
{'loss': 1.0071, 'grad_norm': 2.8987481594085693, 'learning_rate': 7.984000917681208e-06, 'epoch': 0.32}
{'loss': 1.0803, 'grad_norm': 2.5727853775024414, 'learning_rate': 7.982331930494093e-06, 'epoch': 0.32}
{'loss': 0.6947, 'grad_norm': 2.383601188659668, 'learning_rate': 7.980662427346127e-06, 'epoch': 0.32}
{'loss': 0.9085, 'grad_norm': 2.8280725479125977, 'learning_rate': 7.978992408526148e-06, 'epoch': 0.32}
{'loss': 0.8762, 'grad_norm': 2.413703680038452, 'learning_rate': 7.977321874323078e-06, 'epoch': 0.32}
{'loss': 1.0193, 'grad_norm': 2.715832471847534, 'learning_rate': 7.975650825025927e-06, 'epoch': 0.32}
{'loss': 0.9377, 'grad_norm': 2.6749162673950195, 'learning_rate': 7.973979260923801e-06, 'epoch': 0.32}
{'loss': 0.8803, 'grad_norm': 2.9013967514038086, 'learning_rate': 7.972307182305886e-06, 'epoch': 0.32}
{'loss': 0.9272, 'grad_norm': 2.6093244552612305, 'learning_rate': 7.97063458946146e-06, 'epoch': 0.32}
{'loss': 0.7785, 'grad_norm': 2.08591628074646, 'learning_rate': 7.968961482679898e-06, 'epoch': 0.32}
{'loss': 0.8389, 'grad_norm': 2.3786115646362305, 'learning_rate': 7.967287862250652e-06, 'epoch': 0.32}
{'loss': 0.9725, 'grad_norm': 2.948725938796997, 'learning_rate': 7.965613728463269e-06, 'epoch': 0.32}
{'loss': 0.9285, 'grad_norm': 2.481562614440918, 'learning_rate': 7.963939081607384e-06, 'epoch': 0.32}
{'loss': 1.0328, 'grad_norm': 2.753267288208008, 'learning_rate': 7.962263921972722e-06, 'epoch': 0.32}
{'loss': 0.9708, 'grad_norm': 2.7175750732421875, 'learning_rate': 7.960588249849095e-06, 'epoch': 0.32}
{'loss': 0.7613, 'grad_norm': 2.4348747730255127, 'learning_rate': 7.958912065526403e-06, 'epoch': 0.32}
{'loss': 0.9559, 'grad_norm': 2.639634609222412, 'learning_rate': 7.957235369294635e-06, 'epoch': 0.32}
{'loss': 0.7563, 'grad_norm': 2.3736720085144043, 'learning_rate': 7.95555816144387e-06, 'epoch': 0.32}
{'loss': 1.0351, 'grad_norm': 2.727426290512085, 'learning_rate': 7.953880442264278e-06, 'epoch': 0.32}
{'loss': 0.9396, 'grad_norm': 2.8425726890563965, 'learning_rate': 7.95220221204611e-06, 'epoch': 0.32}
{'loss': 0.9348, 'grad_norm': 2.9555628299713135, 'learning_rate': 7.950523471079712e-06, 'epoch': 0.32}
{'loss': 0.8306, 'grad_norm': 2.539825677871704, 'learning_rate': 7.948844219655514e-06, 'epoch': 0.32}
{'loss': 1.0792, 'grad_norm': 2.6800131797790527, 'learning_rate': 7.947164458064038e-06, 'epoch': 0.32}
{'loss': 0.7151, 'grad_norm': 2.368379831314087, 'learning_rate': 7.945484186595892e-06, 'epoch': 0.32}
{'loss': 0.9588, 'grad_norm': 2.4945638179779053, 'learning_rate': 7.94380340554177e-06, 'epoch': 0.32}
{'loss': 0.866, 'grad_norm': 2.414990186691284, 'learning_rate': 7.942122115192462e-06, 'epoch': 0.32}
{'loss': 0.9058, 'grad_norm': 2.7896058559417725, 'learning_rate': 7.94044031583884e-06, 'epoch': 0.32}
{'loss': 0.9011, 'grad_norm': 2.6641652584075928, 'learning_rate': 7.938758007771862e-06, 'epoch': 0.32}
{'loss': 0.8087, 'grad_norm': 2.4340860843658447, 'learning_rate': 7.93707519128258e-06, 'epoch': 0.32}
{'loss': 0.8437, 'grad_norm': 2.5251126289367676, 'learning_rate': 7.935391866662128e-06, 'epoch': 0.32}
{'loss': 0.8844, 'grad_norm': 2.8842060565948486, 'learning_rate': 7.933708034201735e-06, 'epoch': 0.32}
{'loss': 0.7742, 'grad_norm': 2.4763126373291016, 'learning_rate': 7.932023694192712e-06, 'epoch': 0.32}
{'loss': 0.9589, 'grad_norm': 2.492493152618408, 'learning_rate': 7.93033884692646e-06, 'epoch': 0.32}
{'loss': 0.9497, 'grad_norm': 2.6798288822174072, 'learning_rate': 7.928653492694465e-06, 'epoch': 0.32}
{'loss': 0.7565, 'grad_norm': 2.3784425258636475, 'learning_rate': 7.926967631788306e-06, 'epoch': 0.32}
{'loss': 1.1482, 'grad_norm': 2.5535926818847656, 'learning_rate': 7.925281264499646e-06, 'epoch': 0.32}
{'loss': 1.085, 'grad_norm': 2.572852849960327, 'learning_rate': 7.923594391120237e-06, 'epoch': 0.32}
{'loss': 1.0048, 'grad_norm': 2.636383533477783, 'learning_rate': 7.921907011941916e-06, 'epoch': 0.32}
{'loss': 0.9087, 'grad_norm': 2.5835325717926025, 'learning_rate': 7.920219127256612e-06, 'epoch': 0.32}
{'loss': 1.0561, 'grad_norm': 2.784139633178711, 'learning_rate': 7.918530737356335e-06, 'epoch': 0.32}
{'loss': 0.8974, 'grad_norm': 2.6893675327301025, 'learning_rate': 7.916841842533192e-06, 'epoch': 0.32}
{'loss': 1.0264, 'grad_norm': 2.786097764968872, 'learning_rate': 7.915152443079367e-06, 'epoch': 0.32}
{'loss': 0.9942, 'grad_norm': 2.6016852855682373, 'learning_rate': 7.913462539287139e-06, 'epoch': 0.32}
{'loss': 0.7711, 'grad_norm': 2.6248741149902344, 'learning_rate': 7.911772131448867e-06, 'epoch': 0.32}
{'loss': 0.9533, 'grad_norm': 2.6227970123291016, 'learning_rate': 7.910081219857007e-06, 'epoch': 0.32}
{'loss': 0.9494, 'grad_norm': 2.5200886726379395, 'learning_rate': 7.908389804804091e-06, 'epoch': 0.32}
{'loss': 0.9766, 'grad_norm': 2.7744300365448, 'learning_rate': 7.90669788658275e-06, 'epoch': 0.32}
{'loss': 1.0, 'grad_norm': 2.5589475631713867, 'learning_rate': 7.90500546548569e-06, 'epoch': 0.32}
{'loss': 0.9395, 'grad_norm': 2.509357213973999, 'learning_rate': 7.903312541805713e-06, 'epoch': 0.32}
{'loss': 0.8972, 'grad_norm': 2.4752705097198486, 'learning_rate': 7.901619115835702e-06, 'epoch': 0.32}
{'loss': 1.1339, 'grad_norm': 2.902332305908203, 'learning_rate': 7.899925187868634e-06, 'epoch': 0.32}
{'loss': 1.4376, 'grad_norm': 3.212775707244873, 'learning_rate': 7.898230758197562e-06, 'epoch': 0.32}
{'loss': 1.0779, 'grad_norm': 2.746800661087036, 'learning_rate': 7.896535827115639e-06, 'epoch': 0.32}
{'loss': 0.9384, 'grad_norm': 2.520202875137329, 'learning_rate': 7.894840394916095e-06, 'epoch': 0.32}
{'loss': 0.7432, 'grad_norm': 2.899902582168579, 'learning_rate': 7.893144461892248e-06, 'epoch': 0.32}
{'loss': 0.9219, 'grad_norm': 2.3330440521240234, 'learning_rate': 7.891448028337506e-06, 'epoch': 0.32}
{'loss': 0.8701, 'grad_norm': 2.699836254119873, 'learning_rate': 7.889751094545361e-06, 'epoch': 0.32}
{'loss': 0.903, 'grad_norm': 2.436452865600586, 'learning_rate': 7.888053660809396e-06, 'epoch': 0.32}
{'loss': 1.1783, 'grad_norm': 3.1105740070343018, 'learning_rate': 7.886355727423272e-06, 'epoch': 0.33}
{'loss': 0.8191, 'grad_norm': 2.61098051071167, 'learning_rate': 7.884657294680745e-06, 'epoch': 0.33}
{'loss': 1.0045, 'grad_norm': 2.6589527130126953, 'learning_rate': 7.882958362875653e-06, 'epoch': 0.33}
{'loss': 0.7824, 'grad_norm': 2.6209309101104736, 'learning_rate': 7.881258932301918e-06, 'epoch': 0.33}
{'loss': 0.8215, 'grad_norm': 2.597827672958374, 'learning_rate': 7.879559003253555e-06, 'epoch': 0.33}
{'loss': 1.0961, 'grad_norm': 2.762057304382324, 'learning_rate': 7.87785857602466e-06, 'epoch': 0.33}
{'loss': 1.1112, 'grad_norm': 3.0425074100494385, 'learning_rate': 7.876157650909419e-06, 'epoch': 0.33}
{'loss': 0.9737, 'grad_norm': 2.6252105236053467, 'learning_rate': 7.8744562282021e-06, 'epoch': 0.33}
{'loss': 0.7869, 'grad_norm': 2.2019500732421875, 'learning_rate': 7.872754308197059e-06, 'epoch': 0.33}
{'loss': 1.1033, 'grad_norm': 3.0043017864227295, 'learning_rate': 7.871051891188738e-06, 'epoch': 0.33}
{'loss': 0.7919, 'grad_norm': 2.4421985149383545, 'learning_rate': 7.869348977471666e-06, 'epoch': 0.33}
{'loss': 0.9522, 'grad_norm': 2.410294532775879, 'learning_rate': 7.867645567340458e-06, 'epoch': 0.33}
{'loss': 0.9917, 'grad_norm': 2.5629756450653076, 'learning_rate': 7.865941661089812e-06, 'epoch': 0.33}
{'loss': 0.9056, 'grad_norm': 2.7811732292175293, 'learning_rate': 7.864237259014515e-06, 'epoch': 0.33}
{'loss': 0.8531, 'grad_norm': 2.376211643218994, 'learning_rate': 7.862532361409437e-06, 'epoch': 0.33}
{'loss': 0.7519, 'grad_norm': 2.4366354942321777, 'learning_rate': 7.860826968569536e-06, 'epoch': 0.33}
{'loss': 0.8276, 'grad_norm': 2.6793785095214844, 'learning_rate': 7.859121080789855e-06, 'epoch': 0.33}
{'loss': 0.7387, 'grad_norm': 2.7338130474090576, 'learning_rate': 7.857414698365524e-06, 'epoch': 0.33}
{'loss': 0.7657, 'grad_norm': 2.5899529457092285, 'learning_rate': 7.855707821591754e-06, 'epoch': 0.33}
{'loss': 1.0252, 'grad_norm': 2.4666659832000732, 'learning_rate': 7.854000450763848e-06, 'epoch': 0.33}
{'loss': 0.7759, 'grad_norm': 2.306040048599243, 'learning_rate': 7.852292586177188e-06, 'epoch': 0.33}
{'loss': 0.854, 'grad_norm': 2.710979700088501, 'learning_rate': 7.850584228127247e-06, 'epoch': 0.33}
{'loss': 0.9827, 'grad_norm': 2.508981943130493, 'learning_rate': 7.848875376909579e-06, 'epoch': 0.33}
{'loss': 0.9251, 'grad_norm': 2.6745870113372803, 'learning_rate': 7.847166032819827e-06, 'epoch': 0.33}
[01:15:32.358807] Error: Error reading OpenGVLab/stage2/OpenMMLab___Kinetics-400/raw/Kinetics-400/videos_train/1IJXwVIY15I.mp4...
[01:15:32.358861] Failed to read video file: OpenGVLab/stage2/OpenMMLab___Kinetics-400/raw/Kinetics-400/videos_train/1IJXwVIY15I.mp4
[01:15:32.358879] [Try #0] Failed to fetch sample 191284. Exception: Error reading OpenGVLab/stage2/OpenMMLab___Kinetics-400/raw/Kinetics-400/videos_train/1IJXwVIY15I.mp4...
[01:15:33.359540] Error: Error reading OpenGVLab/stage2/OpenMMLab___Kinetics-400/raw/Kinetics-400/videos_train/1IJXwVIY15I.mp4...
[01:15:33.359587] Failed to read video file: OpenGVLab/stage2/OpenMMLab___Kinetics-400/raw/Kinetics-400/videos_train/1IJXwVIY15I.mp4
[01:15:33.359601] [Try #1] Failed to fetch sample 191284. Exception: Error reading OpenGVLab/stage2/OpenMMLab___Kinetics-400/raw/Kinetics-400/videos_train/1IJXwVIY15I.mp4...
{'loss': 0.9311, 'grad_norm': 2.356931447982788, 'learning_rate': 7.845456196153717e-06, 'epoch': 0.33}
{'loss': 0.8572, 'grad_norm': 2.541257619857788, 'learning_rate': 7.84374586720706e-06, 'epoch': 0.33}
{'loss': 0.8225, 'grad_norm': 2.5349442958831787, 'learning_rate': 7.842035046275754e-06, 'epoch': 0.33}
{'loss': 0.8923, 'grad_norm': 2.7512457370758057, 'learning_rate': 7.84032373365578e-06, 'epoch': 0.33}
{'loss': 0.7482, 'grad_norm': 1.9885518550872803, 'learning_rate': 7.838611929643205e-06, 'epoch': 0.33}
{'loss': 0.9489, 'grad_norm': 2.6575067043304443, 'learning_rate': 7.836899634534182e-06, 'epoch': 0.33}
{'loss': 0.8389, 'grad_norm': 2.7743749618530273, 'learning_rate': 7.835186848624948e-06, 'epoch': 0.33}
{'loss': 0.8215, 'grad_norm': 2.4908220767974854, 'learning_rate': 7.833473572211825e-06, 'epoch': 0.33}
{'loss': 0.8302, 'grad_norm': 2.491956949234009, 'learning_rate': 7.831759805591218e-06, 'epoch': 0.33}
{'loss': 0.9677, 'grad_norm': 2.6692888736724854, 'learning_rate': 7.830045549059622e-06, 'epoch': 0.33}
{'loss': 0.846, 'grad_norm': 2.582521915435791, 'learning_rate': 7.828330802913608e-06, 'epoch': 0.33}
{'loss': 0.8694, 'grad_norm': 2.4395229816436768, 'learning_rate': 7.826615567449845e-06, 'epoch': 0.33}
{'loss': 0.9907, 'grad_norm': 2.688837766647339, 'learning_rate': 7.82489984296507e-06, 'epoch': 0.33}
{'loss': 0.8169, 'grad_norm': 2.003244161605835, 'learning_rate': 7.823183629756121e-06, 'epoch': 0.33}
{'loss': 1.0778, 'grad_norm': 2.716742515563965, 'learning_rate': 7.82146692811991e-06, 'epoch': 0.33}
{'loss': 0.9255, 'grad_norm': 2.6536147594451904, 'learning_rate': 7.819749738353433e-06, 'epoch': 0.33}
{'loss': 0.9202, 'grad_norm': 2.835899591445923, 'learning_rate': 7.81803206075378e-06, 'epoch': 0.33}
{'loss': 0.7675, 'grad_norm': 2.5981943607330322, 'learning_rate': 7.816313895618112e-06, 'epoch': 0.33}
{'loss': 0.8192, 'grad_norm': 2.4683210849761963, 'learning_rate': 7.814595243243691e-06, 'epoch': 0.33}
{'loss': 0.8275, 'grad_norm': 2.261657238006592, 'learning_rate': 7.812876103927845e-06, 'epoch': 0.33}
{'loss': 0.8224, 'grad_norm': 2.597648859024048, 'learning_rate': 7.811156477967999e-06, 'epoch': 0.33}
{'loss': 0.8629, 'grad_norm': 2.518052816390991, 'learning_rate': 7.809436365661659e-06, 'epoch': 0.33}
{'loss': 0.8915, 'grad_norm': 2.5239760875701904, 'learning_rate': 7.807715767306412e-06, 'epoch': 0.33}
{'loss': 1.1539, 'grad_norm': 2.808030843734741, 'learning_rate': 7.805994683199936e-06, 'epoch': 0.33}
{'loss': 0.6262, 'grad_norm': 2.0980377197265625, 'learning_rate': 7.804273113639984e-06, 'epoch': 0.33}
{'loss': 1.247, 'grad_norm': 2.736499786376953, 'learning_rate': 7.8025510589244e-06, 'epoch': 0.33}
{'loss': 0.8157, 'grad_norm': 2.4970083236694336, 'learning_rate': 7.80082851935111e-06, 'epoch': 0.33}
{'loss': 0.7977, 'grad_norm': 2.288010835647583, 'learning_rate': 7.79910549521812e-06, 'epoch': 0.33}
{'loss': 0.9423, 'grad_norm': 2.371574878692627, 'learning_rate': 7.797381986823527e-06, 'epoch': 0.33}
{'loss': 0.9229, 'grad_norm': 2.713583469390869, 'learning_rate': 7.795657994465506e-06, 'epoch': 0.33}
{'loss': 1.1738, 'grad_norm': 2.759331226348877, 'learning_rate': 7.793933518442318e-06, 'epoch': 0.33}
{'loss': 0.9727, 'grad_norm': 2.706833600997925, 'learning_rate': 7.792208559052308e-06, 'epoch': 0.33}
{'loss': 0.7229, 'grad_norm': 2.5169951915740967, 'learning_rate': 7.790483116593905e-06, 'epoch': 0.33}
{'loss': 0.9922, 'grad_norm': 2.837885856628418, 'learning_rate': 7.788757191365618e-06, 'epoch': 0.33}
{'loss': 1.0595, 'grad_norm': 2.8787405490875244, 'learning_rate': 7.787030783666044e-06, 'epoch': 0.33}
{'loss': 1.0732, 'grad_norm': 2.9817326068878174, 'learning_rate': 7.785303893793862e-06, 'epoch': 0.33}
{'loss': 0.9482, 'grad_norm': 2.749149799346924, 'learning_rate': 7.78357652204783e-06, 'epoch': 0.33}
{'loss': 0.8328, 'grad_norm': 2.439847946166992, 'learning_rate': 7.781848668726801e-06, 'epoch': 0.33}
{'loss': 0.9825, 'grad_norm': 2.778745174407959, 'learning_rate': 7.780120334129697e-06, 'epoch': 0.33}
{'loss': 0.7973, 'grad_norm': 2.378814458847046, 'learning_rate': 7.778391518555532e-06, 'epoch': 0.33}
{'loss': 0.8262, 'grad_norm': 2.62825345993042, 'learning_rate': 7.776662222303405e-06, 'epoch': 0.33}
{'loss': 0.8992, 'grad_norm': 2.3745715618133545, 'learning_rate': 7.774932445672485e-06, 'epoch': 0.33}
{'loss': 0.9358, 'grad_norm': 2.374738931655884, 'learning_rate': 7.773202188962043e-06, 'epoch': 0.33}
{'loss': 1.0742, 'grad_norm': 3.0588672161102295, 'learning_rate': 7.77147145247142e-06, 'epoch': 0.33}
{'loss': 0.9129, 'grad_norm': 2.57965087890625, 'learning_rate': 7.769740236500043e-06, 'epoch': 0.33}
{'loss': 1.0219, 'grad_norm': 3.081146717071533, 'learning_rate': 7.768008541347423e-06, 'epoch': 0.33}
{'loss': 1.0741, 'grad_norm': 2.749523401260376, 'learning_rate': 7.766276367313154e-06, 'epoch': 0.33}
{'loss': 0.9083, 'grad_norm': 2.502087116241455, 'learning_rate': 7.76454371469691e-06, 'epoch': 0.33}
{'loss': 0.925, 'grad_norm': 2.540494918823242, 'learning_rate': 7.762810583798452e-06, 'epoch': 0.33}
{'loss': 0.8284, 'grad_norm': 2.4484846591949463, 'learning_rate': 7.761076974917621e-06, 'epoch': 0.33}
{'loss': 0.9191, 'grad_norm': 3.1554887294769287, 'learning_rate': 7.759342888354342e-06, 'epoch': 0.33}
{'loss': 0.9471, 'grad_norm': 2.575296401977539, 'learning_rate': 7.757608324408623e-06, 'epoch': 0.33}
{'loss': 1.0683, 'grad_norm': 2.6149346828460693, 'learning_rate': 7.75587328338055e-06, 'epoch': 0.33}
{'loss': 0.7333, 'grad_norm': 2.8292691707611084, 'learning_rate': 7.7541377655703e-06, 'epoch': 0.33}
{'loss': 1.0487, 'grad_norm': 2.7730937004089355, 'learning_rate': 7.752401771278124e-06, 'epoch': 0.34}
{'loss': 0.8726, 'grad_norm': 2.542253017425537, 'learning_rate': 7.750665300804362e-06, 'epoch': 0.34}
{'loss': 1.099, 'grad_norm': 2.844790458679199, 'learning_rate': 7.748928354449432e-06, 'epoch': 0.34}
{'loss': 0.9473, 'grad_norm': 2.762845039367676, 'learning_rate': 7.747190932513835e-06, 'epoch': 0.34}
{'loss': 1.0126, 'grad_norm': 2.6509878635406494, 'learning_rate': 7.745453035298159e-06, 'epoch': 0.34}
{'loss': 0.7596, 'grad_norm': 2.506122350692749, 'learning_rate': 7.743714663103063e-06, 'epoch': 0.34}
{'loss': 0.8182, 'grad_norm': 2.5360286235809326, 'learning_rate': 7.741975816229303e-06, 'epoch': 0.34}
{'loss': 0.7697, 'grad_norm': 2.3907313346862793, 'learning_rate': 7.740236494977707e-06, 'epoch': 0.34}
{'loss': 0.8083, 'grad_norm': 2.3990743160247803, 'learning_rate': 7.738496699649187e-06, 'epoch': 0.34}
{'loss': 0.9907, 'grad_norm': 2.643220901489258, 'learning_rate': 7.736756430544738e-06, 'epoch': 0.34}
{'loss': 0.8465, 'grad_norm': 2.7195346355438232, 'learning_rate': 7.735015687965437e-06, 'epoch': 0.34}
{'loss': 0.7782, 'grad_norm': 2.5902061462402344, 'learning_rate': 7.733274472212445e-06, 'epoch': 0.34}
{'loss': 0.8905, 'grad_norm': 3.0207066535949707, 'learning_rate': 7.731532783586998e-06, 'epoch': 0.34}
{'loss': 1.0656, 'grad_norm': 2.5616962909698486, 'learning_rate': 7.729790622390419e-06, 'epoch': 0.34}
{'loss': 0.9461, 'grad_norm': 2.6170976161956787, 'learning_rate': 7.728047988924115e-06, 'epoch': 0.34}
{'loss': 0.9141, 'grad_norm': 2.4147000312805176, 'learning_rate': 7.72630488348957e-06, 'epoch': 0.34}
{'loss': 0.8112, 'grad_norm': 2.518484592437744, 'learning_rate': 7.724561306388353e-06, 'epoch': 0.34}
{'loss': 1.0887, 'grad_norm': 2.87111234664917, 'learning_rate': 7.72281725792211e-06, 'epoch': 0.34}
{'loss': 0.8156, 'grad_norm': 2.1398468017578125, 'learning_rate': 7.721072738392574e-06, 'epoch': 0.34}
{'loss': 0.7318, 'grad_norm': 2.4040281772613525, 'learning_rate': 7.719327748101557e-06, 'epoch': 0.34}
{'loss': 1.1558, 'grad_norm': 2.5401723384857178, 'learning_rate': 7.717582287350951e-06, 'epoch': 0.34}
{'loss': 0.8046, 'grad_norm': 2.5262389183044434, 'learning_rate': 7.715836356442731e-06, 'epoch': 0.34}
{'loss': 0.7582, 'grad_norm': 2.5097978115081787, 'learning_rate': 7.714089955678958e-06, 'epoch': 0.34}
{'loss': 0.8295, 'grad_norm': 2.7510948181152344, 'learning_rate': 7.712343085361763e-06, 'epoch': 0.34}
{'loss': 0.7636, 'grad_norm': 2.445242404937744, 'learning_rate': 7.710595745793365e-06, 'epoch': 0.34}
{'loss': 1.1866, 'grad_norm': 2.7815499305725098, 'learning_rate': 7.708847937276071e-06, 'epoch': 0.34}
{'loss': 1.0302, 'grad_norm': 2.6408517360687256, 'learning_rate': 7.707099660112254e-06, 'epoch': 0.34}
{'loss': 1.0604, 'grad_norm': 2.795016288757324, 'learning_rate': 7.70535091460438e-06, 'epoch': 0.34}
{'loss': 1.0315, 'grad_norm': 2.6406567096710205, 'learning_rate': 7.703601701054992e-06, 'epoch': 0.34}
{'loss': 1.1186, 'grad_norm': 2.570789337158203, 'learning_rate': 7.701852019766715e-06, 'epoch': 0.34}
{'loss': 0.956, 'grad_norm': 2.6947646141052246, 'learning_rate': 7.700101871042254e-06, 'epoch': 0.34}
{'loss': 1.043, 'grad_norm': 2.809136152267456, 'learning_rate': 7.698351255184391e-06, 'epoch': 0.34}
{'loss': 0.8266, 'grad_norm': 2.530410051345825, 'learning_rate': 7.696600172495997e-06, 'epoch': 0.34}
{'loss': 0.7805, 'grad_norm': 2.4157180786132812, 'learning_rate': 7.694848623280018e-06, 'epoch': 0.34}
{'loss': 0.9059, 'grad_norm': 2.7953908443450928, 'learning_rate': 7.693096607839483e-06, 'epoch': 0.34}
{'loss': 0.7601, 'grad_norm': 2.201108932495117, 'learning_rate': 7.6913441264775e-06, 'epoch': 0.34}
{'loss': 0.8139, 'grad_norm': 2.3589630126953125, 'learning_rate': 7.68959117949726e-06, 'epoch': 0.34}
{'loss': 0.7638, 'grad_norm': 2.333724021911621, 'learning_rate': 7.68783776720203e-06, 'epoch': 0.34}
{'loss': 0.7862, 'grad_norm': 2.667971611022949, 'learning_rate': 7.686083889895163e-06, 'epoch': 0.34}
{'loss': 0.7726, 'grad_norm': 2.519740104675293, 'learning_rate': 7.684329547880092e-06, 'epoch': 0.34}
{'loss': 0.8671, 'grad_norm': 2.512991189956665, 'learning_rate': 7.682574741460323e-06, 'epoch': 0.34}
{'loss': 0.8775, 'grad_norm': 2.6433475017547607, 'learning_rate': 7.680819470939453e-06, 'epoch': 0.34}
{'loss': 1.0605, 'grad_norm': 2.7948217391967773, 'learning_rate': 7.67906373662115e-06, 'epoch': 0.34}
{'loss': 0.8704, 'grad_norm': 2.6011548042297363, 'learning_rate': 7.67730753880917e-06, 'epoch': 0.34}
{'loss': 0.8568, 'grad_norm': 2.5964832305908203, 'learning_rate': 7.675550877807343e-06, 'epoch': 0.34}
{'loss': 0.887, 'grad_norm': 2.2269785404205322, 'learning_rate': 7.673793753919581e-06, 'epoch': 0.34}
{'loss': 1.0099, 'grad_norm': 2.6953718662261963, 'learning_rate': 7.672036167449881e-06, 'epoch': 0.34}
{'loss': 0.8564, 'grad_norm': 2.5371201038360596, 'learning_rate': 7.67027811870231e-06, 'epoch': 0.34}
{'loss': 1.02, 'grad_norm': 2.7961058616638184, 'learning_rate': 7.668519607981023e-06, 'epoch': 0.34}
{'loss': 1.0306, 'grad_norm': 3.030759572982788, 'learning_rate': 7.666760635590254e-06, 'epoch': 0.34}
{'loss': 0.8772, 'grad_norm': 2.671429395675659, 'learning_rate': 7.665001201834314e-06, 'epoch': 0.34}
{'loss': 0.9923, 'grad_norm': 2.692394971847534, 'learning_rate': 7.663241307017599e-06, 'epoch': 0.34}
{'loss': 0.9539, 'grad_norm': 2.641540288925171, 'learning_rate': 7.661480951444572e-06, 'epoch': 0.34}
{'loss': 1.0347, 'grad_norm': 2.756887435913086, 'learning_rate': 7.659720135419796e-06, 'epoch': 0.34}
{'loss': 0.8444, 'grad_norm': 2.6379878520965576, 'learning_rate': 7.657958859247895e-06, 'epoch': 0.34}
{'loss': 0.9023, 'grad_norm': 2.7279889583587646, 'learning_rate': 7.656197123233582e-06, 'epoch': 0.34}
{'loss': 0.9218, 'grad_norm': 2.566779136657715, 'learning_rate': 7.654434927681648e-06, 'epoch': 0.34}
{'loss': 0.8723, 'grad_norm': 2.3642630577087402, 'learning_rate': 7.652672272896962e-06, 'epoch': 0.34}
{'loss': 0.8663, 'grad_norm': 2.5364718437194824, 'learning_rate': 7.650909159184477e-06, 'epoch': 0.34}
{'loss': 1.1412, 'grad_norm': 3.223374128341675, 'learning_rate': 7.649145586849218e-06, 'epoch': 0.34}
{'loss': 0.897, 'grad_norm': 2.5873661041259766, 'learning_rate': 7.647381556196296e-06, 'epoch': 0.34}
{'loss': 0.9218, 'grad_norm': 2.699781656265259, 'learning_rate': 7.645617067530894e-06, 'epoch': 0.34}
{'loss': 1.1086, 'grad_norm': 2.7638494968414307, 'learning_rate': 7.643852121158287e-06, 'epoch': 0.34}
{'loss': 1.0054, 'grad_norm': 2.5972917079925537, 'learning_rate': 7.642086717383812e-06, 'epoch': 0.34}
{'loss': 0.754, 'grad_norm': 2.5397698879241943, 'learning_rate': 7.640320856512901e-06, 'epoch': 0.34}
{'loss': 0.8933, 'grad_norm': 2.7973458766937256, 'learning_rate': 7.638554538851056e-06, 'epoch': 0.34}
{'loss': 0.747, 'grad_norm': 2.4639360904693604, 'learning_rate': 7.63678776470386e-06, 'epoch': 0.34}
{'loss': 0.9908, 'grad_norm': 2.711167812347412, 'learning_rate': 7.635020534376973e-06, 'epoch': 0.34}
{'loss': 0.7051, 'grad_norm': 2.3904550075531006, 'learning_rate': 7.63325284817614e-06, 'epoch': 0.34}
{'loss': 0.8508, 'grad_norm': 2.5206286907196045, 'learning_rate': 7.63148470640718e-06, 'epoch': 0.34}
{'loss': 0.9281, 'grad_norm': 2.708911657333374, 'learning_rate': 7.62971610937599e-06, 'epoch': 0.34}
{'loss': 0.9164, 'grad_norm': 2.673463821411133, 'learning_rate': 7.627947057388552e-06, 'epoch': 0.34}
{'loss': 1.0374, 'grad_norm': 3.162283182144165, 'learning_rate': 7.626177550750916e-06, 'epoch': 0.34}
{'loss': 0.7366, 'grad_norm': 2.612126111984253, 'learning_rate': 7.624407589769222e-06, 'epoch': 0.34}
{'loss': 0.8053, 'grad_norm': 2.444129228591919, 'learning_rate': 7.622637174749681e-06, 'epoch': 0.34}
{'loss': 0.949, 'grad_norm': 2.7344579696655273, 'learning_rate': 7.620866305998587e-06, 'epoch': 0.34}
{'loss': 0.6999, 'grad_norm': 2.5086071491241455, 'learning_rate': 7.619094983822309e-06, 'epoch': 0.34}
{'loss': 0.9445, 'grad_norm': 2.8951499462127686, 'learning_rate': 7.617323208527296e-06, 'epoch': 0.34}
{'loss': 0.9388, 'grad_norm': 2.905264139175415, 'learning_rate': 7.615550980420077e-06, 'epoch': 0.35}
{'loss': 0.8769, 'grad_norm': 2.7946128845214844, 'learning_rate': 7.613778299807257e-06, 'epoch': 0.35}
{'loss': 0.8673, 'grad_norm': 2.9737601280212402, 'learning_rate': 7.61200516699552e-06, 'epoch': 0.35}
{'loss': 0.9742, 'grad_norm': 2.6482620239257812, 'learning_rate': 7.610231582291629e-06, 'epoch': 0.35}
{'loss': 0.9398, 'grad_norm': 2.8417646884918213, 'learning_rate': 7.608457546002423e-06, 'epoch': 0.35}
{'loss': 0.9748, 'grad_norm': 3.0455899238586426, 'learning_rate': 7.606683058434823e-06, 'epoch': 0.35}
{'loss': 0.844, 'grad_norm': 2.436591148376465, 'learning_rate': 7.604908119895823e-06, 'epoch': 0.35}
{'loss': 0.8171, 'grad_norm': 2.492251396179199, 'learning_rate': 7.6031327306924994e-06, 'epoch': 0.35}
{'loss': 0.9512, 'grad_norm': 2.587674617767334, 'learning_rate': 7.601356891132006e-06, 'epoch': 0.35}
{'loss': 0.7121, 'grad_norm': 2.2940433025360107, 'learning_rate': 7.59958060152157e-06, 'epoch': 0.35}
{'loss': 0.7955, 'grad_norm': 2.8731510639190674, 'learning_rate': 7.597803862168502e-06, 'epoch': 0.35}
{'loss': 0.7479, 'grad_norm': 2.396571636199951, 'learning_rate': 7.59602667338019e-06, 'epoch': 0.35}
{'loss': 1.0335, 'grad_norm': 2.893226385116577, 'learning_rate': 7.594249035464094e-06, 'epoch': 0.35}
{'loss': 1.1014, 'grad_norm': 2.7822351455688477, 'learning_rate': 7.5924709487277595e-06, 'epoch': 0.35}
{'loss': 0.8925, 'grad_norm': 2.5390915870666504, 'learning_rate': 7.590692413478804e-06, 'epoch': 0.35}
{'loss': 0.9107, 'grad_norm': 2.784813165664673, 'learning_rate': 7.588913430024925e-06, 'epoch': 0.35}
{'loss': 0.9471, 'grad_norm': 2.719679832458496, 'learning_rate': 7.5871339986738965e-06, 'epoch': 0.35}
{'loss': 0.8531, 'grad_norm': 2.5572421550750732, 'learning_rate': 7.5853541197335716e-06, 'epoch': 0.35}
{'loss': 0.9629, 'grad_norm': 2.739250659942627, 'learning_rate': 7.583573793511878e-06, 'epoch': 0.35}
{'loss': 0.8903, 'grad_norm': 2.600123167037964, 'learning_rate': 7.581793020316825e-06, 'epoch': 0.35}
{'loss': 0.7626, 'grad_norm': 2.4863154888153076, 'learning_rate': 7.580011800456494e-06, 'epoch': 0.35}
{'loss': 0.819, 'grad_norm': 1.9658763408660889, 'learning_rate': 7.578230134239049e-06, 'epoch': 0.35}
{'loss': 0.7348, 'grad_norm': 2.703035831451416, 'learning_rate': 7.576448021972726e-06, 'epoch': 0.35}
{'loss': 1.0589, 'grad_norm': 2.7697365283966064, 'learning_rate': 7.574665463965842e-06, 'epoch': 0.35}
{'loss': 0.8796, 'grad_norm': 2.4482321739196777, 'learning_rate': 7.572882460526791e-06, 'epoch': 0.35}
{'loss': 0.8688, 'grad_norm': 2.3187382221221924, 'learning_rate': 7.571099011964044e-06, 'epoch': 0.35}
{'loss': 0.8637, 'grad_norm': 2.6695735454559326, 'learning_rate': 7.569315118586145e-06, 'epoch': 0.35}
{'loss': 0.8074, 'grad_norm': 2.2727410793304443, 'learning_rate': 7.56753078070172e-06, 'epoch': 0.35}
{'loss': 0.836, 'grad_norm': 3.1499509811401367, 'learning_rate': 7.565745998619467e-06, 'epoch': 0.35}
{'loss': 0.784, 'grad_norm': 2.4384729862213135, 'learning_rate': 7.563960772648167e-06, 'epoch': 0.35}
{'loss': 0.8561, 'grad_norm': 2.540987730026245, 'learning_rate': 7.562175103096674e-06, 'epoch': 0.35}
{'loss': 0.8896, 'grad_norm': 2.5962183475494385, 'learning_rate': 7.560388990273917e-06, 'epoch': 0.35}
{'loss': 0.761, 'grad_norm': 2.5022406578063965, 'learning_rate': 7.5586024344889075e-06, 'epoch': 0.35}
{'loss': 0.8947, 'grad_norm': 2.676724672317505, 'learning_rate': 7.556815436050726e-06, 'epoch': 0.35}
{'loss': 0.7938, 'grad_norm': 2.7115726470947266, 'learning_rate': 7.555027995268539e-06, 'epoch': 0.35}
{'loss': 0.9255, 'grad_norm': 2.6495702266693115, 'learning_rate': 7.5532401124515784e-06, 'epoch': 0.35}
{'loss': 0.6225, 'grad_norm': 2.4588582515716553, 'learning_rate': 7.551451787909162e-06, 'epoch': 0.35}
{'loss': 0.8903, 'grad_norm': 2.545815944671631, 'learning_rate': 7.5496630219506805e-06, 'epoch': 0.35}
{'loss': 0.7427, 'grad_norm': 2.4934539794921875, 'learning_rate': 7.547873814885598e-06, 'epoch': 0.35}
{'loss': 0.8147, 'grad_norm': 2.427548885345459, 'learning_rate': 7.546084167023462e-06, 'epoch': 0.35}
{'loss': 1.086, 'grad_norm': 2.6604747772216797, 'learning_rate': 7.544294078673886e-06, 'epoch': 0.35}
{'loss': 0.9773, 'grad_norm': 2.779555320739746, 'learning_rate': 7.542503550146573e-06, 'epoch': 0.35}
{'loss': 0.9922, 'grad_norm': 2.7294867038726807, 'learning_rate': 7.54071258175129e-06, 'epoch': 0.35}
{'loss': 0.7491, 'grad_norm': 2.4117116928100586, 'learning_rate': 7.538921173797884e-06, 'epoch': 0.35}
{'loss': 0.808, 'grad_norm': 2.491901159286499, 'learning_rate': 7.537129326596284e-06, 'epoch': 0.35}
{'loss': 0.8465, 'grad_norm': 2.6560261249542236, 'learning_rate': 7.535337040456485e-06, 'epoch': 0.35}
{'loss': 0.905, 'grad_norm': 2.562645673751831, 'learning_rate': 7.533544315688568e-06, 'epoch': 0.35}
{'loss': 0.715, 'grad_norm': 2.0178630352020264, 'learning_rate': 7.5317511526026795e-06, 'epoch': 0.35}
{'loss': 0.8302, 'grad_norm': 2.5032825469970703, 'learning_rate': 7.529957551509053e-06, 'epoch': 0.35}
{'loss': 0.8398, 'grad_norm': 2.4087107181549072, 'learning_rate': 7.528163512717985e-06, 'epoch': 0.35}
{'loss': 0.8026, 'grad_norm': 2.0770318508148193, 'learning_rate': 7.526369036539862e-06, 'epoch': 0.35}
{'loss': 0.8828, 'grad_norm': 2.4172019958496094, 'learning_rate': 7.524574123285134e-06, 'epoch': 0.35}
{'loss': 0.739, 'grad_norm': 2.6246566772460938, 'learning_rate': 7.522778773264332e-06, 'epoch': 0.35}
{'loss': 0.9317, 'grad_norm': 2.6948513984680176, 'learning_rate': 7.520982986788065e-06, 'epoch': 0.35}
{'loss': 0.8276, 'grad_norm': 2.380934238433838, 'learning_rate': 7.51918676416701e-06, 'epoch': 0.35}
{'loss': 1.0771, 'grad_norm': 3.087287425994873, 'learning_rate': 7.517390105711928e-06, 'epoch': 0.35}
{'loss': 1.1212, 'grad_norm': 2.88893985748291, 'learning_rate': 7.515593011733648e-06, 'epoch': 0.35}
{'loss': 0.7351, 'grad_norm': 2.409180164337158, 'learning_rate': 7.513795482543082e-06, 'epoch': 0.35}
{'loss': 0.9814, 'grad_norm': 2.7183451652526855, 'learning_rate': 7.511997518451211e-06, 'epoch': 0.35}
{'loss': 0.9954, 'grad_norm': 2.6674883365631104, 'learning_rate': 7.51019911976909e-06, 'epoch': 0.35}
{'loss': 0.9705, 'grad_norm': 2.7884368896484375, 'learning_rate': 7.508400286807859e-06, 'epoch': 0.35}
{'loss': 0.8437, 'grad_norm': 2.8033673763275146, 'learning_rate': 7.5066010198787194e-06, 'epoch': 0.35}
{'loss': 0.8286, 'grad_norm': 2.4092695713043213, 'learning_rate': 7.5048013192929615e-06, 'epoch': 0.35}
{'loss': 0.9413, 'grad_norm': 2.7165231704711914, 'learning_rate': 7.503001185361939e-06, 'epoch': 0.35}
{'loss': 0.7646, 'grad_norm': 2.411853790283203, 'learning_rate': 7.501200618397089e-06, 'epoch': 0.35}
{'loss': 1.0427, 'grad_norm': 3.2003891468048096, 'learning_rate': 7.499399618709917e-06, 'epoch': 0.35}
{'loss': 0.8363, 'grad_norm': 2.5557100772857666, 'learning_rate': 7.497598186612011e-06, 'epoch': 0.35}
{'loss': 0.993, 'grad_norm': 2.493394374847412, 'learning_rate': 7.495796322415025e-06, 'epoch': 0.35}
{'loss': 0.7823, 'grad_norm': 2.4323318004608154, 'learning_rate': 7.493994026430693e-06, 'epoch': 0.35}
{'loss': 0.987, 'grad_norm': 2.6279709339141846, 'learning_rate': 7.492191298970825e-06, 'epoch': 0.35}
{'loss': 0.7939, 'grad_norm': 2.4860613346099854, 'learning_rate': 7.490388140347299e-06, 'epoch': 0.35}
{'loss': 0.7217, 'grad_norm': 2.1999452114105225, 'learning_rate': 7.488584550872075e-06, 'epoch': 0.35}
{'loss': 0.9492, 'grad_norm': 2.3745360374450684, 'learning_rate': 7.486780530857186e-06, 'epoch': 0.35}
{'loss': 0.9357, 'grad_norm': 2.6527719497680664, 'learning_rate': 7.484976080614735e-06, 'epoch': 0.35}
{'loss': 0.9634, 'grad_norm': 2.707051992416382, 'learning_rate': 7.483171200456906e-06, 'epoch': 0.35}
{'loss': 0.9329, 'grad_norm': 2.482424736022949, 'learning_rate': 7.481365890695948e-06, 'epoch': 0.35}
{'loss': 1.0371, 'grad_norm': 3.158212900161743, 'learning_rate': 7.479560151644195e-06, 'epoch': 0.35}
{'loss': 0.8282, 'grad_norm': 2.681000232696533, 'learning_rate': 7.477753983614049e-06, 'epoch': 0.35}
{'loss': 0.8536, 'grad_norm': 2.7750353813171387, 'learning_rate': 7.475947386917988e-06, 'epoch': 0.36}
{'loss': 0.7176, 'grad_norm': 2.567051649093628, 'learning_rate': 7.4741403618685615e-06, 'epoch': 0.36}
{'loss': 0.7754, 'grad_norm': 2.384972095489502, 'learning_rate': 7.4723329087783995e-06, 'epoch': 0.36}
{'loss': 1.0893, 'grad_norm': 2.634779930114746, 'learning_rate': 7.470525027960198e-06, 'epoch': 0.36}
{'loss': 0.902, 'grad_norm': 2.5053482055664062, 'learning_rate': 7.468716719726733e-06, 'epoch': 0.36}
{'loss': 0.9242, 'grad_norm': 2.493731737136841, 'learning_rate': 7.466907984390852e-06, 'epoch': 0.36}
{'loss': 1.0074, 'grad_norm': 2.784324884414673, 'learning_rate': 7.465098822265477e-06, 'epoch': 0.36}
{'loss': 0.9058, 'grad_norm': 2.6552350521087646, 'learning_rate': 7.463289233663604e-06, 'epoch': 0.36}
{'loss': 0.8657, 'grad_norm': 2.435582399368286, 'learning_rate': 7.461479218898301e-06, 'epoch': 0.36}
{'loss': 0.9707, 'grad_norm': 2.8934450149536133, 'learning_rate': 7.4596687782827124e-06, 'epoch': 0.36}
{'loss': 0.859, 'grad_norm': 2.9790186882019043, 'learning_rate': 7.457857912130054e-06, 'epoch': 0.36}
{'loss': 0.8919, 'grad_norm': 2.677469253540039, 'learning_rate': 7.4560466207536175e-06, 'epoch': 0.36}
{'loss': 1.0605, 'grad_norm': 2.721956729888916, 'learning_rate': 7.454234904466766e-06, 'epoch': 0.36}
{'loss': 0.778, 'grad_norm': 2.436206579208374, 'learning_rate': 7.452422763582937e-06, 'epoch': 0.36}
{'loss': 0.8522, 'grad_norm': 2.469926357269287, 'learning_rate': 7.450610198415641e-06, 'epoch': 0.36}
{'loss': 0.9549, 'grad_norm': 2.6689186096191406, 'learning_rate': 7.448797209278465e-06, 'epoch': 0.36}
{'loss': 0.9776, 'grad_norm': 2.6732921600341797, 'learning_rate': 7.446983796485062e-06, 'epoch': 0.36}
{'loss': 1.0238, 'grad_norm': 2.736543893814087, 'learning_rate': 7.445169960349167e-06, 'epoch': 0.36}
{'loss': 0.8189, 'grad_norm': 2.30171799659729, 'learning_rate': 7.443355701184583e-06, 'epoch': 0.36}
{'loss': 0.8895, 'grad_norm': 2.6848015785217285, 'learning_rate': 7.441541019305187e-06, 'epoch': 0.36}
{'loss': 0.875, 'grad_norm': 2.489452838897705, 'learning_rate': 7.43972591502493e-06, 'epoch': 0.36}
{'loss': 0.8621, 'grad_norm': 2.671891212463379, 'learning_rate': 7.437910388657837e-06, 'epoch': 0.36}
{'loss': 0.9947, 'grad_norm': 2.5476150512695312, 'learning_rate': 7.436094440518001e-06, 'epoch': 0.36}
{'loss': 0.7656, 'grad_norm': 2.4023261070251465, 'learning_rate': 7.434278070919596e-06, 'epoch': 0.36}
{'loss': 0.6987, 'grad_norm': 2.364027738571167, 'learning_rate': 7.432461280176861e-06, 'epoch': 0.36}
{'loss': 1.0747, 'grad_norm': 2.817373752593994, 'learning_rate': 7.430644068604114e-06, 'epoch': 0.36}
{'loss': 0.8564, 'grad_norm': 2.429966449737549, 'learning_rate': 7.428826436515741e-06, 'epoch': 0.36}
{'loss': 0.8462, 'grad_norm': 2.6252286434173584, 'learning_rate': 7.4270083842262045e-06, 'epoch': 0.36}
{'loss': 1.0359, 'grad_norm': 2.756843090057373, 'learning_rate': 7.425189912050038e-06, 'epoch': 0.36}
{'loss': 0.8053, 'grad_norm': 2.257981061935425, 'learning_rate': 7.423371020301847e-06, 'epoch': 0.36}
{'loss': 0.861, 'grad_norm': 2.6567413806915283, 'learning_rate': 7.421551709296311e-06, 'epoch': 0.36}
{'loss': 1.0098, 'grad_norm': 2.680814504623413, 'learning_rate': 7.419731979348182e-06, 'epoch': 0.36}
{'loss': 0.8525, 'grad_norm': 2.701693534851074, 'learning_rate': 7.417911830772283e-06, 'epoch': 0.36}
{'loss': 0.9996, 'grad_norm': 2.909740447998047, 'learning_rate': 7.416091263883511e-06, 'epoch': 0.36}
{'loss': 0.8993, 'grad_norm': 2.7287583351135254, 'learning_rate': 7.4142702789968335e-06, 'epoch': 0.36}
{'loss': 0.8908, 'grad_norm': 2.8454654216766357, 'learning_rate': 7.412448876427293e-06, 'epoch': 0.36}
{'loss': 0.8545, 'grad_norm': 2.6933112144470215, 'learning_rate': 7.4106270564900015e-06, 'epoch': 0.36}
{'loss': 0.8639, 'grad_norm': 2.5097765922546387, 'learning_rate': 7.408804819500146e-06, 'epoch': 0.36}
{'loss': 0.8984, 'grad_norm': 2.7276346683502197, 'learning_rate': 7.406982165772981e-06, 'epoch': 0.36}
{'loss': 0.7881, 'grad_norm': 2.581077814102173, 'learning_rate': 7.405159095623842e-06, 'epoch': 0.36}
{'loss': 0.9073, 'grad_norm': 2.4443113803863525, 'learning_rate': 7.403335609368125e-06, 'epoch': 0.36}
{'loss': 0.8294, 'grad_norm': 2.5669338703155518, 'learning_rate': 7.401511707321307e-06, 'epoch': 0.36}
{'loss': 0.7463, 'grad_norm': 2.378033399581909, 'learning_rate': 7.399687389798933e-06, 'epoch': 0.36}
{'loss': 0.9115, 'grad_norm': 2.475090980529785, 'learning_rate': 7.397862657116619e-06, 'epoch': 0.36}
{'loss': 0.8737, 'grad_norm': 2.960815668106079, 'learning_rate': 7.396037509590057e-06, 'epoch': 0.36}
{'loss': 0.7507, 'grad_norm': 2.5959372520446777, 'learning_rate': 7.394211947535006e-06, 'epoch': 0.36}
{'loss': 0.9397, 'grad_norm': 2.204913377761841, 'learning_rate': 7.392385971267302e-06, 'epoch': 0.36}
{'loss': 0.7025, 'grad_norm': 2.43194580078125, 'learning_rate': 7.390559581102845e-06, 'epoch': 0.36}
{'loss': 0.7044, 'grad_norm': 2.3501713275909424, 'learning_rate': 7.3887327773576155e-06, 'epoch': 0.36}
{'loss': 1.1212, 'grad_norm': 2.534106492996216, 'learning_rate': 7.386905560347659e-06, 'epoch': 0.36}
{'loss': 0.9568, 'grad_norm': 2.493457078933716, 'learning_rate': 7.385077930389094e-06, 'epoch': 0.36}
{'loss': 0.8385, 'grad_norm': 2.709329128265381, 'learning_rate': 7.383249887798113e-06, 'epoch': 0.36}
{'loss': 0.7726, 'grad_norm': 2.410980224609375, 'learning_rate': 7.381421432890976e-06, 'epoch': 0.36}
{'loss': 0.7547, 'grad_norm': 2.36759090423584, 'learning_rate': 7.379592565984021e-06, 'epoch': 0.36}
{'loss': 0.9665, 'grad_norm': 3.469625234603882, 'learning_rate': 7.377763287393645e-06, 'epoch': 0.36}
{'loss': 1.0795, 'grad_norm': 2.538403034210205, 'learning_rate': 7.375933597436331e-06, 'epoch': 0.36}
{'loss': 0.9204, 'grad_norm': 2.6500742435455322, 'learning_rate': 7.374103496428623e-06, 'epoch': 0.36}
{'loss': 0.9257, 'grad_norm': 2.6848294734954834, 'learning_rate': 7.3722729846871385e-06, 'epoch': 0.36}
{'loss': 1.1375, 'grad_norm': 2.6262381076812744, 'learning_rate': 7.370442062528569e-06, 'epoch': 0.36}
{'loss': 1.0254, 'grad_norm': 2.7414512634277344, 'learning_rate': 7.368610730269672e-06, 'epoch': 0.36}
{'loss': 0.7527, 'grad_norm': 2.406928539276123, 'learning_rate': 7.366778988227281e-06, 'epoch': 0.36}
{'loss': 0.7911, 'grad_norm': 2.4648189544677734, 'learning_rate': 7.364946836718296e-06, 'epoch': 0.36}
{'loss': 1.1956, 'grad_norm': 2.9992146492004395, 'learning_rate': 7.363114276059693e-06, 'epoch': 0.36}
{'loss': 0.9487, 'grad_norm': 2.5077834129333496, 'learning_rate': 7.361281306568511e-06, 'epoch': 0.36}
{'loss': 0.8568, 'grad_norm': 2.5299596786499023, 'learning_rate': 7.3594479285618696e-06, 'epoch': 0.36}
{'loss': 1.0525, 'grad_norm': 2.9025776386260986, 'learning_rate': 7.35761414235695e-06, 'epoch': 0.36}
{'loss': 0.931, 'grad_norm': 2.6859242916107178, 'learning_rate': 7.355779948271009e-06, 'epoch': 0.36}
{'loss': 0.7404, 'grad_norm': 2.4917566776275635, 'learning_rate': 7.3539453466213766e-06, 'epoch': 0.36}
{'loss': 1.1014, 'grad_norm': 2.811619281768799, 'learning_rate': 7.352110337725442e-06, 'epoch': 0.36}
{'loss': 1.0657, 'grad_norm': 2.868558645248413, 'learning_rate': 7.3502749219006795e-06, 'epoch': 0.36}
{'loss': 0.8316, 'grad_norm': 2.502241849899292, 'learning_rate': 7.3484390994646224e-06, 'epoch': 0.36}
{'loss': 0.9147, 'grad_norm': 2.6408591270446777, 'learning_rate': 7.346602870734882e-06, 'epoch': 0.36}
{'loss': 0.8511, 'grad_norm': 2.5675101280212402, 'learning_rate': 7.344766236029134e-06, 'epoch': 0.36}
{'loss': 0.8564, 'grad_norm': 2.5136008262634277, 'learning_rate': 7.342929195665127e-06, 'epoch': 0.36}
{'loss': 0.6856, 'grad_norm': 2.2169125080108643, 'learning_rate': 7.341091749960684e-06, 'epoch': 0.36}
{'loss': 0.8408, 'grad_norm': 2.6050541400909424, 'learning_rate': 7.339253899233687e-06, 'epoch': 0.36}
{'loss': 0.9016, 'grad_norm': 2.7481861114501953, 'learning_rate': 7.337415643802099e-06, 'epoch': 0.36}
{'loss': 0.8755, 'grad_norm': 2.661104917526245, 'learning_rate': 7.335576983983949e-06, 'epoch': 0.36}
{'loss': 1.3157, 'grad_norm': 3.222914934158325, 'learning_rate': 7.333737920097334e-06, 'epoch': 0.37}
{'loss': 0.7645, 'grad_norm': 2.3130457401275635, 'learning_rate': 7.331898452460425e-06, 'epoch': 0.37}
{'loss': 0.7882, 'grad_norm': 2.1428089141845703, 'learning_rate': 7.33005858139146e-06, 'epoch': 0.37}
{'loss': 0.9662, 'grad_norm': 2.7226264476776123, 'learning_rate': 7.328218307208748e-06, 'epoch': 0.37}
{'loss': 0.7576, 'grad_norm': 2.481781005859375, 'learning_rate': 7.326377630230663e-06, 'epoch': 0.37}
{'loss': 0.9548, 'grad_norm': 2.6591086387634277, 'learning_rate': 7.324536550775658e-06, 'epoch': 0.37}
{'loss': 0.6862, 'grad_norm': 2.364331007003784, 'learning_rate': 7.3226950691622475e-06, 'epoch': 0.37}
{'loss': 0.7742, 'grad_norm': 2.3998239040374756, 'learning_rate': 7.32085318570902e-06, 'epoch': 0.37}
{'loss': 0.7246, 'grad_norm': 2.4629321098327637, 'learning_rate': 7.319010900734633e-06, 'epoch': 0.37}
{'loss': 0.9312, 'grad_norm': 2.667644500732422, 'learning_rate': 7.31716821455781e-06, 'epoch': 0.37}
{'loss': 0.9033, 'grad_norm': 2.8300161361694336, 'learning_rate': 7.31532512749735e-06, 'epoch': 0.37}
{'loss': 0.9895, 'grad_norm': 2.799314260482788, 'learning_rate': 7.313481639872114e-06, 'epoch': 0.37}
{'loss': 0.964, 'grad_norm': 2.7527167797088623, 'learning_rate': 7.3116377520010395e-06, 'epoch': 0.37}
{'loss': 0.7327, 'grad_norm': 2.393599510192871, 'learning_rate': 7.309793464203125e-06, 'epoch': 0.37}
{'loss': 0.7699, 'grad_norm': 2.3404436111450195, 'learning_rate': 7.3079487767974475e-06, 'epoch': 0.37}
{'loss': 0.8797, 'grad_norm': 2.408440113067627, 'learning_rate': 7.306103690103148e-06, 'epoch': 0.37}
{'loss': 0.8211, 'grad_norm': 2.6431212425231934, 'learning_rate': 7.304258204439437e-06, 'epoch': 0.37}
{'loss': 0.8735, 'grad_norm': 2.6995303630828857, 'learning_rate': 7.302412320125593e-06, 'epoch': 0.37}
{'loss': 0.9035, 'grad_norm': 2.603194236755371, 'learning_rate': 7.300566037480967e-06, 'epoch': 0.37}
{'loss': 0.8844, 'grad_norm': 2.585357189178467, 'learning_rate': 7.298719356824975e-06, 'epoch': 0.37}
{'loss': 0.8048, 'grad_norm': 2.4558048248291016, 'learning_rate': 7.296872278477103e-06, 'epoch': 0.37}
{'loss': 1.1786, 'grad_norm': 2.874955654144287, 'learning_rate': 7.295024802756908e-06, 'epoch': 0.37}
{'loss': 0.8895, 'grad_norm': 2.5034549236297607, 'learning_rate': 7.293176929984014e-06, 'epoch': 0.37}
{'loss': 1.048, 'grad_norm': 2.681684970855713, 'learning_rate': 7.291328660478113e-06, 'epoch': 0.37}
{'loss': 0.8714, 'grad_norm': 2.499697208404541, 'learning_rate': 7.289479994558966e-06, 'epoch': 0.37}
{'loss': 0.8442, 'grad_norm': 2.5093281269073486, 'learning_rate': 7.287630932546404e-06, 'epoch': 0.37}
{'loss': 0.8162, 'grad_norm': 2.471287250518799, 'learning_rate': 7.285781474760325e-06, 'epoch': 0.37}
{'loss': 0.9101, 'grad_norm': 2.6787374019622803, 'learning_rate': 7.283931621520697e-06, 'epoch': 0.37}
{'loss': 0.8129, 'grad_norm': 2.7986152172088623, 'learning_rate': 7.282081373147553e-06, 'epoch': 0.37}
{'loss': 1.1151, 'grad_norm': 2.7389559745788574, 'learning_rate': 7.2802307299610006e-06, 'epoch': 0.37}
{'loss': 0.9397, 'grad_norm': 2.4728598594665527, 'learning_rate': 7.278379692281209e-06, 'epoch': 0.37}
{'loss': 0.9126, 'grad_norm': 2.5081114768981934, 'learning_rate': 7.276528260428418e-06, 'epoch': 0.37}
{'loss': 0.8792, 'grad_norm': 2.5185494422912598, 'learning_rate': 7.274676434722938e-06, 'epoch': 0.37}
{'loss': 1.1119, 'grad_norm': 2.860029935836792, 'learning_rate': 7.272824215485146e-06, 'epoch': 0.37}
{'loss': 0.7558, 'grad_norm': 2.402928113937378, 'learning_rate': 7.270971603035484e-06, 'epoch': 0.37}
{'loss': 0.8309, 'grad_norm': 2.3585195541381836, 'learning_rate': 7.269118597694468e-06, 'epoch': 0.37}
{'loss': 0.7832, 'grad_norm': 2.513465404510498, 'learning_rate': 7.267265199782676e-06, 'epoch': 0.37}
{'loss': 0.8474, 'grad_norm': 2.670391798019409, 'learning_rate': 7.265411409620758e-06, 'epoch': 0.37}
{'loss': 0.7986, 'grad_norm': 2.3851888179779053, 'learning_rate': 7.263557227529432e-06, 'epoch': 0.37}
{'loss': 0.7673, 'grad_norm': 2.4014759063720703, 'learning_rate': 7.2617026538294795e-06, 'epoch': 0.37}
{'loss': 0.8476, 'grad_norm': 2.7548539638519287, 'learning_rate': 7.259847688841755e-06, 'epoch': 0.37}
{'loss': 0.6823, 'grad_norm': 2.617525339126587, 'learning_rate': 7.257992332887176e-06, 'epoch': 0.37}
{'loss': 1.0006, 'grad_norm': 2.7482991218566895, 'learning_rate': 7.25613658628673e-06, 'epoch': 0.37}
{'loss': 0.92, 'grad_norm': 2.6987667083740234, 'learning_rate': 7.254280449361476e-06, 'epoch': 0.37}
{'loss': 0.7193, 'grad_norm': 2.3230326175689697, 'learning_rate': 7.252423922432532e-06, 'epoch': 0.37}
{'loss': 0.9538, 'grad_norm': 2.7441704273223877, 'learning_rate': 7.250567005821089e-06, 'epoch': 0.37}
{'loss': 0.8739, 'grad_norm': 2.7461483478546143, 'learning_rate': 7.248709699848406e-06, 'epoch': 0.37}
{'loss': 0.9306, 'grad_norm': 2.4967541694641113, 'learning_rate': 7.246852004835807e-06, 'epoch': 0.37}
{'loss': 0.8652, 'grad_norm': 2.7140209674835205, 'learning_rate': 7.2449939211046835e-06, 'epoch': 0.37}
{'loss': 0.8976, 'grad_norm': 2.430077314376831, 'learning_rate': 7.243135448976496e-06, 'epoch': 0.37}
{'loss': 0.8939, 'grad_norm': 2.225191116333008, 'learning_rate': 7.24127658877277e-06, 'epoch': 0.37}
{'loss': 0.7375, 'grad_norm': 2.407959461212158, 'learning_rate': 7.239417340815099e-06, 'epoch': 0.37}
{'loss': 0.8802, 'grad_norm': 2.508972644805908, 'learning_rate': 7.237557705425145e-06, 'epoch': 0.37}
{'loss': 0.8508, 'grad_norm': 2.6777591705322266, 'learning_rate': 7.235697682924634e-06, 'epoch': 0.37}
{'loss': 0.7853, 'grad_norm': 2.3637547492980957, 'learning_rate': 7.233837273635361e-06, 'epoch': 0.37}
{'loss': 0.9569, 'grad_norm': 2.7322707176208496, 'learning_rate': 7.231976477879191e-06, 'epoch': 0.37}
{'loss': 0.6936, 'grad_norm': 2.5461971759796143, 'learning_rate': 7.230115295978048e-06, 'epoch': 0.37}
{'loss': 0.7772, 'grad_norm': 2.480663299560547, 'learning_rate': 7.228253728253931e-06, 'epoch': 0.37}
{'loss': 0.7454, 'grad_norm': 2.3893027305603027, 'learning_rate': 7.226391775028899e-06, 'epoch': 0.37}
{'loss': 0.7581, 'grad_norm': 2.4774701595306396, 'learning_rate': 7.224529436625083e-06, 'epoch': 0.37}
{'loss': 1.1403, 'grad_norm': 2.8870980739593506, 'learning_rate': 7.2226667133646775e-06, 'epoch': 0.37}
{'loss': 0.9625, 'grad_norm': 2.6134610176086426, 'learning_rate': 7.220803605569944e-06, 'epoch': 0.37}
{'loss': 1.0519, 'grad_norm': 2.850409984588623, 'learning_rate': 7.218940113563213e-06, 'epoch': 0.37}
{'loss': 0.7975, 'grad_norm': 2.507153034210205, 'learning_rate': 7.217076237666878e-06, 'epoch': 0.37}
{'loss': 1.0134, 'grad_norm': 2.7283480167388916, 'learning_rate': 7.2152119782034006e-06, 'epoch': 0.37}
{'loss': 0.9126, 'grad_norm': 2.4475932121276855, 'learning_rate': 7.213347335495306e-06, 'epoch': 0.37}
{'loss': 0.8382, 'grad_norm': 2.3656883239746094, 'learning_rate': 7.211482309865195e-06, 'epoch': 0.37}
{'loss': 0.7297, 'grad_norm': 2.1519758701324463, 'learning_rate': 7.209616901635721e-06, 'epoch': 0.37}
{'loss': 0.8487, 'grad_norm': 2.5302963256835938, 'learning_rate': 7.207751111129613e-06, 'epoch': 0.37}
{'loss': 0.8589, 'grad_norm': 2.751699686050415, 'learning_rate': 7.205884938669666e-06, 'epoch': 0.37}
{'loss': 0.8603, 'grad_norm': 2.532905340194702, 'learning_rate': 7.204018384578735e-06, 'epoch': 0.37}
{'loss': 0.7373, 'grad_norm': 2.345510959625244, 'learning_rate': 7.202151449179749e-06, 'epoch': 0.37}
{'loss': 0.8452, 'grad_norm': 2.4252967834472656, 'learning_rate': 7.200284132795694e-06, 'epoch': 0.37}
{'loss': 0.8946, 'grad_norm': 2.641878366470337, 'learning_rate': 7.198416435749629e-06, 'epoch': 0.37}
{'loss': 1.2088, 'grad_norm': 2.9195382595062256, 'learning_rate': 7.196548358364676e-06, 'epoch': 0.37}
{'loss': 0.8644, 'grad_norm': 2.569349765777588, 'learning_rate': 7.1946799009640246e-06, 'epoch': 0.37}
{'loss': 1.23, 'grad_norm': 3.129786729812622, 'learning_rate': 7.192811063870928e-06, 'epoch': 0.37}
{'loss': 1.0422, 'grad_norm': 3.034921407699585, 'learning_rate': 7.190941847408706e-06, 'epoch': 0.37}
{'loss': 0.7734, 'grad_norm': 2.6720399856567383, 'learning_rate': 7.189072251900744e-06, 'epoch': 0.38}
{'loss': 1.1028, 'grad_norm': 2.807778835296631, 'learning_rate': 7.187202277670492e-06, 'epoch': 0.38}
{'loss': 0.968, 'grad_norm': 2.7542152404785156, 'learning_rate': 7.1853319250414675e-06, 'epoch': 0.38}
{'loss': 0.9286, 'grad_norm': 2.5106446743011475, 'learning_rate': 7.1834611943372525e-06, 'epoch': 0.38}
{'loss': 0.829, 'grad_norm': 2.6895220279693604, 'learning_rate': 7.181590085881492e-06, 'epoch': 0.38}
{'loss': 1.1447, 'grad_norm': 3.1790788173675537, 'learning_rate': 7.179718599997903e-06, 'epoch': 0.38}
{'loss': 1.0068, 'grad_norm': 3.0162181854248047, 'learning_rate': 7.17784673701026e-06, 'epoch': 0.38}
{'loss': 1.1035, 'grad_norm': 2.7243473529815674, 'learning_rate': 7.1759744972424095e-06, 'epoch': 0.38}
{'loss': 0.8079, 'grad_norm': 1.7676429748535156, 'learning_rate': 7.174101881018255e-06, 'epoch': 0.38}
{'loss': 0.9358, 'grad_norm': 2.5117506980895996, 'learning_rate': 7.172228888661775e-06, 'epoch': 0.38}
{'loss': 0.9519, 'grad_norm': 2.596825361251831, 'learning_rate': 7.1703555204970055e-06, 'epoch': 0.38}
{'loss': 0.851, 'grad_norm': 2.479787588119507, 'learning_rate': 7.1684817768480486e-06, 'epoch': 0.38}
{'loss': 0.8991, 'grad_norm': 2.527067184448242, 'learning_rate': 7.1666076580390785e-06, 'epoch': 0.38}
{'loss': 0.7594, 'grad_norm': 2.3472743034362793, 'learning_rate': 7.164733164394322e-06, 'epoch': 0.38}
{'loss': 0.9245, 'grad_norm': 2.517176866531372, 'learning_rate': 7.162858296238083e-06, 'epoch': 0.38}
{'loss': 0.7967, 'grad_norm': 2.4683423042297363, 'learning_rate': 7.16098305389472e-06, 'epoch': 0.38}
{'loss': 0.8688, 'grad_norm': 2.4552199840545654, 'learning_rate': 7.159107437688665e-06, 'epoch': 0.38}
{'loss': 1.0322, 'grad_norm': 2.715376138687134, 'learning_rate': 7.157231447944408e-06, 'epoch': 0.38}
{'loss': 0.8477, 'grad_norm': 2.5004780292510986, 'learning_rate': 7.1553550849865065e-06, 'epoch': 0.38}
{'loss': 1.1632, 'grad_norm': 2.7974202632904053, 'learning_rate': 7.153478349139585e-06, 'epoch': 0.38}
{'loss': 0.7688, 'grad_norm': 2.429171323776245, 'learning_rate': 7.151601240728324e-06, 'epoch': 0.38}
{'loss': 0.8951, 'grad_norm': 2.425839900970459, 'learning_rate': 7.149723760077481e-06, 'epoch': 0.38}
{'loss': 0.9351, 'grad_norm': 2.4876105785369873, 'learning_rate': 7.147845907511863e-06, 'epoch': 0.38}
{'loss': 0.8148, 'grad_norm': 2.3401923179626465, 'learning_rate': 7.145967683356358e-06, 'epoch': 0.38}
{'loss': 0.6572, 'grad_norm': 2.317375421524048, 'learning_rate': 7.144089087935905e-06, 'epoch': 0.38}
{'loss': 0.9627, 'grad_norm': 2.7048182487487793, 'learning_rate': 7.142210121575512e-06, 'epoch': 0.38}
{'loss': 0.7466, 'grad_norm': 2.3878867626190186, 'learning_rate': 7.140330784600255e-06, 'epoch': 0.38}
{'loss': 0.6656, 'grad_norm': 2.2676684856414795, 'learning_rate': 7.138451077335265e-06, 'epoch': 0.38}
{'loss': 0.857, 'grad_norm': 2.897012710571289, 'learning_rate': 7.1365710001057455e-06, 'epoch': 0.38}
{'loss': 0.7614, 'grad_norm': 2.5550050735473633, 'learning_rate': 7.134690553236958e-06, 'epoch': 0.38}
{'loss': 1.0095, 'grad_norm': 2.616361379623413, 'learning_rate': 7.132809737054236e-06, 'epoch': 0.38}
{'loss': 1.0795, 'grad_norm': 2.486527442932129, 'learning_rate': 7.130928551882966e-06, 'epoch': 0.38}
{'loss': 0.7594, 'grad_norm': 2.3534467220306396, 'learning_rate': 7.129046998048607e-06, 'epoch': 0.38}
{'loss': 1.001, 'grad_norm': 2.577765703201294, 'learning_rate': 7.1271650758766806e-06, 'epoch': 0.38}
{'loss': 1.0587, 'grad_norm': 2.743039846420288, 'learning_rate': 7.125282785692766e-06, 'epoch': 0.38}
{'loss': 0.8409, 'grad_norm': 3.076333522796631, 'learning_rate': 7.123400127822515e-06, 'epoch': 0.38}
{'loss': 1.0171, 'grad_norm': 2.6837544441223145, 'learning_rate': 7.121517102591633e-06, 'epoch': 0.38}
{'loss': 0.9749, 'grad_norm': 2.860732316970825, 'learning_rate': 7.1196337103258986e-06, 'epoch': 0.38}
{'loss': 0.9055, 'grad_norm': 2.5956830978393555, 'learning_rate': 7.117749951351147e-06, 'epoch': 0.38}
{'loss': 0.9322, 'grad_norm': 2.6149933338165283, 'learning_rate': 7.1158658259932824e-06, 'epoch': 0.38}
{'loss': 0.6743, 'grad_norm': 2.50152587890625, 'learning_rate': 7.113981334578268e-06, 'epoch': 0.38}
{'loss': 0.9532, 'grad_norm': 2.8458244800567627, 'learning_rate': 7.112096477432131e-06, 'epoch': 0.38}
{'loss': 0.8744, 'grad_norm': 2.521510601043701, 'learning_rate': 7.110211254880966e-06, 'epoch': 0.38}
{'loss': 0.9827, 'grad_norm': 2.6056463718414307, 'learning_rate': 7.10832566725092e-06, 'epoch': 0.38}
{'loss': 0.7119, 'grad_norm': 2.3879384994506836, 'learning_rate': 7.106439714868218e-06, 'epoch': 0.38}
[02:29:17.043737] Error: Error reading OpenGVLab/stage2/OpenMMLab___Kinetics-400/raw/Kinetics-400/videos_train/0V449UJoTeY.mp4...
[02:29:17.043793] Failed to read video file: OpenGVLab/stage2/OpenMMLab___Kinetics-400/raw/Kinetics-400/videos_train/0V449UJoTeY.mp4
[02:29:17.043809] [Try #0] Failed to fetch sample 188690. Exception: Error reading OpenGVLab/stage2/OpenMMLab___Kinetics-400/raw/Kinetics-400/videos_train/0V449UJoTeY.mp4...
[02:29:18.045161] Error: Error reading OpenGVLab/stage2/OpenMMLab___Kinetics-400/raw/Kinetics-400/videos_train/0V449UJoTeY.mp4...
[02:29:18.045215] Failed to read video file: OpenGVLab/stage2/OpenMMLab___Kinetics-400/raw/Kinetics-400/videos_train/0V449UJoTeY.mp4
[02:29:18.045232] [Try #1] Failed to fetch sample 188690. Exception: Error reading OpenGVLab/stage2/OpenMMLab___Kinetics-400/raw/Kinetics-400/videos_train/0V449UJoTeY.mp4...
{'loss': 0.8486, 'grad_norm': 2.695587635040283, 'learning_rate': 7.104553398059139e-06, 'epoch': 0.38}
{'loss': 0.8456, 'grad_norm': 2.5464649200439453, 'learning_rate': 7.102666717150027e-06, 'epoch': 0.38}
{'loss': 0.8913, 'grad_norm': 2.5767064094543457, 'learning_rate': 7.1007796724672875e-06, 'epoch': 0.38}
{'loss': 0.8563, 'grad_norm': 2.637054920196533, 'learning_rate': 7.09889226433739e-06, 'epoch': 0.38}
{'loss': 0.9101, 'grad_norm': 2.6224474906921387, 'learning_rate': 7.09700449308687e-06, 'epoch': 0.38}
{'loss': 0.8396, 'grad_norm': 2.4652678966522217, 'learning_rate': 7.095116359042319e-06, 'epoch': 0.38}
{'loss': 0.721, 'grad_norm': 2.3158187866210938, 'learning_rate': 7.093227862530397e-06, 'epoch': 0.38}
{'loss': 0.8443, 'grad_norm': 2.771636724472046, 'learning_rate': 7.091339003877826e-06, 'epoch': 0.38}
{'loss': 0.8063, 'grad_norm': 2.422682523727417, 'learning_rate': 7.08944978341139e-06, 'epoch': 0.38}
{'loss': 0.7429, 'grad_norm': 2.574862241744995, 'learning_rate': 7.087560201457931e-06, 'epoch': 0.38}
{'loss': 0.7475, 'grad_norm': 2.6636555194854736, 'learning_rate': 7.085670258344363e-06, 'epoch': 0.38}
{'loss': 0.8214, 'grad_norm': 2.525209426879883, 'learning_rate': 7.083779954397654e-06, 'epoch': 0.38}
{'loss': 0.93, 'grad_norm': 2.657562732696533, 'learning_rate': 7.081889289944838e-06, 'epoch': 0.38}
{'loss': 0.7922, 'grad_norm': 2.2733852863311768, 'learning_rate': 7.079998265313011e-06, 'epoch': 0.38}
{'loss': 1.0033, 'grad_norm': 2.7378313541412354, 'learning_rate': 7.078106880829332e-06, 'epoch': 0.38}
{'loss': 0.9069, 'grad_norm': 2.7478737831115723, 'learning_rate': 7.076215136821022e-06, 'epoch': 0.38}
{'loss': 0.9685, 'grad_norm': 2.723057985305786, 'learning_rate': 7.074323033615362e-06, 'epoch': 0.38}
{'loss': 0.9801, 'grad_norm': 2.6226537227630615, 'learning_rate': 7.072430571539699e-06, 'epoch': 0.38}
{'loss': 0.8696, 'grad_norm': 2.6400833129882812, 'learning_rate': 7.070537750921439e-06, 'epoch': 0.38}
{'loss': 0.9267, 'grad_norm': 2.6395621299743652, 'learning_rate': 7.068644572088051e-06, 'epoch': 0.38}
{'loss': 0.7853, 'grad_norm': 2.50050950050354, 'learning_rate': 7.0667510353670645e-06, 'epoch': 0.38}
{'loss': 0.9622, 'grad_norm': 2.767979621887207, 'learning_rate': 7.064857141086075e-06, 'epoch': 0.38}
{'loss': 0.7817, 'grad_norm': 2.644895315170288, 'learning_rate': 7.062962889572736e-06, 'epoch': 0.38}
{'loss': 0.9765, 'grad_norm': 2.6657230854034424, 'learning_rate': 7.0610682811547636e-06, 'epoch': 0.38}
{'loss': 0.8847, 'grad_norm': 2.609670400619507, 'learning_rate': 7.059173316159939e-06, 'epoch': 0.38}
{'loss': 0.9069, 'grad_norm': 2.5785279273986816, 'learning_rate': 7.057277994916097e-06, 'epoch': 0.38}
{'loss': 0.9413, 'grad_norm': 2.3789219856262207, 'learning_rate': 7.055382317751145e-06, 'epoch': 0.38}
{'loss': 0.7105, 'grad_norm': 2.4046449661254883, 'learning_rate': 7.05348628499304e-06, 'epoch': 0.38}
{'loss': 0.8787, 'grad_norm': 2.3382747173309326, 'learning_rate': 7.051589896969814e-06, 'epoch': 0.38}
{'loss': 1.0309, 'grad_norm': 2.9238312244415283, 'learning_rate': 7.049693154009547e-06, 'epoch': 0.38}
{'loss': 0.82, 'grad_norm': 2.274578332901001, 'learning_rate': 7.04779605644039e-06, 'epoch': 0.38}
{'loss': 0.7769, 'grad_norm': 2.264829397201538, 'learning_rate': 7.045898604590551e-06, 'epoch': 0.38}
{'loss': 1.0364, 'grad_norm': 2.648820161819458, 'learning_rate': 7.044000798788298e-06, 'epoch': 0.38}
{'loss': 0.8365, 'grad_norm': 2.484097957611084, 'learning_rate': 7.042102639361968e-06, 'epoch': 0.39}
{'loss': 1.0998, 'grad_norm': 2.7307488918304443, 'learning_rate': 7.04020412663995e-06, 'epoch': 0.39}
{'loss': 0.8645, 'grad_norm': 2.481796979904175, 'learning_rate': 7.038305260950697e-06, 'epoch': 0.39}
{'loss': 0.9347, 'grad_norm': 2.6710667610168457, 'learning_rate': 7.036406042622726e-06, 'epoch': 0.39}
{'loss': 0.968, 'grad_norm': 2.9022839069366455, 'learning_rate': 7.03450647198461e-06, 'epoch': 0.39}
{'loss': 0.7738, 'grad_norm': 2.481283664703369, 'learning_rate': 7.03260654936499e-06, 'epoch': 0.39}
{'loss': 0.889, 'grad_norm': 2.4702961444854736, 'learning_rate': 7.030706275092559e-06, 'epoch': 0.39}
{'loss': 0.9891, 'grad_norm': 2.5960886478424072, 'learning_rate': 7.028805649496081e-06, 'epoch': 0.39}
{'loss': 0.6857, 'grad_norm': 2.577112913131714, 'learning_rate': 7.026904672904371e-06, 'epoch': 0.39}
{'loss': 1.1368, 'grad_norm': 2.8469631671905518, 'learning_rate': 7.025003345646311e-06, 'epoch': 0.39}
{'loss': 0.9288, 'grad_norm': 2.897639274597168, 'learning_rate': 7.023101668050839e-06, 'epoch': 0.39}
{'loss': 0.7934, 'grad_norm': 2.3128199577331543, 'learning_rate': 7.021199640446961e-06, 'epoch': 0.39}
{'loss': 0.7909, 'grad_norm': 2.4925968647003174, 'learning_rate': 7.019297263163735e-06, 'epoch': 0.39}
{'loss': 0.9167, 'grad_norm': 3.0371153354644775, 'learning_rate': 7.017394536530283e-06, 'epoch': 0.39}
{'loss': 0.7118, 'grad_norm': 2.4396238327026367, 'learning_rate': 7.015491460875793e-06, 'epoch': 0.39}
{'loss': 0.7816, 'grad_norm': 2.356309413909912, 'learning_rate': 7.013588036529502e-06, 'epoch': 0.39}
{'loss': 0.9939, 'grad_norm': 2.653700828552246, 'learning_rate': 7.0116842638207185e-06, 'epoch': 0.39}
{'loss': 0.8304, 'grad_norm': 2.43668794631958, 'learning_rate': 7.0097801430788036e-06, 'epoch': 0.39}
{'loss': 0.8477, 'grad_norm': 2.5357515811920166, 'learning_rate': 7.007875674633181e-06, 'epoch': 0.39}
{'loss': 0.964, 'grad_norm': 2.783456325531006, 'learning_rate': 7.005970858813336e-06, 'epoch': 0.39}
{'loss': 0.7893, 'grad_norm': 2.408780813217163, 'learning_rate': 7.004065695948812e-06, 'epoch': 0.39}
{'loss': 0.8598, 'grad_norm': 2.430104970932007, 'learning_rate': 7.002160186369215e-06, 'epoch': 0.39}
{'loss': 1.017, 'grad_norm': 2.7229533195495605, 'learning_rate': 7.000254330404206e-06, 'epoch': 0.39}
{'loss': 0.9059, 'grad_norm': 2.478936195373535, 'learning_rate': 6.998348128383514e-06, 'epoch': 0.39}
{'loss': 0.7007, 'grad_norm': 1.8309940099716187, 'learning_rate': 6.996441580636919e-06, 'epoch': 0.39}
{'loss': 0.8214, 'grad_norm': 2.715276002883911, 'learning_rate': 6.9945346874942664e-06, 'epoch': 0.39}
{'loss': 0.8338, 'grad_norm': 2.443632125854492, 'learning_rate': 6.992627449285461e-06, 'epoch': 0.39}
{'loss': 1.0369, 'grad_norm': 2.6646568775177, 'learning_rate': 6.990719866340463e-06, 'epoch': 0.39}
{'loss': 0.8787, 'grad_norm': 2.8040552139282227, 'learning_rate': 6.9888119389892995e-06, 'epoch': 0.39}
{'loss': 0.9238, 'grad_norm': 2.40995454788208, 'learning_rate': 6.9869036675620485e-06, 'epoch': 0.39}
{'loss': 0.7809, 'grad_norm': 2.6416029930114746, 'learning_rate': 6.984995052388856e-06, 'epoch': 0.39}
{'loss': 0.9396, 'grad_norm': 2.7258965969085693, 'learning_rate': 6.983086093799922e-06, 'epoch': 0.39}
{'loss': 0.9429, 'grad_norm': 2.455456256866455, 'learning_rate': 6.981176792125507e-06, 'epoch': 0.39}
{'loss': 0.7561, 'grad_norm': 2.526975154876709, 'learning_rate': 6.979267147695934e-06, 'epoch': 0.39}
{'loss': 0.8515, 'grad_norm': 2.493759870529175, 'learning_rate': 6.977357160841578e-06, 'epoch': 0.39}
{'loss': 0.792, 'grad_norm': 2.4759209156036377, 'learning_rate': 6.975446831892882e-06, 'epoch': 0.39}
{'loss': 0.9533, 'grad_norm': 2.536782741546631, 'learning_rate': 6.9735361611803405e-06, 'epoch': 0.39}
{'loss': 0.8962, 'grad_norm': 2.5012173652648926, 'learning_rate': 6.971625149034516e-06, 'epoch': 0.39}
{'loss': 0.8249, 'grad_norm': 2.458848476409912, 'learning_rate': 6.969713795786018e-06, 'epoch': 0.39}
{'loss': 0.9553, 'grad_norm': 2.6356446743011475, 'learning_rate': 6.967802101765528e-06, 'epoch': 0.39}
{'loss': 0.9296, 'grad_norm': 2.996230363845825, 'learning_rate': 6.9658900673037775e-06, 'epoch': 0.39}
{'loss': 1.0354, 'grad_norm': 2.8252551555633545, 'learning_rate': 6.9639776927315575e-06, 'epoch': 0.39}
{'loss': 0.848, 'grad_norm': 2.498039722442627, 'learning_rate': 6.9620649783797245e-06, 'epoch': 0.39}
{'loss': 1.1246, 'grad_norm': 2.715986490249634, 'learning_rate': 6.9601519245791846e-06, 'epoch': 0.39}
{'loss': 1.0081, 'grad_norm': 2.7501587867736816, 'learning_rate': 6.958238531660912e-06, 'epoch': 0.39}
{'loss': 0.8249, 'grad_norm': 2.4203391075134277, 'learning_rate': 6.956324799955929e-06, 'epoch': 0.39}
{'loss': 0.9443, 'grad_norm': 2.5998237133026123, 'learning_rate': 6.954410729795329e-06, 'epoch': 0.39}
{'loss': 0.8892, 'grad_norm': 2.5408365726470947, 'learning_rate': 6.952496321510252e-06, 'epoch': 0.39}
{'loss': 0.7691, 'grad_norm': 2.2196810245513916, 'learning_rate': 6.950581575431905e-06, 'epoch': 0.39}
{'loss': 0.6516, 'grad_norm': 2.505648612976074, 'learning_rate': 6.94866649189155e-06, 'epoch': 0.39}
{'loss': 0.7974, 'grad_norm': 2.4585845470428467, 'learning_rate': 6.946751071220506e-06, 'epoch': 0.39}
{'loss': 0.9875, 'grad_norm': 2.668363094329834, 'learning_rate': 6.944835313750153e-06, 'epoch': 0.39}
{'loss': 0.7068, 'grad_norm': 2.4790053367614746, 'learning_rate': 6.942919219811926e-06, 'epoch': 0.39}
{'loss': 0.8305, 'grad_norm': 2.485579490661621, 'learning_rate': 6.941002789737324e-06, 'epoch': 0.39}
{'loss': 0.9385, 'grad_norm': 2.4603629112243652, 'learning_rate': 6.9390860238578995e-06, 'epoch': 0.39}
{'loss': 0.8448, 'grad_norm': 2.532310724258423, 'learning_rate': 6.9371689225052644e-06, 'epoch': 0.39}
{'loss': 0.8517, 'grad_norm': 2.5268173217773438, 'learning_rate': 6.9352514860110876e-06, 'epoch': 0.39}
{'loss': 1.0188, 'grad_norm': 2.7720091342926025, 'learning_rate': 6.933333714707094e-06, 'epoch': 0.39}
{'loss': 0.6723, 'grad_norm': 2.2402567863464355, 'learning_rate': 6.931415608925076e-06, 'epoch': 0.39}
{'loss': 0.9043, 'grad_norm': 2.639817237854004, 'learning_rate': 6.929497168996872e-06, 'epoch': 0.39}
{'loss': 0.7146, 'grad_norm': 2.4245307445526123, 'learning_rate': 6.927578395254384e-06, 'epoch': 0.39}
{'loss': 0.8703, 'grad_norm': 2.4485833644866943, 'learning_rate': 6.925659288029572e-06, 'epoch': 0.39}
{'loss': 0.8378, 'grad_norm': 2.41912579536438, 'learning_rate': 6.923739847654453e-06, 'epoch': 0.39}
{'loss': 0.8586, 'grad_norm': 2.628865957260132, 'learning_rate': 6.921820074461101e-06, 'epoch': 0.39}
{'loss': 0.8358, 'grad_norm': 2.9938459396362305, 'learning_rate': 6.919899968781647e-06, 'epoch': 0.39}
{'loss': 0.7087, 'grad_norm': 2.381561517715454, 'learning_rate': 6.917979530948282e-06, 'epoch': 0.39}
{'loss': 0.8861, 'grad_norm': 2.6427817344665527, 'learning_rate': 6.9160587612932525e-06, 'epoch': 0.39}
{'loss': 0.7198, 'grad_norm': 2.681955575942993, 'learning_rate': 6.914137660148863e-06, 'epoch': 0.39}
{'loss': 0.738, 'grad_norm': 2.270070791244507, 'learning_rate': 6.9122162278474744e-06, 'epoch': 0.39}
{'loss': 0.8759, 'grad_norm': 2.8597755432128906, 'learning_rate': 6.910294464721507e-06, 'epoch': 0.39}
{'loss': 0.9613, 'grad_norm': 2.7458794116973877, 'learning_rate': 6.908372371103434e-06, 'epoch': 0.39}
{'loss': 0.891, 'grad_norm': 2.7720398902893066, 'learning_rate': 6.906449947325794e-06, 'epoch': 0.39}
{'loss': 0.8922, 'grad_norm': 2.2766215801239014, 'learning_rate': 6.904527193721174e-06, 'epoch': 0.39}
{'loss': 0.9399, 'grad_norm': 2.7996275424957275, 'learning_rate': 6.902604110622221e-06, 'epoch': 0.39}
{'loss': 0.9421, 'grad_norm': 2.6518781185150146, 'learning_rate': 6.9006806983616415e-06, 'epoch': 0.39}
{'loss': 0.9455, 'grad_norm': 2.7558679580688477, 'learning_rate': 6.898756957272197e-06, 'epoch': 0.39}
{'loss': 0.8884, 'grad_norm': 2.6587820053100586, 'learning_rate': 6.896832887686705e-06, 'epoch': 0.39}
{'loss': 0.977, 'grad_norm': 2.4726924896240234, 'learning_rate': 6.894908489938041e-06, 'epoch': 0.4}
{'loss': 0.7275, 'grad_norm': 1.9858784675598145, 'learning_rate': 6.892983764359138e-06, 'epoch': 0.4}
{'loss': 1.0425, 'grad_norm': 2.8084983825683594, 'learning_rate': 6.891058711282983e-06, 'epoch': 0.4}
{'loss': 0.9595, 'grad_norm': 2.960768938064575, 'learning_rate': 6.889133331042623e-06, 'epoch': 0.4}
{'loss': 0.9051, 'grad_norm': 2.5590174198150635, 'learning_rate': 6.887207623971159e-06, 'epoch': 0.4}
{'loss': 0.855, 'grad_norm': 2.475619077682495, 'learning_rate': 6.885281590401751e-06, 'epoch': 0.4}
{'loss': 0.9959, 'grad_norm': 2.8003835678100586, 'learning_rate': 6.883355230667612e-06, 'epoch': 0.4}
{'loss': 0.7315, 'grad_norm': 2.4512741565704346, 'learning_rate': 6.881428545102015e-06, 'epoch': 0.4}
{'loss': 0.9244, 'grad_norm': 2.583296060562134, 'learning_rate': 6.879501534038289e-06, 'epoch': 0.4}
{'loss': 0.6837, 'grad_norm': 2.392362117767334, 'learning_rate': 6.877574197809815e-06, 'epoch': 0.4}
{'loss': 0.9243, 'grad_norm': 2.5867562294006348, 'learning_rate': 6.875646536750035e-06, 'epoch': 0.4}
{'loss': 0.9195, 'grad_norm': 2.78006911277771, 'learning_rate': 6.873718551192445e-06, 'epoch': 0.4}
{'loss': 0.9316, 'grad_norm': 2.596428394317627, 'learning_rate': 6.871790241470599e-06, 'epoch': 0.4}
{'loss': 0.85, 'grad_norm': 2.552272319793701, 'learning_rate': 6.869861607918107e-06, 'epoch': 0.4}
{'loss': 0.7977, 'grad_norm': 2.506561517715454, 'learning_rate': 6.867932650868631e-06, 'epoch': 0.4}
{'loss': 1.0739, 'grad_norm': 2.941117286682129, 'learning_rate': 6.8660033706558925e-06, 'epoch': 0.4}
{'loss': 0.9539, 'grad_norm': 2.768857479095459, 'learning_rate': 6.864073767613668e-06, 'epoch': 0.4}
{'loss': 0.7451, 'grad_norm': 2.5827505588531494, 'learning_rate': 6.862143842075793e-06, 'epoch': 0.4}
{'loss': 0.8424, 'grad_norm': 2.5920650959014893, 'learning_rate': 6.860213594376153e-06, 'epoch': 0.4}
{'loss': 0.9936, 'grad_norm': 2.735684633255005, 'learning_rate': 6.858283024848692e-06, 'epoch': 0.4}
{'loss': 0.8152, 'grad_norm': 2.6372737884521484, 'learning_rate': 6.856352133827411e-06, 'epoch': 0.4}
{'loss': 0.7775, 'grad_norm': 2.4448132514953613, 'learning_rate': 6.854420921646366e-06, 'epoch': 0.4}
{'loss': 0.7936, 'grad_norm': 2.7088325023651123, 'learning_rate': 6.852489388639666e-06, 'epoch': 0.4}
{'loss': 0.8163, 'grad_norm': 2.366875648498535, 'learning_rate': 6.850557535141477e-06, 'epoch': 0.4}
{'loss': 0.8084, 'grad_norm': 2.510887861251831, 'learning_rate': 6.848625361486027e-06, 'epoch': 0.4}
{'loss': 1.151, 'grad_norm': 2.9113929271698, 'learning_rate': 6.846692868007586e-06, 'epoch': 0.4}
{'loss': 0.9893, 'grad_norm': 2.9745795726776123, 'learning_rate': 6.8447600550404904e-06, 'epoch': 0.4}
{'loss': 0.8857, 'grad_norm': 2.564647912979126, 'learning_rate': 6.842826922919127e-06, 'epoch': 0.4}
{'loss': 0.9405, 'grad_norm': 2.838998317718506, 'learning_rate': 6.840893471977938e-06, 'epoch': 0.4}
{'loss': 0.9595, 'grad_norm': 2.772923469543457, 'learning_rate': 6.838959702551424e-06, 'epoch': 0.4}
{'loss': 1.0406, 'grad_norm': 2.738835096359253, 'learning_rate': 6.837025614974138e-06, 'epoch': 0.4}
{'loss': 0.9139, 'grad_norm': 2.812459707260132, 'learning_rate': 6.8350912095806874e-06, 'epoch': 0.4}
{'loss': 1.1556, 'grad_norm': 3.070456027984619, 'learning_rate': 6.833156486705735e-06, 'epoch': 0.4}
{'loss': 0.8846, 'grad_norm': 2.3910892009735107, 'learning_rate': 6.831221446684002e-06, 'epoch': 0.4}
{'loss': 0.8731, 'grad_norm': 2.824660062789917, 'learning_rate': 6.829286089850257e-06, 'epoch': 0.4}
{'loss': 0.776, 'grad_norm': 2.4939682483673096, 'learning_rate': 6.827350416539334e-06, 'epoch': 0.4}
{'loss': 0.7966, 'grad_norm': 2.4768521785736084, 'learning_rate': 6.825414427086111e-06, 'epoch': 0.4}
{'loss': 1.0213, 'grad_norm': 2.718597888946533, 'learning_rate': 6.8234781218255265e-06, 'epoch': 0.4}
{'loss': 0.7673, 'grad_norm': 2.4406356811523438, 'learning_rate': 6.821541501092576e-06, 'epoch': 0.4}
{'loss': 0.9134, 'grad_norm': 2.663914918899536, 'learning_rate': 6.8196045652223e-06, 'epoch': 0.4}
{'loss': 0.8444, 'grad_norm': 2.3746588230133057, 'learning_rate': 6.8176673145498055e-06, 'epoch': 0.4}
{'loss': 0.8392, 'grad_norm': 2.5507397651672363, 'learning_rate': 6.815729749410245e-06, 'epoch': 0.4}
{'loss': 0.763, 'grad_norm': 2.613096237182617, 'learning_rate': 6.813791870138828e-06, 'epoch': 0.4}
{'loss': 0.7135, 'grad_norm': 2.3239004611968994, 'learning_rate': 6.811853677070824e-06, 'epoch': 0.4}
{'loss': 0.8402, 'grad_norm': 2.6175620555877686, 'learning_rate': 6.809915170541546e-06, 'epoch': 0.4}
{'loss': 0.8839, 'grad_norm': 2.3634068965911865, 'learning_rate': 6.80797635088637e-06, 'epoch': 0.4}
{'loss': 0.6526, 'grad_norm': 2.3556954860687256, 'learning_rate': 6.8060372184407196e-06, 'epoch': 0.4}
{'loss': 0.8156, 'grad_norm': 2.4979631900787354, 'learning_rate': 6.804097773540082e-06, 'epoch': 0.4}
{'loss': 0.8714, 'grad_norm': 2.595454692840576, 'learning_rate': 6.802158016519986e-06, 'epoch': 0.4}
{'loss': 0.8399, 'grad_norm': 2.3798367977142334, 'learning_rate': 6.8002179477160254e-06, 'epoch': 0.4}
{'loss': 0.9582, 'grad_norm': 2.689263105392456, 'learning_rate': 6.798277567463843e-06, 'epoch': 0.4}
{'loss': 0.8465, 'grad_norm': 2.735280990600586, 'learning_rate': 6.796336876099133e-06, 'epoch': 0.4}
{'loss': 0.9717, 'grad_norm': 2.742748260498047, 'learning_rate': 6.794395873957651e-06, 'epoch': 0.4}
{'loss': 0.7216, 'grad_norm': 2.2955522537231445, 'learning_rate': 6.792454561375197e-06, 'epoch': 0.4}
{'loss': 0.8067, 'grad_norm': 2.6383559703826904, 'learning_rate': 6.790512938687632e-06, 'epoch': 0.4}
{'loss': 0.8763, 'grad_norm': 2.497119188308716, 'learning_rate': 6.788571006230867e-06, 'epoch': 0.4}
{'loss': 1.0286, 'grad_norm': 3.07306170463562, 'learning_rate': 6.786628764340869e-06, 'epoch': 0.4}
{'loss': 0.881, 'grad_norm': 2.561434268951416, 'learning_rate': 6.784686213353657e-06, 'epoch': 0.4}
{'loss': 0.7184, 'grad_norm': 2.2315571308135986, 'learning_rate': 6.782743353605301e-06, 'epoch': 0.4}
{'loss': 0.7759, 'grad_norm': 2.3343048095703125, 'learning_rate': 6.780800185431933e-06, 'epoch': 0.4}
{'loss': 0.8743, 'grad_norm': 2.5529823303222656, 'learning_rate': 6.778856709169724e-06, 'epoch': 0.4}
{'loss': 0.6556, 'grad_norm': 2.278308868408203, 'learning_rate': 6.776912925154915e-06, 'epoch': 0.4}
{'loss': 0.9952, 'grad_norm': 2.612729787826538, 'learning_rate': 6.774968833723785e-06, 'epoch': 0.4}
{'loss': 0.8825, 'grad_norm': 2.4719440937042236, 'learning_rate': 6.773024435212678e-06, 'epoch': 0.4}
{'loss': 0.7782, 'grad_norm': 2.2241573333740234, 'learning_rate': 6.7710797299579865e-06, 'epoch': 0.4}
{'loss': 0.8249, 'grad_norm': 2.376249074935913, 'learning_rate': 6.769134718296152e-06, 'epoch': 0.4}
{'loss': 0.9691, 'grad_norm': 2.7527804374694824, 'learning_rate': 6.7671894005636766e-06, 'epoch': 0.4}
{'loss': 0.9709, 'grad_norm': 2.7592992782592773, 'learning_rate': 6.765243777097108e-06, 'epoch': 0.4}
{'loss': 0.7928, 'grad_norm': 2.257572889328003, 'learning_rate': 6.763297848233054e-06, 'epoch': 0.4}
{'loss': 0.8585, 'grad_norm': 2.636854648590088, 'learning_rate': 6.76135161430817e-06, 'epoch': 0.4}
{'loss': 0.9392, 'grad_norm': 2.399580478668213, 'learning_rate': 6.759405075659165e-06, 'epoch': 0.4}
{'loss': 0.896, 'grad_norm': 2.6002488136291504, 'learning_rate': 6.757458232622804e-06, 'epoch': 0.4}
{'loss': 1.0077, 'grad_norm': 2.8490970134735107, 'learning_rate': 6.755511085535901e-06, 'epoch': 0.4}
{'loss': 0.9901, 'grad_norm': 2.6843833923339844, 'learning_rate': 6.753563634735324e-06, 'epoch': 0.4}
{'loss': 0.7842, 'grad_norm': 2.4685373306274414, 'learning_rate': 6.751615880557991e-06, 'epoch': 0.4}
{'loss': 0.9401, 'grad_norm': 2.4618523120880127, 'learning_rate': 6.749667823340877e-06, 'epoch': 0.4}
{'loss': 0.8513, 'grad_norm': 2.521228075027466, 'learning_rate': 6.747719463421008e-06, 'epoch': 0.4}
{'loss': 1.0241, 'grad_norm': 2.57914662361145, 'learning_rate': 6.745770801135462e-06, 'epoch': 0.4}
{'loss': 0.8758, 'grad_norm': 2.5640909671783447, 'learning_rate': 6.743821836821366e-06, 'epoch': 0.41}
{'loss': 1.0114, 'grad_norm': 2.6481032371520996, 'learning_rate': 6.741872570815905e-06, 'epoch': 0.41}
{'loss': 0.8547, 'grad_norm': 2.5589303970336914, 'learning_rate': 6.739923003456312e-06, 'epoch': 0.41}
{'loss': 0.7944, 'grad_norm': 2.2669332027435303, 'learning_rate': 6.737973135079874e-06, 'epoch': 0.41}
{'loss': 0.8687, 'grad_norm': 2.456416368484497, 'learning_rate': 6.736022966023929e-06, 'epoch': 0.41}
{'loss': 1.0215, 'grad_norm': 2.678577184677124, 'learning_rate': 6.734072496625867e-06, 'epoch': 0.41}
{'loss': 0.996, 'grad_norm': 2.6596970558166504, 'learning_rate': 6.732121727223134e-06, 'epoch': 0.41}
{'loss': 0.8531, 'grad_norm': 2.6414666175842285, 'learning_rate': 6.730170658153221e-06, 'epoch': 0.41}
{'loss': 0.9648, 'grad_norm': 2.624656915664673, 'learning_rate': 6.7282192897536766e-06, 'epoch': 0.41}
{'loss': 0.8847, 'grad_norm': 2.676605224609375, 'learning_rate': 6.726267622362097e-06, 'epoch': 0.41}
{'loss': 0.9002, 'grad_norm': 2.6280932426452637, 'learning_rate': 6.724315656316134e-06, 'epoch': 0.41}
{'loss': 1.0002, 'grad_norm': 2.736342668533325, 'learning_rate': 6.722363391953488e-06, 'epoch': 0.41}
{'loss': 0.8774, 'grad_norm': 2.766648530960083, 'learning_rate': 6.720410829611912e-06, 'epoch': 0.41}
{'loss': 0.7875, 'grad_norm': 2.375392436981201, 'learning_rate': 6.71845796962921e-06, 'epoch': 0.41}
{'loss': 0.781, 'grad_norm': 2.4708261489868164, 'learning_rate': 6.716504812343241e-06, 'epoch': 0.41}
{'loss': 0.8267, 'grad_norm': 2.5489389896392822, 'learning_rate': 6.71455135809191e-06, 'epoch': 0.41}
{'loss': 1.1181, 'grad_norm': 2.7503058910369873, 'learning_rate': 6.712597607213176e-06, 'epoch': 0.41}
{'loss': 0.8472, 'grad_norm': 2.4382998943328857, 'learning_rate': 6.7106435600450505e-06, 'epoch': 0.41}
{'loss': 0.704, 'grad_norm': 2.1907858848571777, 'learning_rate': 6.708689216925595e-06, 'epoch': 0.41}
{'loss': 0.7942, 'grad_norm': 2.685443639755249, 'learning_rate': 6.7067345781929214e-06, 'epoch': 0.41}
{'loss': 0.7465, 'grad_norm': 2.347470760345459, 'learning_rate': 6.704779644185195e-06, 'epoch': 0.41}
{'loss': 0.9165, 'grad_norm': 2.7003562450408936, 'learning_rate': 6.70282441524063e-06, 'epoch': 0.41}
{'loss': 0.9021, 'grad_norm': 2.91188645362854, 'learning_rate': 6.700868891697491e-06, 'epoch': 0.41}
{'loss': 0.8081, 'grad_norm': 2.5408096313476562, 'learning_rate': 6.698913073894098e-06, 'epoch': 0.41}
{'loss': 0.9312, 'grad_norm': 2.568265199661255, 'learning_rate': 6.696956962168817e-06, 'epoch': 0.41}
{'loss': 0.7306, 'grad_norm': 2.295191764831543, 'learning_rate': 6.695000556860066e-06, 'epoch': 0.41}
{'loss': 0.7828, 'grad_norm': 2.4859814643859863, 'learning_rate': 6.693043858306317e-06, 'epoch': 0.41}
{'loss': 0.8146, 'grad_norm': 2.299307107925415, 'learning_rate': 6.691086866846088e-06, 'epoch': 0.41}
{'loss': 0.8364, 'grad_norm': 2.4155516624450684, 'learning_rate': 6.689129582817952e-06, 'epoch': 0.41}
{'loss': 0.9578, 'grad_norm': 2.5261292457580566, 'learning_rate': 6.687172006560529e-06, 'epoch': 0.41}
{'loss': 0.8885, 'grad_norm': 2.946168899536133, 'learning_rate': 6.68521413841249e-06, 'epoch': 0.41}
{'loss': 0.7488, 'grad_norm': 2.31791353225708, 'learning_rate': 6.683255978712561e-06, 'epoch': 0.41}
{'loss': 0.7159, 'grad_norm': 2.506805896759033, 'learning_rate': 6.681297527799513e-06, 'epoch': 0.41}
{'loss': 0.8376, 'grad_norm': 2.3068859577178955, 'learning_rate': 6.679338786012168e-06, 'epoch': 0.41}
{'loss': 1.0087, 'grad_norm': 3.2225465774536133, 'learning_rate': 6.677379753689404e-06, 'epoch': 0.41}
{'loss': 0.7569, 'grad_norm': 2.4201459884643555, 'learning_rate': 6.675420431170141e-06, 'epoch': 0.41}
{'loss': 0.8061, 'grad_norm': 2.421787977218628, 'learning_rate': 6.6734608187933545e-06, 'epoch': 0.41}
{'loss': 0.8674, 'grad_norm': 2.6169183254241943, 'learning_rate': 6.671500916898069e-06, 'epoch': 0.41}
{'loss': 0.9133, 'grad_norm': 2.6772520542144775, 'learning_rate': 6.669540725823361e-06, 'epoch': 0.41}
{'loss': 0.8095, 'grad_norm': 2.2709412574768066, 'learning_rate': 6.667580245908352e-06, 'epoch': 0.41}
{'loss': 1.0031, 'grad_norm': 2.697317361831665, 'learning_rate': 6.665619477492218e-06, 'epoch': 0.41}
{'loss': 0.7546, 'grad_norm': 2.3729500770568848, 'learning_rate': 6.663658420914183e-06, 'epoch': 0.41}
{'loss': 0.8398, 'grad_norm': 2.5474281311035156, 'learning_rate': 6.661697076513521e-06, 'epoch': 0.41}
{'loss': 1.0339, 'grad_norm': 2.798407554626465, 'learning_rate': 6.659735444629556e-06, 'epoch': 0.41}
{'loss': 0.8247, 'grad_norm': 2.361213207244873, 'learning_rate': 6.657773525601661e-06, 'epoch': 0.41}
{'loss': 0.6968, 'grad_norm': 2.4970510005950928, 'learning_rate': 6.655811319769263e-06, 'epoch': 0.41}
{'loss': 0.8127, 'grad_norm': 2.5379559993743896, 'learning_rate': 6.653848827471832e-06, 'epoch': 0.41}
{'loss': 0.882, 'grad_norm': 2.4425976276397705, 'learning_rate': 6.65188604904889e-06, 'epoch': 0.41}
{'loss': 0.8671, 'grad_norm': 2.5602500438690186, 'learning_rate': 6.649922984840012e-06, 'epoch': 0.41}
{'loss': 0.7981, 'grad_norm': 2.6080422401428223, 'learning_rate': 6.647959635184817e-06, 'epoch': 0.41}
{'loss': 0.9114, 'grad_norm': 2.938065528869629, 'learning_rate': 6.645996000422976e-06, 'epoch': 0.41}
{'loss': 1.0054, 'grad_norm': 2.9730093479156494, 'learning_rate': 6.644032080894211e-06, 'epoch': 0.41}
{'loss': 0.8367, 'grad_norm': 2.6812143325805664, 'learning_rate': 6.642067876938292e-06, 'epoch': 0.41}
{'loss': 0.8329, 'grad_norm': 2.5025463104248047, 'learning_rate': 6.640103388895034e-06, 'epoch': 0.41}
{'loss': 0.7238, 'grad_norm': 2.31728458404541, 'learning_rate': 6.638138617104309e-06, 'epoch': 0.41}
{'loss': 0.8647, 'grad_norm': 2.5774083137512207, 'learning_rate': 6.6361735619060315e-06, 'epoch': 0.41}
{'loss': 0.9812, 'grad_norm': 2.646907329559326, 'learning_rate': 6.63420822364017e-06, 'epoch': 0.41}
{'loss': 0.8505, 'grad_norm': 2.46366024017334, 'learning_rate': 6.632242602646737e-06, 'epoch': 0.41}
{'loss': 0.8039, 'grad_norm': 2.546863079071045, 'learning_rate': 6.6302766992657965e-06, 'epoch': 0.41}
{'loss': 0.9911, 'grad_norm': 2.5313098430633545, 'learning_rate': 6.628310513837464e-06, 'epoch': 0.41}
{'loss': 0.9882, 'grad_norm': 3.1105127334594727, 'learning_rate': 6.626344046701898e-06, 'epoch': 0.41}
{'loss': 0.7604, 'grad_norm': 2.7645227909088135, 'learning_rate': 6.624377298199311e-06, 'epoch': 0.41}
{'loss': 0.8623, 'grad_norm': 2.500577688217163, 'learning_rate': 6.622410268669959e-06, 'epoch': 0.41}
{'loss': 0.7367, 'grad_norm': 2.4003305435180664, 'learning_rate': 6.620442958454154e-06, 'epoch': 0.41}
{'loss': 0.8223, 'grad_norm': 2.4983675479888916, 'learning_rate': 6.618475367892249e-06, 'epoch': 0.41}
{'loss': 0.9241, 'grad_norm': 2.863415002822876, 'learning_rate': 6.616507497324648e-06, 'epoch': 0.41}
{'loss': 0.9912, 'grad_norm': 2.8082990646362305, 'learning_rate': 6.614539347091807e-06, 'epoch': 0.41}
{'loss': 0.9808, 'grad_norm': 3.0155956745147705, 'learning_rate': 6.612570917534225e-06, 'epoch': 0.41}
{'loss': 1.1379, 'grad_norm': 2.7501022815704346, 'learning_rate': 6.6106022089924535e-06, 'epoch': 0.41}
{'loss': 0.7872, 'grad_norm': 2.5197806358337402, 'learning_rate': 6.608633221807089e-06, 'epoch': 0.41}
{'loss': 0.7826, 'grad_norm': 2.349616765975952, 'learning_rate': 6.606663956318782e-06, 'epoch': 0.41}
{'loss': 0.974, 'grad_norm': 2.6270759105682373, 'learning_rate': 6.60469441286822e-06, 'epoch': 0.41}
{'loss': 0.8162, 'grad_norm': 2.500978946685791, 'learning_rate': 6.602724591796149e-06, 'epoch': 0.41}
{'loss': 0.9768, 'grad_norm': 2.4519150257110596, 'learning_rate': 6.600754493443362e-06, 'epoch': 0.41}
{'loss': 0.9957, 'grad_norm': 3.015813112258911, 'learning_rate': 6.598784118150694e-06, 'epoch': 0.41}
{'loss': 0.8045, 'grad_norm': 2.475611686706543, 'learning_rate': 6.596813466259033e-06, 'epoch': 0.41}
{'loss': 1.0534, 'grad_norm': 2.7638189792633057, 'learning_rate': 6.594842538109312e-06, 'epoch': 0.41}
{'loss': 0.6426, 'grad_norm': 2.2919833660125732, 'learning_rate': 6.592871334042516e-06, 'epoch': 0.41}
{'loss': 0.8341, 'grad_norm': 2.4892847537994385, 'learning_rate': 6.59089985439967e-06, 'epoch': 0.42}
{'loss': 0.9037, 'grad_norm': 2.4190497398376465, 'learning_rate': 6.588928099521856e-06, 'epoch': 0.42}
{'loss': 0.8188, 'grad_norm': 2.420321226119995, 'learning_rate': 6.586956069750199e-06, 'epoch': 0.42}
{'loss': 0.9419, 'grad_norm': 2.596133232116699, 'learning_rate': 6.584983765425868e-06, 'epoch': 0.42}
{'loss': 1.0265, 'grad_norm': 2.5741426944732666, 'learning_rate': 6.583011186890087e-06, 'epoch': 0.42}
{'loss': 0.9913, 'grad_norm': 2.9084620475769043, 'learning_rate': 6.58103833448412e-06, 'epoch': 0.42}
{'loss': 0.863, 'grad_norm': 2.389460563659668, 'learning_rate': 6.579065208549284e-06, 'epoch': 0.42}
{'loss': 0.8251, 'grad_norm': 2.514498233795166, 'learning_rate': 6.577091809426943e-06, 'epoch': 0.42}
{'loss': 0.7841, 'grad_norm': 2.5131404399871826, 'learning_rate': 6.575118137458504e-06, 'epoch': 0.42}
{'loss': 0.7943, 'grad_norm': 2.651108503341675, 'learning_rate': 6.5731441929854254e-06, 'epoch': 0.42}
{'loss': 0.7854, 'grad_norm': 2.6313252449035645, 'learning_rate': 6.571169976349209e-06, 'epoch': 0.42}
{'loss': 0.8033, 'grad_norm': 2.282681941986084, 'learning_rate': 6.569195487891408e-06, 'epoch': 0.42}
{'loss': 1.0899, 'grad_norm': 2.821159839630127, 'learning_rate': 6.567220727953618e-06, 'epoch': 0.42}
{'loss': 0.8318, 'grad_norm': 2.2254793643951416, 'learning_rate': 6.565245696877487e-06, 'epoch': 0.42}
{'loss': 0.776, 'grad_norm': 2.346815347671509, 'learning_rate': 6.563270395004705e-06, 'epoch': 0.42}
{'loss': 0.8224, 'grad_norm': 2.7184245586395264, 'learning_rate': 6.561294822677011e-06, 'epoch': 0.42}
{'loss': 0.7492, 'grad_norm': 2.336432933807373, 'learning_rate': 6.559318980236192e-06, 'epoch': 0.42}
{'loss': 0.7592, 'grad_norm': 2.3139586448669434, 'learning_rate': 6.557342868024078e-06, 'epoch': 0.42}
{'loss': 0.8865, 'grad_norm': 2.6192896366119385, 'learning_rate': 6.55536648638255e-06, 'epoch': 0.42}
{'loss': 0.9622, 'grad_norm': 2.866041898727417, 'learning_rate': 6.553389835653532e-06, 'epoch': 0.42}
{'loss': 0.8213, 'grad_norm': 2.4302077293395996, 'learning_rate': 6.551412916178996e-06, 'epoch': 0.42}
{'loss': 0.9933, 'grad_norm': 2.6737513542175293, 'learning_rate': 6.549435728300962e-06, 'epoch': 0.42}
{'loss': 0.7596, 'grad_norm': 2.380971908569336, 'learning_rate': 6.547458272361494e-06, 'epoch': 0.42}
{'loss': 1.0044, 'grad_norm': 2.5417850017547607, 'learning_rate': 6.545480548702705e-06, 'epoch': 0.42}
{'loss': 0.7553, 'grad_norm': 2.5715343952178955, 'learning_rate': 6.543502557666751e-06, 'epoch': 0.42}
{'loss': 0.9672, 'grad_norm': 2.5867435932159424, 'learning_rate': 6.541524299595839e-06, 'epoch': 0.42}
{'loss': 0.8493, 'grad_norm': 2.53208065032959, 'learning_rate': 6.5395457748322125e-06, 'epoch': 0.42}
{'loss': 0.9682, 'grad_norm': 2.6868386268615723, 'learning_rate': 6.537566983718175e-06, 'epoch': 0.42}
{'loss': 0.9574, 'grad_norm': 2.9861788749694824, 'learning_rate': 6.535587926596064e-06, 'epoch': 0.42}
{'loss': 1.0615, 'grad_norm': 2.7143561840057373, 'learning_rate': 6.5336086038082714e-06, 'epoch': 0.42}
{'loss': 0.9652, 'grad_norm': 2.5447800159454346, 'learning_rate': 6.531629015697229e-06, 'epoch': 0.42}
{'loss': 0.9465, 'grad_norm': 2.621950387954712, 'learning_rate': 6.5296491626054206e-06, 'epoch': 0.42}
{'loss': 0.7676, 'grad_norm': 2.5629000663757324, 'learning_rate': 6.527669044875369e-06, 'epoch': 0.42}
{'loss': 0.8973, 'grad_norm': 2.5548593997955322, 'learning_rate': 6.5256886628496475e-06, 'epoch': 0.42}
{'loss': 0.757, 'grad_norm': 1.9483134746551514, 'learning_rate': 6.523708016870872e-06, 'epoch': 0.42}
{'loss': 0.8368, 'grad_norm': 2.579521417617798, 'learning_rate': 6.521727107281709e-06, 'epoch': 0.42}
{'loss': 0.7663, 'grad_norm': 2.5207197666168213, 'learning_rate': 6.5197459344248645e-06, 'epoch': 0.42}
{'loss': 0.8294, 'grad_norm': 2.3881759643554688, 'learning_rate': 6.517764498643096e-06, 'epoch': 0.42}
{'loss': 1.0788, 'grad_norm': 2.7106614112854004, 'learning_rate': 6.5157828002792e-06, 'epoch': 0.42}
{'loss': 0.9022, 'grad_norm': 2.87558650970459, 'learning_rate': 6.513800839676024e-06, 'epoch': 0.42}
{'loss': 1.0181, 'grad_norm': 2.7814135551452637, 'learning_rate': 6.511818617176458e-06, 'epoch': 0.42}
{'loss': 0.8341, 'grad_norm': 2.4320969581604004, 'learning_rate': 6.509836133123439e-06, 'epoch': 0.42}
{'loss': 0.9058, 'grad_norm': 2.7451062202453613, 'learning_rate': 6.507853387859948e-06, 'epoch': 0.42}
{'loss': 1.0532, 'grad_norm': 2.57704496383667, 'learning_rate': 6.5058703817290115e-06, 'epoch': 0.42}
{'loss': 0.9209, 'grad_norm': 2.7206594944000244, 'learning_rate': 6.503887115073701e-06, 'epoch': 0.42}
{'loss': 0.6709, 'grad_norm': 2.3306984901428223, 'learning_rate': 6.501903588237133e-06, 'epoch': 0.42}
{'loss': 1.024, 'grad_norm': 2.885547637939453, 'learning_rate': 6.499919801562468e-06, 'epoch': 0.42}
{'loss': 0.7577, 'grad_norm': 2.3021750450134277, 'learning_rate': 6.497935755392914e-06, 'epoch': 0.42}
{'loss': 0.8667, 'grad_norm': 2.629561424255371, 'learning_rate': 6.495951450071725e-06, 'epoch': 0.42}
{'loss': 0.8739, 'grad_norm': 2.4015610218048096, 'learning_rate': 6.493966885942194e-06, 'epoch': 0.42}
{'loss': 0.828, 'grad_norm': 2.3080642223358154, 'learning_rate': 6.491982063347662e-06, 'epoch': 0.42}
{'loss': 0.7955, 'grad_norm': 2.4652841091156006, 'learning_rate': 6.489996982631516e-06, 'epoch': 0.42}
{'loss': 0.9242, 'grad_norm': 2.671569347381592, 'learning_rate': 6.488011644137189e-06, 'epoch': 0.42}
{'loss': 0.7887, 'grad_norm': 2.4531445503234863, 'learning_rate': 6.486026048208153e-06, 'epoch': 0.42}
{'loss': 0.9088, 'grad_norm': 2.7123148441314697, 'learning_rate': 6.484040195187927e-06, 'epoch': 0.42}
{'loss': 0.8448, 'grad_norm': 2.4289567470550537, 'learning_rate': 6.482054085420079e-06, 'epoch': 0.42}
{'loss': 0.6677, 'grad_norm': 2.0851480960845947, 'learning_rate': 6.480067719248213e-06, 'epoch': 0.42}
{'loss': 0.9242, 'grad_norm': 2.675534248352051, 'learning_rate': 6.478081097015985e-06, 'epoch': 0.42}
{'loss': 1.0807, 'grad_norm': 2.603609561920166, 'learning_rate': 6.476094219067093e-06, 'epoch': 0.42}
{'loss': 0.9761, 'grad_norm': 2.9282264709472656, 'learning_rate': 6.474107085745276e-06, 'epoch': 0.42}
{'loss': 0.8823, 'grad_norm': 2.676564931869507, 'learning_rate': 6.47211969739432e-06, 'epoch': 0.42}
{'loss': 0.8887, 'grad_norm': 2.506481170654297, 'learning_rate': 6.470132054358057e-06, 'epoch': 0.42}
{'loss': 0.9477, 'grad_norm': 2.6194257736206055, 'learning_rate': 6.468144156980358e-06, 'epoch': 0.42}
{'loss': 0.9073, 'grad_norm': 2.6752161979675293, 'learning_rate': 6.466156005605143e-06, 'epoch': 0.42}
{'loss': 0.9155, 'grad_norm': 2.6263163089752197, 'learning_rate': 6.464167600576373e-06, 'epoch': 0.42}
{'loss': 0.8673, 'grad_norm': 2.587244987487793, 'learning_rate': 6.462178942238053e-06, 'epoch': 0.42}
{'loss': 0.8834, 'grad_norm': 2.477412700653076, 'learning_rate': 6.460190030934235e-06, 'epoch': 0.42}
{'loss': 0.848, 'grad_norm': 2.5228350162506104, 'learning_rate': 6.458200867009007e-06, 'epoch': 0.42}
{'loss': 0.9191, 'grad_norm': 2.509599447250366, 'learning_rate': 6.456211450806513e-06, 'epoch': 0.42}
{'loss': 1.1639, 'grad_norm': 2.986152410507202, 'learning_rate': 6.4542217826709284e-06, 'epoch': 0.42}
{'loss': 0.9454, 'grad_norm': 2.4653820991516113, 'learning_rate': 6.45223186294648e-06, 'epoch': 0.42}
{'loss': 0.8525, 'grad_norm': 2.598114490509033, 'learning_rate': 6.450241691977434e-06, 'epoch': 0.42}
{'loss': 0.7585, 'grad_norm': 2.521800994873047, 'learning_rate': 6.448251270108102e-06, 'epoch': 0.42}
{'loss': 0.7467, 'grad_norm': 2.550450325012207, 'learning_rate': 6.4462605976828395e-06, 'epoch': 0.42}
{'loss': 1.0446, 'grad_norm': 2.8392505645751953, 'learning_rate': 6.444269675046042e-06, 'epoch': 0.42}
{'loss': 0.9192, 'grad_norm': 2.541673183441162, 'learning_rate': 6.442278502542156e-06, 'epoch': 0.42}
{'loss': 1.1741, 'grad_norm': 2.880709648132324, 'learning_rate': 6.440287080515659e-06, 'epoch': 0.42}
{'loss': 0.8548, 'grad_norm': 2.375269651412964, 'learning_rate': 6.438295409311085e-06, 'epoch': 0.42}
{'loss': 0.9131, 'grad_norm': 2.465545892715454, 'learning_rate': 6.436303489273e-06, 'epoch': 0.43}
{'loss': 0.9227, 'grad_norm': 2.5622384548187256, 'learning_rate': 6.434311320746021e-06, 'epoch': 0.43}
{'loss': 0.839, 'grad_norm': 2.7051939964294434, 'learning_rate': 6.432318904074803e-06, 'epoch': 0.43}
{'loss': 0.8039, 'grad_norm': 2.5255236625671387, 'learning_rate': 6.4303262396040455e-06, 'epoch': 0.43}
{'loss': 0.8463, 'grad_norm': 2.4310317039489746, 'learning_rate': 6.428333327678494e-06, 'epoch': 0.43}
{'loss': 0.8612, 'grad_norm': 2.468670129776001, 'learning_rate': 6.426340168642929e-06, 'epoch': 0.43}
{'loss': 0.8818, 'grad_norm': 2.6075329780578613, 'learning_rate': 6.424346762842184e-06, 'epoch': 0.43}
{'loss': 0.9125, 'grad_norm': 2.3917977809906006, 'learning_rate': 6.422353110621127e-06, 'epoch': 0.43}
{'loss': 0.7144, 'grad_norm': 2.3073832988739014, 'learning_rate': 6.4203592123246705e-06, 'epoch': 0.43}
{'loss': 0.9596, 'grad_norm': 2.628955125808716, 'learning_rate': 6.418365068297771e-06, 'epoch': 0.43}
{'loss': 1.0918, 'grad_norm': 2.932750940322876, 'learning_rate': 6.41637067888543e-06, 'epoch': 0.43}
{'loss': 0.9686, 'grad_norm': 2.431596517562866, 'learning_rate': 6.414376044432686e-06, 'epoch': 0.43}
{'loss': 0.7792, 'grad_norm': 2.246873140335083, 'learning_rate': 6.412381165284622e-06, 'epoch': 0.43}
{'loss': 0.7914, 'grad_norm': 2.398167133331299, 'learning_rate': 6.410386041786365e-06, 'epoch': 0.43}
{'loss': 0.8383, 'grad_norm': 2.5881941318511963, 'learning_rate': 6.408390674283083e-06, 'epoch': 0.43}
{'loss': 0.8174, 'grad_norm': 2.629521131515503, 'learning_rate': 6.4063950631199845e-06, 'epoch': 0.43}
{'loss': 0.9402, 'grad_norm': 2.7614898681640625, 'learning_rate': 6.404399208642324e-06, 'epoch': 0.43}
{'loss': 0.8707, 'grad_norm': 2.716059446334839, 'learning_rate': 6.402403111195395e-06, 'epoch': 0.43}
{'loss': 0.8397, 'grad_norm': 2.7704195976257324, 'learning_rate': 6.4004067711245366e-06, 'epoch': 0.43}
{'loss': 0.7615, 'grad_norm': 2.6280601024627686, 'learning_rate': 6.398410188775121e-06, 'epoch': 0.43}
{'loss': 0.7468, 'grad_norm': 2.393660306930542, 'learning_rate': 6.396413364492575e-06, 'epoch': 0.43}
{'loss': 0.8359, 'grad_norm': 2.285249710083008, 'learning_rate': 6.394416298622357e-06, 'epoch': 0.43}
{'loss': 0.7085, 'grad_norm': 2.3025224208831787, 'learning_rate': 6.392418991509973e-06, 'epoch': 0.43}
{'loss': 0.8731, 'grad_norm': 2.522205114364624, 'learning_rate': 6.390421443500969e-06, 'epoch': 0.43}
{'loss': 0.8322, 'grad_norm': 2.6123907566070557, 'learning_rate': 6.388423654940932e-06, 'epoch': 0.43}
{'loss': 0.8344, 'grad_norm': 2.508490562438965, 'learning_rate': 6.386425626175491e-06, 'epoch': 0.43}
{'loss': 0.8427, 'grad_norm': 2.5704526901245117, 'learning_rate': 6.384427357550313e-06, 'epoch': 0.43}
{'loss': 0.7862, 'grad_norm': 2.472862482070923, 'learning_rate': 6.3824288494111185e-06, 'epoch': 0.43}
{'loss': 0.7807, 'grad_norm': 2.546792507171631, 'learning_rate': 6.380430102103653e-06, 'epoch': 0.43}
{'loss': 0.8939, 'grad_norm': 2.5758121013641357, 'learning_rate': 6.378431115973715e-06, 'epoch': 0.43}
{'loss': 1.2557, 'grad_norm': 3.1234636306762695, 'learning_rate': 6.376431891367141e-06, 'epoch': 0.43}
{'loss': 0.7866, 'grad_norm': 2.469325304031372, 'learning_rate': 6.374432428629809e-06, 'epoch': 0.43}
{'loss': 0.8543, 'grad_norm': 2.475572347640991, 'learning_rate': 6.372432728107636e-06, 'epoch': 0.43}
{'loss': 0.9115, 'grad_norm': 2.708868980407715, 'learning_rate': 6.370432790146581e-06, 'epoch': 0.43}
{'loss': 0.8558, 'grad_norm': 2.812155246734619, 'learning_rate': 6.36843261509265e-06, 'epoch': 0.43}
{'loss': 0.9027, 'grad_norm': 2.613903284072876, 'learning_rate': 6.366432203291878e-06, 'epoch': 0.43}
{'loss': 0.9672, 'grad_norm': 2.745058536529541, 'learning_rate': 6.364431555090352e-06, 'epoch': 0.43}
{'loss': 1.0673, 'grad_norm': 2.93955135345459, 'learning_rate': 6.362430670834197e-06, 'epoch': 0.43}
{'loss': 0.8, 'grad_norm': 2.6197164058685303, 'learning_rate': 6.360429550869575e-06, 'epoch': 0.43}
{'loss': 0.8363, 'grad_norm': 2.293367624282837, 'learning_rate': 6.358428195542692e-06, 'epoch': 0.43}
{'loss': 0.7006, 'grad_norm': 2.4547653198242188, 'learning_rate': 6.356426605199796e-06, 'epoch': 0.43}
{'loss': 0.8203, 'grad_norm': 2.4836063385009766, 'learning_rate': 6.354424780187172e-06, 'epoch': 0.43}
{'loss': 0.8167, 'grad_norm': 3.474893808364868, 'learning_rate': 6.352422720851146e-06, 'epoch': 0.43}
{'loss': 0.6588, 'grad_norm': 2.2604100704193115, 'learning_rate': 6.3504204275380886e-06, 'epoch': 0.43}
{'loss': 0.9502, 'grad_norm': 2.7257871627807617, 'learning_rate': 6.348417900594408e-06, 'epoch': 0.43}
{'loss': 0.7057, 'grad_norm': 2.5139713287353516, 'learning_rate': 6.346415140366553e-06, 'epoch': 0.43}
{'loss': 0.8322, 'grad_norm': 2.4603209495544434, 'learning_rate': 6.344412147201011e-06, 'epoch': 0.43}
{'loss': 1.1203, 'grad_norm': 2.8277957439422607, 'learning_rate': 6.342408921444314e-06, 'epoch': 0.43}
{'loss': 0.7925, 'grad_norm': 2.372204542160034, 'learning_rate': 6.340405463443032e-06, 'epoch': 0.43}
{'loss': 0.9136, 'grad_norm': 2.83559250831604, 'learning_rate': 6.338401773543769e-06, 'epoch': 0.43}
{'loss': 0.7074, 'grad_norm': 2.606003999710083, 'learning_rate': 6.3363978520931815e-06, 'epoch': 0.43}
{'loss': 0.8954, 'grad_norm': 2.6088249683380127, 'learning_rate': 6.334393699437958e-06, 'epoch': 0.43}
{'loss': 0.9652, 'grad_norm': 2.7966911792755127, 'learning_rate': 6.3323893159248296e-06, 'epoch': 0.43}
{'loss': 0.7832, 'grad_norm': 2.304996967315674, 'learning_rate': 6.330384701900564e-06, 'epoch': 0.43}
{'loss': 0.8319, 'grad_norm': 2.5722203254699707, 'learning_rate': 6.328379857711971e-06, 'epoch': 0.43}
{'loss': 1.0123, 'grad_norm': 2.7234113216400146, 'learning_rate': 6.326374783705903e-06, 'epoch': 0.43}
{'loss': 1.1695, 'grad_norm': 2.6896984577178955, 'learning_rate': 6.324369480229248e-06, 'epoch': 0.43}
{'loss': 0.8722, 'grad_norm': 2.4585490226745605, 'learning_rate': 6.322363947628936e-06, 'epoch': 0.43}
{'loss': 1.1014, 'grad_norm': 2.4932353496551514, 'learning_rate': 6.320358186251933e-06, 'epoch': 0.43}
{'loss': 0.9295, 'grad_norm': 2.463252544403076, 'learning_rate': 6.318352196445251e-06, 'epoch': 0.43}
{'loss': 0.728, 'grad_norm': 2.709333658218384, 'learning_rate': 6.316345978555937e-06, 'epoch': 0.43}
{'loss': 0.7786, 'grad_norm': 2.4707865715026855, 'learning_rate': 6.314339532931076e-06, 'epoch': 0.43}
{'loss': 0.7892, 'grad_norm': 2.520970106124878, 'learning_rate': 6.312332859917799e-06, 'epoch': 0.43}
{'loss': 1.1094, 'grad_norm': 2.8537867069244385, 'learning_rate': 6.310325959863268e-06, 'epoch': 0.43}
{'loss': 1.0407, 'grad_norm': 2.7906746864318848, 'learning_rate': 6.308318833114693e-06, 'epoch': 0.43}
{'loss': 0.8802, 'grad_norm': 2.709230422973633, 'learning_rate': 6.306311480019313e-06, 'epoch': 0.43}
{'loss': 0.7718, 'grad_norm': 2.594400644302368, 'learning_rate': 6.304303900924416e-06, 'epoch': 0.43}
{'loss': 0.8136, 'grad_norm': 2.5370187759399414, 'learning_rate': 6.302296096177325e-06, 'epoch': 0.43}
{'loss': 0.7524, 'grad_norm': 2.4421944618225098, 'learning_rate': 6.300288066125399e-06, 'epoch': 0.43}
{'loss': 0.7838, 'grad_norm': 2.733515739440918, 'learning_rate': 6.298279811116042e-06, 'epoch': 0.43}
{'loss': 0.8265, 'grad_norm': 2.3761889934539795, 'learning_rate': 6.296271331496691e-06, 'epoch': 0.43}
{'loss': 0.9543, 'grad_norm': 2.5653886795043945, 'learning_rate': 6.2942626276148274e-06, 'epoch': 0.43}
{'loss': 0.9374, 'grad_norm': 2.827766180038452, 'learning_rate': 6.292253699817968e-06, 'epoch': 0.43}
{'loss': 0.8165, 'grad_norm': 2.623741865158081, 'learning_rate': 6.290244548453666e-06, 'epoch': 0.43}
{'loss': 1.0326, 'grad_norm': 2.5394909381866455, 'learning_rate': 6.2882351738695215e-06, 'epoch': 0.43}
{'loss': 0.9423, 'grad_norm': 2.7275054454803467, 'learning_rate': 6.286225576413164e-06, 'epoch': 0.43}
{'loss': 1.1053, 'grad_norm': 2.8906638622283936, 'learning_rate': 6.284215756432268e-06, 'epoch': 0.43}
{'loss': 0.9886, 'grad_norm': 2.9732420444488525, 'learning_rate': 6.282205714274542e-06, 'epoch': 0.43}
{'loss': 0.9269, 'grad_norm': 2.664235830307007, 'learning_rate': 6.280195450287736e-06, 'epoch': 0.44}
{'loss': 0.8571, 'grad_norm': 2.652426242828369, 'learning_rate': 6.2781849648196394e-06, 'epoch': 0.44}
{'loss': 0.9845, 'grad_norm': 2.7200465202331543, 'learning_rate': 6.276174258218074e-06, 'epoch': 0.44}
{'loss': 0.7668, 'grad_norm': 2.1771914958953857, 'learning_rate': 6.274163330830907e-06, 'epoch': 0.44}
{'loss': 0.8614, 'grad_norm': 2.444981336593628, 'learning_rate': 6.272152183006039e-06, 'epoch': 0.44}
{'loss': 0.923, 'grad_norm': 2.8440089225769043, 'learning_rate': 6.27014081509141e-06, 'epoch': 0.44}
{'loss': 0.8916, 'grad_norm': 2.601226806640625, 'learning_rate': 6.268129227435002e-06, 'epoch': 0.44}
{'loss': 0.8861, 'grad_norm': 2.55185604095459, 'learning_rate': 6.266117420384827e-06, 'epoch': 0.44}
{'loss': 0.7726, 'grad_norm': 2.3613762855529785, 'learning_rate': 6.26410539428894e-06, 'epoch': 0.44}
{'loss': 0.9065, 'grad_norm': 2.692122459411621, 'learning_rate': 6.262093149495435e-06, 'epoch': 0.44}
{'loss': 0.7225, 'grad_norm': 2.2729976177215576, 'learning_rate': 6.260080686352441e-06, 'epoch': 0.44}
{'loss': 0.8759, 'grad_norm': 2.798618793487549, 'learning_rate': 6.258068005208126e-06, 'epoch': 0.44}
{'loss': 0.8385, 'grad_norm': 2.632719039916992, 'learning_rate': 6.256055106410696e-06, 'epoch': 0.44}
{'loss': 0.8541, 'grad_norm': 2.5274345874786377, 'learning_rate': 6.254041990308396e-06, 'epoch': 0.44}
{'loss': 0.841, 'grad_norm': 2.7010886669158936, 'learning_rate': 6.252028657249503e-06, 'epoch': 0.44}
{'loss': 0.9953, 'grad_norm': 2.7759759426116943, 'learning_rate': 6.250015107582339e-06, 'epoch': 0.44}
{'loss': 1.147, 'grad_norm': 2.966642141342163, 'learning_rate': 6.248001341655257e-06, 'epoch': 0.44}
{'loss': 0.7775, 'grad_norm': 2.5204832553863525, 'learning_rate': 6.245987359816651e-06, 'epoch': 0.44}
{'loss': 0.8027, 'grad_norm': 2.419264316558838, 'learning_rate': 6.243973162414953e-06, 'epoch': 0.44}
{'loss': 0.7817, 'grad_norm': 2.679027795791626, 'learning_rate': 6.2419587497986274e-06, 'epoch': 0.44}
{'loss': 0.7544, 'grad_norm': 2.45434832572937, 'learning_rate': 6.239944122316186e-06, 'epoch': 0.44}
{'loss': 0.7669, 'grad_norm': 2.339616060256958, 'learning_rate': 6.237929280316164e-06, 'epoch': 0.44}
{'loss': 0.929, 'grad_norm': 2.691279649734497, 'learning_rate': 6.235914224147146e-06, 'epoch': 0.44}
{'loss': 1.0322, 'grad_norm': 3.009850025177002, 'learning_rate': 6.2338989541577454e-06, 'epoch': 0.44}
{'loss': 0.8343, 'grad_norm': 2.522678852081299, 'learning_rate': 6.231883470696616e-06, 'epoch': 0.44}
{'loss': 0.6879, 'grad_norm': 2.371826410293579, 'learning_rate': 6.22986777411245e-06, 'epoch': 0.44}
{'loss': 0.9549, 'grad_norm': 2.7359323501586914, 'learning_rate': 6.227851864753972e-06, 'epoch': 0.44}
{'loss': 0.9211, 'grad_norm': 2.668238878250122, 'learning_rate': 6.22583574296995e-06, 'epoch': 0.44}
{'loss': 0.8913, 'grad_norm': 2.8300650119781494, 'learning_rate': 6.223819409109181e-06, 'epoch': 0.44}
{'loss': 0.9369, 'grad_norm': 2.4903228282928467, 'learning_rate': 6.221802863520505e-06, 'epoch': 0.44}
{'loss': 1.0491, 'grad_norm': 2.6271352767944336, 'learning_rate': 6.219786106552794e-06, 'epoch': 0.44}
{'loss': 0.8834, 'grad_norm': 2.5490622520446777, 'learning_rate': 6.2177691385549595e-06, 'epoch': 0.44}
{'loss': 0.9177, 'grad_norm': 2.591538190841675, 'learning_rate': 6.215751959875952e-06, 'epoch': 0.44}
{'loss': 0.6724, 'grad_norm': 1.6954517364501953, 'learning_rate': 6.2137345708647505e-06, 'epoch': 0.44}
{'loss': 0.8115, 'grad_norm': 3.0981788635253906, 'learning_rate': 6.211716971870377e-06, 'epoch': 0.44}
{'loss': 0.8026, 'grad_norm': 2.447510242462158, 'learning_rate': 6.209699163241888e-06, 'epoch': 0.44}
{'loss': 0.8451, 'grad_norm': 2.6285438537597656, 'learning_rate': 6.207681145328377e-06, 'epoch': 0.44}
{'loss': 0.6958, 'grad_norm': 2.3504579067230225, 'learning_rate': 6.205662918478969e-06, 'epoch': 0.44}
{'loss': 0.7984, 'grad_norm': 2.5991714000701904, 'learning_rate': 6.203644483042835e-06, 'epoch': 0.44}
{'loss': 1.0157, 'grad_norm': 2.7004218101501465, 'learning_rate': 6.2016258393691745e-06, 'epoch': 0.44}
{'loss': 0.9776, 'grad_norm': 2.831869602203369, 'learning_rate': 6.19960698780722e-06, 'epoch': 0.44}
{'loss': 0.9323, 'grad_norm': 2.6811797618865967, 'learning_rate': 6.19758792870625e-06, 'epoch': 0.44}
{'loss': 0.6842, 'grad_norm': 2.181892156600952, 'learning_rate': 6.195568662415568e-06, 'epoch': 0.44}
{'loss': 0.7283, 'grad_norm': 2.4194107055664062, 'learning_rate': 6.1935491892845265e-06, 'epoch': 0.44}
{'loss': 0.8556, 'grad_norm': 2.6566367149353027, 'learning_rate': 6.191529509662499e-06, 'epoch': 0.44}
{'loss': 0.8814, 'grad_norm': 2.6501591205596924, 'learning_rate': 6.189509623898906e-06, 'epoch': 0.44}
{'loss': 0.957, 'grad_norm': 2.8047451972961426, 'learning_rate': 6.1874895323432e-06, 'epoch': 0.44}
{'loss': 0.7829, 'grad_norm': 2.332709550857544, 'learning_rate': 6.185469235344864e-06, 'epoch': 0.44}
{'loss': 0.7753, 'grad_norm': 2.8540337085723877, 'learning_rate': 6.183448733253428e-06, 'epoch': 0.44}
{'loss': 0.9316, 'grad_norm': 2.8061935901641846, 'learning_rate': 6.181428026418442e-06, 'epoch': 0.44}
{'loss': 0.8919, 'grad_norm': 2.5799291133880615, 'learning_rate': 6.1794071151895085e-06, 'epoch': 0.44}
{'loss': 0.889, 'grad_norm': 2.650078296661377, 'learning_rate': 6.1773859999162525e-06, 'epoch': 0.44}
{'loss': 0.8025, 'grad_norm': 2.398648738861084, 'learning_rate': 6.175364680948339e-06, 'epoch': 0.44}
{'loss': 0.9244, 'grad_norm': 2.7546095848083496, 'learning_rate': 6.173343158635469e-06, 'epoch': 0.44}
{'loss': 0.7209, 'grad_norm': 2.302156925201416, 'learning_rate': 6.171321433327377e-06, 'epoch': 0.44}
{'loss': 0.9431, 'grad_norm': 2.5786142349243164, 'learning_rate': 6.169299505373834e-06, 'epoch': 0.44}
{'loss': 0.7667, 'grad_norm': 2.573420763015747, 'learning_rate': 6.167277375124645e-06, 'epoch': 0.44}
{'loss': 0.7225, 'grad_norm': 2.4696879386901855, 'learning_rate': 6.165255042929651e-06, 'epoch': 0.44}
{'loss': 0.9175, 'grad_norm': 2.3964319229125977, 'learning_rate': 6.163232509138724e-06, 'epoch': 0.44}
{'loss': 0.8912, 'grad_norm': 2.666184186935425, 'learning_rate': 6.16120977410178e-06, 'epoch': 0.44}
{'loss': 0.7695, 'grad_norm': 2.2817506790161133, 'learning_rate': 6.159186838168758e-06, 'epoch': 0.44}
{'loss': 0.8852, 'grad_norm': 2.813718557357788, 'learning_rate': 6.157163701689641e-06, 'epoch': 0.44}
{'loss': 0.7887, 'grad_norm': 2.8365750312805176, 'learning_rate': 6.155140365014445e-06, 'epoch': 0.44}
{'loss': 0.904, 'grad_norm': 2.498647928237915, 'learning_rate': 6.1531168284932155e-06, 'epoch': 0.44}
{'loss': 0.8735, 'grad_norm': 2.3996713161468506, 'learning_rate': 6.151093092476037e-06, 'epoch': 0.44}
{'loss': 1.2467, 'grad_norm': 2.678312301635742, 'learning_rate': 6.149069157313029e-06, 'epoch': 0.44}
{'loss': 0.7613, 'grad_norm': 2.3138766288757324, 'learning_rate': 6.147045023354342e-06, 'epoch': 0.44}
{'loss': 0.9109, 'grad_norm': 2.5584053993225098, 'learning_rate': 6.145020690950167e-06, 'epoch': 0.44}
{'loss': 0.8597, 'grad_norm': 2.4574618339538574, 'learning_rate': 6.1429961604507206e-06, 'epoch': 0.44}
{'loss': 0.9263, 'grad_norm': 2.8223419189453125, 'learning_rate': 6.140971432206261e-06, 'epoch': 0.44}
{'loss': 1.12, 'grad_norm': 2.6944706439971924, 'learning_rate': 6.138946506567077e-06, 'epoch': 0.44}
{'loss': 0.864, 'grad_norm': 2.565415620803833, 'learning_rate': 6.136921383883494e-06, 'epoch': 0.44}
{'loss': 0.7519, 'grad_norm': 2.532862901687622, 'learning_rate': 6.134896064505869e-06, 'epoch': 0.44}
{'loss': 0.8489, 'grad_norm': 2.682774782180786, 'learning_rate': 6.132870548784593e-06, 'epoch': 0.44}
{'loss': 0.8251, 'grad_norm': 2.5592339038848877, 'learning_rate': 6.130844837070094e-06, 'epoch': 0.44}
{'loss': 1.1949, 'grad_norm': 2.900847911834717, 'learning_rate': 6.128818929712832e-06, 'epoch': 0.44}
{'loss': 0.9935, 'grad_norm': 2.7590975761413574, 'learning_rate': 6.1267928270632995e-06, 'epoch': 0.44}
{'loss': 0.8803, 'grad_norm': 2.7306132316589355, 'learning_rate': 6.124766529472025e-06, 'epoch': 0.44}
{'loss': 1.0205, 'grad_norm': 3.2016639709472656, 'learning_rate': 6.1227400372895685e-06, 'epoch': 0.45}
{'loss': 0.8778, 'grad_norm': 2.6332294940948486, 'learning_rate': 6.1207133508665275e-06, 'epoch': 0.45}
{'loss': 0.6965, 'grad_norm': 2.734311580657959, 'learning_rate': 6.118686470553527e-06, 'epoch': 0.45}
{'loss': 0.8954, 'grad_norm': 2.5543298721313477, 'learning_rate': 6.116659396701232e-06, 'epoch': 0.45}
{'loss': 0.9719, 'grad_norm': 2.676173686981201, 'learning_rate': 6.114632129660338e-06, 'epoch': 0.45}
{'loss': 0.8363, 'grad_norm': 2.640782117843628, 'learning_rate': 6.112604669781572e-06, 'epoch': 0.45}
{'loss': 0.7727, 'grad_norm': 2.4134323596954346, 'learning_rate': 6.1105770174157e-06, 'epoch': 0.45}
{'loss': 0.94, 'grad_norm': 2.871056318283081, 'learning_rate': 6.108549172913514e-06, 'epoch': 0.45}
{'loss': 0.8376, 'grad_norm': 2.71243953704834, 'learning_rate': 6.106521136625843e-06, 'epoch': 0.45}
{'loss': 0.7902, 'grad_norm': 2.693878412246704, 'learning_rate': 6.104492908903552e-06, 'epoch': 0.45}
{'loss': 0.7658, 'grad_norm': 2.283170461654663, 'learning_rate': 6.102464490097535e-06, 'epoch': 0.45}
{'loss': 0.8847, 'grad_norm': 2.6723272800445557, 'learning_rate': 6.10043588055872e-06, 'epoch': 0.45}
{'loss': 1.1507, 'grad_norm': 2.7021214962005615, 'learning_rate': 6.0984070806380676e-06, 'epoch': 0.45}
{'loss': 0.9264, 'grad_norm': 2.6871209144592285, 'learning_rate': 6.096378090686574e-06, 'epoch': 0.45}
{'loss': 0.7737, 'grad_norm': 2.879371404647827, 'learning_rate': 6.094348911055264e-06, 'epoch': 0.45}
{'loss': 0.8542, 'grad_norm': 2.7329578399658203, 'learning_rate': 6.0923195420952e-06, 'epoch': 0.45}
{'loss': 1.094, 'grad_norm': 2.593151569366455, 'learning_rate': 6.090289984157471e-06, 'epoch': 0.45}
{'loss': 0.7855, 'grad_norm': 2.5083749294281006, 'learning_rate': 6.088260237593206e-06, 'epoch': 0.45}
{'loss': 0.8933, 'grad_norm': 2.715883493423462, 'learning_rate': 6.086230302753563e-06, 'epoch': 0.45}
{'loss': 0.8568, 'grad_norm': 2.42999005317688, 'learning_rate': 6.08420017998973e-06, 'epoch': 0.45}
{'loss': 0.7403, 'grad_norm': 2.228032350540161, 'learning_rate': 6.082169869652932e-06, 'epoch': 0.45}
{'loss': 1.0499, 'grad_norm': 2.6095917224884033, 'learning_rate': 6.0801393720944235e-06, 'epoch': 0.45}
{'loss': 1.095, 'grad_norm': 2.6032354831695557, 'learning_rate': 6.078108687665493e-06, 'epoch': 0.45}
{'loss': 0.8995, 'grad_norm': 2.933389186859131, 'learning_rate': 6.076077816717461e-06, 'epoch': 0.45}
{'loss': 0.7588, 'grad_norm': 2.456134796142578, 'learning_rate': 6.0740467596016785e-06, 'epoch': 0.45}
{'loss': 0.8748, 'grad_norm': 2.590235948562622, 'learning_rate': 6.0720155166695325e-06, 'epoch': 0.45}
{'loss': 0.7842, 'grad_norm': 2.4801275730133057, 'learning_rate': 6.069984088272439e-06, 'epoch': 0.45}
{'loss': 0.9982, 'grad_norm': 2.560574531555176, 'learning_rate': 6.067952474761847e-06, 'epoch': 0.45}
{'loss': 0.9517, 'grad_norm': 2.8342738151550293, 'learning_rate': 6.065920676489235e-06, 'epoch': 0.45}
{'loss': 0.6477, 'grad_norm': 2.208488941192627, 'learning_rate': 6.063888693806121e-06, 'epoch': 0.45}
{'loss': 0.914, 'grad_norm': 2.4187445640563965, 'learning_rate': 6.0618565270640474e-06, 'epoch': 0.45}
{'loss': 0.7829, 'grad_norm': 2.4256253242492676, 'learning_rate': 6.059824176614589e-06, 'epoch': 0.45}
{'loss': 0.973, 'grad_norm': 2.7464206218719482, 'learning_rate': 6.0577916428093576e-06, 'epoch': 0.45}
{'loss': 0.8769, 'grad_norm': 2.6209053993225098, 'learning_rate': 6.055758925999989e-06, 'epoch': 0.45}
{'loss': 0.8443, 'grad_norm': 2.3769776821136475, 'learning_rate': 6.053726026538161e-06, 'epoch': 0.45}
{'loss': 0.6628, 'grad_norm': 2.1725234985351562, 'learning_rate': 6.051692944775572e-06, 'epoch': 0.45}
{'loss': 0.9323, 'grad_norm': 2.7319557666778564, 'learning_rate': 6.049659681063962e-06, 'epoch': 0.45}
{'loss': 0.6884, 'grad_norm': 2.3620474338531494, 'learning_rate': 6.047626235755093e-06, 'epoch': 0.45}
{'loss': 0.9272, 'grad_norm': 2.9040260314941406, 'learning_rate': 6.045592609200764e-06, 'epoch': 0.45}
{'loss': 0.7996, 'grad_norm': 2.5701355934143066, 'learning_rate': 6.043558801752805e-06, 'epoch': 0.45}
{'loss': 0.8753, 'grad_norm': 2.5659847259521484, 'learning_rate': 6.041524813763075e-06, 'epoch': 0.45}
{'loss': 0.8962, 'grad_norm': 2.792536735534668, 'learning_rate': 6.039490645583469e-06, 'epoch': 0.45}
{'loss': 0.7564, 'grad_norm': 2.406553268432617, 'learning_rate': 6.037456297565906e-06, 'epoch': 0.45}
{'loss': 0.7558, 'grad_norm': 2.24149489402771, 'learning_rate': 6.035421770062344e-06, 'epoch': 0.45}
{'loss': 1.3323, 'grad_norm': 2.6528234481811523, 'learning_rate': 6.033387063424765e-06, 'epoch': 0.45}
{'loss': 0.8749, 'grad_norm': 2.4935853481292725, 'learning_rate': 6.0313521780051884e-06, 'epoch': 0.45}
{'loss': 0.8856, 'grad_norm': 2.5369820594787598, 'learning_rate': 6.0293171141556585e-06, 'epoch': 0.45}
{'loss': 1.0075, 'grad_norm': 2.762089252471924, 'learning_rate': 6.027281872228252e-06, 'epoch': 0.45}
{'loss': 0.8424, 'grad_norm': 2.400165557861328, 'learning_rate': 6.025246452575083e-06, 'epoch': 0.45}
{'loss': 0.8653, 'grad_norm': 2.725935697555542, 'learning_rate': 6.023210855548285e-06, 'epoch': 0.45}
{'loss': 0.7645, 'grad_norm': 2.597731351852417, 'learning_rate': 6.021175081500034e-06, 'epoch': 0.45}
{'loss': 0.9945, 'grad_norm': 2.601696729660034, 'learning_rate': 6.0191391307825246e-06, 'epoch': 0.45}
{'loss': 0.7595, 'grad_norm': 2.284045696258545, 'learning_rate': 6.017103003747993e-06, 'epoch': 0.45}
{'loss': 0.9501, 'grad_norm': 2.6785409450531006, 'learning_rate': 6.0150667007486985e-06, 'epoch': 0.45}
{'loss': 0.7747, 'grad_norm': 2.5532612800598145, 'learning_rate': 6.013030222136933e-06, 'epoch': 0.45}
{'loss': 1.1425, 'grad_norm': 2.8538684844970703, 'learning_rate': 6.010993568265023e-06, 'epoch': 0.45}
{'loss': 0.7917, 'grad_norm': 2.4759018421173096, 'learning_rate': 6.008956739485318e-06, 'epoch': 0.45}
{'loss': 0.8419, 'grad_norm': 2.721487045288086, 'learning_rate': 6.006919736150203e-06, 'epoch': 0.45}
{'loss': 1.1013, 'grad_norm': 2.5384421348571777, 'learning_rate': 6.004882558612088e-06, 'epoch': 0.45}
{'loss': 0.9098, 'grad_norm': 2.614628791809082, 'learning_rate': 6.0028452072234224e-06, 'epoch': 0.45}
{'loss': 0.7085, 'grad_norm': 2.3279385566711426, 'learning_rate': 6.000807682336674e-06, 'epoch': 0.45}
{'loss': 0.9544, 'grad_norm': 2.86079740524292, 'learning_rate': 5.998769984304351e-06, 'epoch': 0.45}
{'loss': 0.9556, 'grad_norm': 2.3157594203948975, 'learning_rate': 5.9967321134789866e-06, 'epoch': 0.45}
{'loss': 0.7768, 'grad_norm': 2.3532519340515137, 'learning_rate': 5.994694070213141e-06, 'epoch': 0.45}
{'loss': 0.8535, 'grad_norm': 2.708287477493286, 'learning_rate': 5.992655854859412e-06, 'epoch': 0.45}
{'loss': 1.0002, 'grad_norm': 2.76885724067688, 'learning_rate': 5.990617467770418e-06, 'epoch': 0.45}
{'loss': 0.7088, 'grad_norm': 2.4403343200683594, 'learning_rate': 5.9885789092988165e-06, 'epoch': 0.45}
{'loss': 0.692, 'grad_norm': 2.6108174324035645, 'learning_rate': 5.986540179797285e-06, 'epoch': 0.45}
{'loss': 0.6916, 'grad_norm': 2.292156457901001, 'learning_rate': 5.984501279618542e-06, 'epoch': 0.45}
{'loss': 0.871, 'grad_norm': 2.697577714920044, 'learning_rate': 5.982462209115325e-06, 'epoch': 0.45}
{'loss': 0.9652, 'grad_norm': 2.704946994781494, 'learning_rate': 5.980422968640403e-06, 'epoch': 0.45}
{'loss': 0.871, 'grad_norm': 2.362839698791504, 'learning_rate': 5.978383558546584e-06, 'epoch': 0.45}
{'loss': 1.0348, 'grad_norm': 2.563401699066162, 'learning_rate': 5.976343979186688e-06, 'epoch': 0.45}
{'loss': 0.9481, 'grad_norm': 2.60563063621521, 'learning_rate': 5.974304230913583e-06, 'epoch': 0.45}
{'loss': 0.8882, 'grad_norm': 2.6348953247070312, 'learning_rate': 5.972264314080152e-06, 'epoch': 0.45}
{'loss': 0.7777, 'grad_norm': 2.575753927230835, 'learning_rate': 5.970224229039314e-06, 'epoch': 0.45}
{'loss': 0.8981, 'grad_norm': 2.565333127975464, 'learning_rate': 5.968183976144016e-06, 'epoch': 0.45}
{'loss': 0.7908, 'grad_norm': 2.678316593170166, 'learning_rate': 5.966143555747235e-06, 'epoch': 0.45}
{'loss': 0.9149, 'grad_norm': 2.7523856163024902, 'learning_rate': 5.964102968201973e-06, 'epoch': 0.46}
{'loss': 0.7366, 'grad_norm': 2.3096280097961426, 'learning_rate': 5.962062213861265e-06, 'epoch': 0.46}
{'loss': 1.1526, 'grad_norm': 2.641249895095825, 'learning_rate': 5.960021293078173e-06, 'epoch': 0.46}
{'loss': 1.2491, 'grad_norm': 2.9978444576263428, 'learning_rate': 5.957980206205788e-06, 'epoch': 0.46}
{'loss': 0.8351, 'grad_norm': 2.62143874168396, 'learning_rate': 5.955938953597231e-06, 'epoch': 0.46}
{'loss': 0.989, 'grad_norm': 2.5570874214172363, 'learning_rate': 5.95389753560565e-06, 'epoch': 0.46}
{'loss': 0.9982, 'grad_norm': 2.6399989128112793, 'learning_rate': 5.9518559525842215e-06, 'epoch': 0.46}
{'loss': 0.7824, 'grad_norm': 2.211845874786377, 'learning_rate': 5.949814204886154e-06, 'epoch': 0.46}
{'loss': 0.7516, 'grad_norm': 2.451483726501465, 'learning_rate': 5.9477722928646765e-06, 'epoch': 0.46}
{'loss': 0.8376, 'grad_norm': 2.716334819793701, 'learning_rate': 5.945730216873057e-06, 'epoch': 0.46}
{'loss': 0.8807, 'grad_norm': 2.800429105758667, 'learning_rate': 5.943687977264584e-06, 'epoch': 0.46}
{'loss': 0.8603, 'grad_norm': 2.478048801422119, 'learning_rate': 5.941645574392577e-06, 'epoch': 0.46}
{'loss': 0.7121, 'grad_norm': 3.040621280670166, 'learning_rate': 5.939603008610385e-06, 'epoch': 0.46}
{'loss': 0.8655, 'grad_norm': 2.613572835922241, 'learning_rate': 5.937560280271383e-06, 'epoch': 0.46}
{'loss': 0.9666, 'grad_norm': 2.648590564727783, 'learning_rate': 5.935517389728974e-06, 'epoch': 0.46}
{'loss': 0.9569, 'grad_norm': 2.7286806106567383, 'learning_rate': 5.933474337336591e-06, 'epoch': 0.46}
{'loss': 0.7769, 'grad_norm': 2.7201366424560547, 'learning_rate': 5.931431123447694e-06, 'epoch': 0.46}
{'loss': 0.7992, 'grad_norm': 2.4932820796966553, 'learning_rate': 5.929387748415772e-06, 'epoch': 0.46}
{'loss': 1.0798, 'grad_norm': 3.2004735469818115, 'learning_rate': 5.927344212594337e-06, 'epoch': 0.46}
{'loss': 0.791, 'grad_norm': 2.5053670406341553, 'learning_rate': 5.9253005163369374e-06, 'epoch': 0.46}
{'loss': 0.9097, 'grad_norm': 2.8071441650390625, 'learning_rate': 5.923256659997141e-06, 'epoch': 0.46}
{'loss': 0.8822, 'grad_norm': 2.6472649574279785, 'learning_rate': 5.921212643928549e-06, 'epoch': 0.46}
{'loss': 0.6372, 'grad_norm': 2.2984366416931152, 'learning_rate': 5.919168468484787e-06, 'epoch': 0.46}
{'loss': 0.7578, 'grad_norm': 2.252472162246704, 'learning_rate': 5.917124134019511e-06, 'epoch': 0.46}
{'loss': 0.7002, 'grad_norm': 2.139786720275879, 'learning_rate': 5.9150796408864e-06, 'epoch': 0.46}
{'loss': 0.8127, 'grad_norm': 2.655430555343628, 'learning_rate': 5.913034989439166e-06, 'epoch': 0.46}
{'loss': 0.9417, 'grad_norm': 2.7649147510528564, 'learning_rate': 5.910990180031543e-06, 'epoch': 0.46}
{'loss': 0.917, 'grad_norm': 2.39117693901062, 'learning_rate': 5.908945213017297e-06, 'epoch': 0.46}
{'loss': 0.6645, 'grad_norm': 2.1096856594085693, 'learning_rate': 5.906900088750219e-06, 'epoch': 0.46}
{'loss': 0.9358, 'grad_norm': 2.5922670364379883, 'learning_rate': 5.904854807584126e-06, 'epoch': 0.46}
{'loss': 0.8217, 'grad_norm': 2.4991352558135986, 'learning_rate': 5.902809369872866e-06, 'epoch': 0.46}
{'loss': 0.8094, 'grad_norm': 2.664860963821411, 'learning_rate': 5.900763775970309e-06, 'epoch': 0.46}
{'loss': 0.9542, 'grad_norm': 2.524320363998413, 'learning_rate': 5.898718026230358e-06, 'epoch': 0.46}
{'loss': 0.6647, 'grad_norm': 2.3333089351654053, 'learning_rate': 5.896672121006937e-06, 'epoch': 0.46}
{'loss': 0.8854, 'grad_norm': 2.247330665588379, 'learning_rate': 5.894626060654e-06, 'epoch': 0.46}
{'loss': 0.9291, 'grad_norm': 2.5468928813934326, 'learning_rate': 5.892579845525527e-06, 'epoch': 0.46}
{'loss': 1.0046, 'grad_norm': 3.0316150188446045, 'learning_rate': 5.890533475975526e-06, 'epoch': 0.46}
{'loss': 0.745, 'grad_norm': 2.1878457069396973, 'learning_rate': 5.888486952358031e-06, 'epoch': 0.46}
{'loss': 0.9652, 'grad_norm': 2.7000017166137695, 'learning_rate': 5.886440275027102e-06, 'epoch': 0.46}
{'loss': 0.8388, 'grad_norm': 2.4194066524505615, 'learning_rate': 5.884393444336826e-06, 'epoch': 0.46}
{'loss': 0.8292, 'grad_norm': 2.4282071590423584, 'learning_rate': 5.882346460641319e-06, 'epoch': 0.46}
{'loss': 0.9984, 'grad_norm': 2.622253656387329, 'learning_rate': 5.880299324294718e-06, 'epoch': 0.46}
{'loss': 0.9905, 'grad_norm': 3.070565938949585, 'learning_rate': 5.8782520356511895e-06, 'epoch': 0.46}
{'loss': 0.889, 'grad_norm': 2.8014519214630127, 'learning_rate': 5.87620459506493e-06, 'epoch': 0.46}
{'loss': 0.8668, 'grad_norm': 2.589947462081909, 'learning_rate': 5.8741570028901555e-06, 'epoch': 0.46}
{'loss': 0.7566, 'grad_norm': 2.39047908782959, 'learning_rate': 5.872109259481111e-06, 'epoch': 0.46}
{'loss': 0.7483, 'grad_norm': 2.977522850036621, 'learning_rate': 5.87006136519207e-06, 'epoch': 0.46}
{'loss': 0.9339, 'grad_norm': 2.5405113697052, 'learning_rate': 5.868013320377331e-06, 'epoch': 0.46}
{'loss': 0.8534, 'grad_norm': 2.6317925453186035, 'learning_rate': 5.865965125391214e-06, 'epoch': 0.46}
{'loss': 0.9678, 'grad_norm': 2.706116199493408, 'learning_rate': 5.8639167805880714e-06, 'epoch': 0.46}
{'loss': 0.7768, 'grad_norm': 2.4319863319396973, 'learning_rate': 5.86186828632228e-06, 'epoch': 0.46}
{'loss': 0.8999, 'grad_norm': 2.5141541957855225, 'learning_rate': 5.8598196429482365e-06, 'epoch': 0.46}
{'loss': 0.8498, 'grad_norm': 2.6403048038482666, 'learning_rate': 5.857770850820374e-06, 'epoch': 0.46}
{'loss': 0.9571, 'grad_norm': 2.5570244789123535, 'learning_rate': 5.855721910293143e-06, 'epoch': 0.46}
{'loss': 0.8494, 'grad_norm': 2.490837335586548, 'learning_rate': 5.853672821721021e-06, 'epoch': 0.46}
{'loss': 0.9334, 'grad_norm': 2.816270351409912, 'learning_rate': 5.851623585458512e-06, 'epoch': 0.46}
{'loss': 0.9517, 'grad_norm': 2.5896425247192383, 'learning_rate': 5.849574201860147e-06, 'epoch': 0.46}
{'loss': 1.0463, 'grad_norm': 2.673079013824463, 'learning_rate': 5.8475246712804845e-06, 'epoch': 0.46}
{'loss': 0.7839, 'grad_norm': 2.364665985107422, 'learning_rate': 5.845474994074099e-06, 'epoch': 0.46}
{'loss': 0.8931, 'grad_norm': 2.7311341762542725, 'learning_rate': 5.8434251705956025e-06, 'epoch': 0.46}
{'loss': 1.0324, 'grad_norm': 2.782963275909424, 'learning_rate': 5.841375201199623e-06, 'epoch': 0.46}
{'loss': 0.7429, 'grad_norm': 2.460460662841797, 'learning_rate': 5.8393250862408164e-06, 'epoch': 0.46}
{'loss': 0.7976, 'grad_norm': 2.5362629890441895, 'learning_rate': 5.837274826073868e-06, 'epoch': 0.46}
{'loss': 0.9844, 'grad_norm': 2.5206596851348877, 'learning_rate': 5.83522442105348e-06, 'epoch': 0.46}
{'loss': 0.8754, 'grad_norm': 2.87153959274292, 'learning_rate': 5.8331738715343915e-06, 'epoch': 0.46}
{'loss': 0.866, 'grad_norm': 2.6256191730499268, 'learning_rate': 5.831123177871352e-06, 'epoch': 0.46}
{'loss': 0.908, 'grad_norm': 2.545677423477173, 'learning_rate': 5.82907234041915e-06, 'epoch': 0.46}
{'loss': 0.7769, 'grad_norm': 2.4300739765167236, 'learning_rate': 5.827021359532585e-06, 'epoch': 0.46}
{'loss': 0.9606, 'grad_norm': 2.8989779949188232, 'learning_rate': 5.824970235566497e-06, 'epoch': 0.46}
{'loss': 0.9746, 'grad_norm': 2.375195026397705, 'learning_rate': 5.822918968875737e-06, 'epoch': 0.46}
{'loss': 0.9975, 'grad_norm': 2.7509284019470215, 'learning_rate': 5.820867559815186e-06, 'epoch': 0.46}
{'loss': 0.7279, 'grad_norm': 1.766153335571289, 'learning_rate': 5.818816008739754e-06, 'epoch': 0.46}
{'loss': 0.7925, 'grad_norm': 2.15236759185791, 'learning_rate': 5.816764316004366e-06, 'epoch': 0.46}
{'loss': 0.8852, 'grad_norm': 2.449974298477173, 'learning_rate': 5.814712481963981e-06, 'epoch': 0.46}
{'loss': 0.9431, 'grad_norm': 2.5921578407287598, 'learning_rate': 5.812660506973575e-06, 'epoch': 0.46}
{'loss': 0.6862, 'grad_norm': 2.4563090801239014, 'learning_rate': 5.810608391388156e-06, 'epoch': 0.46}
{'loss': 0.7354, 'grad_norm': 2.406571865081787, 'learning_rate': 5.808556135562747e-06, 'epoch': 0.46}
{'loss': 0.8762, 'grad_norm': 2.6517722606658936, 'learning_rate': 5.806503739852403e-06, 'epoch': 0.46}
{'loss': 0.895, 'grad_norm': 2.407783269882202, 'learning_rate': 5.804451204612201e-06, 'epoch': 0.47}
{'loss': 1.0141, 'grad_norm': 3.105743169784546, 'learning_rate': 5.802398530197239e-06, 'epoch': 0.47}
{'loss': 0.7246, 'grad_norm': 2.680896043777466, 'learning_rate': 5.800345716962646e-06, 'epoch': 0.47}
{'loss': 0.9812, 'grad_norm': 2.4968533515930176, 'learning_rate': 5.798292765263564e-06, 'epoch': 0.47}
{'loss': 1.0399, 'grad_norm': 2.5056073665618896, 'learning_rate': 5.796239675455172e-06, 'epoch': 0.47}
{'loss': 1.1546, 'grad_norm': 3.0926170349121094, 'learning_rate': 5.794186447892664e-06, 'epoch': 0.47}
{'loss': 0.6814, 'grad_norm': 2.318920135498047, 'learning_rate': 5.7921330829312606e-06, 'epoch': 0.47}
{'loss': 1.0811, 'grad_norm': 2.6696927547454834, 'learning_rate': 5.790079580926207e-06, 'epoch': 0.47}
{'loss': 0.8778, 'grad_norm': 2.9276461601257324, 'learning_rate': 5.788025942232767e-06, 'epoch': 0.47}
{'loss': 0.8829, 'grad_norm': 2.530564785003662, 'learning_rate': 5.785972167206238e-06, 'epoch': 0.47}
{'loss': 0.7307, 'grad_norm': 2.286503553390503, 'learning_rate': 5.783918256201928e-06, 'epoch': 0.47}
{'loss': 0.8029, 'grad_norm': 2.2154369354248047, 'learning_rate': 5.781864209575182e-06, 'epoch': 0.47}
{'loss': 0.7762, 'grad_norm': 2.6291799545288086, 'learning_rate': 5.779810027681359e-06, 'epoch': 0.47}
{'loss': 1.0493, 'grad_norm': 2.5813276767730713, 'learning_rate': 5.777755710875846e-06, 'epoch': 0.47}
{'loss': 0.998, 'grad_norm': 3.216628074645996, 'learning_rate': 5.7757012595140525e-06, 'epoch': 0.47}
{'loss': 0.9999, 'grad_norm': 2.687735080718994, 'learning_rate': 5.773646673951406e-06, 'epoch': 0.47}
{'loss': 0.8126, 'grad_norm': 2.5128426551818848, 'learning_rate': 5.771591954543368e-06, 'epoch': 0.47}
{'loss': 1.1402, 'grad_norm': 3.0734219551086426, 'learning_rate': 5.7695371016454105e-06, 'epoch': 0.47}
{'loss': 1.1118, 'grad_norm': 2.9323675632476807, 'learning_rate': 5.767482115613041e-06, 'epoch': 0.47}
{'loss': 1.0017, 'grad_norm': 2.7590880393981934, 'learning_rate': 5.765426996801779e-06, 'epoch': 0.47}
{'loss': 0.9581, 'grad_norm': 2.9197869300842285, 'learning_rate': 5.763371745567177e-06, 'epoch': 0.47}
{'loss': 0.916, 'grad_norm': 2.8670783042907715, 'learning_rate': 5.761316362264801e-06, 'epoch': 0.47}
{'loss': 0.7108, 'grad_norm': 2.696413516998291, 'learning_rate': 5.759260847250248e-06, 'epoch': 0.47}
{'loss': 0.9567, 'grad_norm': 2.8313956260681152, 'learning_rate': 5.757205200879134e-06, 'epoch': 0.47}
{'loss': 1.0048, 'grad_norm': 2.526069402694702, 'learning_rate': 5.755149423507093e-06, 'epoch': 0.47}
{'loss': 0.7754, 'grad_norm': 2.508826971054077, 'learning_rate': 5.75309351548979e-06, 'epoch': 0.47}
{'loss': 0.9094, 'grad_norm': 2.7429802417755127, 'learning_rate': 5.75103747718291e-06, 'epoch': 0.47}
{'loss': 0.929, 'grad_norm': 2.7407710552215576, 'learning_rate': 5.748981308942159e-06, 'epoch': 0.47}
{'loss': 0.819, 'grad_norm': 2.392300844192505, 'learning_rate': 5.746925011123265e-06, 'epoch': 0.47}
{'loss': 0.7547, 'grad_norm': 2.4130332469940186, 'learning_rate': 5.7448685840819795e-06, 'epoch': 0.47}
{'loss': 0.8403, 'grad_norm': 2.5656943321228027, 'learning_rate': 5.742812028174078e-06, 'epoch': 0.47}
{'loss': 1.0027, 'grad_norm': 2.665576934814453, 'learning_rate': 5.740755343755356e-06, 'epoch': 0.47}
{'loss': 1.0376, 'grad_norm': 2.8767659664154053, 'learning_rate': 5.73869853118163e-06, 'epoch': 0.47}
{'loss': 0.7525, 'grad_norm': 2.5611066818237305, 'learning_rate': 5.736641590808743e-06, 'epoch': 0.47}
{'loss': 0.8144, 'grad_norm': 2.739609479904175, 'learning_rate': 5.734584522992558e-06, 'epoch': 0.47}
{'loss': 0.943, 'grad_norm': 2.8174848556518555, 'learning_rate': 5.7325273280889586e-06, 'epoch': 0.47}
{'loss': 0.837, 'grad_norm': 2.4661853313446045, 'learning_rate': 5.73047000645385e-06, 'epoch': 0.47}
{'loss': 0.7108, 'grad_norm': 2.745117664337158, 'learning_rate': 5.7284125584431635e-06, 'epoch': 0.47}
{'loss': 0.7123, 'grad_norm': 2.353395938873291, 'learning_rate': 5.72635498441285e-06, 'epoch': 0.47}
{'loss': 0.6584, 'grad_norm': 2.2706427574157715, 'learning_rate': 5.724297284718878e-06, 'epoch': 0.47}
{'loss': 0.7882, 'grad_norm': 2.5342788696289062, 'learning_rate': 5.722239459717246e-06, 'epoch': 0.47}
{'loss': 0.8334, 'grad_norm': 2.522517204284668, 'learning_rate': 5.720181509763967e-06, 'epoch': 0.47}
{'loss': 0.9629, 'grad_norm': 2.4100687503814697, 'learning_rate': 5.7181234352150785e-06, 'epoch': 0.47}
{'loss': 1.0748, 'grad_norm': 2.8266942501068115, 'learning_rate': 5.716065236426641e-06, 'epoch': 0.47}
{'loss': 0.8288, 'grad_norm': 2.403675079345703, 'learning_rate': 5.714006913754734e-06, 'epoch': 0.47}
{'loss': 0.7577, 'grad_norm': 2.555217981338501, 'learning_rate': 5.711948467555458e-06, 'epoch': 0.47}
{'loss': 0.704, 'grad_norm': 2.5049617290496826, 'learning_rate': 5.709889898184939e-06, 'epoch': 0.47}
{'loss': 0.8627, 'grad_norm': 2.732667922973633, 'learning_rate': 5.70783120599932e-06, 'epoch': 0.47}
{'loss': 0.7534, 'grad_norm': 2.4427268505096436, 'learning_rate': 5.705772391354767e-06, 'epoch': 0.47}
{'loss': 0.7712, 'grad_norm': 2.5058159828186035, 'learning_rate': 5.703713454607466e-06, 'epoch': 0.47}
{'loss': 0.7971, 'grad_norm': 2.243143081665039, 'learning_rate': 5.701654396113626e-06, 'epoch': 0.47}
{'loss': 0.7228, 'grad_norm': 2.536231517791748, 'learning_rate': 5.6995952162294765e-06, 'epoch': 0.47}
{'loss': 0.8899, 'grad_norm': 2.5097951889038086, 'learning_rate': 5.697535915311266e-06, 'epoch': 0.47}
{'loss': 0.8813, 'grad_norm': 2.6778268814086914, 'learning_rate': 5.695476493715269e-06, 'epoch': 0.47}
{'loss': 1.0596, 'grad_norm': 2.8757376670837402, 'learning_rate': 5.6934169517977735e-06, 'epoch': 0.47}
{'loss': 0.8852, 'grad_norm': 2.4042651653289795, 'learning_rate': 5.691357289915095e-06, 'epoch': 0.47}
{'loss': 0.7066, 'grad_norm': 2.4425172805786133, 'learning_rate': 5.689297508423565e-06, 'epoch': 0.47}
{'loss': 1.0227, 'grad_norm': 2.9214987754821777, 'learning_rate': 5.68723760767954e-06, 'epoch': 0.47}
{'loss': 1.1396, 'grad_norm': 2.9848740100860596, 'learning_rate': 5.685177588039394e-06, 'epoch': 0.47}
{'loss': 0.7955, 'grad_norm': 2.673396348953247, 'learning_rate': 5.683117449859521e-06, 'epoch': 0.47}
{'loss': 0.901, 'grad_norm': 2.877023458480835, 'learning_rate': 5.681057193496337e-06, 'epoch': 0.47}
{'loss': 0.8258, 'grad_norm': 2.5250918865203857, 'learning_rate': 5.678996819306282e-06, 'epoch': 0.47}
{'loss': 0.8296, 'grad_norm': 2.5273425579071045, 'learning_rate': 5.676936327645809e-06, 'epoch': 0.47}
{'loss': 0.7606, 'grad_norm': 2.390040397644043, 'learning_rate': 5.674875718871397e-06, 'epoch': 0.47}
{'loss': 0.977, 'grad_norm': 2.5934228897094727, 'learning_rate': 5.672814993339541e-06, 'epoch': 0.47}
{'loss': 1.0146, 'grad_norm': 2.688181161880493, 'learning_rate': 5.670754151406761e-06, 'epoch': 0.47}
{'loss': 0.8949, 'grad_norm': 2.539388418197632, 'learning_rate': 5.6686931934295954e-06, 'epoch': 0.47}
{'loss': 0.8672, 'grad_norm': 2.5304529666900635, 'learning_rate': 5.666632119764599e-06, 'epoch': 0.47}
{'loss': 0.9549, 'grad_norm': 2.6362826824188232, 'learning_rate': 5.664570930768351e-06, 'epoch': 0.47}
{'loss': 0.8952, 'grad_norm': 2.6195197105407715, 'learning_rate': 5.66250962679745e-06, 'epoch': 0.47}
{'loss': 0.8424, 'grad_norm': 2.3893723487854004, 'learning_rate': 5.660448208208513e-06, 'epoch': 0.47}
{'loss': 1.2232, 'grad_norm': 2.6731112003326416, 'learning_rate': 5.658386675358176e-06, 'epoch': 0.47}
{'loss': 0.8465, 'grad_norm': 2.4814517498016357, 'learning_rate': 5.656325028603098e-06, 'epoch': 0.47}
{'loss': 0.8086, 'grad_norm': 2.5260448455810547, 'learning_rate': 5.654263268299957e-06, 'epoch': 0.47}
{'loss': 0.9174, 'grad_norm': 2.614603281021118, 'learning_rate': 5.652201394805447e-06, 'epoch': 0.47}
{'loss': 0.6224, 'grad_norm': 2.1378636360168457, 'learning_rate': 5.650139408476285e-06, 'epoch': 0.47}
{'loss': 0.9347, 'grad_norm': 2.519627094268799, 'learning_rate': 5.648077309669207e-06, 'epoch': 0.47}
{'loss': 0.7557, 'grad_norm': 2.4550206661224365, 'learning_rate': 5.646015098740968e-06, 'epoch': 0.48}
{'loss': 0.8895, 'grad_norm': 2.500382661819458, 'learning_rate': 5.643952776048342e-06, 'epoch': 0.48}
{'loss': 1.0309, 'grad_norm': 2.706113815307617, 'learning_rate': 5.641890341948123e-06, 'epoch': 0.48}
{'loss': 0.8514, 'grad_norm': 2.546929359436035, 'learning_rate': 5.639827796797127e-06, 'epoch': 0.48}
{'loss': 0.9582, 'grad_norm': 2.7280945777893066, 'learning_rate': 5.637765140952182e-06, 'epoch': 0.48}
{'loss': 0.831, 'grad_norm': 2.5438051223754883, 'learning_rate': 5.635702374770142e-06, 'epoch': 0.48}
{'loss': 0.7247, 'grad_norm': 2.329291820526123, 'learning_rate': 5.633639498607878e-06, 'epoch': 0.48}
{'loss': 0.9367, 'grad_norm': 2.6282753944396973, 'learning_rate': 5.6315765128222775e-06, 'epoch': 0.48}
{'loss': 0.7821, 'grad_norm': 2.598804473876953, 'learning_rate': 5.62951341777025e-06, 'epoch': 0.48}
{'loss': 0.8311, 'grad_norm': 2.637363910675049, 'learning_rate': 5.627450213808723e-06, 'epoch': 0.48}
{'loss': 0.9013, 'grad_norm': 2.577930212020874, 'learning_rate': 5.625386901294646e-06, 'epoch': 0.48}
{'loss': 0.7899, 'grad_norm': 2.3235576152801514, 'learning_rate': 5.6233234805849775e-06, 'epoch': 0.48}
{'loss': 0.8928, 'grad_norm': 2.6049253940582275, 'learning_rate': 5.621259952036708e-06, 'epoch': 0.48}
{'loss': 0.7676, 'grad_norm': 2.517223358154297, 'learning_rate': 5.619196316006835e-06, 'epoch': 0.48}
{'loss': 0.7785, 'grad_norm': 2.2912111282348633, 'learning_rate': 5.617132572852383e-06, 'epoch': 0.48}
{'loss': 0.8938, 'grad_norm': 2.7017626762390137, 'learning_rate': 5.615068722930392e-06, 'epoch': 0.48}
{'loss': 0.8468, 'grad_norm': 2.573945999145508, 'learning_rate': 5.613004766597914e-06, 'epoch': 0.48}
{'loss': 0.9134, 'grad_norm': 2.4798367023468018, 'learning_rate': 5.610940704212034e-06, 'epoch': 0.48}
{'loss': 0.7928, 'grad_norm': 2.53127384185791, 'learning_rate': 5.608876536129839e-06, 'epoch': 0.48}
{'loss': 0.9534, 'grad_norm': 2.9338133335113525, 'learning_rate': 5.60681226270845e-06, 'epoch': 0.48}
{'loss': 0.7495, 'grad_norm': 2.4611387252807617, 'learning_rate': 5.604747884304991e-06, 'epoch': 0.48}
{'loss': 0.7022, 'grad_norm': 2.206723213195801, 'learning_rate': 5.6026834012766155e-06, 'epoch': 0.48}
{'loss': 0.7201, 'grad_norm': 2.5766236782073975, 'learning_rate': 5.600618813980492e-06, 'epoch': 0.48}
{'loss': 1.1397, 'grad_norm': 2.958482503890991, 'learning_rate': 5.598554122773803e-06, 'epoch': 0.48}
{'loss': 0.7238, 'grad_norm': 2.49949312210083, 'learning_rate': 5.596489328013754e-06, 'epoch': 0.48}
{'loss': 0.7065, 'grad_norm': 2.523597478866577, 'learning_rate': 5.594424430057565e-06, 'epoch': 0.48}
{'loss': 1.0385, 'grad_norm': 2.5955069065093994, 'learning_rate': 5.5923594292624795e-06, 'epoch': 0.48}
{'loss': 0.7734, 'grad_norm': 2.503248929977417, 'learning_rate': 5.59029432598575e-06, 'epoch': 0.48}
{'loss': 0.7849, 'grad_norm': 2.5286383628845215, 'learning_rate': 5.588229120584654e-06, 'epoch': 0.48}
{'loss': 0.7403, 'grad_norm': 2.4102768898010254, 'learning_rate': 5.5861638134164835e-06, 'epoch': 0.48}
{'loss': 0.798, 'grad_norm': 2.6461031436920166, 'learning_rate': 5.5840984048385475e-06, 'epoch': 0.48}
{'loss': 0.9368, 'grad_norm': 2.6704726219177246, 'learning_rate': 5.582032895208177e-06, 'epoch': 0.48}
{'loss': 0.9291, 'grad_norm': 2.5618152618408203, 'learning_rate': 5.579967284882713e-06, 'epoch': 0.48}
{'loss': 0.7278, 'grad_norm': 2.4149889945983887, 'learning_rate': 5.577901574219521e-06, 'epoch': 0.48}
{'loss': 0.9729, 'grad_norm': 2.6295769214630127, 'learning_rate': 5.575835763575979e-06, 'epoch': 0.48}
{'loss': 0.7501, 'grad_norm': 2.3818111419677734, 'learning_rate': 5.573769853309488e-06, 'epoch': 0.48}
{'loss': 0.8727, 'grad_norm': 2.4349989891052246, 'learning_rate': 5.5717038437774585e-06, 'epoch': 0.48}
{'loss': 0.8669, 'grad_norm': 2.80053448677063, 'learning_rate': 5.569637735337324e-06, 'epoch': 0.48}
{'loss': 0.6853, 'grad_norm': 2.3836448192596436, 'learning_rate': 5.567571528346535e-06, 'epoch': 0.48}
{'loss': 0.683, 'grad_norm': 2.3509433269500732, 'learning_rate': 5.565505223162553e-06, 'epoch': 0.48}
{'loss': 0.7546, 'grad_norm': 2.5240116119384766, 'learning_rate': 5.563438820142865e-06, 'epoch': 0.48}
{'loss': 0.7402, 'grad_norm': 2.31044602394104, 'learning_rate': 5.561372319644967e-06, 'epoch': 0.48}
{'loss': 0.8556, 'grad_norm': 2.548189640045166, 'learning_rate': 5.5593057220263805e-06, 'epoch': 0.48}
{'loss': 0.8539, 'grad_norm': 2.607948064804077, 'learning_rate': 5.557239027644635e-06, 'epoch': 0.48}
{'loss': 1.0712, 'grad_norm': 2.698892116546631, 'learning_rate': 5.555172236857282e-06, 'epoch': 0.48}
{'loss': 0.8275, 'grad_norm': 3.0691962242126465, 'learning_rate': 5.55310535002189e-06, 'epoch': 0.48}
{'loss': 0.8473, 'grad_norm': 2.4574999809265137, 'learning_rate': 5.55103836749604e-06, 'epoch': 0.48}
{'loss': 0.902, 'grad_norm': 2.638216495513916, 'learning_rate': 5.548971289637334e-06, 'epoch': 0.48}
{'loss': 0.8863, 'grad_norm': 2.617035388946533, 'learning_rate': 5.546904116803384e-06, 'epoch': 0.48}
{'loss': 0.7257, 'grad_norm': 2.1892170906066895, 'learning_rate': 5.54483684935183e-06, 'epoch': 0.48}
{'loss': 0.9432, 'grad_norm': 2.7386348247528076, 'learning_rate': 5.542769487640316e-06, 'epoch': 0.48}
{'loss': 0.7834, 'grad_norm': 2.2592954635620117, 'learning_rate': 5.54070203202651e-06, 'epoch': 0.48}
{'loss': 0.7434, 'grad_norm': 2.437246561050415, 'learning_rate': 5.538634482868094e-06, 'epoch': 0.48}
{'loss': 0.7565, 'grad_norm': 2.581951856613159, 'learning_rate': 5.5365668405227655e-06, 'epoch': 0.48}
{'loss': 0.7967, 'grad_norm': 2.3941214084625244, 'learning_rate': 5.534499105348238e-06, 'epoch': 0.48}
{'loss': 0.8168, 'grad_norm': 2.3905038833618164, 'learning_rate': 5.5324312777022424e-06, 'epoch': 0.48}
{'loss': 0.9501, 'grad_norm': 2.6412675380706787, 'learning_rate': 5.530363357942526e-06, 'epoch': 0.48}
{'loss': 1.0511, 'grad_norm': 2.6615614891052246, 'learning_rate': 5.5282953464268495e-06, 'epoch': 0.48}
{'loss': 0.9468, 'grad_norm': 2.6328868865966797, 'learning_rate': 5.5262272435129915e-06, 'epoch': 0.48}
{'loss': 0.8184, 'grad_norm': 2.655177354812622, 'learning_rate': 5.524159049558746e-06, 'epoch': 0.48}
{'loss': 0.8993, 'grad_norm': 2.836482286453247, 'learning_rate': 5.5220907649219225e-06, 'epoch': 0.48}
{'loss': 0.7697, 'grad_norm': 2.3988871574401855, 'learning_rate': 5.520022389960346e-06, 'epoch': 0.48}
{'loss': 0.8411, 'grad_norm': 2.587448835372925, 'learning_rate': 5.517953925031858e-06, 'epoch': 0.48}
{'loss': 0.8681, 'grad_norm': 2.5472300052642822, 'learning_rate': 5.515885370494315e-06, 'epoch': 0.48}
{'loss': 0.9543, 'grad_norm': 2.6420092582702637, 'learning_rate': 5.513816726705589e-06, 'epoch': 0.48}
{'loss': 0.9244, 'grad_norm': 2.8806591033935547, 'learning_rate': 5.5117479940235665e-06, 'epoch': 0.48}
{'loss': 0.7619, 'grad_norm': 2.4382500648498535, 'learning_rate': 5.509679172806152e-06, 'epoch': 0.48}
{'loss': 0.9483, 'grad_norm': 2.7568199634552, 'learning_rate': 5.507610263411262e-06, 'epoch': 0.48}
{'loss': 1.0275, 'grad_norm': 2.794732093811035, 'learning_rate': 5.5055412661968314e-06, 'epoch': 0.48}
{'loss': 0.888, 'grad_norm': 2.739581823348999, 'learning_rate': 5.503472181520808e-06, 'epoch': 0.48}
{'loss': 0.8549, 'grad_norm': 2.5836708545684814, 'learning_rate': 5.501403009741155e-06, 'epoch': 0.48}
{'loss': 0.8462, 'grad_norm': 2.444706439971924, 'learning_rate': 5.499333751215853e-06, 'epoch': 0.48}
{'loss': 0.7811, 'grad_norm': 2.4180123805999756, 'learning_rate': 5.497264406302894e-06, 'epoch': 0.48}
{'loss': 0.9341, 'grad_norm': 2.860133409500122, 'learning_rate': 5.495194975360288e-06, 'epoch': 0.48}
{'loss': 0.7096, 'grad_norm': 2.4696199893951416, 'learning_rate': 5.493125458746057e-06, 'epoch': 0.48}
{'loss': 0.9273, 'grad_norm': 2.776742696762085, 'learning_rate': 5.491055856818241e-06, 'epoch': 0.48}
{'loss': 0.8012, 'grad_norm': 2.3635027408599854, 'learning_rate': 5.4889861699348936e-06, 'epoch': 0.48}
{'loss': 0.9884, 'grad_norm': 2.6040403842926025, 'learning_rate': 5.486916398454081e-06, 'epoch': 0.48}
{'loss': 1.1325, 'grad_norm': 2.670949935913086, 'learning_rate': 5.484846542733886e-06, 'epoch': 0.49}
{'loss': 0.9795, 'grad_norm': 2.6531879901885986, 'learning_rate': 5.482776603132408e-06, 'epoch': 0.49}
{'loss': 0.7078, 'grad_norm': 2.3769936561584473, 'learning_rate': 5.480706580007757e-06, 'epoch': 0.49}
{'loss': 0.8876, 'grad_norm': 2.5739798545837402, 'learning_rate': 5.478636473718058e-06, 'epoch': 0.49}
{'loss': 0.7105, 'grad_norm': 2.444478750228882, 'learning_rate': 5.476566284621453e-06, 'epoch': 0.49}
{'loss': 0.7039, 'grad_norm': 2.430269241333008, 'learning_rate': 5.474496013076096e-06, 'epoch': 0.49}
{'loss': 0.8471, 'grad_norm': 2.6647183895111084, 'learning_rate': 5.472425659440157e-06, 'epoch': 0.49}
{'loss': 0.6208, 'grad_norm': 2.2987451553344727, 'learning_rate': 5.4703552240718195e-06, 'epoch': 0.49}
{'loss': 0.7647, 'grad_norm': 2.4254441261291504, 'learning_rate': 5.4682847073292785e-06, 'epoch': 0.49}
{'loss': 0.8611, 'grad_norm': 2.667999744415283, 'learning_rate': 5.466214109570749e-06, 'epoch': 0.49}
{'loss': 1.0019, 'grad_norm': 3.699971914291382, 'learning_rate': 5.4641434311544535e-06, 'epoch': 0.49}
{'loss': 0.9999, 'grad_norm': 2.7292299270629883, 'learning_rate': 5.4620726724386315e-06, 'epoch': 0.49}
{'loss': 0.9516, 'grad_norm': 2.816551685333252, 'learning_rate': 5.460001833781541e-06, 'epoch': 0.49}
{'loss': 0.9049, 'grad_norm': 2.711077928543091, 'learning_rate': 5.457930915541443e-06, 'epoch': 0.49}
{'loss': 0.8011, 'grad_norm': 2.2844350337982178, 'learning_rate': 5.455859918076621e-06, 'epoch': 0.49}
{'loss': 0.7395, 'grad_norm': 2.305917739868164, 'learning_rate': 5.453788841745371e-06, 'epoch': 0.49}
{'loss': 0.7623, 'grad_norm': 2.4553468227386475, 'learning_rate': 5.451717686906001e-06, 'epoch': 0.49}
{'loss': 0.9975, 'grad_norm': 2.4373555183410645, 'learning_rate': 5.44964645391683e-06, 'epoch': 0.49}
{'loss': 0.7923, 'grad_norm': 2.553558588027954, 'learning_rate': 5.4475751431361956e-06, 'epoch': 0.49}
{'loss': 0.8658, 'grad_norm': 2.6505126953125, 'learning_rate': 5.445503754922447e-06, 'epoch': 0.49}
{'loss': 0.7737, 'grad_norm': 2.539670705795288, 'learning_rate': 5.4434322896339465e-06, 'epoch': 0.49}
{'loss': 0.8865, 'grad_norm': 2.2796108722686768, 'learning_rate': 5.441360747629069e-06, 'epoch': 0.49}
{'loss': 0.9913, 'grad_norm': 2.6330578327178955, 'learning_rate': 5.439289129266203e-06, 'epoch': 0.49}
{'loss': 0.8556, 'grad_norm': 2.4028401374816895, 'learning_rate': 5.43721743490375e-06, 'epoch': 0.49}
{'loss': 0.8853, 'grad_norm': 2.6063406467437744, 'learning_rate': 5.435145664900129e-06, 'epoch': 0.49}
{'loss': 0.7805, 'grad_norm': 2.5068516731262207, 'learning_rate': 5.433073819613763e-06, 'epoch': 0.49}
{'loss': 0.7621, 'grad_norm': 2.5944907665252686, 'learning_rate': 5.4310018994030974e-06, 'epoch': 0.49}
{'loss': 0.7556, 'grad_norm': 2.4328479766845703, 'learning_rate': 5.428929904626584e-06, 'epoch': 0.49}
{'loss': 0.8631, 'grad_norm': 2.599013328552246, 'learning_rate': 5.426857835642694e-06, 'epoch': 0.49}
{'loss': 0.7303, 'grad_norm': 2.32686448097229, 'learning_rate': 5.424785692809902e-06, 'epoch': 0.49}
{'loss': 0.7483, 'grad_norm': 2.3764798641204834, 'learning_rate': 5.4227134764867025e-06, 'epoch': 0.49}
{'loss': 0.8125, 'grad_norm': 2.250077486038208, 'learning_rate': 5.420641187031604e-06, 'epoch': 0.49}
{'loss': 1.0475, 'grad_norm': 2.692823886871338, 'learning_rate': 5.418568824803121e-06, 'epoch': 0.49}
{'loss': 0.976, 'grad_norm': 2.771571159362793, 'learning_rate': 5.416496390159788e-06, 'epoch': 0.49}
{'loss': 0.7361, 'grad_norm': 2.5778753757476807, 'learning_rate': 5.414423883460143e-06, 'epoch': 0.49}
{'loss': 0.8116, 'grad_norm': 2.6277120113372803, 'learning_rate': 5.412351305062747e-06, 'epoch': 0.49}
{'loss': 0.7133, 'grad_norm': 2.2943618297576904, 'learning_rate': 5.410278655326167e-06, 'epoch': 0.49}
{'loss': 1.0674, 'grad_norm': 2.9574320316314697, 'learning_rate': 5.4082059346089784e-06, 'epoch': 0.49}
{'loss': 0.8163, 'grad_norm': 2.46557879447937, 'learning_rate': 5.406133143269783e-06, 'epoch': 0.49}
{'loss': 0.9877, 'grad_norm': 2.5462536811828613, 'learning_rate': 5.404060281667178e-06, 'epoch': 0.49}
{'loss': 0.7525, 'grad_norm': 2.3416080474853516, 'learning_rate': 5.401987350159785e-06, 'epoch': 0.49}
{'loss': 0.874, 'grad_norm': 2.5049479007720947, 'learning_rate': 5.39991434910623e-06, 'epoch': 0.49}
{'loss': 0.7407, 'grad_norm': 2.5216476917266846, 'learning_rate': 5.397841278865159e-06, 'epoch': 0.49}
{'loss': 0.7498, 'grad_norm': 2.545118570327759, 'learning_rate': 5.39576813979522e-06, 'epoch': 0.49}
{'loss': 0.6442, 'grad_norm': 2.3860363960266113, 'learning_rate': 5.393694932255081e-06, 'epoch': 0.49}
{'loss': 0.8367, 'grad_norm': 2.5004818439483643, 'learning_rate': 5.3916216566034195e-06, 'epoch': 0.49}
{'loss': 0.8463, 'grad_norm': 2.3868653774261475, 'learning_rate': 5.389548313198922e-06, 'epoch': 0.49}
{'loss': 0.8267, 'grad_norm': 2.6496498584747314, 'learning_rate': 5.387474902400293e-06, 'epoch': 0.49}
{'loss': 0.6549, 'grad_norm': 2.2337353229522705, 'learning_rate': 5.3854014245662375e-06, 'epoch': 0.49}
{'loss': 0.8989, 'grad_norm': 2.7700376510620117, 'learning_rate': 5.3833278800554875e-06, 'epoch': 0.49}
{'loss': 1.0685, 'grad_norm': 2.5315663814544678, 'learning_rate': 5.381254269226773e-06, 'epoch': 0.49}
{'loss': 0.7445, 'grad_norm': 2.6704418659210205, 'learning_rate': 5.379180592438843e-06, 'epoch': 0.49}
{'loss': 0.742, 'grad_norm': 2.408642530441284, 'learning_rate': 5.377106850050455e-06, 'epoch': 0.49}
{'loss': 0.7995, 'grad_norm': 2.376908540725708, 'learning_rate': 5.375033042420379e-06, 'epoch': 0.49}
{'loss': 0.7741, 'grad_norm': 2.735032081604004, 'learning_rate': 5.372959169907397e-06, 'epoch': 0.49}
{'loss': 0.7755, 'grad_norm': 2.4726762771606445, 'learning_rate': 5.370885232870296e-06, 'epoch': 0.49}
{'loss': 0.7235, 'grad_norm': 2.767134666442871, 'learning_rate': 5.368811231667888e-06, 'epoch': 0.49}
{'loss': 0.955, 'grad_norm': 2.7105116844177246, 'learning_rate': 5.366737166658977e-06, 'epoch': 0.49}
{'loss': 0.8139, 'grad_norm': 2.559736490249634, 'learning_rate': 5.364663038202396e-06, 'epoch': 0.49}
{'loss': 0.6923, 'grad_norm': 2.211371898651123, 'learning_rate': 5.362588846656978e-06, 'epoch': 0.49}
{'loss': 0.8289, 'grad_norm': 2.545480728149414, 'learning_rate': 5.3605145923815716e-06, 'epoch': 0.49}
{'loss': 0.7267, 'grad_norm': 2.290236234664917, 'learning_rate': 5.358440275735035e-06, 'epoch': 0.49}
{'loss': 0.7024, 'grad_norm': 2.392420768737793, 'learning_rate': 5.356365897076234e-06, 'epoch': 0.49}
{'loss': 0.7783, 'grad_norm': 2.5811421871185303, 'learning_rate': 5.354291456764053e-06, 'epoch': 0.49}
{'loss': 0.7905, 'grad_norm': 2.4738621711730957, 'learning_rate': 5.3522169551573795e-06, 'epoch': 0.49}
{'loss': 0.7469, 'grad_norm': 2.168574810028076, 'learning_rate': 5.350142392615116e-06, 'epoch': 0.49}
{'loss': 0.9496, 'grad_norm': 2.7996633052825928, 'learning_rate': 5.3480677694961715e-06, 'epoch': 0.49}
{'loss': 1.0564, 'grad_norm': 2.802877187728882, 'learning_rate': 5.345993086159469e-06, 'epoch': 0.49}
{'loss': 0.7754, 'grad_norm': 2.500546455383301, 'learning_rate': 5.343918342963942e-06, 'epoch': 0.49}
{'loss': 0.7746, 'grad_norm': 2.7330188751220703, 'learning_rate': 5.341843540268532e-06, 'epoch': 0.49}
{'loss': 0.9144, 'grad_norm': 2.6009562015533447, 'learning_rate': 5.339768678432192e-06, 'epoch': 0.49}
{'loss': 0.8241, 'grad_norm': 2.526738405227661, 'learning_rate': 5.337693757813887e-06, 'epoch': 0.49}
{'loss': 0.9294, 'grad_norm': 2.6088812351226807, 'learning_rate': 5.3356187787725876e-06, 'epoch': 0.49}
{'loss': 0.8157, 'grad_norm': 2.5671191215515137, 'learning_rate': 5.333543741667279e-06, 'epoch': 0.49}
{'loss': 0.945, 'grad_norm': 2.4165596961975098, 'learning_rate': 5.331468646856954e-06, 'epoch': 0.49}
{'loss': 0.7586, 'grad_norm': 2.4303741455078125, 'learning_rate': 5.329393494700616e-06, 'epoch': 0.49}
{'loss': 0.8291, 'grad_norm': 2.590953826904297, 'learning_rate': 5.32731828555728e-06, 'epoch': 0.49}
{'loss': 0.9059, 'grad_norm': 2.597541332244873, 'learning_rate': 5.325243019785968e-06, 'epoch': 0.49}
{'loss': 0.9864, 'grad_norm': 2.5307013988494873, 'learning_rate': 5.3231676977457136e-06, 'epoch': 0.5}
{'loss': 0.8815, 'grad_norm': 2.4311132431030273, 'learning_rate': 5.321092319795559e-06, 'epoch': 0.5}
{'loss': 1.229, 'grad_norm': 2.879356622695923, 'learning_rate': 5.319016886294556e-06, 'epoch': 0.5}
{'loss': 0.7189, 'grad_norm': 2.2101728916168213, 'learning_rate': 5.31694139760177e-06, 'epoch': 0.5}
{'loss': 0.8523, 'grad_norm': 2.4318318367004395, 'learning_rate': 5.31486585407627e-06, 'epoch': 0.5}
{'loss': 0.986, 'grad_norm': 2.6014328002929688, 'learning_rate': 5.312790256077136e-06, 'epoch': 0.5}
{'loss': 0.7978, 'grad_norm': 2.653763771057129, 'learning_rate': 5.310714603963461e-06, 'epoch': 0.5}
{'loss': 0.659, 'grad_norm': 2.1798059940338135, 'learning_rate': 5.308638898094345e-06, 'epoch': 0.5}
{'loss': 0.8426, 'grad_norm': 2.5646302700042725, 'learning_rate': 5.306563138828896e-06, 'epoch': 0.5}
{'loss': 0.9462, 'grad_norm': 2.7157974243164062, 'learning_rate': 5.304487326526233e-06, 'epoch': 0.5}
{'loss': 1.1135, 'grad_norm': 2.8051109313964844, 'learning_rate': 5.3024114615454835e-06, 'epoch': 0.5}
{'loss': 0.7421, 'grad_norm': 2.3847434520721436, 'learning_rate': 5.300335544245784e-06, 'epoch': 0.5}
{'loss': 0.7827, 'grad_norm': 2.606069803237915, 'learning_rate': 5.298259574986281e-06, 'epoch': 0.5}
{'loss': 0.976, 'grad_norm': 2.564486026763916, 'learning_rate': 5.296183554126129e-06, 'epoch': 0.5}
{'loss': 0.7309, 'grad_norm': 2.5327272415161133, 'learning_rate': 5.294107482024491e-06, 'epoch': 0.5}
{'loss': 0.7814, 'grad_norm': 2.411074161529541, 'learning_rate': 5.29203135904054e-06, 'epoch': 0.5}
{'loss': 0.9964, 'grad_norm': 2.717123031616211, 'learning_rate': 5.2899551855334585e-06, 'epoch': 0.5}
{'loss': 0.7883, 'grad_norm': 2.4566705226898193, 'learning_rate': 5.287878961862436e-06, 'epoch': 0.5}
{'loss': 0.7725, 'grad_norm': 2.4053452014923096, 'learning_rate': 5.285802688386671e-06, 'epoch': 0.5}
{'loss': 0.7795, 'grad_norm': 3.064330816268921, 'learning_rate': 5.2837263654653715e-06, 'epoch': 0.5}
{'loss': 0.7713, 'grad_norm': 2.521991729736328, 'learning_rate': 5.281649993457752e-06, 'epoch': 0.5}
{'loss': 0.9211, 'grad_norm': 2.6658570766448975, 'learning_rate': 5.279573572723039e-06, 'epoch': 0.5}
{'loss': 0.9984, 'grad_norm': 2.9701428413391113, 'learning_rate': 5.2774971036204635e-06, 'epoch': 0.5}
{'loss': 0.754, 'grad_norm': 2.519009590148926, 'learning_rate': 5.275420586509269e-06, 'epoch': 0.5}
{'loss': 0.7745, 'grad_norm': 2.2784857749938965, 'learning_rate': 5.273344021748703e-06, 'epoch': 0.5}
[05:13:53.640832] Error: Error reading OpenGVLab/stage2/OpenMMLab___Kinetics-400/raw/Kinetics-400/videos_train/2K1IEEKets8.mp4...
[05:13:53.640888] Failed to read video file: OpenGVLab/stage2/OpenMMLab___Kinetics-400/raw/Kinetics-400/videos_train/2K1IEEKets8.mp4
[05:13:53.640907] [Try #0] Failed to fetch sample 194564. Exception: Error reading OpenGVLab/stage2/OpenMMLab___Kinetics-400/raw/Kinetics-400/videos_train/2K1IEEKets8.mp4...
[05:13:54.642310] Error: Error reading OpenGVLab/stage2/OpenMMLab___Kinetics-400/raw/Kinetics-400/videos_train/2K1IEEKets8.mp4...
[05:13:54.642372] Failed to read video file: OpenGVLab/stage2/OpenMMLab___Kinetics-400/raw/Kinetics-400/videos_train/2K1IEEKets8.mp4
[05:13:54.642404] [Try #1] Failed to fetch sample 194564. Exception: Error reading OpenGVLab/stage2/OpenMMLab___Kinetics-400/raw/Kinetics-400/videos_train/2K1IEEKets8.mp4...
{'loss': 1.144, 'grad_norm': 2.7149569988250732, 'learning_rate': 5.271267409698024e-06, 'epoch': 0.5}
{'loss': 0.967, 'grad_norm': 2.3507485389709473, 'learning_rate': 5.269190750716499e-06, 'epoch': 0.5}
{'loss': 0.7511, 'grad_norm': 2.2510573863983154, 'learning_rate': 5.267114045163402e-06, 'epoch': 0.5}
{'loss': 0.8039, 'grad_norm': 3.158992290496826, 'learning_rate': 5.265037293398013e-06, 'epoch': 0.5}
{'loss': 0.7065, 'grad_norm': 2.4494094848632812, 'learning_rate': 5.262960495779625e-06, 'epoch': 0.5}
{'loss': 0.9593, 'grad_norm': 2.7970643043518066, 'learning_rate': 5.260883652667534e-06, 'epoch': 0.5}
{'loss': 0.9684, 'grad_norm': 2.5881431102752686, 'learning_rate': 5.258806764421048e-06, 'epoch': 0.5}
{'loss': 1.0778, 'grad_norm': 2.5551774501800537, 'learning_rate': 5.256729831399477e-06, 'epoch': 0.5}
{'loss': 0.6972, 'grad_norm': 2.399392604827881, 'learning_rate': 5.254652853962149e-06, 'epoch': 0.5}
{'loss': 1.0464, 'grad_norm': 2.781546115875244, 'learning_rate': 5.252575832468386e-06, 'epoch': 0.5}
{'loss': 0.9293, 'grad_norm': 2.7565419673919678, 'learning_rate': 5.250498767277532e-06, 'epoch': 0.5}
{'loss': 0.6781, 'grad_norm': 2.138913631439209, 'learning_rate': 5.248421658748925e-06, 'epoch': 0.5}
{'loss': 0.7554, 'grad_norm': 2.455991506576538, 'learning_rate': 5.246344507241921e-06, 'epoch': 0.5}
{'loss': 0.8315, 'grad_norm': 2.3162972927093506, 'learning_rate': 5.244267313115877e-06, 'epoch': 0.5}
{'loss': 0.716, 'grad_norm': 2.3077995777130127, 'learning_rate': 5.242190076730161e-06, 'epoch': 0.5}
{'loss': 1.117, 'grad_norm': 2.558182716369629, 'learning_rate': 5.240112798444147e-06, 'epoch': 0.5}
{'loss': 0.8482, 'grad_norm': 2.44557523727417, 'learning_rate': 5.238035478617215e-06, 'epoch': 0.5}
{'loss': 0.9504, 'grad_norm': 2.5916216373443604, 'learning_rate': 5.235958117608756e-06, 'epoch': 0.5}
{'loss': 1.0897, 'grad_norm': 2.8092072010040283, 'learning_rate': 5.233880715778164e-06, 'epoch': 0.5}
{'loss': 1.0544, 'grad_norm': 2.7770254611968994, 'learning_rate': 5.23180327348484e-06, 'epoch': 0.5}
{'loss': 0.8037, 'grad_norm': 2.4925594329833984, 'learning_rate': 5.229725791088196e-06, 'epoch': 0.5}
{'loss': 0.8242, 'grad_norm': 2.7827489376068115, 'learning_rate': 5.2276482689476485e-06, 'epoch': 0.5}
{'loss': 0.8334, 'grad_norm': 2.55377197265625, 'learning_rate': 5.2255707074226205e-06, 'epoch': 0.5}
{'loss': 1.0427, 'grad_norm': 3.191558599472046, 'learning_rate': 5.223493106872542e-06, 'epoch': 0.5}
{'loss': 0.8328, 'grad_norm': 2.44319486618042, 'learning_rate': 5.22141546765685e-06, 'epoch': 0.5}
{'loss': 0.8722, 'grad_norm': 2.9112062454223633, 'learning_rate': 5.2193377901349885e-06, 'epoch': 0.5}
{'loss': 0.8984, 'grad_norm': 2.7291767597198486, 'learning_rate': 5.217260074666409e-06, 'epoch': 0.5}
{'loss': 0.7915, 'grad_norm': 2.455453634262085, 'learning_rate': 5.215182321610566e-06, 'epoch': 0.5}
{'loss': 0.8268, 'grad_norm': 2.5788140296936035, 'learning_rate': 5.213104531326923e-06, 'epoch': 0.5}
{'loss': 0.9827, 'grad_norm': 2.849710702896118, 'learning_rate': 5.211026704174954e-06, 'epoch': 0.5}
{'loss': 0.7813, 'grad_norm': 2.465498924255371, 'learning_rate': 5.20894884051413e-06, 'epoch': 0.5}
{'loss': 1.0062, 'grad_norm': 2.467282295227051, 'learning_rate': 5.206870940703938e-06, 'epoch': 0.5}
{'loss': 0.9201, 'grad_norm': 2.667175769805908, 'learning_rate': 5.204793005103861e-06, 'epoch': 0.5}
{'loss': 0.7838, 'grad_norm': 2.6840219497680664, 'learning_rate': 5.202715034073401e-06, 'epoch': 0.5}
{'loss': 0.7426, 'grad_norm': 2.547743082046509, 'learning_rate': 5.200637027972055e-06, 'epoch': 0.5}
{'loss': 0.8437, 'grad_norm': 2.605950355529785, 'learning_rate': 5.198558987159329e-06, 'epoch': 0.5}
{'loss': 0.8896, 'grad_norm': 2.610313892364502, 'learning_rate': 5.196480911994741e-06, 'epoch': 0.5}
{'loss': 0.7687, 'grad_norm': 2.3654026985168457, 'learning_rate': 5.194402802837805e-06, 'epoch': 0.5}
{'loss': 1.0014, 'grad_norm': 2.8889808654785156, 'learning_rate': 5.19232466004805e-06, 'epoch': 0.5}
{'loss': 0.7957, 'grad_norm': 2.884812831878662, 'learning_rate': 5.190246483985003e-06, 'epoch': 0.5}
{'loss': 0.9295, 'grad_norm': 2.417313575744629, 'learning_rate': 5.188168275008205e-06, 'epoch': 0.5}
{'loss': 0.9432, 'grad_norm': 2.596048593521118, 'learning_rate': 5.186090033477195e-06, 'epoch': 0.5}
{'loss': 0.6773, 'grad_norm': 2.356329917907715, 'learning_rate': 5.184011759751521e-06, 'epoch': 0.5}
{'loss': 0.6293, 'grad_norm': 1.9869863986968994, 'learning_rate': 5.181933454190741e-06, 'epoch': 0.5}
{'loss': 0.7889, 'grad_norm': 2.3615987300872803, 'learning_rate': 5.179855117154406e-06, 'epoch': 0.5}
{'loss': 0.9787, 'grad_norm': 2.999103546142578, 'learning_rate': 5.177776749002088e-06, 'epoch': 0.5}
{'loss': 0.799, 'grad_norm': 2.642648696899414, 'learning_rate': 5.175698350093352e-06, 'epoch': 0.5}
{'loss': 1.0047, 'grad_norm': 2.8498480319976807, 'learning_rate': 5.1736199207877755e-06, 'epoch': 0.5}
{'loss': 0.8051, 'grad_norm': 2.5175859928131104, 'learning_rate': 5.171541461444939e-06, 'epoch': 0.5}
{'loss': 1.1993, 'grad_norm': 2.857621192932129, 'learning_rate': 5.169462972424427e-06, 'epoch': 0.5}
{'loss': 0.7581, 'grad_norm': 2.5793259143829346, 'learning_rate': 5.167384454085832e-06, 'epoch': 0.5}
{'loss': 0.7888, 'grad_norm': 2.6209259033203125, 'learning_rate': 5.165305906788746e-06, 'epoch': 0.5}
{'loss': 0.6616, 'grad_norm': 2.1489243507385254, 'learning_rate': 5.163227330892774e-06, 'epoch': 0.5}
{'loss': 0.8546, 'grad_norm': 2.5324041843414307, 'learning_rate': 5.161148726757519e-06, 'epoch': 0.51}
{'loss': 0.8637, 'grad_norm': 2.518737316131592, 'learning_rate': 5.159070094742593e-06, 'epoch': 0.51}
{'loss': 0.842, 'grad_norm': 2.459636688232422, 'learning_rate': 5.1569914352076115e-06, 'epoch': 0.51}
{'loss': 0.8729, 'grad_norm': 2.457592487335205, 'learning_rate': 5.1549127485121945e-06, 'epoch': 0.51}
{'loss': 0.9146, 'grad_norm': 2.7798476219177246, 'learning_rate': 5.1528340350159665e-06, 'epoch': 0.51}
{'loss': 0.837, 'grad_norm': 2.4892494678497314, 'learning_rate': 5.150755295078559e-06, 'epoch': 0.51}
{'loss': 1.1715, 'grad_norm': 2.9114232063293457, 'learning_rate': 5.148676529059604e-06, 'epoch': 0.51}
{'loss': 0.8203, 'grad_norm': 2.3806045055389404, 'learning_rate': 5.146597737318741e-06, 'epoch': 0.51}
{'loss': 0.8837, 'grad_norm': 2.6265013217926025, 'learning_rate': 5.144518920215611e-06, 'epoch': 0.51}
{'loss': 0.6712, 'grad_norm': 2.3338308334350586, 'learning_rate': 5.142440078109865e-06, 'epoch': 0.51}
{'loss': 0.8531, 'grad_norm': 2.584930658340454, 'learning_rate': 5.140361211361154e-06, 'epoch': 0.51}
{'loss': 0.8996, 'grad_norm': 2.617271661758423, 'learning_rate': 5.138282320329132e-06, 'epoch': 0.51}
{'loss': 0.7347, 'grad_norm': 2.4437077045440674, 'learning_rate': 5.136203405373461e-06, 'epoch': 0.51}
{'loss': 0.7855, 'grad_norm': 2.6201624870300293, 'learning_rate': 5.134124466853806e-06, 'epoch': 0.51}
{'loss': 0.8521, 'grad_norm': 2.847508668899536, 'learning_rate': 5.132045505129834e-06, 'epoch': 0.51}
{'loss': 0.9043, 'grad_norm': 2.758863925933838, 'learning_rate': 5.129966520561217e-06, 'epoch': 0.51}
{'loss': 0.7041, 'grad_norm': 2.5931203365325928, 'learning_rate': 5.127887513507635e-06, 'epoch': 0.51}
{'loss': 0.8243, 'grad_norm': 2.5949509143829346, 'learning_rate': 5.125808484328764e-06, 'epoch': 0.51}
{'loss': 0.8868, 'grad_norm': 2.767347574234009, 'learning_rate': 5.1237294333842905e-06, 'epoch': 0.51}
{'loss': 0.9087, 'grad_norm': 2.3696444034576416, 'learning_rate': 5.121650361033903e-06, 'epoch': 0.51}
{'loss': 0.7036, 'grad_norm': 2.618906259536743, 'learning_rate': 5.119571267637291e-06, 'epoch': 0.51}
{'loss': 0.8614, 'grad_norm': 2.4421491622924805, 'learning_rate': 5.117492153554152e-06, 'epoch': 0.51}
{'loss': 0.8758, 'grad_norm': 2.5633740425109863, 'learning_rate': 5.1154130191441846e-06, 'epoch': 0.51}
{'loss': 0.7866, 'grad_norm': 2.631779193878174, 'learning_rate': 5.113333864767089e-06, 'epoch': 0.51}
{'loss': 0.9964, 'grad_norm': 2.797365188598633, 'learning_rate': 5.111254690782574e-06, 'epoch': 0.51}
{'loss': 0.6799, 'grad_norm': 2.4023423194885254, 'learning_rate': 5.1091754975503475e-06, 'epoch': 0.51}
{'loss': 0.9146, 'grad_norm': 2.655632495880127, 'learning_rate': 5.1070962854301205e-06, 'epoch': 0.51}
{'loss': 0.7112, 'grad_norm': 2.4175186157226562, 'learning_rate': 5.105017054781611e-06, 'epoch': 0.51}
{'loss': 0.6927, 'grad_norm': 2.344609022140503, 'learning_rate': 5.102937805964538e-06, 'epoch': 0.51}
{'loss': 0.804, 'grad_norm': 2.310814380645752, 'learning_rate': 5.100858539338624e-06, 'epoch': 0.51}
{'loss': 1.1088, 'grad_norm': 2.9004364013671875, 'learning_rate': 5.0987792552635924e-06, 'epoch': 0.51}
{'loss': 0.7193, 'grad_norm': 2.4381356239318848, 'learning_rate': 5.096699954099173e-06, 'epoch': 0.51}
{'loss': 0.6338, 'grad_norm': 2.4702117443084717, 'learning_rate': 5.094620636205096e-06, 'epoch': 0.51}
{'loss': 0.7689, 'grad_norm': 1.8366419076919556, 'learning_rate': 5.0925413019410965e-06, 'epoch': 0.51}
{'loss': 0.9117, 'grad_norm': 2.6972947120666504, 'learning_rate': 5.090461951666911e-06, 'epoch': 0.51}
{'loss': 0.87, 'grad_norm': 2.3944289684295654, 'learning_rate': 5.088382585742279e-06, 'epoch': 0.51}
{'loss': 0.9426, 'grad_norm': 2.600121021270752, 'learning_rate': 5.0863032045269435e-06, 'epoch': 0.51}
{'loss': 0.7426, 'grad_norm': 2.2000534534454346, 'learning_rate': 5.084223808380649e-06, 'epoch': 0.51}
{'loss': 1.0028, 'grad_norm': 2.7840216159820557, 'learning_rate': 5.082144397663145e-06, 'epoch': 0.51}
{'loss': 0.8969, 'grad_norm': 2.6056692600250244, 'learning_rate': 5.080064972734179e-06, 'epoch': 0.51}
{'loss': 0.9013, 'grad_norm': 2.5327887535095215, 'learning_rate': 5.077985533953504e-06, 'epoch': 0.51}
{'loss': 0.8155, 'grad_norm': 2.542395830154419, 'learning_rate': 5.075906081680877e-06, 'epoch': 0.51}
{'loss': 0.9589, 'grad_norm': 2.6343157291412354, 'learning_rate': 5.073826616276055e-06, 'epoch': 0.51}
{'loss': 0.9624, 'grad_norm': 2.5127711296081543, 'learning_rate': 5.071747138098797e-06, 'epoch': 0.51}
{'loss': 0.8754, 'grad_norm': 2.5468246936798096, 'learning_rate': 5.069667647508864e-06, 'epoch': 0.51}
{'loss': 0.8439, 'grad_norm': 2.413022041320801, 'learning_rate': 5.067588144866022e-06, 'epoch': 0.51}
{'loss': 0.8744, 'grad_norm': 2.6197926998138428, 'learning_rate': 5.065508630530036e-06, 'epoch': 0.51}
{'loss': 0.8994, 'grad_norm': 2.720639944076538, 'learning_rate': 5.063429104860673e-06, 'epoch': 0.51}
{'loss': 0.9458, 'grad_norm': 2.4667022228240967, 'learning_rate': 5.061349568217705e-06, 'epoch': 0.51}
{'loss': 0.9205, 'grad_norm': 2.62971568107605, 'learning_rate': 5.059270020960904e-06, 'epoch': 0.51}
{'loss': 0.8933, 'grad_norm': 2.4614245891571045, 'learning_rate': 5.0571904634500424e-06, 'epoch': 0.51}
{'loss': 0.8813, 'grad_norm': 2.329333543777466, 'learning_rate': 5.055110896044896e-06, 'epoch': 0.51}
{'loss': 0.8089, 'grad_norm': 2.483520269393921, 'learning_rate': 5.053031319105244e-06, 'epoch': 0.51}
{'loss': 0.8712, 'grad_norm': 2.6904425621032715, 'learning_rate': 5.050951732990862e-06, 'epoch': 0.51}
{'loss': 0.8473, 'grad_norm': 2.5988848209381104, 'learning_rate': 5.048872138061533e-06, 'epoch': 0.51}
{'loss': 0.7996, 'grad_norm': 2.572197914123535, 'learning_rate': 5.0467925346770384e-06, 'epoch': 0.51}
{'loss': 0.7399, 'grad_norm': 2.453707218170166, 'learning_rate': 5.0447129231971644e-06, 'epoch': 0.51}
{'loss': 1.2464, 'grad_norm': 2.843189001083374, 'learning_rate': 5.042633303981691e-06, 'epoch': 0.51}
{'loss': 0.6764, 'grad_norm': 2.3455617427825928, 'learning_rate': 5.0405536773904086e-06, 'epoch': 0.51}
{'loss': 0.9734, 'grad_norm': 2.625916004180908, 'learning_rate': 5.0384740437831015e-06, 'epoch': 0.51}
{'loss': 0.7704, 'grad_norm': 2.4247310161590576, 'learning_rate': 5.0363944035195614e-06, 'epoch': 0.51}
{'loss': 0.9913, 'grad_norm': 2.789560317993164, 'learning_rate': 5.034314756959575e-06, 'epoch': 0.51}
{'loss': 0.8426, 'grad_norm': 2.5741288661956787, 'learning_rate': 5.032235104462936e-06, 'epoch': 0.51}
{'loss': 0.866, 'grad_norm': 2.5156805515289307, 'learning_rate': 5.030155446389436e-06, 'epoch': 0.51}
{'loss': 0.8801, 'grad_norm': 3.0072765350341797, 'learning_rate': 5.028075783098867e-06, 'epoch': 0.51}
{'loss': 0.8813, 'grad_norm': 2.632359266281128, 'learning_rate': 5.025996114951025e-06, 'epoch': 0.51}
{'loss': 1.0392, 'grad_norm': 2.8480992317199707, 'learning_rate': 5.023916442305702e-06, 'epoch': 0.51}
{'loss': 1.1233, 'grad_norm': 2.679983615875244, 'learning_rate': 5.021836765522695e-06, 'epoch': 0.51}
{'loss': 0.8506, 'grad_norm': 2.692117214202881, 'learning_rate': 5.0197570849617995e-06, 'epoch': 0.51}
{'loss': 0.8223, 'grad_norm': 2.703001022338867, 'learning_rate': 5.017677400982812e-06, 'epoch': 0.51}
{'loss': 0.6914, 'grad_norm': 2.4602279663085938, 'learning_rate': 5.015597713945534e-06, 'epoch': 0.51}
{'loss': 0.7467, 'grad_norm': 2.9961092472076416, 'learning_rate': 5.013518024209757e-06, 'epoch': 0.51}
{'loss': 0.8492, 'grad_norm': 2.625067949295044, 'learning_rate': 5.011438332135285e-06, 'epoch': 0.51}
{'loss': 0.7339, 'grad_norm': 2.2600486278533936, 'learning_rate': 5.009358638081914e-06, 'epoch': 0.51}
{'loss': 1.0098, 'grad_norm': 2.704636335372925, 'learning_rate': 5.007278942409445e-06, 'epoch': 0.51}
{'loss': 0.8716, 'grad_norm': 2.687755823135376, 'learning_rate': 5.0051992454776746e-06, 'epoch': 0.51}
{'loss': 0.7514, 'grad_norm': 2.5791192054748535, 'learning_rate': 5.003119547646404e-06, 'epoch': 0.51}
{'loss': 0.798, 'grad_norm': 2.4179344177246094, 'learning_rate': 5.0010398492754366e-06, 'epoch': 0.51}
{'loss': 0.6556, 'grad_norm': 1.9967243671417236, 'learning_rate': 4.998960150724566e-06, 'epoch': 0.52}
{'loss': 0.9449, 'grad_norm': 3.282731056213379, 'learning_rate': 4.996880452353596e-06, 'epoch': 0.52}
{'loss': 1.0918, 'grad_norm': 2.723334550857544, 'learning_rate': 4.994800754522328e-06, 'epoch': 0.52}
{'loss': 0.9105, 'grad_norm': 2.7061150074005127, 'learning_rate': 4.992721057590558e-06, 'epoch': 0.52}
{'loss': 0.9168, 'grad_norm': 2.76747989654541, 'learning_rate': 4.9906413619180886e-06, 'epoch': 0.52}
{'loss': 0.9961, 'grad_norm': 2.7122702598571777, 'learning_rate': 4.9885616678647155e-06, 'epoch': 0.52}
{'loss': 0.8057, 'grad_norm': 2.5119762420654297, 'learning_rate': 4.986481975790244e-06, 'epoch': 0.52}
{'loss': 0.8305, 'grad_norm': 2.512038230895996, 'learning_rate': 4.9844022860544686e-06, 'epoch': 0.52}
{'loss': 0.9359, 'grad_norm': 2.672320604324341, 'learning_rate': 4.982322599017189e-06, 'epoch': 0.52}
{'loss': 0.8417, 'grad_norm': 2.5078656673431396, 'learning_rate': 4.980242915038201e-06, 'epoch': 0.52}
{'loss': 1.1519, 'grad_norm': 2.8740134239196777, 'learning_rate': 4.978163234477306e-06, 'epoch': 0.52}
{'loss': 0.8347, 'grad_norm': 2.5764760971069336, 'learning_rate': 4.976083557694299e-06, 'epoch': 0.52}
{'loss': 0.9718, 'grad_norm': 2.497023820877075, 'learning_rate': 4.974003885048978e-06, 'epoch': 0.52}
{'loss': 0.7195, 'grad_norm': 2.488546133041382, 'learning_rate': 4.971924216901134e-06, 'epoch': 0.52}
{'loss': 0.9178, 'grad_norm': 2.586488962173462, 'learning_rate': 4.969844553610565e-06, 'epoch': 0.52}
{'loss': 0.8302, 'grad_norm': 2.5738701820373535, 'learning_rate': 4.967764895537064e-06, 'epoch': 0.52}
{'loss': 0.7189, 'grad_norm': 2.6264443397521973, 'learning_rate': 4.965685243040427e-06, 'epoch': 0.52}
{'loss': 0.7527, 'grad_norm': 2.5067319869995117, 'learning_rate': 4.963605596480442e-06, 'epoch': 0.52}
{'loss': 0.8513, 'grad_norm': 2.6029176712036133, 'learning_rate': 4.9615259562169e-06, 'epoch': 0.52}
{'loss': 0.839, 'grad_norm': 3.108281135559082, 'learning_rate': 4.959446322609593e-06, 'epoch': 0.52}
{'loss': 0.8344, 'grad_norm': 2.48514723777771, 'learning_rate': 4.95736669601831e-06, 'epoch': 0.52}
{'loss': 0.7225, 'grad_norm': 2.5150938034057617, 'learning_rate': 4.955287076802838e-06, 'epoch': 0.52}
{'loss': 1.0999, 'grad_norm': 3.125922679901123, 'learning_rate': 4.953207465322962e-06, 'epoch': 0.52}
{'loss': 0.8659, 'grad_norm': 2.462327480316162, 'learning_rate': 4.951127861938468e-06, 'epoch': 0.52}
{'loss': 0.7877, 'grad_norm': 2.627512216567993, 'learning_rate': 4.949048267009139e-06, 'epoch': 0.52}
{'loss': 0.7858, 'grad_norm': 2.4344539642333984, 'learning_rate': 4.946968680894758e-06, 'epoch': 0.52}
{'loss': 0.8918, 'grad_norm': 2.8033182621002197, 'learning_rate': 4.944889103955106e-06, 'epoch': 0.52}
{'loss': 0.6567, 'grad_norm': 2.413921356201172, 'learning_rate': 4.942809536549959e-06, 'epoch': 0.52}
{'loss': 0.9232, 'grad_norm': 2.8299612998962402, 'learning_rate': 4.940729979039098e-06, 'epoch': 0.52}
{'loss': 0.8825, 'grad_norm': 2.6425657272338867, 'learning_rate': 4.938650431782296e-06, 'epoch': 0.52}
{'loss': 0.7349, 'grad_norm': 2.5455524921417236, 'learning_rate': 4.936570895139326e-06, 'epoch': 0.52}
{'loss': 0.8294, 'grad_norm': 2.422262191772461, 'learning_rate': 4.934491369469967e-06, 'epoch': 0.52}
{'loss': 0.8025, 'grad_norm': 2.569519281387329, 'learning_rate': 4.932411855133979e-06, 'epoch': 0.52}
{'loss': 0.7764, 'grad_norm': 2.4669270515441895, 'learning_rate': 4.9303323524911365e-06, 'epoch': 0.52}
{'loss': 1.0062, 'grad_norm': 2.648851156234741, 'learning_rate': 4.928252861901204e-06, 'epoch': 0.52}
{'loss': 0.7826, 'grad_norm': 2.4621710777282715, 'learning_rate': 4.926173383723947e-06, 'epoch': 0.52}
{'loss': 0.9338, 'grad_norm': 2.897660493850708, 'learning_rate': 4.924093918319124e-06, 'epoch': 0.52}
{'loss': 0.7663, 'grad_norm': 2.4583704471588135, 'learning_rate': 4.922014466046497e-06, 'epoch': 0.52}
{'loss': 0.7587, 'grad_norm': 2.403499126434326, 'learning_rate': 4.919935027265823e-06, 'epoch': 0.52}
{'loss': 0.7332, 'grad_norm': 2.42920184135437, 'learning_rate': 4.917855602336856e-06, 'epoch': 0.52}
{'loss': 0.6638, 'grad_norm': 2.1574623584747314, 'learning_rate': 4.915776191619353e-06, 'epoch': 0.52}
{'loss': 0.8461, 'grad_norm': 2.628770351409912, 'learning_rate': 4.913696795473058e-06, 'epoch': 0.52}
{'loss': 1.016, 'grad_norm': 2.6543326377868652, 'learning_rate': 4.911617414257723e-06, 'epoch': 0.52}
{'loss': 0.704, 'grad_norm': 2.2543540000915527, 'learning_rate': 4.909538048333091e-06, 'epoch': 0.52}
{'loss': 0.7686, 'grad_norm': 2.2770473957061768, 'learning_rate': 4.907458698058904e-06, 'epoch': 0.52}
{'loss': 0.9641, 'grad_norm': 2.549879550933838, 'learning_rate': 4.905379363794907e-06, 'epoch': 0.52}
{'loss': 0.9518, 'grad_norm': 2.6574792861938477, 'learning_rate': 4.903300045900829e-06, 'epoch': 0.52}
{'loss': 0.7594, 'grad_norm': 2.506696939468384, 'learning_rate': 4.901220744736409e-06, 'epoch': 0.52}
{'loss': 0.7929, 'grad_norm': 2.7762041091918945, 'learning_rate': 4.899141460661377e-06, 'epoch': 0.52}
{'loss': 0.9381, 'grad_norm': 2.3708252906799316, 'learning_rate': 4.8970621940354635e-06, 'epoch': 0.52}
{'loss': 0.9715, 'grad_norm': 3.0217530727386475, 'learning_rate': 4.89498294521839e-06, 'epoch': 0.52}
{'loss': 0.9289, 'grad_norm': 2.8631482124328613, 'learning_rate': 4.89290371456988e-06, 'epoch': 0.52}
{'loss': 0.754, 'grad_norm': 2.820021152496338, 'learning_rate': 4.890824502449655e-06, 'epoch': 0.52}
{'loss': 0.8489, 'grad_norm': 2.569031238555908, 'learning_rate': 4.888745309217427e-06, 'epoch': 0.52}
{'loss': 0.8313, 'grad_norm': 2.501253128051758, 'learning_rate': 4.886666135232913e-06, 'epoch': 0.52}
{'loss': 0.8882, 'grad_norm': 2.3303372859954834, 'learning_rate': 4.884586980855817e-06, 'epoch': 0.52}
{'loss': 1.1906, 'grad_norm': 2.589862585067749, 'learning_rate': 4.8825078464458495e-06, 'epoch': 0.52}
{'loss': 0.761, 'grad_norm': 2.5057830810546875, 'learning_rate': 4.88042873236271e-06, 'epoch': 0.52}
{'loss': 0.7554, 'grad_norm': 2.6811280250549316, 'learning_rate': 4.878349638966098e-06, 'epoch': 0.52}
{'loss': 0.9286, 'grad_norm': 2.5359225273132324, 'learning_rate': 4.87627056661571e-06, 'epoch': 0.52}
{'loss': 0.8199, 'grad_norm': 2.72597074508667, 'learning_rate': 4.874191515671238e-06, 'epoch': 0.52}
{'loss': 1.0319, 'grad_norm': 2.601727247238159, 'learning_rate': 4.872112486492368e-06, 'epoch': 0.52}
{'loss': 0.9034, 'grad_norm': 2.644444227218628, 'learning_rate': 4.8700334794387825e-06, 'epoch': 0.52}
{'loss': 0.9314, 'grad_norm': 2.537996530532837, 'learning_rate': 4.867954494870169e-06, 'epoch': 0.52}
{'loss': 0.9083, 'grad_norm': 2.753249168395996, 'learning_rate': 4.865875533146196e-06, 'epoch': 0.52}
{'loss': 0.9732, 'grad_norm': 2.841064453125, 'learning_rate': 4.86379659462654e-06, 'epoch': 0.52}
{'loss': 0.7089, 'grad_norm': 1.7289408445358276, 'learning_rate': 4.861717679670869e-06, 'epoch': 0.52}
{'loss': 0.9768, 'grad_norm': 2.8418588638305664, 'learning_rate': 4.859638788638847e-06, 'epoch': 0.52}
{'loss': 0.8909, 'grad_norm': 2.5971994400024414, 'learning_rate': 4.857559921890136e-06, 'epoch': 0.52}
{'loss': 0.9041, 'grad_norm': 2.3513214588165283, 'learning_rate': 4.85548107978439e-06, 'epoch': 0.52}
{'loss': 0.7715, 'grad_norm': 2.5980513095855713, 'learning_rate': 4.853402262681262e-06, 'epoch': 0.52}
{'loss': 0.8544, 'grad_norm': 2.5264952182769775, 'learning_rate': 4.851323470940397e-06, 'epoch': 0.52}
{'loss': 1.0319, 'grad_norm': 2.7682199478149414, 'learning_rate': 4.849244704921441e-06, 'epoch': 0.52}
{'loss': 0.7859, 'grad_norm': 2.5973236560821533, 'learning_rate': 4.847165964984034e-06, 'epoch': 0.52}
{'loss': 0.9574, 'grad_norm': 2.4567840099334717, 'learning_rate': 4.845087251487806e-06, 'epoch': 0.52}
{'loss': 0.7728, 'grad_norm': 2.19888973236084, 'learning_rate': 4.843008564792389e-06, 'epoch': 0.52}
{'loss': 0.7515, 'grad_norm': 2.446115732192993, 'learning_rate': 4.8409299052574074e-06, 'epoch': 0.52}
{'loss': 0.8406, 'grad_norm': 2.7459442615509033, 'learning_rate': 4.838851273242481e-06, 'epoch': 0.52}
{'loss': 1.1258, 'grad_norm': 2.8131604194641113, 'learning_rate': 4.836772669107228e-06, 'epoch': 0.53}
{'loss': 1.0758, 'grad_norm': 2.7517693042755127, 'learning_rate': 4.834694093211256e-06, 'epoch': 0.53}
{'loss': 0.8774, 'grad_norm': 2.5230815410614014, 'learning_rate': 4.83261554591417e-06, 'epoch': 0.53}
{'loss': 0.844, 'grad_norm': 2.4950058460235596, 'learning_rate': 4.830537027575574e-06, 'epoch': 0.53}
{'loss': 0.7817, 'grad_norm': 2.3352129459381104, 'learning_rate': 4.828458538555062e-06, 'epoch': 0.53}
{'loss': 0.8507, 'grad_norm': 2.657136917114258, 'learning_rate': 4.826380079212225e-06, 'epoch': 0.53}
{'loss': 0.7994, 'grad_norm': 2.4387423992156982, 'learning_rate': 4.824301649906649e-06, 'epoch': 0.53}
{'loss': 0.7996, 'grad_norm': 2.6202332973480225, 'learning_rate': 4.822223250997913e-06, 'epoch': 0.53}
{'loss': 0.8233, 'grad_norm': 2.517502546310425, 'learning_rate': 4.820144882845594e-06, 'epoch': 0.53}
{'loss': 0.9479, 'grad_norm': 2.737536668777466, 'learning_rate': 4.818066545809263e-06, 'epoch': 0.53}
{'loss': 0.8025, 'grad_norm': 2.4570558071136475, 'learning_rate': 4.8159882402484795e-06, 'epoch': 0.53}
{'loss': 0.8682, 'grad_norm': 2.5862796306610107, 'learning_rate': 4.813909966522807e-06, 'epoch': 0.53}
{'loss': 0.717, 'grad_norm': 2.4972970485687256, 'learning_rate': 4.8118317249917965e-06, 'epoch': 0.53}
{'loss': 0.8136, 'grad_norm': 2.3970000743865967, 'learning_rate': 4.809753516014997e-06, 'epoch': 0.53}
{'loss': 0.907, 'grad_norm': 2.5418148040771484, 'learning_rate': 4.8076753399519525e-06, 'epoch': 0.53}
{'loss': 0.8729, 'grad_norm': 2.471055746078491, 'learning_rate': 4.805597197162197e-06, 'epoch': 0.53}
{'loss': 0.9925, 'grad_norm': 2.5333778858184814, 'learning_rate': 4.8035190880052605e-06, 'epoch': 0.53}
{'loss': 0.7411, 'grad_norm': 2.3723831176757812, 'learning_rate': 4.801441012840671e-06, 'epoch': 0.53}
{'loss': 1.0435, 'grad_norm': 2.956934690475464, 'learning_rate': 4.799362972027948e-06, 'epoch': 0.53}
{'loss': 0.9395, 'grad_norm': 2.643359899520874, 'learning_rate': 4.797284965926602e-06, 'epoch': 0.53}
{'loss': 0.67, 'grad_norm': 2.2642977237701416, 'learning_rate': 4.79520699489614e-06, 'epoch': 0.53}
{'loss': 0.6901, 'grad_norm': 2.5229337215423584, 'learning_rate': 4.793129059296064e-06, 'epoch': 0.53}
{'loss': 0.7142, 'grad_norm': 2.4138972759246826, 'learning_rate': 4.79105115948587e-06, 'epoch': 0.53}
{'loss': 1.0581, 'grad_norm': 2.86844539642334, 'learning_rate': 4.788973295825049e-06, 'epoch': 0.53}
{'loss': 0.8304, 'grad_norm': 2.5308356285095215, 'learning_rate': 4.786895468673078e-06, 'epoch': 0.53}
{'loss': 0.9151, 'grad_norm': 2.8218467235565186, 'learning_rate': 4.784817678389435e-06, 'epoch': 0.53}
{'loss': 0.7494, 'grad_norm': 2.911121129989624, 'learning_rate': 4.782739925333593e-06, 'epoch': 0.53}
{'loss': 0.8364, 'grad_norm': 2.5271413326263428, 'learning_rate': 4.780662209865012e-06, 'epoch': 0.53}
{'loss': 0.9532, 'grad_norm': 2.6932334899902344, 'learning_rate': 4.778584532343152e-06, 'epoch': 0.53}
{'loss': 0.868, 'grad_norm': 2.485365152359009, 'learning_rate': 4.776506893127461e-06, 'epoch': 0.53}
{'loss': 0.9253, 'grad_norm': 2.575942277908325, 'learning_rate': 4.77442929257738e-06, 'epoch': 0.53}
{'loss': 0.8233, 'grad_norm': 2.605456590652466, 'learning_rate': 4.772351731052352e-06, 'epoch': 0.53}
{'loss': 0.8617, 'grad_norm': 2.5596835613250732, 'learning_rate': 4.770274208911805e-06, 'epoch': 0.53}
{'loss': 0.8391, 'grad_norm': 2.5032799243927, 'learning_rate': 4.768196726515163e-06, 'epoch': 0.53}
{'loss': 0.751, 'grad_norm': 2.3747096061706543, 'learning_rate': 4.766119284221839e-06, 'epoch': 0.53}
{'loss': 0.5898, 'grad_norm': 2.1793293952941895, 'learning_rate': 4.764041882391245e-06, 'epoch': 0.53}
{'loss': 0.8929, 'grad_norm': 2.5738048553466797, 'learning_rate': 4.761964521382786e-06, 'epoch': 0.53}
{'loss': 1.0505, 'grad_norm': 2.9338343143463135, 'learning_rate': 4.759887201555856e-06, 'epoch': 0.53}
{'loss': 0.7694, 'grad_norm': 2.5225868225097656, 'learning_rate': 4.757809923269842e-06, 'epoch': 0.53}
{'loss': 0.9314, 'grad_norm': 2.6194159984588623, 'learning_rate': 4.755732686884124e-06, 'epoch': 0.53}
{'loss': 0.952, 'grad_norm': 2.3955647945404053, 'learning_rate': 4.753655492758081e-06, 'epoch': 0.53}
{'loss': 0.71, 'grad_norm': 2.3475682735443115, 'learning_rate': 4.7515783412510754e-06, 'epoch': 0.53}
{'loss': 0.7805, 'grad_norm': 2.555192470550537, 'learning_rate': 4.749501232722471e-06, 'epoch': 0.53}
{'loss': 0.8438, 'grad_norm': 2.4344446659088135, 'learning_rate': 4.7474241675316146e-06, 'epoch': 0.53}
{'loss': 0.9795, 'grad_norm': 2.7682993412017822, 'learning_rate': 4.745347146037853e-06, 'epoch': 0.53}
[06:00:16.291399] Error: Error reading OpenGVLab/stage2/OpenMMLab___Kinetics-400/raw/Kinetics-400/videos_train/1X5j6_zBBbU.mp4...
[06:00:16.291452] Failed to read video file: OpenGVLab/stage2/OpenMMLab___Kinetics-400/raw/Kinetics-400/videos_train/1X5j6_zBBbU.mp4
[06:00:16.291470] [Try #0] Failed to fetch sample 191572. Exception: Error reading OpenGVLab/stage2/OpenMMLab___Kinetics-400/raw/Kinetics-400/videos_train/1X5j6_zBBbU.mp4...
[06:00:17.292848] Error: Error reading OpenGVLab/stage2/OpenMMLab___Kinetics-400/raw/Kinetics-400/videos_train/1X5j6_zBBbU.mp4...
[06:00:17.292902] Failed to read video file: OpenGVLab/stage2/OpenMMLab___Kinetics-400/raw/Kinetics-400/videos_train/1X5j6_zBBbU.mp4
[06:00:17.292917] [Try #1] Failed to fetch sample 191572. Exception: Error reading OpenGVLab/stage2/OpenMMLab___Kinetics-400/raw/Kinetics-400/videos_train/1X5j6_zBBbU.mp4...
{'loss': 0.8315, 'grad_norm': 2.7344939708709717, 'learning_rate': 4.743270168600523e-06, 'epoch': 0.53}
{'loss': 0.9689, 'grad_norm': 2.5674057006835938, 'learning_rate': 4.741193235578953e-06, 'epoch': 0.53}
{'loss': 0.8808, 'grad_norm': 2.5463223457336426, 'learning_rate': 4.739116347332468e-06, 'epoch': 0.53}
{'loss': 0.8831, 'grad_norm': 2.492485284805298, 'learning_rate': 4.737039504220377e-06, 'epoch': 0.53}
{'loss': 0.7263, 'grad_norm': 2.3785367012023926, 'learning_rate': 4.734962706601988e-06, 'epoch': 0.53}
{'loss': 0.8018, 'grad_norm': 2.5882880687713623, 'learning_rate': 4.7328859548366e-06, 'epoch': 0.53}
{'loss': 1.0531, 'grad_norm': 2.968255043029785, 'learning_rate': 4.7308092492835024e-06, 'epoch': 0.53}
{'loss': 1.0991, 'grad_norm': 2.7494661808013916, 'learning_rate': 4.728732590301977e-06, 'epoch': 0.53}
{'loss': 0.8722, 'grad_norm': 2.6551930904388428, 'learning_rate': 4.726655978251298e-06, 'epoch': 0.53}
{'loss': 0.6686, 'grad_norm': 2.394474983215332, 'learning_rate': 4.724579413490732e-06, 'epoch': 0.53}
{'loss': 1.0305, 'grad_norm': 2.6691861152648926, 'learning_rate': 4.722502896379538e-06, 'epoch': 0.53}
{'loss': 0.8632, 'grad_norm': 2.4794769287109375, 'learning_rate': 4.720426427276964e-06, 'epoch': 0.53}
{'loss': 0.9827, 'grad_norm': 2.4959287643432617, 'learning_rate': 4.718350006542249e-06, 'epoch': 0.53}
{'loss': 1.0201, 'grad_norm': 2.67651104927063, 'learning_rate': 4.71627363453463e-06, 'epoch': 0.53}
{'loss': 0.9966, 'grad_norm': 2.921172857284546, 'learning_rate': 4.71419731161333e-06, 'epoch': 0.53}
{'loss': 0.7899, 'grad_norm': 2.5158498287200928, 'learning_rate': 4.7121210381375645e-06, 'epoch': 0.53}
{'loss': 0.7862, 'grad_norm': 2.5236189365386963, 'learning_rate': 4.710044814466544e-06, 'epoch': 0.53}
{'loss': 0.9027, 'grad_norm': 2.514647960662842, 'learning_rate': 4.707968640959461e-06, 'epoch': 0.53}
{'loss': 0.8806, 'grad_norm': 2.671827793121338, 'learning_rate': 4.705892517975511e-06, 'epoch': 0.53}
{'loss': 0.6213, 'grad_norm': 2.2710001468658447, 'learning_rate': 4.703816445873874e-06, 'epoch': 0.53}
{'loss': 1.304, 'grad_norm': 2.775857448577881, 'learning_rate': 4.701740425013722e-06, 'epoch': 0.53}
{'loss': 0.9737, 'grad_norm': 3.065927743911743, 'learning_rate': 4.699664455754217e-06, 'epoch': 0.53}
{'loss': 0.8534, 'grad_norm': 2.1723499298095703, 'learning_rate': 4.697588538454518e-06, 'epoch': 0.53}
{'loss': 0.873, 'grad_norm': 2.703028678894043, 'learning_rate': 4.695512673473768e-06, 'epoch': 0.53}
{'loss': 0.8659, 'grad_norm': 2.516632318496704, 'learning_rate': 4.693436861171104e-06, 'epoch': 0.53}
{'loss': 0.7525, 'grad_norm': 2.432779312133789, 'learning_rate': 4.691361101905657e-06, 'epoch': 0.53}
{'loss': 0.8588, 'grad_norm': 2.5957164764404297, 'learning_rate': 4.689285396036539e-06, 'epoch': 0.53}
{'loss': 0.9492, 'grad_norm': 2.595019817352295, 'learning_rate': 4.6872097439228645e-06, 'epoch': 0.53}
{'loss': 0.8417, 'grad_norm': 2.3647725582122803, 'learning_rate': 4.685134145923732e-06, 'epoch': 0.53}
{'loss': 0.7944, 'grad_norm': 2.468726634979248, 'learning_rate': 4.6830586023982305e-06, 'epoch': 0.53}
{'loss': 1.0176, 'grad_norm': 2.7382922172546387, 'learning_rate': 4.680983113705446e-06, 'epoch': 0.53}
{'loss': 0.8533, 'grad_norm': 2.5995354652404785, 'learning_rate': 4.6789076802044425e-06, 'epoch': 0.53}
{'loss': 0.7536, 'grad_norm': 2.3056466579437256, 'learning_rate': 4.676832302254288e-06, 'epoch': 0.53}
{'loss': 0.819, 'grad_norm': 2.6874260902404785, 'learning_rate': 4.674756980214032e-06, 'epoch': 0.54}
{'loss': 0.9546, 'grad_norm': 2.574557065963745, 'learning_rate': 4.67268171444272e-06, 'epoch': 0.54}
{'loss': 0.954, 'grad_norm': 3.0228400230407715, 'learning_rate': 4.670606505299385e-06, 'epoch': 0.54}
{'loss': 0.8756, 'grad_norm': 2.705854654312134, 'learning_rate': 4.668531353143048e-06, 'epoch': 0.54}
{'loss': 0.9185, 'grad_norm': 2.6803972721099854, 'learning_rate': 4.666456258332723e-06, 'epoch': 0.54}
{'loss': 0.863, 'grad_norm': 2.449136257171631, 'learning_rate': 4.664381221227413e-06, 'epoch': 0.54}
{'loss': 0.9325, 'grad_norm': 2.6008052825927734, 'learning_rate': 4.662306242186116e-06, 'epoch': 0.54}
{'loss': 0.8365, 'grad_norm': 2.539973258972168, 'learning_rate': 4.660231321567809e-06, 'epoch': 0.54}
{'loss': 0.7082, 'grad_norm': 2.3454816341400146, 'learning_rate': 4.658156459731469e-06, 'epoch': 0.54}
{'loss': 1.0241, 'grad_norm': 3.1553356647491455, 'learning_rate': 4.65608165703606e-06, 'epoch': 0.54}
{'loss': 0.6303, 'grad_norm': 2.0272409915924072, 'learning_rate': 4.654006913840531e-06, 'epoch': 0.54}
{'loss': 0.8418, 'grad_norm': 2.6196510791778564, 'learning_rate': 4.651932230503831e-06, 'epoch': 0.54}
{'loss': 0.7903, 'grad_norm': 2.601848602294922, 'learning_rate': 4.649857607384886e-06, 'epoch': 0.54}
{'loss': 0.7357, 'grad_norm': 2.427525281906128, 'learning_rate': 4.647783044842622e-06, 'epoch': 0.54}
{'loss': 0.7657, 'grad_norm': 2.3084843158721924, 'learning_rate': 4.645708543235947e-06, 'epoch': 0.54}
{'loss': 0.8552, 'grad_norm': 2.5441954135894775, 'learning_rate': 4.643634102923766e-06, 'epoch': 0.54}
{'loss': 0.8439, 'grad_norm': 2.5589489936828613, 'learning_rate': 4.641559724264968e-06, 'epoch': 0.54}
{'loss': 0.8353, 'grad_norm': 3.018645763397217, 'learning_rate': 4.63948540761843e-06, 'epoch': 0.54}
{'loss': 0.8274, 'grad_norm': 2.884125232696533, 'learning_rate': 4.637411153343024e-06, 'epoch': 0.54}
{'loss': 0.7312, 'grad_norm': 2.250105381011963, 'learning_rate': 4.635336961797605e-06, 'epoch': 0.54}
{'loss': 0.7685, 'grad_norm': 2.371962785720825, 'learning_rate': 4.633262833341024e-06, 'epoch': 0.54}
{'loss': 1.107, 'grad_norm': 2.9882776737213135, 'learning_rate': 4.631188768332115e-06, 'epoch': 0.54}
{'loss': 0.8226, 'grad_norm': 2.6732072830200195, 'learning_rate': 4.629114767129705e-06, 'epoch': 0.54}
{'loss': 1.017, 'grad_norm': 2.5778348445892334, 'learning_rate': 4.6270408300926044e-06, 'epoch': 0.54}
{'loss': 0.7522, 'grad_norm': 2.3552873134613037, 'learning_rate': 4.6249669575796205e-06, 'epoch': 0.54}
{'loss': 0.8356, 'grad_norm': 2.6722536087036133, 'learning_rate': 4.622893149949546e-06, 'epoch': 0.54}
{'loss': 0.9227, 'grad_norm': 2.678924560546875, 'learning_rate': 4.620819407561158e-06, 'epoch': 0.54}
{'loss': 0.8066, 'grad_norm': 3.0535101890563965, 'learning_rate': 4.6187457307732284e-06, 'epoch': 0.54}
{'loss': 0.6702, 'grad_norm': 2.1810460090637207, 'learning_rate': 4.616672119944513e-06, 'epoch': 0.54}
{'loss': 0.7693, 'grad_norm': 2.555448055267334, 'learning_rate': 4.6145985754337625e-06, 'epoch': 0.54}
{'loss': 0.7966, 'grad_norm': 2.34744930267334, 'learning_rate': 4.6125250975997105e-06, 'epoch': 0.54}
{'loss': 0.7614, 'grad_norm': 2.6145689487457275, 'learning_rate': 4.610451686801079e-06, 'epoch': 0.54}
{'loss': 0.8614, 'grad_norm': 2.6607954502105713, 'learning_rate': 4.608378343396581e-06, 'epoch': 0.54}
{'loss': 0.887, 'grad_norm': 2.589581251144409, 'learning_rate': 4.60630506774492e-06, 'epoch': 0.54}
{'loss': 0.8132, 'grad_norm': 2.6053414344787598, 'learning_rate': 4.604231860204782e-06, 'epoch': 0.54}
{'loss': 0.6132, 'grad_norm': 2.2186264991760254, 'learning_rate': 4.602158721134844e-06, 'epoch': 0.54}
{'loss': 0.8023, 'grad_norm': 2.5226268768310547, 'learning_rate': 4.600085650893771e-06, 'epoch': 0.54}
{'loss': 0.7463, 'grad_norm': 2.5236711502075195, 'learning_rate': 4.598012649840216e-06, 'epoch': 0.54}
{'loss': 0.8347, 'grad_norm': 2.3865973949432373, 'learning_rate': 4.595939718332823e-06, 'epoch': 0.54}
{'loss': 0.9385, 'grad_norm': 2.679896831512451, 'learning_rate': 4.59386685673022e-06, 'epoch': 0.54}
{'loss': 0.8242, 'grad_norm': 2.6199283599853516, 'learning_rate': 4.591794065391022e-06, 'epoch': 0.54}
{'loss': 0.865, 'grad_norm': 2.4511959552764893, 'learning_rate': 4.589721344673836e-06, 'epoch': 0.54}
{'loss': 0.7796, 'grad_norm': 2.597716808319092, 'learning_rate': 4.5876486949372536e-06, 'epoch': 0.54}
{'loss': 0.8493, 'grad_norm': 2.6428234577178955, 'learning_rate': 4.585576116539857e-06, 'epoch': 0.54}
{'loss': 0.7677, 'grad_norm': 2.578716993331909, 'learning_rate': 4.583503609840215e-06, 'epoch': 0.54}
{'loss': 0.7042, 'grad_norm': 2.2558352947235107, 'learning_rate': 4.58143117519688e-06, 'epoch': 0.54}
{'loss': 0.8481, 'grad_norm': 2.530017852783203, 'learning_rate': 4.5793588129683965e-06, 'epoch': 0.54}
{'loss': 1.1084, 'grad_norm': 2.9494335651397705, 'learning_rate': 4.577286523513298e-06, 'epoch': 0.54}
{'loss': 0.707, 'grad_norm': 2.2266316413879395, 'learning_rate': 4.5752143071901e-06, 'epoch': 0.54}
{'loss': 0.8969, 'grad_norm': 2.602539539337158, 'learning_rate': 4.573142164357309e-06, 'epoch': 0.54}
{'loss': 1.0525, 'grad_norm': 2.610630989074707, 'learning_rate': 4.571070095373417e-06, 'epoch': 0.54}
{'loss': 0.7614, 'grad_norm': 2.4105184078216553, 'learning_rate': 4.568998100596903e-06, 'epoch': 0.54}
{'loss': 0.678, 'grad_norm': 2.3743951320648193, 'learning_rate': 4.566926180386238e-06, 'epoch': 0.54}
{'loss': 0.858, 'grad_norm': 2.4277892112731934, 'learning_rate': 4.564854335099874e-06, 'epoch': 0.54}
{'loss': 0.9907, 'grad_norm': 2.9113011360168457, 'learning_rate': 4.562782565096252e-06, 'epoch': 0.54}
{'loss': 0.9206, 'grad_norm': 2.7844114303588867, 'learning_rate': 4.560710870733798e-06, 'epoch': 0.54}
{'loss': 0.7675, 'grad_norm': 2.4216153621673584, 'learning_rate': 4.558639252370933e-06, 'epoch': 0.54}
{'loss': 0.8437, 'grad_norm': 2.7442328929901123, 'learning_rate': 4.556567710366055e-06, 'epoch': 0.54}
{'loss': 0.9262, 'grad_norm': 2.7743520736694336, 'learning_rate': 4.554496245077555e-06, 'epoch': 0.54}
{'loss': 0.7869, 'grad_norm': 2.667517900466919, 'learning_rate': 4.552424856863806e-06, 'epoch': 0.54}
{'loss': 0.8472, 'grad_norm': 2.8820676803588867, 'learning_rate': 4.550353546083171e-06, 'epoch': 0.54}
{'loss': 0.9299, 'grad_norm': 2.9308974742889404, 'learning_rate': 4.548282313094001e-06, 'epoch': 0.54}
{'loss': 0.8066, 'grad_norm': 2.914926290512085, 'learning_rate': 4.54621115825463e-06, 'epoch': 0.54}
{'loss': 0.9367, 'grad_norm': 2.5428192615509033, 'learning_rate': 4.5441400819233805e-06, 'epoch': 0.54}
{'loss': 0.8143, 'grad_norm': 2.776916027069092, 'learning_rate': 4.542069084458558e-06, 'epoch': 0.54}
{'loss': 1.0939, 'grad_norm': 2.774902582168579, 'learning_rate': 4.539998166218461e-06, 'epoch': 0.54}
{'loss': 1.0426, 'grad_norm': 2.725559949874878, 'learning_rate': 4.5379273275613685e-06, 'epoch': 0.54}
{'loss': 0.957, 'grad_norm': 2.6129109859466553, 'learning_rate': 4.535856568845549e-06, 'epoch': 0.54}
{'loss': 0.7419, 'grad_norm': 2.491473913192749, 'learning_rate': 4.533785890429254e-06, 'epoch': 0.54}
{'loss': 0.7798, 'grad_norm': 2.3973944187164307, 'learning_rate': 4.531715292670722e-06, 'epoch': 0.54}
{'loss': 0.8827, 'grad_norm': 2.7132062911987305, 'learning_rate': 4.529644775928182e-06, 'epoch': 0.54}
{'loss': 0.8583, 'grad_norm': 2.5455689430236816, 'learning_rate': 4.527574340559844e-06, 'epoch': 0.54}
{'loss': 0.7485, 'grad_norm': 2.5455985069274902, 'learning_rate': 4.525503986923906e-06, 'epoch': 0.54}
{'loss': 0.8445, 'grad_norm': 2.495772123336792, 'learning_rate': 4.523433715378549e-06, 'epoch': 0.54}
{'loss': 0.7951, 'grad_norm': 2.4154231548309326, 'learning_rate': 4.521363526281944e-06, 'epoch': 0.54}
{'loss': 0.9129, 'grad_norm': 2.580918073654175, 'learning_rate': 4.519293419992246e-06, 'epoch': 0.54}
{'loss': 0.9967, 'grad_norm': 2.8118724822998047, 'learning_rate': 4.5172233968675924e-06, 'epoch': 0.54}
{'loss': 0.795, 'grad_norm': 2.3674068450927734, 'learning_rate': 4.515153457266116e-06, 'epoch': 0.55}
{'loss': 0.9126, 'grad_norm': 2.6997501850128174, 'learning_rate': 4.5130836015459205e-06, 'epoch': 0.55}
{'loss': 0.8728, 'grad_norm': 2.7891154289245605, 'learning_rate': 4.511013830065108e-06, 'epoch': 0.55}
{'loss': 1.113, 'grad_norm': 2.6669132709503174, 'learning_rate': 4.5089441431817604e-06, 'epoch': 0.55}
{'loss': 0.7643, 'grad_norm': 2.249490737915039, 'learning_rate': 4.506874541253943e-06, 'epoch': 0.55}
{'loss': 0.7987, 'grad_norm': 2.484236240386963, 'learning_rate': 4.504805024639715e-06, 'epoch': 0.55}
{'loss': 0.8613, 'grad_norm': 2.3595387935638428, 'learning_rate': 4.502735593697108e-06, 'epoch': 0.55}
{'loss': 0.7637, 'grad_norm': 2.310159206390381, 'learning_rate': 4.500666248784149e-06, 'epoch': 0.55}
{'loss': 0.756, 'grad_norm': 2.220651149749756, 'learning_rate': 4.498596990258845e-06, 'epoch': 0.55}
{'loss': 0.8721, 'grad_norm': 2.529587745666504, 'learning_rate': 4.496527818479195e-06, 'epoch': 0.55}
{'loss': 0.9351, 'grad_norm': 2.4425415992736816, 'learning_rate': 4.49445873380317e-06, 'epoch': 0.55}
{'loss': 0.6843, 'grad_norm': 2.3318419456481934, 'learning_rate': 4.492389736588739e-06, 'epoch': 0.55}
{'loss': 0.865, 'grad_norm': 2.590801477432251, 'learning_rate': 4.49032082719385e-06, 'epoch': 0.55}
{'loss': 0.8727, 'grad_norm': 2.3676021099090576, 'learning_rate': 4.488252005976434e-06, 'epoch': 0.55}
{'loss': 0.8998, 'grad_norm': 2.4292588233947754, 'learning_rate': 4.486183273294414e-06, 'epoch': 0.55}
{'loss': 0.8758, 'grad_norm': 2.6569876670837402, 'learning_rate': 4.484114629505687e-06, 'epoch': 0.55}
{'loss': 0.7335, 'grad_norm': 2.555800437927246, 'learning_rate': 4.482046074968144e-06, 'epoch': 0.55}
{'loss': 1.0045, 'grad_norm': 2.672553539276123, 'learning_rate': 4.479977610039656e-06, 'epoch': 0.55}
{'loss': 1.1211, 'grad_norm': 2.9826574325561523, 'learning_rate': 4.477909235078078e-06, 'epoch': 0.55}
{'loss': 0.9256, 'grad_norm': 2.55088472366333, 'learning_rate': 4.475840950441256e-06, 'epoch': 0.55}
{'loss': 0.8809, 'grad_norm': 2.733808755874634, 'learning_rate': 4.47377275648701e-06, 'epoch': 0.55}
{'loss': 0.9852, 'grad_norm': 2.8104119300842285, 'learning_rate': 4.471704653573152e-06, 'epoch': 0.55}
{'loss': 0.7282, 'grad_norm': 2.3211843967437744, 'learning_rate': 4.469636642057475e-06, 'epoch': 0.55}
{'loss': 0.679, 'grad_norm': 2.2702512741088867, 'learning_rate': 4.467568722297759e-06, 'epoch': 0.55}
{'loss': 0.6419, 'grad_norm': 2.134997606277466, 'learning_rate': 4.465500894651763e-06, 'epoch': 0.55}
{'loss': 0.8478, 'grad_norm': 2.4282984733581543, 'learning_rate': 4.463433159477236e-06, 'epoch': 0.55}
{'loss': 0.7616, 'grad_norm': 2.476752758026123, 'learning_rate': 4.461365517131907e-06, 'epoch': 0.55}
{'loss': 0.8491, 'grad_norm': 2.4587697982788086, 'learning_rate': 4.45929796797349e-06, 'epoch': 0.55}
{'loss': 0.8235, 'grad_norm': 2.5350873470306396, 'learning_rate': 4.457230512359685e-06, 'epoch': 0.55}
{'loss': 0.9142, 'grad_norm': 2.6989827156066895, 'learning_rate': 4.455163150648172e-06, 'epoch': 0.55}
{'loss': 0.6916, 'grad_norm': 2.137558937072754, 'learning_rate': 4.453095883196617e-06, 'epoch': 0.55}
{'loss': 0.7858, 'grad_norm': 2.404484510421753, 'learning_rate': 4.451028710362668e-06, 'epoch': 0.55}
{'loss': 0.7601, 'grad_norm': 3.327014923095703, 'learning_rate': 4.448961632503961e-06, 'epoch': 0.55}
{'loss': 0.7667, 'grad_norm': 2.4137518405914307, 'learning_rate': 4.446894649978111e-06, 'epoch': 0.55}
{'loss': 0.737, 'grad_norm': 2.525075912475586, 'learning_rate': 4.4448277631427185e-06, 'epoch': 0.55}
{'loss': 0.7121, 'grad_norm': 2.5130951404571533, 'learning_rate': 4.442760972355366e-06, 'epoch': 0.55}
{'loss': 0.8585, 'grad_norm': 2.8026812076568604, 'learning_rate': 4.44069427797362e-06, 'epoch': 0.55}
{'loss': 0.7929, 'grad_norm': 2.5824851989746094, 'learning_rate': 4.4386276803550345e-06, 'epoch': 0.55}
{'loss': 0.6933, 'grad_norm': 2.5326621532440186, 'learning_rate': 4.436561179857137e-06, 'epoch': 0.55}
{'loss': 0.9452, 'grad_norm': 2.4796125888824463, 'learning_rate': 4.434494776837449e-06, 'epoch': 0.55}
{'loss': 0.7345, 'grad_norm': 2.375520706176758, 'learning_rate': 4.432428471653466e-06, 'epoch': 0.55}
{'loss': 0.7111, 'grad_norm': 2.484154462814331, 'learning_rate': 4.4303622646626765e-06, 'epoch': 0.55}
{'loss': 0.944, 'grad_norm': 3.127417802810669, 'learning_rate': 4.428296156222543e-06, 'epoch': 0.55}
{'loss': 1.1814, 'grad_norm': 3.031609058380127, 'learning_rate': 4.426230146690515e-06, 'epoch': 0.55}
{'loss': 0.8493, 'grad_norm': 2.6521365642547607, 'learning_rate': 4.424164236424022e-06, 'epoch': 0.55}
{'loss': 0.842, 'grad_norm': 2.568959951400757, 'learning_rate': 4.42209842578048e-06, 'epoch': 0.55}
{'loss': 0.785, 'grad_norm': 2.540849447250366, 'learning_rate': 4.420032715117288e-06, 'epoch': 0.55}
{'loss': 1.049, 'grad_norm': 2.5416314601898193, 'learning_rate': 4.417967104791826e-06, 'epoch': 0.55}
{'loss': 0.8411, 'grad_norm': 2.4464502334594727, 'learning_rate': 4.415901595161454e-06, 'epoch': 0.55}
{'loss': 0.8721, 'grad_norm': 2.852945566177368, 'learning_rate': 4.413836186583519e-06, 'epoch': 0.55}
{'loss': 0.9104, 'grad_norm': 2.40090274810791, 'learning_rate': 4.411770879415347e-06, 'epoch': 0.55}
{'loss': 0.8578, 'grad_norm': 2.8170809745788574, 'learning_rate': 4.409705674014251e-06, 'epoch': 0.55}
{'loss': 0.8005, 'grad_norm': 2.693596124649048, 'learning_rate': 4.407640570737522e-06, 'epoch': 0.55}
{'loss': 0.9237, 'grad_norm': 2.621929883956909, 'learning_rate': 4.4055755699424355e-06, 'epoch': 0.55}
{'loss': 0.7365, 'grad_norm': 2.3465397357940674, 'learning_rate': 4.403510671986247e-06, 'epoch': 0.55}
{'loss': 0.8755, 'grad_norm': 2.932781457901001, 'learning_rate': 4.401445877226198e-06, 'epoch': 0.55}
{'loss': 0.7955, 'grad_norm': 2.7958261966705322, 'learning_rate': 4.3993811860195105e-06, 'epoch': 0.55}
{'loss': 0.8547, 'grad_norm': 2.6092638969421387, 'learning_rate': 4.397316598723385e-06, 'epoch': 0.55}
{'loss': 0.7506, 'grad_norm': 2.457292318344116, 'learning_rate': 4.395252115695011e-06, 'epoch': 0.55}
{'loss': 0.7167, 'grad_norm': 2.3893868923187256, 'learning_rate': 4.393187737291552e-06, 'epoch': 0.55}
{'loss': 0.9418, 'grad_norm': 2.6763153076171875, 'learning_rate': 4.391123463870161e-06, 'epoch': 0.55}
{'loss': 0.7633, 'grad_norm': 2.515930652618408, 'learning_rate': 4.389059295787969e-06, 'epoch': 0.55}
{'loss': 0.8028, 'grad_norm': 2.49819016456604, 'learning_rate': 4.386995233402087e-06, 'epoch': 0.55}
{'loss': 0.9167, 'grad_norm': 2.892610788345337, 'learning_rate': 4.384931277069611e-06, 'epoch': 0.55}
{'loss': 0.7767, 'grad_norm': 2.5806264877319336, 'learning_rate': 4.382867427147617e-06, 'epoch': 0.55}
{'loss': 0.9467, 'grad_norm': 2.6890478134155273, 'learning_rate': 4.380803683993165e-06, 'epoch': 0.55}
{'loss': 0.808, 'grad_norm': 2.5846006870269775, 'learning_rate': 4.378740047963294e-06, 'epoch': 0.55}
{'loss': 0.8701, 'grad_norm': 2.625483751296997, 'learning_rate': 4.376676519415023e-06, 'epoch': 0.55}
{'loss': 0.7373, 'grad_norm': 2.3953137397766113, 'learning_rate': 4.374613098705356e-06, 'epoch': 0.55}
{'loss': 0.6686, 'grad_norm': 2.365576982498169, 'learning_rate': 4.372549786191277e-06, 'epoch': 0.55}
{'loss': 0.7641, 'grad_norm': 2.521876096725464, 'learning_rate': 4.370486582229752e-06, 'epoch': 0.55}
{'loss': 1.0106, 'grad_norm': 2.912620782852173, 'learning_rate': 4.368423487177725e-06, 'epoch': 0.55}
{'loss': 0.6997, 'grad_norm': 2.588444709777832, 'learning_rate': 4.366360501392124e-06, 'epoch': 0.55}
{'loss': 1.0133, 'grad_norm': 2.574384927749634, 'learning_rate': 4.364297625229859e-06, 'epoch': 0.55}
{'loss': 0.8044, 'grad_norm': 2.5832622051239014, 'learning_rate': 4.362234859047819e-06, 'epoch': 0.55}
{'loss': 0.9207, 'grad_norm': 2.4224908351898193, 'learning_rate': 4.360172203202876e-06, 'epoch': 0.55}
{'loss': 0.9787, 'grad_norm': 2.5950980186462402, 'learning_rate': 4.358109658051878e-06, 'epoch': 0.55}
{'loss': 0.7856, 'grad_norm': 2.547027587890625, 'learning_rate': 4.3560472239516595e-06, 'epoch': 0.55}
{'loss': 0.9841, 'grad_norm': 2.8912861347198486, 'learning_rate': 4.353984901259034e-06, 'epoch': 0.56}
{'loss': 1.1397, 'grad_norm': 3.4512813091278076, 'learning_rate': 4.351922690330795e-06, 'epoch': 0.56}
{'loss': 1.066, 'grad_norm': 3.036473274230957, 'learning_rate': 4.349860591523718e-06, 'epoch': 0.56}
{'loss': 1.0477, 'grad_norm': 2.7622292041778564, 'learning_rate': 4.347798605194555e-06, 'epoch': 0.56}
{'loss': 0.9408, 'grad_norm': 2.462339162826538, 'learning_rate': 4.345736731700045e-06, 'epoch': 0.56}
{'loss': 0.9245, 'grad_norm': 2.741046905517578, 'learning_rate': 4.343674971396903e-06, 'epoch': 0.56}
{'loss': 0.7446, 'grad_norm': 2.3030543327331543, 'learning_rate': 4.341613324641825e-06, 'epoch': 0.56}
{'loss': 1.0242, 'grad_norm': 3.387157917022705, 'learning_rate': 4.33955179179149e-06, 'epoch': 0.56}
{'loss': 0.7325, 'grad_norm': 2.3449349403381348, 'learning_rate': 4.337490373202551e-06, 'epoch': 0.56}
{'loss': 0.8552, 'grad_norm': 2.560493230819702, 'learning_rate': 4.3354290692316495e-06, 'epoch': 0.56}
{'loss': 0.8303, 'grad_norm': 2.402866840362549, 'learning_rate': 4.3333678802354026e-06, 'epoch': 0.56}
{'loss': 0.7892, 'grad_norm': 2.397212028503418, 'learning_rate': 4.331306806570407e-06, 'epoch': 0.56}
{'loss': 0.9209, 'grad_norm': 2.5283315181732178, 'learning_rate': 4.329245848593241e-06, 'epoch': 0.56}
{'loss': 0.9012, 'grad_norm': 2.7943148612976074, 'learning_rate': 4.327185006660459e-06, 'epoch': 0.56}
{'loss': 0.9335, 'grad_norm': 2.9014909267425537, 'learning_rate': 4.325124281128605e-06, 'epoch': 0.56}
{'loss': 0.9239, 'grad_norm': 2.842750072479248, 'learning_rate': 4.3230636723541924e-06, 'epoch': 0.56}
{'loss': 0.7167, 'grad_norm': 2.7140064239501953, 'learning_rate': 4.32100318069372e-06, 'epoch': 0.56}
{'loss': 1.0371, 'grad_norm': 2.8292763233184814, 'learning_rate': 4.3189428065036635e-06, 'epoch': 0.56}
{'loss': 0.77, 'grad_norm': 2.4261670112609863, 'learning_rate': 4.316882550140481e-06, 'epoch': 0.56}
{'loss': 0.7634, 'grad_norm': 2.4710114002227783, 'learning_rate': 4.314822411960608e-06, 'epoch': 0.56}
{'loss': 0.8008, 'grad_norm': 2.2961602210998535, 'learning_rate': 4.31276239232046e-06, 'epoch': 0.56}
{'loss': 0.8047, 'grad_norm': 2.4942288398742676, 'learning_rate': 4.310702491576436e-06, 'epoch': 0.56}
{'loss': 0.8861, 'grad_norm': 3.2167396545410156, 'learning_rate': 4.3086427100849064e-06, 'epoch': 0.56}
{'loss': 0.9015, 'grad_norm': 2.5812313556671143, 'learning_rate': 4.306583048202227e-06, 'epoch': 0.56}
{'loss': 0.9461, 'grad_norm': 2.670806884765625, 'learning_rate': 4.304523506284733e-06, 'epoch': 0.56}
{'loss': 0.861, 'grad_norm': 2.5055465698242188, 'learning_rate': 4.302464084688736e-06, 'epoch': 0.56}
{'loss': 0.7519, 'grad_norm': 2.424891233444214, 'learning_rate': 4.300404783770525e-06, 'epoch': 0.56}
{'loss': 0.7741, 'grad_norm': 2.5000534057617188, 'learning_rate': 4.2983456038863754e-06, 'epoch': 0.56}
{'loss': 0.8246, 'grad_norm': 2.5023033618927, 'learning_rate': 4.296286545392536e-06, 'epoch': 0.56}
{'loss': 0.9699, 'grad_norm': 2.66821026802063, 'learning_rate': 4.294227608645234e-06, 'epoch': 0.56}
{'loss': 0.8318, 'grad_norm': 2.512126922607422, 'learning_rate': 4.292168794000683e-06, 'epoch': 0.56}
{'loss': 0.7305, 'grad_norm': 2.431051731109619, 'learning_rate': 4.2901101018150625e-06, 'epoch': 0.56}
{'loss': 0.9492, 'grad_norm': 2.462977170944214, 'learning_rate': 4.288051532444543e-06, 'epoch': 0.56}
{'loss': 0.7827, 'grad_norm': 2.3790667057037354, 'learning_rate': 4.285993086245268e-06, 'epoch': 0.56}
{'loss': 0.8382, 'grad_norm': 2.5696847438812256, 'learning_rate': 4.28393476357336e-06, 'epoch': 0.56}
{'loss': 0.9947, 'grad_norm': 2.841973304748535, 'learning_rate': 4.281876564784922e-06, 'epoch': 0.56}
{'loss': 0.8676, 'grad_norm': 2.4772303104400635, 'learning_rate': 4.279818490236035e-06, 'epoch': 0.56}
{'loss': 0.78, 'grad_norm': 2.584003210067749, 'learning_rate': 4.277760540282756e-06, 'epoch': 0.56}
{'loss': 1.0467, 'grad_norm': 2.5608649253845215, 'learning_rate': 4.275702715281122e-06, 'epoch': 0.56}
{'loss': 0.7473, 'grad_norm': 2.329465866088867, 'learning_rate': 4.2736450155871535e-06, 'epoch': 0.56}
{'loss': 0.6312, 'grad_norm': 1.9905308485031128, 'learning_rate': 4.271587441556837e-06, 'epoch': 0.56}
{'loss': 0.8226, 'grad_norm': 2.711353302001953, 'learning_rate': 4.269529993546151e-06, 'epoch': 0.56}
{'loss': 0.7442, 'grad_norm': 2.2929046154022217, 'learning_rate': 4.267472671911044e-06, 'epoch': 0.56}
{'loss': 0.7482, 'grad_norm': 2.4810171127319336, 'learning_rate': 4.265415477007442e-06, 'epoch': 0.56}
{'loss': 1.1471, 'grad_norm': 2.5378077030181885, 'learning_rate': 4.263358409191259e-06, 'epoch': 0.56}
{'loss': 0.7826, 'grad_norm': 2.5627219676971436, 'learning_rate': 4.261301468818371e-06, 'epoch': 0.56}
{'loss': 0.8172, 'grad_norm': 2.5809972286224365, 'learning_rate': 4.259244656244647e-06, 'epoch': 0.56}
{'loss': 0.7257, 'grad_norm': 2.4154467582702637, 'learning_rate': 4.2571879718259225e-06, 'epoch': 0.56}
{'loss': 0.8302, 'grad_norm': 2.602933168411255, 'learning_rate': 4.2551314159180205e-06, 'epoch': 0.56}
{'loss': 0.8431, 'grad_norm': 2.5600640773773193, 'learning_rate': 4.253074988876737e-06, 'epoch': 0.56}
{'loss': 0.6767, 'grad_norm': 2.461956262588501, 'learning_rate': 4.251018691057843e-06, 'epoch': 0.56}
{'loss': 0.8351, 'grad_norm': 2.60310697555542, 'learning_rate': 4.248962522817091e-06, 'epoch': 0.56}
{'loss': 0.8899, 'grad_norm': 2.4836721420288086, 'learning_rate': 4.24690648451021e-06, 'epoch': 0.56}
{'loss': 0.887, 'grad_norm': 2.37548828125, 'learning_rate': 4.24485057649291e-06, 'epoch': 0.56}
{'loss': 0.6957, 'grad_norm': 2.2660861015319824, 'learning_rate': 4.242794799120869e-06, 'epoch': 0.56}
{'loss': 0.8965, 'grad_norm': 2.665696144104004, 'learning_rate': 4.2407391527497525e-06, 'epoch': 0.56}
{'loss': 0.7638, 'grad_norm': 2.280395030975342, 'learning_rate': 4.2386836377352e-06, 'epoch': 0.56}
{'loss': 1.0551, 'grad_norm': 2.7422401905059814, 'learning_rate': 4.236628254432823e-06, 'epoch': 0.56}
{'loss': 0.9402, 'grad_norm': 2.4228672981262207, 'learning_rate': 4.2345730031982215e-06, 'epoch': 0.56}
{'loss': 0.8221, 'grad_norm': 2.456451892852783, 'learning_rate': 4.232517884386961e-06, 'epoch': 0.56}
{'loss': 1.1773, 'grad_norm': 2.9496097564697266, 'learning_rate': 4.23046289835459e-06, 'epoch': 0.56}
{'loss': 0.6701, 'grad_norm': 2.4159960746765137, 'learning_rate': 4.228408045456633e-06, 'epoch': 0.56}
{'loss': 0.8582, 'grad_norm': 2.77925181388855, 'learning_rate': 4.226353326048594e-06, 'epoch': 0.56}
{'loss': 0.7282, 'grad_norm': 2.5261783599853516, 'learning_rate': 4.22429874048595e-06, 'epoch': 0.56}
{'loss': 0.9331, 'grad_norm': 2.6684458255767822, 'learning_rate': 4.222244289124155e-06, 'epoch': 0.56}
{'loss': 0.8239, 'grad_norm': 2.746270179748535, 'learning_rate': 4.220189972318641e-06, 'epoch': 0.56}
{'loss': 0.7057, 'grad_norm': 2.3037922382354736, 'learning_rate': 4.218135790424818e-06, 'epoch': 0.56}
{'loss': 0.9227, 'grad_norm': 2.629199743270874, 'learning_rate': 4.2160817437980724e-06, 'epoch': 0.56}
{'loss': 0.8556, 'grad_norm': 2.5978353023529053, 'learning_rate': 4.2140278327937656e-06, 'epoch': 0.56}
{'loss': 0.7656, 'grad_norm': 2.471242904663086, 'learning_rate': 4.211974057767235e-06, 'epoch': 0.56}
{'loss': 0.7045, 'grad_norm': 2.3928768634796143, 'learning_rate': 4.209920419073795e-06, 'epoch': 0.56}
{'loss': 0.7238, 'grad_norm': 2.2988409996032715, 'learning_rate': 4.20786691706874e-06, 'epoch': 0.56}
{'loss': 0.8788, 'grad_norm': 2.6403560638427734, 'learning_rate': 4.205813552107337e-06, 'epoch': 0.56}
{'loss': 0.7891, 'grad_norm': 2.6761474609375, 'learning_rate': 4.203760324544829e-06, 'epoch': 0.56}
{'loss': 0.8809, 'grad_norm': 2.6605255603790283, 'learning_rate': 4.201707234736436e-06, 'epoch': 0.56}
{'loss': 0.8475, 'grad_norm': 2.7584950923919678, 'learning_rate': 4.199654283037356e-06, 'epoch': 0.56}
{'loss': 0.9583, 'grad_norm': 2.5801706314086914, 'learning_rate': 4.1976014698027615e-06, 'epoch': 0.56}
{'loss': 0.8103, 'grad_norm': 2.6672780513763428, 'learning_rate': 4.195548795387801e-06, 'epoch': 0.56}
{'loss': 0.9267, 'grad_norm': 2.4745914936065674, 'learning_rate': 4.193496260147599e-06, 'epoch': 0.57}
{'loss': 0.8409, 'grad_norm': 2.590848684310913, 'learning_rate': 4.191443864437254e-06, 'epoch': 0.57}
{'loss': 1.1231, 'grad_norm': 3.0596230030059814, 'learning_rate': 4.189391608611846e-06, 'epoch': 0.57}
{'loss': 0.91, 'grad_norm': 2.687971830368042, 'learning_rate': 4.187339493026425e-06, 'epoch': 0.57}
{'loss': 0.8781, 'grad_norm': 2.5546367168426514, 'learning_rate': 4.185287518036021e-06, 'epoch': 0.57}
{'loss': 0.6633, 'grad_norm': 2.1948142051696777, 'learning_rate': 4.1832356839956355e-06, 'epoch': 0.57}
{'loss': 0.8067, 'grad_norm': 2.4025659561157227, 'learning_rate': 4.181183991260247e-06, 'epoch': 0.57}
{'loss': 0.7816, 'grad_norm': 2.469524621963501, 'learning_rate': 4.179132440184814e-06, 'epoch': 0.57}
{'loss': 0.8299, 'grad_norm': 2.5851664543151855, 'learning_rate': 4.177081031124265e-06, 'epoch': 0.57}
{'loss': 0.8139, 'grad_norm': 2.594403028488159, 'learning_rate': 4.175029764433505e-06, 'epoch': 0.57}
{'loss': 0.6313, 'grad_norm': 2.210237503051758, 'learning_rate': 4.172978640467416e-06, 'epoch': 0.57}
{'loss': 0.7612, 'grad_norm': 2.4686572551727295, 'learning_rate': 4.170927659580853e-06, 'epoch': 0.57}
{'loss': 0.993, 'grad_norm': 2.632237195968628, 'learning_rate': 4.168876822128648e-06, 'epoch': 0.57}
{'loss': 0.7365, 'grad_norm': 2.424272060394287, 'learning_rate': 4.166826128465611e-06, 'epoch': 0.57}
{'loss': 1.0619, 'grad_norm': 2.5877604484558105, 'learning_rate': 4.164775578946521e-06, 'epoch': 0.57}
{'loss': 0.6975, 'grad_norm': 2.380242347717285, 'learning_rate': 4.162725173926134e-06, 'epoch': 0.57}
{'loss': 0.839, 'grad_norm': 2.644378662109375, 'learning_rate': 4.160674913759184e-06, 'epoch': 0.57}
{'loss': 0.701, 'grad_norm': 2.56377911567688, 'learning_rate': 4.158624798800379e-06, 'epoch': 0.57}
{'loss': 0.9141, 'grad_norm': 2.566028356552124, 'learning_rate': 4.1565748294044e-06, 'epoch': 0.57}
{'loss': 0.9878, 'grad_norm': 3.0547702312469482, 'learning_rate': 4.1545250059259025e-06, 'epoch': 0.57}
{'loss': 0.9245, 'grad_norm': 2.516408681869507, 'learning_rate': 4.152475328719517e-06, 'epoch': 0.57}
{'loss': 0.7362, 'grad_norm': 2.474567413330078, 'learning_rate': 4.150425798139853e-06, 'epoch': 0.57}
{'loss': 0.888, 'grad_norm': 2.5731539726257324, 'learning_rate': 4.148376414541489e-06, 'epoch': 0.57}
{'loss': 0.9466, 'grad_norm': 2.5379507541656494, 'learning_rate': 4.146327178278982e-06, 'epoch': 0.57}
{'loss': 0.6734, 'grad_norm': 2.3424808979034424, 'learning_rate': 4.144278089706859e-06, 'epoch': 0.57}
{'loss': 0.7927, 'grad_norm': 2.3206629753112793, 'learning_rate': 4.1422291491796266e-06, 'epoch': 0.57}
{'loss': 0.8119, 'grad_norm': 2.6402690410614014, 'learning_rate': 4.1401803570517634e-06, 'epoch': 0.57}
{'loss': 0.9227, 'grad_norm': 2.451040506362915, 'learning_rate': 4.138131713677723e-06, 'epoch': 0.57}
{'loss': 0.7533, 'grad_norm': 2.5458984375, 'learning_rate': 4.13608321941193e-06, 'epoch': 0.57}
{'loss': 0.7219, 'grad_norm': 2.409656524658203, 'learning_rate': 4.134034874608787e-06, 'epoch': 0.57}
{'loss': 0.7789, 'grad_norm': 2.369053602218628, 'learning_rate': 4.131986679622671e-06, 'epoch': 0.57}
{'loss': 0.8376, 'grad_norm': 2.764615535736084, 'learning_rate': 4.129938634807931e-06, 'epoch': 0.57}
{'loss': 0.7933, 'grad_norm': 2.453721046447754, 'learning_rate': 4.127890740518891e-06, 'epoch': 0.57}
{'loss': 0.814, 'grad_norm': 2.395664691925049, 'learning_rate': 4.125842997109846e-06, 'epoch': 0.57}
{'loss': 0.9058, 'grad_norm': 2.5263237953186035, 'learning_rate': 4.123795404935071e-06, 'epoch': 0.57}
{'loss': 0.9643, 'grad_norm': 2.7209274768829346, 'learning_rate': 4.121747964348811e-06, 'epoch': 0.57}
{'loss': 0.8288, 'grad_norm': 2.436429262161255, 'learning_rate': 4.1197006757052826e-06, 'epoch': 0.57}
{'loss': 1.0196, 'grad_norm': 2.688793420791626, 'learning_rate': 4.117653539358683e-06, 'epoch': 0.57}
{'loss': 0.9883, 'grad_norm': 2.9482953548431396, 'learning_rate': 4.1156065556631745e-06, 'epoch': 0.57}
{'loss': 0.8774, 'grad_norm': 2.556844472885132, 'learning_rate': 4.1135597249728986e-06, 'epoch': 0.57}
{'loss': 0.9289, 'grad_norm': 2.675877571105957, 'learning_rate': 4.1115130476419704e-06, 'epoch': 0.57}
{'loss': 0.9119, 'grad_norm': 2.487137794494629, 'learning_rate': 4.109466524024476e-06, 'epoch': 0.57}
{'loss': 0.8389, 'grad_norm': 2.7978742122650146, 'learning_rate': 4.107420154474475e-06, 'epoch': 0.57}
{'loss': 0.9312, 'grad_norm': 2.7953104972839355, 'learning_rate': 4.105373939346002e-06, 'epoch': 0.57}
{'loss': 0.7314, 'grad_norm': 2.532231092453003, 'learning_rate': 4.1033278789930655e-06, 'epoch': 0.57}
{'loss': 0.6367, 'grad_norm': 2.6729955673217773, 'learning_rate': 4.101281973769643e-06, 'epoch': 0.57}
{'loss': 0.8995, 'grad_norm': 2.6929922103881836, 'learning_rate': 4.0992362240296925e-06, 'epoch': 0.57}
{'loss': 0.8695, 'grad_norm': 2.628162384033203, 'learning_rate': 4.097190630127135e-06, 'epoch': 0.57}
{'loss': 0.9646, 'grad_norm': 2.7825541496276855, 'learning_rate': 4.095145192415875e-06, 'epoch': 0.57}
{'loss': 0.8497, 'grad_norm': 2.7772881984710693, 'learning_rate': 4.0930999112497824e-06, 'epoch': 0.57}
{'loss': 0.9399, 'grad_norm': 2.606555700302124, 'learning_rate': 4.091054786982704e-06, 'epoch': 0.57}
{'loss': 0.7919, 'grad_norm': 2.657341957092285, 'learning_rate': 4.08900981996846e-06, 'epoch': 0.57}
{'loss': 0.908, 'grad_norm': 2.409200429916382, 'learning_rate': 4.086965010560836e-06, 'epoch': 0.57}
{'loss': 0.6754, 'grad_norm': 2.279247283935547, 'learning_rate': 4.084920359113602e-06, 'epoch': 0.57}
{'loss': 0.7785, 'grad_norm': 2.7148070335388184, 'learning_rate': 4.082875865980491e-06, 'epoch': 0.57}
{'loss': 0.8573, 'grad_norm': 2.483881950378418, 'learning_rate': 4.080831531515215e-06, 'epoch': 0.57}
{'loss': 0.8638, 'grad_norm': 2.4714198112487793, 'learning_rate': 4.0787873560714516e-06, 'epoch': 0.57}
{'loss': 0.8274, 'grad_norm': 2.565438747406006, 'learning_rate': 4.07674334000286e-06, 'epoch': 0.57}
{'loss': 0.8496, 'grad_norm': 2.5796172618865967, 'learning_rate': 4.074699483663064e-06, 'epoch': 0.57}
{'loss': 0.7762, 'grad_norm': 2.330832004547119, 'learning_rate': 4.0726557874056625e-06, 'epoch': 0.57}
{'loss': 0.9297, 'grad_norm': 2.637807607650757, 'learning_rate': 4.070612251584231e-06, 'epoch': 0.57}
{'loss': 0.889, 'grad_norm': 2.6696152687072754, 'learning_rate': 4.068568876552307e-06, 'epoch': 0.57}
{'loss': 1.0139, 'grad_norm': 2.5928261280059814, 'learning_rate': 4.06652566266341e-06, 'epoch': 0.57}
{'loss': 0.8129, 'grad_norm': 2.6323020458221436, 'learning_rate': 4.064482610271027e-06, 'epoch': 0.57}
{'loss': 0.8815, 'grad_norm': 2.94197416305542, 'learning_rate': 4.062439719728618e-06, 'epoch': 0.57}
{'loss': 0.934, 'grad_norm': 2.698338031768799, 'learning_rate': 4.060396991389616e-06, 'epoch': 0.57}
{'loss': 0.8599, 'grad_norm': 2.476231575012207, 'learning_rate': 4.0583544256074236e-06, 'epoch': 0.57}
{'loss': 0.7651, 'grad_norm': 2.3547379970550537, 'learning_rate': 4.056312022735417e-06, 'epoch': 0.57}
{'loss': 0.9004, 'grad_norm': 2.5073235034942627, 'learning_rate': 4.054269783126944e-06, 'epoch': 0.57}
{'loss': 1.0532, 'grad_norm': 2.9025416374206543, 'learning_rate': 4.052227707135323e-06, 'epoch': 0.57}
{'loss': 0.6587, 'grad_norm': 2.4706380367279053, 'learning_rate': 4.050185795113849e-06, 'epoch': 0.57}
{'loss': 0.933, 'grad_norm': 2.4883620738983154, 'learning_rate': 4.048144047415779e-06, 'epoch': 0.57}
{'loss': 0.8428, 'grad_norm': 2.5022470951080322, 'learning_rate': 4.046102464394351e-06, 'epoch': 0.57}
{'loss': 0.8213, 'grad_norm': 2.481074333190918, 'learning_rate': 4.0440610464027696e-06, 'epoch': 0.57}
{'loss': 0.8884, 'grad_norm': 2.5514237880706787, 'learning_rate': 4.0420197937942125e-06, 'epoch': 0.57}
{'loss': 0.8827, 'grad_norm': 2.908738851547241, 'learning_rate': 4.039978706921828e-06, 'epoch': 0.57}
{'loss': 0.8295, 'grad_norm': 2.526027202606201, 'learning_rate': 4.037937786138737e-06, 'epoch': 0.57}
{'loss': 0.9395, 'grad_norm': 2.4418528079986572, 'learning_rate': 4.0358970317980275e-06, 'epoch': 0.57}
{'loss': 0.8013, 'grad_norm': 2.3978464603424072, 'learning_rate': 4.033856444252765e-06, 'epoch': 0.58}
{'loss': 0.7328, 'grad_norm': 2.3466386795043945, 'learning_rate': 4.031816023855985e-06, 'epoch': 0.58}
{'loss': 0.8754, 'grad_norm': 2.9306039810180664, 'learning_rate': 4.029775770960687e-06, 'epoch': 0.58}
{'loss': 0.9984, 'grad_norm': 2.560793399810791, 'learning_rate': 4.02773568591985e-06, 'epoch': 0.58}
{'loss': 0.8544, 'grad_norm': 2.6999595165252686, 'learning_rate': 4.025695769086418e-06, 'epoch': 0.58}
{'loss': 0.8679, 'grad_norm': 2.5960607528686523, 'learning_rate': 4.023656020813312e-06, 'epoch': 0.58}
{'loss': 0.7419, 'grad_norm': 2.4261791706085205, 'learning_rate': 4.02161644145342e-06, 'epoch': 0.58}
{'loss': 0.876, 'grad_norm': 2.721083402633667, 'learning_rate': 4.0195770313595975e-06, 'epoch': 0.58}
{'loss': 0.838, 'grad_norm': 2.6966283321380615, 'learning_rate': 4.017537790884677e-06, 'epoch': 0.58}
{'loss': 0.6955, 'grad_norm': 2.1466128826141357, 'learning_rate': 4.015498720381459e-06, 'epoch': 0.58}
{'loss': 0.9303, 'grad_norm': 2.5181634426116943, 'learning_rate': 4.0134598202027154e-06, 'epoch': 0.58}
{'loss': 0.9485, 'grad_norm': 2.6247167587280273, 'learning_rate': 4.011421090701186e-06, 'epoch': 0.58}
{'loss': 0.6816, 'grad_norm': 2.4809064865112305, 'learning_rate': 4.009382532229583e-06, 'epoch': 0.58}
{'loss': 1.0251, 'grad_norm': 2.7837798595428467, 'learning_rate': 4.00734414514059e-06, 'epoch': 0.58}
{'loss': 0.8499, 'grad_norm': 2.4361391067504883, 'learning_rate': 4.005305929786859e-06, 'epoch': 0.58}
{'loss': 0.7873, 'grad_norm': 2.407393217086792, 'learning_rate': 4.003267886521016e-06, 'epoch': 0.58}
{'loss': 0.8002, 'grad_norm': 2.712493658065796, 'learning_rate': 4.0012300156956496e-06, 'epoch': 0.58}
{'loss': 0.8225, 'grad_norm': 2.628403663635254, 'learning_rate': 3.9991923176633265e-06, 'epoch': 0.58}
{'loss': 1.016, 'grad_norm': 2.76647686958313, 'learning_rate': 3.997154792776579e-06, 'epoch': 0.58}
{'loss': 0.7392, 'grad_norm': 2.3594207763671875, 'learning_rate': 3.9951174413879124e-06, 'epoch': 0.58}
{'loss': 0.9627, 'grad_norm': 2.800848960876465, 'learning_rate': 3.9930802638498e-06, 'epoch': 0.58}
{'loss': 0.9962, 'grad_norm': 2.7464585304260254, 'learning_rate': 3.9910432605146845e-06, 'epoch': 0.58}
{'loss': 0.7659, 'grad_norm': 2.237497568130493, 'learning_rate': 3.989006431734978e-06, 'epoch': 0.58}
{'loss': 0.8327, 'grad_norm': 2.66129994392395, 'learning_rate': 3.9869697778630665e-06, 'epoch': 0.58}
{'loss': 0.9148, 'grad_norm': 2.6900315284729004, 'learning_rate': 3.984933299251304e-06, 'epoch': 0.58}
{'loss': 0.9309, 'grad_norm': 2.6749536991119385, 'learning_rate': 3.982896996252009e-06, 'epoch': 0.58}
{'loss': 0.9883, 'grad_norm': 2.7953906059265137, 'learning_rate': 3.980860869217478e-06, 'epoch': 0.58}
{'loss': 0.7403, 'grad_norm': 2.4207427501678467, 'learning_rate': 3.978824918499969e-06, 'epoch': 0.58}
{'loss': 0.9388, 'grad_norm': 2.625422239303589, 'learning_rate': 3.976789144451715e-06, 'epoch': 0.58}
{'loss': 0.7259, 'grad_norm': 2.4272992610931396, 'learning_rate': 3.97475354742492e-06, 'epoch': 0.58}
{'loss': 0.8416, 'grad_norm': 3.792220115661621, 'learning_rate': 3.972718127771749e-06, 'epoch': 0.58}
{'loss': 0.9165, 'grad_norm': 2.532738208770752, 'learning_rate': 3.970682885844343e-06, 'epoch': 0.58}
{'loss': 0.9226, 'grad_norm': 2.8790950775146484, 'learning_rate': 3.968647821994813e-06, 'epoch': 0.58}
{'loss': 0.9161, 'grad_norm': 3.412909507751465, 'learning_rate': 3.966612936575235e-06, 'epoch': 0.58}
{'loss': 1.0596, 'grad_norm': 2.475853443145752, 'learning_rate': 3.964578229937658e-06, 'epoch': 0.58}
{'loss': 0.6913, 'grad_norm': 2.3404042720794678, 'learning_rate': 3.962543702434096e-06, 'epoch': 0.58}
{'loss': 0.9042, 'grad_norm': 2.665964365005493, 'learning_rate': 3.960509354416533e-06, 'epoch': 0.58}
{'loss': 0.7755, 'grad_norm': 2.563011407852173, 'learning_rate': 3.958475186236926e-06, 'epoch': 0.58}
{'loss': 0.984, 'grad_norm': 2.939633846282959, 'learning_rate': 3.956441198247197e-06, 'epoch': 0.58}
{'loss': 0.6924, 'grad_norm': 2.0329887866973877, 'learning_rate': 3.954407390799239e-06, 'epoch': 0.58}
{'loss': 0.9024, 'grad_norm': 2.7896978855133057, 'learning_rate': 3.952373764244909e-06, 'epoch': 0.58}
{'loss': 0.7162, 'grad_norm': 2.507101058959961, 'learning_rate': 3.950340318936039e-06, 'epoch': 0.58}
{'loss': 1.0376, 'grad_norm': 2.519723415374756, 'learning_rate': 3.948307055224427e-06, 'epoch': 0.58}
{'loss': 0.7202, 'grad_norm': 2.7313151359558105, 'learning_rate': 3.946273973461841e-06, 'epoch': 0.58}
{'loss': 1.056, 'grad_norm': 2.987952470779419, 'learning_rate': 3.944241074000012e-06, 'epoch': 0.58}
{'loss': 0.7747, 'grad_norm': 2.289466142654419, 'learning_rate': 3.942208357190644e-06, 'epoch': 0.58}
{'loss': 0.8525, 'grad_norm': 2.3501269817352295, 'learning_rate': 3.940175823385412e-06, 'epoch': 0.58}
{'loss': 0.7529, 'grad_norm': 2.4549641609191895, 'learning_rate': 3.938143472935954e-06, 'epoch': 0.58}
{'loss': 0.832, 'grad_norm': 2.7248828411102295, 'learning_rate': 3.936111306193881e-06, 'epoch': 0.58}
{'loss': 1.1415, 'grad_norm': 2.873748540878296, 'learning_rate': 3.934079323510766e-06, 'epoch': 0.58}
{'loss': 0.8717, 'grad_norm': 2.5363738536834717, 'learning_rate': 3.932047525238155e-06, 'epoch': 0.58}
{'loss': 1.0188, 'grad_norm': 2.598865270614624, 'learning_rate': 3.930015911727563e-06, 'epoch': 0.58}
{'loss': 0.9703, 'grad_norm': 2.575263500213623, 'learning_rate': 3.927984483330468e-06, 'epoch': 0.58}
{'loss': 0.9252, 'grad_norm': 2.5636470317840576, 'learning_rate': 3.925953240398324e-06, 'epoch': 0.58}
{'loss': 0.9186, 'grad_norm': 2.780973196029663, 'learning_rate': 3.923922183282542e-06, 'epoch': 0.58}
{'loss': 0.6443, 'grad_norm': 2.3397376537323, 'learning_rate': 3.921891312334509e-06, 'epoch': 0.58}
{'loss': 0.7797, 'grad_norm': 2.603189706802368, 'learning_rate': 3.919860627905578e-06, 'epoch': 0.58}
{'loss': 0.7597, 'grad_norm': 2.3402512073516846, 'learning_rate': 3.9178301303470716e-06, 'epoch': 0.58}
{'loss': 0.9951, 'grad_norm': 2.584251880645752, 'learning_rate': 3.9157998200102724e-06, 'epoch': 0.58}
{'loss': 0.8137, 'grad_norm': 2.4791738986968994, 'learning_rate': 3.913769697246439e-06, 'epoch': 0.58}
{'loss': 1.0359, 'grad_norm': 2.925628662109375, 'learning_rate': 3.9117397624067946e-06, 'epoch': 0.58}
{'loss': 0.695, 'grad_norm': 1.9865210056304932, 'learning_rate': 3.90971001584253e-06, 'epoch': 0.58}
{'loss': 0.7763, 'grad_norm': 2.430593967437744, 'learning_rate': 3.907680457904804e-06, 'epoch': 0.58}
{'loss': 0.8475, 'grad_norm': 2.5818521976470947, 'learning_rate': 3.9056510889447375e-06, 'epoch': 0.58}
{'loss': 0.7848, 'grad_norm': 2.4147274494171143, 'learning_rate': 3.9036219093134275e-06, 'epoch': 0.58}
{'loss': 0.8861, 'grad_norm': 2.601111888885498, 'learning_rate': 3.901592919361933e-06, 'epoch': 0.58}
{'loss': 0.9079, 'grad_norm': 2.492217540740967, 'learning_rate': 3.89956411944128e-06, 'epoch': 0.58}
{'loss': 0.9059, 'grad_norm': 2.6571109294891357, 'learning_rate': 3.897535509902467e-06, 'epoch': 0.58}
{'loss': 0.7884, 'grad_norm': 2.4774060249328613, 'learning_rate': 3.895507091096449e-06, 'epoch': 0.58}
{'loss': 0.8306, 'grad_norm': 2.4366934299468994, 'learning_rate': 3.8934788633741575e-06, 'epoch': 0.58}
{'loss': 0.7105, 'grad_norm': 1.8761522769927979, 'learning_rate': 3.891450827086488e-06, 'epoch': 0.58}
{'loss': 0.686, 'grad_norm': 2.5265235900878906, 'learning_rate': 3.889422982584303e-06, 'epoch': 0.58}
{'loss': 0.9852, 'grad_norm': 2.581800699234009, 'learning_rate': 3.887395330218429e-06, 'epoch': 0.58}
{'loss': 0.7737, 'grad_norm': 2.329740285873413, 'learning_rate': 3.885367870339663e-06, 'epoch': 0.58}
{'loss': 0.6458, 'grad_norm': 2.4071459770202637, 'learning_rate': 3.883340603298769e-06, 'epoch': 0.58}
{'loss': 0.8362, 'grad_norm': 2.2490334510803223, 'learning_rate': 3.8813135294464735e-06, 'epoch': 0.58}
{'loss': 0.8347, 'grad_norm': 2.52720308303833, 'learning_rate': 3.879286649133476e-06, 'epoch': 0.58}
{'loss': 0.821, 'grad_norm': 2.917001485824585, 'learning_rate': 3.877259962710432e-06, 'epoch': 0.58}
{'loss': 0.9713, 'grad_norm': 2.535034656524658, 'learning_rate': 3.875233470527977e-06, 'epoch': 0.59}
{'loss': 0.8931, 'grad_norm': 2.555377721786499, 'learning_rate': 3.873207172936701e-06, 'epoch': 0.59}
{'loss': 0.9652, 'grad_norm': 2.67264986038208, 'learning_rate': 3.871181070287168e-06, 'epoch': 0.59}
{'loss': 0.7693, 'grad_norm': 2.4057235717773438, 'learning_rate': 3.8691551629299066e-06, 'epoch': 0.59}
{'loss': 0.7116, 'grad_norm': 2.534339189529419, 'learning_rate': 3.867129451215408e-06, 'epoch': 0.59}
{'loss': 0.7889, 'grad_norm': 2.259639024734497, 'learning_rate': 3.865103935494133e-06, 'epoch': 0.59}
{'loss': 0.6453, 'grad_norm': 2.2195932865142822, 'learning_rate': 3.863078616116507e-06, 'epoch': 0.59}
{'loss': 0.7436, 'grad_norm': 2.500525951385498, 'learning_rate': 3.861053493432923e-06, 'epoch': 0.59}
{'loss': 0.8657, 'grad_norm': 2.504526138305664, 'learning_rate': 3.859028567793741e-06, 'epoch': 0.59}
{'loss': 0.9898, 'grad_norm': 2.725857973098755, 'learning_rate': 3.857003839549281e-06, 'epoch': 0.59}
{'loss': 0.8179, 'grad_norm': 2.5895867347717285, 'learning_rate': 3.854979309049836e-06, 'epoch': 0.59}
{'loss': 0.7935, 'grad_norm': 2.425617218017578, 'learning_rate': 3.852954976645657e-06, 'epoch': 0.59}
{'loss': 0.9329, 'grad_norm': 2.6846156120300293, 'learning_rate': 3.850930842686974e-06, 'epoch': 0.59}
{'loss': 0.7934, 'grad_norm': 2.726356267929077, 'learning_rate': 3.848906907523965e-06, 'epoch': 0.59}
{'loss': 0.8014, 'grad_norm': 2.389004707336426, 'learning_rate': 3.846883171506787e-06, 'epoch': 0.59}
{'loss': 0.8855, 'grad_norm': 2.739992380142212, 'learning_rate': 3.844859634985557e-06, 'epoch': 0.59}
{'loss': 1.0315, 'grad_norm': 2.794485330581665, 'learning_rate': 3.842836298310359e-06, 'epoch': 0.59}
{'loss': 0.913, 'grad_norm': 2.7171967029571533, 'learning_rate': 3.840813161831243e-06, 'epoch': 0.59}
{'loss': 0.7824, 'grad_norm': 2.7311105728149414, 'learning_rate': 3.8387902258982225e-06, 'epoch': 0.59}
{'loss': 0.7362, 'grad_norm': 2.2911994457244873, 'learning_rate': 3.8367674908612765e-06, 'epoch': 0.59}
{'loss': 0.8887, 'grad_norm': 2.3621163368225098, 'learning_rate': 3.8347449570703506e-06, 'epoch': 0.59}
{'loss': 0.8554, 'grad_norm': 2.7363662719726562, 'learning_rate': 3.832722624875356e-06, 'epoch': 0.59}
{'loss': 0.9565, 'grad_norm': 2.593893527984619, 'learning_rate': 3.830700494626167e-06, 'epoch': 0.59}
{'loss': 0.8439, 'grad_norm': 2.6620776653289795, 'learning_rate': 3.8286785666726245e-06, 'epoch': 0.59}
{'loss': 0.7216, 'grad_norm': 2.519604444503784, 'learning_rate': 3.826656841364533e-06, 'epoch': 0.59}
{'loss': 0.8307, 'grad_norm': 2.301535129547119, 'learning_rate': 3.824635319051662e-06, 'epoch': 0.59}
{'loss': 0.7452, 'grad_norm': 2.533000946044922, 'learning_rate': 3.82261400008375e-06, 'epoch': 0.59}
{'loss': 0.9569, 'grad_norm': 2.432732343673706, 'learning_rate': 3.820592884810493e-06, 'epoch': 0.59}
{'loss': 0.8303, 'grad_norm': 2.6158246994018555, 'learning_rate': 3.818571973581559e-06, 'epoch': 0.59}
{'loss': 0.9264, 'grad_norm': 2.6730871200561523, 'learning_rate': 3.816551266746574e-06, 'epoch': 0.59}
{'loss': 0.6979, 'grad_norm': 2.1771459579467773, 'learning_rate': 3.8145307646551362e-06, 'epoch': 0.59}
{'loss': 0.737, 'grad_norm': 2.422558069229126, 'learning_rate': 3.8125104676568024e-06, 'epoch': 0.59}
{'loss': 0.9125, 'grad_norm': 2.7492103576660156, 'learning_rate': 3.8104903761010947e-06, 'epoch': 0.59}
{'loss': 0.8745, 'grad_norm': 2.7523059844970703, 'learning_rate': 3.808470490337502e-06, 'epoch': 0.59}
{'loss': 0.7642, 'grad_norm': 2.634831666946411, 'learning_rate': 3.8064508107154747e-06, 'epoch': 0.59}
{'loss': 0.7039, 'grad_norm': 2.3437020778656006, 'learning_rate': 3.804431337584431e-06, 'epoch': 0.59}
{'loss': 0.7205, 'grad_norm': 2.3239381313323975, 'learning_rate': 3.8024120712937528e-06, 'epoch': 0.59}
{'loss': 0.7481, 'grad_norm': 2.263808488845825, 'learning_rate': 3.800393012192782e-06, 'epoch': 0.59}
{'loss': 1.0208, 'grad_norm': 2.5536715984344482, 'learning_rate': 3.7983741606308276e-06, 'epoch': 0.59}
{'loss': 0.8029, 'grad_norm': 2.4289796352386475, 'learning_rate': 3.7963555169571648e-06, 'epoch': 0.59}
{'loss': 0.9671, 'grad_norm': 2.6543123722076416, 'learning_rate': 3.7943370815210303e-06, 'epoch': 0.59}
{'loss': 0.8616, 'grad_norm': 3.0153305530548096, 'learning_rate': 3.7923188546716256e-06, 'epoch': 0.59}
{'loss': 0.7965, 'grad_norm': 2.367835521697998, 'learning_rate': 3.790300836758114e-06, 'epoch': 0.59}
{'loss': 0.7627, 'grad_norm': 2.4181361198425293, 'learning_rate': 3.788283028129624e-06, 'epoch': 0.59}
{'loss': 0.7176, 'grad_norm': 2.4175946712493896, 'learning_rate': 3.7862654291352508e-06, 'epoch': 0.59}
{'loss': 0.7192, 'grad_norm': 2.6787118911743164, 'learning_rate': 3.7842480401240504e-06, 'epoch': 0.59}
{'loss': 0.6875, 'grad_norm': 2.3474619388580322, 'learning_rate': 3.782230861445041e-06, 'epoch': 0.59}
{'loss': 0.7892, 'grad_norm': 2.363083600997925, 'learning_rate': 3.7802138934472064e-06, 'epoch': 0.59}
{'loss': 0.6806, 'grad_norm': 2.0897469520568848, 'learning_rate': 3.7781971364794968e-06, 'epoch': 0.59}
{'loss': 0.7837, 'grad_norm': 2.565277338027954, 'learning_rate': 3.77618059089082e-06, 'epoch': 0.59}
{'loss': 0.7495, 'grad_norm': 2.436814069747925, 'learning_rate': 3.7741642570300524e-06, 'epoch': 0.59}
{'loss': 0.8423, 'grad_norm': 3.234614133834839, 'learning_rate': 3.772148135246029e-06, 'epoch': 0.59}
{'loss': 0.6469, 'grad_norm': 2.18782901763916, 'learning_rate': 3.7701322258875512e-06, 'epoch': 0.59}
{'loss': 0.8602, 'grad_norm': 2.5170845985412598, 'learning_rate': 3.768116529303385e-06, 'epoch': 0.59}
{'loss': 0.8643, 'grad_norm': 2.54084849357605, 'learning_rate': 3.766101045842256e-06, 'epoch': 0.59}
{'loss': 0.8245, 'grad_norm': 2.4052069187164307, 'learning_rate': 3.7640857758528566e-06, 'epoch': 0.59}
{'loss': 0.6559, 'grad_norm': 2.3142998218536377, 'learning_rate': 3.7620707196838374e-06, 'epoch': 0.59}
{'loss': 0.9648, 'grad_norm': 2.7828562259674072, 'learning_rate': 3.7600558776838158e-06, 'epoch': 0.59}
{'loss': 0.872, 'grad_norm': 2.732116937637329, 'learning_rate': 3.7580412502013725e-06, 'epoch': 0.59}
{'loss': 0.8473, 'grad_norm': 2.8160343170166016, 'learning_rate': 3.75602683758505e-06, 'epoch': 0.59}
{'loss': 0.8012, 'grad_norm': 2.728536367416382, 'learning_rate': 3.7540126401833514e-06, 'epoch': 0.59}
{'loss': 0.6474, 'grad_norm': 2.5102713108062744, 'learning_rate': 3.7519986583447448e-06, 'epoch': 0.59}
{'loss': 0.8905, 'grad_norm': 3.1876394748687744, 'learning_rate': 3.749984892417663e-06, 'epoch': 0.59}
{'loss': 0.8516, 'grad_norm': 2.577937126159668, 'learning_rate': 3.747971342750498e-06, 'epoch': 0.59}
{'loss': 0.8075, 'grad_norm': 2.7543399333953857, 'learning_rate': 3.745958009691606e-06, 'epoch': 0.59}
{'loss': 1.0837, 'grad_norm': 2.7122111320495605, 'learning_rate': 3.7439448935893045e-06, 'epoch': 0.59}
{'loss': 0.7584, 'grad_norm': 2.573164463043213, 'learning_rate': 3.741931994791874e-06, 'epoch': 0.59}
{'loss': 0.812, 'grad_norm': 2.6661736965179443, 'learning_rate': 3.7399193136475597e-06, 'epoch': 0.59}
{'loss': 0.8234, 'grad_norm': 2.5314807891845703, 'learning_rate': 3.7379068505045664e-06, 'epoch': 0.59}
{'loss': 0.8529, 'grad_norm': 2.5665576457977295, 'learning_rate': 3.7358946057110625e-06, 'epoch': 0.59}
{'loss': 0.6902, 'grad_norm': 2.29520845413208, 'learning_rate': 3.733882579615175e-06, 'epoch': 0.59}
{'loss': 0.8868, 'grad_norm': 2.7037200927734375, 'learning_rate': 3.731870772565e-06, 'epoch': 0.59}
{'loss': 0.6544, 'grad_norm': 2.0673320293426514, 'learning_rate': 3.72985918490859e-06, 'epoch': 0.59}
{'loss': 0.9297, 'grad_norm': 2.6721150875091553, 'learning_rate': 3.7278478169939634e-06, 'epoch': 0.59}
{'loss': 0.818, 'grad_norm': 2.4978814125061035, 'learning_rate': 3.7258366691690956e-06, 'epoch': 0.59}
{'loss': 0.9157, 'grad_norm': 2.592099905014038, 'learning_rate': 3.723825741781927e-06, 'epoch': 0.59}
{'loss': 0.7681, 'grad_norm': 2.431248903274536, 'learning_rate': 3.7218150351803626e-06, 'epoch': 0.59}
{'loss': 0.8305, 'grad_norm': 2.6288673877716064, 'learning_rate': 3.7198045497122647e-06, 'epoch': 0.59}
{'loss': 0.9016, 'grad_norm': 2.697373628616333, 'learning_rate': 3.7177942857254606e-06, 'epoch': 0.6}
{'loss': 0.9691, 'grad_norm': 2.7035675048828125, 'learning_rate': 3.7157842435677338e-06, 'epoch': 0.6}
{'loss': 0.8631, 'grad_norm': 2.534247636795044, 'learning_rate': 3.713774423586837e-06, 'epoch': 0.6}
{'loss': 0.7966, 'grad_norm': 2.418991804122925, 'learning_rate': 3.71176482613048e-06, 'epoch': 0.6}
{'loss': 1.0285, 'grad_norm': 2.792055606842041, 'learning_rate': 3.7097554515463336e-06, 'epoch': 0.6}
{'loss': 0.8051, 'grad_norm': 2.419574737548828, 'learning_rate': 3.7077463001820353e-06, 'epoch': 0.6}
{'loss': 0.8409, 'grad_norm': 2.5018513202667236, 'learning_rate': 3.7057373723851742e-06, 'epoch': 0.6}
{'loss': 0.921, 'grad_norm': 2.747684955596924, 'learning_rate': 3.7037286685033104e-06, 'epoch': 0.6}
{'loss': 0.7987, 'grad_norm': 2.5857656002044678, 'learning_rate': 3.7017201888839594e-06, 'epoch': 0.6}
{'loss': 0.9546, 'grad_norm': 2.610307455062866, 'learning_rate': 3.699711933874601e-06, 'epoch': 0.6}
{'loss': 0.8961, 'grad_norm': 2.7215914726257324, 'learning_rate': 3.6977039038226774e-06, 'epoch': 0.6}
{'loss': 0.877, 'grad_norm': 2.4721598625183105, 'learning_rate': 3.6956960990755845e-06, 'epoch': 0.6}
{'loss': 0.7035, 'grad_norm': 2.283937931060791, 'learning_rate': 3.693688519980688e-06, 'epoch': 0.6}
{'loss': 0.6188, 'grad_norm': 2.265124797821045, 'learning_rate': 3.691681166885308e-06, 'epoch': 0.6}
{'loss': 0.7386, 'grad_norm': 2.4372475147247314, 'learning_rate': 3.689674040136734e-06, 'epoch': 0.6}
{'loss': 0.6939, 'grad_norm': 2.4044578075408936, 'learning_rate': 3.687667140082203e-06, 'epoch': 0.6}
{'loss': 0.917, 'grad_norm': 2.918830394744873, 'learning_rate': 3.6856604670689243e-06, 'epoch': 0.6}
{'loss': 0.807, 'grad_norm': 2.260019302368164, 'learning_rate': 3.6836540214440654e-06, 'epoch': 0.6}
{'loss': 0.7949, 'grad_norm': 2.3344790935516357, 'learning_rate': 3.6816478035547493e-06, 'epoch': 0.6}
{'loss': 0.9685, 'grad_norm': 2.604879379272461, 'learning_rate': 3.6796418137480693e-06, 'epoch': 0.6}
{'loss': 0.8627, 'grad_norm': 2.288602828979492, 'learning_rate': 3.677636052371066e-06, 'epoch': 0.6}
{'loss': 0.9976, 'grad_norm': 3.1942949295043945, 'learning_rate': 3.6756305197707533e-06, 'epoch': 0.6}
{'loss': 1.1031, 'grad_norm': 2.8388545513153076, 'learning_rate': 3.673625216294098e-06, 'epoch': 0.6}
{'loss': 0.8162, 'grad_norm': 2.368267774581909, 'learning_rate': 3.6716201422880286e-06, 'epoch': 0.6}
{'loss': 0.9091, 'grad_norm': 2.722355365753174, 'learning_rate': 3.669615298099438e-06, 'epoch': 0.6}
{'loss': 0.9602, 'grad_norm': 3.0738561153411865, 'learning_rate': 3.6676106840751725e-06, 'epoch': 0.6}
{'loss': 0.9246, 'grad_norm': 2.6092886924743652, 'learning_rate': 3.665606300562043e-06, 'epoch': 0.6}
{'loss': 0.7429, 'grad_norm': 2.3960227966308594, 'learning_rate': 3.6636021479068185e-06, 'epoch': 0.6}
{'loss': 0.8564, 'grad_norm': 2.5879809856414795, 'learning_rate': 3.6615982264562335e-06, 'epoch': 0.6}
{'loss': 0.7278, 'grad_norm': 2.3044912815093994, 'learning_rate': 3.6595945365569718e-06, 'epoch': 0.6}
{'loss': 0.7655, 'grad_norm': 2.342474937438965, 'learning_rate': 3.657591078555688e-06, 'epoch': 0.6}
{'loss': 1.0014, 'grad_norm': 2.678133010864258, 'learning_rate': 3.6555878527989903e-06, 'epoch': 0.6}
{'loss': 0.7248, 'grad_norm': 2.3923654556274414, 'learning_rate': 3.653584859633448e-06, 'epoch': 0.6}
{'loss': 1.0315, 'grad_norm': 2.754275321960449, 'learning_rate': 3.6515820994055927e-06, 'epoch': 0.6}
{'loss': 0.7293, 'grad_norm': 2.4581193923950195, 'learning_rate': 3.6495795724619122e-06, 'epoch': 0.6}
{'loss': 0.846, 'grad_norm': 2.2911956310272217, 'learning_rate': 3.647577279148855e-06, 'epoch': 0.6}
{'loss': 0.6253, 'grad_norm': 2.4211790561676025, 'learning_rate': 3.645575219812829e-06, 'epoch': 0.6}
{'loss': 0.9574, 'grad_norm': 2.812288761138916, 'learning_rate': 3.643573394800205e-06, 'epoch': 0.6}
{'loss': 0.6839, 'grad_norm': 2.4780173301696777, 'learning_rate': 3.641571804457309e-06, 'epoch': 0.6}
{'loss': 0.7958, 'grad_norm': 2.272644281387329, 'learning_rate': 3.6395704491304263e-06, 'epoch': 0.6}
{'loss': 0.7489, 'grad_norm': 2.2806925773620605, 'learning_rate': 3.6375693291658043e-06, 'epoch': 0.6}
{'loss': 0.7692, 'grad_norm': 2.719644784927368, 'learning_rate': 3.635568444909647e-06, 'epoch': 0.6}
{'loss': 0.9094, 'grad_norm': 2.354152202606201, 'learning_rate': 3.633567796708124e-06, 'epoch': 0.6}
{'loss': 0.7852, 'grad_norm': 2.603280782699585, 'learning_rate': 3.631567384907353e-06, 'epoch': 0.6}
{'loss': 1.0303, 'grad_norm': 2.8007004261016846, 'learning_rate': 3.6295672098534195e-06, 'epoch': 0.6}
{'loss': 1.0241, 'grad_norm': 2.6068546772003174, 'learning_rate': 3.627567271892365e-06, 'epoch': 0.6}
{'loss': 0.6593, 'grad_norm': 1.994779109954834, 'learning_rate': 3.625567571370192e-06, 'epoch': 0.6}
{'loss': 0.8278, 'grad_norm': 2.8149218559265137, 'learning_rate': 3.62356810863286e-06, 'epoch': 0.6}
{'loss': 1.1968, 'grad_norm': 2.631082773208618, 'learning_rate': 3.6215688840262864e-06, 'epoch': 0.6}
{'loss': 0.7861, 'grad_norm': 2.7916650772094727, 'learning_rate': 3.619569897896349e-06, 'epoch': 0.6}
{'loss': 0.9492, 'grad_norm': 2.667558193206787, 'learning_rate': 3.617571150588883e-06, 'epoch': 0.6}
{'loss': 0.7522, 'grad_norm': 2.3198940753936768, 'learning_rate': 3.6155726424496862e-06, 'epoch': 0.6}
{'loss': 0.9315, 'grad_norm': 2.638688087463379, 'learning_rate': 3.613574373824512e-06, 'epoch': 0.6}
{'loss': 0.8201, 'grad_norm': 2.584414005279541, 'learning_rate': 3.6115763450590703e-06, 'epoch': 0.6}
{'loss': 0.8036, 'grad_norm': 2.4390954971313477, 'learning_rate': 3.6095785564990323e-06, 'epoch': 0.6}
{'loss': 0.7444, 'grad_norm': 1.953729271888733, 'learning_rate': 3.6075810084900265e-06, 'epoch': 0.6}
{'loss': 0.7737, 'grad_norm': 2.317416191101074, 'learning_rate': 3.6055837013776428e-06, 'epoch': 0.6}
{'loss': 0.8292, 'grad_norm': 2.428758144378662, 'learning_rate': 3.6035866355074265e-06, 'epoch': 0.6}
{'loss': 0.8877, 'grad_norm': 2.6152334213256836, 'learning_rate': 3.6015898112248804e-06, 'epoch': 0.6}
{'loss': 0.7943, 'grad_norm': 2.456542491912842, 'learning_rate': 3.5995932288754655e-06, 'epoch': 0.6}
{'loss': 0.8846, 'grad_norm': 2.6308677196502686, 'learning_rate': 3.5975968888046053e-06, 'epoch': 0.6}
{'loss': 0.7346, 'grad_norm': 2.564011573791504, 'learning_rate': 3.5956007913576774e-06, 'epoch': 0.6}
{'loss': 0.8934, 'grad_norm': 2.5600199699401855, 'learning_rate': 3.5936049368800167e-06, 'epoch': 0.6}
{'loss': 0.8254, 'grad_norm': 2.7113239765167236, 'learning_rate': 3.5916093257169193e-06, 'epoch': 0.6}
{'loss': 0.9261, 'grad_norm': 2.5546035766601562, 'learning_rate': 3.5896139582136356e-06, 'epoch': 0.6}
{'loss': 0.7571, 'grad_norm': 2.818807601928711, 'learning_rate': 3.587618834715379e-06, 'epoch': 0.6}
{'loss': 0.8345, 'grad_norm': 2.3828091621398926, 'learning_rate': 3.5856239555673166e-06, 'epoch': 0.6}
{'loss': 1.0539, 'grad_norm': 2.7970216274261475, 'learning_rate': 3.5836293211145725e-06, 'epoch': 0.6}
{'loss': 1.0295, 'grad_norm': 2.982339859008789, 'learning_rate': 3.581634931702229e-06, 'epoch': 0.6}
{'loss': 0.8288, 'grad_norm': 1.8014588356018066, 'learning_rate': 3.5796407876753307e-06, 'epoch': 0.6}
{'loss': 0.8907, 'grad_norm': 2.531256675720215, 'learning_rate': 3.5776468893788753e-06, 'epoch': 0.6}
{'loss': 0.7369, 'grad_norm': 2.5269830226898193, 'learning_rate': 3.575653237157818e-06, 'epoch': 0.6}
{'loss': 0.8711, 'grad_norm': 2.5975098609924316, 'learning_rate': 3.5736598313570725e-06, 'epoch': 0.6}
{'loss': 0.7695, 'grad_norm': 2.4709627628326416, 'learning_rate': 3.5716666723215077e-06, 'epoch': 0.6}
{'loss': 0.776, 'grad_norm': 2.718327522277832, 'learning_rate': 3.569673760395955e-06, 'epoch': 0.6}
{'loss': 0.8522, 'grad_norm': 2.505415439605713, 'learning_rate': 3.5676810959251996e-06, 'epoch': 0.6}
{'loss': 0.7723, 'grad_norm': 2.4922056198120117, 'learning_rate': 3.5656886792539813e-06, 'epoch': 0.6}
{'loss': 0.871, 'grad_norm': 2.5543429851531982, 'learning_rate': 3.5636965107270005e-06, 'epoch': 0.6}
{'loss': 0.8118, 'grad_norm': 2.4062387943267822, 'learning_rate': 3.561704590688917e-06, 'epoch': 0.61}
{'loss': 0.8984, 'grad_norm': 2.5115580558776855, 'learning_rate': 3.5597129194843414e-06, 'epoch': 0.61}
{'loss': 0.8379, 'grad_norm': 2.6732730865478516, 'learning_rate': 3.5577214974578465e-06, 'epoch': 0.61}
{'loss': 0.6264, 'grad_norm': 2.187269449234009, 'learning_rate': 3.5557303249539586e-06, 'epoch': 0.61}
{'loss': 0.7171, 'grad_norm': 1.7161957025527954, 'learning_rate': 3.553739402317162e-06, 'epoch': 0.61}
{'loss': 0.998, 'grad_norm': 2.6199183464050293, 'learning_rate': 3.5517487298918997e-06, 'epoch': 0.61}
{'loss': 1.0579, 'grad_norm': 2.820963144302368, 'learning_rate': 3.5497583080225673e-06, 'epoch': 0.61}
{'loss': 1.0126, 'grad_norm': 2.619173526763916, 'learning_rate': 3.547768137053523e-06, 'epoch': 0.61}
{'loss': 0.8156, 'grad_norm': 2.7065823078155518, 'learning_rate': 3.545778217329073e-06, 'epoch': 0.61}
{'loss': 0.7085, 'grad_norm': 2.343031883239746, 'learning_rate': 3.5437885491934887e-06, 'epoch': 0.61}
{'loss': 0.8061, 'grad_norm': 2.6681272983551025, 'learning_rate': 3.541799132990993e-06, 'epoch': 0.61}
{'loss': 0.7319, 'grad_norm': 2.3151211738586426, 'learning_rate': 3.539809969065766e-06, 'epoch': 0.61}
{'loss': 0.8195, 'grad_norm': 2.4988746643066406, 'learning_rate': 3.5378210577619488e-06, 'epoch': 0.61}
{'loss': 0.8056, 'grad_norm': 2.6160776615142822, 'learning_rate': 3.5358323994236287e-06, 'epoch': 0.61}
{'loss': 1.07, 'grad_norm': 2.7402122020721436, 'learning_rate': 3.5338439943948585e-06, 'epoch': 0.61}
{'loss': 0.9132, 'grad_norm': 2.489400625228882, 'learning_rate': 3.5318558430196427e-06, 'epoch': 0.61}
{'loss': 0.9067, 'grad_norm': 2.7276291847229004, 'learning_rate': 3.5298679456419455e-06, 'epoch': 0.61}
{'loss': 0.8331, 'grad_norm': 2.528040885925293, 'learning_rate': 3.527880302605682e-06, 'epoch': 0.61}
{'loss': 0.8337, 'grad_norm': 2.680272102355957, 'learning_rate': 3.5258929142547256e-06, 'epoch': 0.61}
{'loss': 0.7996, 'grad_norm': 2.4077653884887695, 'learning_rate': 3.523905780932908e-06, 'epoch': 0.61}
{'loss': 0.9705, 'grad_norm': 2.751160144805908, 'learning_rate': 3.521918902984014e-06, 'epoch': 0.61}
{'loss': 0.7544, 'grad_norm': 2.5272276401519775, 'learning_rate': 3.519932280751789e-06, 'epoch': 0.61}
{'loss': 0.8306, 'grad_norm': 2.929643392562866, 'learning_rate': 3.5179459145799234e-06, 'epoch': 0.61}
{'loss': 0.8524, 'grad_norm': 2.367979049682617, 'learning_rate': 3.5159598048120735e-06, 'epoch': 0.61}
{'loss': 0.8377, 'grad_norm': 3.042597770690918, 'learning_rate': 3.5139739517918494e-06, 'epoch': 0.61}
{'loss': 0.7661, 'grad_norm': 2.38968563079834, 'learning_rate': 3.5119883558628117e-06, 'epoch': 0.61}
{'loss': 0.9715, 'grad_norm': 2.776583433151245, 'learning_rate': 3.5100030173684853e-06, 'epoch': 0.61}
{'loss': 1.042, 'grad_norm': 2.727484703063965, 'learning_rate': 3.5080179366523394e-06, 'epoch': 0.61}
{'loss': 1.133, 'grad_norm': 3.0754034519195557, 'learning_rate': 3.506033114057808e-06, 'epoch': 0.61}
{'loss': 0.7883, 'grad_norm': 2.6480512619018555, 'learning_rate': 3.5040485499282766e-06, 'epoch': 0.61}
{'loss': 0.925, 'grad_norm': 2.5746943950653076, 'learning_rate': 3.5020642446070874e-06, 'epoch': 0.61}
{'loss': 0.7655, 'grad_norm': 2.4173779487609863, 'learning_rate': 3.5000801984375333e-06, 'epoch': 0.61}
{'loss': 0.9688, 'grad_norm': 2.365488052368164, 'learning_rate': 3.498096411762869e-06, 'epoch': 0.61}
{'loss': 0.7104, 'grad_norm': 2.3471226692199707, 'learning_rate': 3.4961128849263004e-06, 'epoch': 0.61}
{'loss': 0.9821, 'grad_norm': 2.757603168487549, 'learning_rate': 3.494129618270988e-06, 'epoch': 0.61}
{'loss': 0.8527, 'grad_norm': 2.40769100189209, 'learning_rate': 3.4921466121400536e-06, 'epoch': 0.61}
{'loss': 0.768, 'grad_norm': 2.493014097213745, 'learning_rate': 3.4901638668765614e-06, 'epoch': 0.61}
{'loss': 1.1045, 'grad_norm': 2.858914613723755, 'learning_rate': 3.488181382823542e-06, 'epoch': 0.61}
{'loss': 0.8585, 'grad_norm': 2.7311036586761475, 'learning_rate': 3.486199160323977e-06, 'epoch': 0.61}
{'loss': 0.8557, 'grad_norm': 2.5663492679595947, 'learning_rate': 3.4842171997208003e-06, 'epoch': 0.61}
{'loss': 0.7349, 'grad_norm': 2.357694387435913, 'learning_rate': 3.482235501356906e-06, 'epoch': 0.61}
{'loss': 0.5793, 'grad_norm': 2.3151369094848633, 'learning_rate': 3.480254065575136e-06, 'epoch': 0.61}
{'loss': 0.8507, 'grad_norm': 2.3795406818389893, 'learning_rate': 3.4782728927182926e-06, 'epoch': 0.61}
{'loss': 0.8102, 'grad_norm': 2.3697774410247803, 'learning_rate': 3.4762919831291275e-06, 'epoch': 0.61}
{'loss': 0.7439, 'grad_norm': 2.8286898136138916, 'learning_rate': 3.474311337150356e-06, 'epoch': 0.61}
{'loss': 0.9502, 'grad_norm': 2.6610138416290283, 'learning_rate': 3.4723309551246328e-06, 'epoch': 0.61}
{'loss': 0.82, 'grad_norm': 2.379425048828125, 'learning_rate': 3.470350837394581e-06, 'epoch': 0.61}
{'loss': 0.8278, 'grad_norm': 2.483678102493286, 'learning_rate': 3.4683709843027714e-06, 'epoch': 0.61}
{'loss': 0.7895, 'grad_norm': 2.633103847503662, 'learning_rate': 3.466391396191729e-06, 'epoch': 0.61}
{'loss': 0.854, 'grad_norm': 3.016547441482544, 'learning_rate': 3.4644120734039385e-06, 'epoch': 0.61}
{'loss': 0.855, 'grad_norm': 2.534377098083496, 'learning_rate': 3.4624330162818278e-06, 'epoch': 0.61}
{'loss': 0.8953, 'grad_norm': 2.7374823093414307, 'learning_rate': 3.460454225167789e-06, 'epoch': 0.61}
{'loss': 0.817, 'grad_norm': 2.4490599632263184, 'learning_rate': 3.4584757004041634e-06, 'epoch': 0.61}
{'loss': 0.7176, 'grad_norm': 2.417173147201538, 'learning_rate': 3.456497442333249e-06, 'epoch': 0.61}
{'loss': 0.8424, 'grad_norm': 2.639193534851074, 'learning_rate': 3.4545194512972963e-06, 'epoch': 0.61}
{'loss': 0.9018, 'grad_norm': 2.432915210723877, 'learning_rate': 3.4525417276385064e-06, 'epoch': 0.61}
{'loss': 0.9115, 'grad_norm': 2.5401771068573, 'learning_rate': 3.4505642716990395e-06, 'epoch': 0.61}
{'loss': 0.9156, 'grad_norm': 2.6502647399902344, 'learning_rate': 3.4485870838210046e-06, 'epoch': 0.61}
{'loss': 0.8219, 'grad_norm': 2.6210825443267822, 'learning_rate': 3.446610164346469e-06, 'epoch': 0.61}
{'loss': 0.7885, 'grad_norm': 2.5567452907562256, 'learning_rate': 3.4446335136174526e-06, 'epoch': 0.61}
{'loss': 0.956, 'grad_norm': 3.046959638595581, 'learning_rate': 3.442657131975924e-06, 'epoch': 0.61}
{'loss': 0.8666, 'grad_norm': 2.5591232776641846, 'learning_rate': 3.4406810197638096e-06, 'epoch': 0.61}
{'loss': 0.9215, 'grad_norm': 2.5886478424072266, 'learning_rate': 3.438705177322989e-06, 'epoch': 0.61}
{'loss': 0.7888, 'grad_norm': 2.800797939300537, 'learning_rate': 3.436729604995297e-06, 'epoch': 0.61}
{'loss': 0.8465, 'grad_norm': 2.8445067405700684, 'learning_rate': 3.434754303122515e-06, 'epoch': 0.61}
{'loss': 0.789, 'grad_norm': 2.2884151935577393, 'learning_rate': 3.4327792720463837e-06, 'epoch': 0.61}
{'loss': 0.8245, 'grad_norm': 2.595963954925537, 'learning_rate': 3.430804512108593e-06, 'epoch': 0.61}
{'loss': 0.8575, 'grad_norm': 2.714682102203369, 'learning_rate': 3.428830023650792e-06, 'epoch': 0.61}
{'loss': 0.7554, 'grad_norm': 2.7193548679351807, 'learning_rate': 3.4268558070145775e-06, 'epoch': 0.61}
{'loss': 0.9877, 'grad_norm': 2.543013334274292, 'learning_rate': 3.4248818625414977e-06, 'epoch': 0.61}
{'loss': 0.7355, 'grad_norm': 1.8901782035827637, 'learning_rate': 3.4229081905730586e-06, 'epoch': 0.61}
{'loss': 0.9438, 'grad_norm': 2.657444477081299, 'learning_rate': 3.4209347914507154e-06, 'epoch': 0.61}
{'loss': 0.8645, 'grad_norm': 2.6981828212738037, 'learning_rate': 3.4189616655158803e-06, 'epoch': 0.61}
{'loss': 0.9399, 'grad_norm': 2.7958781719207764, 'learning_rate': 3.416988813109915e-06, 'epoch': 0.61}
{'loss': 0.7706, 'grad_norm': 2.2863576412200928, 'learning_rate': 3.4150162345741335e-06, 'epoch': 0.61}
{'loss': 0.7482, 'grad_norm': 2.510521650314331, 'learning_rate': 3.413043930249802e-06, 'epoch': 0.61}
{'loss': 0.6785, 'grad_norm': 2.280931234359741, 'learning_rate': 3.4110719004781433e-06, 'epoch': 0.61}
{'loss': 0.7813, 'grad_norm': 2.4805965423583984, 'learning_rate': 3.4091001456003305e-06, 'epoch': 0.61}
{'loss': 0.8108, 'grad_norm': 2.5081405639648438, 'learning_rate': 3.4071286659574865e-06, 'epoch': 0.62}
{'loss': 0.7737, 'grad_norm': 2.3992316722869873, 'learning_rate': 3.4051574618906892e-06, 'epoch': 0.62}
{'loss': 0.7965, 'grad_norm': 2.605987787246704, 'learning_rate': 3.4031865337409675e-06, 'epoch': 0.62}
{'loss': 0.8399, 'grad_norm': 2.5569167137145996, 'learning_rate': 3.401215881849307e-06, 'epoch': 0.62}
{'loss': 0.7065, 'grad_norm': 2.422724723815918, 'learning_rate': 3.3992455065566397e-06, 'epoch': 0.62}
{'loss': 0.8475, 'grad_norm': 2.5702390670776367, 'learning_rate': 3.397275408203852e-06, 'epoch': 0.62}
{'loss': 0.7103, 'grad_norm': 2.282240867614746, 'learning_rate': 3.395305587131781e-06, 'epoch': 0.62}
{'loss': 0.8333, 'grad_norm': 2.617871046066284, 'learning_rate': 3.39333604368122e-06, 'epoch': 0.62}
{'loss': 0.957, 'grad_norm': 2.671692371368408, 'learning_rate': 3.3913667781929103e-06, 'epoch': 0.62}
{'loss': 0.875, 'grad_norm': 2.6603965759277344, 'learning_rate': 3.389397791007548e-06, 'epoch': 0.62}
{'loss': 0.7636, 'grad_norm': 2.555692195892334, 'learning_rate': 3.3874290824657764e-06, 'epoch': 0.62}
{'loss': 0.8301, 'grad_norm': 2.4964003562927246, 'learning_rate': 3.385460652908194e-06, 'epoch': 0.62}
{'loss': 1.0345, 'grad_norm': 2.75667142868042, 'learning_rate': 3.383492502675353e-06, 'epoch': 0.62}
{'loss': 0.7039, 'grad_norm': 2.533475399017334, 'learning_rate': 3.3815246321077533e-06, 'epoch': 0.62}
{'loss': 0.7186, 'grad_norm': 2.3449277877807617, 'learning_rate': 3.3795570415458485e-06, 'epoch': 0.62}
{'loss': 0.8009, 'grad_norm': 2.7217235565185547, 'learning_rate': 3.377589731330042e-06, 'epoch': 0.62}
{'loss': 0.7315, 'grad_norm': 2.414449453353882, 'learning_rate': 3.3756227018006905e-06, 'epoch': 0.62}
{'loss': 0.9346, 'grad_norm': 2.723529577255249, 'learning_rate': 3.373655953298103e-06, 'epoch': 0.62}
{'loss': 0.9244, 'grad_norm': 2.488553524017334, 'learning_rate': 3.371689486162538e-06, 'epoch': 0.62}
{'loss': 0.9727, 'grad_norm': 2.639021873474121, 'learning_rate': 3.3697233007342047e-06, 'epoch': 0.62}
{'loss': 0.8082, 'grad_norm': 2.6251745223999023, 'learning_rate': 3.367757397353264e-06, 'epoch': 0.62}
{'loss': 0.9794, 'grad_norm': 2.650071144104004, 'learning_rate': 3.3657917763598313e-06, 'epoch': 0.62}
{'loss': 0.703, 'grad_norm': 2.263540029525757, 'learning_rate': 3.363826438093969e-06, 'epoch': 0.62}
{'loss': 0.9768, 'grad_norm': 2.5312013626098633, 'learning_rate': 3.361861382895693e-06, 'epoch': 0.62}
{'loss': 0.7566, 'grad_norm': 2.326533555984497, 'learning_rate': 3.359896611104968e-06, 'epoch': 0.62}
{'loss': 0.7165, 'grad_norm': 2.4615869522094727, 'learning_rate': 3.35793212306171e-06, 'epoch': 0.62}
{'loss': 0.7925, 'grad_norm': 2.4439804553985596, 'learning_rate': 3.3559679191057905e-06, 'epoch': 0.62}
{'loss': 0.954, 'grad_norm': 2.593724012374878, 'learning_rate': 3.3540039995770253e-06, 'epoch': 0.62}
{'loss': 0.791, 'grad_norm': 2.5419461727142334, 'learning_rate': 3.352040364815186e-06, 'epoch': 0.62}
{'loss': 0.8902, 'grad_norm': 2.8178656101226807, 'learning_rate': 3.35007701515999e-06, 'epoch': 0.62}
{'loss': 0.7963, 'grad_norm': 2.4915943145751953, 'learning_rate': 3.3481139509511114e-06, 'epoch': 0.62}
{'loss': 0.6817, 'grad_norm': 2.277045965194702, 'learning_rate': 3.3461511725281705e-06, 'epoch': 0.62}
{'loss': 0.7226, 'grad_norm': 2.175969362258911, 'learning_rate': 3.3441886802307395e-06, 'epoch': 0.62}
{'loss': 0.7172, 'grad_norm': 2.4118969440460205, 'learning_rate': 3.34222647439834e-06, 'epoch': 0.62}
{'loss': 0.9001, 'grad_norm': 2.589949369430542, 'learning_rate': 3.3402645553704455e-06, 'epoch': 0.62}
{'loss': 0.7825, 'grad_norm': 2.745581865310669, 'learning_rate': 3.3383029234864807e-06, 'epoch': 0.62}
{'loss': 1.0395, 'grad_norm': 2.810905933380127, 'learning_rate': 3.3363415790858187e-06, 'epoch': 0.62}
{'loss': 0.8953, 'grad_norm': 2.716071844100952, 'learning_rate': 3.334380522507784e-06, 'epoch': 0.62}
{'loss': 0.8793, 'grad_norm': 2.4915997982025146, 'learning_rate': 3.3324197540916493e-06, 'epoch': 0.62}
{'loss': 0.8099, 'grad_norm': 2.533299684524536, 'learning_rate': 3.3304592741766402e-06, 'epoch': 0.62}
{'loss': 0.7397, 'grad_norm': 2.3539299964904785, 'learning_rate': 3.3284990831019317e-06, 'epoch': 0.62}
{'loss': 0.7834, 'grad_norm': 2.5154013633728027, 'learning_rate': 3.326539181206645e-06, 'epoch': 0.62}
{'loss': 0.8693, 'grad_norm': 2.5887818336486816, 'learning_rate': 3.3245795688298614e-06, 'epoch': 0.62}
{'loss': 0.831, 'grad_norm': 2.516108989715576, 'learning_rate': 3.322620246310598e-06, 'epoch': 0.62}
{'loss': 0.8353, 'grad_norm': 2.472165584564209, 'learning_rate': 3.3206612139878323e-06, 'epoch': 0.62}
{'loss': 0.968, 'grad_norm': 2.6256539821624756, 'learning_rate': 3.318702472200489e-06, 'epoch': 0.62}
{'loss': 0.9688, 'grad_norm': 2.6258556842803955, 'learning_rate': 3.3167440212874413e-06, 'epoch': 0.62}
{'loss': 0.9612, 'grad_norm': 2.758000612258911, 'learning_rate': 3.3147858615875112e-06, 'epoch': 0.62}
{'loss': 0.7746, 'grad_norm': 2.6081690788269043, 'learning_rate': 3.3128279934394734e-06, 'epoch': 0.62}
{'loss': 1.1686, 'grad_norm': 3.030263900756836, 'learning_rate': 3.31087041718205e-06, 'epoch': 0.62}
{'loss': 0.9026, 'grad_norm': 2.6880252361297607, 'learning_rate': 3.308913133153912e-06, 'epoch': 0.62}
{'loss': 0.8032, 'grad_norm': 2.627849578857422, 'learning_rate': 3.3069561416936856e-06, 'epoch': 0.62}
{'loss': 0.771, 'grad_norm': 2.395528793334961, 'learning_rate': 3.3049994431399344e-06, 'epoch': 0.62}
{'loss': 0.9983, 'grad_norm': 2.8922908306121826, 'learning_rate': 3.3030430378311847e-06, 'epoch': 0.62}
{'loss': 0.7199, 'grad_norm': 2.5768699645996094, 'learning_rate': 3.301086926105903e-06, 'epoch': 0.62}
{'loss': 0.7413, 'grad_norm': 2.2955455780029297, 'learning_rate': 3.299131108302509e-06, 'epoch': 0.62}
{'loss': 0.7254, 'grad_norm': 2.3110246658325195, 'learning_rate': 3.297175584759373e-06, 'epoch': 0.62}
{'loss': 0.6796, 'grad_norm': 2.4182791709899902, 'learning_rate': 3.295220355814807e-06, 'epoch': 0.62}
{'loss': 0.9577, 'grad_norm': 2.6051669120788574, 'learning_rate': 3.2932654218070794e-06, 'epoch': 0.62}
{'loss': 0.7845, 'grad_norm': 2.6136820316314697, 'learning_rate': 3.291310783074405e-06, 'epoch': 0.62}
{'loss': 0.7908, 'grad_norm': 2.496716260910034, 'learning_rate': 3.2893564399549516e-06, 'epoch': 0.62}
{'loss': 0.8954, 'grad_norm': 2.469599723815918, 'learning_rate': 3.2874023927868253e-06, 'epoch': 0.62}
{'loss': 0.8206, 'grad_norm': 2.802595853805542, 'learning_rate': 3.2854486419080922e-06, 'epoch': 0.62}
{'loss': 0.7322, 'grad_norm': 2.467946767807007, 'learning_rate': 3.283495187656761e-06, 'epoch': 0.62}
{'loss': 0.7696, 'grad_norm': 2.6838889122009277, 'learning_rate': 3.28154203037079e-06, 'epoch': 0.62}
{'loss': 1.1658, 'grad_norm': 3.093254804611206, 'learning_rate': 3.2795891703880912e-06, 'epoch': 0.62}
{'loss': 0.864, 'grad_norm': 2.51879620552063, 'learning_rate': 3.277636608046514e-06, 'epoch': 0.62}
{'loss': 0.9626, 'grad_norm': 2.654554605484009, 'learning_rate': 3.275684343683867e-06, 'epoch': 0.62}
{'loss': 0.7071, 'grad_norm': 2.341916561126709, 'learning_rate': 3.2737323776379036e-06, 'epoch': 0.62}
{'loss': 0.8119, 'grad_norm': 2.678497791290283, 'learning_rate': 3.2717807102463234e-06, 'epoch': 0.62}
{'loss': 1.0813, 'grad_norm': 2.9258763790130615, 'learning_rate': 3.2698293418467797e-06, 'epoch': 0.62}
{'loss': 1.0147, 'grad_norm': 2.620365619659424, 'learning_rate': 3.267878272776867e-06, 'epoch': 0.62}
{'loss': 0.8238, 'grad_norm': 2.560906171798706, 'learning_rate': 3.2659275033741335e-06, 'epoch': 0.62}
{'loss': 0.8318, 'grad_norm': 2.5395596027374268, 'learning_rate': 3.2639770339760717e-06, 'epoch': 0.62}
{'loss': 0.6016, 'grad_norm': 2.0903923511505127, 'learning_rate': 3.262026864920127e-06, 'epoch': 0.62}
{'loss': 0.9344, 'grad_norm': 2.6938316822052, 'learning_rate': 3.2600769965436896e-06, 'epoch': 0.62}
{'loss': 0.8469, 'grad_norm': 2.758430242538452, 'learning_rate': 3.258127429184097e-06, 'epoch': 0.62}
{'loss': 0.7124, 'grad_norm': 2.5479278564453125, 'learning_rate': 3.256178163178635e-06, 'epoch': 0.63}
{'loss': 0.7235, 'grad_norm': 2.426027297973633, 'learning_rate': 3.2542291988645385e-06, 'epoch': 0.63}
{'loss': 0.7307, 'grad_norm': 2.55070424079895, 'learning_rate': 3.2522805365789922e-06, 'epoch': 0.63}
{'loss': 1.0054, 'grad_norm': 2.628666877746582, 'learning_rate': 3.250332176659123e-06, 'epoch': 0.63}
{'loss': 0.7232, 'grad_norm': 2.353963613510132, 'learning_rate': 3.248384119442011e-06, 'epoch': 0.63}
{'loss': 0.7449, 'grad_norm': 2.4793384075164795, 'learning_rate': 3.2464363652646775e-06, 'epoch': 0.63}
{'loss': 0.7824, 'grad_norm': 2.495685338973999, 'learning_rate': 3.244488914464099e-06, 'epoch': 0.63}
{'loss': 0.7692, 'grad_norm': 2.9984583854675293, 'learning_rate': 3.2425417673771963e-06, 'epoch': 0.63}
{'loss': 0.837, 'grad_norm': 2.70304799079895, 'learning_rate': 3.240594924340835e-06, 'epoch': 0.63}
{'loss': 0.7173, 'grad_norm': 2.3639440536499023, 'learning_rate': 3.2386483856918314e-06, 'epoch': 0.63}
{'loss': 0.7994, 'grad_norm': 2.673677682876587, 'learning_rate': 3.236702151766946e-06, 'epoch': 0.63}
{'loss': 0.6567, 'grad_norm': 2.2774605751037598, 'learning_rate': 3.2347562229028924e-06, 'epoch': 0.63}
{'loss': 0.8422, 'grad_norm': 2.316904067993164, 'learning_rate': 3.2328105994363255e-06, 'epoch': 0.63}
{'loss': 0.8982, 'grad_norm': 2.486128568649292, 'learning_rate': 3.23086528170385e-06, 'epoch': 0.63}
{'loss': 0.9875, 'grad_norm': 2.5867886543273926, 'learning_rate': 3.2289202700420147e-06, 'epoch': 0.63}
{'loss': 0.7852, 'grad_norm': 2.3962769508361816, 'learning_rate': 3.226975564787322e-06, 'epoch': 0.63}
{'loss': 0.899, 'grad_norm': 2.539336681365967, 'learning_rate': 3.2250311662762156e-06, 'epoch': 0.63}
{'loss': 0.7911, 'grad_norm': 2.0951344966888428, 'learning_rate': 3.223087074845088e-06, 'epoch': 0.63}
{'loss': 0.8293, 'grad_norm': 2.478909969329834, 'learning_rate': 3.2211432908302774e-06, 'epoch': 0.63}
{'loss': 0.9013, 'grad_norm': 2.537601947784424, 'learning_rate': 3.219199814568069e-06, 'epoch': 0.63}
{'loss': 0.8795, 'grad_norm': 2.6081106662750244, 'learning_rate': 3.2172566463946985e-06, 'epoch': 0.63}
{'loss': 0.8735, 'grad_norm': 2.5825536251068115, 'learning_rate': 3.2153137866463448e-06, 'epoch': 0.63}
{'loss': 0.8035, 'grad_norm': 2.4810781478881836, 'learning_rate': 3.2133712356591318e-06, 'epoch': 0.63}
{'loss': 0.9122, 'grad_norm': 2.722583055496216, 'learning_rate': 3.2114289937691338e-06, 'epoch': 0.63}
{'loss': 0.867, 'grad_norm': 2.369251012802124, 'learning_rate': 3.2094870613123687e-06, 'epoch': 0.63}
{'loss': 0.7127, 'grad_norm': 2.3708696365356445, 'learning_rate': 3.2075454386248038e-06, 'epoch': 0.63}
{'loss': 0.9188, 'grad_norm': 2.463770866394043, 'learning_rate': 3.205604126042351e-06, 'epoch': 0.63}
{'loss': 0.7315, 'grad_norm': 2.2861826419830322, 'learning_rate': 3.2036631239008675e-06, 'epoch': 0.63}
{'loss': 0.7325, 'grad_norm': 2.373081684112549, 'learning_rate': 3.2017224325361577e-06, 'epoch': 0.63}
{'loss': 0.8771, 'grad_norm': 2.5699477195739746, 'learning_rate': 3.199782052283975e-06, 'epoch': 0.63}
{'loss': 0.802, 'grad_norm': 2.6924383640289307, 'learning_rate': 3.1978419834800145e-06, 'epoch': 0.63}
{'loss': 0.6698, 'grad_norm': 2.457104206085205, 'learning_rate': 3.195902226459921e-06, 'epoch': 0.63}
{'loss': 0.6192, 'grad_norm': 2.159454822540283, 'learning_rate': 3.193962781559282e-06, 'epoch': 0.63}
{'loss': 1.0037, 'grad_norm': 2.5700783729553223, 'learning_rate': 3.1920236491136327e-06, 'epoch': 0.63}
{'loss': 0.906, 'grad_norm': 2.4746251106262207, 'learning_rate': 3.1900848294584554e-06, 'epoch': 0.63}
{'loss': 0.9984, 'grad_norm': 2.5635194778442383, 'learning_rate': 3.1881463229291788e-06, 'epoch': 0.63}
{'loss': 0.7857, 'grad_norm': 2.8826136589050293, 'learning_rate': 3.1862081298611723e-06, 'epoch': 0.63}
{'loss': 0.909, 'grad_norm': 2.5211312770843506, 'learning_rate': 3.184270250589756e-06, 'epoch': 0.63}
{'loss': 0.7063, 'grad_norm': 2.32185697555542, 'learning_rate': 3.1823326854501958e-06, 'epoch': 0.63}
{'loss': 0.786, 'grad_norm': 2.3350327014923096, 'learning_rate': 3.1803954347777006e-06, 'epoch': 0.63}
{'loss': 0.7264, 'grad_norm': 2.9053239822387695, 'learning_rate': 3.1784584989074274e-06, 'epoch': 0.63}
{'loss': 0.7464, 'grad_norm': 3.6984798908233643, 'learning_rate': 3.1765218781744743e-06, 'epoch': 0.63}
{'loss': 0.9021, 'grad_norm': 2.5796329975128174, 'learning_rate': 3.1745855729138895e-06, 'epoch': 0.63}
{'loss': 0.7082, 'grad_norm': 2.6031627655029297, 'learning_rate': 3.1726495834606672e-06, 'epoch': 0.63}
{'loss': 0.6947, 'grad_norm': 2.527384042739868, 'learning_rate': 3.170713910149743e-06, 'epoch': 0.63}
{'loss': 0.905, 'grad_norm': 2.375797748565674, 'learning_rate': 3.168778553316001e-06, 'epoch': 0.63}
{'loss': 0.7531, 'grad_norm': 2.383373737335205, 'learning_rate': 3.1668435132942653e-06, 'epoch': 0.63}
{'loss': 0.6625, 'grad_norm': 2.276883363723755, 'learning_rate': 3.1649087904193142e-06, 'epoch': 0.63}
{'loss': 0.7801, 'grad_norm': 2.3585712909698486, 'learning_rate': 3.162974385025863e-06, 'epoch': 0.63}
{'loss': 0.8227, 'grad_norm': 2.60152006149292, 'learning_rate': 3.1610402974485775e-06, 'epoch': 0.63}
{'loss': 0.7152, 'grad_norm': 2.4146406650543213, 'learning_rate': 3.1591065280220634e-06, 'epoch': 0.63}
{'loss': 0.8905, 'grad_norm': 2.8910937309265137, 'learning_rate': 3.1571730770808752e-06, 'epoch': 0.63}
{'loss': 0.6643, 'grad_norm': 2.403446912765503, 'learning_rate': 3.1552399449595112e-06, 'epoch': 0.63}
{'loss': 1.0347, 'grad_norm': 2.7582921981811523, 'learning_rate': 3.1533071319924152e-06, 'epoch': 0.63}
{'loss': 0.7929, 'grad_norm': 2.6327972412109375, 'learning_rate': 3.1513746385139755e-06, 'epoch': 0.63}
{'loss': 0.9931, 'grad_norm': 2.6047372817993164, 'learning_rate': 3.149442464858523e-06, 'epoch': 0.63}
{'loss': 0.5989, 'grad_norm': 2.2257866859436035, 'learning_rate': 3.147510611360335e-06, 'epoch': 0.63}
{'loss': 0.9253, 'grad_norm': 2.857712984085083, 'learning_rate': 3.1455790783536355e-06, 'epoch': 0.63}
{'loss': 0.6884, 'grad_norm': 2.4172444343566895, 'learning_rate': 3.143647866172589e-06, 'epoch': 0.63}
{'loss': 0.7613, 'grad_norm': 2.524305582046509, 'learning_rate': 3.1417169751513103e-06, 'epoch': 0.63}
{'loss': 0.9077, 'grad_norm': 2.5735814571380615, 'learning_rate': 3.139786405623849e-06, 'epoch': 0.63}
{'loss': 0.8308, 'grad_norm': 2.474111318588257, 'learning_rate': 3.1378561579242084e-06, 'epoch': 0.63}
{'loss': 0.721, 'grad_norm': 2.345423460006714, 'learning_rate': 3.1359262323863328e-06, 'epoch': 0.63}
{'loss': 0.9293, 'grad_norm': 2.5114076137542725, 'learning_rate': 3.1339966293441104e-06, 'epoch': 0.63}
{'loss': 1.0115, 'grad_norm': 2.4989349842071533, 'learning_rate': 3.1320673491313724e-06, 'epoch': 0.63}
{'loss': 0.7056, 'grad_norm': 2.5497303009033203, 'learning_rate': 3.130138392081895e-06, 'epoch': 0.63}
{'loss': 0.8232, 'grad_norm': 2.7951996326446533, 'learning_rate': 3.1282097585294015e-06, 'epoch': 0.63}
{'loss': 0.924, 'grad_norm': 2.702972650527954, 'learning_rate': 3.126281448807556e-06, 'epoch': 0.63}
{'loss': 0.7799, 'grad_norm': 2.601961374282837, 'learning_rate': 3.124353463249968e-06, 'epoch': 0.63}
{'loss': 0.7244, 'grad_norm': 2.5544707775115967, 'learning_rate': 3.122425802190187e-06, 'epoch': 0.63}
{'loss': 0.896, 'grad_norm': 2.664104700088501, 'learning_rate': 3.1204984659617134e-06, 'epoch': 0.63}
{'loss': 0.9144, 'grad_norm': 2.6476428508758545, 'learning_rate': 3.1185714548979863e-06, 'epoch': 0.63}
{'loss': 0.9942, 'grad_norm': 2.7246289253234863, 'learning_rate': 3.1166447693323876e-06, 'epoch': 0.63}
{'loss': 1.0092, 'grad_norm': 2.6917471885681152, 'learning_rate': 3.114718409598252e-06, 'epoch': 0.63}
{'loss': 0.6263, 'grad_norm': 2.3588624000549316, 'learning_rate': 3.112792376028842e-06, 'epoch': 0.63}
{'loss': 0.7039, 'grad_norm': 2.426945924758911, 'learning_rate': 3.1108666689573784e-06, 'epoch': 0.63}
{'loss': 0.9377, 'grad_norm': 2.7829596996307373, 'learning_rate': 3.1089412887170183e-06, 'epoch': 0.63}
{'loss': 0.8074, 'grad_norm': 2.5019102096557617, 'learning_rate': 3.1070162356408628e-06, 'epoch': 0.63}
{'loss': 0.9065, 'grad_norm': 2.5359432697296143, 'learning_rate': 3.1050915100619605e-06, 'epoch': 0.64}
{'loss': 0.68, 'grad_norm': 2.3400213718414307, 'learning_rate': 3.1031671123132966e-06, 'epoch': 0.64}
{'loss': 0.9244, 'grad_norm': 2.745276927947998, 'learning_rate': 3.1012430427278047e-06, 'epoch': 0.64}
{'loss': 0.8619, 'grad_norm': 2.555464029312134, 'learning_rate': 3.099319301638358e-06, 'epoch': 0.64}
{'loss': 0.7785, 'grad_norm': 2.3268258571624756, 'learning_rate': 3.097395889377781e-06, 'epoch': 0.64}
{'loss': 0.9141, 'grad_norm': 2.841481924057007, 'learning_rate': 3.095472806278828e-06, 'epoch': 0.64}
{'loss': 0.7672, 'grad_norm': 2.5266668796539307, 'learning_rate': 3.093550052674208e-06, 'epoch': 0.64}
{'loss': 0.8979, 'grad_norm': 2.5750105381011963, 'learning_rate': 3.091627628896566e-06, 'epoch': 0.64}
{'loss': 0.7617, 'grad_norm': 2.336622714996338, 'learning_rate': 3.0897055352784944e-06, 'epoch': 0.64}
{'loss': 0.8946, 'grad_norm': 2.471179962158203, 'learning_rate': 3.0877837721525272e-06, 'epoch': 0.64}
{'loss': 0.8181, 'grad_norm': 2.6048309803009033, 'learning_rate': 3.0858623398511388e-06, 'epoch': 0.64}
{'loss': 0.6976, 'grad_norm': 2.335606098175049, 'learning_rate': 3.083941238706749e-06, 'epoch': 0.64}
{'loss': 0.7368, 'grad_norm': 2.7038753032684326, 'learning_rate': 3.082020469051718e-06, 'epoch': 0.64}
{'loss': 0.9153, 'grad_norm': 2.710861921310425, 'learning_rate': 3.0801000312183526e-06, 'epoch': 0.64}
{'loss': 0.839, 'grad_norm': 2.6422035694122314, 'learning_rate': 3.078179925538901e-06, 'epoch': 0.64}
{'loss': 0.8309, 'grad_norm': 2.64066481590271, 'learning_rate': 3.0762601523455483e-06, 'epoch': 0.64}
{'loss': 0.8627, 'grad_norm': 2.437816619873047, 'learning_rate': 3.0743407119704295e-06, 'epoch': 0.64}
{'loss': 0.8807, 'grad_norm': 2.6082777976989746, 'learning_rate': 3.072421604745617e-06, 'epoch': 0.64}
{'loss': 0.7185, 'grad_norm': 2.373783588409424, 'learning_rate': 3.0705028310031313e-06, 'epoch': 0.64}
{'loss': 0.7697, 'grad_norm': 2.3292810916900635, 'learning_rate': 3.068584391074926e-06, 'epoch': 0.64}
{'loss': 0.9379, 'grad_norm': 2.788588285446167, 'learning_rate': 3.0666662852929063e-06, 'epoch': 0.64}
{'loss': 0.9213, 'grad_norm': 2.6367504596710205, 'learning_rate': 3.0647485139889145e-06, 'epoch': 0.64}
{'loss': 0.8895, 'grad_norm': 2.812458038330078, 'learning_rate': 3.062831077494737e-06, 'epoch': 0.64}
{'loss': 0.891, 'grad_norm': 2.603983163833618, 'learning_rate': 3.0609139761421013e-06, 'epoch': 0.64}
{'loss': 0.9407, 'grad_norm': 2.8196027278900146, 'learning_rate': 3.058997210262677e-06, 'epoch': 0.64}
{'loss': 0.9854, 'grad_norm': 2.8382744789123535, 'learning_rate': 3.0570807801880753e-06, 'epoch': 0.64}
{'loss': 0.665, 'grad_norm': 2.445801019668579, 'learning_rate': 3.0551646862498485e-06, 'epoch': 0.64}
{'loss': 0.9253, 'grad_norm': 2.7899765968322754, 'learning_rate': 3.0532489287794955e-06, 'epoch': 0.64}
{'loss': 0.7945, 'grad_norm': 2.463268518447876, 'learning_rate': 3.0513335081084523e-06, 'epoch': 0.64}
{'loss': 0.7463, 'grad_norm': 2.4928834438323975, 'learning_rate': 3.0494184245680956e-06, 'epoch': 0.64}
{'loss': 0.8211, 'grad_norm': 2.5714735984802246, 'learning_rate': 3.0475036784897494e-06, 'epoch': 0.64}
{'loss': 0.8375, 'grad_norm': 2.6027753353118896, 'learning_rate': 3.045589270204672e-06, 'epoch': 0.64}
{'loss': 0.758, 'grad_norm': 2.4653513431549072, 'learning_rate': 3.0436752000440716e-06, 'epoch': 0.64}
{'loss': 0.7146, 'grad_norm': 2.34725022315979, 'learning_rate': 3.0417614683390904e-06, 'epoch': 0.64}
{'loss': 0.6954, 'grad_norm': 2.304819345474243, 'learning_rate': 3.039848075420817e-06, 'epoch': 0.64}
{'loss': 0.9237, 'grad_norm': 2.6189029216766357, 'learning_rate': 3.0379350216202776e-06, 'epoch': 0.64}
{'loss': 0.7853, 'grad_norm': 2.711918592453003, 'learning_rate': 3.0360223072684425e-06, 'epoch': 0.64}
{'loss': 0.7773, 'grad_norm': 2.2759673595428467, 'learning_rate': 3.0341099326962254e-06, 'epoch': 0.64}
{'loss': 0.8948, 'grad_norm': 2.559664487838745, 'learning_rate': 3.0321978982344737e-06, 'epoch': 0.64}
{'loss': 0.9334, 'grad_norm': 2.480849504470825, 'learning_rate': 3.0302862042139825e-06, 'epoch': 0.64}
{'loss': 0.6123, 'grad_norm': 2.253326416015625, 'learning_rate': 3.028374850965485e-06, 'epoch': 0.64}
{'loss': 0.6609, 'grad_norm': 2.387417793273926, 'learning_rate': 3.0264638388196586e-06, 'epoch': 0.64}
{'loss': 0.7115, 'grad_norm': 2.360412836074829, 'learning_rate': 3.0245531681071206e-06, 'epoch': 0.64}
{'loss': 0.9342, 'grad_norm': 2.567704439163208, 'learning_rate': 3.022642839158424e-06, 'epoch': 0.64}
{'loss': 0.8961, 'grad_norm': 2.8292932510375977, 'learning_rate': 3.0207328523040678e-06, 'epoch': 0.64}
{'loss': 0.8017, 'grad_norm': 2.4675824642181396, 'learning_rate': 3.0188232078744927e-06, 'epoch': 0.64}
{'loss': 1.098, 'grad_norm': 2.884113073348999, 'learning_rate': 3.0169139062000786e-06, 'epoch': 0.64}
{'loss': 0.7721, 'grad_norm': 2.4692413806915283, 'learning_rate': 3.0150049476111455e-06, 'epoch': 0.64}
{'loss': 0.9231, 'grad_norm': 3.0405867099761963, 'learning_rate': 3.0130963324379527e-06, 'epoch': 0.64}
{'loss': 0.8043, 'grad_norm': 2.18255877494812, 'learning_rate': 3.0111880610107025e-06, 'epoch': 0.64}
{'loss': 0.853, 'grad_norm': 2.5575268268585205, 'learning_rate': 3.0092801336595375e-06, 'epoch': 0.64}
{'loss': 0.8975, 'grad_norm': 2.7919914722442627, 'learning_rate': 3.0073725507145413e-06, 'epoch': 0.64}
{'loss': 0.9721, 'grad_norm': 2.6094911098480225, 'learning_rate': 3.0054653125057352e-06, 'epoch': 0.64}
{'loss': 0.7772, 'grad_norm': 2.5724735260009766, 'learning_rate': 3.003558419363082e-06, 'epoch': 0.64}
{'loss': 0.8957, 'grad_norm': 2.733975887298584, 'learning_rate': 3.001651871616487e-06, 'epoch': 0.64}
{'loss': 0.7651, 'grad_norm': 2.3307952880859375, 'learning_rate': 2.999745669595794e-06, 'epoch': 0.64}
{'loss': 0.6496, 'grad_norm': 2.390908718109131, 'learning_rate': 2.9978398136307874e-06, 'epoch': 0.64}
{'loss': 0.8337, 'grad_norm': 2.462766647338867, 'learning_rate': 2.99593430405119e-06, 'epoch': 0.64}
{'loss': 0.8717, 'grad_norm': 2.6479392051696777, 'learning_rate': 2.994029141186665e-06, 'epoch': 0.64}
{'loss': 0.8169, 'grad_norm': 2.579094171524048, 'learning_rate': 2.992124325366821e-06, 'epoch': 0.64}
{'loss': 0.8704, 'grad_norm': 2.514775037765503, 'learning_rate': 2.990219856921198e-06, 'epoch': 0.64}
{'loss': 0.7971, 'grad_norm': 2.6619551181793213, 'learning_rate': 2.9883157361792836e-06, 'epoch': 0.64}
{'loss': 0.8266, 'grad_norm': 2.4266769886016846, 'learning_rate': 2.986411963470499e-06, 'epoch': 0.64}
{'loss': 0.9288, 'grad_norm': 2.644177198410034, 'learning_rate': 2.9845085391242086e-06, 'epoch': 0.64}
{'loss': 0.8647, 'grad_norm': 2.498140811920166, 'learning_rate': 2.982605463469717e-06, 'epoch': 0.64}
{'loss': 0.8346, 'grad_norm': 2.589280366897583, 'learning_rate': 2.980702736836268e-06, 'epoch': 0.64}
{'loss': 0.7411, 'grad_norm': 2.563284397125244, 'learning_rate': 2.9788003595530425e-06, 'epoch': 0.64}
{'loss': 0.6683, 'grad_norm': 2.3758907318115234, 'learning_rate': 2.9768983319491616e-06, 'epoch': 0.64}
{'loss': 0.9822, 'grad_norm': 2.8159446716308594, 'learning_rate': 2.974996654353691e-06, 'epoch': 0.64}
{'loss': 0.8417, 'grad_norm': 2.380281448364258, 'learning_rate': 2.973095327095631e-06, 'epoch': 0.64}
{'loss': 0.7147, 'grad_norm': 2.4633657932281494, 'learning_rate': 2.9711943505039216e-06, 'epoch': 0.64}
{'loss': 0.7139, 'grad_norm': 2.3958373069763184, 'learning_rate': 2.9692937249074414e-06, 'epoch': 0.64}
{'loss': 0.823, 'grad_norm': 2.5209035873413086, 'learning_rate': 2.9673934506350116e-06, 'epoch': 0.64}
{'loss': 0.9981, 'grad_norm': 2.6654162406921387, 'learning_rate': 2.9654935280153906e-06, 'epoch': 0.64}
{'loss': 0.8486, 'grad_norm': 2.4983227252960205, 'learning_rate': 2.963593957377276e-06, 'epoch': 0.64}
[08:40:13.752058] Error: Error reading OpenGVLab/stage2/OpenMMLab___Kinetics-400/raw/Kinetics-400/videos_train/1FjOl-YIh_g.mp4...
[08:40:13.752101] Failed to read video file: OpenGVLab/stage2/OpenMMLab___Kinetics-400/raw/Kinetics-400/videos_train/1FjOl-YIh_g.mp4
[08:40:13.752117] [Try #0] Failed to fetch sample 190894. Exception: Error reading OpenGVLab/stage2/OpenMMLab___Kinetics-400/raw/Kinetics-400/videos_train/1FjOl-YIh_g.mp4...
[08:40:14.753491] Error: Error reading OpenGVLab/stage2/OpenMMLab___Kinetics-400/raw/Kinetics-400/videos_train/1FjOl-YIh_g.mp4...
[08:40:14.753546] Failed to read video file: OpenGVLab/stage2/OpenMMLab___Kinetics-400/raw/Kinetics-400/videos_train/1FjOl-YIh_g.mp4
[08:40:14.753567] [Try #1] Failed to fetch sample 190894. Exception: Error reading OpenGVLab/stage2/OpenMMLab___Kinetics-400/raw/Kinetics-400/videos_train/1FjOl-YIh_g.mp4...
{'loss': 0.8856, 'grad_norm': 2.652857780456543, 'learning_rate': 2.9616947390493054e-06, 'epoch': 0.64}
{'loss': 0.8288, 'grad_norm': 2.385410785675049, 'learning_rate': 2.959795873360052e-06, 'epoch': 0.64}
{'loss': 0.9545, 'grad_norm': 2.5397796630859375, 'learning_rate': 2.9578973606380325e-06, 'epoch': 0.64}
{'loss': 0.7505, 'grad_norm': 2.400031089782715, 'learning_rate': 2.955999201211701e-06, 'epoch': 0.65}
{'loss': 0.943, 'grad_norm': 2.6970348358154297, 'learning_rate': 2.954101395409451e-06, 'epoch': 0.65}
{'loss': 0.9388, 'grad_norm': 2.5130412578582764, 'learning_rate': 2.952203943559612e-06, 'epoch': 0.65}
{'loss': 0.9239, 'grad_norm': 2.6781723499298096, 'learning_rate': 2.950306845990454e-06, 'epoch': 0.65}
{'loss': 0.8605, 'grad_norm': 2.6877222061157227, 'learning_rate': 2.9484101030301878e-06, 'epoch': 0.65}
{'loss': 0.7399, 'grad_norm': 2.3245491981506348, 'learning_rate': 2.94651371500696e-06, 'epoch': 0.65}
{'loss': 1.07, 'grad_norm': 2.9765806198120117, 'learning_rate': 2.944617682248858e-06, 'epoch': 0.65}
{'loss': 0.9261, 'grad_norm': 2.5847811698913574, 'learning_rate': 2.9427220050839036e-06, 'epoch': 0.65}
{'loss': 0.6454, 'grad_norm': 2.449100971221924, 'learning_rate': 2.9408266838400633e-06, 'epoch': 0.65}
{'loss': 0.8045, 'grad_norm': 2.3901283740997314, 'learning_rate': 2.9389317188452372e-06, 'epoch': 0.65}
{'loss': 0.6943, 'grad_norm': 2.3295724391937256, 'learning_rate': 2.9370371104272643e-06, 'epoch': 0.65}
{'loss': 0.818, 'grad_norm': 2.615557909011841, 'learning_rate': 2.9351428589139273e-06, 'epoch': 0.65}
{'loss': 0.9348, 'grad_norm': 2.47104811668396, 'learning_rate': 2.9332489646329364e-06, 'epoch': 0.65}
{'loss': 1.0319, 'grad_norm': 2.5919902324676514, 'learning_rate': 2.931355427911951e-06, 'epoch': 0.65}
{'loss': 0.7642, 'grad_norm': 2.414661407470703, 'learning_rate': 2.929462249078563e-06, 'epoch': 0.65}
{'loss': 0.7189, 'grad_norm': 2.3442718982696533, 'learning_rate': 2.927569428460301e-06, 'epoch': 0.65}
{'loss': 1.0076, 'grad_norm': 2.532470464706421, 'learning_rate': 2.9256769663846397e-06, 'epoch': 0.65}
{'loss': 0.7199, 'grad_norm': 2.5961976051330566, 'learning_rate': 2.9237848631789794e-06, 'epoch': 0.65}
{'loss': 0.8036, 'grad_norm': 2.5307655334472656, 'learning_rate': 2.921893119170669e-06, 'epoch': 0.65}
{'loss': 0.6928, 'grad_norm': 2.2750890254974365, 'learning_rate': 2.920001734686989e-06, 'epoch': 0.65}
{'loss': 0.7735, 'grad_norm': 2.1475088596343994, 'learning_rate': 2.918110710055164e-06, 'epoch': 0.65}
{'loss': 0.8335, 'grad_norm': 2.3423142433166504, 'learning_rate': 2.916220045602349e-06, 'epoch': 0.65}
{'loss': 0.8696, 'grad_norm': 2.509835958480835, 'learning_rate': 2.9143297416556386e-06, 'epoch': 0.65}
{'loss': 0.8273, 'grad_norm': 2.590487003326416, 'learning_rate': 2.912439798542069e-06, 'epoch': 0.65}
{'loss': 0.7398, 'grad_norm': 2.5302648544311523, 'learning_rate': 2.9105502165886125e-06, 'epoch': 0.65}
{'loss': 0.7446, 'grad_norm': 2.476177930831909, 'learning_rate': 2.9086609961221758e-06, 'epoch': 0.65}
{'loss': 0.8421, 'grad_norm': 2.4309685230255127, 'learning_rate': 2.9067721374696034e-06, 'epoch': 0.65}
{'loss': 0.8748, 'grad_norm': 2.4919207096099854, 'learning_rate': 2.9048836409576816e-06, 'epoch': 0.65}
{'loss': 0.7117, 'grad_norm': 2.442417621612549, 'learning_rate': 2.902995506913132e-06, 'epoch': 0.65}
{'loss': 0.9785, 'grad_norm': 2.815049886703491, 'learning_rate': 2.9011077356626096e-06, 'epoch': 0.65}
{'loss': 0.8256, 'grad_norm': 2.6557185649871826, 'learning_rate': 2.8992203275327137e-06, 'epoch': 0.65}
{'loss': 0.8218, 'grad_norm': 2.554745674133301, 'learning_rate': 2.897333282849975e-06, 'epoch': 0.65}
{'loss': 0.8317, 'grad_norm': 2.6909985542297363, 'learning_rate': 2.895446601940861e-06, 'epoch': 0.65}
{'loss': 0.9862, 'grad_norm': 2.5303497314453125, 'learning_rate': 2.8935602851317813e-06, 'epoch': 0.65}
{'loss': 0.929, 'grad_norm': 2.882307529449463, 'learning_rate': 2.89167433274908e-06, 'epoch': 0.65}
{'loss': 0.8016, 'grad_norm': 2.3760221004486084, 'learning_rate': 2.8897887451190386e-06, 'epoch': 0.65}
{'loss': 0.7028, 'grad_norm': 2.236380100250244, 'learning_rate': 2.88790352256787e-06, 'epoch': 0.65}
{'loss': 0.7823, 'grad_norm': 2.489511251449585, 'learning_rate': 2.8860186654217324e-06, 'epoch': 0.65}
{'loss': 0.8303, 'grad_norm': 2.6939480304718018, 'learning_rate': 2.8841341740067184e-06, 'epoch': 0.65}
{'loss': 0.7451, 'grad_norm': 2.4011693000793457, 'learning_rate': 2.8822500486488547e-06, 'epoch': 0.65}
{'loss': 1.0375, 'grad_norm': 2.7537505626678467, 'learning_rate': 2.8803662896741035e-06, 'epoch': 0.65}
{'loss': 0.7334, 'grad_norm': 2.3013105392456055, 'learning_rate': 2.878482897408368e-06, 'epoch': 0.65}
{'loss': 0.8013, 'grad_norm': 2.4951419830322266, 'learning_rate': 2.876599872177488e-06, 'epoch': 0.65}
{'loss': 0.8049, 'grad_norm': 2.4687492847442627, 'learning_rate': 2.874717214307234e-06, 'epoch': 0.65}
{'loss': 0.7344, 'grad_norm': 2.252922296524048, 'learning_rate': 2.872834924123321e-06, 'epoch': 0.65}
{'loss': 1.1343, 'grad_norm': 2.845004081726074, 'learning_rate': 2.870953001951392e-06, 'epoch': 0.65}
{'loss': 0.7664, 'grad_norm': 2.836812734603882, 'learning_rate': 2.8690714481170345e-06, 'epoch': 0.65}
{'loss': 0.7732, 'grad_norm': 2.483928918838501, 'learning_rate': 2.8671902629457647e-06, 'epoch': 0.65}
{'loss': 0.8024, 'grad_norm': 2.4736337661743164, 'learning_rate': 2.8653094467630404e-06, 'epoch': 0.65}
{'loss': 0.7513, 'grad_norm': 2.3935024738311768, 'learning_rate': 2.863428999894258e-06, 'epoch': 0.65}
{'loss': 0.7968, 'grad_norm': 2.333693742752075, 'learning_rate': 2.861548922664737e-06, 'epoch': 0.65}
{'loss': 0.8242, 'grad_norm': 2.5627174377441406, 'learning_rate': 2.8596692153997463e-06, 'epoch': 0.65}
{'loss': 0.7543, 'grad_norm': 2.402269124984741, 'learning_rate': 2.8577898784244883e-06, 'epoch': 0.65}
{'loss': 0.92, 'grad_norm': 2.7411370277404785, 'learning_rate': 2.8559109120640978e-06, 'epoch': 0.65}
{'loss': 0.91, 'grad_norm': 2.6655657291412354, 'learning_rate': 2.8540323166436434e-06, 'epoch': 0.65}
{'loss': 0.7652, 'grad_norm': 2.5610673427581787, 'learning_rate': 2.8521540924881365e-06, 'epoch': 0.65}
{'loss': 0.8157, 'grad_norm': 2.694446563720703, 'learning_rate': 2.8502762399225226e-06, 'epoch': 0.65}
{'loss': 0.9127, 'grad_norm': 2.5793797969818115, 'learning_rate': 2.8483987592716765e-06, 'epoch': 0.65}
{'loss': 0.781, 'grad_norm': 2.391860246658325, 'learning_rate': 2.8465216508604175e-06, 'epoch': 0.65}
{'loss': 0.8745, 'grad_norm': 2.68318510055542, 'learning_rate': 2.8446449150134935e-06, 'epoch': 0.65}
{'loss': 0.7295, 'grad_norm': 2.5171959400177, 'learning_rate': 2.8427685520555937e-06, 'epoch': 0.65}
{'loss': 0.7477, 'grad_norm': 2.3126542568206787, 'learning_rate': 2.840892562311336e-06, 'epoch': 0.65}
{'loss': 0.9192, 'grad_norm': 2.6438944339752197, 'learning_rate': 2.839016946105279e-06, 'epoch': 0.65}
{'loss': 0.8419, 'grad_norm': 2.4298946857452393, 'learning_rate': 2.83714170376192e-06, 'epoch': 0.65}
{'loss': 0.9382, 'grad_norm': 2.7126402854919434, 'learning_rate': 2.835266835605679e-06, 'epoch': 0.65}
{'loss': 0.74, 'grad_norm': 2.610884189605713, 'learning_rate': 2.833392341960923e-06, 'epoch': 0.65}
{'loss': 0.7409, 'grad_norm': 2.2766268253326416, 'learning_rate': 2.83151822315195e-06, 'epoch': 0.65}
{'loss': 0.7975, 'grad_norm': 2.86495304107666, 'learning_rate': 2.8296444795029983e-06, 'epoch': 0.65}
{'loss': 0.8675, 'grad_norm': 2.482069969177246, 'learning_rate': 2.8277711113382272e-06, 'epoch': 0.65}
{'loss': 0.7189, 'grad_norm': 2.4643499851226807, 'learning_rate': 2.825898118981746e-06, 'epoch': 0.65}
{'loss': 0.8042, 'grad_norm': 2.5566389560699463, 'learning_rate': 2.8240255027575934e-06, 'epoch': 0.65}
{'loss': 0.9637, 'grad_norm': 2.707019090652466, 'learning_rate': 2.82215326298974e-06, 'epoch': 0.65}
{'loss': 0.6841, 'grad_norm': 2.4182374477386475, 'learning_rate': 2.8202814000020983e-06, 'epoch': 0.65}
{'loss': 0.7934, 'grad_norm': 3.121077299118042, 'learning_rate': 2.8184099141185085e-06, 'epoch': 0.65}
{'loss': 0.7748, 'grad_norm': 2.588613986968994, 'learning_rate': 2.81653880566275e-06, 'epoch': 0.65}
{'loss': 0.8471, 'grad_norm': 2.5373992919921875, 'learning_rate': 2.814668074958534e-06, 'epoch': 0.65}
{'loss': 0.5869, 'grad_norm': 2.2048275470733643, 'learning_rate': 2.8127977223295085e-06, 'epoch': 0.65}
{'loss': 0.6539, 'grad_norm': 2.4822473526000977, 'learning_rate': 2.8109277480992574e-06, 'epoch': 0.65}
{'loss': 0.8337, 'grad_norm': 2.5204360485076904, 'learning_rate': 2.8090581525912965e-06, 'epoch': 0.66}
{'loss': 0.7634, 'grad_norm': 2.4096462726593018, 'learning_rate': 2.8071889361290727e-06, 'epoch': 0.66}
{'loss': 0.9218, 'grad_norm': 2.494364023208618, 'learning_rate': 2.8053200990359746e-06, 'epoch': 0.66}
{'loss': 0.9013, 'grad_norm': 3.0858051776885986, 'learning_rate': 2.8034516416353265e-06, 'epoch': 0.66}
{'loss': 0.9875, 'grad_norm': 2.486269474029541, 'learning_rate': 2.801583564250373e-06, 'epoch': 0.66}
{'loss': 0.6996, 'grad_norm': 2.0629324913024902, 'learning_rate': 2.7997158672043074e-06, 'epoch': 0.66}
{'loss': 0.8477, 'grad_norm': 2.5963187217712402, 'learning_rate': 2.7978485508202543e-06, 'epoch': 0.66}
{'loss': 0.6817, 'grad_norm': 2.2089052200317383, 'learning_rate': 2.7959816154212654e-06, 'epoch': 0.66}
{'loss': 0.6949, 'grad_norm': 2.562297821044922, 'learning_rate': 2.794115061330336e-06, 'epoch': 0.66}
{'loss': 0.7377, 'grad_norm': 2.3599750995635986, 'learning_rate': 2.792248888870387e-06, 'epoch': 0.66}
{'loss': 0.8478, 'grad_norm': 2.3750221729278564, 'learning_rate': 2.790383098364281e-06, 'epoch': 0.66}
{'loss': 0.7377, 'grad_norm': 2.226820707321167, 'learning_rate': 2.788517690134807e-06, 'epoch': 0.66}
{'loss': 0.8539, 'grad_norm': 2.492922782897949, 'learning_rate': 2.7866526645046933e-06, 'epoch': 0.66}
{'loss': 0.7182, 'grad_norm': 2.45798659324646, 'learning_rate': 2.7847880217966015e-06, 'epoch': 0.66}
{'loss': 0.6167, 'grad_norm': 2.2217190265655518, 'learning_rate': 2.782923762333125e-06, 'epoch': 0.66}
{'loss': 0.7403, 'grad_norm': 2.3518288135528564, 'learning_rate': 2.781059886436788e-06, 'epoch': 0.66}
{'loss': 0.7308, 'grad_norm': 2.191798210144043, 'learning_rate': 2.779196394430056e-06, 'epoch': 0.66}
{'loss': 0.7365, 'grad_norm': 2.2831084728240967, 'learning_rate': 2.7773332866353237e-06, 'epoch': 0.66}
{'loss': 0.696, 'grad_norm': 2.3879892826080322, 'learning_rate': 2.7754705633749192e-06, 'epoch': 0.66}
{'loss': 0.7187, 'grad_norm': 2.452101469039917, 'learning_rate': 2.7736082249711014e-06, 'epoch': 0.66}
{'loss': 0.8487, 'grad_norm': 2.557959794998169, 'learning_rate': 2.77174627174607e-06, 'epoch': 0.66}
{'loss': 0.7104, 'grad_norm': 2.6505346298217773, 'learning_rate': 2.7698847040219525e-06, 'epoch': 0.66}
{'loss': 0.8926, 'grad_norm': 2.5327796936035156, 'learning_rate': 2.7680235221208115e-06, 'epoch': 0.66}
{'loss': 0.7208, 'grad_norm': 2.3677501678466797, 'learning_rate': 2.766162726364639e-06, 'epoch': 0.66}
{'loss': 0.6071, 'grad_norm': 2.3409008979797363, 'learning_rate': 2.7643023170753688e-06, 'epoch': 0.66}
{'loss': 0.8581, 'grad_norm': 2.563143491744995, 'learning_rate': 2.762442294574857e-06, 'epoch': 0.66}
{'loss': 0.7974, 'grad_norm': 2.548333168029785, 'learning_rate': 2.7605826591849015e-06, 'epoch': 0.66}
{'loss': 0.8334, 'grad_norm': 2.931276321411133, 'learning_rate': 2.7587234112272317e-06, 'epoch': 0.66}
{'loss': 0.9131, 'grad_norm': 2.5806257724761963, 'learning_rate': 2.7568645510235065e-06, 'epoch': 0.66}
{'loss': 0.8014, 'grad_norm': 2.5083167552948, 'learning_rate': 2.755006078895317e-06, 'epoch': 0.66}
{'loss': 0.6541, 'grad_norm': 2.408154010772705, 'learning_rate': 2.7531479951641928e-06, 'epoch': 0.66}
{'loss': 0.8534, 'grad_norm': 2.2635133266448975, 'learning_rate': 2.7512903001515945e-06, 'epoch': 0.66}
{'loss': 0.7768, 'grad_norm': 2.371859550476074, 'learning_rate': 2.7494329941789128e-06, 'epoch': 0.66}
{'loss': 0.8789, 'grad_norm': 2.528211832046509, 'learning_rate': 2.74757607756747e-06, 'epoch': 0.66}
{'loss': 0.8153, 'grad_norm': 2.262315511703491, 'learning_rate': 2.745719550638525e-06, 'epoch': 0.66}
{'loss': 0.9169, 'grad_norm': 2.6503396034240723, 'learning_rate': 2.74386341371327e-06, 'epoch': 0.66}
[09:01:20.593689] Error: Error reading OpenGVLab/stage2/OpenMMLab___Kinetics-400/raw/Kinetics-400/videos_train/1pU-9lGh4_w.mp4...
[09:01:20.593763] Failed to read video file: OpenGVLab/stage2/OpenMMLab___Kinetics-400/raw/Kinetics-400/videos_train/1pU-9lGh4_w.mp4
[09:01:20.593794] [Try #0] Failed to fetch sample 192108. Exception: Error reading OpenGVLab/stage2/OpenMMLab___Kinetics-400/raw/Kinetics-400/videos_train/1pU-9lGh4_w.mp4...
[09:01:21.595200] Error: Error reading OpenGVLab/stage2/OpenMMLab___Kinetics-400/raw/Kinetics-400/videos_train/1pU-9lGh4_w.mp4...
[09:01:21.595255] Failed to read video file: OpenGVLab/stage2/OpenMMLab___Kinetics-400/raw/Kinetics-400/videos_train/1pU-9lGh4_w.mp4
[09:01:21.595275] [Try #1] Failed to fetch sample 192108. Exception: Error reading OpenGVLab/stage2/OpenMMLab___Kinetics-400/raw/Kinetics-400/videos_train/1pU-9lGh4_w.mp4...
{'loss': 0.9111, 'grad_norm': 2.4928300380706787, 'learning_rate': 2.742007667112827e-06, 'epoch': 0.66}
{'loss': 0.826, 'grad_norm': 2.5776326656341553, 'learning_rate': 2.7401523111582473e-06, 'epoch': 0.66}
{'loss': 0.9727, 'grad_norm': 2.5128259658813477, 'learning_rate': 2.738297346170523e-06, 'epoch': 0.66}
{'loss': 0.7162, 'grad_norm': 2.4297549724578857, 'learning_rate': 2.73644277247057e-06, 'epoch': 0.66}
{'loss': 0.8572, 'grad_norm': 2.6760287284851074, 'learning_rate': 2.734588590379241e-06, 'epoch': 0.66}
{'loss': 0.7782, 'grad_norm': 2.5170071125030518, 'learning_rate': 2.7327348002173247e-06, 'epoch': 0.66}
{'loss': 0.9015, 'grad_norm': 2.597975254058838, 'learning_rate': 2.7308814023055354e-06, 'epoch': 0.66}
{'loss': 0.9166, 'grad_norm': 2.613284111022949, 'learning_rate': 2.729028396964517e-06, 'epoch': 0.66}
{'loss': 0.719, 'grad_norm': 2.3476922512054443, 'learning_rate': 2.727175784514855e-06, 'epoch': 0.66}
{'loss': 0.7393, 'grad_norm': 2.281672477722168, 'learning_rate': 2.7253235652770626e-06, 'epoch': 0.66}
{'loss': 0.6163, 'grad_norm': 2.3553450107574463, 'learning_rate': 2.7234717395715837e-06, 'epoch': 0.66}
{'loss': 0.7442, 'grad_norm': 2.3726847171783447, 'learning_rate': 2.721620307718793e-06, 'epoch': 0.66}
{'loss': 0.6663, 'grad_norm': 2.441786527633667, 'learning_rate': 2.719769270039e-06, 'epoch': 0.66}
{'loss': 0.9342, 'grad_norm': 2.6603567600250244, 'learning_rate': 2.717918626852447e-06, 'epoch': 0.66}
{'loss': 0.8171, 'grad_norm': 2.636928081512451, 'learning_rate': 2.716068378479305e-06, 'epoch': 0.66}
{'loss': 1.0934, 'grad_norm': 2.725067377090454, 'learning_rate': 2.714218525239676e-06, 'epoch': 0.66}
{'loss': 0.896, 'grad_norm': 2.4602599143981934, 'learning_rate': 2.7123690674535965e-06, 'epoch': 0.66}
{'loss': 0.759, 'grad_norm': 2.421854257583618, 'learning_rate': 2.7105200054410354e-06, 'epoch': 0.66}
{'loss': 0.6905, 'grad_norm': 2.535008668899536, 'learning_rate': 2.708671339521888e-06, 'epoch': 0.66}
{'loss': 0.8308, 'grad_norm': 2.616285562515259, 'learning_rate': 2.7068230700159874e-06, 'epoch': 0.66}
{'loss': 0.6477, 'grad_norm': 4.0468220710754395, 'learning_rate': 2.704975197243094e-06, 'epoch': 0.66}
{'loss': 0.7555, 'grad_norm': 2.5562257766723633, 'learning_rate': 2.703127721522898e-06, 'epoch': 0.66}
{'loss': 0.7438, 'grad_norm': 3.1456267833709717, 'learning_rate': 2.701280643175026e-06, 'epoch': 0.66}
{'loss': 0.8174, 'grad_norm': 2.503751516342163, 'learning_rate': 2.699433962519035e-06, 'epoch': 0.66}
{'loss': 0.863, 'grad_norm': 2.451570510864258, 'learning_rate': 2.6975876798744087e-06, 'epoch': 0.66}
{'loss': 0.8996, 'grad_norm': 2.7784976959228516, 'learning_rate': 2.6957417955605647e-06, 'epoch': 0.66}
{'loss': 1.053, 'grad_norm': 3.2394752502441406, 'learning_rate': 2.693896309896852e-06, 'epoch': 0.66}
{'loss': 0.7503, 'grad_norm': 2.4131457805633545, 'learning_rate': 2.692051223202553e-06, 'epoch': 0.66}
{'loss': 0.8493, 'grad_norm': 2.55472731590271, 'learning_rate': 2.6902065357968752e-06, 'epoch': 0.66}
{'loss': 0.9587, 'grad_norm': 2.9611318111419678, 'learning_rate': 2.6883622479989635e-06, 'epoch': 0.66}
{'loss': 0.7372, 'grad_norm': 1.9458692073822021, 'learning_rate': 2.6865183601278864e-06, 'epoch': 0.66}
{'loss': 0.8629, 'grad_norm': 2.3970541954040527, 'learning_rate': 2.6846748725026516e-06, 'epoch': 0.66}
{'loss': 1.1562, 'grad_norm': 3.185499429702759, 'learning_rate': 2.6828317854421893e-06, 'epoch': 0.66}
{'loss': 0.851, 'grad_norm': 2.464750051498413, 'learning_rate': 2.680989099265368e-06, 'epoch': 0.66}
{'loss': 0.8746, 'grad_norm': 2.564830780029297, 'learning_rate': 2.6791468142909817e-06, 'epoch': 0.66}
{'loss': 1.0866, 'grad_norm': 2.991701126098633, 'learning_rate': 2.6773049308377533e-06, 'epoch': 0.66}
{'loss': 0.7811, 'grad_norm': 2.4908180236816406, 'learning_rate': 2.6754634492243425e-06, 'epoch': 0.66}
{'loss': 0.8729, 'grad_norm': 2.7974469661712646, 'learning_rate': 2.6736223697693387e-06, 'epoch': 0.66}
{'loss': 0.6052, 'grad_norm': 2.32960844039917, 'learning_rate': 2.6717816927912567e-06, 'epoch': 0.66}
{'loss': 0.8624, 'grad_norm': 2.488076686859131, 'learning_rate': 2.6699414186085417e-06, 'epoch': 0.66}
{'loss': 0.8699, 'grad_norm': 2.555206060409546, 'learning_rate': 2.6681015475395754e-06, 'epoch': 0.66}
{'loss': 0.7021, 'grad_norm': 2.557234764099121, 'learning_rate': 2.6662620799026673e-06, 'epoch': 0.66}
{'loss': 0.6928, 'grad_norm': 2.3662936687469482, 'learning_rate': 2.6644230160160525e-06, 'epoch': 0.67}
{'loss': 0.888, 'grad_norm': 2.4670169353485107, 'learning_rate': 2.6625843561979026e-06, 'epoch': 0.67}
{'loss': 0.974, 'grad_norm': 2.558194160461426, 'learning_rate': 2.660746100766314e-06, 'epoch': 0.67}
{'loss': 0.7963, 'grad_norm': 2.597266435623169, 'learning_rate': 2.6589082500393194e-06, 'epoch': 0.67}
{'loss': 0.782, 'grad_norm': 2.421689510345459, 'learning_rate': 2.6570708043348727e-06, 'epoch': 0.67}
{'loss': 1.0053, 'grad_norm': 2.671665906906128, 'learning_rate': 2.6552337639708677e-06, 'epoch': 0.67}
{'loss': 0.7867, 'grad_norm': 2.4901089668273926, 'learning_rate': 2.6533971292651183e-06, 'epoch': 0.67}
{'loss': 0.8401, 'grad_norm': 2.4002091884613037, 'learning_rate': 2.651560900535379e-06, 'epoch': 0.67}
{'loss': 0.766, 'grad_norm': 2.4732651710510254, 'learning_rate': 2.6497250780993213e-06, 'epoch': 0.67}
{'loss': 0.9325, 'grad_norm': 2.701382875442505, 'learning_rate': 2.6478896622745578e-06, 'epoch': 0.67}
{'loss': 0.9254, 'grad_norm': 2.676717519760132, 'learning_rate': 2.6460546533786276e-06, 'epoch': 0.67}
{'loss': 0.713, 'grad_norm': 2.3647964000701904, 'learning_rate': 2.6442200517289917e-06, 'epoch': 0.67}
{'loss': 0.8627, 'grad_norm': 2.600482702255249, 'learning_rate': 2.6423858576430506e-06, 'epoch': 0.67}
{'loss': 0.8543, 'grad_norm': 2.6530542373657227, 'learning_rate': 2.640552071438133e-06, 'epoch': 0.67}
{'loss': 0.6789, 'grad_norm': 2.5003345012664795, 'learning_rate': 2.6387186934314894e-06, 'epoch': 0.67}
{'loss': 0.7713, 'grad_norm': 2.529167890548706, 'learning_rate': 2.63688572394031e-06, 'epoch': 0.67}
{'loss': 0.9212, 'grad_norm': 2.8261542320251465, 'learning_rate': 2.6350531632817045e-06, 'epoch': 0.67}
{'loss': 0.8435, 'grad_norm': 2.124798536300659, 'learning_rate': 2.633221011772721e-06, 'epoch': 0.67}
{'loss': 0.7185, 'grad_norm': 2.3402552604675293, 'learning_rate': 2.631389269730329e-06, 'epoch': 0.67}
{'loss': 0.9506, 'grad_norm': 2.8140721321105957, 'learning_rate': 2.6295579374714314e-06, 'epoch': 0.67}
{'loss': 0.8655, 'grad_norm': 2.4931557178497314, 'learning_rate': 2.627727015312862e-06, 'epoch': 0.67}
{'loss': 0.7395, 'grad_norm': 2.6322648525238037, 'learning_rate': 2.625896503571379e-06, 'epoch': 0.67}
{'loss': 0.7611, 'grad_norm': 2.51119065284729, 'learning_rate': 2.62406640256367e-06, 'epoch': 0.67}
{'loss': 0.6653, 'grad_norm': 2.214008092880249, 'learning_rate': 2.6222367126063543e-06, 'epoch': 0.67}
{'loss': 1.0763, 'grad_norm': 2.8599865436553955, 'learning_rate': 2.620407434015983e-06, 'epoch': 0.67}
{'loss': 0.775, 'grad_norm': 2.1063897609710693, 'learning_rate': 2.6185785671090247e-06, 'epoch': 0.67}
{'loss': 0.8632, 'grad_norm': 2.4883949756622314, 'learning_rate': 2.6167501122018877e-06, 'epoch': 0.67}
{'loss': 0.8751, 'grad_norm': 2.7296252250671387, 'learning_rate': 2.6149220696109056e-06, 'epoch': 0.67}
{'loss': 0.8902, 'grad_norm': 2.545025587081909, 'learning_rate': 2.6130944396523427e-06, 'epoch': 0.67}
{'loss': 0.6822, 'grad_norm': 2.227797031402588, 'learning_rate': 2.611267222642386e-06, 'epoch': 0.67}
{'loss': 0.6451, 'grad_norm': 2.255932092666626, 'learning_rate': 2.6094404188971555e-06, 'epoch': 0.67}
{'loss': 0.8278, 'grad_norm': 2.3208580017089844, 'learning_rate': 2.6076140287327e-06, 'epoch': 0.67}
{'loss': 0.7489, 'grad_norm': 2.4246256351470947, 'learning_rate': 2.6057880524649944e-06, 'epoch': 0.67}
{'loss': 0.9242, 'grad_norm': 2.59608793258667, 'learning_rate': 2.6039624904099424e-06, 'epoch': 0.67}
{'loss': 0.8318, 'grad_norm': 2.403412103652954, 'learning_rate': 2.602137342883382e-06, 'epoch': 0.67}
{'loss': 0.7802, 'grad_norm': 2.7389678955078125, 'learning_rate': 2.6003126102010696e-06, 'epoch': 0.67}
{'loss': 0.7622, 'grad_norm': 2.608484983444214, 'learning_rate': 2.598488292678694e-06, 'epoch': 0.67}
{'loss': 0.8345, 'grad_norm': 2.5092687606811523, 'learning_rate': 2.596664390631875e-06, 'epoch': 0.67}
{'loss': 0.86, 'grad_norm': 2.670490264892578, 'learning_rate': 2.5948409043761596e-06, 'epoch': 0.67}
{'loss': 0.9034, 'grad_norm': 2.6405489444732666, 'learning_rate': 2.5930178342270198e-06, 'epoch': 0.67}
{'loss': 1.0279, 'grad_norm': 2.834385395050049, 'learning_rate': 2.591195180499856e-06, 'epoch': 0.67}
{'loss': 0.8014, 'grad_norm': 2.6931753158569336, 'learning_rate': 2.589372943509999e-06, 'epoch': 0.67}
{'loss': 0.5919, 'grad_norm': 2.5391688346862793, 'learning_rate': 2.587551123572709e-06, 'epoch': 0.67}
{'loss': 0.7357, 'grad_norm': 2.4799857139587402, 'learning_rate': 2.585729721003169e-06, 'epoch': 0.67}
{'loss': 0.6879, 'grad_norm': 2.540367364883423, 'learning_rate': 2.5839087361164906e-06, 'epoch': 0.67}
{'loss': 0.8582, 'grad_norm': 2.654557228088379, 'learning_rate': 2.5820881692277193e-06, 'epoch': 0.67}
{'loss': 0.7051, 'grad_norm': 2.5472915172576904, 'learning_rate': 2.5802680206518195e-06, 'epoch': 0.67}
{'loss': 0.9021, 'grad_norm': 2.8206253051757812, 'learning_rate': 2.578448290703689e-06, 'epoch': 0.67}
{'loss': 0.8814, 'grad_norm': 2.5378530025482178, 'learning_rate': 2.576628979698154e-06, 'epoch': 0.67}
{'loss': 0.8871, 'grad_norm': 2.400805950164795, 'learning_rate': 2.574810087949965e-06, 'epoch': 0.67}
{'loss': 0.7255, 'grad_norm': 2.424083709716797, 'learning_rate': 2.5729916157737967e-06, 'epoch': 0.67}
{'loss': 0.6871, 'grad_norm': 2.3609724044799805, 'learning_rate': 2.5711735634842593e-06, 'epoch': 0.67}
{'loss': 0.8063, 'grad_norm': 2.8040716648101807, 'learning_rate': 2.569355931395888e-06, 'epoch': 0.67}
{'loss': 0.7426, 'grad_norm': 2.5645389556884766, 'learning_rate': 2.5675387198231415e-06, 'epoch': 0.67}
{'loss': 0.7663, 'grad_norm': 2.476511240005493, 'learning_rate': 2.565721929080406e-06, 'epoch': 0.67}
{'loss': 1.0132, 'grad_norm': 2.872377872467041, 'learning_rate': 2.563905559481999e-06, 'epoch': 0.67}
{'loss': 1.0494, 'grad_norm': 2.6042990684509277, 'learning_rate': 2.562089611342165e-06, 'epoch': 0.67}
{'loss': 0.9158, 'grad_norm': 2.8858344554901123, 'learning_rate': 2.5602740849750716e-06, 'epoch': 0.67}
{'loss': 0.7637, 'grad_norm': 2.5770483016967773, 'learning_rate': 2.558458980694814e-06, 'epoch': 0.67}
{'loss': 0.8786, 'grad_norm': 2.6145782470703125, 'learning_rate': 2.556644298815417e-06, 'epoch': 0.67}
{'loss': 0.711, 'grad_norm': 2.501523733139038, 'learning_rate': 2.554830039650834e-06, 'epoch': 0.67}
{'loss': 0.8954, 'grad_norm': 2.7783830165863037, 'learning_rate': 2.553016203514939e-06, 'epoch': 0.67}
{'loss': 1.0693, 'grad_norm': 2.7830772399902344, 'learning_rate': 2.5512027907215374e-06, 'epoch': 0.67}
{'loss': 0.8996, 'grad_norm': 2.6473028659820557, 'learning_rate': 2.549389801584361e-06, 'epoch': 0.67}
{'loss': 0.8508, 'grad_norm': 2.882075309753418, 'learning_rate': 2.5475772364170646e-06, 'epoch': 0.67}
{'loss': 0.8365, 'grad_norm': 2.75038480758667, 'learning_rate': 2.5457650955332347e-06, 'epoch': 0.67}
{'loss': 0.7305, 'grad_norm': 2.421875, 'learning_rate': 2.5439533792463838e-06, 'epoch': 0.67}
{'loss': 0.8923, 'grad_norm': 2.527418613433838, 'learning_rate': 2.542142087869948e-06, 'epoch': 0.67}
{'loss': 0.8975, 'grad_norm': 2.765669345855713, 'learning_rate': 2.5403312217172892e-06, 'epoch': 0.67}
{'loss': 0.7309, 'grad_norm': 2.4906423091888428, 'learning_rate': 2.538520781101699e-06, 'epoch': 0.67}
{'loss': 0.868, 'grad_norm': 2.4878640174865723, 'learning_rate': 2.5367107663363975e-06, 'epoch': 0.67}
{'loss': 0.814, 'grad_norm': 2.4712796211242676, 'learning_rate': 2.5349011777345245e-06, 'epoch': 0.67}
{'loss': 0.7059, 'grad_norm': 2.2859435081481934, 'learning_rate': 2.5330920156091487e-06, 'epoch': 0.67}
{'loss': 0.8671, 'grad_norm': 2.612898111343384, 'learning_rate': 2.5312832802732674e-06, 'epoch': 0.67}
{'loss': 0.7937, 'grad_norm': 2.3997750282287598, 'learning_rate': 2.5294749720398037e-06, 'epoch': 0.67}
{'loss': 0.8347, 'grad_norm': 2.812830686569214, 'learning_rate': 2.5276670912216017e-06, 'epoch': 0.67}
{'loss': 0.8589, 'grad_norm': 2.510277271270752, 'learning_rate': 2.5258596381314393e-06, 'epoch': 0.67}
{'loss': 0.8171, 'grad_norm': 2.4355127811431885, 'learning_rate': 2.5240526130820153e-06, 'epoch': 0.67}
{'loss': 0.8359, 'grad_norm': 2.561401128768921, 'learning_rate': 2.5222460163859525e-06, 'epoch': 0.68}
{'loss': 0.8302, 'grad_norm': 2.5813183784484863, 'learning_rate': 2.5204398483558057e-06, 'epoch': 0.68}
{'loss': 0.8587, 'grad_norm': 2.886688470840454, 'learning_rate': 2.5186341093040534e-06, 'epoch': 0.68}
{'loss': 0.7491, 'grad_norm': 2.2756290435791016, 'learning_rate': 2.5168287995430974e-06, 'epoch': 0.68}
{'loss': 0.9072, 'grad_norm': 2.475494861602783, 'learning_rate': 2.5150239193852654e-06, 'epoch': 0.68}
{'loss': 0.7826, 'grad_norm': 2.573469877243042, 'learning_rate': 2.513219469142814e-06, 'epoch': 0.68}
{'loss': 0.7646, 'grad_norm': 2.477391242980957, 'learning_rate': 2.511415449127925e-06, 'epoch': 0.68}
{'loss': 0.7581, 'grad_norm': 2.404027223587036, 'learning_rate': 2.509611859652703e-06, 'epoch': 0.68}
{'loss': 0.7217, 'grad_norm': 2.693460702896118, 'learning_rate': 2.5078087010291774e-06, 'epoch': 0.68}
{'loss': 0.7737, 'grad_norm': 2.2175886631011963, 'learning_rate': 2.5060059735693076e-06, 'epoch': 0.68}
{'loss': 0.923, 'grad_norm': 2.5189085006713867, 'learning_rate': 2.5042036775849772e-06, 'epoch': 0.68}
{'loss': 0.9831, 'grad_norm': 3.0004372596740723, 'learning_rate': 2.5024018133879903e-06, 'epoch': 0.68}
{'loss': 0.7981, 'grad_norm': 2.5932533740997314, 'learning_rate': 2.5006003812900836e-06, 'epoch': 0.68}
{'loss': 0.7338, 'grad_norm': 2.460071325302124, 'learning_rate': 2.498799381602912e-06, 'epoch': 0.68}
{'loss': 0.8874, 'grad_norm': 2.7325170040130615, 'learning_rate': 2.4969988146380624e-06, 'epoch': 0.68}
{'loss': 0.8672, 'grad_norm': 2.482353687286377, 'learning_rate': 2.49519868070704e-06, 'epoch': 0.68}
{'loss': 0.8004, 'grad_norm': 2.355278968811035, 'learning_rate': 2.4933989801212797e-06, 'epoch': 0.68}
{'loss': 0.7257, 'grad_norm': 2.5517148971557617, 'learning_rate': 2.491599713192145e-06, 'epoch': 0.68}
{'loss': 0.8658, 'grad_norm': 2.3944435119628906, 'learning_rate': 2.489800880230911e-06, 'epoch': 0.68}
{'loss': 0.8976, 'grad_norm': 2.593935966491699, 'learning_rate': 2.4880024815487907e-06, 'epoch': 0.68}
{'loss': 0.7868, 'grad_norm': 2.467694044113159, 'learning_rate': 2.4862045174569194e-06, 'epoch': 0.68}
{'loss': 0.8869, 'grad_norm': 2.7079849243164062, 'learning_rate': 2.4844069882663536e-06, 'epoch': 0.68}
{'loss': 0.891, 'grad_norm': 2.555478811264038, 'learning_rate': 2.482609894288074e-06, 'epoch': 0.68}
{'loss': 0.8527, 'grad_norm': 2.4811291694641113, 'learning_rate': 2.4808132358329907e-06, 'epoch': 0.68}
{'loss': 0.9443, 'grad_norm': 2.7426669597625732, 'learning_rate': 2.4790170132119375e-06, 'epoch': 0.68}
{'loss': 0.8751, 'grad_norm': 2.7317311763763428, 'learning_rate': 2.4772212267356683e-06, 'epoch': 0.68}
{'loss': 0.8217, 'grad_norm': 2.3823859691619873, 'learning_rate': 2.475425876714868e-06, 'epoch': 0.68}
{'loss': 0.8509, 'grad_norm': 2.957939386367798, 'learning_rate': 2.473630963460139e-06, 'epoch': 0.68}
{'loss': 0.7614, 'grad_norm': 2.6323606967926025, 'learning_rate': 2.4718364872820155e-06, 'epoch': 0.68}
{'loss': 0.6985, 'grad_norm': 2.5355725288391113, 'learning_rate': 2.4700424484909487e-06, 'epoch': 0.68}
{'loss': 0.6744, 'grad_norm': 2.3750853538513184, 'learning_rate': 2.4682488473973192e-06, 'epoch': 0.68}
{'loss': 0.7684, 'grad_norm': 2.483794927597046, 'learning_rate': 2.466455684311435e-06, 'epoch': 0.68}
{'loss': 1.1306, 'grad_norm': 2.789327383041382, 'learning_rate': 2.4646629595435155e-06, 'epoch': 0.68}
{'loss': 0.8636, 'grad_norm': 2.612215757369995, 'learning_rate': 2.462870673403717e-06, 'epoch': 0.68}
{'loss': 0.971, 'grad_norm': 2.8123297691345215, 'learning_rate': 2.4610788262021174e-06, 'epoch': 0.68}
{'loss': 0.8328, 'grad_norm': 2.662008285522461, 'learning_rate': 2.459287418248712e-06, 'epoch': 0.68}
{'loss': 0.8193, 'grad_norm': 2.488279104232788, 'learning_rate': 2.4574964498534296e-06, 'epoch': 0.68}
{'loss': 0.7819, 'grad_norm': 2.4271106719970703, 'learning_rate': 2.4557059213261143e-06, 'epoch': 0.68}
{'loss': 0.6969, 'grad_norm': 2.3459293842315674, 'learning_rate': 2.453915832976541e-06, 'epoch': 0.68}
{'loss': 0.8377, 'grad_norm': 2.8550446033477783, 'learning_rate': 2.452126185114402e-06, 'epoch': 0.68}
{'loss': 0.6614, 'grad_norm': 2.245242118835449, 'learning_rate': 2.450336978049322e-06, 'epoch': 0.68}
{'loss': 0.9779, 'grad_norm': 2.6596081256866455, 'learning_rate': 2.4485482120908383e-06, 'epoch': 0.68}
{'loss': 0.85, 'grad_norm': 2.509436845779419, 'learning_rate': 2.446759887548423e-06, 'epoch': 0.68}
{'loss': 0.7998, 'grad_norm': 2.488684892654419, 'learning_rate': 2.4449720047314625e-06, 'epoch': 0.68}
{'loss': 0.6709, 'grad_norm': 2.3708910942077637, 'learning_rate': 2.443184563949273e-06, 'epoch': 0.68}
{'loss': 0.8496, 'grad_norm': 2.6835567951202393, 'learning_rate': 2.4413975655110937e-06, 'epoch': 0.68}
{'loss': 0.829, 'grad_norm': 2.650913715362549, 'learning_rate': 2.4396110097260846e-06, 'epoch': 0.68}
{'loss': 0.7955, 'grad_norm': 2.5819342136383057, 'learning_rate': 2.4378248969033275e-06, 'epoch': 0.68}
{'loss': 0.7706, 'grad_norm': 2.3405237197875977, 'learning_rate': 2.4360392273518335e-06, 'epoch': 0.68}
{'loss': 0.6788, 'grad_norm': 2.1196486949920654, 'learning_rate': 2.4342540013805342e-06, 'epoch': 0.68}
{'loss': 0.701, 'grad_norm': 2.288856029510498, 'learning_rate': 2.4324692192982833e-06, 'epoch': 0.68}
{'loss': 0.8427, 'grad_norm': 2.6848185062408447, 'learning_rate': 2.430684881413857e-06, 'epoch': 0.68}
{'loss': 1.0189, 'grad_norm': 2.625810384750366, 'learning_rate': 2.4289009880359586e-06, 'epoch': 0.68}
{'loss': 0.7835, 'grad_norm': 2.402674913406372, 'learning_rate': 2.4271175394732096e-06, 'epoch': 0.68}
{'loss': 0.7344, 'grad_norm': 2.569906711578369, 'learning_rate': 2.4253345360341594e-06, 'epoch': 0.68}
{'loss': 0.7533, 'grad_norm': 2.721590280532837, 'learning_rate': 2.4235519780272754e-06, 'epoch': 0.68}
{'loss': 0.8441, 'grad_norm': 2.3358631134033203, 'learning_rate': 2.4217698657609538e-06, 'epoch': 0.68}
{'loss': 0.8965, 'grad_norm': 2.6302292346954346, 'learning_rate': 2.4199881995435078e-06, 'epoch': 0.68}
{'loss': 0.6125, 'grad_norm': 2.206681966781616, 'learning_rate': 2.4182069796831757e-06, 'epoch': 0.68}
{'loss': 0.8426, 'grad_norm': 2.5652949810028076, 'learning_rate': 2.4164262064881233e-06, 'epoch': 0.68}
{'loss': 0.8982, 'grad_norm': 2.9132261276245117, 'learning_rate': 2.414645880266431e-06, 'epoch': 0.68}
{'loss': 0.7114, 'grad_norm': 2.5885612964630127, 'learning_rate': 2.4128660013261048e-06, 'epoch': 0.68}
{'loss': 0.6639, 'grad_norm': 2.272855043411255, 'learning_rate': 2.411086569975075e-06, 'epoch': 0.68}
{'loss': 0.8735, 'grad_norm': 2.634174346923828, 'learning_rate': 2.409307586521197e-06, 'epoch': 0.68}
{'loss': 0.9371, 'grad_norm': 2.710362672805786, 'learning_rate': 2.4075290512722426e-06, 'epoch': 0.68}
{'loss': 0.8868, 'grad_norm': 2.6654398441314697, 'learning_rate': 2.4057509645359066e-06, 'epoch': 0.68}
{'loss': 0.8527, 'grad_norm': 2.4218742847442627, 'learning_rate': 2.4039733266198106e-06, 'epoch': 0.68}
{'loss': 0.6512, 'grad_norm': 2.281554937362671, 'learning_rate': 2.4021961378314983e-06, 'epoch': 0.68}
{'loss': 0.7452, 'grad_norm': 2.4953951835632324, 'learning_rate': 2.4004193984784324e-06, 'epoch': 0.68}
{'loss': 0.7557, 'grad_norm': 2.36582088470459, 'learning_rate': 2.398643108867996e-06, 'epoch': 0.68}
{'loss': 0.8427, 'grad_norm': 2.607848644256592, 'learning_rate': 2.3968672693075022e-06, 'epoch': 0.68}
{'loss': 0.9175, 'grad_norm': 2.9729456901550293, 'learning_rate': 2.395091880104178e-06, 'epoch': 0.68}
{'loss': 0.9702, 'grad_norm': 2.689347505569458, 'learning_rate': 2.393316941565178e-06, 'epoch': 0.68}
{'loss': 0.7756, 'grad_norm': 2.4211220741271973, 'learning_rate': 2.391542453997578e-06, 'epoch': 0.68}
{'loss': 0.7399, 'grad_norm': 1.921385645866394, 'learning_rate': 2.3897684177083737e-06, 'epoch': 0.68}
{'loss': 0.8038, 'grad_norm': 2.639521598815918, 'learning_rate': 2.3879948330044813e-06, 'epoch': 0.68}
{'loss': 0.814, 'grad_norm': 2.5426387786865234, 'learning_rate': 2.3862217001927433e-06, 'epoch': 0.68}
{'loss': 0.9725, 'grad_norm': 2.6019744873046875, 'learning_rate': 2.384449019579924e-06, 'epoch': 0.68}
{'loss': 0.7029, 'grad_norm': 2.33028507232666, 'learning_rate': 2.382676791472706e-06, 'epoch': 0.69}
{'loss': 0.7621, 'grad_norm': 2.4091198444366455, 'learning_rate': 2.380905016177693e-06, 'epoch': 0.69}
{'loss': 0.8547, 'grad_norm': 2.9058244228363037, 'learning_rate': 2.3791336940014135e-06, 'epoch': 0.69}
{'loss': 1.0562, 'grad_norm': 2.635068655014038, 'learning_rate': 2.37736282525032e-06, 'epoch': 0.69}
{'loss': 0.7968, 'grad_norm': 2.274631977081299, 'learning_rate': 2.3755924102307787e-06, 'epoch': 0.69}
{'loss': 1.0188, 'grad_norm': 2.5751819610595703, 'learning_rate': 2.3738224492490853e-06, 'epoch': 0.69}
{'loss': 0.8878, 'grad_norm': 2.4104251861572266, 'learning_rate': 2.3720529426114514e-06, 'epoch': 0.69}
{'loss': 0.9992, 'grad_norm': 3.2464139461517334, 'learning_rate': 2.37028389062401e-06, 'epoch': 0.69}
{'loss': 0.7971, 'grad_norm': 2.5253405570983887, 'learning_rate': 2.3685152935928203e-06, 'epoch': 0.69}
{'loss': 0.8065, 'grad_norm': 2.8093936443328857, 'learning_rate': 2.3667471518238604e-06, 'epoch': 0.69}
{'loss': 0.7181, 'grad_norm': 2.371372699737549, 'learning_rate': 2.3649794656230285e-06, 'epoch': 0.69}
{'loss': 0.6274, 'grad_norm': 2.157109498977661, 'learning_rate': 2.3632122352961423e-06, 'epoch': 0.69}
{'loss': 0.9228, 'grad_norm': 2.5022079944610596, 'learning_rate': 2.3614454611489444e-06, 'epoch': 0.69}
{'loss': 0.8624, 'grad_norm': 2.547898054122925, 'learning_rate': 2.3596791434871e-06, 'epoch': 0.69}
{'loss': 0.9989, 'grad_norm': 2.728175401687622, 'learning_rate': 2.3579132826161894e-06, 'epoch': 0.69}
{'loss': 0.9023, 'grad_norm': 2.567115545272827, 'learning_rate': 2.3561478788417157e-06, 'epoch': 0.69}
{'loss': 0.7925, 'grad_norm': 2.7329702377319336, 'learning_rate': 2.3543829324691053e-06, 'epoch': 0.69}
{'loss': 0.7722, 'grad_norm': 2.354667901992798, 'learning_rate': 2.352618443803707e-06, 'epoch': 0.69}
{'loss': 0.7269, 'grad_norm': 2.280250072479248, 'learning_rate': 2.3508544131507832e-06, 'epoch': 0.69}
{'loss': 0.7701, 'grad_norm': 2.5247020721435547, 'learning_rate': 2.349090840815525e-06, 'epoch': 0.69}
{'loss': 0.7331, 'grad_norm': 2.382775068283081, 'learning_rate': 2.3473277271030376e-06, 'epoch': 0.69}
{'loss': 0.79, 'grad_norm': 2.450666904449463, 'learning_rate': 2.345565072318354e-06, 'epoch': 0.69}
{'loss': 0.7322, 'grad_norm': 2.3227951526641846, 'learning_rate': 2.343802876766419e-06, 'epoch': 0.69}
{'loss': 0.8302, 'grad_norm': 2.6235597133636475, 'learning_rate': 2.342041140752107e-06, 'epoch': 0.69}
{'loss': 0.7359, 'grad_norm': 2.6267223358154297, 'learning_rate': 2.340279864580207e-06, 'epoch': 0.69}
{'loss': 0.7845, 'grad_norm': 2.4145419597625732, 'learning_rate': 2.338519048555428e-06, 'epoch': 0.69}
{'loss': 0.8328, 'grad_norm': 2.5871787071228027, 'learning_rate': 2.336758692982403e-06, 'epoch': 0.69}
{'loss': 0.7103, 'grad_norm': 2.334589719772339, 'learning_rate': 2.334998798165687e-06, 'epoch': 0.69}
{'loss': 0.8588, 'grad_norm': 2.581778049468994, 'learning_rate': 2.333239364409748e-06, 'epoch': 0.69}
{'loss': 0.9277, 'grad_norm': 2.7448971271514893, 'learning_rate': 2.3314803920189783e-06, 'epoch': 0.69}
{'loss': 0.8888, 'grad_norm': 2.50665020942688, 'learning_rate': 2.3297218812976914e-06, 'epoch': 0.69}
{'loss': 0.8258, 'grad_norm': 2.6542811393737793, 'learning_rate': 2.3279638325501213e-06, 'epoch': 0.69}
{'loss': 0.9024, 'grad_norm': 2.50809907913208, 'learning_rate': 2.3262062460804184e-06, 'epoch': 0.69}
{'loss': 0.7698, 'grad_norm': 2.576702117919922, 'learning_rate': 2.3244491221926583e-06, 'epoch': 0.69}
{'loss': 0.9909, 'grad_norm': 2.735848903656006, 'learning_rate': 2.32269246119083e-06, 'epoch': 0.69}
{'loss': 0.7353, 'grad_norm': 2.3871874809265137, 'learning_rate': 2.3209362633788508e-06, 'epoch': 0.69}
{'loss': 0.9242, 'grad_norm': 2.505524158477783, 'learning_rate': 2.3191805290605473e-06, 'epoch': 0.69}
{'loss': 0.9216, 'grad_norm': 2.6119420528411865, 'learning_rate': 2.317425258539676e-06, 'epoch': 0.69}
{'loss': 0.9065, 'grad_norm': 2.527872085571289, 'learning_rate': 2.3156704521199107e-06, 'epoch': 0.69}
{'loss': 0.7535, 'grad_norm': 2.5571086406707764, 'learning_rate': 2.3139161101048375e-06, 'epoch': 0.69}
{'loss': 0.7657, 'grad_norm': 2.454153537750244, 'learning_rate': 2.3121622327979705e-06, 'epoch': 0.69}
{'loss': 0.8867, 'grad_norm': 2.859412670135498, 'learning_rate': 2.3104088205027426e-06, 'epoch': 0.69}
{'loss': 0.7025, 'grad_norm': 2.5160486698150635, 'learning_rate': 2.308655873522503e-06, 'epoch': 0.69}
{'loss': 0.9102, 'grad_norm': 2.644868850708008, 'learning_rate': 2.306903392160519e-06, 'epoch': 0.69}
{'loss': 0.6337, 'grad_norm': 2.388321876525879, 'learning_rate': 2.305151376719983e-06, 'epoch': 0.69}
{'loss': 0.9693, 'grad_norm': 2.668332099914551, 'learning_rate': 2.3033998275040047e-06, 'epoch': 0.69}
{'loss': 0.7641, 'grad_norm': 2.9255075454711914, 'learning_rate': 2.30164874481561e-06, 'epoch': 0.69}
{'loss': 0.8361, 'grad_norm': 2.5840201377868652, 'learning_rate': 2.2998981289577492e-06, 'epoch': 0.69}
{'loss': 0.7577, 'grad_norm': 2.31046462059021, 'learning_rate': 2.2981479802332856e-06, 'epoch': 0.69}
{'loss': 0.8051, 'grad_norm': 2.3765676021575928, 'learning_rate': 2.296398298945009e-06, 'epoch': 0.69}
{'loss': 0.8056, 'grad_norm': 2.547314167022705, 'learning_rate': 2.2946490853956204e-06, 'epoch': 0.69}
{'loss': 0.8134, 'grad_norm': 2.4939727783203125, 'learning_rate': 2.2929003398877458e-06, 'epoch': 0.69}
{'loss': 1.1196, 'grad_norm': 2.850466251373291, 'learning_rate': 2.291152062723931e-06, 'epoch': 0.69}
{'loss': 0.775, 'grad_norm': 2.720324993133545, 'learning_rate': 2.289404254206636e-06, 'epoch': 0.69}
{'loss': 0.854, 'grad_norm': 2.580526113510132, 'learning_rate': 2.287656914638239e-06, 'epoch': 0.69}
{'loss': 0.6526, 'grad_norm': 2.470763683319092, 'learning_rate': 2.285910044321043e-06, 'epoch': 0.69}
{'loss': 0.8014, 'grad_norm': 2.674766778945923, 'learning_rate': 2.28416364355727e-06, 'epoch': 0.69}
{'loss': 0.7772, 'grad_norm': 2.4712324142456055, 'learning_rate': 2.2824177126490503e-06, 'epoch': 0.69}
{'loss': 0.8788, 'grad_norm': 2.9036426544189453, 'learning_rate': 2.2806722518984435e-06, 'epoch': 0.69}
{'loss': 0.9906, 'grad_norm': 2.648643732070923, 'learning_rate': 2.2789272616074277e-06, 'epoch': 0.69}
{'loss': 0.8065, 'grad_norm': 2.51302433013916, 'learning_rate': 2.277182742077891e-06, 'epoch': 0.69}
{'loss': 0.7638, 'grad_norm': 2.5581281185150146, 'learning_rate': 2.2754386936116496e-06, 'epoch': 0.69}
{'loss': 0.754, 'grad_norm': 2.101733446121216, 'learning_rate': 2.2736951165104305e-06, 'epoch': 0.69}
{'loss': 0.6974, 'grad_norm': 2.550936698913574, 'learning_rate': 2.271952011075887e-06, 'epoch': 0.69}
{'loss': 0.9032, 'grad_norm': 2.6239845752716064, 'learning_rate': 2.270209377609582e-06, 'epoch': 0.69}
{'loss': 0.6368, 'grad_norm': 2.381321430206299, 'learning_rate': 2.268467216413004e-06, 'epoch': 0.69}
{'loss': 0.6971, 'grad_norm': 2.1288607120513916, 'learning_rate': 2.266725527787558e-06, 'epoch': 0.69}
{'loss': 0.8002, 'grad_norm': 2.602416515350342, 'learning_rate': 2.264984312034564e-06, 'epoch': 0.69}
{'loss': 0.8033, 'grad_norm': 2.485550880432129, 'learning_rate': 2.263243569455263e-06, 'epoch': 0.69}
{'loss': 1.0539, 'grad_norm': 2.73197078704834, 'learning_rate': 2.261503300350813e-06, 'epoch': 0.69}
{'loss': 0.642, 'grad_norm': 2.323815107345581, 'learning_rate': 2.259763505022296e-06, 'epoch': 0.69}
{'loss': 0.7645, 'grad_norm': 2.0176329612731934, 'learning_rate': 2.2580241837706983e-06, 'epoch': 0.69}
{'loss': 0.8488, 'grad_norm': 2.3554415702819824, 'learning_rate': 2.2562853368969372e-06, 'epoch': 0.69}
{'loss': 0.9334, 'grad_norm': 3.0464816093444824, 'learning_rate': 2.2545469647018446e-06, 'epoch': 0.69}
{'loss': 1.0618, 'grad_norm': 2.8992855548858643, 'learning_rate': 2.252809067486166e-06, 'epoch': 0.69}
{'loss': 0.7846, 'grad_norm': 2.454866409301758, 'learning_rate': 2.2510716455505704e-06, 'epoch': 0.69}
{'loss': 0.7491, 'grad_norm': 2.413912296295166, 'learning_rate': 2.2493346991956388e-06, 'epoch': 0.69}
{'loss': 0.693, 'grad_norm': 2.6360695362091064, 'learning_rate': 2.2475982287218773e-06, 'epoch': 0.69}
{'loss': 0.7535, 'grad_norm': 2.6192049980163574, 'learning_rate': 2.245862234429701e-06, 'epoch': 0.7}
{'loss': 1.0262, 'grad_norm': 2.8463830947875977, 'learning_rate': 2.2441267166194498e-06, 'epoch': 0.7}
{'loss': 0.6628, 'grad_norm': 2.713329553604126, 'learning_rate': 2.242391675591379e-06, 'epoch': 0.7}
{'loss': 0.7904, 'grad_norm': 2.445873737335205, 'learning_rate': 2.2406571116456597e-06, 'epoch': 0.7}
{'loss': 0.828, 'grad_norm': 2.390127182006836, 'learning_rate': 2.23892302508238e-06, 'epoch': 0.7}
{'loss': 0.9603, 'grad_norm': 2.731234073638916, 'learning_rate': 2.237189416201548e-06, 'epoch': 0.7}
{'loss': 0.6788, 'grad_norm': 2.095008134841919, 'learning_rate': 2.2354562853030914e-06, 'epoch': 0.7}
{'loss': 0.7575, 'grad_norm': 2.469067335128784, 'learning_rate': 2.233723632686849e-06, 'epoch': 0.7}
{'loss': 0.8616, 'grad_norm': 2.67822527885437, 'learning_rate': 2.2319914586525776e-06, 'epoch': 0.7}
{'loss': 0.817, 'grad_norm': 2.5291554927825928, 'learning_rate': 2.230259763499957e-06, 'epoch': 0.7}
{'loss': 0.8528, 'grad_norm': 2.924863338470459, 'learning_rate': 2.2285285475285806e-06, 'epoch': 0.7}
{'loss': 0.7977, 'grad_norm': 2.4560587406158447, 'learning_rate': 2.226797811037958e-06, 'epoch': 0.7}
{'loss': 0.6837, 'grad_norm': 2.509891986846924, 'learning_rate': 2.2250675543275145e-06, 'epoch': 0.7}
{'loss': 0.8713, 'grad_norm': 3.089095115661621, 'learning_rate': 2.2233377776965987e-06, 'epoch': 0.7}
{'loss': 0.7158, 'grad_norm': 2.5722696781158447, 'learning_rate': 2.2216084814444685e-06, 'epoch': 0.7}
{'loss': 1.0742, 'grad_norm': 2.8655261993408203, 'learning_rate': 2.219879665870303e-06, 'epoch': 0.7}
{'loss': 0.9527, 'grad_norm': 2.641777753829956, 'learning_rate': 2.2181513312732007e-06, 'epoch': 0.7}
{'loss': 0.9874, 'grad_norm': 2.513880729675293, 'learning_rate': 2.216423477952171e-06, 'epoch': 0.7}
{'loss': 0.8125, 'grad_norm': 2.457289695739746, 'learning_rate': 2.21469610620614e-06, 'epoch': 0.7}
{'loss': 0.8936, 'grad_norm': 2.8219692707061768, 'learning_rate': 2.2129692163339567e-06, 'epoch': 0.7}
{'loss': 0.6175, 'grad_norm': 2.498728036880493, 'learning_rate': 2.2112428086343836e-06, 'epoch': 0.7}
{'loss': 1.0388, 'grad_norm': 2.7452661991119385, 'learning_rate': 2.2095168834060982e-06, 'epoch': 0.7}
{'loss': 0.7994, 'grad_norm': 2.4165701866149902, 'learning_rate': 2.2077914409476932e-06, 'epoch': 0.7}
{'loss': 0.9536, 'grad_norm': 3.0028553009033203, 'learning_rate': 2.206066481557682e-06, 'epoch': 0.7}
{'loss': 0.8225, 'grad_norm': 2.550877809524536, 'learning_rate': 2.2043420055344956e-06, 'epoch': 0.7}
{'loss': 0.7854, 'grad_norm': 2.4395954608917236, 'learning_rate': 2.202618013176476e-06, 'epoch': 0.7}
{'loss': 1.0676, 'grad_norm': 2.6864070892333984, 'learning_rate': 2.2008945047818812e-06, 'epoch': 0.7}
{'loss': 1.0242, 'grad_norm': 2.6083340644836426, 'learning_rate': 2.1991714806488915e-06, 'epoch': 0.7}
{'loss': 0.7323, 'grad_norm': 2.564692497253418, 'learning_rate': 2.197448941075601e-06, 'epoch': 0.7}
{'loss': 0.8882, 'grad_norm': 2.754117488861084, 'learning_rate': 2.195726886360016e-06, 'epoch': 0.7}
{'loss': 0.9047, 'grad_norm': 2.8642454147338867, 'learning_rate': 2.1940053168000653e-06, 'epoch': 0.7}
{'loss': 0.9305, 'grad_norm': 2.7418015003204346, 'learning_rate': 2.192284232693589e-06, 'epoch': 0.7}
{'loss': 0.8146, 'grad_norm': 2.5338547229766846, 'learning_rate': 2.1905636343383425e-06, 'epoch': 0.7}
{'loss': 0.6461, 'grad_norm': 2.4191384315490723, 'learning_rate': 2.1888435220320016e-06, 'epoch': 0.7}
{'loss': 0.7695, 'grad_norm': 2.320220947265625, 'learning_rate': 2.187123896072157e-06, 'epoch': 0.7}
{'loss': 0.7036, 'grad_norm': 2.439190626144409, 'learning_rate': 2.185404756756313e-06, 'epoch': 0.7}
{'loss': 0.6549, 'grad_norm': 2.419062614440918, 'learning_rate': 2.1836861043818886e-06, 'epoch': 0.7}
{'loss': 0.6745, 'grad_norm': 2.118332862854004, 'learning_rate': 2.1819679392462218e-06, 'epoch': 0.7}
{'loss': 0.6183, 'grad_norm': 2.3379979133605957, 'learning_rate': 2.180250261646568e-06, 'epoch': 0.7}
{'loss': 0.6594, 'grad_norm': 2.2688181400299072, 'learning_rate': 2.178533071880094e-06, 'epoch': 0.7}
{'loss': 0.7633, 'grad_norm': 2.5383763313293457, 'learning_rate': 2.1768163702438806e-06, 'epoch': 0.7}
{'loss': 0.8593, 'grad_norm': 2.6049773693084717, 'learning_rate': 2.1751001570349293e-06, 'epoch': 0.7}
{'loss': 0.7828, 'grad_norm': 2.116858959197998, 'learning_rate': 2.1733844325501573e-06, 'epoch': 0.7}
{'loss': 0.9562, 'grad_norm': 2.6101601123809814, 'learning_rate': 2.1716691970863913e-06, 'epoch': 0.7}
{'loss': 0.9803, 'grad_norm': 2.6585888862609863, 'learning_rate': 2.1699544509403808e-06, 'epoch': 0.7}
{'loss': 0.9975, 'grad_norm': 2.5558197498321533, 'learning_rate': 2.1682401944087846e-06, 'epoch': 0.7}
{'loss': 0.8073, 'grad_norm': 2.5187621116638184, 'learning_rate': 2.166526427788177e-06, 'epoch': 0.7}
{'loss': 0.9335, 'grad_norm': 2.5158627033233643, 'learning_rate': 2.1648131513750526e-06, 'epoch': 0.7}
{'loss': 0.8122, 'grad_norm': 2.410508632659912, 'learning_rate': 2.1631003654658195e-06, 'epoch': 0.7}
{'loss': 1.0179, 'grad_norm': 2.673008680343628, 'learning_rate': 2.1613880703567973e-06, 'epoch': 0.7}
{'loss': 1.0135, 'grad_norm': 2.5669963359832764, 'learning_rate': 2.159676266344222e-06, 'epoch': 0.7}
{'loss': 0.9199, 'grad_norm': 2.8021492958068848, 'learning_rate': 2.157964953724247e-06, 'epoch': 0.7}
{'loss': 0.7707, 'grad_norm': 2.3961679935455322, 'learning_rate': 2.1562541327929415e-06, 'epoch': 0.7}
{'loss': 0.7413, 'grad_norm': 2.39807391166687, 'learning_rate': 2.1545438038462834e-06, 'epoch': 0.7}
{'loss': 0.8879, 'grad_norm': 2.8639280796051025, 'learning_rate': 2.1528339671801745e-06, 'epoch': 0.7}
{'loss': 0.7936, 'grad_norm': 2.499417781829834, 'learning_rate': 2.1511246230904213e-06, 'epoch': 0.7}
{'loss': 0.7299, 'grad_norm': 2.4850776195526123, 'learning_rate': 2.149415771872755e-06, 'epoch': 0.7}
{'loss': 0.7578, 'grad_norm': 2.3405866622924805, 'learning_rate': 2.1477074138228128e-06, 'epoch': 0.7}
{'loss': 0.7197, 'grad_norm': 2.320474863052368, 'learning_rate': 2.145999549236154e-06, 'epoch': 0.7}
{'loss': 0.91, 'grad_norm': 2.7513647079467773, 'learning_rate': 2.1442921784082468e-06, 'epoch': 0.7}
{'loss': 0.7237, 'grad_norm': 2.4617278575897217, 'learning_rate': 2.1425853016344785e-06, 'epoch': 0.7}
{'loss': 0.9716, 'grad_norm': 2.479987382888794, 'learning_rate': 2.1408789192101455e-06, 'epoch': 0.7}
{'loss': 0.7681, 'grad_norm': 2.5254573822021484, 'learning_rate': 2.1391730314304637e-06, 'epoch': 0.7}
{'loss': 1.0125, 'grad_norm': 2.741990327835083, 'learning_rate': 2.1374676385905658e-06, 'epoch': 0.7}
{'loss': 1.0065, 'grad_norm': 3.0796172618865967, 'learning_rate': 2.135762740985487e-06, 'epoch': 0.7}
{'loss': 0.8925, 'grad_norm': 2.372633695602417, 'learning_rate': 2.134058338910188e-06, 'epoch': 0.7}
{'loss': 0.9085, 'grad_norm': 2.5273382663726807, 'learning_rate': 2.1323544326595435e-06, 'epoch': 0.7}
{'loss': 0.6885, 'grad_norm': 2.4609813690185547, 'learning_rate': 2.130651022528334e-06, 'epoch': 0.7}
{'loss': 0.9145, 'grad_norm': 2.8821094036102295, 'learning_rate': 2.1289481088112633e-06, 'epoch': 0.7}
{'loss': 0.7756, 'grad_norm': 2.353502035140991, 'learning_rate': 2.1272456918029423e-06, 'epoch': 0.7}
{'loss': 0.7829, 'grad_norm': 2.3569095134735107, 'learning_rate': 2.1255437717979024e-06, 'epoch': 0.7}
{'loss': 0.7462, 'grad_norm': 2.6540815830230713, 'learning_rate': 2.1238423490905822e-06, 'epoch': 0.7}
{'loss': 0.9087, 'grad_norm': 2.6210813522338867, 'learning_rate': 2.1221414239753415e-06, 'epoch': 0.7}
{'loss': 0.8963, 'grad_norm': 2.4887423515319824, 'learning_rate': 2.120440996746446e-06, 'epoch': 0.7}
{'loss': 0.7078, 'grad_norm': 2.132730007171631, 'learning_rate': 2.1187410676980845e-06, 'epoch': 0.7}
{'loss': 0.7131, 'grad_norm': 2.2369956970214844, 'learning_rate': 2.1170416371243495e-06, 'epoch': 0.7}
{'loss': 0.7302, 'grad_norm': 2.266650676727295, 'learning_rate': 2.1153427053192553e-06, 'epoch': 0.7}
{'loss': 0.9124, 'grad_norm': 2.3301405906677246, 'learning_rate': 2.113644272576731e-06, 'epoch': 0.71}
{'loss': 0.8181, 'grad_norm': 2.6895647048950195, 'learning_rate': 2.1119463391906063e-06, 'epoch': 0.71}
{'loss': 0.9515, 'grad_norm': 3.021840810775757, 'learning_rate': 2.110248905454639e-06, 'epoch': 0.71}
{'loss': 0.7996, 'grad_norm': 2.631335735321045, 'learning_rate': 2.108551971662496e-06, 'epoch': 0.71}
{'loss': 0.7608, 'grad_norm': 2.625622272491455, 'learning_rate': 2.106855538107754e-06, 'epoch': 0.71}
{'loss': 0.8314, 'grad_norm': 2.9412002563476562, 'learning_rate': 2.105159605083908e-06, 'epoch': 0.71}
{'loss': 0.8573, 'grad_norm': 2.473384141921997, 'learning_rate': 2.103464172884362e-06, 'epoch': 0.71}
{'loss': 0.855, 'grad_norm': 2.6219186782836914, 'learning_rate': 2.101769241802439e-06, 'epoch': 0.71}
{'loss': 0.8255, 'grad_norm': 2.4193003177642822, 'learning_rate': 2.100074812131368e-06, 'epoch': 0.71}
{'loss': 0.7215, 'grad_norm': 2.349292755126953, 'learning_rate': 2.0983808841642996e-06, 'epoch': 0.71}
{'loss': 1.0641, 'grad_norm': 3.034808397293091, 'learning_rate': 2.096687458194289e-06, 'epoch': 0.71}
{'loss': 0.7705, 'grad_norm': 3.111818313598633, 'learning_rate': 2.0949945345143118e-06, 'epoch': 0.71}
{'loss': 0.9575, 'grad_norm': 2.7059104442596436, 'learning_rate': 2.0933021134172517e-06, 'epoch': 0.71}
{'loss': 0.7613, 'grad_norm': 2.3975396156311035, 'learning_rate': 2.091610195195908e-06, 'epoch': 0.71}
{'loss': 0.9103, 'grad_norm': 2.9150006771087646, 'learning_rate': 2.0899187801429944e-06, 'epoch': 0.71}
{'loss': 0.9595, 'grad_norm': 2.6159210205078125, 'learning_rate': 2.0882278685511343e-06, 'epoch': 0.71}
{'loss': 1.0445, 'grad_norm': 2.684138059616089, 'learning_rate': 2.086537460712863e-06, 'epoch': 0.71}
{'loss': 0.817, 'grad_norm': 2.303341865539551, 'learning_rate': 2.0848475569206334e-06, 'epoch': 0.71}
{'loss': 0.8044, 'grad_norm': 2.6157140731811523, 'learning_rate': 2.0831581574668096e-06, 'epoch': 0.71}
{'loss': 0.6721, 'grad_norm': 2.4144389629364014, 'learning_rate': 2.0814692626436663e-06, 'epoch': 0.71}
{'loss': 0.9371, 'grad_norm': 2.7383241653442383, 'learning_rate': 2.07978087274339e-06, 'epoch': 0.71}
{'loss': 0.7704, 'grad_norm': 2.959845542907715, 'learning_rate': 2.078092988058086e-06, 'epoch': 0.71}
{'loss': 0.8491, 'grad_norm': 2.4810335636138916, 'learning_rate': 2.0764056088797646e-06, 'epoch': 0.71}
{'loss': 0.8684, 'grad_norm': 2.505544424057007, 'learning_rate': 2.074718735500354e-06, 'epoch': 0.71}
{'loss': 0.8273, 'grad_norm': 2.751516103744507, 'learning_rate': 2.0730323682116947e-06, 'epoch': 0.71}
{'loss': 0.8007, 'grad_norm': 2.521794319152832, 'learning_rate': 2.0713465073055373e-06, 'epoch': 0.71}
{'loss': 0.8317, 'grad_norm': 2.507891893386841, 'learning_rate': 2.0696611530735422e-06, 'epoch': 0.71}
{'loss': 0.7987, 'grad_norm': 2.6632227897644043, 'learning_rate': 2.0679763058072883e-06, 'epoch': 0.71}
{'loss': 0.6866, 'grad_norm': 2.2934646606445312, 'learning_rate': 2.0662919657982654e-06, 'epoch': 0.71}
{'loss': 0.8288, 'grad_norm': 2.6507387161254883, 'learning_rate': 2.0646081333378733e-06, 'epoch': 0.71}
{'loss': 0.821, 'grad_norm': 2.4571971893310547, 'learning_rate': 2.062924808717422e-06, 'epoch': 0.71}
{'loss': 0.7033, 'grad_norm': 2.402533531188965, 'learning_rate': 2.0612419922281383e-06, 'epoch': 0.71}
{'loss': 0.9223, 'grad_norm': 2.823678970336914, 'learning_rate': 2.059559684161162e-06, 'epoch': 0.71}
{'loss': 0.8058, 'grad_norm': 2.399672508239746, 'learning_rate': 2.0578778848075392e-06, 'epoch': 0.71}
{'loss': 0.7259, 'grad_norm': 2.3846311569213867, 'learning_rate': 2.05619659445823e-06, 'epoch': 0.71}
{'loss': 0.8185, 'grad_norm': 2.5873141288757324, 'learning_rate': 2.0545158134041114e-06, 'epoch': 0.71}
{'loss': 0.7494, 'grad_norm': 2.6514604091644287, 'learning_rate': 2.052835541935964e-06, 'epoch': 0.71}
{'loss': 0.8112, 'grad_norm': 2.5513713359832764, 'learning_rate': 2.051155780344487e-06, 'epoch': 0.71}
{'loss': 0.7442, 'grad_norm': 2.520690679550171, 'learning_rate': 2.04947652892029e-06, 'epoch': 0.71}
{'loss': 0.7701, 'grad_norm': 2.2090470790863037, 'learning_rate': 2.047797787953892e-06, 'epoch': 0.71}
{'loss': 0.6377, 'grad_norm': 2.2692341804504395, 'learning_rate': 2.0461195577357234e-06, 'epoch': 0.71}
{'loss': 0.7095, 'grad_norm': 2.3936314582824707, 'learning_rate': 2.0444418385561286e-06, 'epoch': 0.71}
{'loss': 0.6634, 'grad_norm': 2.212930679321289, 'learning_rate': 2.0427646307053662e-06, 'epoch': 0.71}
{'loss': 0.8151, 'grad_norm': 2.7281196117401123, 'learning_rate': 2.0410879344736e-06, 'epoch': 0.71}
{'loss': 0.7934, 'grad_norm': 2.4593636989593506, 'learning_rate': 2.039411750150907e-06, 'epoch': 0.71}
{'loss': 0.8512, 'grad_norm': 2.437798261642456, 'learning_rate': 2.037736078027278e-06, 'epoch': 0.71}
{'loss': 0.7105, 'grad_norm': 2.452501058578491, 'learning_rate': 2.0360609183926165e-06, 'epoch': 0.71}
{'loss': 0.7997, 'grad_norm': 2.5078628063201904, 'learning_rate': 2.0343862715367337e-06, 'epoch': 0.71}
{'loss': 0.8067, 'grad_norm': 2.3772926330566406, 'learning_rate': 2.0327121377493496e-06, 'epoch': 0.71}
{'loss': 0.9989, 'grad_norm': 2.686713695526123, 'learning_rate': 2.0310385173201026e-06, 'epoch': 0.71}
{'loss': 0.8603, 'grad_norm': 2.7433741092681885, 'learning_rate': 2.0293654105385403e-06, 'epoch': 0.71}
{'loss': 0.8675, 'grad_norm': 2.4755918979644775, 'learning_rate': 2.0276928176941157e-06, 'epoch': 0.71}
{'loss': 0.7845, 'grad_norm': 2.823622465133667, 'learning_rate': 2.026020739076201e-06, 'epoch': 0.71}
{'loss': 0.8834, 'grad_norm': 2.947434902191162, 'learning_rate': 2.024349174974074e-06, 'epoch': 0.71}
{'loss': 0.583, 'grad_norm': 2.2378571033477783, 'learning_rate': 2.0226781256769236e-06, 'epoch': 0.71}
{'loss': 0.852, 'grad_norm': 2.60899019241333, 'learning_rate': 2.021007591473852e-06, 'epoch': 0.71}
{'loss': 0.7161, 'grad_norm': 2.7316601276397705, 'learning_rate': 2.0193375726538737e-06, 'epoch': 0.71}
{'loss': 1.1318, 'grad_norm': 2.7855119705200195, 'learning_rate': 2.01766806950591e-06, 'epoch': 0.71}
{'loss': 0.7444, 'grad_norm': 2.2867186069488525, 'learning_rate': 2.0159990823187932e-06, 'epoch': 0.71}
{'loss': 1.0154, 'grad_norm': 2.7330737113952637, 'learning_rate': 2.0143306113812683e-06, 'epoch': 0.71}
{'loss': 0.9014, 'grad_norm': 2.856794595718384, 'learning_rate': 2.0126626569819935e-06, 'epoch': 0.71}
{'loss': 0.8522, 'grad_norm': 2.6794018745422363, 'learning_rate': 2.010995219409533e-06, 'epoch': 0.71}
{'loss': 0.7946, 'grad_norm': 2.4745240211486816, 'learning_rate': 2.0093282989523606e-06, 'epoch': 0.71}
{'loss': 0.9245, 'grad_norm': 2.488830804824829, 'learning_rate': 2.0076618958988652e-06, 'epoch': 0.71}
{'loss': 0.7433, 'grad_norm': 2.561563730239868, 'learning_rate': 2.0059960105373468e-06, 'epoch': 0.71}
{'loss': 0.9524, 'grad_norm': 2.654585361480713, 'learning_rate': 2.004330643156009e-06, 'epoch': 0.71}
{'loss': 0.6434, 'grad_norm': 2.4958953857421875, 'learning_rate': 2.002665794042974e-06, 'epoch': 0.71}
{'loss': 0.8991, 'grad_norm': 2.7992959022521973, 'learning_rate': 2.0010014634862667e-06, 'epoch': 0.71}
{'loss': 0.9051, 'grad_norm': 2.484586000442505, 'learning_rate': 1.99933765177383e-06, 'epoch': 0.71}
{'loss': 0.6959, 'grad_norm': 2.4841251373291016, 'learning_rate': 1.9976743591935087e-06, 'epoch': 0.71}
{'loss': 0.6914, 'grad_norm': 2.575469970703125, 'learning_rate': 1.9960115860330647e-06, 'epoch': 0.71}
{'loss': 1.1029, 'grad_norm': 2.7689390182495117, 'learning_rate': 1.9943493325801705e-06, 'epoch': 0.71}
{'loss': 0.7391, 'grad_norm': 2.342090368270874, 'learning_rate': 1.992687599122399e-06, 'epoch': 0.71}
{'loss': 0.7151, 'grad_norm': 2.8634963035583496, 'learning_rate': 1.9910263859472424e-06, 'epoch': 0.71}
{'loss': 0.6899, 'grad_norm': 2.4049062728881836, 'learning_rate': 1.989365693342103e-06, 'epoch': 0.71}
{'loss': 0.749, 'grad_norm': 1.9121041297912598, 'learning_rate': 1.9877055215942885e-06, 'epoch': 0.71}
{'loss': 0.8815, 'grad_norm': 3.1084117889404297, 'learning_rate': 1.986045870991016e-06, 'epoch': 0.71}
{'loss': 1.0004, 'grad_norm': 2.8343207836151123, 'learning_rate': 1.9843867418194172e-06, 'epoch': 0.71}
{'loss': 0.7585, 'grad_norm': 2.5448405742645264, 'learning_rate': 1.9827281343665326e-06, 'epoch': 0.72}
{'loss': 0.7174, 'grad_norm': 2.595869302749634, 'learning_rate': 1.9810700489193075e-06, 'epoch': 0.72}
{'loss': 0.6876, 'grad_norm': 2.1565194129943848, 'learning_rate': 1.979412485764603e-06, 'epoch': 0.72}
{'loss': 0.6615, 'grad_norm': 2.304548978805542, 'learning_rate': 1.9777554451891852e-06, 'epoch': 0.72}
{'loss': 0.9929, 'grad_norm': 2.6295323371887207, 'learning_rate': 1.9760989274797345e-06, 'epoch': 0.72}
{'loss': 0.7124, 'grad_norm': 2.3622915744781494, 'learning_rate': 1.9744429329228348e-06, 'epoch': 0.72}
{'loss': 0.6976, 'grad_norm': 2.3288462162017822, 'learning_rate': 1.9727874618049842e-06, 'epoch': 0.72}
{'loss': 0.7334, 'grad_norm': 2.4311985969543457, 'learning_rate': 1.9711325144125928e-06, 'epoch': 0.72}
{'loss': 0.9325, 'grad_norm': 2.5644564628601074, 'learning_rate': 1.969478091031969e-06, 'epoch': 0.72}
{'loss': 0.9917, 'grad_norm': 2.870910882949829, 'learning_rate': 1.967824191949341e-06, 'epoch': 0.72}
{'loss': 0.818, 'grad_norm': 2.844243049621582, 'learning_rate': 1.966170817450846e-06, 'epoch': 0.72}
{'loss': 0.7451, 'grad_norm': 2.4051389694213867, 'learning_rate': 1.964517967822524e-06, 'epoch': 0.72}
{'loss': 0.7061, 'grad_norm': 2.6555380821228027, 'learning_rate': 1.9628656433503268e-06, 'epoch': 0.72}
{'loss': 0.7667, 'grad_norm': 2.591041326522827, 'learning_rate': 1.9612138443201177e-06, 'epoch': 0.72}
{'loss': 0.6301, 'grad_norm': 2.4461288452148438, 'learning_rate': 1.9595625710176697e-06, 'epoch': 0.72}
{'loss': 0.8495, 'grad_norm': 2.3925259113311768, 'learning_rate': 1.957911823728658e-06, 'epoch': 0.72}
{'loss': 0.8008, 'grad_norm': 2.57844614982605, 'learning_rate': 1.956261602738677e-06, 'epoch': 0.72}
{'loss': 0.8173, 'grad_norm': 2.3590784072875977, 'learning_rate': 1.9546119083332193e-06, 'epoch': 0.72}
{'loss': 0.8866, 'grad_norm': 2.4800918102264404, 'learning_rate': 1.9529627407976964e-06, 'epoch': 0.72}
{'loss': 0.764, 'grad_norm': 2.639939546585083, 'learning_rate': 1.9513141004174197e-06, 'epoch': 0.72}
{'loss': 1.0172, 'grad_norm': 2.7259883880615234, 'learning_rate': 1.9496659874776157e-06, 'epoch': 0.72}
{'loss': 1.0161, 'grad_norm': 2.902001142501831, 'learning_rate': 1.948018402263419e-06, 'epoch': 0.72}
{'loss': 0.9109, 'grad_norm': 2.8876500129699707, 'learning_rate': 1.94637134505987e-06, 'epoch': 0.72}
{'loss': 0.8359, 'grad_norm': 2.6988818645477295, 'learning_rate': 1.944724816151917e-06, 'epoch': 0.72}
{'loss': 0.924, 'grad_norm': 2.5381953716278076, 'learning_rate': 1.943078815824422e-06, 'epoch': 0.72}
{'loss': 0.8709, 'grad_norm': 2.7714712619781494, 'learning_rate': 1.941433344362153e-06, 'epoch': 0.72}
{'loss': 0.8486, 'grad_norm': 2.518419027328491, 'learning_rate': 1.9397884020497853e-06, 'epoch': 0.72}
{'loss': 0.76, 'grad_norm': 2.5465309619903564, 'learning_rate': 1.938143989171902e-06, 'epoch': 0.72}
{'loss': 0.6334, 'grad_norm': 2.40132212638855, 'learning_rate': 1.9365001060129983e-06, 'epoch': 0.72}
{'loss': 0.6622, 'grad_norm': 2.0449726581573486, 'learning_rate': 1.934856752857474e-06, 'epoch': 0.72}
{'loss': 0.7553, 'grad_norm': 2.4611148834228516, 'learning_rate': 1.9332139299896407e-06, 'epoch': 0.72}
{'loss': 0.9128, 'grad_norm': 3.1205852031707764, 'learning_rate': 1.931571637693714e-06, 'epoch': 0.72}
{'loss': 0.8636, 'grad_norm': 2.507411241531372, 'learning_rate': 1.929929876253822e-06, 'epoch': 0.72}
{'loss': 0.8978, 'grad_norm': 2.6838014125823975, 'learning_rate': 1.928288645953997e-06, 'epoch': 0.72}
{'loss': 0.7214, 'grad_norm': 2.354719638824463, 'learning_rate': 1.9266479470781836e-06, 'epoch': 0.72}
{'loss': 0.6372, 'grad_norm': 1.746624231338501, 'learning_rate': 1.9250077799102323e-06, 'epoch': 0.72}
{'loss': 0.7652, 'grad_norm': 2.3477425575256348, 'learning_rate': 1.923368144733901e-06, 'epoch': 0.72}
{'loss': 0.7236, 'grad_norm': 2.493791103363037, 'learning_rate': 1.921729041832854e-06, 'epoch': 0.72}
{'loss': 0.7341, 'grad_norm': 2.5187602043151855, 'learning_rate': 1.9200904714906674e-06, 'epoch': 0.72}
{'loss': 0.812, 'grad_norm': 2.4733824729919434, 'learning_rate': 1.9184524339908258e-06, 'epoch': 0.72}
{'loss': 0.9366, 'grad_norm': 2.8726000785827637, 'learning_rate': 1.9168149296167165e-06, 'epoch': 0.72}
{'loss': 0.7763, 'grad_norm': 2.385425329208374, 'learning_rate': 1.9151779586516366e-06, 'epoch': 0.72}
{'loss': 1.0285, 'grad_norm': 2.6713457107543945, 'learning_rate': 1.9135415213787945e-06, 'epoch': 0.72}
{'loss': 0.856, 'grad_norm': 2.543833017349243, 'learning_rate': 1.9119056180813e-06, 'epoch': 0.72}
{'loss': 0.8091, 'grad_norm': 2.53725004196167, 'learning_rate': 1.9102702490421777e-06, 'epoch': 0.72}
{'loss': 0.8769, 'grad_norm': 3.2366509437561035, 'learning_rate': 1.908635414544352e-06, 'epoch': 0.72}
{'loss': 0.8597, 'grad_norm': 2.3768184185028076, 'learning_rate': 1.907001114870663e-06, 'epoch': 0.72}
{'loss': 0.7322, 'grad_norm': 2.319589138031006, 'learning_rate': 1.90536735030385e-06, 'epoch': 0.72}
{'loss': 0.641, 'grad_norm': 2.729140043258667, 'learning_rate': 1.9037341211265659e-06, 'epoch': 0.72}
{'loss': 0.9476, 'grad_norm': 2.3993325233459473, 'learning_rate': 1.9021014276213706e-06, 'epoch': 0.72}
{'loss': 0.7576, 'grad_norm': 2.5256950855255127, 'learning_rate': 1.9004692700707272e-06, 'epoch': 0.72}
{'loss': 0.6747, 'grad_norm': 2.3436715602874756, 'learning_rate': 1.898837648757008e-06, 'epoch': 0.72}
{'loss': 0.7885, 'grad_norm': 2.5252532958984375, 'learning_rate': 1.8972065639624943e-06, 'epoch': 0.72}
{'loss': 0.8814, 'grad_norm': 2.6284282207489014, 'learning_rate': 1.8955760159693742e-06, 'epoch': 0.72}
{'loss': 0.6362, 'grad_norm': 2.330984115600586, 'learning_rate': 1.8939460050597413e-06, 'epoch': 0.72}
{'loss': 0.7552, 'grad_norm': 2.512441873550415, 'learning_rate': 1.8923165315155945e-06, 'epoch': 0.72}
{'loss': 0.8805, 'grad_norm': 2.626249313354492, 'learning_rate': 1.8906875956188448e-06, 'epoch': 0.72}
{'loss': 1.0395, 'grad_norm': 2.622812032699585, 'learning_rate': 1.889059197651309e-06, 'epoch': 0.72}
{'loss': 0.7226, 'grad_norm': 2.241039276123047, 'learning_rate': 1.8874313378947073e-06, 'epoch': 0.72}
{'loss': 0.8665, 'grad_norm': 2.6632237434387207, 'learning_rate': 1.8858040166306679e-06, 'epoch': 0.72}
{'loss': 0.8759, 'grad_norm': 2.5099117755889893, 'learning_rate': 1.88417723414073e-06, 'epoch': 0.72}
{'loss': 1.0291, 'grad_norm': 2.7828757762908936, 'learning_rate': 1.8825509907063328e-06, 'epoch': 0.72}
{'loss': 0.7864, 'grad_norm': 2.555774211883545, 'learning_rate': 1.880925286608828e-06, 'epoch': 0.72}
{'loss': 0.9007, 'grad_norm': 2.377323627471924, 'learning_rate': 1.8793001221294738e-06, 'epoch': 0.72}
{'loss': 0.7207, 'grad_norm': 2.499293327331543, 'learning_rate': 1.877675497549431e-06, 'epoch': 0.72}
{'loss': 0.7696, 'grad_norm': 2.5824859142303467, 'learning_rate': 1.8760514131497677e-06, 'epoch': 0.72}
{'loss': 0.9122, 'grad_norm': 2.5692760944366455, 'learning_rate': 1.8744278692114615e-06, 'epoch': 0.72}
{'loss': 0.8125, 'grad_norm': 2.545318126678467, 'learning_rate': 1.8728048660153963e-06, 'epoch': 0.72}
{'loss': 0.9033, 'grad_norm': 2.8115875720977783, 'learning_rate': 1.8711824038423605e-06, 'epoch': 0.72}
{'loss': 0.6744, 'grad_norm': 2.266519784927368, 'learning_rate': 1.8695604829730474e-06, 'epoch': 0.72}
{'loss': 0.6691, 'grad_norm': 1.9942768812179565, 'learning_rate': 1.8679391036880601e-06, 'epoch': 0.72}
{'loss': 0.8021, 'grad_norm': 2.632098913192749, 'learning_rate': 1.8663182662679085e-06, 'epoch': 0.72}
{'loss': 0.7779, 'grad_norm': 2.4746205806732178, 'learning_rate': 1.8646979709930036e-06, 'epoch': 0.72}
{'loss': 0.8303, 'grad_norm': 2.473954200744629, 'learning_rate': 1.8630782181436697e-06, 'epoch': 0.72}
{'loss': 1.0041, 'grad_norm': 2.728451728820801, 'learning_rate': 1.8614590080001315e-06, 'epoch': 0.72}
{'loss': 0.9775, 'grad_norm': 2.6971933841705322, 'learning_rate': 1.8598403408425197e-06, 'epoch': 0.72}
{'loss': 0.9169, 'grad_norm': 2.758201837539673, 'learning_rate': 1.8582222169508758e-06, 'epoch': 0.72}
{'loss': 0.8941, 'grad_norm': 2.5758159160614014, 'learning_rate': 1.856604636605146e-06, 'epoch': 0.72}
{'loss': 0.7901, 'grad_norm': 2.3817129135131836, 'learning_rate': 1.854987600085179e-06, 'epoch': 0.73}
{'loss': 0.7236, 'grad_norm': 2.3130061626434326, 'learning_rate': 1.85337110767073e-06, 'epoch': 0.73}
{'loss': 0.7661, 'grad_norm': 2.5406882762908936, 'learning_rate': 1.851755159641464e-06, 'epoch': 0.73}
{'loss': 0.792, 'grad_norm': 2.4810149669647217, 'learning_rate': 1.8501397562769509e-06, 'epoch': 0.73}
{'loss': 0.7282, 'grad_norm': 2.424081802368164, 'learning_rate': 1.8485248978566628e-06, 'epoch': 0.73}
{'loss': 0.687, 'grad_norm': 2.3966867923736572, 'learning_rate': 1.8469105846599777e-06, 'epoch': 0.73}
{'loss': 0.7542, 'grad_norm': 2.3000974655151367, 'learning_rate': 1.8452968169661838e-06, 'epoch': 0.73}
{'loss': 0.7764, 'grad_norm': 2.5936203002929688, 'learning_rate': 1.8436835950544735e-06, 'epoch': 0.73}
{'loss': 0.7055, 'grad_norm': 2.470428943634033, 'learning_rate': 1.8420709192039405e-06, 'epoch': 0.73}
{'loss': 0.6048, 'grad_norm': 2.3302536010742188, 'learning_rate': 1.8404587896935905e-06, 'epoch': 0.73}
{'loss': 0.7387, 'grad_norm': 2.29929256439209, 'learning_rate': 1.8388472068023272e-06, 'epoch': 0.73}
{'loss': 0.6519, 'grad_norm': 2.334625482559204, 'learning_rate': 1.837236170808968e-06, 'epoch': 0.73}
{'loss': 0.8592, 'grad_norm': 2.811842918395996, 'learning_rate': 1.8356256819922285e-06, 'epoch': 0.73}
{'loss': 0.7023, 'grad_norm': 2.432539463043213, 'learning_rate': 1.834015740630735e-06, 'epoch': 0.73}
{'loss': 0.8235, 'grad_norm': 2.308356523513794, 'learning_rate': 1.8324063470030161e-06, 'epoch': 0.73}
{'loss': 0.7754, 'grad_norm': 2.6600394248962402, 'learning_rate': 1.830797501387504e-06, 'epoch': 0.73}
{'loss': 0.6344, 'grad_norm': 2.2646024227142334, 'learning_rate': 1.8291892040625403e-06, 'epoch': 0.73}
{'loss': 0.7524, 'grad_norm': 2.498039484024048, 'learning_rate': 1.8275814553063714e-06, 'epoch': 0.73}
{'loss': 0.7847, 'grad_norm': 2.631467580795288, 'learning_rate': 1.8259742553971454e-06, 'epoch': 0.73}
{'loss': 0.8767, 'grad_norm': 2.7049338817596436, 'learning_rate': 1.824367604612916e-06, 'epoch': 0.73}
{'loss': 0.7488, 'grad_norm': 2.5097668170928955, 'learning_rate': 1.8227615032316442e-06, 'epoch': 0.73}
{'loss': 0.8434, 'grad_norm': 2.4269726276397705, 'learning_rate': 1.8211559515311977e-06, 'epoch': 0.73}
{'loss': 0.8353, 'grad_norm': 2.5439066886901855, 'learning_rate': 1.8195509497893421e-06, 'epoch': 0.73}
{'loss': 0.8585, 'grad_norm': 2.806152820587158, 'learning_rate': 1.8179464982837553e-06, 'epoch': 0.73}
{'loss': 0.9337, 'grad_norm': 2.5252487659454346, 'learning_rate': 1.816342597292014e-06, 'epoch': 0.73}
{'loss': 0.7587, 'grad_norm': 2.5222573280334473, 'learning_rate': 1.8147392470916053e-06, 'epoch': 0.73}
{'loss': 0.7607, 'grad_norm': 2.62290096282959, 'learning_rate': 1.8131364479599156e-06, 'epoch': 0.73}
{'loss': 0.7163, 'grad_norm': 2.3011627197265625, 'learning_rate': 1.8115342001742392e-06, 'epoch': 0.73}
{'loss': 0.9502, 'grad_norm': 2.687042236328125, 'learning_rate': 1.8099325040117765e-06, 'epoch': 0.73}
{'loss': 0.9334, 'grad_norm': 2.7442433834075928, 'learning_rate': 1.8083313597496289e-06, 'epoch': 0.73}
{'loss': 0.762, 'grad_norm': 2.98872971534729, 'learning_rate': 1.8067307676648015e-06, 'epoch': 0.73}
{'loss': 0.8266, 'grad_norm': 2.299485445022583, 'learning_rate': 1.8051307280342078e-06, 'epoch': 0.73}
{'loss': 0.7704, 'grad_norm': 2.5015361309051514, 'learning_rate': 1.8035312411346678e-06, 'epoch': 0.73}
{'loss': 0.8074, 'grad_norm': 2.996946096420288, 'learning_rate': 1.8019323072428952e-06, 'epoch': 0.73}
{'loss': 0.8585, 'grad_norm': 2.9169774055480957, 'learning_rate': 1.8003339266355174e-06, 'epoch': 0.73}
{'loss': 0.9816, 'grad_norm': 2.739521026611328, 'learning_rate': 1.7987360995890667e-06, 'epoch': 0.73}
{'loss': 0.818, 'grad_norm': 2.668952703475952, 'learning_rate': 1.7971388263799721e-06, 'epoch': 0.73}
{'loss': 0.8826, 'grad_norm': 2.612589120864868, 'learning_rate': 1.7955421072845753e-06, 'epoch': 0.73}
{'loss': 0.9101, 'grad_norm': 2.6884067058563232, 'learning_rate': 1.7939459425791144e-06, 'epoch': 0.73}
{'loss': 0.8617, 'grad_norm': 2.5623292922973633, 'learning_rate': 1.7923503325397385e-06, 'epoch': 0.73}
{'loss': 1.0234, 'grad_norm': 2.794633388519287, 'learning_rate': 1.7907552774424936e-06, 'epoch': 0.73}
{'loss': 0.7844, 'grad_norm': 2.583759307861328, 'learning_rate': 1.7891607775633356e-06, 'epoch': 0.73}
{'loss': 0.836, 'grad_norm': 2.4319374561309814, 'learning_rate': 1.7875668331781248e-06, 'epoch': 0.73}
{'loss': 1.1435, 'grad_norm': 2.9567387104034424, 'learning_rate': 1.7859734445626198e-06, 'epoch': 0.73}
{'loss': 0.6588, 'grad_norm': 2.3834633827209473, 'learning_rate': 1.7843806119924855e-06, 'epoch': 0.73}
{'loss': 1.053, 'grad_norm': 2.623181104660034, 'learning_rate': 1.7827883357432928e-06, 'epoch': 0.73}
{'loss': 0.7072, 'grad_norm': 2.499600887298584, 'learning_rate': 1.7811966160905175e-06, 'epoch': 0.73}
{'loss': 0.8255, 'grad_norm': 2.4643712043762207, 'learning_rate': 1.7796054533095303e-06, 'epoch': 0.73}
{'loss': 0.9861, 'grad_norm': 2.608325481414795, 'learning_rate': 1.7780148476756148e-06, 'epoch': 0.73}
{'loss': 0.8395, 'grad_norm': 2.709592819213867, 'learning_rate': 1.7764247994639571e-06, 'epoch': 0.73}
{'loss': 0.8296, 'grad_norm': 2.5652565956115723, 'learning_rate': 1.7748353089496407e-06, 'epoch': 0.73}
{'loss': 0.7398, 'grad_norm': 2.75175142288208, 'learning_rate': 1.7732463764076608e-06, 'epoch': 0.73}
{'loss': 0.8563, 'grad_norm': 2.539489984512329, 'learning_rate': 1.7716580021129082e-06, 'epoch': 0.73}
{'loss': 1.0002, 'grad_norm': 3.039651870727539, 'learning_rate': 1.7700701863401848e-06, 'epoch': 0.73}
{'loss': 0.7735, 'grad_norm': 2.5410144329071045, 'learning_rate': 1.768482929364188e-06, 'epoch': 0.73}
{'loss': 0.8134, 'grad_norm': 2.5638086795806885, 'learning_rate': 1.766896231459525e-06, 'epoch': 0.73}
{'loss': 0.8644, 'grad_norm': 2.631146192550659, 'learning_rate': 1.7653100929007044e-06, 'epoch': 0.73}
{'loss': 0.8041, 'grad_norm': 2.381847381591797, 'learning_rate': 1.7637245139621373e-06, 'epoch': 0.73}
{'loss': 0.7247, 'grad_norm': 2.425914764404297, 'learning_rate': 1.7621394949181347e-06, 'epoch': 0.73}
{'loss': 0.8797, 'grad_norm': 2.275459051132202, 'learning_rate': 1.760555036042917e-06, 'epoch': 0.73}
{'loss': 0.7419, 'grad_norm': 2.3807435035705566, 'learning_rate': 1.7589711376106062e-06, 'epoch': 0.73}
{'loss': 0.6533, 'grad_norm': 2.387617588043213, 'learning_rate': 1.7573877998952243e-06, 'epoch': 0.73}
{'loss': 0.9531, 'grad_norm': 2.798290491104126, 'learning_rate': 1.7558050231706963e-06, 'epoch': 0.73}
{'loss': 0.6896, 'grad_norm': 2.5359342098236084, 'learning_rate': 1.7542228077108537e-06, 'epoch': 0.73}
{'loss': 0.6679, 'grad_norm': 2.3398261070251465, 'learning_rate': 1.75264115378943e-06, 'epoch': 0.73}
{'loss': 1.0922, 'grad_norm': 2.7810988426208496, 'learning_rate': 1.75106006168006e-06, 'epoch': 0.73}
{'loss': 0.7684, 'grad_norm': 2.340205669403076, 'learning_rate': 1.7494795316562791e-06, 'epoch': 0.73}
{'loss': 1.0199, 'grad_norm': 2.8648223876953125, 'learning_rate': 1.7478995639915326e-06, 'epoch': 0.73}
{'loss': 0.9196, 'grad_norm': 2.6864724159240723, 'learning_rate': 1.7463201589591593e-06, 'epoch': 0.73}
{'loss': 0.6501, 'grad_norm': 2.380221128463745, 'learning_rate': 1.744741316832409e-06, 'epoch': 0.73}
{'loss': 0.7103, 'grad_norm': 2.2454447746276855, 'learning_rate': 1.743163037884431e-06, 'epoch': 0.73}
{'loss': 1.1499, 'grad_norm': 3.021690845489502, 'learning_rate': 1.7415853223882756e-06, 'epoch': 0.73}
{'loss': 0.9272, 'grad_norm': 2.8855478763580322, 'learning_rate': 1.7400081706168952e-06, 'epoch': 0.73}
{'loss': 0.703, 'grad_norm': 2.2168216705322266, 'learning_rate': 1.7384315828431476e-06, 'epoch': 0.73}
{'loss': 0.9536, 'grad_norm': 2.7829606533050537, 'learning_rate': 1.7368555593397935e-06, 'epoch': 0.73}
{'loss': 0.8758, 'grad_norm': 2.6294870376586914, 'learning_rate': 1.7352801003794927e-06, 'epoch': 0.73}
{'loss': 0.7539, 'grad_norm': 2.422606945037842, 'learning_rate': 1.733705206234807e-06, 'epoch': 0.73}
{'loss': 0.8485, 'grad_norm': 2.8307278156280518, 'learning_rate': 1.732130877178204e-06, 'epoch': 0.73}
{'loss': 0.8845, 'grad_norm': 2.7779414653778076, 'learning_rate': 1.7305571134820532e-06, 'epoch': 0.74}
{'loss': 0.6532, 'grad_norm': 2.239544153213501, 'learning_rate': 1.7289839154186239e-06, 'epoch': 0.74}
{'loss': 0.9376, 'grad_norm': 2.6071019172668457, 'learning_rate': 1.7274112832600858e-06, 'epoch': 0.74}
{'loss': 0.742, 'grad_norm': 2.655519723892212, 'learning_rate': 1.7258392172785183e-06, 'epoch': 0.74}
{'loss': 0.6696, 'grad_norm': 2.5088303089141846, 'learning_rate': 1.7242677177458932e-06, 'epoch': 0.74}
{'loss': 1.3153, 'grad_norm': 3.188235282897949, 'learning_rate': 1.7226967849340914e-06, 'epoch': 0.74}
{'loss': 0.8589, 'grad_norm': 2.5231540203094482, 'learning_rate': 1.7211264191148957e-06, 'epoch': 0.74}
{'loss': 0.7577, 'grad_norm': 2.3894739151000977, 'learning_rate': 1.7195566205599855e-06, 'epoch': 0.74}
[10:48:44.729724] Error: Error reading OpenGVLab/stage2/OpenMMLab___Kinetics-400/raw/Kinetics-400/videos_train/-r3MYr5udg8.mp4...
[10:48:44.729782] Failed to read video file: OpenGVLab/stage2/OpenMMLab___Kinetics-400/raw/Kinetics-400/videos_train/-r3MYr5udg8.mp4
[10:48:44.729807] [Try #0] Failed to fetch sample 186016. Exception: Error reading OpenGVLab/stage2/OpenMMLab___Kinetics-400/raw/Kinetics-400/videos_train/-r3MYr5udg8.mp4...
[10:48:45.731166] Error: Error reading OpenGVLab/stage2/OpenMMLab___Kinetics-400/raw/Kinetics-400/videos_train/-r3MYr5udg8.mp4...
[10:48:45.731209] Failed to read video file: OpenGVLab/stage2/OpenMMLab___Kinetics-400/raw/Kinetics-400/videos_train/-r3MYr5udg8.mp4
[10:48:45.731225] [Try #1] Failed to fetch sample 186016. Exception: Error reading OpenGVLab/stage2/OpenMMLab___Kinetics-400/raw/Kinetics-400/videos_train/-r3MYr5udg8.mp4...
{'loss': 0.6238, 'grad_norm': 2.3341121673583984, 'learning_rate': 1.7179873895409449e-06, 'epoch': 0.74}
{'loss': 0.832, 'grad_norm': 2.4234020709991455, 'learning_rate': 1.716418726329261e-06, 'epoch': 0.74}
{'loss': 1.0389, 'grad_norm': 2.6955292224884033, 'learning_rate': 1.714850631196323e-06, 'epoch': 0.74}
{'loss': 0.8519, 'grad_norm': 2.8666317462921143, 'learning_rate': 1.7132831044134195e-06, 'epoch': 0.74}
{'loss': 0.8109, 'grad_norm': 2.484790325164795, 'learning_rate': 1.71171614625174e-06, 'epoch': 0.74}
{'loss': 0.5745, 'grad_norm': 2.2218875885009766, 'learning_rate': 1.7101497569823789e-06, 'epoch': 0.74}
{'loss': 0.8519, 'grad_norm': 2.6526012420654297, 'learning_rate': 1.7085839368763329e-06, 'epoch': 0.74}
{'loss': 0.8375, 'grad_norm': 2.940213441848755, 'learning_rate': 1.707018686204495e-06, 'epoch': 0.74}
{'loss': 0.7157, 'grad_norm': 2.5966577529907227, 'learning_rate': 1.7054540052376628e-06, 'epoch': 0.74}
{'loss': 0.7203, 'grad_norm': 2.442563772201538, 'learning_rate': 1.703889894246536e-06, 'epoch': 0.74}
{'loss': 0.7671, 'grad_norm': 2.7336344718933105, 'learning_rate': 1.7023263535017164e-06, 'epoch': 0.74}
{'loss': 1.0692, 'grad_norm': 2.6855673789978027, 'learning_rate': 1.7007633832737025e-06, 'epoch': 0.74}
{'loss': 0.6896, 'grad_norm': 2.372537851333618, 'learning_rate': 1.699200983832901e-06, 'epoch': 0.74}
{'loss': 0.945, 'grad_norm': 2.7853357791900635, 'learning_rate': 1.697639155449614e-06, 'epoch': 0.74}
{'loss': 0.994, 'grad_norm': 2.6814794540405273, 'learning_rate': 1.6960778983940457e-06, 'epoch': 0.74}
{'loss': 0.8938, 'grad_norm': 2.855452299118042, 'learning_rate': 1.694517212936304e-06, 'epoch': 0.74}
{'loss': 0.7969, 'grad_norm': 2.6358702182769775, 'learning_rate': 1.692957099346399e-06, 'epoch': 0.74}
{'loss': 0.7201, 'grad_norm': 2.466978073120117, 'learning_rate': 1.6913975578942366e-06, 'epoch': 0.74}
{'loss': 0.6448, 'grad_norm': 2.388554096221924, 'learning_rate': 1.6898385888496254e-06, 'epoch': 0.74}
{'loss': 0.9225, 'grad_norm': 2.549373149871826, 'learning_rate': 1.6882801924822785e-06, 'epoch': 0.74}
{'loss': 1.0429, 'grad_norm': 2.5672390460968018, 'learning_rate': 1.6867223690618078e-06, 'epoch': 0.74}
{'loss': 0.7234, 'grad_norm': 2.676351547241211, 'learning_rate': 1.6851651188577262e-06, 'epoch': 0.74}
{'loss': 0.8039, 'grad_norm': 2.628307580947876, 'learning_rate': 1.6836084421394432e-06, 'epoch': 0.74}
{'loss': 0.8461, 'grad_norm': 2.648062229156494, 'learning_rate': 1.6820523391762766e-06, 'epoch': 0.74}
{'loss': 0.8368, 'grad_norm': 2.711367607116699, 'learning_rate': 1.6804968102374419e-06, 'epoch': 0.74}
{'loss': 0.7356, 'grad_norm': 2.4354522228240967, 'learning_rate': 1.678941855592051e-06, 'epoch': 0.74}
{'loss': 0.8551, 'grad_norm': 2.5042004585266113, 'learning_rate': 1.6773874755091246e-06, 'epoch': 0.74}
{'loss': 0.8722, 'grad_norm': 2.690898895263672, 'learning_rate': 1.6758336702575773e-06, 'epoch': 0.74}
{'loss': 0.7058, 'grad_norm': 2.515869379043579, 'learning_rate': 1.6742804401062247e-06, 'epoch': 0.74}
{'loss': 0.9544, 'grad_norm': 2.477450370788574, 'learning_rate': 1.6727277853237862e-06, 'epoch': 0.74}
{'loss': 0.8888, 'grad_norm': 2.626647472381592, 'learning_rate': 1.6711757061788808e-06, 'epoch': 0.74}
{'loss': 0.7296, 'grad_norm': 2.318615436553955, 'learning_rate': 1.66962420294003e-06, 'epoch': 0.74}
{'loss': 0.7774, 'grad_norm': 2.767935276031494, 'learning_rate': 1.6680732758756469e-06, 'epoch': 0.74}
{'loss': 0.665, 'grad_norm': 2.3677494525909424, 'learning_rate': 1.6665229252540532e-06, 'epoch': 0.74}
{'loss': 0.8135, 'grad_norm': 2.867220401763916, 'learning_rate': 1.6649731513434713e-06, 'epoch': 0.74}
{'loss': 0.8235, 'grad_norm': 2.389885187149048, 'learning_rate': 1.6634239544120173e-06, 'epoch': 0.74}
{'loss': 0.8649, 'grad_norm': 2.647908926010132, 'learning_rate': 1.661875334727715e-06, 'epoch': 0.74}
{'loss': 0.8457, 'grad_norm': 2.645094156265259, 'learning_rate': 1.6603272925584813e-06, 'epoch': 0.74}
{'loss': 0.887, 'grad_norm': 2.9438588619232178, 'learning_rate': 1.6587798281721391e-06, 'epoch': 0.74}
{'loss': 0.7711, 'grad_norm': 2.509000301361084, 'learning_rate': 1.6572329418364064e-06, 'epoch': 0.74}
{'loss': 0.8484, 'grad_norm': 2.5052881240844727, 'learning_rate': 1.6556866338189066e-06, 'epoch': 0.74}
{'loss': 0.9857, 'grad_norm': 2.5903022289276123, 'learning_rate': 1.6541409043871564e-06, 'epoch': 0.74}
{'loss': 0.7954, 'grad_norm': 2.3696558475494385, 'learning_rate': 1.6525957538085796e-06, 'epoch': 0.74}
{'loss': 0.8236, 'grad_norm': 2.7714316844940186, 'learning_rate': 1.6510511823504932e-06, 'epoch': 0.74}
{'loss': 0.7889, 'grad_norm': 2.434583902359009, 'learning_rate': 1.649507190280118e-06, 'epoch': 0.74}
{'loss': 0.7143, 'grad_norm': 2.4091339111328125, 'learning_rate': 1.647963777864578e-06, 'epoch': 0.74}
{'loss': 0.9032, 'grad_norm': 2.4935553073883057, 'learning_rate': 1.6464209453708851e-06, 'epoch': 0.74}
{'loss': 0.833, 'grad_norm': 2.4973909854888916, 'learning_rate': 1.644878693065962e-06, 'epoch': 0.74}
{'loss': 0.8238, 'grad_norm': 2.448406219482422, 'learning_rate': 1.6433370212166288e-06, 'epoch': 0.74}
{'loss': 0.9278, 'grad_norm': 2.83132004737854, 'learning_rate': 1.6417959300896008e-06, 'epoch': 0.74}
{'loss': 0.8538, 'grad_norm': 2.446465253829956, 'learning_rate': 1.6402554199514985e-06, 'epoch': 0.74}
{'loss': 0.8238, 'grad_norm': 2.5265040397644043, 'learning_rate': 1.638715491068837e-06, 'epoch': 0.74}
{'loss': 0.9429, 'grad_norm': 3.5272045135498047, 'learning_rate': 1.6371761437080348e-06, 'epoch': 0.74}
{'loss': 0.6324, 'grad_norm': 2.3508150577545166, 'learning_rate': 1.6356373781354058e-06, 'epoch': 0.74}
{'loss': 0.8799, 'grad_norm': 2.4057750701904297, 'learning_rate': 1.634099194617168e-06, 'epoch': 0.74}
{'loss': 0.7478, 'grad_norm': 2.430504560470581, 'learning_rate': 1.6325615934194327e-06, 'epoch': 0.74}
{'loss': 1.0751, 'grad_norm': 2.8039093017578125, 'learning_rate': 1.6310245748082186e-06, 'epoch': 0.74}
{'loss': 0.8241, 'grad_norm': 2.6364049911499023, 'learning_rate': 1.6294881390494344e-06, 'epoch': 0.74}
{'loss': 0.7566, 'grad_norm': 2.448113203048706, 'learning_rate': 1.6279522864088938e-06, 'epoch': 0.74}
{'loss': 0.852, 'grad_norm': 2.6015102863311768, 'learning_rate': 1.6264170171523107e-06, 'epoch': 0.74}
{'loss': 0.7954, 'grad_norm': 2.401118516921997, 'learning_rate': 1.6248823315452945e-06, 'epoch': 0.74}
{'loss': 0.5768, 'grad_norm': 2.207179307937622, 'learning_rate': 1.6233482298533515e-06, 'epoch': 0.74}
{'loss': 0.8522, 'grad_norm': 2.557662010192871, 'learning_rate': 1.621814712341893e-06, 'epoch': 0.74}
{'loss': 0.8781, 'grad_norm': 2.822127103805542, 'learning_rate': 1.6202817792762283e-06, 'epoch': 0.74}
{'loss': 0.9518, 'grad_norm': 2.491163730621338, 'learning_rate': 1.6187494309215617e-06, 'epoch': 0.74}
{'loss': 0.8606, 'grad_norm': 2.856525182723999, 'learning_rate': 1.6172176675429968e-06, 'epoch': 0.74}
{'loss': 0.6738, 'grad_norm': 2.115173101425171, 'learning_rate': 1.6156864894055412e-06, 'epoch': 0.74}
{'loss': 0.8906, 'grad_norm': 2.644163131713867, 'learning_rate': 1.614155896774094e-06, 'epoch': 0.74}
{'loss': 0.8775, 'grad_norm': 2.498950242996216, 'learning_rate': 1.61262588991346e-06, 'epoch': 0.74}
{'loss': 0.9094, 'grad_norm': 2.765873432159424, 'learning_rate': 1.6110964690883357e-06, 'epoch': 0.74}
{'loss': 0.653, 'grad_norm': 2.485140800476074, 'learning_rate': 1.6095676345633243e-06, 'epoch': 0.75}
{'loss': 0.6942, 'grad_norm': 2.423336982727051, 'learning_rate': 1.6080393866029187e-06, 'epoch': 0.75}
{'loss': 0.7812, 'grad_norm': 2.461423873901367, 'learning_rate': 1.6065117254715168e-06, 'epoch': 0.75}
{'loss': 1.0267, 'grad_norm': 2.846926689147949, 'learning_rate': 1.6049846514334145e-06, 'epoch': 0.75}
{'loss': 0.8334, 'grad_norm': 2.707237958908081, 'learning_rate': 1.6034581647528031e-06, 'epoch': 0.75}
{'loss': 0.805, 'grad_norm': 2.4361684322357178, 'learning_rate': 1.6019322656937713e-06, 'epoch': 0.75}
{'loss': 1.025, 'grad_norm': 2.635408878326416, 'learning_rate': 1.600406954520311e-06, 'epoch': 0.75}
{'loss': 0.744, 'grad_norm': 2.4224307537078857, 'learning_rate': 1.5988822314963114e-06, 'epoch': 0.75}
{'loss': 0.8001, 'grad_norm': 2.504615068435669, 'learning_rate': 1.5973580968855568e-06, 'epoch': 0.75}
{'loss': 0.863, 'grad_norm': 2.350905656814575, 'learning_rate': 1.5958345509517298e-06, 'epoch': 0.75}
{'loss': 0.5815, 'grad_norm': 2.1759002208709717, 'learning_rate': 1.5943115939584158e-06, 'epoch': 0.75}
{'loss': 0.9196, 'grad_norm': 2.7539381980895996, 'learning_rate': 1.5927892261690925e-06, 'epoch': 0.75}
{'loss': 0.7576, 'grad_norm': 2.4595537185668945, 'learning_rate': 1.5912674478471396e-06, 'epoch': 0.75}
{'loss': 0.8969, 'grad_norm': 2.8298566341400146, 'learning_rate': 1.5897462592558349e-06, 'epoch': 0.75}
{'loss': 0.9474, 'grad_norm': 2.875856637954712, 'learning_rate': 1.588225660658352e-06, 'epoch': 0.75}
{'loss': 0.8427, 'grad_norm': 2.5124192237854004, 'learning_rate': 1.5867056523177616e-06, 'epoch': 0.75}
{'loss': 0.7028, 'grad_norm': 2.310805082321167, 'learning_rate': 1.5851862344970352e-06, 'epoch': 0.75}
{'loss': 0.9251, 'grad_norm': 2.9851441383361816, 'learning_rate': 1.5836674074590436e-06, 'epoch': 0.75}
{'loss': 0.8139, 'grad_norm': 2.747303009033203, 'learning_rate': 1.5821491714665498e-06, 'epoch': 0.75}
{'loss': 0.6092, 'grad_norm': 2.269481897354126, 'learning_rate': 1.5806315267822165e-06, 'epoch': 0.75}
{'loss': 1.0297, 'grad_norm': 2.596874237060547, 'learning_rate': 1.579114473668607e-06, 'epoch': 0.75}
{'loss': 0.7652, 'grad_norm': 2.487105131149292, 'learning_rate': 1.5775980123881818e-06, 'epoch': 0.75}
{'loss': 0.8543, 'grad_norm': 2.2790791988372803, 'learning_rate': 1.5760821432032953e-06, 'epoch': 0.75}
{'loss': 0.8071, 'grad_norm': 2.6108670234680176, 'learning_rate': 1.574566866376201e-06, 'epoch': 0.75}
{'loss': 0.8266, 'grad_norm': 2.5827651023864746, 'learning_rate': 1.5730521821690519e-06, 'epoch': 0.75}
{'loss': 0.8908, 'grad_norm': 2.5820553302764893, 'learning_rate': 1.5715380908438987e-06, 'epoch': 0.75}
{'loss': 1.0412, 'grad_norm': 2.671293020248413, 'learning_rate': 1.5700245926626856e-06, 'epoch': 0.75}
{'loss': 0.8628, 'grad_norm': 2.586552619934082, 'learning_rate': 1.5685116878872586e-06, 'epoch': 0.75}
{'loss': 0.8051, 'grad_norm': 2.5018088817596436, 'learning_rate': 1.5669993767793578e-06, 'epoch': 0.75}
{'loss': 0.7923, 'grad_norm': 2.4594366550445557, 'learning_rate': 1.5654876596006212e-06, 'epoch': 0.75}
{'loss': 0.759, 'grad_norm': 2.4843828678131104, 'learning_rate': 1.5639765366125852e-06, 'epoch': 0.75}
{'loss': 0.8687, 'grad_norm': 2.4190356731414795, 'learning_rate': 1.562466008076685e-06, 'epoch': 0.75}
{'loss': 0.7508, 'grad_norm': 2.398080825805664, 'learning_rate': 1.5609560742542495e-06, 'epoch': 0.75}
{'loss': 0.5836, 'grad_norm': 2.205207347869873, 'learning_rate': 1.5594467354065035e-06, 'epoch': 0.75}
{'loss': 0.7473, 'grad_norm': 2.246751546859741, 'learning_rate': 1.557937991794574e-06, 'epoch': 0.75}
{'loss': 0.9111, 'grad_norm': 2.767697811126709, 'learning_rate': 1.5564298436794845e-06, 'epoch': 0.75}
{'loss': 0.7437, 'grad_norm': 2.3552942276000977, 'learning_rate': 1.5549222913221501e-06, 'epoch': 0.75}
{'loss': 1.0576, 'grad_norm': 2.9934682846069336, 'learning_rate': 1.5534153349833857e-06, 'epoch': 0.75}
{'loss': 0.7738, 'grad_norm': 2.5353846549987793, 'learning_rate': 1.5519089749239057e-06, 'epoch': 0.75}
{'loss': 0.7437, 'grad_norm': 2.2404160499572754, 'learning_rate': 1.5504032114043194e-06, 'epoch': 0.75}
{'loss': 0.5799, 'grad_norm': 2.229020118713379, 'learning_rate': 1.5488980446851304e-06, 'epoch': 0.75}
{'loss': 0.7158, 'grad_norm': 2.335214138031006, 'learning_rate': 1.5473934750267444e-06, 'epoch': 0.75}
{'loss': 0.8092, 'grad_norm': 2.4070119857788086, 'learning_rate': 1.5458895026894593e-06, 'epoch': 0.75}
{'loss': 0.9319, 'grad_norm': 2.538013458251953, 'learning_rate': 1.5443861279334688e-06, 'epoch': 0.75}
{'loss': 0.707, 'grad_norm': 2.513444423675537, 'learning_rate': 1.5428833510188678e-06, 'epoch': 0.75}
{'loss': 0.6879, 'grad_norm': 2.3220930099487305, 'learning_rate': 1.5413811722056455e-06, 'epoch': 0.75}
{'loss': 0.7815, 'grad_norm': 2.420090436935425, 'learning_rate': 1.5398795917536902e-06, 'epoch': 0.75}
{'loss': 0.8564, 'grad_norm': 2.7462286949157715, 'learning_rate': 1.5383786099227788e-06, 'epoch': 0.75}
{'loss': 0.9603, 'grad_norm': 2.731916904449463, 'learning_rate': 1.5368782269725919e-06, 'epoch': 0.75}
{'loss': 0.6591, 'grad_norm': 2.3182373046875, 'learning_rate': 1.5353784431627061e-06, 'epoch': 0.75}
{'loss': 0.9472, 'grad_norm': 2.9057323932647705, 'learning_rate': 1.5338792587525926e-06, 'epoch': 0.75}
{'loss': 0.7902, 'grad_norm': 2.552155017852783, 'learning_rate': 1.5323806740016156e-06, 'epoch': 0.75}
{'loss': 0.9473, 'grad_norm': 2.4972922801971436, 'learning_rate': 1.5308826891690426e-06, 'epoch': 0.75}
{'loss': 0.9881, 'grad_norm': 2.8930697441101074, 'learning_rate': 1.5293853045140333e-06, 'epoch': 0.75}
{'loss': 0.8222, 'grad_norm': 2.4605305194854736, 'learning_rate': 1.5278885202956423e-06, 'epoch': 0.75}
{'loss': 0.7415, 'grad_norm': 2.499185085296631, 'learning_rate': 1.526392336772825e-06, 'epoch': 0.75}
{'loss': 0.87, 'grad_norm': 2.6120851039886475, 'learning_rate': 1.5248967542044258e-06, 'epoch': 0.75}
{'loss': 0.8984, 'grad_norm': 2.688599109649658, 'learning_rate': 1.5234017728491935e-06, 'epoch': 0.75}
{'loss': 0.8087, 'grad_norm': 2.3370723724365234, 'learning_rate': 1.5219073929657646e-06, 'epoch': 0.75}
{'loss': 0.6856, 'grad_norm': 2.2708687782287598, 'learning_rate': 1.5204136148126774e-06, 'epoch': 0.75}
{'loss': 0.6886, 'grad_norm': 2.4984657764434814, 'learning_rate': 1.518920438648368e-06, 'epoch': 0.75}
{'loss': 0.8196, 'grad_norm': 2.4266393184661865, 'learning_rate': 1.5174278647311569e-06, 'epoch': 0.75}
{'loss': 0.8678, 'grad_norm': 2.6775035858154297, 'learning_rate': 1.515935893319273e-06, 'epoch': 0.75}
{'loss': 0.8167, 'grad_norm': 2.3787498474121094, 'learning_rate': 1.5144445246708361e-06, 'epoch': 0.75}
{'loss': 0.8686, 'grad_norm': 2.6582555770874023, 'learning_rate': 1.5129537590438615e-06, 'epoch': 0.75}
{'loss': 0.9323, 'grad_norm': 2.7038629055023193, 'learning_rate': 1.5114635966962576e-06, 'epoch': 0.75}
{'loss': 0.9519, 'grad_norm': 2.7582874298095703, 'learning_rate': 1.5099740378858329e-06, 'epoch': 0.75}
{'loss': 0.7828, 'grad_norm': 2.39961576461792, 'learning_rate': 1.5084850828702924e-06, 'epoch': 0.75}
{'loss': 1.1216, 'grad_norm': 2.8101325035095215, 'learning_rate': 1.50699673190723e-06, 'epoch': 0.75}
{'loss': 0.7994, 'grad_norm': 2.666743755340576, 'learning_rate': 1.5055089852541422e-06, 'epoch': 0.75}
{'loss': 0.8451, 'grad_norm': 2.56197452545166, 'learning_rate': 1.504021843168415e-06, 'epoch': 0.75}
[11:14:12.383797] Error: Error reading OpenGVLab/stage2/OpenMMLab___Kinetics-400/raw/Kinetics-400/videos_train/2Gj7xpPu2Ig.mp4...
[11:14:12.383847] Failed to read video file: OpenGVLab/stage2/OpenMMLab___Kinetics-400/raw/Kinetics-400/videos_train/2Gj7xpPu2Ig.mp4
[11:14:12.383864] [Try #0] Failed to fetch sample 194065. Exception: Error reading OpenGVLab/stage2/OpenMMLab___Kinetics-400/raw/Kinetics-400/videos_train/2Gj7xpPu2Ig.mp4...
[11:14:13.385286] Error: Error reading OpenGVLab/stage2/OpenMMLab___Kinetics-400/raw/Kinetics-400/videos_train/2Gj7xpPu2Ig.mp4...
[11:14:13.385343] Failed to read video file: OpenGVLab/stage2/OpenMMLab___Kinetics-400/raw/Kinetics-400/videos_train/2Gj7xpPu2Ig.mp4
[11:14:13.385376] [Try #1] Failed to fetch sample 194065. Exception: Error reading OpenGVLab/stage2/OpenMMLab___Kinetics-400/raw/Kinetics-400/videos_train/2Gj7xpPu2Ig.mp4...
{'loss': 0.7943, 'grad_norm': 2.571894884109497, 'learning_rate': 1.5025353059073356e-06, 'epoch': 0.75}
{'loss': 1.0029, 'grad_norm': 2.5693647861480713, 'learning_rate': 1.5010493737280813e-06, 'epoch': 0.75}
{'loss': 0.7279, 'grad_norm': 2.1020355224609375, 'learning_rate': 1.499564046887727e-06, 'epoch': 0.75}
{'loss': 1.0164, 'grad_norm': 2.797314405441284, 'learning_rate': 1.4980793256432474e-06, 'epoch': 0.75}
{'loss': 0.9807, 'grad_norm': 2.378260374069214, 'learning_rate': 1.4965952102515019e-06, 'epoch': 0.75}
{'loss': 0.7681, 'grad_norm': 2.464012861251831, 'learning_rate': 1.4951117009692528e-06, 'epoch': 0.75}
{'loss': 0.8355, 'grad_norm': 2.649454116821289, 'learning_rate': 1.4936287980531573e-06, 'epoch': 0.75}
{'loss': 0.7463, 'grad_norm': 2.475085496902466, 'learning_rate': 1.4921465017597685e-06, 'epoch': 0.76}
{'loss': 0.791, 'grad_norm': 2.8353111743927, 'learning_rate': 1.490664812345527e-06, 'epoch': 0.76}
{'loss': 0.8052, 'grad_norm': 2.4723353385925293, 'learning_rate': 1.4891837300667756e-06, 'epoch': 0.76}
{'loss': 0.8915, 'grad_norm': 2.5439820289611816, 'learning_rate': 1.4877032551797527e-06, 'epoch': 0.76}
{'loss': 0.9125, 'grad_norm': 2.6999149322509766, 'learning_rate': 1.4862233879405853e-06, 'epoch': 0.76}
{'loss': 0.9497, 'grad_norm': 2.4608609676361084, 'learning_rate': 1.4847441286053032e-06, 'epoch': 0.76}
{'loss': 0.8061, 'grad_norm': 2.8333864212036133, 'learning_rate': 1.4832654774298227e-06, 'epoch': 0.76}
{'loss': 0.8961, 'grad_norm': 2.510138988494873, 'learning_rate': 1.481787434669963e-06, 'epoch': 0.76}
{'loss': 0.7695, 'grad_norm': 2.3740742206573486, 'learning_rate': 1.4803100005814302e-06, 'epoch': 0.76}
{'loss': 0.778, 'grad_norm': 2.597425699234009, 'learning_rate': 1.4788331754198316e-06, 'epoch': 0.76}
{'loss': 0.876, 'grad_norm': 2.891300916671753, 'learning_rate': 1.4773569594406673e-06, 'epoch': 0.76}
{'loss': 0.8487, 'grad_norm': 2.6517882347106934, 'learning_rate': 1.4758813528993305e-06, 'epoch': 0.76}
{'loss': 0.9005, 'grad_norm': 2.469219207763672, 'learning_rate': 1.4744063560511074e-06, 'epoch': 0.76}
{'loss': 0.7273, 'grad_norm': 2.3075242042541504, 'learning_rate': 1.4729319691511828e-06, 'epoch': 0.76}
{'loss': 1.0812, 'grad_norm': 2.7145259380340576, 'learning_rate': 1.4714581924546362e-06, 'epoch': 0.76}
{'loss': 0.9319, 'grad_norm': 2.953984498977661, 'learning_rate': 1.4699850262164379e-06, 'epoch': 0.76}
{'loss': 0.5985, 'grad_norm': 2.516866683959961, 'learning_rate': 1.4685124706914528e-06, 'epoch': 0.76}
{'loss': 0.6631, 'grad_norm': 2.2401318550109863, 'learning_rate': 1.4670405261344444e-06, 'epoch': 0.76}
{'loss': 0.6084, 'grad_norm': 2.2418713569641113, 'learning_rate': 1.4655691928000642e-06, 'epoch': 0.76}
{'loss': 0.733, 'grad_norm': 2.215066909790039, 'learning_rate': 1.4640984709428657e-06, 'epoch': 0.76}
{'loss': 0.787, 'grad_norm': 2.648949384689331, 'learning_rate': 1.4626283608172887e-06, 'epoch': 0.76}
{'loss': 0.7586, 'grad_norm': 2.5069546699523926, 'learning_rate': 1.4611588626776735e-06, 'epoch': 0.76}
{'loss': 1.0448, 'grad_norm': 2.6187591552734375, 'learning_rate': 1.4596899767782497e-06, 'epoch': 0.76}
{'loss': 0.8399, 'grad_norm': 2.9230363368988037, 'learning_rate': 1.4582217033731438e-06, 'epoch': 0.76}
{'loss': 0.8787, 'grad_norm': 2.5815181732177734, 'learning_rate': 1.4567540427163778e-06, 'epoch': 0.76}
{'loss': 0.8626, 'grad_norm': 2.382606029510498, 'learning_rate': 1.4552869950618637e-06, 'epoch': 0.76}
{'loss': 1.009, 'grad_norm': 2.5179691314697266, 'learning_rate': 1.453820560663408e-06, 'epoch': 0.76}
{'loss': 0.8016, 'grad_norm': 2.417886972427368, 'learning_rate': 1.4523547397747134e-06, 'epoch': 0.76}
{'loss': 0.6794, 'grad_norm': 2.6413164138793945, 'learning_rate': 1.4508895326493783e-06, 'epoch': 0.76}
{'loss': 0.8337, 'grad_norm': 2.343219041824341, 'learning_rate': 1.4494249395408894e-06, 'epoch': 0.76}
{'loss': 1.0197, 'grad_norm': 2.9927475452423096, 'learning_rate': 1.4479609607026284e-06, 'epoch': 0.76}
{'loss': 0.7636, 'grad_norm': 2.2877609729766846, 'learning_rate': 1.4464975963878742e-06, 'epoch': 0.76}
{'loss': 0.9794, 'grad_norm': 2.547196626663208, 'learning_rate': 1.4450348468497982e-06, 'epoch': 0.76}
{'loss': 0.993, 'grad_norm': 2.680278778076172, 'learning_rate': 1.4435727123414645e-06, 'epoch': 0.76}
{'loss': 0.7449, 'grad_norm': 2.670522451400757, 'learning_rate': 1.4421111931158277e-06, 'epoch': 0.76}
{'loss': 0.7263, 'grad_norm': 2.382807731628418, 'learning_rate': 1.4406502894257436e-06, 'epoch': 0.76}
{'loss': 0.6466, 'grad_norm': 2.4029200077056885, 'learning_rate': 1.439190001523953e-06, 'epoch': 0.76}
{'loss': 0.7786, 'grad_norm': 2.7728309631347656, 'learning_rate': 1.4377303296630957e-06, 'epoch': 0.76}
{'loss': 0.9298, 'grad_norm': 2.6835460662841797, 'learning_rate': 1.4362712740957064e-06, 'epoch': 0.76}
{'loss': 0.7467, 'grad_norm': 2.441263437271118, 'learning_rate': 1.434812835074207e-06, 'epoch': 0.76}
{'loss': 0.8925, 'grad_norm': 2.5045411586761475, 'learning_rate': 1.4333550128509155e-06, 'epoch': 0.76}
{'loss': 0.771, 'grad_norm': 2.6077184677124023, 'learning_rate': 1.4318978076780448e-06, 'epoch': 0.76}
{'loss': 0.8134, 'grad_norm': 2.500661849975586, 'learning_rate': 1.4304412198077023e-06, 'epoch': 0.76}
{'loss': 0.8417, 'grad_norm': 2.5839624404907227, 'learning_rate': 1.4289852494918832e-06, 'epoch': 0.76}
{'loss': 0.707, 'grad_norm': 2.3522791862487793, 'learning_rate': 1.427529896982478e-06, 'epoch': 0.76}
{'loss': 0.9218, 'grad_norm': 2.489866018295288, 'learning_rate': 1.426075162531273e-06, 'epoch': 0.76}
{'loss': 0.8568, 'grad_norm': 2.5300259590148926, 'learning_rate': 1.4246210463899469e-06, 'epoch': 0.76}
{'loss': 0.756, 'grad_norm': 2.4847774505615234, 'learning_rate': 1.4231675488100689e-06, 'epoch': 0.76}
{'loss': 0.7144, 'grad_norm': 2.795454740524292, 'learning_rate': 1.4217146700431012e-06, 'epoch': 0.76}
{'loss': 0.9275, 'grad_norm': 2.434507131576538, 'learning_rate': 1.4202624103404033e-06, 'epoch': 0.76}
{'loss': 0.7647, 'grad_norm': 2.3451921939849854, 'learning_rate': 1.4188107699532217e-06, 'epoch': 0.76}
{'loss': 0.7682, 'grad_norm': 2.369342088699341, 'learning_rate': 1.4173597491326995e-06, 'epoch': 0.76}
{'loss': 0.8502, 'grad_norm': 2.6279115676879883, 'learning_rate': 1.4159093481298742e-06, 'epoch': 0.76}
{'loss': 0.7925, 'grad_norm': 2.6509928703308105, 'learning_rate': 1.4144595671956713e-06, 'epoch': 0.76}
{'loss': 0.8714, 'grad_norm': 2.6294803619384766, 'learning_rate': 1.4130104065809108e-06, 'epoch': 0.76}
{'loss': 0.6933, 'grad_norm': 2.330840826034546, 'learning_rate': 1.4115618665363062e-06, 'epoch': 0.76}
{'loss': 0.7899, 'grad_norm': 2.3576390743255615, 'learning_rate': 1.4101139473124664e-06, 'epoch': 0.76}
{'loss': 0.7757, 'grad_norm': 2.6802561283111572, 'learning_rate': 1.4086666491598872e-06, 'epoch': 0.76}
{'loss': 0.7593, 'grad_norm': 2.5556657314300537, 'learning_rate': 1.4072199723289587e-06, 'epoch': 0.76}
{'loss': 0.6362, 'grad_norm': 2.2699339389801025, 'learning_rate': 1.4057739170699659e-06, 'epoch': 0.76}
{'loss': 0.7024, 'grad_norm': 2.572695255279541, 'learning_rate': 1.4043284836330861e-06, 'epoch': 0.76}
{'loss': 0.9184, 'grad_norm': 3.0938827991485596, 'learning_rate': 1.4028836722683847e-06, 'epoch': 0.76}
{'loss': 0.7793, 'grad_norm': 2.817416191101074, 'learning_rate': 1.401439483225826e-06, 'epoch': 0.76}
{'loss': 0.8005, 'grad_norm': 2.5474514961242676, 'learning_rate': 1.3999959167552596e-06, 'epoch': 0.76}
{'loss': 0.7318, 'grad_norm': 2.147861957550049, 'learning_rate': 1.398552973106434e-06, 'epoch': 0.76}
{'loss': 1.0282, 'grad_norm': 2.8016791343688965, 'learning_rate': 1.397110652528984e-06, 'epoch': 0.76}
{'loss': 0.8658, 'grad_norm': 2.482269287109375, 'learning_rate': 1.3956689552724428e-06, 'epoch': 0.76}
{'loss': 0.6253, 'grad_norm': 2.3241517543792725, 'learning_rate': 1.3942278815862304e-06, 'epoch': 0.76}
{'loss': 0.9698, 'grad_norm': 2.428410768508911, 'learning_rate': 1.39278743171966e-06, 'epoch': 0.76}
{'loss': 0.8673, 'grad_norm': 2.647265911102295, 'learning_rate': 1.3913476059219383e-06, 'epoch': 0.76}
{'loss': 0.8379, 'grad_norm': 2.507758855819702, 'learning_rate': 1.3899084044421669e-06, 'epoch': 0.76}
{'loss': 0.9783, 'grad_norm': 2.769035577774048, 'learning_rate': 1.3884698275293323e-06, 'epoch': 0.76}
{'loss': 0.6215, 'grad_norm': 2.410022735595703, 'learning_rate': 1.3870318754323175e-06, 'epoch': 0.76}
{'loss': 0.8869, 'grad_norm': 2.682255268096924, 'learning_rate': 1.3855945483998962e-06, 'epoch': 0.76}
{'loss': 0.9971, 'grad_norm': 2.648529529571533, 'learning_rate': 1.384157846680737e-06, 'epoch': 0.76}
{'loss': 0.6372, 'grad_norm': 2.4809491634368896, 'learning_rate': 1.3827217705233947e-06, 'epoch': 0.76}
{'loss': 0.7836, 'grad_norm': 2.1284987926483154, 'learning_rate': 1.381286320176321e-06, 'epoch': 0.76}
{'loss': 0.9855, 'grad_norm': 2.682473659515381, 'learning_rate': 1.379851495887855e-06, 'epoch': 0.76}
{'loss': 0.7566, 'grad_norm': 2.474181652069092, 'learning_rate': 1.3784172979062327e-06, 'epoch': 0.77}
{'loss': 0.7907, 'grad_norm': 2.1639702320098877, 'learning_rate': 1.376983726479575e-06, 'epoch': 0.77}
{'loss': 0.8699, 'grad_norm': 2.45770263671875, 'learning_rate': 1.3755507818559017e-06, 'epoch': 0.77}
{'loss': 0.7562, 'grad_norm': 2.6478421688079834, 'learning_rate': 1.374118464283119e-06, 'epoch': 0.77}
{'loss': 0.6994, 'grad_norm': 2.241534948348999, 'learning_rate': 1.372686774009025e-06, 'epoch': 0.77}
{'loss': 0.6078, 'grad_norm': 2.478756904602051, 'learning_rate': 1.3712557112813114e-06, 'epoch': 0.77}
{'loss': 0.7636, 'grad_norm': 2.3791704177856445, 'learning_rate': 1.3698252763475605e-06, 'epoch': 0.77}
{'loss': 0.8922, 'grad_norm': 2.7162768840789795, 'learning_rate': 1.3683954694552492e-06, 'epoch': 0.77}
{'loss': 0.6466, 'grad_norm': 2.430724859237671, 'learning_rate': 1.3669662908517366e-06, 'epoch': 0.77}
{'loss': 0.7737, 'grad_norm': 2.5364480018615723, 'learning_rate': 1.3655377407842813e-06, 'epoch': 0.77}
{'loss': 0.8686, 'grad_norm': 2.6780638694763184, 'learning_rate': 1.364109819500033e-06, 'epoch': 0.77}
{'loss': 0.9638, 'grad_norm': 2.587632894515991, 'learning_rate': 1.362682527246027e-06, 'epoch': 0.77}
{'loss': 0.869, 'grad_norm': 2.4587607383728027, 'learning_rate': 1.3612558642691964e-06, 'epoch': 0.77}
{'loss': 0.7788, 'grad_norm': 2.4479644298553467, 'learning_rate': 1.3598298308163588e-06, 'epoch': 0.77}
{'loss': 0.9084, 'grad_norm': 2.4949288368225098, 'learning_rate': 1.35840442713423e-06, 'epoch': 0.77}
{'loss': 0.7436, 'grad_norm': 2.537996530532837, 'learning_rate': 1.3569796534694096e-06, 'epoch': 0.77}
{'loss': 0.735, 'grad_norm': 2.1382880210876465, 'learning_rate': 1.3555555100683953e-06, 'epoch': 0.77}
{'loss': 0.8828, 'grad_norm': 2.684039354324341, 'learning_rate': 1.354131997177569e-06, 'epoch': 0.77}
{'loss': 0.9307, 'grad_norm': 2.5881075859069824, 'learning_rate': 1.3527091150432092e-06, 'epoch': 0.77}
{'loss': 0.8225, 'grad_norm': 2.8093979358673096, 'learning_rate': 1.3512868639114807e-06, 'epoch': 0.77}
{'loss': 0.87, 'grad_norm': 3.2169737815856934, 'learning_rate': 1.349865244028442e-06, 'epoch': 0.77}
{'loss': 0.8031, 'grad_norm': 2.5497233867645264, 'learning_rate': 1.3484442556400452e-06, 'epoch': 0.77}
{'loss': 0.932, 'grad_norm': 2.4656636714935303, 'learning_rate': 1.3470238989921236e-06, 'epoch': 0.77}
{'loss': 0.7038, 'grad_norm': 2.452754020690918, 'learning_rate': 1.3456041743304093e-06, 'epoch': 0.77}
{'loss': 0.8493, 'grad_norm': 2.5917227268218994, 'learning_rate': 1.3441850819005258e-06, 'epoch': 0.77}
{'loss': 0.8061, 'grad_norm': 2.7518904209136963, 'learning_rate': 1.3427666219479807e-06, 'epoch': 0.77}
{'loss': 0.8223, 'grad_norm': 2.5828330516815186, 'learning_rate': 1.3413487947181786e-06, 'epoch': 0.77}
{'loss': 1.0342, 'grad_norm': 2.900592565536499, 'learning_rate': 1.3399316004564088e-06, 'epoch': 0.77}
{'loss': 0.9355, 'grad_norm': 2.54638671875, 'learning_rate': 1.3385150394078582e-06, 'epoch': 0.77}
{'loss': 0.7723, 'grad_norm': 2.4110474586486816, 'learning_rate': 1.3370991118175964e-06, 'epoch': 0.77}
{'loss': 0.5966, 'grad_norm': 2.3013339042663574, 'learning_rate': 1.3356838179305888e-06, 'epoch': 0.77}
{'loss': 0.6863, 'grad_norm': 2.512286424636841, 'learning_rate': 1.334269157991691e-06, 'epoch': 0.77}
{'loss': 0.695, 'grad_norm': 2.459221363067627, 'learning_rate': 1.3328551322456458e-06, 'epoch': 0.77}
{'loss': 0.9307, 'grad_norm': 2.532809019088745, 'learning_rate': 1.3314417409370862e-06, 'epoch': 0.77}
{'loss': 0.9144, 'grad_norm': 2.5692718029022217, 'learning_rate': 1.3300289843105397e-06, 'epoch': 0.77}
{'loss': 0.7247, 'grad_norm': 2.4098267555236816, 'learning_rate': 1.3286168626104228e-06, 'epoch': 0.77}
{'loss': 0.7709, 'grad_norm': 2.627227544784546, 'learning_rate': 1.3272053760810367e-06, 'epoch': 0.77}
{'loss': 0.8631, 'grad_norm': 2.326615810394287, 'learning_rate': 1.3257945249665782e-06, 'epoch': 0.77}
{'loss': 0.8488, 'grad_norm': 2.466731309890747, 'learning_rate': 1.3243843095111337e-06, 'epoch': 0.77}
{'loss': 0.8642, 'grad_norm': 2.4660143852233887, 'learning_rate': 1.3229747299586793e-06, 'epoch': 0.77}
{'loss': 0.8726, 'grad_norm': 2.8704774379730225, 'learning_rate': 1.32156578655308e-06, 'epoch': 0.77}
{'loss': 0.7033, 'grad_norm': 2.519723653793335, 'learning_rate': 1.32015747953809e-06, 'epoch': 0.77}
{'loss': 0.6932, 'grad_norm': 2.381953001022339, 'learning_rate': 1.3187498091573564e-06, 'epoch': 0.77}
{'loss': 0.8084, 'grad_norm': 2.528822183609009, 'learning_rate': 1.317342775654412e-06, 'epoch': 0.77}
{'loss': 0.9371, 'grad_norm': 2.7313735485076904, 'learning_rate': 1.3159363792726837e-06, 'epoch': 0.77}
{'loss': 0.7122, 'grad_norm': 2.3676230907440186, 'learning_rate': 1.314530620255487e-06, 'epoch': 0.77}
{'loss': 0.6779, 'grad_norm': 2.4818875789642334, 'learning_rate': 1.3131254988460258e-06, 'epoch': 0.77}
{'loss': 0.8078, 'grad_norm': 2.6272590160369873, 'learning_rate': 1.3117210152873921e-06, 'epoch': 0.77}
{'loss': 1.0558, 'grad_norm': 3.009411096572876, 'learning_rate': 1.3103171698225714e-06, 'epoch': 0.77}
{'loss': 0.795, 'grad_norm': 2.4183433055877686, 'learning_rate': 1.3089139626944386e-06, 'epoch': 0.77}
{'loss': 0.8233, 'grad_norm': 2.3646039962768555, 'learning_rate': 1.3075113941457562e-06, 'epoch': 0.77}
{'loss': 0.8442, 'grad_norm': 2.5888350009918213, 'learning_rate': 1.306109464419174e-06, 'epoch': 0.77}
{'loss': 0.6179, 'grad_norm': 2.268667697906494, 'learning_rate': 1.3047081737572359e-06, 'epoch': 0.77}
{'loss': 0.8682, 'grad_norm': 2.4652912616729736, 'learning_rate': 1.303307522402375e-06, 'epoch': 0.77}
{'loss': 0.8431, 'grad_norm': 2.7374789714813232, 'learning_rate': 1.3019075105969108e-06, 'epoch': 0.77}
{'loss': 0.9053, 'grad_norm': 2.4715328216552734, 'learning_rate': 1.3005081385830521e-06, 'epoch': 0.77}
{'loss': 0.702, 'grad_norm': 2.629389524459839, 'learning_rate': 1.299109406602901e-06, 'epoch': 0.77}
{'loss': 0.912, 'grad_norm': 2.8476057052612305, 'learning_rate': 1.2977113148984432e-06, 'epoch': 0.77}
{'loss': 0.8974, 'grad_norm': 2.61752986907959, 'learning_rate': 1.2963138637115585e-06, 'epoch': 0.77}
{'loss': 0.8895, 'grad_norm': 2.541924238204956, 'learning_rate': 1.294917053284016e-06, 'epoch': 0.77}
{'loss': 0.7848, 'grad_norm': 2.768876791000366, 'learning_rate': 1.2935208838574703e-06, 'epoch': 0.77}
{'loss': 0.7828, 'grad_norm': 2.5224556922912598, 'learning_rate': 1.2921253556734654e-06, 'epoch': 0.77}
{'loss': 0.8966, 'grad_norm': 2.6959118843078613, 'learning_rate': 1.2907304689734367e-06, 'epoch': 0.77}
{'loss': 0.5896, 'grad_norm': 2.402561664581299, 'learning_rate': 1.28933622399871e-06, 'epoch': 0.77}
{'loss': 0.8013, 'grad_norm': 2.595576524734497, 'learning_rate': 1.2879426209904966e-06, 'epoch': 0.77}
{'loss': 0.6759, 'grad_norm': 2.4534575939178467, 'learning_rate': 1.2865496601898953e-06, 'epoch': 0.77}
{'loss': 0.7459, 'grad_norm': 2.5515949726104736, 'learning_rate': 1.2851573418378987e-06, 'epoch': 0.77}
{'loss': 0.8459, 'grad_norm': 2.6598353385925293, 'learning_rate': 1.2837656661753878e-06, 'epoch': 0.77}
{'loss': 0.8221, 'grad_norm': 2.419567823410034, 'learning_rate': 1.2823746334431287e-06, 'epoch': 0.77}
{'loss': 0.79, 'grad_norm': 2.598341226577759, 'learning_rate': 1.2809842438817766e-06, 'epoch': 0.77}
{'loss': 0.7664, 'grad_norm': 2.4007415771484375, 'learning_rate': 1.2795944977318787e-06, 'epoch': 0.77}
{'loss': 0.5926, 'grad_norm': 2.4418933391571045, 'learning_rate': 1.2782053952338701e-06, 'epoch': 0.77}
{'loss': 0.7638, 'grad_norm': 2.451826810836792, 'learning_rate': 1.276816936628072e-06, 'epoch': 0.77}
{'loss': 0.7352, 'grad_norm': 2.484379291534424, 'learning_rate': 1.2754291221546977e-06, 'epoch': 0.77}
{'loss': 0.7657, 'grad_norm': 2.2721097469329834, 'learning_rate': 1.274041952053846e-06, 'epoch': 0.77}
{'loss': 0.8678, 'grad_norm': 2.2862420082092285, 'learning_rate': 1.2726554265655044e-06, 'epoch': 0.77}
{'loss': 1.004, 'grad_norm': 2.373858690261841, 'learning_rate': 1.2712695459295504e-06, 'epoch': 0.77}
{'loss': 0.6743, 'grad_norm': 2.368459701538086, 'learning_rate': 1.2698843103857523e-06, 'epoch': 0.77}
{'loss': 0.7339, 'grad_norm': 2.550002098083496, 'learning_rate': 1.2684997201737608e-06, 'epoch': 0.78}
{'loss': 0.7185, 'grad_norm': 2.4168035984039307, 'learning_rate': 1.2671157755331181e-06, 'epoch': 0.78}
{'loss': 0.908, 'grad_norm': 2.9036476612091064, 'learning_rate': 1.2657324767032557e-06, 'epoch': 0.78}
{'loss': 0.995, 'grad_norm': 2.5383753776550293, 'learning_rate': 1.2643498239234937e-06, 'epoch': 0.78}
{'loss': 0.6628, 'grad_norm': 2.3392293453216553, 'learning_rate': 1.2629678174330374e-06, 'epoch': 0.78}
{'loss': 0.7544, 'grad_norm': 2.388024091720581, 'learning_rate': 1.2615864574709808e-06, 'epoch': 0.78}
{'loss': 0.8177, 'grad_norm': 2.7169864177703857, 'learning_rate': 1.2602057442763095e-06, 'epoch': 0.78}
{'loss': 0.7891, 'grad_norm': 2.3593661785125732, 'learning_rate': 1.2588256780878948e-06, 'epoch': 0.78}
{'loss': 0.8739, 'grad_norm': 2.706568479537964, 'learning_rate': 1.257446259144494e-06, 'epoch': 0.78}
{'loss': 0.745, 'grad_norm': 2.5003974437713623, 'learning_rate': 1.2560674876847584e-06, 'epoch': 0.78}
{'loss': 0.9116, 'grad_norm': 2.434603452682495, 'learning_rate': 1.2546893639472214e-06, 'epoch': 0.78}
{'loss': 0.7183, 'grad_norm': 2.5192322731018066, 'learning_rate': 1.2533118881703043e-06, 'epoch': 0.78}
{'loss': 0.9425, 'grad_norm': 2.765001058578491, 'learning_rate': 1.2519350605923208e-06, 'epoch': 0.78}
{'loss': 0.8839, 'grad_norm': 2.5165882110595703, 'learning_rate': 1.250558881451472e-06, 'epoch': 0.78}
{'loss': 0.7129, 'grad_norm': 2.5349700450897217, 'learning_rate': 1.249183350985842e-06, 'epoch': 0.78}
{'loss': 0.7647, 'grad_norm': 2.5618107318878174, 'learning_rate': 1.2478084694334052e-06, 'epoch': 0.78}
{'loss': 0.6053, 'grad_norm': 2.3984713554382324, 'learning_rate': 1.2464342370320253e-06, 'epoch': 0.78}
{'loss': 0.9083, 'grad_norm': 2.5454301834106445, 'learning_rate': 1.2450606540194544e-06, 'epoch': 0.78}
{'loss': 0.977, 'grad_norm': 2.4024085998535156, 'learning_rate': 1.2436877206333282e-06, 'epoch': 0.78}
{'loss': 0.6959, 'grad_norm': 2.655402183532715, 'learning_rate': 1.242315437111171e-06, 'epoch': 0.78}
{'loss': 0.7054, 'grad_norm': 3.015897274017334, 'learning_rate': 1.2409438036903982e-06, 'epoch': 0.78}
{'loss': 0.7707, 'grad_norm': 2.7586894035339355, 'learning_rate': 1.23957282060831e-06, 'epoch': 0.78}
{'loss': 0.7287, 'grad_norm': 2.5820729732513428, 'learning_rate': 1.2382024881020937e-06, 'epoch': 0.78}
{'loss': 0.7752, 'grad_norm': 2.3923895359039307, 'learning_rate': 1.2368328064088263e-06, 'epoch': 0.78}
{'loss': 1.0607, 'grad_norm': 2.947039842605591, 'learning_rate': 1.235463775765468e-06, 'epoch': 0.78}
{'loss': 0.6775, 'grad_norm': 2.312863826751709, 'learning_rate': 1.2340953964088725e-06, 'epoch': 0.78}
{'loss': 0.667, 'grad_norm': 2.387984275817871, 'learning_rate': 1.2327276685757743e-06, 'epoch': 0.78}
{'loss': 0.8292, 'grad_norm': 2.7171802520751953, 'learning_rate': 1.2313605925028e-06, 'epoch': 0.78}
{'loss': 0.892, 'grad_norm': 2.8022024631500244, 'learning_rate': 1.2299941684264638e-06, 'epoch': 0.78}
{'loss': 0.6496, 'grad_norm': 2.150404453277588, 'learning_rate': 1.2286283965831602e-06, 'epoch': 0.78}
{'loss': 0.8256, 'grad_norm': 2.4814932346343994, 'learning_rate': 1.2272632772091781e-06, 'epoch': 0.78}
{'loss': 0.7137, 'grad_norm': 2.302110433578491, 'learning_rate': 1.2258988105406928e-06, 'epoch': 0.78}
{'loss': 0.8813, 'grad_norm': 2.7282040119171143, 'learning_rate': 1.2245349968137615e-06, 'epoch': 0.78}
{'loss': 0.9034, 'grad_norm': 2.81858491897583, 'learning_rate': 1.2231718362643358e-06, 'epoch': 0.78}
{'loss': 0.6764, 'grad_norm': 1.700755000114441, 'learning_rate': 1.2218093291282473e-06, 'epoch': 0.78}
{'loss': 0.8878, 'grad_norm': 2.5143470764160156, 'learning_rate': 1.22044747564122e-06, 'epoch': 0.78}
{'loss': 0.8306, 'grad_norm': 2.3919429779052734, 'learning_rate': 1.21908627603886e-06, 'epoch': 0.78}
{'loss': 0.6888, 'grad_norm': 2.6919500827789307, 'learning_rate': 1.2177257305566658e-06, 'epoch': 0.78}
{'loss': 0.6306, 'grad_norm': 2.418790578842163, 'learning_rate': 1.216365839430017e-06, 'epoch': 0.78}
{'loss': 0.8078, 'grad_norm': 2.632627248764038, 'learning_rate': 1.2150066028941848e-06, 'epoch': 0.78}
{'loss': 0.6802, 'grad_norm': 2.357640504837036, 'learning_rate': 1.2136480211843232e-06, 'epoch': 0.78}
{'loss': 0.6348, 'grad_norm': 2.474271535873413, 'learning_rate': 1.2122900945354755e-06, 'epoch': 0.78}
{'loss': 0.6728, 'grad_norm': 2.3251960277557373, 'learning_rate': 1.2109328231825734e-06, 'epoch': 0.78}
{'loss': 0.7795, 'grad_norm': 1.729099154472351, 'learning_rate': 1.2095762073604284e-06, 'epoch': 0.78}
{'loss': 0.8527, 'grad_norm': 2.655364990234375, 'learning_rate': 1.2082202473037447e-06, 'epoch': 0.78}
{'loss': 0.8573, 'grad_norm': 3.2666468620300293, 'learning_rate': 1.206864943247112e-06, 'epoch': 0.78}
{'loss': 0.7208, 'grad_norm': 2.382551670074463, 'learning_rate': 1.205510295425007e-06, 'epoch': 0.78}
{'loss': 0.8716, 'grad_norm': 2.661403179168701, 'learning_rate': 1.2041563040717896e-06, 'epoch': 0.78}
{'loss': 1.0516, 'grad_norm': 2.8093655109405518, 'learning_rate': 1.202802969421708e-06, 'epoch': 0.78}
{'loss': 0.859, 'grad_norm': 2.691438913345337, 'learning_rate': 1.2014502917088989e-06, 'epoch': 0.78}
{'loss': 0.7838, 'grad_norm': 2.725196361541748, 'learning_rate': 1.2000982711673808e-06, 'epoch': 0.78}
{'loss': 0.932, 'grad_norm': 3.005654811859131, 'learning_rate': 1.1987469080310643e-06, 'epoch': 0.78}
{'loss': 0.977, 'grad_norm': 2.637244701385498, 'learning_rate': 1.1973962025337404e-06, 'epoch': 0.78}
{'loss': 0.8724, 'grad_norm': 2.5388922691345215, 'learning_rate': 1.1960461549090912e-06, 'epoch': 0.78}
{'loss': 0.787, 'grad_norm': 2.4431023597717285, 'learning_rate': 1.1946967653906804e-06, 'epoch': 0.78}
{'loss': 0.6823, 'grad_norm': 2.450904369354248, 'learning_rate': 1.1933480342119618e-06, 'epoch': 0.78}
{'loss': 0.8703, 'grad_norm': 2.684385299682617, 'learning_rate': 1.1919999616062754e-06, 'epoch': 0.78}
{'loss': 0.9264, 'grad_norm': 2.7588915824890137, 'learning_rate': 1.1906525478068438e-06, 'epoch': 0.78}
{'loss': 0.8216, 'grad_norm': 2.4588778018951416, 'learning_rate': 1.1893057930467754e-06, 'epoch': 0.78}
{'loss': 0.8653, 'grad_norm': 2.564821720123291, 'learning_rate': 1.1879596975590696e-06, 'epoch': 0.78}
{'loss': 0.7765, 'grad_norm': 2.543570041656494, 'learning_rate': 1.1866142615766092e-06, 'epoch': 0.78}
{'loss': 0.7421, 'grad_norm': 2.4611480236053467, 'learning_rate': 1.1852694853321606e-06, 'epoch': 0.78}
{'loss': 0.7361, 'grad_norm': 2.644615411758423, 'learning_rate': 1.183925369058378e-06, 'epoch': 0.78}
{'loss': 0.9069, 'grad_norm': 2.4530510902404785, 'learning_rate': 1.182581912987803e-06, 'epoch': 0.78}
{'loss': 0.8338, 'grad_norm': 2.6485798358917236, 'learning_rate': 1.1812391173528586e-06, 'epoch': 0.78}
{'loss': 0.9054, 'grad_norm': 2.767277717590332, 'learning_rate': 1.1798969823858597e-06, 'epoch': 0.78}
{'loss': 0.7543, 'grad_norm': 2.4804656505584717, 'learning_rate': 1.1785555083190009e-06, 'epoch': 0.78}
{'loss': 0.8881, 'grad_norm': 2.7287027835845947, 'learning_rate': 1.1772146953843666e-06, 'epoch': 0.78}
{'loss': 0.7153, 'grad_norm': 2.3397457599639893, 'learning_rate': 1.1758745438139236e-06, 'epoch': 0.78}
{'loss': 0.8824, 'grad_norm': 2.6211674213409424, 'learning_rate': 1.1745350538395267e-06, 'epoch': 0.78}
{'loss': 0.9744, 'grad_norm': 3.000800371170044, 'learning_rate': 1.1731962256929174e-06, 'epoch': 0.78}
{'loss': 0.7943, 'grad_norm': 2.4479095935821533, 'learning_rate': 1.1718580596057194e-06, 'epoch': 0.78}
{'loss': 0.8559, 'grad_norm': 2.5819740295410156, 'learning_rate': 1.1705205558094412e-06, 'epoch': 0.78}
{'loss': 0.8168, 'grad_norm': 2.679145097732544, 'learning_rate': 1.1691837145354806e-06, 'epoch': 0.78}
{'loss': 0.7728, 'grad_norm': 2.53670597076416, 'learning_rate': 1.1678475360151203e-06, 'epoch': 0.78}
{'loss': 0.663, 'grad_norm': 1.8715580701828003, 'learning_rate': 1.166512020479526e-06, 'epoch': 0.78}
{'loss': 0.889, 'grad_norm': 2.484121799468994, 'learning_rate': 1.165177168159748e-06, 'epoch': 0.78}
{'loss': 0.8395, 'grad_norm': 2.6527576446533203, 'learning_rate': 1.163842979286724e-06, 'epoch': 0.79}
{'loss': 0.831, 'grad_norm': 2.3721742630004883, 'learning_rate': 1.1625094540912795e-06, 'epoch': 0.79}
{'loss': 0.8024, 'grad_norm': 2.345705986022949, 'learning_rate': 1.161176592804118e-06, 'epoch': 0.79}
{'loss': 0.7399, 'grad_norm': 2.4480650424957275, 'learning_rate': 1.1598443956558363e-06, 'epoch': 0.79}
{'loss': 0.8284, 'grad_norm': 2.836334705352783, 'learning_rate': 1.15851286287691e-06, 'epoch': 0.79}
{'loss': 0.6502, 'grad_norm': 2.4712748527526855, 'learning_rate': 1.1571819946977009e-06, 'epoch': 0.79}
{'loss': 0.9691, 'grad_norm': 3.0001096725463867, 'learning_rate': 1.1558517913484579e-06, 'epoch': 0.79}
{'loss': 0.9298, 'grad_norm': 2.602550745010376, 'learning_rate': 1.1545222530593165e-06, 'epoch': 0.79}
{'loss': 0.7323, 'grad_norm': 2.4260427951812744, 'learning_rate': 1.1531933800602924e-06, 'epoch': 0.79}
{'loss': 0.883, 'grad_norm': 2.6624114513397217, 'learning_rate': 1.1518651725812867e-06, 'epoch': 0.79}
{'loss': 0.843, 'grad_norm': 2.5487546920776367, 'learning_rate': 1.1505376308520893e-06, 'epoch': 0.79}
{'loss': 0.7729, 'grad_norm': 2.551677942276001, 'learning_rate': 1.1492107551023736e-06, 'epoch': 0.79}
{'loss': 0.8231, 'grad_norm': 2.8043689727783203, 'learning_rate': 1.1478845455616955e-06, 'epoch': 0.79}
{'loss': 0.6945, 'grad_norm': 2.3601794242858887, 'learning_rate': 1.1465590024594951e-06, 'epoch': 0.79}
{'loss': 0.981, 'grad_norm': 2.5382816791534424, 'learning_rate': 1.145234126025102e-06, 'epoch': 0.79}
{'loss': 0.987, 'grad_norm': 2.6203219890594482, 'learning_rate': 1.143909916487727e-06, 'epoch': 0.79}
{'loss': 0.606, 'grad_norm': 2.47383975982666, 'learning_rate': 1.1425863740764648e-06, 'epoch': 0.79}
{'loss': 1.0716, 'grad_norm': 2.855001926422119, 'learning_rate': 1.1412634990202981e-06, 'epoch': 0.79}
{'loss': 0.8519, 'grad_norm': 2.6442973613739014, 'learning_rate': 1.1399412915480907e-06, 'epoch': 0.79}
{'loss': 0.7176, 'grad_norm': 2.5030269622802734, 'learning_rate': 1.138619751888591e-06, 'epoch': 0.79}
{'loss': 0.6603, 'grad_norm': 1.4134197235107422, 'learning_rate': 1.1372988802704344e-06, 'epoch': 0.79}
{'loss': 0.7508, 'grad_norm': 2.459120273590088, 'learning_rate': 1.1359786769221404e-06, 'epoch': 0.79}
{'loss': 0.7792, 'grad_norm': 2.3982906341552734, 'learning_rate': 1.134659142072111e-06, 'epoch': 0.79}
{'loss': 0.8836, 'grad_norm': 2.527452230453491, 'learning_rate': 1.1333402759486317e-06, 'epoch': 0.79}
{'loss': 0.9383, 'grad_norm': 2.5192272663116455, 'learning_rate': 1.132022078779876e-06, 'epoch': 0.79}
{'loss': 0.7916, 'grad_norm': 2.483966112136841, 'learning_rate': 1.1307045507939e-06, 'epoch': 0.79}
{'loss': 0.7795, 'grad_norm': 2.569579839706421, 'learning_rate': 1.1293876922186437e-06, 'epoch': 0.79}
{'loss': 0.7677, 'grad_norm': 2.145825147628784, 'learning_rate': 1.128071503281929e-06, 'epoch': 0.79}
{'loss': 0.732, 'grad_norm': 2.3117175102233887, 'learning_rate': 1.1267559842114662e-06, 'epoch': 0.79}
{'loss': 0.7657, 'grad_norm': 2.3664801120758057, 'learning_rate': 1.1254411352348489e-06, 'epoch': 0.79}
{'loss': 0.864, 'grad_norm': 2.362870693206787, 'learning_rate': 1.1241269565795509e-06, 'epoch': 0.79}
{'loss': 0.8796, 'grad_norm': 2.633545398712158, 'learning_rate': 1.122813448472936e-06, 'epoch': 0.79}
{'loss': 0.8438, 'grad_norm': 2.4758992195129395, 'learning_rate': 1.121500611142245e-06, 'epoch': 0.79}
{'loss': 0.6824, 'grad_norm': 2.4352142810821533, 'learning_rate': 1.12018844481461e-06, 'epoch': 0.79}
{'loss': 0.6654, 'grad_norm': 2.596683979034424, 'learning_rate': 1.1188769497170404e-06, 'epoch': 0.79}
{'loss': 1.0827, 'grad_norm': 2.599613666534424, 'learning_rate': 1.1175661260764338e-06, 'epoch': 0.79}
{'loss': 0.8472, 'grad_norm': 2.503575563430786, 'learning_rate': 1.1162559741195733e-06, 'epoch': 0.79}
{'loss': 0.7873, 'grad_norm': 2.73757266998291, 'learning_rate': 1.1149464940731176e-06, 'epoch': 0.79}
{'loss': 0.8882, 'grad_norm': 2.7287042140960693, 'learning_rate': 1.1136376861636166e-06, 'epoch': 0.79}
{'loss': 0.6798, 'grad_norm': 2.3119349479675293, 'learning_rate': 1.1123295506175035e-06, 'epoch': 0.79}
{'loss': 0.7407, 'grad_norm': 2.7805473804473877, 'learning_rate': 1.1110220876610923e-06, 'epoch': 0.79}
{'loss': 0.6912, 'grad_norm': 2.461793899536133, 'learning_rate': 1.1097152975205789e-06, 'epoch': 0.79}
{'loss': 0.7647, 'grad_norm': 2.369401693344116, 'learning_rate': 1.1084091804220487e-06, 'epoch': 0.79}
{'loss': 0.7894, 'grad_norm': 2.7900631427764893, 'learning_rate': 1.1071037365914682e-06, 'epoch': 0.79}
{'loss': 0.7921, 'grad_norm': 2.487666368484497, 'learning_rate': 1.1057989662546837e-06, 'epoch': 0.79}
{'loss': 0.9733, 'grad_norm': 2.779005765914917, 'learning_rate': 1.104494869637432e-06, 'epoch': 0.79}
{'loss': 0.7655, 'grad_norm': 2.3524389266967773, 'learning_rate': 1.1031914469653255e-06, 'epoch': 0.79}
{'loss': 0.6766, 'grad_norm': 2.2461934089660645, 'learning_rate': 1.101888698463867e-06, 'epoch': 0.79}
{'loss': 0.9046, 'grad_norm': 2.6733627319335938, 'learning_rate': 1.1005866243584373e-06, 'epoch': 0.79}
{'loss': 0.9728, 'grad_norm': 2.778292179107666, 'learning_rate': 1.0992852248743042e-06, 'epoch': 0.79}
{'loss': 0.7089, 'grad_norm': 2.357178211212158, 'learning_rate': 1.097984500236619e-06, 'epoch': 0.79}
{'loss': 0.8685, 'grad_norm': 2.642522096633911, 'learning_rate': 1.0966844506704104e-06, 'epoch': 0.79}
{'loss': 0.8529, 'grad_norm': 2.5437493324279785, 'learning_rate': 1.0953850764005975e-06, 'epoch': 0.79}
{'loss': 0.7291, 'grad_norm': 2.3393774032592773, 'learning_rate': 1.09408637765198e-06, 'epoch': 0.79}
{'loss': 0.8151, 'grad_norm': 2.468231439590454, 'learning_rate': 1.0927883546492396e-06, 'epoch': 0.79}
{'loss': 1.0111, 'grad_norm': 2.5170931816101074, 'learning_rate': 1.0914910076169404e-06, 'epoch': 0.79}
{'loss': 0.7971, 'grad_norm': 2.781951427459717, 'learning_rate': 1.090194336779532e-06, 'epoch': 0.79}
{'loss': 0.6987, 'grad_norm': 2.443789482116699, 'learning_rate': 1.088898342361348e-06, 'epoch': 0.79}
{'loss': 0.8815, 'grad_norm': 2.6675567626953125, 'learning_rate': 1.0876030245865999e-06, 'epoch': 0.79}
{'loss': 0.7739, 'grad_norm': 2.2984235286712646, 'learning_rate': 1.0863083836793887e-06, 'epoch': 0.79}
{'loss': 0.9096, 'grad_norm': 2.7462408542633057, 'learning_rate': 1.0850144198636908e-06, 'epoch': 0.79}
{'loss': 0.9383, 'grad_norm': 2.571098804473877, 'learning_rate': 1.083721133363373e-06, 'epoch': 0.79}
{'loss': 0.7563, 'grad_norm': 2.3207058906555176, 'learning_rate': 1.0824285244021788e-06, 'epoch': 0.79}
{'loss': 0.8706, 'grad_norm': 2.663259267807007, 'learning_rate': 1.0811365932037383e-06, 'epoch': 0.79}
{'loss': 0.7558, 'grad_norm': 2.515509843826294, 'learning_rate': 1.0798453399915644e-06, 'epoch': 0.79}
{'loss': 1.0057, 'grad_norm': 2.78737735748291, 'learning_rate': 1.0785547649890498e-06, 'epoch': 0.79}
{'loss': 0.9553, 'grad_norm': 3.0714845657348633, 'learning_rate': 1.0772648684194713e-06, 'epoch': 0.79}
{'loss': 0.768, 'grad_norm': 2.6562187671661377, 'learning_rate': 1.0759756505059888e-06, 'epoch': 0.79}
{'loss': 0.7418, 'grad_norm': 2.799821615219116, 'learning_rate': 1.0746871114716472e-06, 'epoch': 0.79}
{'loss': 0.7038, 'grad_norm': 2.5131282806396484, 'learning_rate': 1.0733992515393672e-06, 'epoch': 0.79}
{'loss': 0.9215, 'grad_norm': 2.76155686378479, 'learning_rate': 1.0721120709319571e-06, 'epoch': 0.79}
{'loss': 0.9421, 'grad_norm': 2.5883700847625732, 'learning_rate': 1.0708255698721088e-06, 'epoch': 0.79}
{'loss': 0.7377, 'grad_norm': 2.284576177597046, 'learning_rate': 1.0695397485823916e-06, 'epoch': 0.79}
{'loss': 0.9523, 'grad_norm': 2.369518995285034, 'learning_rate': 1.0682546072852635e-06, 'epoch': 0.79}
{'loss': 0.9564, 'grad_norm': 2.595707893371582, 'learning_rate': 1.066970146203058e-06, 'epoch': 0.79}
{'loss': 0.9504, 'grad_norm': 2.3854429721832275, 'learning_rate': 1.0656863655579974e-06, 'epoch': 0.79}
{'loss': 0.6304, 'grad_norm': 2.2808165550231934, 'learning_rate': 1.0644032655721803e-06, 'epoch': 0.79}
{'loss': 0.9269, 'grad_norm': 2.5142672061920166, 'learning_rate': 1.0631208464675919e-06, 'epoch': 0.79}
{'loss': 1.0807, 'grad_norm': 2.773813486099243, 'learning_rate': 1.0618391084660995e-06, 'epoch': 0.8}
{'loss': 1.0212, 'grad_norm': 2.792637348175049, 'learning_rate': 1.0605580517894504e-06, 'epoch': 0.8}
{'loss': 0.8725, 'grad_norm': 2.744723081588745, 'learning_rate': 1.0592776766592727e-06, 'epoch': 0.8}
{'loss': 0.8436, 'grad_norm': 2.586601495742798, 'learning_rate': 1.057997983297081e-06, 'epoch': 0.8}
{'loss': 0.8648, 'grad_norm': 2.6651761531829834, 'learning_rate': 1.0567189719242704e-06, 'epoch': 0.8}
{'loss': 0.8593, 'grad_norm': 2.5853915214538574, 'learning_rate': 1.0554406427621168e-06, 'epoch': 0.8}
{'loss': 0.8422, 'grad_norm': 2.657749891281128, 'learning_rate': 1.0541629960317763e-06, 'epoch': 0.8}
{'loss': 0.9022, 'grad_norm': 2.5451290607452393, 'learning_rate': 1.052886031954291e-06, 'epoch': 0.8}
{'loss': 0.841, 'grad_norm': 2.667530059814453, 'learning_rate': 1.0516097507505845e-06, 'epoch': 0.8}
{'loss': 0.832, 'grad_norm': 2.5606815814971924, 'learning_rate': 1.05033415264146e-06, 'epoch': 0.8}
{'loss': 0.6812, 'grad_norm': 2.004582166671753, 'learning_rate': 1.0490592378476012e-06, 'epoch': 0.8}
{'loss': 0.7016, 'grad_norm': 2.2247321605682373, 'learning_rate': 1.0477850065895796e-06, 'epoch': 0.8}
{'loss': 0.7842, 'grad_norm': 2.644286870956421, 'learning_rate': 1.0465114590878405e-06, 'epoch': 0.8}
{'loss': 0.8593, 'grad_norm': 2.558243751525879, 'learning_rate': 1.0452385955627175e-06, 'epoch': 0.8}
{'loss': 0.9519, 'grad_norm': 2.737792491912842, 'learning_rate': 1.0439664162344249e-06, 'epoch': 0.8}
{'loss': 0.9489, 'grad_norm': 2.9928226470947266, 'learning_rate': 1.0426949213230553e-06, 'epoch': 0.8}
{'loss': 0.8854, 'grad_norm': 2.7801172733306885, 'learning_rate': 1.0414241110485835e-06, 'epoch': 0.8}
{'loss': 0.901, 'grad_norm': 2.4141085147857666, 'learning_rate': 1.0401539856308685e-06, 'epoch': 0.8}
{'loss': 0.6917, 'grad_norm': 1.98909592628479, 'learning_rate': 1.0388845452896502e-06, 'epoch': 0.8}
{'loss': 0.9378, 'grad_norm': 2.4693961143493652, 'learning_rate': 1.037615790244549e-06, 'epoch': 0.8}
{'loss': 0.9966, 'grad_norm': 2.66464900970459, 'learning_rate': 1.0363477207150646e-06, 'epoch': 0.8}
{'loss': 0.8476, 'grad_norm': 2.938082456588745, 'learning_rate': 1.0350803369205826e-06, 'epoch': 0.8}
{'loss': 0.7642, 'grad_norm': 2.3928043842315674, 'learning_rate': 1.0338136390803682e-06, 'epoch': 0.8}
{'loss': 0.7621, 'grad_norm': 2.712804079055786, 'learning_rate': 1.0325476274135665e-06, 'epoch': 0.8}
{'loss': 0.8386, 'grad_norm': 2.7627129554748535, 'learning_rate': 1.0312823021392043e-06, 'epoch': 0.8}
{'loss': 0.8393, 'grad_norm': 2.599071979522705, 'learning_rate': 1.030017663476192e-06, 'epoch': 0.8}
{'loss': 0.9982, 'grad_norm': 2.822775363922119, 'learning_rate': 1.0287537116433176e-06, 'epoch': 0.8}
{'loss': 0.7867, 'grad_norm': 2.4168155193328857, 'learning_rate': 1.0274904468592529e-06, 'epoch': 0.8}
{'loss': 0.8641, 'grad_norm': 2.542048931121826, 'learning_rate': 1.0262278693425516e-06, 'epoch': 0.8}
{'loss': 0.822, 'grad_norm': 2.486762523651123, 'learning_rate': 1.0249659793116457e-06, 'epoch': 0.8}
{'loss': 0.8374, 'grad_norm': 2.527804136276245, 'learning_rate': 1.0237047769848484e-06, 'epoch': 0.8}
{'loss': 0.8569, 'grad_norm': 2.564926862716675, 'learning_rate': 1.022444262580356e-06, 'epoch': 0.8}
{'loss': 0.7492, 'grad_norm': 2.6567914485931396, 'learning_rate': 1.021184436316246e-06, 'epoch': 0.8}
{'loss': 0.8416, 'grad_norm': 2.6890642642974854, 'learning_rate': 1.0199252984104752e-06, 'epoch': 0.8}
{'loss': 0.6806, 'grad_norm': 2.2849154472351074, 'learning_rate': 1.0186668490808798e-06, 'epoch': 0.8}
{'loss': 0.7726, 'grad_norm': 2.277160167694092, 'learning_rate': 1.017409088545181e-06, 'epoch': 0.8}
{'loss': 0.7769, 'grad_norm': 2.6201012134552, 'learning_rate': 1.0161520170209787e-06, 'epoch': 0.8}
{'loss': 0.8452, 'grad_norm': 2.928105592727661, 'learning_rate': 1.0148956347257533e-06, 'epoch': 0.8}
{'loss': 0.7825, 'grad_norm': 2.379617929458618, 'learning_rate': 1.013639941876865e-06, 'epoch': 0.8}
{'loss': 0.8052, 'grad_norm': 2.414818048477173, 'learning_rate': 1.012384938691557e-06, 'epoch': 0.8}
{'loss': 0.7557, 'grad_norm': 2.5294651985168457, 'learning_rate': 1.0111306253869534e-06, 'epoch': 0.8}
{'loss': 0.9842, 'grad_norm': 2.4766135215759277, 'learning_rate': 1.0098770021800553e-06, 'epoch': 0.8}
{'loss': 0.8003, 'grad_norm': 2.511085271835327, 'learning_rate': 1.0086240692877497e-06, 'epoch': 0.8}
{'loss': 0.9059, 'grad_norm': 2.6830437183380127, 'learning_rate': 1.0073718269267995e-06, 'epoch': 0.8}
{'loss': 0.693, 'grad_norm': 2.95247483253479, 'learning_rate': 1.0061202753138487e-06, 'epoch': 0.8}
{'loss': 0.9001, 'grad_norm': 2.269922971725464, 'learning_rate': 1.0048694146654248e-06, 'epoch': 0.8}
{'loss': 0.92, 'grad_norm': 2.760746717453003, 'learning_rate': 1.003619245197935e-06, 'epoch': 0.8}
{'loss': 0.7541, 'grad_norm': 2.617748498916626, 'learning_rate': 1.0023697671276644e-06, 'epoch': 0.8}
{'loss': 0.8771, 'grad_norm': 2.678795099258423, 'learning_rate': 1.0011209806707789e-06, 'epoch': 0.8}
{'loss': 0.8623, 'grad_norm': 2.5620741844177246, 'learning_rate': 9.998728860433277e-07, 'epoch': 0.8}
{'loss': 1.1453, 'grad_norm': 2.8967912197113037, 'learning_rate': 9.986254834612385e-07, 'epoch': 0.8}
{'loss': 0.9367, 'grad_norm': 2.585960865020752, 'learning_rate': 9.97378773140318e-07, 'epoch': 0.8}
{'loss': 0.9098, 'grad_norm': 2.571364402770996, 'learning_rate': 9.961327552962563e-07, 'epoch': 0.8}
{'loss': 0.9602, 'grad_norm': 2.4927163124084473, 'learning_rate': 9.948874301446187e-07, 'epoch': 0.8}
{'loss': 0.8147, 'grad_norm': 2.805079460144043, 'learning_rate': 9.93642797900858e-07, 'epoch': 0.8}
{'loss': 0.7373, 'grad_norm': 2.3209736347198486, 'learning_rate': 9.923988587802979e-07, 'epoch': 0.8}
{'loss': 0.9805, 'grad_norm': 2.750030517578125, 'learning_rate': 9.911556129981515e-07, 'epoch': 0.8}
{'loss': 0.6488, 'grad_norm': 2.196502447128296, 'learning_rate': 9.899130607695057e-07, 'epoch': 0.8}
{'loss': 0.9232, 'grad_norm': 2.837634563446045, 'learning_rate': 9.886712023093276e-07, 'epoch': 0.8}
{'loss': 0.9958, 'grad_norm': 2.6320531368255615, 'learning_rate': 9.87430037832468e-07, 'epoch': 0.8}
{'loss': 0.8016, 'grad_norm': 2.77028751373291, 'learning_rate': 9.86189567553657e-07, 'epoch': 0.8}
{'loss': 0.7071, 'grad_norm': 2.508084774017334, 'learning_rate': 9.849497916875013e-07, 'epoch': 0.8}
{'loss': 0.9788, 'grad_norm': 2.6347081661224365, 'learning_rate': 9.837107104484877e-07, 'epoch': 0.8}
{'loss': 0.9601, 'grad_norm': 2.7830841541290283, 'learning_rate': 9.824723240509864e-07, 'epoch': 0.8}
{'loss': 0.8278, 'grad_norm': 2.8825318813323975, 'learning_rate': 9.812346327092477e-07, 'epoch': 0.8}
{'loss': 0.7092, 'grad_norm': 2.478116035461426, 'learning_rate': 9.799976366373949e-07, 'epoch': 0.8}
{'loss': 0.9404, 'grad_norm': 2.482088088989258, 'learning_rate': 9.787613360494396e-07, 'epoch': 0.8}
{'loss': 0.9263, 'grad_norm': 2.5511069297790527, 'learning_rate': 9.775257311592657e-07, 'epoch': 0.8}
{'loss': 0.7817, 'grad_norm': 2.402515172958374, 'learning_rate': 9.762908221806434e-07, 'epoch': 0.8}
{'loss': 0.8064, 'grad_norm': 2.5277607440948486, 'learning_rate': 9.750566093272152e-07, 'epoch': 0.8}
{'loss': 1.0474, 'grad_norm': 2.6269586086273193, 'learning_rate': 9.738230928125115e-07, 'epoch': 0.8}
{'loss': 0.7953, 'grad_norm': 2.8897664546966553, 'learning_rate': 9.725902728499337e-07, 'epoch': 0.8}
{'loss': 0.7778, 'grad_norm': 2.3183975219726562, 'learning_rate': 9.713581496527709e-07, 'epoch': 0.8}
{'loss': 0.8658, 'grad_norm': 2.603771448135376, 'learning_rate': 9.701267234341839e-07, 'epoch': 0.8}
{'loss': 0.853, 'grad_norm': 2.5574116706848145, 'learning_rate': 9.688959944072179e-07, 'epoch': 0.8}
{'loss': 0.9558, 'grad_norm': 2.6751344203948975, 'learning_rate': 9.676659627847996e-07, 'epoch': 0.8}
{'loss': 0.9135, 'grad_norm': 2.4971351623535156, 'learning_rate': 9.664366287797254e-07, 'epoch': 0.8}
{'loss': 0.8031, 'grad_norm': 2.4280903339385986, 'learning_rate': 9.652079926046814e-07, 'epoch': 0.8}
{'loss': 0.8568, 'grad_norm': 2.418217897415161, 'learning_rate': 9.639800544722288e-07, 'epoch': 0.81}
{'loss': 0.9393, 'grad_norm': 2.77412486076355, 'learning_rate': 9.627528145948063e-07, 'epoch': 0.81}
{'loss': 0.8161, 'grad_norm': 2.271655321121216, 'learning_rate': 9.615262731847353e-07, 'epoch': 0.81}
{'loss': 0.8069, 'grad_norm': 2.5186045169830322, 'learning_rate': 9.603004304542123e-07, 'epoch': 0.81}
{'loss': 0.7087, 'grad_norm': 2.340914726257324, 'learning_rate': 9.590752866153186e-07, 'epoch': 0.81}
{'loss': 0.8936, 'grad_norm': 2.697262763977051, 'learning_rate': 9.578508418800082e-07, 'epoch': 0.81}
{'loss': 0.8381, 'grad_norm': 2.5968539714813232, 'learning_rate': 9.566270964601192e-07, 'epoch': 0.81}
{'loss': 0.6539, 'grad_norm': 2.2985334396362305, 'learning_rate': 9.55404050567365e-07, 'epoch': 0.81}
{'loss': 0.7034, 'grad_norm': 2.452646493911743, 'learning_rate': 9.541817044133422e-07, 'epoch': 0.81}
{'loss': 0.8206, 'grad_norm': 2.647726058959961, 'learning_rate': 9.529600582095206e-07, 'epoch': 0.81}
{'loss': 0.5778, 'grad_norm': 2.1167452335357666, 'learning_rate': 9.517391121672537e-07, 'epoch': 0.81}
{'loss': 0.7983, 'grad_norm': 2.467315673828125, 'learning_rate': 9.505188664977749e-07, 'epoch': 0.81}
{'loss': 1.0645, 'grad_norm': 2.7438178062438965, 'learning_rate': 9.492993214121887e-07, 'epoch': 0.81}
{'loss': 0.6401, 'grad_norm': 2.234795331954956, 'learning_rate': 9.480804771214863e-07, 'epoch': 0.81}
{'loss': 0.6916, 'grad_norm': 2.47244930267334, 'learning_rate': 9.468623338365357e-07, 'epoch': 0.81}
{'loss': 0.8005, 'grad_norm': 2.5142457485198975, 'learning_rate': 9.45644891768081e-07, 'epoch': 0.81}
{'loss': 0.8065, 'grad_norm': 2.4976844787597656, 'learning_rate': 9.444281511267484e-07, 'epoch': 0.81}
{'loss': 0.6766, 'grad_norm': 2.401487350463867, 'learning_rate': 9.432121121230392e-07, 'epoch': 0.81}
{'loss': 1.0492, 'grad_norm': 2.532597780227661, 'learning_rate': 9.419967749673376e-07, 'epoch': 0.81}
{'loss': 0.6701, 'grad_norm': 2.315936803817749, 'learning_rate': 9.407821398699018e-07, 'epoch': 0.81}
{'loss': 0.7417, 'grad_norm': 2.393342971801758, 'learning_rate': 9.395682070408713e-07, 'epoch': 0.81}
{'loss': 0.6221, 'grad_norm': 2.225708484649658, 'learning_rate': 9.383549766902655e-07, 'epoch': 0.81}
{'loss': 0.8446, 'grad_norm': 2.456345558166504, 'learning_rate': 9.37142449027979e-07, 'epoch': 0.81}
{'loss': 0.8753, 'grad_norm': 2.53605055809021, 'learning_rate': 9.35930624263785e-07, 'epoch': 0.81}
{'loss': 1.0062, 'grad_norm': 2.6947202682495117, 'learning_rate': 9.347195026073369e-07, 'epoch': 0.81}
{'loss': 0.6888, 'grad_norm': 2.2936105728149414, 'learning_rate': 9.335090842681683e-07, 'epoch': 0.81}
{'loss': 0.7414, 'grad_norm': 2.633112668991089, 'learning_rate': 9.322993694556859e-07, 'epoch': 0.81}
{'loss': 0.9225, 'grad_norm': 2.7470624446868896, 'learning_rate': 9.31090358379177e-07, 'epoch': 0.81}
{'loss': 0.702, 'grad_norm': 2.560605525970459, 'learning_rate': 9.298820512478085e-07, 'epoch': 0.81}
{'loss': 0.6577, 'grad_norm': 2.3334755897521973, 'learning_rate': 9.286744482706261e-07, 'epoch': 0.81}
{'loss': 0.7691, 'grad_norm': 2.629595994949341, 'learning_rate': 9.27467549656551e-07, 'epoch': 0.81}
{'loss': 0.9574, 'grad_norm': 2.575547933578491, 'learning_rate': 9.262613556143824e-07, 'epoch': 0.81}
{'loss': 0.561, 'grad_norm': 2.22824764251709, 'learning_rate': 9.250558663528014e-07, 'epoch': 0.81}
{'loss': 0.6908, 'grad_norm': 2.501938581466675, 'learning_rate': 9.23851082080362e-07, 'epoch': 0.81}
{'loss': 0.7042, 'grad_norm': 2.7760677337646484, 'learning_rate': 9.226470030055001e-07, 'epoch': 0.81}
{'loss': 0.8458, 'grad_norm': 2.606311321258545, 'learning_rate': 9.214436293365303e-07, 'epoch': 0.81}
{'loss': 0.7453, 'grad_norm': 2.592684030532837, 'learning_rate': 9.202409612816416e-07, 'epoch': 0.81}
{'loss': 0.7583, 'grad_norm': 2.2464656829833984, 'learning_rate': 9.190389990489007e-07, 'epoch': 0.81}
{'loss': 0.8005, 'grad_norm': 2.665634870529175, 'learning_rate': 9.178377428462565e-07, 'epoch': 0.81}
{'loss': 0.968, 'grad_norm': 2.80377197265625, 'learning_rate': 9.166371928815343e-07, 'epoch': 0.81}
{'loss': 0.7082, 'grad_norm': 2.5561106204986572, 'learning_rate': 9.154373493624341e-07, 'epoch': 0.81}
{'loss': 0.7362, 'grad_norm': 2.8010401725769043, 'learning_rate': 9.142382124965355e-07, 'epoch': 0.81}
{'loss': 0.752, 'grad_norm': 2.4667186737060547, 'learning_rate': 9.130397824912973e-07, 'epoch': 0.81}
{'loss': 0.7264, 'grad_norm': 2.323138475418091, 'learning_rate': 9.118420595540561e-07, 'epoch': 0.81}
{'loss': 0.9, 'grad_norm': 2.4130234718322754, 'learning_rate': 9.106450438920239e-07, 'epoch': 0.81}
{'loss': 0.8286, 'grad_norm': 2.4686379432678223, 'learning_rate': 9.094487357122894e-07, 'epoch': 0.81}
{'loss': 0.6429, 'grad_norm': 2.38992977142334, 'learning_rate': 9.082531352218227e-07, 'epoch': 0.81}
{'loss': 0.8365, 'grad_norm': 2.5782318115234375, 'learning_rate': 9.07058242627471e-07, 'epoch': 0.81}
{'loss': 0.8805, 'grad_norm': 2.5504956245422363, 'learning_rate': 9.058640581359551e-07, 'epoch': 0.81}
{'loss': 0.7904, 'grad_norm': 2.5228025913238525, 'learning_rate': 9.046705819538786e-07, 'epoch': 0.81}
{'loss': 0.9128, 'grad_norm': 2.7811193466186523, 'learning_rate': 9.034778142877181e-07, 'epoch': 0.81}
{'loss': 0.7653, 'grad_norm': 2.527784824371338, 'learning_rate': 9.022857553438286e-07, 'epoch': 0.81}
{'loss': 0.8146, 'grad_norm': 2.346813917160034, 'learning_rate': 9.010944053284443e-07, 'epoch': 0.81}
{'loss': 0.8642, 'grad_norm': 2.81501841545105, 'learning_rate': 8.999037644476771e-07, 'epoch': 0.81}
{'loss': 0.8434, 'grad_norm': 2.5043275356292725, 'learning_rate': 8.987138329075129e-07, 'epoch': 0.81}
{'loss': 0.8, 'grad_norm': 2.626948356628418, 'learning_rate': 8.975246109138169e-07, 'epoch': 0.81}
{'loss': 0.7979, 'grad_norm': 2.677156448364258, 'learning_rate': 8.963360986723313e-07, 'epoch': 0.81}
{'loss': 0.7797, 'grad_norm': 2.450888156890869, 'learning_rate': 8.951482963886777e-07, 'epoch': 0.81}
{'loss': 0.8539, 'grad_norm': 2.626507043838501, 'learning_rate': 8.939612042683515e-07, 'epoch': 0.81}
{'loss': 0.9794, 'grad_norm': 2.6507673263549805, 'learning_rate': 8.927748225167254e-07, 'epoch': 0.81}
{'loss': 0.7408, 'grad_norm': 2.5601651668548584, 'learning_rate': 8.915891513390512e-07, 'epoch': 0.81}
{'loss': 0.7813, 'grad_norm': 2.621382236480713, 'learning_rate': 8.904041909404587e-07, 'epoch': 0.81}
{'loss': 0.8292, 'grad_norm': 2.7569425106048584, 'learning_rate': 8.892199415259501e-07, 'epoch': 0.81}
{'loss': 0.7829, 'grad_norm': 2.3114919662475586, 'learning_rate': 8.880364033004096e-07, 'epoch': 0.81}
{'loss': 0.9671, 'grad_norm': 2.4986538887023926, 'learning_rate': 8.86853576468596e-07, 'epoch': 0.81}
{'loss': 0.7633, 'grad_norm': 2.4799373149871826, 'learning_rate': 8.856714612351436e-07, 'epoch': 0.81}
{'loss': 0.8903, 'grad_norm': 2.548084259033203, 'learning_rate': 8.844900578045662e-07, 'epoch': 0.81}
{'loss': 0.8561, 'grad_norm': 2.4644997119903564, 'learning_rate': 8.833093663812548e-07, 'epoch': 0.81}
{'loss': 0.7238, 'grad_norm': 2.4287755489349365, 'learning_rate': 8.821293871694747e-07, 'epoch': 0.81}
{'loss': 0.8369, 'grad_norm': 2.5838024616241455, 'learning_rate': 8.809501203733683e-07, 'epoch': 0.81}
{'loss': 0.6689, 'grad_norm': 2.2967069149017334, 'learning_rate': 8.797715661969563e-07, 'epoch': 0.81}
{'loss': 0.7667, 'grad_norm': 2.372807741165161, 'learning_rate': 8.785937248441373e-07, 'epoch': 0.81}
{'loss': 0.8246, 'grad_norm': 2.5222082138061523, 'learning_rate': 8.774165965186832e-07, 'epoch': 0.81}
{'loss': 0.8555, 'grad_norm': 2.69575572013855, 'learning_rate': 8.762401814242433e-07, 'epoch': 0.81}
{'loss': 0.6956, 'grad_norm': 2.360715389251709, 'learning_rate': 8.750644797643443e-07, 'epoch': 0.81}
{'loss': 0.8405, 'grad_norm': 2.4825267791748047, 'learning_rate': 8.738894917423918e-07, 'epoch': 0.81}
{'loss': 0.8933, 'grad_norm': 2.546679973602295, 'learning_rate': 8.727152175616626e-07, 'epoch': 0.81}
{'loss': 0.8056, 'grad_norm': 2.3348543643951416, 'learning_rate': 8.715416574253161e-07, 'epoch': 0.81}
{'loss': 0.7039, 'grad_norm': 2.404932737350464, 'learning_rate': 8.703688115363817e-07, 'epoch': 0.82}
{'loss': 0.7775, 'grad_norm': 2.597595691680908, 'learning_rate': 8.69196680097772e-07, 'epoch': 0.82}
{'loss': 0.8496, 'grad_norm': 2.4950478076934814, 'learning_rate': 8.680252633122688e-07, 'epoch': 0.82}
{'loss': 0.7858, 'grad_norm': 2.4852118492126465, 'learning_rate': 8.668545613825368e-07, 'epoch': 0.82}
{'loss': 0.7187, 'grad_norm': 2.836678981781006, 'learning_rate': 8.656845745111159e-07, 'epoch': 0.82}
{'loss': 0.8859, 'grad_norm': 2.7159957885742188, 'learning_rate': 8.645153029004161e-07, 'epoch': 0.82}
{'loss': 0.8577, 'grad_norm': 2.779407262802124, 'learning_rate': 8.633467467527301e-07, 'epoch': 0.82}
{'loss': 0.9438, 'grad_norm': 2.5711240768432617, 'learning_rate': 8.621789062702263e-07, 'epoch': 0.82}
{'loss': 0.6793, 'grad_norm': 2.397282123565674, 'learning_rate': 8.610117816549473e-07, 'epoch': 0.82}
{'loss': 0.8075, 'grad_norm': 2.333810329437256, 'learning_rate': 8.598453731088108e-07, 'epoch': 0.82}
{'loss': 0.7633, 'grad_norm': 2.3920438289642334, 'learning_rate': 8.58679680833614e-07, 'epoch': 0.82}
{'loss': 0.7853, 'grad_norm': 2.553595542907715, 'learning_rate': 8.57514705031029e-07, 'epoch': 0.82}
{'loss': 1.0127, 'grad_norm': 2.698917865753174, 'learning_rate': 8.563504459026012e-07, 'epoch': 0.82}
{'loss': 0.7934, 'grad_norm': 2.4989876747131348, 'learning_rate': 8.551869036497568e-07, 'epoch': 0.82}
{'loss': 0.7833, 'grad_norm': 2.7281687259674072, 'learning_rate': 8.540240784737924e-07, 'epoch': 0.82}
{'loss': 0.9481, 'grad_norm': 2.533127546310425, 'learning_rate': 8.528619705758872e-07, 'epoch': 0.82}
{'loss': 0.6254, 'grad_norm': 2.2880806922912598, 'learning_rate': 8.517005801570894e-07, 'epoch': 0.82}
{'loss': 0.8512, 'grad_norm': 2.7729692459106445, 'learning_rate': 8.505399074183274e-07, 'epoch': 0.82}
{'loss': 0.9065, 'grad_norm': 2.587509870529175, 'learning_rate': 8.493799525604074e-07, 'epoch': 0.82}
{'loss': 0.9484, 'grad_norm': 2.7471888065338135, 'learning_rate': 8.482207157840034e-07, 'epoch': 0.82}
{'loss': 1.0662, 'grad_norm': 2.7943103313446045, 'learning_rate': 8.470621972896714e-07, 'epoch': 0.82}
{'loss': 0.6692, 'grad_norm': 2.466468095779419, 'learning_rate': 8.459043972778447e-07, 'epoch': 0.82}
{'loss': 0.7089, 'grad_norm': 2.656675100326538, 'learning_rate': 8.447473159488262e-07, 'epoch': 0.82}
{'loss': 0.7789, 'grad_norm': 2.270779848098755, 'learning_rate': 8.435909535028008e-07, 'epoch': 0.82}
{'loss': 0.7293, 'grad_norm': 2.7040677070617676, 'learning_rate': 8.424353101398225e-07, 'epoch': 0.82}
{'loss': 0.7632, 'grad_norm': 2.91753888130188, 'learning_rate': 8.412803860598273e-07, 'epoch': 0.82}
{'loss': 0.812, 'grad_norm': 2.431307315826416, 'learning_rate': 8.401261814626216e-07, 'epoch': 0.82}
{'loss': 0.9816, 'grad_norm': 2.61478590965271, 'learning_rate': 8.389726965478917e-07, 'epoch': 0.82}
{'loss': 0.9908, 'grad_norm': 2.9551408290863037, 'learning_rate': 8.378199315151952e-07, 'epoch': 0.82}
{'loss': 0.6747, 'grad_norm': 2.6162750720977783, 'learning_rate': 8.366678865639688e-07, 'epoch': 0.82}
{'loss': 0.9748, 'grad_norm': 2.7918949127197266, 'learning_rate': 8.355165618935212e-07, 'epoch': 0.82}
{'loss': 0.7956, 'grad_norm': 2.324901819229126, 'learning_rate': 8.343659577030394e-07, 'epoch': 0.82}
{'loss': 0.7948, 'grad_norm': 2.329815149307251, 'learning_rate': 8.332160741915862e-07, 'epoch': 0.82}
{'loss': 0.6687, 'grad_norm': 2.2923004627227783, 'learning_rate': 8.320669115580965e-07, 'epoch': 0.82}
{'loss': 1.0177, 'grad_norm': 2.631580352783203, 'learning_rate': 8.309184700013806e-07, 'epoch': 0.82}
{'loss': 0.721, 'grad_norm': 2.397233486175537, 'learning_rate': 8.297707497201274e-07, 'epoch': 0.82}
{'loss': 0.9099, 'grad_norm': 2.608407497406006, 'learning_rate': 8.286237509129008e-07, 'epoch': 0.82}
{'loss': 0.9264, 'grad_norm': 2.7254607677459717, 'learning_rate': 8.274774737781361e-07, 'epoch': 0.82}
{'loss': 0.8135, 'grad_norm': 2.634542942047119, 'learning_rate': 8.26331918514145e-07, 'epoch': 0.82}
{'loss': 1.0762, 'grad_norm': 2.803358554840088, 'learning_rate': 8.25187085319118e-07, 'epoch': 0.82}
{'loss': 0.6979, 'grad_norm': 2.237264633178711, 'learning_rate': 8.240429743911155e-07, 'epoch': 0.82}
{'loss': 0.8653, 'grad_norm': 2.5513219833374023, 'learning_rate': 8.228995859280776e-07, 'epoch': 0.82}
{'loss': 0.7144, 'grad_norm': 2.4805386066436768, 'learning_rate': 8.217569201278153e-07, 'epoch': 0.82}
{'loss': 0.5865, 'grad_norm': 2.4086039066314697, 'learning_rate': 8.206149771880179e-07, 'epoch': 0.82}
{'loss': 0.7188, 'grad_norm': 2.4273340702056885, 'learning_rate': 8.194737573062461e-07, 'epoch': 0.82}
{'loss': 0.7378, 'grad_norm': 2.396031141281128, 'learning_rate': 8.183332606799393e-07, 'epoch': 0.82}
{'loss': 0.9514, 'grad_norm': 2.806922197341919, 'learning_rate': 8.171934875064108e-07, 'epoch': 0.82}
{'loss': 0.7756, 'grad_norm': 2.5182907581329346, 'learning_rate': 8.160544379828473e-07, 'epoch': 0.82}
{'loss': 0.7209, 'grad_norm': 2.7528624534606934, 'learning_rate': 8.149161123063093e-07, 'epoch': 0.82}
{'loss': 0.7852, 'grad_norm': 2.475153684616089, 'learning_rate': 8.137785106737356e-07, 'epoch': 0.82}
{'loss': 0.9233, 'grad_norm': 2.7368500232696533, 'learning_rate': 8.126416332819381e-07, 'epoch': 0.82}
{'loss': 0.8548, 'grad_norm': 2.509345531463623, 'learning_rate': 8.115054803276035e-07, 'epoch': 0.82}
{'loss': 0.8308, 'grad_norm': 2.5622053146362305, 'learning_rate': 8.103700520072904e-07, 'epoch': 0.82}
{'loss': 0.9669, 'grad_norm': 2.543497323989868, 'learning_rate': 8.092353485174375e-07, 'epoch': 0.82}
{'loss': 0.6932, 'grad_norm': 2.549201726913452, 'learning_rate': 8.081013700543522e-07, 'epoch': 0.82}
{'loss': 0.9163, 'grad_norm': 2.7357988357543945, 'learning_rate': 8.069681168142229e-07, 'epoch': 0.82}
{'loss': 0.7594, 'grad_norm': 2.400247573852539, 'learning_rate': 8.058355889931058e-07, 'epoch': 0.82}
{'loss': 0.7693, 'grad_norm': 2.622894287109375, 'learning_rate': 8.047037867869373e-07, 'epoch': 0.82}
{'loss': 0.8242, 'grad_norm': 2.527853488922119, 'learning_rate': 8.035727103915236e-07, 'epoch': 0.82}
{'loss': 0.7381, 'grad_norm': 2.663146734237671, 'learning_rate': 8.024423600025483e-07, 'epoch': 0.82}
{'loss': 0.8929, 'grad_norm': 3.1256492137908936, 'learning_rate': 8.013127358155703e-07, 'epoch': 0.82}
{'loss': 0.8601, 'grad_norm': 2.5100150108337402, 'learning_rate': 8.001838380260202e-07, 'epoch': 0.82}
{'loss': 1.1638, 'grad_norm': 2.982685089111328, 'learning_rate': 7.990556668292021e-07, 'epoch': 0.82}
{'loss': 0.6742, 'grad_norm': 2.41633939743042, 'learning_rate': 7.979282224202978e-07, 'epoch': 0.82}
{'loss': 0.7516, 'grad_norm': 2.567190647125244, 'learning_rate': 7.968015049943622e-07, 'epoch': 0.82}
{'loss': 0.932, 'grad_norm': 2.4899706840515137, 'learning_rate': 7.956755147463241e-07, 'epoch': 0.82}
{'loss': 0.6378, 'grad_norm': 2.586571216583252, 'learning_rate': 7.945502518709841e-07, 'epoch': 0.82}
{'loss': 0.7683, 'grad_norm': 2.2910196781158447, 'learning_rate': 7.93425716563021e-07, 'epoch': 0.82}
{'loss': 0.8451, 'grad_norm': 2.7914600372314453, 'learning_rate': 7.923019090169875e-07, 'epoch': 0.82}
{'loss': 0.5518, 'grad_norm': 2.220599889755249, 'learning_rate': 7.911788294273054e-07, 'epoch': 0.82}
{'loss': 0.8656, 'grad_norm': 2.583198308944702, 'learning_rate': 7.900564779882774e-07, 'epoch': 0.82}
{'loss': 0.6972, 'grad_norm': 2.562906265258789, 'learning_rate': 7.88934854894075e-07, 'epoch': 0.82}
{'loss': 0.8072, 'grad_norm': 2.4838449954986572, 'learning_rate': 7.878139603387447e-07, 'epoch': 0.82}
{'loss': 0.9487, 'grad_norm': 2.7431435585021973, 'learning_rate': 7.866937945162096e-07, 'epoch': 0.82}
{'loss': 0.7536, 'grad_norm': 2.6925761699676514, 'learning_rate': 7.855743576202645e-07, 'epoch': 0.82}
{'loss': 0.9668, 'grad_norm': 2.6325271129608154, 'learning_rate': 7.844556498445788e-07, 'epoch': 0.82}
{'loss': 0.7479, 'grad_norm': 2.4974870681762695, 'learning_rate': 7.83337671382694e-07, 'epoch': 0.82}
{'loss': 0.9471, 'grad_norm': 2.616664171218872, 'learning_rate': 7.822204224280277e-07, 'epoch': 0.82}
{'loss': 0.7125, 'grad_norm': 2.336193084716797, 'learning_rate': 7.811039031738715e-07, 'epoch': 0.83}
{'loss': 0.8997, 'grad_norm': 2.576455593109131, 'learning_rate': 7.799881138133897e-07, 'epoch': 0.83}
{'loss': 0.8842, 'grad_norm': 2.534431219100952, 'learning_rate': 7.788730545396179e-07, 'epoch': 0.83}
{'loss': 0.5863, 'grad_norm': 2.333911418914795, 'learning_rate': 7.777587255454694e-07, 'epoch': 0.83}
{'loss': 0.7648, 'grad_norm': 2.6501004695892334, 'learning_rate': 7.766451270237319e-07, 'epoch': 0.83}
{'loss': 0.808, 'grad_norm': 2.6291098594665527, 'learning_rate': 7.755322591670606e-07, 'epoch': 0.83}
{'loss': 0.5509, 'grad_norm': 2.1748428344726562, 'learning_rate': 7.744201221679909e-07, 'epoch': 0.83}
{'loss': 0.9388, 'grad_norm': 2.7719430923461914, 'learning_rate': 7.733087162189268e-07, 'epoch': 0.83}
{'loss': 0.7858, 'grad_norm': 2.8095781803131104, 'learning_rate': 7.72198041512151e-07, 'epoch': 0.83}
{'loss': 0.8553, 'grad_norm': 2.6235640048980713, 'learning_rate': 7.710880982398134e-07, 'epoch': 0.83}
{'loss': 0.8359, 'grad_norm': 2.573970079421997, 'learning_rate': 7.699788865939434e-07, 'epoch': 0.83}
{'loss': 0.861, 'grad_norm': 2.528815746307373, 'learning_rate': 7.688704067664398e-07, 'epoch': 0.83}
{'loss': 0.7432, 'grad_norm': 2.345700263977051, 'learning_rate': 7.677626589490756e-07, 'epoch': 0.83}
{'loss': 0.7823, 'grad_norm': 2.2593419551849365, 'learning_rate': 7.666556433334977e-07, 'epoch': 0.83}
{'loss': 0.9181, 'grad_norm': 2.553133249282837, 'learning_rate': 7.65549360111228e-07, 'epoch': 0.83}
{'loss': 0.8316, 'grad_norm': 2.64920973777771, 'learning_rate': 7.64443809473659e-07, 'epoch': 0.83}
{'loss': 0.8676, 'grad_norm': 2.4527320861816406, 'learning_rate': 7.633389916120559e-07, 'epoch': 0.83}
{'loss': 0.8061, 'grad_norm': 2.5221829414367676, 'learning_rate': 7.622349067175599e-07, 'epoch': 0.83}
{'loss': 0.689, 'grad_norm': 2.336996555328369, 'learning_rate': 7.611315549811854e-07, 'epoch': 0.83}
{'loss': 0.9031, 'grad_norm': 2.689120054244995, 'learning_rate': 7.600289365938162e-07, 'epoch': 0.83}
{'loss': 1.0444, 'grad_norm': 2.7547130584716797, 'learning_rate': 7.589270517462144e-07, 'epoch': 0.83}
{'loss': 0.7724, 'grad_norm': 2.580216646194458, 'learning_rate': 7.578259006290101e-07, 'epoch': 0.83}
{'loss': 0.8705, 'grad_norm': 2.621427059173584, 'learning_rate': 7.567254834327104e-07, 'epoch': 0.83}
{'loss': 0.8689, 'grad_norm': 2.582118272781372, 'learning_rate': 7.55625800347693e-07, 'epoch': 0.83}
{'loss': 0.6025, 'grad_norm': 2.2349298000335693, 'learning_rate': 7.545268515642107e-07, 'epoch': 0.83}
{'loss': 0.9301, 'grad_norm': 2.6882240772247314, 'learning_rate': 7.53428637272387e-07, 'epoch': 0.83}
{'loss': 0.6304, 'grad_norm': 2.1738669872283936, 'learning_rate': 7.523311576622189e-07, 'epoch': 0.83}
{'loss': 0.8474, 'grad_norm': 2.6964728832244873, 'learning_rate': 7.512344129235771e-07, 'epoch': 0.83}
{'loss': 0.7042, 'grad_norm': 2.4937233924865723, 'learning_rate': 7.501384032462066e-07, 'epoch': 0.83}
{'loss': 1.0811, 'grad_norm': 2.8235700130462646, 'learning_rate': 7.490431288197225e-07, 'epoch': 0.83}
{'loss': 0.869, 'grad_norm': 2.7448272705078125, 'learning_rate': 7.47948589833612e-07, 'epoch': 0.83}
{'loss': 0.5942, 'grad_norm': 2.214540958404541, 'learning_rate': 7.468547864772379e-07, 'epoch': 0.83}
{'loss': 0.7167, 'grad_norm': 2.537421226501465, 'learning_rate': 7.457617189398358e-07, 'epoch': 0.83}
{'loss': 0.9139, 'grad_norm': 2.7981417179107666, 'learning_rate': 7.44669387410511e-07, 'epoch': 0.83}
{'loss': 0.5829, 'grad_norm': 2.144198179244995, 'learning_rate': 7.435777920782444e-07, 'epoch': 0.83}
{'loss': 0.6885, 'grad_norm': 2.306957483291626, 'learning_rate': 7.424869331318874e-07, 'epoch': 0.83}
{'loss': 0.7581, 'grad_norm': 2.404510974884033, 'learning_rate': 7.413968107601665e-07, 'epoch': 0.83}
{'loss': 0.8171, 'grad_norm': 2.520576238632202, 'learning_rate': 7.403074251516768e-07, 'epoch': 0.83}
{'loss': 0.7364, 'grad_norm': 2.7038700580596924, 'learning_rate': 7.392187764948899e-07, 'epoch': 0.83}
{'loss': 0.7806, 'grad_norm': 2.4235165119171143, 'learning_rate': 7.381308649781499e-07, 'epoch': 0.83}
{'loss': 1.0207, 'grad_norm': 2.748504877090454, 'learning_rate': 7.370436907896694e-07, 'epoch': 0.83}
{'loss': 0.9394, 'grad_norm': 2.6953516006469727, 'learning_rate': 7.359572541175364e-07, 'epoch': 0.83}
{'loss': 0.7834, 'grad_norm': 2.6003479957580566, 'learning_rate': 7.348715551497104e-07, 'epoch': 0.83}
{'loss': 0.8167, 'grad_norm': 2.4988772869110107, 'learning_rate': 7.337865940740274e-07, 'epoch': 0.83}
{'loss': 0.9116, 'grad_norm': 2.6367063522338867, 'learning_rate': 7.327023710781861e-07, 'epoch': 0.83}
{'loss': 0.8022, 'grad_norm': 2.798546314239502, 'learning_rate': 7.316188863497664e-07, 'epoch': 0.83}
{'loss': 0.9959, 'grad_norm': 2.692200183868408, 'learning_rate': 7.305361400762184e-07, 'epoch': 0.83}
{'loss': 0.832, 'grad_norm': 2.67879319190979, 'learning_rate': 7.294541324448617e-07, 'epoch': 0.83}
{'loss': 0.9115, 'grad_norm': 2.6156797409057617, 'learning_rate': 7.283728636428917e-07, 'epoch': 0.83}
{'loss': 0.6968, 'grad_norm': 2.5273854732513428, 'learning_rate': 7.272923338573723e-07, 'epoch': 0.83}
{'loss': 0.8917, 'grad_norm': 2.53143572807312, 'learning_rate': 7.262125432752431e-07, 'epoch': 0.83}
{'loss': 0.8104, 'grad_norm': 2.4377481937408447, 'learning_rate': 7.251334920833131e-07, 'epoch': 0.83}
{'loss': 1.0292, 'grad_norm': 2.6271157264709473, 'learning_rate': 7.240551804682644e-07, 'epoch': 0.83}
{'loss': 0.902, 'grad_norm': 2.5158259868621826, 'learning_rate': 7.229776086166529e-07, 'epoch': 0.83}
{'loss': 0.7536, 'grad_norm': 2.7334389686584473, 'learning_rate': 7.219007767149033e-07, 'epoch': 0.83}
{'loss': 0.5639, 'grad_norm': 2.1942062377929688, 'learning_rate': 7.208246849493134e-07, 'epoch': 0.83}
{'loss': 0.7589, 'grad_norm': 2.510955333709717, 'learning_rate': 7.19749333506054e-07, 'epoch': 0.83}
{'loss': 0.8437, 'grad_norm': 2.486940860748291, 'learning_rate': 7.186747225711699e-07, 'epoch': 0.83}
{'loss': 0.7584, 'grad_norm': 2.486398696899414, 'learning_rate': 7.176008523305695e-07, 'epoch': 0.83}
{'loss': 0.9763, 'grad_norm': 2.805614709854126, 'learning_rate': 7.165277229700418e-07, 'epoch': 0.83}
{'loss': 0.7142, 'grad_norm': 2.475545883178711, 'learning_rate': 7.154553346752457e-07, 'epoch': 0.83}
{'loss': 0.9002, 'grad_norm': 2.6819686889648438, 'learning_rate': 7.143836876317073e-07, 'epoch': 0.83}
{'loss': 0.7782, 'grad_norm': 2.681370496749878, 'learning_rate': 7.133127820248314e-07, 'epoch': 0.83}
{'loss': 0.6459, 'grad_norm': 2.1589624881744385, 'learning_rate': 7.122426180398878e-07, 'epoch': 0.83}
{'loss': 0.9142, 'grad_norm': 2.656982421875, 'learning_rate': 7.111731958620239e-07, 'epoch': 0.83}
{'loss': 0.9228, 'grad_norm': 2.5798075199127197, 'learning_rate': 7.101045156762532e-07, 'epoch': 0.83}
{'loss': 0.8273, 'grad_norm': 2.762101888656616, 'learning_rate': 7.090365776674652e-07, 'epoch': 0.83}
{'loss': 0.805, 'grad_norm': 2.316401720046997, 'learning_rate': 7.079693820204198e-07, 'epoch': 0.83}
{'loss': 0.8264, 'grad_norm': 2.772923707962036, 'learning_rate': 7.069029289197482e-07, 'epoch': 0.83}
{'loss': 0.7541, 'grad_norm': 2.32871413230896, 'learning_rate': 7.058372185499506e-07, 'epoch': 0.83}
{'loss': 0.8839, 'grad_norm': 2.9583494663238525, 'learning_rate': 7.047722510954031e-07, 'epoch': 0.83}
{'loss': 0.8609, 'grad_norm': 2.4385366439819336, 'learning_rate': 7.037080267403524e-07, 'epoch': 0.83}
{'loss': 1.0077, 'grad_norm': 3.0074572563171387, 'learning_rate': 7.026445456689135e-07, 'epoch': 0.83}
{'loss': 0.7901, 'grad_norm': 2.690866470336914, 'learning_rate': 7.01581808065075e-07, 'epoch': 0.83}
{'loss': 0.8961, 'grad_norm': 2.2947938442230225, 'learning_rate': 7.005198141126968e-07, 'epoch': 0.83}
{'loss': 0.8483, 'grad_norm': 2.9867477416992188, 'learning_rate': 6.994585639955121e-07, 'epoch': 0.83}
{'loss': 0.6954, 'grad_norm': 2.345310688018799, 'learning_rate': 6.983980578971211e-07, 'epoch': 0.83}
{'loss': 0.6859, 'grad_norm': 2.4477181434631348, 'learning_rate': 6.973382960009978e-07, 'epoch': 0.83}
{'loss': 0.692, 'grad_norm': 1.9879612922668457, 'learning_rate': 6.962792784904882e-07, 'epoch': 0.84}
{'loss': 0.7332, 'grad_norm': 1.9819661378860474, 'learning_rate': 6.952210055488068e-07, 'epoch': 0.84}
{'loss': 0.9162, 'grad_norm': 2.5915417671203613, 'learning_rate': 6.941634773590423e-07, 'epoch': 0.84}
{'loss': 1.0182, 'grad_norm': 2.647078275680542, 'learning_rate': 6.931066941041536e-07, 'epoch': 0.84}
{'loss': 0.8658, 'grad_norm': 2.7453269958496094, 'learning_rate': 6.920506559669704e-07, 'epoch': 0.84}
{'loss': 0.9858, 'grad_norm': 2.661022186279297, 'learning_rate': 6.909953631301919e-07, 'epoch': 0.84}
{'loss': 0.7161, 'grad_norm': 2.46706223487854, 'learning_rate': 6.899408157763909e-07, 'epoch': 0.84}
{'loss': 0.8465, 'grad_norm': 2.5100369453430176, 'learning_rate': 6.888870140880111e-07, 'epoch': 0.84}
{'loss': 0.8586, 'grad_norm': 2.858475923538208, 'learning_rate': 6.878339582473659e-07, 'epoch': 0.84}
{'loss': 0.5887, 'grad_norm': 2.168837308883667, 'learning_rate': 6.867816484366386e-07, 'epoch': 0.84}
{'loss': 0.9232, 'grad_norm': 3.086223602294922, 'learning_rate': 6.857300848378857e-07, 'epoch': 0.84}
{'loss': 0.6878, 'grad_norm': 1.9261507987976074, 'learning_rate': 6.846792676330355e-07, 'epoch': 0.84}
{'loss': 0.7833, 'grad_norm': 2.476686954498291, 'learning_rate': 6.836291970038844e-07, 'epoch': 0.84}
{'loss': 0.9242, 'grad_norm': 2.6396355628967285, 'learning_rate': 6.825798731320993e-07, 'epoch': 0.84}
{'loss': 0.8074, 'grad_norm': 2.5124380588531494, 'learning_rate': 6.815312961992221e-07, 'epoch': 0.84}
{'loss': 0.7681, 'grad_norm': 2.3389103412628174, 'learning_rate': 6.8048346638666e-07, 'epoch': 0.84}
{'loss': 0.9814, 'grad_norm': 2.7669267654418945, 'learning_rate': 6.794363838756951e-07, 'epoch': 0.84}
{'loss': 0.8215, 'grad_norm': 2.4617245197296143, 'learning_rate': 6.783900488474793e-07, 'epoch': 0.84}
{'loss': 0.6872, 'grad_norm': 2.4095494747161865, 'learning_rate': 6.773444614830349e-07, 'epoch': 0.84}
{'loss': 0.8934, 'grad_norm': 2.6211063861846924, 'learning_rate': 6.762996219632523e-07, 'epoch': 0.84}
{'loss': 0.8068, 'grad_norm': 2.5231733322143555, 'learning_rate': 6.752555304688962e-07, 'epoch': 0.84}
{'loss': 0.7589, 'grad_norm': 2.4010937213897705, 'learning_rate': 6.742121871806018e-07, 'epoch': 0.84}
{'loss': 0.6799, 'grad_norm': 2.2338268756866455, 'learning_rate': 6.731695922788722e-07, 'epoch': 0.84}
{'loss': 0.8039, 'grad_norm': 2.4586551189422607, 'learning_rate': 6.721277459440817e-07, 'epoch': 0.84}
{'loss': 0.8102, 'grad_norm': 2.6452863216400146, 'learning_rate': 6.710866483564771e-07, 'epoch': 0.84}
{'loss': 0.7682, 'grad_norm': 2.5102856159210205, 'learning_rate': 6.700462996961749e-07, 'epoch': 0.84}
{'loss': 1.1432, 'grad_norm': 2.8951010704040527, 'learning_rate': 6.690067001431605e-07, 'epoch': 0.84}
{'loss': 0.7248, 'grad_norm': 2.3986687660217285, 'learning_rate': 6.679678498772895e-07, 'epoch': 0.84}
{'loss': 0.7313, 'grad_norm': 2.5961697101593018, 'learning_rate': 6.669297490782906e-07, 'epoch': 0.84}
{'loss': 0.8415, 'grad_norm': 2.6723551750183105, 'learning_rate': 6.65892397925762e-07, 'epoch': 0.84}
{'loss': 0.9816, 'grad_norm': 2.7649171352386475, 'learning_rate': 6.648557965991698e-07, 'epoch': 0.84}
{'loss': 0.7975, 'grad_norm': 2.445368766784668, 'learning_rate': 6.638199452778537e-07, 'epoch': 0.84}
{'loss': 0.8034, 'grad_norm': 2.7334506511688232, 'learning_rate': 6.627848441410211e-07, 'epoch': 0.84}
{'loss': 0.8765, 'grad_norm': 2.3171932697296143, 'learning_rate': 6.617504933677499e-07, 'epoch': 0.84}
{'loss': 0.904, 'grad_norm': 2.811274766921997, 'learning_rate': 6.607168931369895e-07, 'epoch': 0.84}
{'loss': 0.7712, 'grad_norm': 2.5585222244262695, 'learning_rate': 6.596840436275598e-07, 'epoch': 0.84}
{'loss': 1.0284, 'grad_norm': 2.6686019897460938, 'learning_rate': 6.586519450181488e-07, 'epoch': 0.84}
{'loss': 0.6259, 'grad_norm': 2.199420213699341, 'learning_rate': 6.576205974873151e-07, 'epoch': 0.84}
{'loss': 0.7793, 'grad_norm': 2.687608480453491, 'learning_rate': 6.565900012134879e-07, 'epoch': 0.84}
{'loss': 0.9347, 'grad_norm': 2.6474173069000244, 'learning_rate': 6.555601563749675e-07, 'epoch': 0.84}
{'loss': 0.6902, 'grad_norm': 1.9053374528884888, 'learning_rate': 6.545310631499218e-07, 'epoch': 0.84}
{'loss': 0.8258, 'grad_norm': 2.4411845207214355, 'learning_rate': 6.53502721716392e-07, 'epoch': 0.84}
{'loss': 0.692, 'grad_norm': 2.3783912658691406, 'learning_rate': 6.524751322522843e-07, 'epoch': 0.84}
{'loss': 0.6575, 'grad_norm': 2.330059051513672, 'learning_rate': 6.5144829493538e-07, 'epoch': 0.84}
{'loss': 1.0234, 'grad_norm': 2.825730085372925, 'learning_rate': 6.504222099433267e-07, 'epoch': 0.84}
{'loss': 0.9662, 'grad_norm': 2.8347909450531006, 'learning_rate': 6.493968774536441e-07, 'epoch': 0.84}
{'loss': 0.813, 'grad_norm': 2.669809579849243, 'learning_rate': 6.48372297643719e-07, 'epoch': 0.84}
{'loss': 0.6505, 'grad_norm': 2.2536158561706543, 'learning_rate': 6.473484706908118e-07, 'epoch': 0.84}
{'loss': 0.7491, 'grad_norm': 2.0300545692443848, 'learning_rate': 6.46325396772049e-07, 'epoch': 0.84}
{'loss': 0.8084, 'grad_norm': 2.4667513370513916, 'learning_rate': 6.45303076064428e-07, 'epoch': 0.84}
{'loss': 0.7897, 'grad_norm': 2.4193010330200195, 'learning_rate': 6.442815087448201e-07, 'epoch': 0.84}
{'loss': 0.7481, 'grad_norm': 2.3268706798553467, 'learning_rate': 6.432606949899572e-07, 'epoch': 0.84}
{'loss': 0.7299, 'grad_norm': 2.303551435470581, 'learning_rate': 6.422406349764481e-07, 'epoch': 0.84}
{'loss': 0.725, 'grad_norm': 2.602064609527588, 'learning_rate': 6.4122132888077e-07, 'epoch': 0.84}
{'loss': 0.9401, 'grad_norm': 2.500600576400757, 'learning_rate': 6.402027768792679e-07, 'epoch': 0.84}
{'loss': 0.8829, 'grad_norm': 2.770653009414673, 'learning_rate': 6.39184979148158e-07, 'epoch': 0.84}
{'loss': 0.9315, 'grad_norm': 2.6209466457366943, 'learning_rate': 6.38167935863524e-07, 'epoch': 0.84}
{'loss': 0.7739, 'grad_norm': 2.5947041511535645, 'learning_rate': 6.371516472013223e-07, 'epoch': 0.84}
{'loss': 0.7263, 'grad_norm': 2.4939510822296143, 'learning_rate': 6.361361133373745e-07, 'epoch': 0.84}
{'loss': 0.8549, 'grad_norm': 2.3199880123138428, 'learning_rate': 6.351213344473755e-07, 'epoch': 0.84}
{'loss': 0.71, 'grad_norm': 2.4185564517974854, 'learning_rate': 6.341073107068868e-07, 'epoch': 0.84}
{'loss': 0.8353, 'grad_norm': 2.545518636703491, 'learning_rate': 6.330940422913423e-07, 'epoch': 0.84}
{'loss': 0.8149, 'grad_norm': 2.5523746013641357, 'learning_rate': 6.320815293760408e-07, 'epoch': 0.84}
{'loss': 0.7799, 'grad_norm': 2.387794256210327, 'learning_rate': 6.310697721361542e-07, 'epoch': 0.84}
{'loss': 0.7689, 'grad_norm': 2.7425365447998047, 'learning_rate': 6.300587707467248e-07, 'epoch': 0.84}
{'loss': 0.7975, 'grad_norm': 2.488144874572754, 'learning_rate': 6.290485253826573e-07, 'epoch': 0.84}
{'loss': 0.8492, 'grad_norm': 2.62068247795105, 'learning_rate': 6.280390362187316e-07, 'epoch': 0.84}
{'loss': 0.9386, 'grad_norm': 2.7195582389831543, 'learning_rate': 6.270303034295977e-07, 'epoch': 0.84}
{'loss': 0.9969, 'grad_norm': 2.8152151107788086, 'learning_rate': 6.260223271897692e-07, 'epoch': 0.84}
{'loss': 0.8868, 'grad_norm': 2.5088956356048584, 'learning_rate': 6.250151076736339e-07, 'epoch': 0.84}
{'loss': 0.8242, 'grad_norm': 2.55521297454834, 'learning_rate': 6.240086450554444e-07, 'epoch': 0.84}
{'loss': 0.7296, 'grad_norm': 2.368941307067871, 'learning_rate': 6.230029395093279e-07, 'epoch': 0.84}
{'loss': 0.7622, 'grad_norm': 2.52601957321167, 'learning_rate': 6.219979912092738e-07, 'epoch': 0.84}
{'loss': 0.7368, 'grad_norm': 2.19600772857666, 'learning_rate': 6.209938003291472e-07, 'epoch': 0.84}
{'loss': 0.7712, 'grad_norm': 2.5208444595336914, 'learning_rate': 6.19990367042676e-07, 'epoch': 0.84}
{'loss': 0.7376, 'grad_norm': 2.3450844287872314, 'learning_rate': 6.189876915234627e-07, 'epoch': 0.84}
{'loss': 1.0588, 'grad_norm': 2.932267665863037, 'learning_rate': 6.179857739449741e-07, 'epoch': 0.84}
{'loss': 0.8507, 'grad_norm': 2.621960163116455, 'learning_rate': 6.16984614480548e-07, 'epoch': 0.84}
{'loss': 0.7248, 'grad_norm': 2.5664827823638916, 'learning_rate': 6.159842133033927e-07, 'epoch': 0.85}
{'loss': 0.6526, 'grad_norm': 2.428828001022339, 'learning_rate': 6.14984570586582e-07, 'epoch': 0.85}
{'loss': 0.85, 'grad_norm': 2.5107498168945312, 'learning_rate': 6.139856865030591e-07, 'epoch': 0.85}
{'loss': 0.7652, 'grad_norm': 2.2503771781921387, 'learning_rate': 6.129875612256375e-07, 'epoch': 0.85}
{'loss': 0.8514, 'grad_norm': 2.4675376415252686, 'learning_rate': 6.119901949270002e-07, 'epoch': 0.85}
{'loss': 0.6992, 'grad_norm': 2.4503626823425293, 'learning_rate': 6.109935877796964e-07, 'epoch': 0.85}
{'loss': 0.7527, 'grad_norm': 2.0825846195220947, 'learning_rate': 6.09997739956143e-07, 'epoch': 0.85}
{'loss': 0.7634, 'grad_norm': 2.623441696166992, 'learning_rate': 6.090026516286307e-07, 'epoch': 0.85}
{'loss': 1.0277, 'grad_norm': 2.6407134532928467, 'learning_rate': 6.080083229693129e-07, 'epoch': 0.85}
{'loss': 0.6978, 'grad_norm': 2.385866165161133, 'learning_rate': 6.070147541502153e-07, 'epoch': 0.85}
{'loss': 0.6539, 'grad_norm': 1.6531529426574707, 'learning_rate': 6.060219453432326e-07, 'epoch': 0.85}
{'loss': 0.7103, 'grad_norm': 2.385080575942993, 'learning_rate': 6.050298967201246e-07, 'epoch': 0.85}
{'loss': 0.8116, 'grad_norm': 2.694385051727295, 'learning_rate': 6.040386084525212e-07, 'epoch': 0.85}
{'loss': 0.8694, 'grad_norm': 2.626429557800293, 'learning_rate': 6.030480807119226e-07, 'epoch': 0.85}
{'loss': 0.9053, 'grad_norm': 2.7154760360717773, 'learning_rate': 6.020583136696956e-07, 'epoch': 0.85}
{'loss': 0.8245, 'grad_norm': 2.762659788131714, 'learning_rate': 6.010693074970752e-07, 'epoch': 0.85}
{'loss': 0.7396, 'grad_norm': 2.3701272010803223, 'learning_rate': 6.000810623651648e-07, 'epoch': 0.85}
{'loss': 0.7572, 'grad_norm': 2.452784538269043, 'learning_rate': 5.99093578444937e-07, 'epoch': 0.85}
{'loss': 0.6395, 'grad_norm': 2.1811511516571045, 'learning_rate': 5.981068559072334e-07, 'epoch': 0.85}
{'loss': 0.7489, 'grad_norm': 2.4053213596343994, 'learning_rate': 5.971208949227619e-07, 'epoch': 0.85}
{'loss': 0.8293, 'grad_norm': 2.7172741889953613, 'learning_rate': 5.961356956620984e-07, 'epoch': 0.85}
{'loss': 0.604, 'grad_norm': 2.133197069168091, 'learning_rate': 5.951512582956897e-07, 'epoch': 0.85}
{'loss': 0.9279, 'grad_norm': 2.444459915161133, 'learning_rate': 5.941675829938481e-07, 'epoch': 0.85}
{'loss': 0.8438, 'grad_norm': 2.479416847229004, 'learning_rate': 5.931846699267558e-07, 'epoch': 0.85}
{'loss': 0.6686, 'grad_norm': 2.500196933746338, 'learning_rate': 5.922025192644631e-07, 'epoch': 0.85}
{'loss': 0.7937, 'grad_norm': 2.6252071857452393, 'learning_rate': 5.912211311768873e-07, 'epoch': 0.85}
[13:28:50.324460] Error: Error reading OpenGVLab/stage2/OpenMMLab___Kinetics-400/raw/Kinetics-400/videos_train/27QN81Nu20g.mp4...
[13:28:50.324507] Failed to read video file: OpenGVLab/stage2/OpenMMLab___Kinetics-400/raw/Kinetics-400/videos_train/27QN81Nu20g.mp4
[13:28:50.324524] [Try #0] Failed to fetch sample 192912. Exception: Error reading OpenGVLab/stage2/OpenMMLab___Kinetics-400/raw/Kinetics-400/videos_train/27QN81Nu20g.mp4...
[13:28:51.325898] Error: Error reading OpenGVLab/stage2/OpenMMLab___Kinetics-400/raw/Kinetics-400/videos_train/27QN81Nu20g.mp4...
[13:28:51.325952] Failed to read video file: OpenGVLab/stage2/OpenMMLab___Kinetics-400/raw/Kinetics-400/videos_train/27QN81Nu20g.mp4
[13:28:51.325977] [Try #1] Failed to fetch sample 192912. Exception: Error reading OpenGVLab/stage2/OpenMMLab___Kinetics-400/raw/Kinetics-400/videos_train/27QN81Nu20g.mp4...
{'loss': 1.0245, 'grad_norm': 2.8506481647491455, 'learning_rate': 5.902405058338128e-07, 'epoch': 0.85}
{'loss': 0.707, 'grad_norm': 2.6146316528320312, 'learning_rate': 5.892606434048947e-07, 'epoch': 0.85}
{'loss': 0.8057, 'grad_norm': 2.7206332683563232, 'learning_rate': 5.882815440596568e-07, 'epoch': 0.85}
{'loss': 0.6588, 'grad_norm': 2.226128578186035, 'learning_rate': 5.873032079674867e-07, 'epoch': 0.85}
{'loss': 0.7235, 'grad_norm': 2.489428997039795, 'learning_rate': 5.863256352976415e-07, 'epoch': 0.85}
{'loss': 0.8372, 'grad_norm': 2.4828810691833496, 'learning_rate': 5.853488262192486e-07, 'epoch': 0.85}
{'loss': 0.8751, 'grad_norm': 2.599630832672119, 'learning_rate': 5.843727809013028e-07, 'epoch': 0.85}
{'loss': 0.8474, 'grad_norm': 2.436305522918701, 'learning_rate': 5.83397499512664e-07, 'epoch': 0.85}
{'loss': 0.8007, 'grad_norm': 2.347223997116089, 'learning_rate': 5.8242298222206e-07, 'epoch': 0.85}
{'loss': 0.997, 'grad_norm': 2.6782567501068115, 'learning_rate': 5.814492291980905e-07, 'epoch': 0.85}
{'loss': 0.8872, 'grad_norm': 2.6485397815704346, 'learning_rate': 5.804762406092207e-07, 'epoch': 0.85}
{'loss': 0.8019, 'grad_norm': 2.5564022064208984, 'learning_rate': 5.795040166237814e-07, 'epoch': 0.85}
{'loss': 0.6189, 'grad_norm': 2.306236743927002, 'learning_rate': 5.785325574099748e-07, 'epoch': 0.85}
{'loss': 0.8714, 'grad_norm': 2.619854688644409, 'learning_rate': 5.775618631358681e-07, 'epoch': 0.85}
{'loss': 0.7943, 'grad_norm': 2.3337900638580322, 'learning_rate': 5.765919339693965e-07, 'epoch': 0.85}
{'loss': 0.7516, 'grad_norm': 2.331526279449463, 'learning_rate': 5.756227700783634e-07, 'epoch': 0.85}
{'loss': 0.67, 'grad_norm': 2.5314836502075195, 'learning_rate': 5.74654371630442e-07, 'epoch': 0.85}
{'loss': 0.9075, 'grad_norm': 2.577817678451538, 'learning_rate': 5.736867387931694e-07, 'epoch': 0.85}
{'loss': 0.7963, 'grad_norm': 2.797137498855591, 'learning_rate': 5.727198717339511e-07, 'epoch': 0.85}
{'loss': 0.6876, 'grad_norm': 2.33052921295166, 'learning_rate': 5.71753770620061e-07, 'epoch': 0.85}
{'loss': 0.8289, 'grad_norm': 2.4601809978485107, 'learning_rate': 5.707884356186411e-07, 'epoch': 0.85}
{'loss': 0.6029, 'grad_norm': 2.1939244270324707, 'learning_rate': 5.698238668966999e-07, 'epoch': 0.85}
{'loss': 0.7395, 'grad_norm': 2.575624942779541, 'learning_rate': 5.688600646211124e-07, 'epoch': 0.85}
{'loss': 0.893, 'grad_norm': 2.5316991806030273, 'learning_rate': 5.678970289586222e-07, 'epoch': 0.85}
{'loss': 0.7061, 'grad_norm': 2.3500208854675293, 'learning_rate': 5.669347600758418e-07, 'epoch': 0.85}
{'loss': 0.6605, 'grad_norm': 2.4562151432037354, 'learning_rate': 5.659732581392469e-07, 'epoch': 0.85}
{'loss': 0.8412, 'grad_norm': 2.8106563091278076, 'learning_rate': 5.650125233151854e-07, 'epoch': 0.85}
{'loss': 0.8428, 'grad_norm': 1.9046032428741455, 'learning_rate': 5.640525557698684e-07, 'epoch': 0.85}
{'loss': 0.8366, 'grad_norm': 2.531480312347412, 'learning_rate': 5.630933556693757e-07, 'epoch': 0.85}
{'loss': 0.6309, 'grad_norm': 2.3765294551849365, 'learning_rate': 5.621349231796547e-07, 'epoch': 0.85}
{'loss': 0.825, 'grad_norm': 2.6208205223083496, 'learning_rate': 5.611772584665203e-07, 'epoch': 0.85}
{'loss': 0.8743, 'grad_norm': 2.614752769470215, 'learning_rate': 5.602203616956559e-07, 'epoch': 0.85}
{'loss': 0.9055, 'grad_norm': 2.628676652908325, 'learning_rate': 5.592642330326065e-07, 'epoch': 0.85}
{'loss': 0.789, 'grad_norm': 2.2592337131500244, 'learning_rate': 5.583088726427899e-07, 'epoch': 0.85}
{'loss': 0.87, 'grad_norm': 2.498871088027954, 'learning_rate': 5.5735428069149e-07, 'epoch': 0.85}
{'loss': 0.8022, 'grad_norm': 2.6724746227264404, 'learning_rate': 5.564004573438553e-07, 'epoch': 0.85}
{'loss': 0.977, 'grad_norm': 2.7373454570770264, 'learning_rate': 5.554474027649026e-07, 'epoch': 0.85}
{'loss': 0.8098, 'grad_norm': 2.8192007541656494, 'learning_rate': 5.544951171195162e-07, 'epoch': 0.85}
{'loss': 1.0173, 'grad_norm': 3.020275354385376, 'learning_rate': 5.535436005724487e-07, 'epoch': 0.85}
{'loss': 0.9317, 'grad_norm': 2.460425615310669, 'learning_rate': 5.525928532883156e-07, 'epoch': 0.85}
{'loss': 0.8311, 'grad_norm': 2.3525948524475098, 'learning_rate': 5.516428754316039e-07, 'epoch': 0.85}
{'loss': 0.7668, 'grad_norm': 2.651228666305542, 'learning_rate': 5.506936671666629e-07, 'epoch': 0.85}
{'loss': 0.7905, 'grad_norm': 2.482426643371582, 'learning_rate': 5.497452286577137e-07, 'epoch': 0.85}
{'loss': 0.7868, 'grad_norm': 2.0363893508911133, 'learning_rate': 5.4879756006884e-07, 'epoch': 0.85}
{'loss': 0.7857, 'grad_norm': 2.9898340702056885, 'learning_rate': 5.47850661563994e-07, 'epoch': 0.85}
{'loss': 0.7105, 'grad_norm': 2.4316463470458984, 'learning_rate': 5.469045333069978e-07, 'epoch': 0.85}
{'loss': 1.0652, 'grad_norm': 2.968723773956299, 'learning_rate': 5.459591754615318e-07, 'epoch': 0.85}
{'loss': 0.7945, 'grad_norm': 2.635850667953491, 'learning_rate': 5.450145881911517e-07, 'epoch': 0.85}
{'loss': 0.8379, 'grad_norm': 2.6866538524627686, 'learning_rate': 5.440707716592769e-07, 'epoch': 0.85}
{'loss': 0.9783, 'grad_norm': 2.928788661956787, 'learning_rate': 5.431277260291928e-07, 'epoch': 0.85}
{'loss': 0.9525, 'grad_norm': 2.6623191833496094, 'learning_rate': 5.421854514640501e-07, 'epoch': 0.85}
{'loss': 0.9419, 'grad_norm': 2.968228340148926, 'learning_rate': 5.412439481268689e-07, 'epoch': 0.86}
{'loss': 0.691, 'grad_norm': 2.484011173248291, 'learning_rate': 5.40303216180536e-07, 'epoch': 0.86}
{'loss': 0.6791, 'grad_norm': 2.3238563537597656, 'learning_rate': 5.393632557878015e-07, 'epoch': 0.86}
{'loss': 0.9178, 'grad_norm': 2.8139662742614746, 'learning_rate': 5.384240671112861e-07, 'epoch': 0.86}
{'loss': 0.9739, 'grad_norm': 2.624696969985962, 'learning_rate': 5.374856503134729e-07, 'epoch': 0.86}
{'loss': 0.8235, 'grad_norm': 2.6840720176696777, 'learning_rate': 5.365480055567152e-07, 'epoch': 0.86}
{'loss': 0.8083, 'grad_norm': 2.5878095626831055, 'learning_rate': 5.356111330032294e-07, 'epoch': 0.86}
{'loss': 0.7827, 'grad_norm': 2.3600411415100098, 'learning_rate': 5.346750328151007e-07, 'epoch': 0.86}
{'loss': 0.7377, 'grad_norm': 2.5945208072662354, 'learning_rate': 5.337397051542809e-07, 'epoch': 0.86}
{'loss': 0.7838, 'grad_norm': 2.5855796337127686, 'learning_rate': 5.328051501825865e-07, 'epoch': 0.86}
{'loss': 0.8271, 'grad_norm': 2.322805881500244, 'learning_rate': 5.318713680616994e-07, 'epoch': 0.86}
{'loss': 0.9277, 'grad_norm': 2.5917749404907227, 'learning_rate': 5.309383589531708e-07, 'epoch': 0.86}
{'loss': 0.7157, 'grad_norm': 2.5159714221954346, 'learning_rate': 5.300061230184178e-07, 'epoch': 0.86}
{'loss': 0.7957, 'grad_norm': 2.201188564300537, 'learning_rate': 5.290746604187213e-07, 'epoch': 0.86}
{'loss': 0.7571, 'grad_norm': 2.5501558780670166, 'learning_rate': 5.281439713152293e-07, 'epoch': 0.86}
{'loss': 0.7714, 'grad_norm': 2.773468017578125, 'learning_rate': 5.272140558689576e-07, 'epoch': 0.86}
{'loss': 0.9989, 'grad_norm': 2.9847664833068848, 'learning_rate': 5.262849142407856e-07, 'epoch': 0.86}
{'loss': 0.849, 'grad_norm': 2.7511634826660156, 'learning_rate': 5.253565465914617e-07, 'epoch': 0.86}
{'loss': 0.665, 'grad_norm': 2.418909788131714, 'learning_rate': 5.244289530815977e-07, 'epoch': 0.86}
{'loss': 0.678, 'grad_norm': 2.3791005611419678, 'learning_rate': 5.235021338716745e-07, 'epoch': 0.86}
{'loss': 0.6465, 'grad_norm': 2.2809979915618896, 'learning_rate': 5.22576089122035e-07, 'epoch': 0.86}
{'loss': 0.8159, 'grad_norm': 2.215580701828003, 'learning_rate': 5.216508189928915e-07, 'epoch': 0.86}
{'loss': 0.7712, 'grad_norm': 2.44061541557312, 'learning_rate': 5.207263236443216e-07, 'epoch': 0.86}
{'loss': 0.7407, 'grad_norm': 2.581681251525879, 'learning_rate': 5.198026032362685e-07, 'epoch': 0.86}
{'loss': 0.678, 'grad_norm': 2.224090337753296, 'learning_rate': 5.188796579285394e-07, 'epoch': 0.86}
{'loss': 0.754, 'grad_norm': 2.7368555068969727, 'learning_rate': 5.179574878808102e-07, 'epoch': 0.86}
{'loss': 0.9998, 'grad_norm': 2.873246431350708, 'learning_rate': 5.170360932526231e-07, 'epoch': 0.86}
{'loss': 0.7219, 'grad_norm': 2.467564821243286, 'learning_rate': 5.161154742033836e-07, 'epoch': 0.86}
{'loss': 0.6585, 'grad_norm': 2.361659288406372, 'learning_rate': 5.151956308923627e-07, 'epoch': 0.86}
{'loss': 0.7865, 'grad_norm': 2.8578543663024902, 'learning_rate': 5.142765634787017e-07, 'epoch': 0.86}
{'loss': 0.7793, 'grad_norm': 2.411876678466797, 'learning_rate': 5.13358272121402e-07, 'epoch': 0.86}
{'loss': 0.7278, 'grad_norm': 2.3905773162841797, 'learning_rate': 5.124407569793355e-07, 'epoch': 0.86}
{'loss': 0.8567, 'grad_norm': 2.6199684143066406, 'learning_rate': 5.115240182112352e-07, 'epoch': 0.86}
{'loss': 1.0069, 'grad_norm': 2.9931907653808594, 'learning_rate': 5.106080559757048e-07, 'epoch': 0.86}
{'loss': 0.8842, 'grad_norm': 2.3796792030334473, 'learning_rate': 5.096928704312093e-07, 'epoch': 0.86}
{'loss': 0.822, 'grad_norm': 2.6625096797943115, 'learning_rate': 5.087784617360814e-07, 'epoch': 0.86}
{'loss': 0.6532, 'grad_norm': 2.287886142730713, 'learning_rate': 5.078648300485206e-07, 'epoch': 0.86}
{'loss': 0.7396, 'grad_norm': 2.7116341590881348, 'learning_rate': 5.0695197552659e-07, 'epoch': 0.86}
{'loss': 0.8884, 'grad_norm': 2.6898677349090576, 'learning_rate': 5.060398983282167e-07, 'epoch': 0.86}
{'loss': 0.731, 'grad_norm': 2.194091558456421, 'learning_rate': 5.051285986111976e-07, 'epoch': 0.86}
{'loss': 0.9066, 'grad_norm': 2.6687963008880615, 'learning_rate': 5.042180765331922e-07, 'epoch': 0.86}
{'loss': 0.8177, 'grad_norm': 2.460232734680176, 'learning_rate': 5.033083322517268e-07, 'epoch': 0.86}
{'loss': 0.7859, 'grad_norm': 2.0878498554229736, 'learning_rate': 5.023993659241911e-07, 'epoch': 0.86}
{'loss': 0.7562, 'grad_norm': 2.5149786472320557, 'learning_rate': 5.014911777078419e-07, 'epoch': 0.86}
{'loss': 0.6809, 'grad_norm': 2.4968421459198, 'learning_rate': 5.00583767759803e-07, 'epoch': 0.86}
{'loss': 0.7571, 'grad_norm': 2.20925235748291, 'learning_rate': 4.996771362370595e-07, 'epoch': 0.86}
{'loss': 0.669, 'grad_norm': 2.488286018371582, 'learning_rate': 4.987712832964637e-07, 'epoch': 0.86}
{'loss': 0.6723, 'grad_norm': 2.3510780334472656, 'learning_rate': 4.978662090947356e-07, 'epoch': 0.86}
{'loss': 0.9858, 'grad_norm': 2.883323907852173, 'learning_rate': 4.969619137884557e-07, 'epoch': 0.86}
{'loss': 0.8041, 'grad_norm': 3.198516368865967, 'learning_rate': 4.960583975340738e-07, 'epoch': 0.86}
{'loss': 0.876, 'grad_norm': 2.4851949214935303, 'learning_rate': 4.951556604879049e-07, 'epoch': 0.86}
{'loss': 0.7693, 'grad_norm': 2.563962459564209, 'learning_rate': 4.942537028061257e-07, 'epoch': 0.86}
{'loss': 0.8462, 'grad_norm': 2.5511083602905273, 'learning_rate': 4.933525246447795e-07, 'epoch': 0.86}
{'loss': 0.7872, 'grad_norm': 2.2964518070220947, 'learning_rate': 4.924521261597775e-07, 'epoch': 0.86}
{'loss': 0.7413, 'grad_norm': 2.6545679569244385, 'learning_rate': 4.915525075068933e-07, 'epoch': 0.86}
{'loss': 1.0353, 'grad_norm': 2.679659128189087, 'learning_rate': 4.906536688417663e-07, 'epoch': 0.86}
{'loss': 0.7004, 'grad_norm': 2.7235665321350098, 'learning_rate': 4.897556103198991e-07, 'epoch': 0.86}
{'loss': 0.7629, 'grad_norm': 2.4261646270751953, 'learning_rate': 4.888583320966628e-07, 'epoch': 0.86}
{'loss': 0.8958, 'grad_norm': 2.481663465499878, 'learning_rate': 4.879618343272923e-07, 'epoch': 0.86}
{'loss': 0.8365, 'grad_norm': 2.586057424545288, 'learning_rate': 4.870661171668851e-07, 'epoch': 0.86}
{'loss': 0.8478, 'grad_norm': 2.539992332458496, 'learning_rate': 4.861711807704067e-07, 'epoch': 0.86}
{'loss': 0.6443, 'grad_norm': 2.3152897357940674, 'learning_rate': 4.85277025292687e-07, 'epoch': 0.86}
{'loss': 0.6611, 'grad_norm': 2.3804047107696533, 'learning_rate': 4.843836508884176e-07, 'epoch': 0.86}
{'loss': 0.816, 'grad_norm': 2.406022071838379, 'learning_rate': 4.834910577121593e-07, 'epoch': 0.86}
{'loss': 0.6308, 'grad_norm': 2.318474531173706, 'learning_rate': 4.825992459183371e-07, 'epoch': 0.86}
{'loss': 0.8127, 'grad_norm': 2.7913365364074707, 'learning_rate': 4.817082156612379e-07, 'epoch': 0.86}
{'loss': 0.8994, 'grad_norm': 2.6835780143737793, 'learning_rate': 4.808179670950142e-07, 'epoch': 0.86}
{'loss': 0.7767, 'grad_norm': 2.4387454986572266, 'learning_rate': 4.799285003736858e-07, 'epoch': 0.86}
{'loss': 0.5589, 'grad_norm': 2.2416443824768066, 'learning_rate': 4.790398156511367e-07, 'epoch': 0.86}
{'loss': 0.8692, 'grad_norm': 2.5554404258728027, 'learning_rate': 4.78151913081113e-07, 'epoch': 0.86}
{'loss': 0.8914, 'grad_norm': 2.494227886199951, 'learning_rate': 4.772647928172258e-07, 'epoch': 0.86}
{'loss': 0.7557, 'grad_norm': 2.529094934463501, 'learning_rate': 4.763784550129541e-07, 'epoch': 0.86}
{'loss': 0.881, 'grad_norm': 2.4671027660369873, 'learning_rate': 4.754928998216396e-07, 'epoch': 0.86}
{'loss': 0.8605, 'grad_norm': 2.7283921241760254, 'learning_rate': 4.74608127396487e-07, 'epoch': 0.86}
{'loss': 0.7456, 'grad_norm': 2.4086410999298096, 'learning_rate': 4.737241378905688e-07, 'epoch': 0.86}
{'loss': 0.7688, 'grad_norm': 2.2770957946777344, 'learning_rate': 4.728409314568189e-07, 'epoch': 0.86}
{'loss': 0.8492, 'grad_norm': 2.5739293098449707, 'learning_rate': 4.7195850824803823e-07, 'epoch': 0.86}
{'loss': 0.7956, 'grad_norm': 2.640767812728882, 'learning_rate': 4.7107686841688984e-07, 'epoch': 0.86}
{'loss': 0.7503, 'grad_norm': 2.707364559173584, 'learning_rate': 4.701960121159049e-07, 'epoch': 0.87}
{'loss': 0.6362, 'grad_norm': 2.331139326095581, 'learning_rate': 4.693159394974744e-07, 'epoch': 0.87}
{'loss': 0.8949, 'grad_norm': 2.784494400024414, 'learning_rate': 4.6843665071385655e-07, 'epoch': 0.87}
{'loss': 0.8017, 'grad_norm': 2.602144479751587, 'learning_rate': 4.675581459171741e-07, 'epoch': 0.87}
{'loss': 0.9575, 'grad_norm': 2.5543627738952637, 'learning_rate': 4.6668042525941316e-07, 'epoch': 0.87}
{'loss': 0.6246, 'grad_norm': 2.295299768447876, 'learning_rate': 4.6580348889242513e-07, 'epoch': 0.87}
{'loss': 0.769, 'grad_norm': 2.266721725463867, 'learning_rate': 4.649273369679236e-07, 'epoch': 0.87}
{'loss': 0.7012, 'grad_norm': 2.4405033588409424, 'learning_rate': 4.64051969637489e-07, 'epoch': 0.87}
{'loss': 0.7089, 'grad_norm': 2.403657913208008, 'learning_rate': 4.6317738705256575e-07, 'epoch': 0.87}
{'loss': 0.8118, 'grad_norm': 2.5409598350524902, 'learning_rate': 4.6230358936446007e-07, 'epoch': 0.87}
{'loss': 0.6889, 'grad_norm': 2.1506166458129883, 'learning_rate': 4.61430576724346e-07, 'epoch': 0.87}
{'loss': 0.7904, 'grad_norm': 2.763070583343506, 'learning_rate': 4.605583492832577e-07, 'epoch': 0.87}
{'loss': 0.7672, 'grad_norm': 2.388981819152832, 'learning_rate': 4.596869071920973e-07, 'epoch': 0.87}
{'loss': 0.6943, 'grad_norm': 2.3273794651031494, 'learning_rate': 4.5881625060162805e-07, 'epoch': 0.87}
{'loss': 0.7638, 'grad_norm': 2.555072546005249, 'learning_rate': 4.5794637966248055e-07, 'epoch': 0.87}
{'loss': 0.6104, 'grad_norm': 2.4121928215026855, 'learning_rate': 4.570772945251462e-07, 'epoch': 0.87}
{'loss': 0.8817, 'grad_norm': 2.80491042137146, 'learning_rate': 4.5620899533998064e-07, 'epoch': 0.87}
{'loss': 0.6678, 'grad_norm': 2.635587215423584, 'learning_rate': 4.553414822572061e-07, 'epoch': 0.87}
{'loss': 0.6995, 'grad_norm': 2.4094433784484863, 'learning_rate': 4.544747554269074e-07, 'epoch': 0.87}
{'loss': 0.8746, 'grad_norm': 2.62125301361084, 'learning_rate': 4.5360881499903474e-07, 'epoch': 0.87}
{'loss': 0.8806, 'grad_norm': 2.705986976623535, 'learning_rate': 4.527436611233976e-07, 'epoch': 0.87}
{'loss': 0.8287, 'grad_norm': 2.5298008918762207, 'learning_rate': 4.518792939496747e-07, 'epoch': 0.87}
{'loss': 1.0419, 'grad_norm': 2.5947141647338867, 'learning_rate': 4.5101571362740735e-07, 'epoch': 0.87}
{'loss': 0.7839, 'grad_norm': 2.459656238555908, 'learning_rate': 4.501529203059979e-07, 'epoch': 0.87}
{'loss': 0.9315, 'grad_norm': 2.431694269180298, 'learning_rate': 4.4929091413471683e-07, 'epoch': 0.87}
{'loss': 0.7398, 'grad_norm': 2.5927836894989014, 'learning_rate': 4.484296952626938e-07, 'epoch': 0.87}
{'loss': 0.7838, 'grad_norm': 2.5176920890808105, 'learning_rate': 4.4756926383892727e-07, 'epoch': 0.87}
{'loss': 0.8006, 'grad_norm': 3.059136152267456, 'learning_rate': 4.4670962001227447e-07, 'epoch': 0.87}
{'loss': 0.692, 'grad_norm': 2.7317721843719482, 'learning_rate': 4.458507639314602e-07, 'epoch': 0.87}
{'loss': 0.7874, 'grad_norm': 2.81451153755188, 'learning_rate': 4.449926957450723e-07, 'epoch': 0.87}
{'loss': 0.8809, 'grad_norm': 2.645655632019043, 'learning_rate': 4.4413541560156094e-07, 'epoch': 0.87}
{'loss': 0.7685, 'grad_norm': 2.6699342727661133, 'learning_rate': 4.432789236492391e-07, 'epoch': 0.87}
{'loss': 0.8298, 'grad_norm': 2.9143788814544678, 'learning_rate': 4.4242322003628604e-07, 'epoch': 0.87}
{'loss': 0.8318, 'grad_norm': 2.6033575534820557, 'learning_rate': 4.4156830491074554e-07, 'epoch': 0.87}
{'loss': 0.864, 'grad_norm': 2.8428003787994385, 'learning_rate': 4.4071417842051877e-07, 'epoch': 0.87}
{'loss': 0.7095, 'grad_norm': 2.30798602104187, 'learning_rate': 4.3986084071337697e-07, 'epoch': 0.87}
{'loss': 0.805, 'grad_norm': 2.945277690887451, 'learning_rate': 4.390082919369537e-07, 'epoch': 0.87}
{'loss': 0.8286, 'grad_norm': 2.8458428382873535, 'learning_rate': 4.381565322387421e-07, 'epoch': 0.87}
{'loss': 0.8222, 'grad_norm': 2.7774014472961426, 'learning_rate': 4.3730556176610375e-07, 'epoch': 0.87}
{'loss': 1.1276, 'grad_norm': 3.0699350833892822, 'learning_rate': 4.3645538066626024e-07, 'epoch': 0.87}
{'loss': 0.726, 'grad_norm': 2.5647075176239014, 'learning_rate': 4.3560598908629903e-07, 'epoch': 0.87}
{'loss': 0.8483, 'grad_norm': 2.471705675125122, 'learning_rate': 4.3475738717316864e-07, 'epoch': 0.87}
{'loss': 0.7843, 'grad_norm': 2.4318747520446777, 'learning_rate': 4.339095750736821e-07, 'epoch': 0.87}
{'loss': 0.9713, 'grad_norm': 2.9117989540100098, 'learning_rate': 4.330625529345178e-07, 'epoch': 0.87}
{'loss': 0.6378, 'grad_norm': 2.4802544116973877, 'learning_rate': 4.32216320902214e-07, 'epoch': 0.87}
{'loss': 0.906, 'grad_norm': 2.8711001873016357, 'learning_rate': 4.3137087912317356e-07, 'epoch': 0.87}
{'loss': 0.7428, 'grad_norm': 2.596328020095825, 'learning_rate': 4.305262277436628e-07, 'epoch': 0.87}
{'loss': 0.7139, 'grad_norm': 2.302292585372925, 'learning_rate': 4.2968236690981267e-07, 'epoch': 0.87}
{'loss': 0.7208, 'grad_norm': 2.779245376586914, 'learning_rate': 4.288392967676147e-07, 'epoch': 0.87}
{'loss': 0.8127, 'grad_norm': 2.5500783920288086, 'learning_rate': 4.27997017462925e-07, 'epoch': 0.87}
{'loss': 0.5877, 'grad_norm': 2.46390700340271, 'learning_rate': 4.271555291414636e-07, 'epoch': 0.87}
{'loss': 0.5992, 'grad_norm': 2.2508091926574707, 'learning_rate': 4.2631483194881307e-07, 'epoch': 0.87}
{'loss': 0.9304, 'grad_norm': 2.6871325969696045, 'learning_rate': 4.2547492603041805e-07, 'epoch': 0.87}
{'loss': 0.8818, 'grad_norm': 2.523002862930298, 'learning_rate': 4.2463581153158683e-07, 'epoch': 0.87}
{'loss': 0.5737, 'grad_norm': 2.297435998916626, 'learning_rate': 4.237974885974927e-07, 'epoch': 0.87}
{'loss': 1.1204, 'grad_norm': 2.7664036750793457, 'learning_rate': 4.2295995737316854e-07, 'epoch': 0.87}
{'loss': 0.8691, 'grad_norm': 2.6841843128204346, 'learning_rate': 4.2212321800351285e-07, 'epoch': 0.87}
{'loss': 0.8701, 'grad_norm': 2.829171895980835, 'learning_rate': 4.2128727063328824e-07, 'epoch': 0.87}
{'loss': 0.7071, 'grad_norm': 2.346503257751465, 'learning_rate': 4.2045211540711615e-07, 'epoch': 0.87}
{'loss': 0.6907, 'grad_norm': 3.12929630279541, 'learning_rate': 4.196177524694839e-07, 'epoch': 0.87}
{'loss': 0.9222, 'grad_norm': 2.551997661590576, 'learning_rate': 4.187841819647409e-07, 'epoch': 0.87}
{'loss': 0.7838, 'grad_norm': 2.3428397178649902, 'learning_rate': 4.1795140403710133e-07, 'epoch': 0.87}
{'loss': 1.057, 'grad_norm': 3.1711935997009277, 'learning_rate': 4.1711941883063934e-07, 'epoch': 0.87}
{'loss': 0.9999, 'grad_norm': 2.77817964553833, 'learning_rate': 4.1628822648929255e-07, 'epoch': 0.87}
{'loss': 0.8532, 'grad_norm': 2.803192138671875, 'learning_rate': 4.1545782715686324e-07, 'epoch': 0.87}
{'loss': 0.8311, 'grad_norm': 2.733386754989624, 'learning_rate': 4.146282209770153e-07, 'epoch': 0.87}
{'loss': 0.8193, 'grad_norm': 2.516813039779663, 'learning_rate': 4.1379940809327557e-07, 'epoch': 0.87}
{'loss': 0.6105, 'grad_norm': 2.2086429595947266, 'learning_rate': 4.129713886490322e-07, 'epoch': 0.87}
{'loss': 0.7941, 'grad_norm': 2.5010457038879395, 'learning_rate': 4.121441627875389e-07, 'epoch': 0.87}
{'loss': 0.8223, 'grad_norm': 2.4567370414733887, 'learning_rate': 4.1131773065190893e-07, 'epoch': 0.87}
{'loss': 0.8314, 'grad_norm': 2.584547996520996, 'learning_rate': 4.1049209238512135e-07, 'epoch': 0.87}
{'loss': 0.8696, 'grad_norm': 2.71848726272583, 'learning_rate': 4.096672481300168e-07, 'epoch': 0.87}
{'loss': 0.9134, 'grad_norm': 2.691704273223877, 'learning_rate': 4.088431980292973e-07, 'epoch': 0.87}
{'loss': 0.7207, 'grad_norm': 2.443326234817505, 'learning_rate': 4.0801994222552763e-07, 'epoch': 0.87}
{'loss': 0.8571, 'grad_norm': 2.788888931274414, 'learning_rate': 4.0719748086113674e-07, 'epoch': 0.87}
{'loss': 0.8703, 'grad_norm': 2.6777923107147217, 'learning_rate': 4.0637581407841574e-07, 'epoch': 0.87}
{'loss': 0.767, 'grad_norm': 2.460575819015503, 'learning_rate': 4.055549420195171e-07, 'epoch': 0.87}
{'loss': 0.8061, 'grad_norm': 2.6485297679901123, 'learning_rate': 4.047348648264554e-07, 'epoch': 0.87}
{'loss': 0.8822, 'grad_norm': 2.5091969966888428, 'learning_rate': 4.0391558264111066e-07, 'epoch': 0.88}
{'loss': 0.8229, 'grad_norm': 2.520260810852051, 'learning_rate': 4.030970956052227e-07, 'epoch': 0.88}
{'loss': 0.7566, 'grad_norm': 2.6163511276245117, 'learning_rate': 4.02279403860395e-07, 'epoch': 0.88}
{'loss': 0.7228, 'grad_norm': 2.507744073867798, 'learning_rate': 4.0146250754809214e-07, 'epoch': 0.88}
{'loss': 0.887, 'grad_norm': 2.597616672515869, 'learning_rate': 4.006464068096422e-07, 'epoch': 0.88}
{'loss': 0.8324, 'grad_norm': 2.638742446899414, 'learning_rate': 3.9983110178623607e-07, 'epoch': 0.88}
{'loss': 0.7754, 'grad_norm': 2.4926838874816895, 'learning_rate': 3.9901659261892545e-07, 'epoch': 0.88}
{'loss': 0.6283, 'grad_norm': 2.160392999649048, 'learning_rate': 3.9820287944862647e-07, 'epoch': 0.88}
{'loss': 0.8932, 'grad_norm': 2.6752028465270996, 'learning_rate': 3.9738996241611484e-07, 'epoch': 0.88}
{'loss': 0.9812, 'grad_norm': 2.831798791885376, 'learning_rate': 3.9657784166202975e-07, 'epoch': 0.88}
{'loss': 0.8786, 'grad_norm': 2.4634993076324463, 'learning_rate': 3.9576651732687374e-07, 'epoch': 0.88}
{'loss': 0.7043, 'grad_norm': 2.4522998332977295, 'learning_rate': 3.9495598955101134e-07, 'epoch': 0.88}
{'loss': 0.851, 'grad_norm': 2.6269142627716064, 'learning_rate': 3.9414625847466747e-07, 'epoch': 0.88}
{'loss': 0.943, 'grad_norm': 2.469911813735962, 'learning_rate': 3.9333732423793016e-07, 'epoch': 0.88}
{'loss': 0.8791, 'grad_norm': 2.6848907470703125, 'learning_rate': 3.925291869807496e-07, 'epoch': 0.88}
{'loss': 0.723, 'grad_norm': 2.4115748405456543, 'learning_rate': 3.917218468429401e-07, 'epoch': 0.88}
{'loss': 1.0641, 'grad_norm': 3.1079070568084717, 'learning_rate': 3.90915303964175e-07, 'epoch': 0.88}
{'loss': 0.9075, 'grad_norm': 2.496030807495117, 'learning_rate': 3.901095584839898e-07, 'epoch': 0.88}
{'loss': 0.6855, 'grad_norm': 2.4639089107513428, 'learning_rate': 3.8930461054178416e-07, 'epoch': 0.88}
{'loss': 0.8031, 'grad_norm': 2.534121513366699, 'learning_rate': 3.8850046027682e-07, 'epoch': 0.88}
{'loss': 0.9187, 'grad_norm': 2.6398231983184814, 'learning_rate': 3.876971078282177e-07, 'epoch': 0.88}
{'loss': 0.7624, 'grad_norm': 2.4802095890045166, 'learning_rate': 3.868945533349644e-07, 'epoch': 0.88}
{'loss': 0.7646, 'grad_norm': 2.6029272079467773, 'learning_rate': 3.860927969359052e-07, 'epoch': 0.88}
{'loss': 0.8224, 'grad_norm': 2.7022204399108887, 'learning_rate': 3.8529183876974794e-07, 'epoch': 0.88}
{'loss': 0.6592, 'grad_norm': 2.387932062149048, 'learning_rate': 3.844916789750647e-07, 'epoch': 0.88}
{'loss': 0.7731, 'grad_norm': 2.604435920715332, 'learning_rate': 3.836923176902863e-07, 'epoch': 0.88}
{'loss': 0.6426, 'grad_norm': 2.246730327606201, 'learning_rate': 3.8289375505370985e-07, 'epoch': 0.88}
{'loss': 0.7256, 'grad_norm': 2.322604179382324, 'learning_rate': 3.8209599120348715e-07, 'epoch': 0.88}
{'loss': 0.8125, 'grad_norm': 2.5005428791046143, 'learning_rate': 3.8129902627763836e-07, 'epoch': 0.88}
{'loss': 0.7915, 'grad_norm': 2.883641004562378, 'learning_rate': 3.8050286041404373e-07, 'epoch': 0.88}
{'loss': 0.5892, 'grad_norm': 2.17545485496521, 'learning_rate': 3.7970749375044246e-07, 'epoch': 0.88}
{'loss': 0.7453, 'grad_norm': 2.3507888317108154, 'learning_rate': 3.7891292642443955e-07, 'epoch': 0.88}
{'loss': 0.9155, 'grad_norm': 2.7390573024749756, 'learning_rate': 3.781191585734989e-07, 'epoch': 0.88}
{'loss': 0.8234, 'grad_norm': 2.7331061363220215, 'learning_rate': 3.773261903349473e-07, 'epoch': 0.88}
{'loss': 0.8669, 'grad_norm': 2.4019007682800293, 'learning_rate': 3.7653402184597233e-07, 'epoch': 0.88}
{'loss': 1.0185, 'grad_norm': 2.7791929244995117, 'learning_rate': 3.757426532436248e-07, 'epoch': 0.88}
{'loss': 0.7259, 'grad_norm': 2.4465816020965576, 'learning_rate': 3.749520846648147e-07, 'epoch': 0.88}
{'loss': 0.693, 'grad_norm': 2.558626651763916, 'learning_rate': 3.7416231624631707e-07, 'epoch': 0.88}
{'loss': 1.0261, 'grad_norm': 2.829059362411499, 'learning_rate': 3.7337334812476365e-07, 'epoch': 0.88}
{'loss': 0.9132, 'grad_norm': 2.490939140319824, 'learning_rate': 3.725851804366526e-07, 'epoch': 0.88}
{'loss': 0.6086, 'grad_norm': 2.302678346633911, 'learning_rate': 3.7179781331834197e-07, 'epoch': 0.88}
[14:13:31.746825] Error: Error reading OpenGVLab/stage2/OpenMMLab___Kinetics-400/raw/Kinetics-400/videos_train/19l7Y9ZgZX8.mp4...
[14:13:31.746872] Failed to read video file: OpenGVLab/stage2/OpenMMLab___Kinetics-400/raw/Kinetics-400/videos_train/19l7Y9ZgZX8.mp4
[14:13:31.746887] [Try #0] Failed to fetch sample 190479. Exception: Error reading OpenGVLab/stage2/OpenMMLab___Kinetics-400/raw/Kinetics-400/videos_train/19l7Y9ZgZX8.mp4...
[14:13:32.748232] Error: Error reading OpenGVLab/stage2/OpenMMLab___Kinetics-400/raw/Kinetics-400/videos_train/19l7Y9ZgZX8.mp4...
[14:13:32.748282] Failed to read video file: OpenGVLab/stage2/OpenMMLab___Kinetics-400/raw/Kinetics-400/videos_train/19l7Y9ZgZX8.mp4
[14:13:32.748298] [Try #1] Failed to fetch sample 190479. Exception: Error reading OpenGVLab/stage2/OpenMMLab___Kinetics-400/raw/Kinetics-400/videos_train/19l7Y9ZgZX8.mp4...
{'loss': 0.7901, 'grad_norm': 2.4324610233306885, 'learning_rate': 3.7101124690604897e-07, 'epoch': 0.88}
{'loss': 0.5904, 'grad_norm': 2.2591381072998047, 'learning_rate': 3.7022548133585467e-07, 'epoch': 0.88}
{'loss': 0.8016, 'grad_norm': 2.726254463195801, 'learning_rate': 3.6944051674370263e-07, 'epoch': 0.88}
{'loss': 0.9271, 'grad_norm': 2.6220691204071045, 'learning_rate': 3.686563532653947e-07, 'epoch': 0.88}
{'loss': 0.8674, 'grad_norm': 2.7093944549560547, 'learning_rate': 3.6787299103659634e-07, 'epoch': 0.88}
{'loss': 0.9365, 'grad_norm': 2.5190415382385254, 'learning_rate': 3.670904301928335e-07, 'epoch': 0.88}
{'loss': 1.0575, 'grad_norm': 2.502197504043579, 'learning_rate': 3.663086708694946e-07, 'epoch': 0.88}
{'loss': 0.7859, 'grad_norm': 2.50224232673645, 'learning_rate': 3.65527713201827e-07, 'epoch': 0.88}
{'loss': 0.7609, 'grad_norm': 2.409982919692993, 'learning_rate': 3.6474755732494313e-07, 'epoch': 0.88}
{'loss': 0.9414, 'grad_norm': 2.41963267326355, 'learning_rate': 3.6396820337381236e-07, 'epoch': 0.88}
{'loss': 0.837, 'grad_norm': 2.612560749053955, 'learning_rate': 3.631896514832695e-07, 'epoch': 0.88}
{'loss': 0.7028, 'grad_norm': 2.391590118408203, 'learning_rate': 3.6241190178800623e-07, 'epoch': 0.88}
{'loss': 0.8237, 'grad_norm': 2.5424349308013916, 'learning_rate': 3.616349544225789e-07, 'epoch': 0.88}
{'loss': 0.6929, 'grad_norm': 2.5335984230041504, 'learning_rate': 3.6085880952140604e-07, 'epoch': 0.88}
{'loss': 0.7711, 'grad_norm': 2.4051222801208496, 'learning_rate': 3.60083467218762e-07, 'epoch': 0.88}
{'loss': 0.6762, 'grad_norm': 2.482571601867676, 'learning_rate': 3.59308927648786e-07, 'epoch': 0.88}
{'loss': 0.7498, 'grad_norm': 2.3864738941192627, 'learning_rate': 3.585351909454793e-07, 'epoch': 0.88}
{'loss': 0.619, 'grad_norm': 2.2568166255950928, 'learning_rate': 3.577622572427031e-07, 'epoch': 0.88}
{'loss': 0.7306, 'grad_norm': 2.470026969909668, 'learning_rate': 3.569901266741788e-07, 'epoch': 0.88}
{'loss': 1.226, 'grad_norm': 3.036208391189575, 'learning_rate': 3.5621879937348836e-07, 'epoch': 0.88}
{'loss': 0.8006, 'grad_norm': 2.7150819301605225, 'learning_rate': 3.554482754740779e-07, 'epoch': 0.88}
{'loss': 0.8139, 'grad_norm': 2.6664717197418213, 'learning_rate': 3.5467855510925073e-07, 'epoch': 0.88}
{'loss': 0.5806, 'grad_norm': 2.364931344985962, 'learning_rate': 3.539096384121743e-07, 'epoch': 0.88}
{'loss': 0.9994, 'grad_norm': 3.0854036808013916, 'learning_rate': 3.531415255158749e-07, 'epoch': 0.88}
{'loss': 0.7828, 'grad_norm': 2.5986897945404053, 'learning_rate': 3.5237421655324123e-07, 'epoch': 0.88}
{'loss': 0.6114, 'grad_norm': 2.3352420330047607, 'learning_rate': 3.5160771165702103e-07, 'epoch': 0.88}
{'loss': 0.8891, 'grad_norm': 3.3883860111236572, 'learning_rate': 3.508420109598254e-07, 'epoch': 0.88}
{'loss': 0.8698, 'grad_norm': 2.490178346633911, 'learning_rate': 3.500771145941251e-07, 'epoch': 0.88}
{'loss': 0.644, 'grad_norm': 2.168729066848755, 'learning_rate': 3.4931302269225086e-07, 'epoch': 0.88}
{'loss': 0.801, 'grad_norm': 2.8122589588165283, 'learning_rate': 3.485497353863948e-07, 'epoch': 0.88}
{'loss': 0.7718, 'grad_norm': 2.379856824874878, 'learning_rate': 3.477872528086107e-07, 'epoch': 0.88}
{'loss': 0.7756, 'grad_norm': 2.4837002754211426, 'learning_rate': 3.4702557509081357e-07, 'epoch': 0.88}
{'loss': 0.9012, 'grad_norm': 2.599574565887451, 'learning_rate': 3.4626470236477637e-07, 'epoch': 0.88}
{'loss': 0.9058, 'grad_norm': 2.915151357650757, 'learning_rate': 3.4550463476213435e-07, 'epoch': 0.88}
{'loss': 0.7408, 'grad_norm': 2.548961639404297, 'learning_rate': 3.447453724143857e-07, 'epoch': 0.88}
{'loss': 0.741, 'grad_norm': 2.4865212440490723, 'learning_rate': 3.4398691545288467e-07, 'epoch': 0.88}
{'loss': 0.7395, 'grad_norm': 2.5486600399017334, 'learning_rate': 3.432292640088497e-07, 'epoch': 0.88}
{'loss': 0.774, 'grad_norm': 2.6896774768829346, 'learning_rate': 3.424724182133604e-07, 'epoch': 0.89}
{'loss': 0.5886, 'grad_norm': 2.3481903076171875, 'learning_rate': 3.417163781973548e-07, 'epoch': 0.89}
{'loss': 0.8597, 'grad_norm': 2.645673990249634, 'learning_rate': 3.409611440916305e-07, 'epoch': 0.89}
{'loss': 1.0494, 'grad_norm': 2.9977967739105225, 'learning_rate': 3.402067160268485e-07, 'epoch': 0.89}
{'loss': 0.9048, 'grad_norm': 2.58259916305542, 'learning_rate': 3.3945309413353113e-07, 'epoch': 0.89}
{'loss': 0.7112, 'grad_norm': 2.2647156715393066, 'learning_rate': 3.3870027854205676e-07, 'epoch': 0.89}
{'loss': 0.8993, 'grad_norm': 2.9861273765563965, 'learning_rate': 3.3794826938266746e-07, 'epoch': 0.89}
{'loss': 0.8164, 'grad_norm': 2.551976203918457, 'learning_rate': 3.371970667854657e-07, 'epoch': 0.89}
{'loss': 0.7474, 'grad_norm': 2.235503673553467, 'learning_rate': 3.3644667088041427e-07, 'epoch': 0.89}
{'loss': 0.9061, 'grad_norm': 2.7811057567596436, 'learning_rate': 3.3569708179733596e-07, 'epoch': 0.89}
{'loss': 0.7639, 'grad_norm': 2.492086172103882, 'learning_rate': 3.3494829966591257e-07, 'epoch': 0.89}
{'loss': 0.7867, 'grad_norm': 2.453247547149658, 'learning_rate': 3.3420032461568943e-07, 'epoch': 0.89}
{'loss': 0.6822, 'grad_norm': 2.386744737625122, 'learning_rate': 3.3345315677607014e-07, 'epoch': 0.89}
{'loss': 0.6558, 'grad_norm': 2.5163512229919434, 'learning_rate': 3.3270679627631866e-07, 'epoch': 0.89}
{'loss': 0.9643, 'grad_norm': 2.6203010082244873, 'learning_rate': 3.31961243245561e-07, 'epoch': 0.89}
{'loss': 0.8279, 'grad_norm': 2.460696220397949, 'learning_rate': 3.3121649781278076e-07, 'epoch': 0.89}
{'loss': 0.7936, 'grad_norm': 2.5308990478515625, 'learning_rate': 3.304725601068237e-07, 'epoch': 0.89}
{'loss': 0.9045, 'grad_norm': 2.6236884593963623, 'learning_rate': 3.297294302563947e-07, 'epoch': 0.89}
{'loss': 0.8387, 'grad_norm': 3.1488723754882812, 'learning_rate': 3.2898710839006145e-07, 'epoch': 0.89}
{'loss': 0.7517, 'grad_norm': 2.5228934288024902, 'learning_rate': 3.2824559463624895e-07, 'epoch': 0.89}
{'loss': 0.6482, 'grad_norm': 2.6226072311401367, 'learning_rate': 3.2750488912324243e-07, 'epoch': 0.89}
{'loss': 0.8833, 'grad_norm': 2.7425546646118164, 'learning_rate': 3.267649919791893e-07, 'epoch': 0.89}
{'loss': 0.7123, 'grad_norm': 2.462034225463867, 'learning_rate': 3.260259033320962e-07, 'epoch': 0.89}
{'loss': 0.7496, 'grad_norm': 2.1504158973693848, 'learning_rate': 3.252876233098301e-07, 'epoch': 0.89}
{'loss': 0.9008, 'grad_norm': 2.533397674560547, 'learning_rate': 3.245501520401162e-07, 'epoch': 0.89}
{'loss': 0.6931, 'grad_norm': 2.4414944648742676, 'learning_rate': 3.2381348965054183e-07, 'epoch': 0.89}
{'loss': 0.7834, 'grad_norm': 2.440699815750122, 'learning_rate': 3.230776362685556e-07, 'epoch': 0.89}
{'loss': 0.687, 'grad_norm': 3.2454657554626465, 'learning_rate': 3.223425920214623e-07, 'epoch': 0.89}
{'loss': 0.9158, 'grad_norm': 2.4319355487823486, 'learning_rate': 3.216083570364309e-07, 'epoch': 0.89}
{'loss': 0.7983, 'grad_norm': 2.4475278854370117, 'learning_rate': 3.2087493144048687e-07, 'epoch': 0.89}
{'loss': 0.8595, 'grad_norm': 2.5919575691223145, 'learning_rate': 3.201423153605171e-07, 'epoch': 0.89}
{'loss': 0.6686, 'grad_norm': 2.166114568710327, 'learning_rate': 3.194105089232685e-07, 'epoch': 0.89}
{'loss': 0.7446, 'grad_norm': 2.412019729614258, 'learning_rate': 3.1867951225534874e-07, 'epoch': 0.89}
{'loss': 1.0079, 'grad_norm': 3.1613848209381104, 'learning_rate': 3.1794932548322446e-07, 'epoch': 0.89}
{'loss': 0.9399, 'grad_norm': 2.6319427490234375, 'learning_rate': 3.1721994873322057e-07, 'epoch': 0.89}
{'loss': 0.7511, 'grad_norm': 2.441704750061035, 'learning_rate': 3.164913821315252e-07, 'epoch': 0.89}
{'loss': 0.6926, 'grad_norm': 2.3664517402648926, 'learning_rate': 3.157636258041846e-07, 'epoch': 0.89}
{'loss': 0.9146, 'grad_norm': 2.8436601161956787, 'learning_rate': 3.150366798771043e-07, 'epoch': 0.89}
{'loss': 0.7848, 'grad_norm': 2.6387619972229004, 'learning_rate': 3.143105444760497e-07, 'epoch': 0.89}
{'loss': 0.7725, 'grad_norm': 2.3934502601623535, 'learning_rate': 3.13585219726647e-07, 'epoch': 0.89}
{'loss': 1.002, 'grad_norm': 2.8296804428100586, 'learning_rate': 3.1286070575438255e-07, 'epoch': 0.89}
{'loss': 0.7797, 'grad_norm': 2.4625942707061768, 'learning_rate': 3.1213700268459936e-07, 'epoch': 0.89}
{'loss': 0.8409, 'grad_norm': 2.498380184173584, 'learning_rate': 3.114141106425045e-07, 'epoch': 0.89}
{'loss': 0.7002, 'grad_norm': 2.4727015495300293, 'learning_rate': 3.1069202975316125e-07, 'epoch': 0.89}
{'loss': 0.8157, 'grad_norm': 2.538318395614624, 'learning_rate': 3.0997076014149417e-07, 'epoch': 0.89}
{'loss': 0.6953, 'grad_norm': 2.397366523742676, 'learning_rate': 3.092503019322868e-07, 'epoch': 0.89}
{'loss': 0.9426, 'grad_norm': 2.9255480766296387, 'learning_rate': 3.085306552501827e-07, 'epoch': 0.89}
{'loss': 0.8454, 'grad_norm': 2.451429843902588, 'learning_rate': 3.0781182021968725e-07, 'epoch': 0.89}
{'loss': 0.6947, 'grad_norm': 2.3383171558380127, 'learning_rate': 3.070937969651588e-07, 'epoch': 0.89}
{'loss': 0.8928, 'grad_norm': 2.8356773853302, 'learning_rate': 3.0637658561082195e-07, 'epoch': 0.89}
{'loss': 0.77, 'grad_norm': 2.5436220169067383, 'learning_rate': 3.05660186280759e-07, 'epoch': 0.89}
{'loss': 0.8026, 'grad_norm': 2.6639091968536377, 'learning_rate': 3.049445990989108e-07, 'epoch': 0.89}
{'loss': 0.7488, 'grad_norm': 2.5242433547973633, 'learning_rate': 3.042298241890768e-07, 'epoch': 0.89}
{'loss': 0.7815, 'grad_norm': 2.4430673122406006, 'learning_rate': 3.035158616749184e-07, 'epoch': 0.89}
{'loss': 0.8634, 'grad_norm': 2.7185420989990234, 'learning_rate': 3.0280271167995535e-07, 'epoch': 0.89}
{'loss': 0.9062, 'grad_norm': 2.6322133541107178, 'learning_rate': 3.020903743275666e-07, 'epoch': 0.89}
{'loss': 0.9413, 'grad_norm': 2.740544319152832, 'learning_rate': 3.0137884974099085e-07, 'epoch': 0.89}
{'loss': 0.8161, 'grad_norm': 2.4177823066711426, 'learning_rate': 3.006681380433252e-07, 'epoch': 0.89}
{'loss': 0.6964, 'grad_norm': 2.373781204223633, 'learning_rate': 2.9995823935752844e-07, 'epoch': 0.89}
{'loss': 0.7155, 'grad_norm': 2.505784273147583, 'learning_rate': 2.9924915380641516e-07, 'epoch': 0.89}
{'loss': 0.963, 'grad_norm': 2.8960790634155273, 'learning_rate': 2.985408815126628e-07, 'epoch': 0.89}
{'loss': 0.7228, 'grad_norm': 2.586069107055664, 'learning_rate': 2.9783342259880723e-07, 'epoch': 0.89}
{'loss': 0.812, 'grad_norm': 2.3172473907470703, 'learning_rate': 2.9712677718724105e-07, 'epoch': 0.89}
{'loss': 0.932, 'grad_norm': 2.8250210285186768, 'learning_rate': 2.9642094540021813e-07, 'epoch': 0.89}
{'loss': 0.7194, 'grad_norm': 2.5389928817749023, 'learning_rate': 2.957159273598531e-07, 'epoch': 0.89}
{'loss': 0.7522, 'grad_norm': 2.7514376640319824, 'learning_rate': 2.9501172318811834e-07, 'epoch': 0.89}
{'loss': 0.8026, 'grad_norm': 2.372244358062744, 'learning_rate': 2.943083330068436e-07, 'epoch': 0.89}
{'loss': 0.7507, 'grad_norm': 2.5598199367523193, 'learning_rate': 2.936057569377193e-07, 'epoch': 0.89}
{'loss': 0.8644, 'grad_norm': 2.6425387859344482, 'learning_rate': 2.929039951022977e-07, 'epoch': 0.89}
{'loss': 0.6922, 'grad_norm': 2.4231598377227783, 'learning_rate': 2.9220304762198505e-07, 'epoch': 0.89}
{'loss': 0.9193, 'grad_norm': 2.7967894077301025, 'learning_rate': 2.915029146180515e-07, 'epoch': 0.89}
{'loss': 0.744, 'grad_norm': 2.562014579772949, 'learning_rate': 2.908035962116218e-07, 'epoch': 0.89}
{'loss': 0.6281, 'grad_norm': 2.221301317214966, 'learning_rate': 2.9010509252368477e-07, 'epoch': 0.89}
{'loss': 0.6966, 'grad_norm': 2.3935723304748535, 'learning_rate': 2.8940740367508325e-07, 'epoch': 0.89}
{'loss': 0.731, 'grad_norm': 2.3782730102539062, 'learning_rate': 2.8871052978652225e-07, 'epoch': 0.89}
{'loss': 0.6722, 'grad_norm': 2.5823044776916504, 'learning_rate': 2.880144709785665e-07, 'epoch': 0.89}
{'loss': 0.7629, 'grad_norm': 2.409858465194702, 'learning_rate': 2.873192273716369e-07, 'epoch': 0.89}
{'loss': 0.7793, 'grad_norm': 2.5113232135772705, 'learning_rate': 2.866247990860138e-07, 'epoch': 0.89}
{'loss': 0.6557, 'grad_norm': 2.2910361289978027, 'learning_rate': 2.85931186241839e-07, 'epoch': 0.9}
{'loss': 0.6896, 'grad_norm': 1.7981561422348022, 'learning_rate': 2.852383889591109e-07, 'epoch': 0.9}
{'loss': 0.771, 'grad_norm': 2.500582456588745, 'learning_rate': 2.845464073576881e-07, 'epoch': 0.9}
{'loss': 0.69, 'grad_norm': 2.4544167518615723, 'learning_rate': 2.8385524155728595e-07, 'epoch': 0.9}
{'loss': 0.6831, 'grad_norm': 2.271212339401245, 'learning_rate': 2.831648916774815e-07, 'epoch': 0.9}
{'loss': 0.7721, 'grad_norm': 2.3764662742614746, 'learning_rate': 2.824753578377087e-07, 'epoch': 0.9}
{'loss': 0.7707, 'grad_norm': 2.323760747909546, 'learning_rate': 2.8178664015726164e-07, 'epoch': 0.9}
{'loss': 0.9564, 'grad_norm': 2.7664952278137207, 'learning_rate': 2.8109873875529104e-07, 'epoch': 0.9}
{'loss': 0.9759, 'grad_norm': 2.886232852935791, 'learning_rate': 2.8041165375081e-07, 'epoch': 0.9}
{'loss': 0.7921, 'grad_norm': 2.6426138877868652, 'learning_rate': 2.797253852626858e-07, 'epoch': 0.9}
{'loss': 0.7441, 'grad_norm': 2.5450851917266846, 'learning_rate': 2.790399334096483e-07, 'epoch': 0.9}
{'loss': 0.8427, 'grad_norm': 2.574191093444824, 'learning_rate': 2.7835529831028554e-07, 'epoch': 0.9}
{'loss': 0.6657, 'grad_norm': 2.3587169647216797, 'learning_rate': 2.776714800830421e-07, 'epoch': 0.9}
{'loss': 0.6264, 'grad_norm': 2.4709103107452393, 'learning_rate': 2.7698847884622237e-07, 'epoch': 0.9}
{'loss': 0.7686, 'grad_norm': 2.5020837783813477, 'learning_rate': 2.763062947179895e-07, 'epoch': 0.9}
{'loss': 0.9789, 'grad_norm': 2.545659303665161, 'learning_rate': 2.75624927816367e-07, 'epoch': 0.9}
{'loss': 0.9078, 'grad_norm': 2.786369562149048, 'learning_rate': 2.7494437825923427e-07, 'epoch': 0.9}
{'loss': 0.7858, 'grad_norm': 2.7442049980163574, 'learning_rate': 2.7426464616432893e-07, 'epoch': 0.9}
{'loss': 1.0599, 'grad_norm': 2.570800304412842, 'learning_rate': 2.735857316492502e-07, 'epoch': 0.9}
{'loss': 0.6198, 'grad_norm': 2.339465856552124, 'learning_rate': 2.7290763483145465e-07, 'epoch': 0.9}
{'loss': 0.724, 'grad_norm': 2.26714825630188, 'learning_rate': 2.722303558282563e-07, 'epoch': 0.9}
{'loss': 0.7045, 'grad_norm': 2.5812437534332275, 'learning_rate': 2.71553894756828e-07, 'epoch': 0.9}
{'loss': 0.8071, 'grad_norm': 2.3474347591400146, 'learning_rate': 2.7087825173420234e-07, 'epoch': 0.9}
{'loss': 0.9162, 'grad_norm': 3.7894198894500732, 'learning_rate': 2.7020342687726796e-07, 'epoch': 0.9}
{'loss': 1.0466, 'grad_norm': 2.7723805904388428, 'learning_rate': 2.6952942030277486e-07, 'epoch': 0.9}
{'loss': 0.7899, 'grad_norm': 2.4774928092956543, 'learning_rate': 2.688562321273308e-07, 'epoch': 0.9}
{'loss': 0.725, 'grad_norm': 2.4349119663238525, 'learning_rate': 2.681838624673999e-07, 'epoch': 0.9}
{'loss': 0.8143, 'grad_norm': 2.2808010578155518, 'learning_rate': 2.6751231143930576e-07, 'epoch': 0.9}
{'loss': 0.9925, 'grad_norm': 2.9022462368011475, 'learning_rate': 2.668415791592316e-07, 'epoch': 0.9}
{'loss': 0.9736, 'grad_norm': 2.694474220275879, 'learning_rate': 2.661716657432184e-07, 'epoch': 0.9}
{'loss': 0.8274, 'grad_norm': 2.5587315559387207, 'learning_rate': 2.6550257130716405e-07, 'epoch': 0.9}
{'loss': 0.796, 'grad_norm': 2.4273552894592285, 'learning_rate': 2.648342959668254e-07, 'epoch': 0.9}
{'loss': 0.811, 'grad_norm': 2.621962547302246, 'learning_rate': 2.6416683983781944e-07, 'epoch': 0.9}
{'loss': 0.805, 'grad_norm': 2.4341185092926025, 'learning_rate': 2.635002030356193e-07, 'epoch': 0.9}
{'loss': 0.8299, 'grad_norm': 2.7442846298217773, 'learning_rate': 2.6283438567555717e-07, 'epoch': 0.9}
{'loss': 0.6794, 'grad_norm': 2.2516794204711914, 'learning_rate': 2.6216938787282264e-07, 'epoch': 0.9}
{'loss': 0.8924, 'grad_norm': 2.5652523040771484, 'learning_rate': 2.615052097424653e-07, 'epoch': 0.9}
{'loss': 0.7602, 'grad_norm': 1.9567102193832397, 'learning_rate': 2.60841851399391e-07, 'epoch': 0.9}
{'loss': 0.5787, 'grad_norm': 2.1283936500549316, 'learning_rate': 2.601793129583646e-07, 'epoch': 0.9}
{'loss': 0.996, 'grad_norm': 2.689965009689331, 'learning_rate': 2.595175945340106e-07, 'epoch': 0.9}
{'loss': 1.0141, 'grad_norm': 2.70194935798645, 'learning_rate': 2.5885669624080846e-07, 'epoch': 0.9}
{'loss': 1.0266, 'grad_norm': 2.8069891929626465, 'learning_rate': 2.581966181930973e-07, 'epoch': 0.9}
{'loss': 0.7661, 'grad_norm': 2.4909818172454834, 'learning_rate': 2.575373605050757e-07, 'epoch': 0.9}
{'loss': 0.8592, 'grad_norm': 2.5973267555236816, 'learning_rate': 2.5687892329079866e-07, 'epoch': 0.9}
{'loss': 0.728, 'grad_norm': 2.4903512001037598, 'learning_rate': 2.5622130666418e-07, 'epoch': 0.9}
{'loss': 0.9248, 'grad_norm': 2.586688995361328, 'learning_rate': 2.5556451073899034e-07, 'epoch': 0.9}
{'loss': 0.7252, 'grad_norm': 2.4603989124298096, 'learning_rate': 2.549085356288589e-07, 'epoch': 0.9}
{'loss': 0.6394, 'grad_norm': 2.272289276123047, 'learning_rate': 2.542533814472753e-07, 'epoch': 0.9}
{'loss': 0.8081, 'grad_norm': 2.432260513305664, 'learning_rate': 2.5359904830758284e-07, 'epoch': 0.9}
{'loss': 0.8891, 'grad_norm': 2.7342615127563477, 'learning_rate': 2.529455363229866e-07, 'epoch': 0.9}
{'loss': 0.6705, 'grad_norm': 2.4585628509521484, 'learning_rate': 2.522928456065465e-07, 'epoch': 0.9}
{'loss': 0.6516, 'grad_norm': 2.194735288619995, 'learning_rate': 2.5164097627118357e-07, 'epoch': 0.9}
{'loss': 0.7109, 'grad_norm': 2.2665863037109375, 'learning_rate': 2.50989928429673e-07, 'epoch': 0.9}
{'loss': 0.7184, 'grad_norm': 2.3591203689575195, 'learning_rate': 2.5033970219465133e-07, 'epoch': 0.9}
{'loss': 0.8427, 'grad_norm': 2.467357873916626, 'learning_rate': 2.4969029767861143e-07, 'epoch': 0.9}
{'loss': 0.7627, 'grad_norm': 2.5402843952178955, 'learning_rate': 2.490417149939034e-07, 'epoch': 0.9}
{'loss': 0.755, 'grad_norm': 2.786104202270508, 'learning_rate': 2.4839395425273585e-07, 'epoch': 0.9}
{'loss': 0.667, 'grad_norm': 2.1866440773010254, 'learning_rate': 2.4774701556717575e-07, 'epoch': 0.9}
{'loss': 0.7135, 'grad_norm': 2.462946653366089, 'learning_rate': 2.4710089904914746e-07, 'epoch': 0.9}
{'loss': 0.7543, 'grad_norm': 2.370204210281372, 'learning_rate': 2.4645560481043163e-07, 'epoch': 0.9}
{'loss': 0.8403, 'grad_norm': 2.525153636932373, 'learning_rate': 2.4581113296266833e-07, 'epoch': 0.9}
{'loss': 1.1995, 'grad_norm': 2.82586932182312, 'learning_rate': 2.451674836173568e-07, 'epoch': 0.9}
{'loss': 0.8242, 'grad_norm': 2.543199300765991, 'learning_rate': 2.4452465688584947e-07, 'epoch': 0.9}
{'loss': 0.9145, 'grad_norm': 2.748183488845825, 'learning_rate': 2.438826528793614e-07, 'epoch': 0.9}
{'loss': 0.8406, 'grad_norm': 2.562084436416626, 'learning_rate': 2.4324147170896095e-07, 'epoch': 0.9}
{'loss': 0.7793, 'grad_norm': 2.3539786338806152, 'learning_rate': 2.4260111348557824e-07, 'epoch': 0.9}
{'loss': 0.7987, 'grad_norm': 2.563718795776367, 'learning_rate': 2.4196157831999744e-07, 'epoch': 0.9}
{'loss': 0.9615, 'grad_norm': 2.67561411857605, 'learning_rate': 2.413228663228628e-07, 'epoch': 0.9}
{'loss': 0.7333, 'grad_norm': 2.528414249420166, 'learning_rate': 2.406849776046749e-07, 'epoch': 0.9}
{'loss': 0.7153, 'grad_norm': 2.5819571018218994, 'learning_rate': 2.4004791227579147e-07, 'epoch': 0.9}
{'loss': 0.7049, 'grad_norm': 2.7552499771118164, 'learning_rate': 2.394116704464294e-07, 'epoch': 0.9}
{'loss': 0.8882, 'grad_norm': 2.8440239429473877, 'learning_rate': 2.3877625222666235e-07, 'epoch': 0.9}
{'loss': 0.6555, 'grad_norm': 2.3320205211639404, 'learning_rate': 2.3814165772642172e-07, 'epoch': 0.9}
{'loss': 0.9402, 'grad_norm': 2.7133285999298096, 'learning_rate': 2.375078870554942e-07, 'epoch': 0.9}
{'loss': 0.8192, 'grad_norm': 2.5311591625213623, 'learning_rate': 2.3687494032352765e-07, 'epoch': 0.9}
{'loss': 0.901, 'grad_norm': 2.5584309101104736, 'learning_rate': 2.3624281764002554e-07, 'epoch': 0.9}
{'loss': 0.6721, 'grad_norm': 2.3226287364959717, 'learning_rate': 2.356115191143471e-07, 'epoch': 0.9}
{'loss': 0.7647, 'grad_norm': 2.5968780517578125, 'learning_rate': 2.349810448557127e-07, 'epoch': 0.9}
{'loss': 0.8231, 'grad_norm': 2.596881151199341, 'learning_rate': 2.3435139497319682e-07, 'epoch': 0.91}
{'loss': 0.6938, 'grad_norm': 2.3325977325439453, 'learning_rate': 2.3372256957573336e-07, 'epoch': 0.91}
{'loss': 0.7665, 'grad_norm': 2.4205846786499023, 'learning_rate': 2.3309456877211146e-07, 'epoch': 0.91}
{'loss': 0.7138, 'grad_norm': 2.4294207096099854, 'learning_rate': 2.3246739267098028e-07, 'epoch': 0.91}
{'loss': 0.7447, 'grad_norm': 2.694392681121826, 'learning_rate': 2.3184104138084418e-07, 'epoch': 0.91}
{'loss': 0.7596, 'grad_norm': 2.4253711700439453, 'learning_rate': 2.3121551501006644e-07, 'epoch': 0.91}
{'loss': 0.793, 'grad_norm': 1.7939281463623047, 'learning_rate': 2.305908136668661e-07, 'epoch': 0.91}
{'loss': 0.8222, 'grad_norm': 2.379102945327759, 'learning_rate': 2.299669374593194e-07, 'epoch': 0.91}
{'loss': 0.7713, 'grad_norm': 2.4692955017089844, 'learning_rate': 2.2934388649536343e-07, 'epoch': 0.91}
{'loss': 0.6748, 'grad_norm': 2.2102725505828857, 'learning_rate': 2.287216608827858e-07, 'epoch': 0.91}
{'loss': 0.9152, 'grad_norm': 2.7173500061035156, 'learning_rate': 2.2810026072923764e-07, 'epoch': 0.91}
{'loss': 0.7465, 'grad_norm': 2.634946584701538, 'learning_rate': 2.274796861422246e-07, 'epoch': 0.91}
{'loss': 0.8371, 'grad_norm': 2.6183388233184814, 'learning_rate': 2.2685993722910803e-07, 'epoch': 0.91}
{'loss': 0.7702, 'grad_norm': 2.4252090454101562, 'learning_rate': 2.2624101409711108e-07, 'epoch': 0.91}
{'loss': 0.8801, 'grad_norm': 2.6378514766693115, 'learning_rate': 2.2562291685330805e-07, 'epoch': 0.91}
{'loss': 0.8884, 'grad_norm': 2.6303722858428955, 'learning_rate': 2.2500564560463568e-07, 'epoch': 0.91}
{'loss': 0.658, 'grad_norm': 2.364022970199585, 'learning_rate': 2.2438920045788348e-07, 'epoch': 0.91}
{'loss': 0.8284, 'grad_norm': 2.5441582202911377, 'learning_rate': 2.2377358151970119e-07, 'epoch': 0.91}
{'loss': 0.8728, 'grad_norm': 2.432190418243408, 'learning_rate': 2.2315878889659525e-07, 'epoch': 0.91}
{'loss': 0.8058, 'grad_norm': 2.5262598991394043, 'learning_rate': 2.2254482269492727e-07, 'epoch': 0.91}
{'loss': 0.8589, 'grad_norm': 2.7024121284484863, 'learning_rate': 2.2193168302091729e-07, 'epoch': 0.91}
{'loss': 0.8115, 'grad_norm': 2.5329203605651855, 'learning_rate': 2.2131936998064097e-07, 'epoch': 0.91}
{'loss': 0.7896, 'grad_norm': 2.586709976196289, 'learning_rate': 2.2070788368003526e-07, 'epoch': 0.91}
{'loss': 0.8291, 'grad_norm': 2.556694984436035, 'learning_rate': 2.2009722422488723e-07, 'epoch': 0.91}
{'loss': 0.7619, 'grad_norm': 2.415724515914917, 'learning_rate': 2.1948739172084566e-07, 'epoch': 0.91}
{'loss': 0.7634, 'grad_norm': 2.4509873390197754, 'learning_rate': 2.1887838627341562e-07, 'epoch': 0.91}
{'loss': 0.9706, 'grad_norm': 2.4642629623413086, 'learning_rate': 2.1827020798795895e-07, 'epoch': 0.91}
{'loss': 0.8218, 'grad_norm': 2.8201229572296143, 'learning_rate': 2.1766285696969368e-07, 'epoch': 0.91}
{'loss': 0.7124, 'grad_norm': 2.513090133666992, 'learning_rate': 2.1705633332369414e-07, 'epoch': 0.91}
{'loss': 0.8651, 'grad_norm': 2.3805017471313477, 'learning_rate': 2.1645063715489413e-07, 'epoch': 0.91}
{'loss': 0.7927, 'grad_norm': 2.8544423580169678, 'learning_rate': 2.1584576856808148e-07, 'epoch': 0.91}
{'loss': 1.1659, 'grad_norm': 2.777697801589966, 'learning_rate': 2.1524172766790197e-07, 'epoch': 0.91}
{'loss': 0.8137, 'grad_norm': 2.6976022720336914, 'learning_rate': 2.1463851455885866e-07, 'epoch': 0.91}
{'loss': 0.8916, 'grad_norm': 2.4794983863830566, 'learning_rate': 2.1403612934531137e-07, 'epoch': 0.91}
{'loss': 0.7701, 'grad_norm': 2.3501315116882324, 'learning_rate': 2.1343457213147512e-07, 'epoch': 0.91}
{'loss': 0.8661, 'grad_norm': 2.6561119556427, 'learning_rate': 2.128338430214233e-07, 'epoch': 0.91}
{'loss': 0.7769, 'grad_norm': 2.4407289028167725, 'learning_rate': 2.122339421190861e-07, 'epoch': 0.91}
{'loss': 0.818, 'grad_norm': 2.309340238571167, 'learning_rate': 2.116348695282494e-07, 'epoch': 0.91}
{'loss': 0.6666, 'grad_norm': 2.283698320388794, 'learning_rate': 2.1103662535255587e-07, 'epoch': 0.91}
{'loss': 0.7982, 'grad_norm': 2.656778335571289, 'learning_rate': 2.1043920969550546e-07, 'epoch': 0.91}
{'loss': 0.7305, 'grad_norm': 2.4156713485717773, 'learning_rate': 2.0984262266045553e-07, 'epoch': 0.91}
{'loss': 0.8293, 'grad_norm': 2.418658971786499, 'learning_rate': 2.0924686435061847e-07, 'epoch': 0.91}
{'loss': 1.0077, 'grad_norm': 2.7028582096099854, 'learning_rate': 2.0865193486906298e-07, 'epoch': 0.91}
{'loss': 0.7538, 'grad_norm': 2.5653600692749023, 'learning_rate': 2.080578343187173e-07, 'epoch': 0.91}
{'loss': 0.5933, 'grad_norm': 2.360912799835205, 'learning_rate': 2.0746456280236192e-07, 'epoch': 0.91}
{'loss': 0.6852, 'grad_norm': 2.5642237663269043, 'learning_rate': 2.0687212042263817e-07, 'epoch': 0.91}
{'loss': 0.7196, 'grad_norm': 2.5629258155822754, 'learning_rate': 2.0628050728204175e-07, 'epoch': 0.91}
{'loss': 0.6948, 'grad_norm': 2.3622066974639893, 'learning_rate': 2.0568972348292526e-07, 'epoch': 0.91}
{'loss': 0.7779, 'grad_norm': 2.637535572052002, 'learning_rate': 2.0509976912749642e-07, 'epoch': 0.91}
{'loss': 0.7845, 'grad_norm': 2.5973525047302246, 'learning_rate': 2.045106443178213e-07, 'epoch': 0.91}
{'loss': 1.0705, 'grad_norm': 3.148632526397705, 'learning_rate': 2.0392234915582342e-07, 'epoch': 0.91}
{'loss': 0.8618, 'grad_norm': 2.6671175956726074, 'learning_rate': 2.0333488374328027e-07, 'epoch': 0.91}
{'loss': 0.7704, 'grad_norm': 2.610865592956543, 'learning_rate': 2.0274824818182603e-07, 'epoch': 0.91}
{'loss': 0.7456, 'grad_norm': 2.505152940750122, 'learning_rate': 2.0216244257295293e-07, 'epoch': 0.91}
{'loss': 0.8568, 'grad_norm': 2.6121482849121094, 'learning_rate': 2.0157746701800928e-07, 'epoch': 0.91}
{'loss': 0.6429, 'grad_norm': 2.261082649230957, 'learning_rate': 2.0099332161819805e-07, 'epoch': 0.91}
{'loss': 0.6611, 'grad_norm': 2.4980475902557373, 'learning_rate': 2.0041000647458065e-07, 'epoch': 0.91}
{'loss': 0.6596, 'grad_norm': 2.2156410217285156, 'learning_rate': 1.9982752168807296e-07, 'epoch': 0.91}
{'loss': 0.8645, 'grad_norm': 2.551635980606079, 'learning_rate': 1.9924586735944995e-07, 'epoch': 0.91}
{'loss': 1.0653, 'grad_norm': 3.003617286682129, 'learning_rate': 1.9866504358933946e-07, 'epoch': 0.91}
{'loss': 0.9553, 'grad_norm': 2.687044382095337, 'learning_rate': 1.9808505047822947e-07, 'epoch': 0.91}
{'loss': 0.7344, 'grad_norm': 2.6122543811798096, 'learning_rate': 1.975058881264602e-07, 'epoch': 0.91}
{'loss': 0.7438, 'grad_norm': 2.4689865112304688, 'learning_rate': 1.9692755663423046e-07, 'epoch': 0.91}
{'loss': 0.7323, 'grad_norm': 2.400486469268799, 'learning_rate': 1.9635005610159575e-07, 'epoch': 0.91}
{'loss': 0.6798, 'grad_norm': 2.466643810272217, 'learning_rate': 1.9577338662846667e-07, 'epoch': 0.91}
{'loss': 0.8868, 'grad_norm': 2.6901321411132812, 'learning_rate': 1.951975483146107e-07, 'epoch': 0.91}
{'loss': 0.8781, 'grad_norm': 2.845959424972534, 'learning_rate': 1.946225412596503e-07, 'epoch': 0.91}
{'loss': 0.7491, 'grad_norm': 2.484179973602295, 'learning_rate': 1.9404836556306594e-07, 'epoch': 0.91}
{'loss': 0.8188, 'grad_norm': 2.663539409637451, 'learning_rate': 1.9347502132419315e-07, 'epoch': 0.91}
{'loss': 0.9441, 'grad_norm': 2.6236112117767334, 'learning_rate': 1.9290250864222425e-07, 'epoch': 0.91}
{'loss': 0.7393, 'grad_norm': 2.264756917953491, 'learning_rate': 1.9233082761620613e-07, 'epoch': 0.91}
{'loss': 0.7224, 'grad_norm': 2.3627607822418213, 'learning_rate': 1.9175997834504357e-07, 'epoch': 0.91}
{'loss': 0.8449, 'grad_norm': 2.624661445617676, 'learning_rate': 1.9118996092749752e-07, 'epoch': 0.91}
{'loss': 0.7243, 'grad_norm': 2.318387508392334, 'learning_rate': 1.9062077546218305e-07, 'epoch': 0.91}
{'loss': 0.7227, 'grad_norm': 2.7154462337493896, 'learning_rate': 1.9005242204757412e-07, 'epoch': 0.91}
{'loss': 0.6239, 'grad_norm': 2.1207427978515625, 'learning_rate': 1.8948490078199767e-07, 'epoch': 0.91}
{'loss': 0.6978, 'grad_norm': 2.268874406814575, 'learning_rate': 1.88918211763639e-07, 'epoch': 0.91}
{'loss': 0.8635, 'grad_norm': 2.5664308071136475, 'learning_rate': 1.8835235509053806e-07, 'epoch': 0.91}
{'loss': 0.8343, 'grad_norm': 2.458847761154175, 'learning_rate': 1.8778733086059208e-07, 'epoch': 0.92}
{'loss': 0.948, 'grad_norm': 2.878507137298584, 'learning_rate': 1.8722313917155343e-07, 'epoch': 0.92}
{'loss': 0.6339, 'grad_norm': 2.3472251892089844, 'learning_rate': 1.866597801210296e-07, 'epoch': 0.92}
{'loss': 0.781, 'grad_norm': 2.4517171382904053, 'learning_rate': 1.8609725380648592e-07, 'epoch': 0.92}
{'loss': 0.8624, 'grad_norm': 2.432814359664917, 'learning_rate': 1.8553556032524344e-07, 'epoch': 0.92}
{'loss': 0.8228, 'grad_norm': 3.160942792892456, 'learning_rate': 1.8497469977447724e-07, 'epoch': 0.92}
{'loss': 0.8547, 'grad_norm': 2.554835796356201, 'learning_rate': 1.8441467225121912e-07, 'epoch': 0.92}
{'loss': 0.7968, 'grad_norm': 2.483151912689209, 'learning_rate': 1.838554778523577e-07, 'epoch': 0.92}
{'loss': 0.7994, 'grad_norm': 3.1317245960235596, 'learning_rate': 1.8329711667463723e-07, 'epoch': 0.92}
{'loss': 0.678, 'grad_norm': 2.4210238456726074, 'learning_rate': 1.8273958881465715e-07, 'epoch': 0.92}
{'loss': 0.8466, 'grad_norm': 2.5723695755004883, 'learning_rate': 1.821828943688736e-07, 'epoch': 0.92}
{'loss': 1.0057, 'grad_norm': 3.063859701156616, 'learning_rate': 1.8162703343359678e-07, 'epoch': 0.92}
{'loss': 0.829, 'grad_norm': 2.523653507232666, 'learning_rate': 1.8107200610499475e-07, 'epoch': 0.92}
{'loss': 0.8771, 'grad_norm': 2.608691930770874, 'learning_rate': 1.8051781247908963e-07, 'epoch': 0.92}
{'loss': 0.8304, 'grad_norm': 2.629143476486206, 'learning_rate': 1.7996445265176131e-07, 'epoch': 0.92}
{'loss': 0.808, 'grad_norm': 2.6219124794006348, 'learning_rate': 1.7941192671874442e-07, 'epoch': 0.92}
{'loss': 0.891, 'grad_norm': 2.693098545074463, 'learning_rate': 1.7886023477562797e-07, 'epoch': 0.92}
{'loss': 0.8518, 'grad_norm': 2.4870662689208984, 'learning_rate': 1.7830937691785787e-07, 'epoch': 0.92}
{'loss': 0.787, 'grad_norm': 2.7849621772766113, 'learning_rate': 1.7775935324073678e-07, 'epoch': 0.92}
{'loss': 0.7018, 'grad_norm': 2.432612657546997, 'learning_rate': 1.7721016383942137e-07, 'epoch': 0.92}
{'loss': 0.8253, 'grad_norm': 2.3956589698791504, 'learning_rate': 1.7666180880892503e-07, 'epoch': 0.92}
{'loss': 0.9228, 'grad_norm': 2.6629607677459717, 'learning_rate': 1.761142882441158e-07, 'epoch': 0.92}
{'loss': 0.9455, 'grad_norm': 2.561978816986084, 'learning_rate': 1.7556760223971846e-07, 'epoch': 0.92}
{'loss': 0.7561, 'grad_norm': 2.756892681121826, 'learning_rate': 1.7502175089031237e-07, 'epoch': 0.92}
{'loss': 0.5753, 'grad_norm': 2.1098122596740723, 'learning_rate': 1.7447673429033361e-07, 'epoch': 0.92}
{'loss': 0.5992, 'grad_norm': 2.5488626956939697, 'learning_rate': 1.7393255253407292e-07, 'epoch': 0.92}
{'loss': 0.5566, 'grad_norm': 2.1081011295318604, 'learning_rate': 1.7338920571567663e-07, 'epoch': 0.92}
{'loss': 0.8393, 'grad_norm': 2.792273759841919, 'learning_rate': 1.7284669392914732e-07, 'epoch': 0.92}
{'loss': 0.7981, 'grad_norm': 2.4966213703155518, 'learning_rate': 1.723050172683427e-07, 'epoch': 0.92}
{'loss': 0.9406, 'grad_norm': 2.9009058475494385, 'learning_rate': 1.717641758269767e-07, 'epoch': 0.92}
{'loss': 0.9005, 'grad_norm': 2.5654070377349854, 'learning_rate': 1.712241696986161e-07, 'epoch': 0.92}
{'loss': 0.7704, 'grad_norm': 2.493347406387329, 'learning_rate': 1.7068499897668623e-07, 'epoch': 0.92}
{'loss': 0.6548, 'grad_norm': 2.4021971225738525, 'learning_rate': 1.7014666375446799e-07, 'epoch': 0.92}
{'loss': 1.0619, 'grad_norm': 2.760631799697876, 'learning_rate': 1.696091641250941e-07, 'epoch': 0.92}
{'loss': 0.7579, 'grad_norm': 2.520085334777832, 'learning_rate': 1.6907250018155686e-07, 'epoch': 0.92}
{'loss': 0.6425, 'grad_norm': 2.458993673324585, 'learning_rate': 1.6853667201670142e-07, 'epoch': 0.92}
{'loss': 0.8159, 'grad_norm': 2.3935835361480713, 'learning_rate': 1.6800167972323035e-07, 'epoch': 0.92}
{'loss': 0.6987, 'grad_norm': 2.651723861694336, 'learning_rate': 1.6746752339369897e-07, 'epoch': 0.92}
{'loss': 0.672, 'grad_norm': 2.5062131881713867, 'learning_rate': 1.6693420312052066e-07, 'epoch': 0.92}
{'loss': 0.6877, 'grad_norm': 2.420262575149536, 'learning_rate': 1.6640171899596158e-07, 'epoch': 0.92}
{'loss': 0.7814, 'grad_norm': 2.5489492416381836, 'learning_rate': 1.6587007111214638e-07, 'epoch': 0.92}
{'loss': 0.751, 'grad_norm': 2.4254908561706543, 'learning_rate': 1.6533925956105145e-07, 'epoch': 0.92}
{'loss': 1.0576, 'grad_norm': 3.1330511569976807, 'learning_rate': 1.6480928443451117e-07, 'epoch': 0.92}
{'loss': 0.7784, 'grad_norm': 2.5803279876708984, 'learning_rate': 1.6428014582421492e-07, 'epoch': 0.92}
{'loss': 0.801, 'grad_norm': 2.6736016273498535, 'learning_rate': 1.6375184382170617e-07, 'epoch': 0.92}
{'loss': 0.9704, 'grad_norm': 2.8153271675109863, 'learning_rate': 1.6322437851838348e-07, 'epoch': 0.92}
{'loss': 0.8018, 'grad_norm': 2.705188751220703, 'learning_rate': 1.6269775000550215e-07, 'epoch': 0.92}
{'loss': 0.7555, 'grad_norm': 2.6359567642211914, 'learning_rate': 1.6217195837417266e-07, 'epoch': 0.92}
{'loss': 0.8554, 'grad_norm': 2.7529144287109375, 'learning_rate': 1.6164700371535945e-07, 'epoch': 0.92}
{'loss': 0.8069, 'grad_norm': 2.6604275703430176, 'learning_rate': 1.611228861198816e-07, 'epoch': 0.92}
{'loss': 0.8339, 'grad_norm': 2.3861243724823, 'learning_rate': 1.6059960567841703e-07, 'epoch': 0.92}
{'loss': 0.7898, 'grad_norm': 2.1305761337280273, 'learning_rate': 1.600771624814934e-07, 'epoch': 0.92}
{'loss': 0.7141, 'grad_norm': 2.5273966789245605, 'learning_rate': 1.5955555661949894e-07, 'epoch': 0.92}
{'loss': 0.705, 'grad_norm': 2.304760217666626, 'learning_rate': 1.5903478818267316e-07, 'epoch': 0.92}
{'loss': 0.8094, 'grad_norm': 2.5734519958496094, 'learning_rate': 1.5851485726111283e-07, 'epoch': 0.92}
{'loss': 0.9554, 'grad_norm': 2.7088191509246826, 'learning_rate': 1.5799576394476768e-07, 'epoch': 0.92}
{'loss': 0.8659, 'grad_norm': 2.54814076423645, 'learning_rate': 1.5747750832344476e-07, 'epoch': 0.92}
{'loss': 0.8138, 'grad_norm': 2.6774017810821533, 'learning_rate': 1.5696009048680628e-07, 'epoch': 0.92}
{'loss': 0.7916, 'grad_norm': 2.7769763469696045, 'learning_rate': 1.5644351052436722e-07, 'epoch': 0.92}
{'loss': 0.8005, 'grad_norm': 2.59084153175354, 'learning_rate': 1.5592776852549895e-07, 'epoch': 0.92}
{'loss': 0.8285, 'grad_norm': 2.4235727787017822, 'learning_rate': 1.554128645794284e-07, 'epoch': 0.92}
{'loss': 0.7278, 'grad_norm': 2.6642708778381348, 'learning_rate': 1.5489879877523706e-07, 'epoch': 0.92}
{'loss': 0.842, 'grad_norm': 2.5065948963165283, 'learning_rate': 1.5438557120186105e-07, 'epoch': 0.92}
{'loss': 0.8276, 'grad_norm': 2.5460715293884277, 'learning_rate': 1.5387318194809098e-07, 'epoch': 0.92}
{'loss': 0.6609, 'grad_norm': 2.4760286808013916, 'learning_rate': 1.533616311025743e-07, 'epoch': 0.92}
{'loss': 1.0675, 'grad_norm': 3.275172710418701, 'learning_rate': 1.528509187538124e-07, 'epoch': 0.92}
{'loss': 0.7058, 'grad_norm': 2.273045539855957, 'learning_rate': 1.5234104499016024e-07, 'epoch': 0.92}
{'loss': 0.9432, 'grad_norm': 2.9882140159606934, 'learning_rate': 1.5183200989983048e-07, 'epoch': 0.92}
{'loss': 0.8066, 'grad_norm': 2.674239158630371, 'learning_rate': 1.5132381357088832e-07, 'epoch': 0.92}
{'loss': 0.7244, 'grad_norm': 2.7651495933532715, 'learning_rate': 1.508164560912545e-07, 'epoch': 0.92}
{'loss': 0.7103, 'grad_norm': 2.3518500328063965, 'learning_rate': 1.5030993754870494e-07, 'epoch': 0.92}
{'loss': 0.7297, 'grad_norm': 2.6956732273101807, 'learning_rate': 1.4980425803087117e-07, 'epoch': 0.92}
{'loss': 0.8543, 'grad_norm': 2.565934658050537, 'learning_rate': 1.4929941762523824e-07, 'epoch': 0.92}
{'loss': 0.743, 'grad_norm': 2.398130416870117, 'learning_rate': 1.4879541641914518e-07, 'epoch': 0.92}
{'loss': 0.9206, 'grad_norm': 2.6211090087890625, 'learning_rate': 1.4829225449978833e-07, 'epoch': 0.92}
{'loss': 0.7854, 'grad_norm': 2.4885506629943848, 'learning_rate': 1.4778993195421866e-07, 'epoch': 0.92}
{'loss': 0.8682, 'grad_norm': 2.7595481872558594, 'learning_rate': 1.4728844886933935e-07, 'epoch': 0.92}
{'loss': 0.7759, 'grad_norm': 2.4937407970428467, 'learning_rate': 1.467878053319094e-07, 'epoch': 0.92}
{'loss': 0.7858, 'grad_norm': 2.4413516521453857, 'learning_rate': 1.4628800142854448e-07, 'epoch': 0.93}
{'loss': 0.8877, 'grad_norm': 2.5829648971557617, 'learning_rate': 1.4578903724571381e-07, 'epoch': 0.93}
{'loss': 0.7138, 'grad_norm': 2.4048550128936768, 'learning_rate': 1.4529091286973994e-07, 'epoch': 0.93}
{'loss': 0.6731, 'grad_norm': 1.8890069723129272, 'learning_rate': 1.4479362838680177e-07, 'epoch': 0.93}
{'loss': 0.8719, 'grad_norm': 2.7632155418395996, 'learning_rate': 1.4429718388293268e-07, 'epoch': 0.93}
{'loss': 0.7486, 'grad_norm': 2.441161870956421, 'learning_rate': 1.4380157944402006e-07, 'epoch': 0.93}
{'loss': 0.8018, 'grad_norm': 2.5284383296966553, 'learning_rate': 1.433068151558059e-07, 'epoch': 0.93}
{'loss': 0.5697, 'grad_norm': 2.2304608821868896, 'learning_rate': 1.4281289110388896e-07, 'epoch': 0.93}
{'loss': 0.6843, 'grad_norm': 1.6617064476013184, 'learning_rate': 1.4231980737371976e-07, 'epoch': 0.93}
{'loss': 0.8388, 'grad_norm': 2.365311622619629, 'learning_rate': 1.418275640506045e-07, 'epoch': 0.93}
{'loss': 0.6916, 'grad_norm': 2.4326295852661133, 'learning_rate': 1.413361612197045e-07, 'epoch': 0.93}
{'loss': 0.844, 'grad_norm': 2.544833183288574, 'learning_rate': 1.4084559896603566e-07, 'epoch': 0.93}
{'loss': 0.6383, 'grad_norm': 2.6009411811828613, 'learning_rate': 1.4035587737446789e-07, 'epoch': 0.93}
{'loss': 0.7527, 'grad_norm': 2.5087544918060303, 'learning_rate': 1.3986699652972557e-07, 'epoch': 0.93}
{'loss': 0.7937, 'grad_norm': 2.5520246028900146, 'learning_rate': 1.3937895651638778e-07, 'epoch': 0.93}
{'loss': 0.8692, 'grad_norm': 2.4926652908325195, 'learning_rate': 1.388917574188897e-07, 'epoch': 0.93}
{'loss': 0.7109, 'grad_norm': 2.331540822982788, 'learning_rate': 1.3840539932151787e-07, 'epoch': 0.93}
{'loss': 0.7809, 'grad_norm': 2.919734001159668, 'learning_rate': 1.3791988230841603e-07, 'epoch': 0.93}
{'loss': 0.8954, 'grad_norm': 2.593309164047241, 'learning_rate': 1.3743520646358089e-07, 'epoch': 0.93}
{'loss': 0.7689, 'grad_norm': 2.627328634262085, 'learning_rate': 1.3695137187086537e-07, 'epoch': 0.93}
{'loss': 0.801, 'grad_norm': 2.4129698276519775, 'learning_rate': 1.364683786139742e-07, 'epoch': 0.93}
{'loss': 0.914, 'grad_norm': 2.9738385677337646, 'learning_rate': 1.359862267764689e-07, 'epoch': 0.93}
{'loss': 0.7697, 'grad_norm': 2.2631375789642334, 'learning_rate': 1.3550491644176488e-07, 'epoch': 0.93}
{'loss': 0.9083, 'grad_norm': 2.611109733581543, 'learning_rate': 1.3502444769313006e-07, 'epoch': 0.93}
{'loss': 0.765, 'grad_norm': 2.6336047649383545, 'learning_rate': 1.3454482061368956e-07, 'epoch': 0.93}
{'loss': 0.8121, 'grad_norm': 2.586266040802002, 'learning_rate': 1.340660352864226e-07, 'epoch': 0.93}
{'loss': 0.6466, 'grad_norm': 2.4123072624206543, 'learning_rate': 1.335880917941601e-07, 'epoch': 0.93}
{'loss': 0.8409, 'grad_norm': 2.5205485820770264, 'learning_rate': 1.331109902195893e-07, 'epoch': 0.93}
{'loss': 0.9591, 'grad_norm': 2.6619367599487305, 'learning_rate': 1.3263473064525246e-07, 'epoch': 0.93}
{'loss': 0.7822, 'grad_norm': 2.6002237796783447, 'learning_rate': 1.321593131535448e-07, 'epoch': 0.93}
{'loss': 0.8272, 'grad_norm': 2.5745913982391357, 'learning_rate': 1.316847378267161e-07, 'epoch': 0.93}
{'loss': 0.8527, 'grad_norm': 2.142848014831543, 'learning_rate': 1.312110047468712e-07, 'epoch': 0.93}
{'loss': 0.6422, 'grad_norm': 2.3958446979522705, 'learning_rate': 1.3073811399596792e-07, 'epoch': 0.93}
{'loss': 0.9101, 'grad_norm': 2.5731403827667236, 'learning_rate': 1.3026606565582022e-07, 'epoch': 0.93}
{'loss': 0.7663, 'grad_norm': 2.500319719314575, 'learning_rate': 1.297948598080939e-07, 'epoch': 0.93}
{'loss': 0.7248, 'grad_norm': 2.4605300426483154, 'learning_rate': 1.29324496534311e-07, 'epoch': 0.93}
{'loss': 0.9717, 'grad_norm': 2.8155429363250732, 'learning_rate': 1.2885497591584806e-07, 'epoch': 0.93}
{'loss': 0.8674, 'grad_norm': 2.6964361667633057, 'learning_rate': 1.2838629803393343e-07, 'epoch': 0.93}
{'loss': 0.8111, 'grad_norm': 2.4292829036712646, 'learning_rate': 1.2791846296965116e-07, 'epoch': 0.93}
{'loss': 0.7596, 'grad_norm': 2.495145559310913, 'learning_rate': 1.274514708039404e-07, 'epoch': 0.93}
{'loss': 0.8247, 'grad_norm': 2.4831714630126953, 'learning_rate': 1.2698532161759369e-07, 'epoch': 0.93}
{'loss': 0.8113, 'grad_norm': 2.813204288482666, 'learning_rate': 1.2652001549125547e-07, 'epoch': 0.93}
{'loss': 0.877, 'grad_norm': 2.5378785133361816, 'learning_rate': 1.2605555250542855e-07, 'epoch': 0.93}
{'loss': 0.7301, 'grad_norm': 2.759943723678589, 'learning_rate': 1.2559193274046754e-07, 'epoch': 0.93}
{'loss': 0.6598, 'grad_norm': 2.3582286834716797, 'learning_rate': 1.2512915627657997e-07, 'epoch': 0.93}
{'loss': 0.8451, 'grad_norm': 2.488718032836914, 'learning_rate': 1.2466722319383063e-07, 'epoch': 0.93}
{'loss': 0.7755, 'grad_norm': 2.380479097366333, 'learning_rate': 1.2420613357213507e-07, 'epoch': 0.93}
{'loss': 0.7557, 'grad_norm': 2.342428684234619, 'learning_rate': 1.2374588749126615e-07, 'epoch': 0.93}
{'loss': 0.6468, 'grad_norm': 2.2192130088806152, 'learning_rate': 1.232864850308474e-07, 'epoch': 0.93}
{'loss': 0.8162, 'grad_norm': 2.321815013885498, 'learning_rate': 1.2282792627035912e-07, 'epoch': 0.93}
{'loss': 0.6947, 'grad_norm': 2.2895615100860596, 'learning_rate': 1.223702112891345e-07, 'epoch': 0.93}
{'loss': 0.7196, 'grad_norm': 1.68339204788208, 'learning_rate': 1.2191334016636135e-07, 'epoch': 0.93}
{'loss': 0.9472, 'grad_norm': 3.099238872528076, 'learning_rate': 1.2145731298107977e-07, 'epoch': 0.93}
{'loss': 0.6974, 'grad_norm': 2.5414416790008545, 'learning_rate': 1.2100212981218607e-07, 'epoch': 0.93}
{'loss': 0.8824, 'grad_norm': 2.5417556762695312, 'learning_rate': 1.205477907384306e-07, 'epoch': 0.93}
{'loss': 0.7489, 'grad_norm': 2.453702926635742, 'learning_rate': 1.2009429583841436e-07, 'epoch': 0.93}
{'loss': 1.0072, 'grad_norm': 3.184548854827881, 'learning_rate': 1.1964164519059574e-07, 'epoch': 0.93}
{'loss': 0.7704, 'grad_norm': 2.4725115299224854, 'learning_rate': 1.1918983887328706e-07, 'epoch': 0.93}
{'loss': 0.7185, 'grad_norm': 2.695267677307129, 'learning_rate': 1.1873887696465136e-07, 'epoch': 0.93}
{'loss': 0.6866, 'grad_norm': 2.5729548931121826, 'learning_rate': 1.1828875954270902e-07, 'epoch': 0.93}
{'loss': 0.7368, 'grad_norm': 1.724077820777893, 'learning_rate': 1.1783948668533218e-07, 'epoch': 0.93}
{'loss': 0.6918, 'grad_norm': 2.776439666748047, 'learning_rate': 1.1739105847024923e-07, 'epoch': 0.93}
{'loss': 0.7235, 'grad_norm': 2.412055492401123, 'learning_rate': 1.1694347497503866e-07, 'epoch': 0.93}
{'loss': 0.9683, 'grad_norm': 2.401681423187256, 'learning_rate': 1.1649673627713687e-07, 'epoch': 0.93}
{'loss': 0.8316, 'grad_norm': 2.7286782264709473, 'learning_rate': 1.1605084245383147e-07, 'epoch': 0.93}
{'loss': 0.9931, 'grad_norm': 2.7538092136383057, 'learning_rate': 1.156057935822652e-07, 'epoch': 0.93}
{'loss': 1.0047, 'grad_norm': 2.7405710220336914, 'learning_rate': 1.1516158973943315e-07, 'epoch': 0.93}
{'loss': 0.973, 'grad_norm': 2.6969661712646484, 'learning_rate': 1.1471823100218549e-07, 'epoch': 0.93}
{'loss': 0.69, 'grad_norm': 2.2654576301574707, 'learning_rate': 1.1427571744722644e-07, 'epoch': 0.93}
{'loss': 0.6775, 'grad_norm': 2.492485761642456, 'learning_rate': 1.1383404915111362e-07, 'epoch': 0.93}
{'loss': 0.8825, 'grad_norm': 2.534820318222046, 'learning_rate': 1.1339322619025706e-07, 'epoch': 0.93}
{'loss': 0.8235, 'grad_norm': 2.5227975845336914, 'learning_rate': 1.1295324864092294e-07, 'epoch': 0.93}
{'loss': 0.9584, 'grad_norm': 3.1832165718078613, 'learning_rate': 1.1251411657922873e-07, 'epoch': 0.93}
{'loss': 0.9399, 'grad_norm': 2.6547279357910156, 'learning_rate': 1.1207583008114808e-07, 'epoch': 0.93}
{'loss': 0.8279, 'grad_norm': 2.362166166305542, 'learning_rate': 1.1163838922250591e-07, 'epoch': 0.93}
{'loss': 0.7198, 'grad_norm': 2.321507453918457, 'learning_rate': 1.1120179407898279e-07, 'epoch': 0.93}
{'loss': 0.7226, 'grad_norm': 2.453153371810913, 'learning_rate': 1.1076604472611219e-07, 'epoch': 0.93}
{'loss': 0.6763, 'grad_norm': 2.2274556159973145, 'learning_rate': 1.1033114123928102e-07, 'epoch': 0.94}
{'loss': 0.8706, 'grad_norm': 3.0880565643310547, 'learning_rate': 1.0989708369373076e-07, 'epoch': 0.94}
{'loss': 0.8438, 'grad_norm': 2.6848483085632324, 'learning_rate': 1.0946387216455578e-07, 'epoch': 0.94}
{'loss': 0.8322, 'grad_norm': 2.579233407974243, 'learning_rate': 1.0903150672670281e-07, 'epoch': 0.94}
{'loss': 0.8492, 'grad_norm': 2.6633708477020264, 'learning_rate': 1.085999874549748e-07, 'epoch': 0.94}
{'loss': 1.1901, 'grad_norm': 3.2553274631500244, 'learning_rate': 1.0816931442402756e-07, 'epoch': 0.94}
{'loss': 0.7767, 'grad_norm': 2.4541430473327637, 'learning_rate': 1.0773948770836984e-07, 'epoch': 0.94}
{'loss': 0.7895, 'grad_norm': 2.58367657661438, 'learning_rate': 1.073105073823627e-07, 'epoch': 0.94}
{'loss': 0.8456, 'grad_norm': 2.6773476600646973, 'learning_rate': 1.0688237352022346e-07, 'epoch': 0.94}
{'loss': 0.7198, 'grad_norm': 2.428046703338623, 'learning_rate': 1.064550861960223e-07, 'epoch': 0.94}
{'loss': 0.8288, 'grad_norm': 2.496668815612793, 'learning_rate': 1.0602864548368175e-07, 'epoch': 0.94}
{'loss': 0.8858, 'grad_norm': 2.58951997756958, 'learning_rate': 1.056030514569778e-07, 'epoch': 0.94}
{'loss': 0.5341, 'grad_norm': 2.4200408458709717, 'learning_rate': 1.0517830418954212e-07, 'epoch': 0.94}
{'loss': 0.8666, 'grad_norm': 2.5047037601470947, 'learning_rate': 1.0475440375485757e-07, 'epoch': 0.94}
{'loss': 0.9261, 'grad_norm': 2.634134531021118, 'learning_rate': 1.0433135022626106e-07, 'epoch': 0.94}
{'loss': 1.0156, 'grad_norm': 2.503980875015259, 'learning_rate': 1.0390914367694515e-07, 'epoch': 0.94}
{'loss': 0.6854, 'grad_norm': 2.341989517211914, 'learning_rate': 1.0348778417995198e-07, 'epoch': 0.94}
{'loss': 0.6591, 'grad_norm': 2.1455957889556885, 'learning_rate': 1.0306727180817989e-07, 'epoch': 0.94}
{'loss': 0.6738, 'grad_norm': 2.2541282176971436, 'learning_rate': 1.0264760663438012e-07, 'epoch': 0.94}
{'loss': 0.7244, 'grad_norm': 2.5631587505340576, 'learning_rate': 1.0222878873115793e-07, 'epoch': 0.94}
{'loss': 0.9541, 'grad_norm': 2.4577369689941406, 'learning_rate': 1.0181081817097038e-07, 'epoch': 0.94}
{'loss': 0.5903, 'grad_norm': 2.406193256378174, 'learning_rate': 1.013936950261285e-07, 'epoch': 0.94}
{'loss': 0.7697, 'grad_norm': 2.4573638439178467, 'learning_rate': 1.0097741936879734e-07, 'epoch': 0.94}
{'loss': 0.7172, 'grad_norm': 2.4643750190734863, 'learning_rate': 1.0056199127099542e-07, 'epoch': 0.94}
{'loss': 0.7885, 'grad_norm': 2.5057485103607178, 'learning_rate': 1.0014741080459412e-07, 'epoch': 0.94}
{'loss': 0.9353, 'grad_norm': 2.647815704345703, 'learning_rate': 9.973367804131773e-08, 'epoch': 0.94}
{'loss': 0.6889, 'grad_norm': 2.4807584285736084, 'learning_rate': 9.932079305274511e-08, 'epoch': 0.94}
{'loss': 0.7843, 'grad_norm': 2.4755048751831055, 'learning_rate': 9.890875591030746e-08, 'epoch': 0.94}
{'loss': 0.713, 'grad_norm': 2.5270302295684814, 'learning_rate': 9.849756668528943e-08, 'epoch': 0.94}
{'loss': 0.8752, 'grad_norm': 2.4435911178588867, 'learning_rate': 9.80872254488302e-08, 'epoch': 0.94}
{'loss': 0.8729, 'grad_norm': 2.863650321960449, 'learning_rate': 9.767773227191968e-08, 'epoch': 0.94}
{'loss': 0.6303, 'grad_norm': 2.3758199214935303, 'learning_rate': 9.72690872254034e-08, 'epoch': 0.94}
{'loss': 0.7277, 'grad_norm': 2.310177803039551, 'learning_rate': 9.686129037997926e-08, 'epoch': 0.94}
{'loss': 0.9072, 'grad_norm': 2.6050989627838135, 'learning_rate': 9.645434180619862e-08, 'epoch': 0.94}
{'loss': 0.9899, 'grad_norm': 2.8761215209960938, 'learning_rate': 9.604824157446569e-08, 'epoch': 0.94}
{'loss': 0.8942, 'grad_norm': 2.5886645317077637, 'learning_rate': 9.564298975503816e-08, 'epoch': 0.94}
{'loss': 0.6905, 'grad_norm': 2.4372520446777344, 'learning_rate': 9.523858641802719e-08, 'epoch': 0.94}
{'loss': 0.6344, 'grad_norm': 2.6137149333953857, 'learning_rate': 9.483503163339681e-08, 'epoch': 0.94}
{'loss': 0.7791, 'grad_norm': 2.5927786827087402, 'learning_rate': 9.443232547096448e-08, 'epoch': 0.94}
{'loss': 0.7805, 'grad_norm': 2.4596829414367676, 'learning_rate': 9.403046800040061e-08, 'epoch': 0.94}
{'loss': 0.8526, 'grad_norm': 2.4484543800354004, 'learning_rate': 9.362945929122902e-08, 'epoch': 0.94}
{'loss': 0.8287, 'grad_norm': 2.64455509185791, 'learning_rate': 9.322929941282643e-08, 'epoch': 0.94}
{'loss': 0.7074, 'grad_norm': 2.237806797027588, 'learning_rate': 9.282998843442247e-08, 'epoch': 0.94}
{'loss': 0.7893, 'grad_norm': 2.6607141494750977, 'learning_rate': 9.243152642510134e-08, 'epoch': 0.94}
{'loss': 0.7359, 'grad_norm': 2.4340462684631348, 'learning_rate': 9.203391345379842e-08, 'epoch': 0.94}
{'loss': 0.8751, 'grad_norm': 2.6993248462677, 'learning_rate': 9.163714958930259e-08, 'epoch': 0.94}
{'loss': 0.964, 'grad_norm': 2.7592310905456543, 'learning_rate': 9.124123490025727e-08, 'epoch': 0.94}
{'loss': 0.7674, 'grad_norm': 2.6511855125427246, 'learning_rate': 9.084616945515823e-08, 'epoch': 0.94}
{'loss': 0.8527, 'grad_norm': 2.4284274578094482, 'learning_rate': 9.045195332235301e-08, 'epoch': 0.94}
{'loss': 0.9014, 'grad_norm': 2.8569233417510986, 'learning_rate': 9.00585865700443e-08, 'epoch': 0.94}
{'loss': 0.8968, 'grad_norm': 2.2614200115203857, 'learning_rate': 8.966606926628596e-08, 'epoch': 0.94}
{'loss': 0.837, 'grad_norm': 2.5140018463134766, 'learning_rate': 8.927440147898703e-08, 'epoch': 0.94}
{'loss': 0.6861, 'grad_norm': 2.496643543243408, 'learning_rate': 8.888358327590662e-08, 'epoch': 0.94}
{'loss': 0.9222, 'grad_norm': 2.7502355575561523, 'learning_rate': 8.849361472466011e-08, 'epoch': 0.94}
{'loss': 0.6562, 'grad_norm': 2.1433513164520264, 'learning_rate': 8.810449589271353e-08, 'epoch': 0.94}
{'loss': 0.7343, 'grad_norm': 2.3949761390686035, 'learning_rate': 8.771622684738746e-08, 'epoch': 0.94}
{'loss': 0.7311, 'grad_norm': 2.53159499168396, 'learning_rate': 8.732880765585317e-08, 'epoch': 0.94}
{'loss': 0.778, 'grad_norm': 2.6396944522857666, 'learning_rate': 8.694223838513815e-08, 'epoch': 0.94}
{'loss': 0.5697, 'grad_norm': 2.173924207687378, 'learning_rate': 8.655651910212004e-08, 'epoch': 0.94}
{'loss': 0.6167, 'grad_norm': 2.757908344268799, 'learning_rate': 8.617164987353155e-08, 'epoch': 0.94}
{'loss': 0.738, 'grad_norm': 2.584550142288208, 'learning_rate': 8.578763076595609e-08, 'epoch': 0.94}
{'loss': 0.8301, 'grad_norm': 2.370769500732422, 'learning_rate': 8.540446184583162e-08, 'epoch': 0.94}
{'loss': 1.0477, 'grad_norm': 2.7478983402252197, 'learning_rate': 8.502214317944956e-08, 'epoch': 0.94}
{'loss': 0.762, 'grad_norm': 2.4801647663116455, 'learning_rate': 8.464067483295202e-08, 'epoch': 0.94}
{'loss': 0.7959, 'grad_norm': 2.503525495529175, 'learning_rate': 8.426005687233507e-08, 'epoch': 0.94}
{'loss': 0.7698, 'grad_norm': 2.4840102195739746, 'learning_rate': 8.388028936344938e-08, 'epoch': 0.94}
{'loss': 0.8723, 'grad_norm': 2.4903762340545654, 'learning_rate': 8.350137237199573e-08, 'epoch': 0.94}
{'loss': 0.7422, 'grad_norm': 2.428941249847412, 'learning_rate': 8.312330596352947e-08, 'epoch': 0.94}
{'loss': 0.9267, 'grad_norm': 2.6777799129486084, 'learning_rate': 8.27460902034577e-08, 'epoch': 0.94}
{'loss': 0.7493, 'grad_norm': 2.587432622909546, 'learning_rate': 8.236972515704212e-08, 'epoch': 0.94}
{'loss': 0.7256, 'grad_norm': 2.5426037311553955, 'learning_rate': 8.199421088939451e-08, 'epoch': 0.94}
{'loss': 0.7058, 'grad_norm': 2.1692967414855957, 'learning_rate': 8.161954746548296e-08, 'epoch': 0.94}
{'loss': 0.9164, 'grad_norm': 2.5708658695220947, 'learning_rate': 8.124573495012444e-08, 'epoch': 0.94}
{'loss': 0.923, 'grad_norm': 2.488372802734375, 'learning_rate': 8.08727734079917e-08, 'epoch': 0.94}
{'loss': 0.718, 'grad_norm': 2.382277488708496, 'learning_rate': 8.050066290360925e-08, 'epoch': 0.94}
{'loss': 0.6204, 'grad_norm': 2.276198148727417, 'learning_rate': 8.01294035013539e-08, 'epoch': 0.94}
{'loss': 0.9857, 'grad_norm': 2.7638587951660156, 'learning_rate': 7.975899526545706e-08, 'epoch': 0.94}
{'loss': 0.6394, 'grad_norm': 2.434342861175537, 'learning_rate': 7.938943826000023e-08, 'epoch': 0.94}
{'loss': 0.8353, 'grad_norm': 2.7021942138671875, 'learning_rate': 7.90207325489184e-08, 'epoch': 0.95}
{'loss': 0.9456, 'grad_norm': 2.7503767013549805, 'learning_rate': 7.865287819600164e-08, 'epoch': 0.95}
{'loss': 0.6293, 'grad_norm': 2.2841298580169678, 'learning_rate': 7.828587526488907e-08, 'epoch': 0.95}
{'loss': 0.7615, 'grad_norm': 2.4091084003448486, 'learning_rate': 7.791972381907598e-08, 'epoch': 0.95}
{'loss': 0.7032, 'grad_norm': 2.630681276321411, 'learning_rate': 7.755442392190727e-08, 'epoch': 0.95}
{'loss': 0.7174, 'grad_norm': 2.5125529766082764, 'learning_rate': 7.718997563658348e-08, 'epoch': 0.95}
{'loss': 0.9135, 'grad_norm': 2.6174821853637695, 'learning_rate': 7.682637902615475e-08, 'epoch': 0.95}
{'loss': 0.7915, 'grad_norm': 2.719776153564453, 'learning_rate': 7.646363415352575e-08, 'epoch': 0.95}
{'loss': 0.6943, 'grad_norm': 2.3221781253814697, 'learning_rate': 7.610174108145462e-08, 'epoch': 0.95}
{'loss': 0.8108, 'grad_norm': 2.9128060340881348, 'learning_rate': 7.574069987255017e-08, 'epoch': 0.95}
{'loss': 0.8232, 'grad_norm': 2.5204505920410156, 'learning_rate': 7.538051058927409e-08, 'epoch': 0.95}
{'loss': 0.6192, 'grad_norm': 2.354581117630005, 'learning_rate': 7.502117329394154e-08, 'epoch': 0.95}
{'loss': 0.7856, 'grad_norm': 2.6280126571655273, 'learning_rate': 7.466268804872057e-08, 'epoch': 0.95}
{'loss': 1.0718, 'grad_norm': 2.9102821350097656, 'learning_rate': 7.430505491563101e-08, 'epoch': 0.95}
{'loss': 1.0957, 'grad_norm': 3.1353440284729004, 'learning_rate': 7.394827395654502e-08, 'epoch': 0.95}
{'loss': 0.685, 'grad_norm': 2.607990264892578, 'learning_rate': 7.359234523318826e-08, 'epoch': 0.95}
{'loss': 0.6692, 'grad_norm': 2.4237987995147705, 'learning_rate': 7.323726880713866e-08, 'epoch': 0.95}
{'loss': 0.9073, 'grad_norm': 2.834076166152954, 'learning_rate': 7.288304473982599e-08, 'epoch': 0.95}
{'loss': 0.7463, 'grad_norm': 2.326533079147339, 'learning_rate': 7.252967309253289e-08, 'epoch': 0.95}
{'loss': 0.8003, 'grad_norm': 2.3747525215148926, 'learning_rate': 7.217715392639546e-08, 'epoch': 0.95}
{'loss': 0.7383, 'grad_norm': 2.3556969165802, 'learning_rate': 7.182548730240047e-08, 'epoch': 0.95}
{'loss': 1.021, 'grad_norm': 2.902963161468506, 'learning_rate': 7.147467328138924e-08, 'epoch': 0.95}
{'loss': 0.8372, 'grad_norm': 2.6914596557617188, 'learning_rate': 7.112471192405546e-08, 'epoch': 0.95}
{'loss': 0.8724, 'grad_norm': 2.542301654815674, 'learning_rate': 7.07756032909429e-08, 'epoch': 0.95}
{'loss': 0.829, 'grad_norm': 2.54203724861145, 'learning_rate': 7.04273474424494e-08, 'epoch': 0.95}
{'loss': 0.6706, 'grad_norm': 2.516033172607422, 'learning_rate': 7.007994443882616e-08, 'epoch': 0.95}
{'loss': 0.7908, 'grad_norm': 2.6407110691070557, 'learning_rate': 6.973339434017568e-08, 'epoch': 0.95}
{'loss': 0.9865, 'grad_norm': 2.703291416168213, 'learning_rate': 6.938769720645333e-08, 'epoch': 0.95}
{'loss': 0.766, 'grad_norm': 2.568966865539551, 'learning_rate': 6.904285309746628e-08, 'epoch': 0.95}
{'loss': 0.9537, 'grad_norm': 2.672060012817383, 'learning_rate': 6.869886207287457e-08, 'epoch': 0.95}
{'loss': 0.5939, 'grad_norm': 2.2009589672088623, 'learning_rate': 6.835572419219117e-08, 'epoch': 0.95}
{'loss': 0.8372, 'grad_norm': 2.6304492950439453, 'learning_rate': 6.801343951478023e-08, 'epoch': 0.95}
{'loss': 0.6065, 'grad_norm': 2.3073365688323975, 'learning_rate': 6.767200809985942e-08, 'epoch': 0.95}
{'loss': 0.8192, 'grad_norm': 2.3483104705810547, 'learning_rate': 6.733143000649867e-08, 'epoch': 0.95}
{'loss': 0.8199, 'grad_norm': 2.778974771499634, 'learning_rate': 6.69917052936192e-08, 'epoch': 0.95}
{'loss': 0.8935, 'grad_norm': 2.5690855979919434, 'learning_rate': 6.665283401999623e-08, 'epoch': 0.95}
{'loss': 0.7187, 'grad_norm': 2.28161883354187, 'learning_rate': 6.631481624425562e-08, 'epoch': 0.95}
{'loss': 0.6859, 'grad_norm': 2.410346269607544, 'learning_rate': 6.597765202487727e-08, 'epoch': 0.95}
{'loss': 0.7942, 'grad_norm': 2.4127190113067627, 'learning_rate': 6.564134142019174e-08, 'epoch': 0.95}
{'loss': 0.8926, 'grad_norm': 2.5851802825927734, 'learning_rate': 6.53058844883836e-08, 'epoch': 0.95}
{'loss': 0.7746, 'grad_norm': 2.4774577617645264, 'learning_rate': 6.497128128748808e-08, 'epoch': 0.95}
{'loss': 0.8976, 'grad_norm': 2.6412360668182373, 'learning_rate': 6.463753187539446e-08, 'epoch': 0.95}
{'loss': 0.9123, 'grad_norm': 2.356496810913086, 'learning_rate': 6.430463630984151e-08, 'epoch': 0.95}
{'loss': 0.8856, 'grad_norm': 2.540489673614502, 'learning_rate': 6.397259464842375e-08, 'epoch': 0.95}
{'loss': 0.8389, 'grad_norm': 2.589585781097412, 'learning_rate': 6.364140694858633e-08, 'epoch': 0.95}
{'loss': 0.7459, 'grad_norm': 2.479013681411743, 'learning_rate': 6.33110732676262e-08, 'epoch': 0.95}
{'loss': 0.8923, 'grad_norm': 2.5793747901916504, 'learning_rate': 6.298159366269208e-08, 'epoch': 0.95}
{'loss': 0.9062, 'grad_norm': 2.5920004844665527, 'learning_rate': 6.265296819078725e-08, 'epoch': 0.95}
{'loss': 0.775, 'grad_norm': 2.5130486488342285, 'learning_rate': 6.232519690876571e-08, 'epoch': 0.95}
{'loss': 0.6836, 'grad_norm': 2.386078357696533, 'learning_rate': 6.199827987333318e-08, 'epoch': 0.95}
{'loss': 0.8207, 'grad_norm': 2.479997158050537, 'learning_rate': 6.167221714104831e-08, 'epoch': 0.95}
{'loss': 0.7325, 'grad_norm': 2.693340539932251, 'learning_rate': 6.134700876832266e-08, 'epoch': 0.95}
{'loss': 0.8911, 'grad_norm': 2.5746729373931885, 'learning_rate': 6.102265481141789e-08, 'epoch': 0.95}
{'loss': 0.6278, 'grad_norm': 2.4996981620788574, 'learning_rate': 6.06991553264502e-08, 'epoch': 0.95}
{'loss': 0.7389, 'grad_norm': 2.6175217628479004, 'learning_rate': 6.037651036938652e-08, 'epoch': 0.95}
{'loss': 0.6117, 'grad_norm': 2.4522995948791504, 'learning_rate': 6.005471999604606e-08, 'epoch': 0.95}
{'loss': 1.0511, 'grad_norm': 2.907684326171875, 'learning_rate': 5.973378426210097e-08, 'epoch': 0.95}
{'loss': 0.6259, 'grad_norm': 2.3581554889678955, 'learning_rate': 5.941370322307405e-08, 'epoch': 0.95}
{'loss': 0.7834, 'grad_norm': 2.581897020339966, 'learning_rate': 5.909447693434267e-08, 'epoch': 0.95}
{'loss': 0.7354, 'grad_norm': 2.130554676055908, 'learning_rate': 5.877610545113377e-08, 'epoch': 0.95}
{'loss': 0.7666, 'grad_norm': 2.6415364742279053, 'learning_rate': 5.845858882852773e-08, 'epoch': 0.95}
{'loss': 0.8168, 'grad_norm': 2.8402721881866455, 'learning_rate': 5.8141927121456165e-08, 'epoch': 0.95}
{'loss': 0.6843, 'grad_norm': 2.302913188934326, 'learning_rate': 5.78261203847047e-08, 'epoch': 0.95}
{'loss': 0.8997, 'grad_norm': 2.6719143390655518, 'learning_rate': 5.7511168672908515e-08, 'epoch': 0.95}
{'loss': 0.7359, 'grad_norm': 2.432565450668335, 'learning_rate': 5.7197072040557356e-08, 'epoch': 0.95}
{'loss': 0.7768, 'grad_norm': 2.863827705383301, 'learning_rate': 5.6883830541990536e-08, 'epoch': 0.95}
{'loss': 0.7855, 'grad_norm': 2.4532244205474854, 'learning_rate': 5.6571444231401374e-08, 'epoch': 0.95}
{'loss': 1.035, 'grad_norm': 2.9240550994873047, 'learning_rate': 5.625991316283441e-08, 'epoch': 0.95}
{'loss': 0.7383, 'grad_norm': 2.4627842903137207, 'learning_rate': 5.5949237390185985e-08, 'epoch': 0.95}
{'loss': 0.7806, 'grad_norm': 2.3579211235046387, 'learning_rate': 5.563941696720587e-08, 'epoch': 0.95}
{'loss': 0.5818, 'grad_norm': 2.2689836025238037, 'learning_rate': 5.5330451947493425e-08, 'epoch': 0.95}
{'loss': 0.8937, 'grad_norm': 3.1475071907043457, 'learning_rate': 5.502234238450144e-08, 'epoch': 0.95}
{'loss': 0.7072, 'grad_norm': 2.2788197994232178, 'learning_rate': 5.471508833153616e-08, 'epoch': 0.95}
{'loss': 0.7734, 'grad_norm': 2.657355308532715, 'learning_rate': 5.44086898417534e-08, 'epoch': 0.95}
{'loss': 0.9018, 'grad_norm': 2.5346200466156006, 'learning_rate': 5.4103146968161324e-08, 'epoch': 0.95}
{'loss': 0.8665, 'grad_norm': 2.45774245262146, 'learning_rate': 5.3798459763621524e-08, 'epoch': 0.95}
{'loss': 0.5825, 'grad_norm': 2.168870449066162, 'learning_rate': 5.349462828084684e-08, 'epoch': 0.95}
{'loss': 0.7104, 'grad_norm': 2.3343560695648193, 'learning_rate': 5.319165257240078e-08, 'epoch': 0.95}
{'loss': 0.9274, 'grad_norm': 2.657088279724121, 'learning_rate': 5.288953269070085e-08, 'epoch': 0.96}
{'loss': 0.8463, 'grad_norm': 2.5775344371795654, 'learning_rate': 5.25882686880147e-08, 'epoch': 0.96}
{'loss': 0.7553, 'grad_norm': 2.3658196926116943, 'learning_rate': 5.228786061646396e-08, 'epoch': 0.96}
{'loss': 0.7592, 'grad_norm': 2.5506272315979004, 'learning_rate': 5.198830852801984e-08, 'epoch': 0.96}
{'loss': 0.7887, 'grad_norm': 2.611379861831665, 'learning_rate': 5.168961247450754e-08, 'epoch': 0.96}
{'loss': 0.822, 'grad_norm': 2.5051233768463135, 'learning_rate': 5.1391772507602964e-08, 'epoch': 0.96}
{'loss': 0.8389, 'grad_norm': 2.516957998275757, 'learning_rate': 5.109478867883377e-08, 'epoch': 0.96}
{'loss': 0.7024, 'grad_norm': 2.32045578956604, 'learning_rate': 5.079866103957942e-08, 'epoch': 0.96}
{'loss': 0.8254, 'grad_norm': 2.4900074005126953, 'learning_rate': 5.050338964107337e-08, 'epoch': 0.96}
{'loss': 0.6346, 'grad_norm': 2.4099338054656982, 'learning_rate': 5.0208974534398104e-08, 'epoch': 0.96}
{'loss': 0.8167, 'grad_norm': 2.5499765872955322, 'learning_rate': 4.991541577048897e-08, 'epoch': 0.96}
{'loss': 0.9548, 'grad_norm': 2.884222984313965, 'learning_rate': 4.9622713400134246e-08, 'epoch': 0.96}
{'loss': 0.8665, 'grad_norm': 2.6915745735168457, 'learning_rate': 4.933086747397231e-08, 'epoch': 0.96}
{'loss': 0.7937, 'grad_norm': 2.451794147491455, 'learning_rate': 4.903987804249499e-08, 'epoch': 0.96}
{'loss': 0.8819, 'grad_norm': 2.4337079524993896, 'learning_rate': 4.87497451560448e-08, 'epoch': 0.96}
{'loss': 0.796, 'grad_norm': 2.602457284927368, 'learning_rate': 4.8460468864816036e-08, 'epoch': 0.96}
{'loss': 0.6682, 'grad_norm': 2.28779935836792, 'learning_rate': 4.817204921885532e-08, 'epoch': 0.96}
{'loss': 0.7306, 'grad_norm': 2.496774196624756, 'learning_rate': 4.788448626806164e-08, 'epoch': 0.96}
{'loss': 0.9261, 'grad_norm': 2.716801166534424, 'learning_rate': 4.759778006218407e-08, 'epoch': 0.96}
{'loss': 0.7186, 'grad_norm': 2.3007583618164062, 'learning_rate': 4.7311930650825175e-08, 'epoch': 0.96}
{'loss': 0.7976, 'grad_norm': 2.4747042655944824, 'learning_rate': 4.702693808343872e-08, 'epoch': 0.96}
{'loss': 0.7659, 'grad_norm': 2.575106143951416, 'learning_rate': 4.6742802409329155e-08, 'epoch': 0.96}
{'loss': 0.7573, 'grad_norm': 2.4372007846832275, 'learning_rate': 4.6459523677654387e-08, 'epoch': 0.96}
{'loss': 0.7158, 'grad_norm': 2.4660050868988037, 'learning_rate': 4.617710193742353e-08, 'epoch': 0.96}
{'loss': 0.8703, 'grad_norm': 2.5783751010894775, 'learning_rate': 4.58955372374964e-08, 'epoch': 0.96}
{'loss': 0.6505, 'grad_norm': 2.305590867996216, 'learning_rate': 4.561482962658514e-08, 'epoch': 0.96}
{'loss': 0.6935, 'grad_norm': 2.396897792816162, 'learning_rate': 4.533497915325536e-08, 'epoch': 0.96}
{'loss': 0.858, 'grad_norm': 2.4706149101257324, 'learning_rate': 4.505598586592108e-08, 'epoch': 0.96}
{'loss': 0.822, 'grad_norm': 2.4810495376586914, 'learning_rate': 4.477784981285094e-08, 'epoch': 0.96}
{'loss': 0.6962, 'grad_norm': 2.4116907119750977, 'learning_rate': 4.45005710421631e-08, 'epoch': 0.96}
{'loss': 0.9462, 'grad_norm': 2.835127353668213, 'learning_rate': 4.4224149601829744e-08, 'epoch': 0.96}
{'loss': 0.9526, 'grad_norm': 2.8134264945983887, 'learning_rate': 4.3948585539672076e-08, 'epoch': 0.96}
{'loss': 0.9738, 'grad_norm': 2.864982843399048, 'learning_rate': 4.367387890336472e-08, 'epoch': 0.96}
{'loss': 0.8378, 'grad_norm': 2.833014965057373, 'learning_rate': 4.340002974043411e-08, 'epoch': 0.96}
{'loss': 0.8078, 'grad_norm': 2.3608903884887695, 'learning_rate': 4.31270380982568e-08, 'epoch': 0.96}
{'loss': 0.6105, 'grad_norm': 2.3687808513641357, 'learning_rate': 4.285490402406278e-08, 'epoch': 0.96}
{'loss': 1.0301, 'grad_norm': 2.7804224491119385, 'learning_rate': 4.2583627564932174e-08, 'epoch': 0.96}
{'loss': 0.7727, 'grad_norm': 2.759031057357788, 'learning_rate': 4.231320876779799e-08, 'epoch': 0.96}
{'loss': 0.7813, 'grad_norm': 2.5565106868743896, 'learning_rate': 4.204364767944447e-08, 'epoch': 0.96}
{'loss': 0.7418, 'grad_norm': 2.4038078784942627, 'learning_rate': 4.1774944346505976e-08, 'epoch': 0.96}
{'loss': 0.7923, 'grad_norm': 2.624436855316162, 'learning_rate': 4.150709881547088e-08, 'epoch': 0.96}
{'loss': 0.9097, 'grad_norm': 2.708315134048462, 'learning_rate': 4.124011113267712e-08, 'epoch': 0.96}
{'loss': 0.8235, 'grad_norm': 2.6659750938415527, 'learning_rate': 4.097398134431663e-08, 'epoch': 0.96}
{'loss': 0.8157, 'grad_norm': 2.5225510597229004, 'learning_rate': 4.07087094964298e-08, 'epoch': 0.96}
{'loss': 0.9871, 'grad_norm': 2.6660330295562744, 'learning_rate': 4.0444295634911035e-08, 'epoch': 0.96}
{'loss': 0.7847, 'grad_norm': 2.2719836235046387, 'learning_rate': 4.018073980550541e-08, 'epoch': 0.96}
{'loss': 0.6428, 'grad_norm': 2.4315345287323, 'learning_rate': 3.9918042053809224e-08, 'epoch': 0.96}
{'loss': 0.6192, 'grad_norm': 2.30334210395813, 'learning_rate': 3.965620242527113e-08, 'epoch': 0.96}
{'loss': 1.0156, 'grad_norm': 3.0352883338928223, 'learning_rate': 3.939522096519155e-08, 'epoch': 0.96}
{'loss': 0.8903, 'grad_norm': 2.792701482772827, 'learning_rate': 3.913509771871993e-08, 'epoch': 0.96}
{'loss': 0.8932, 'grad_norm': 2.7063238620758057, 'learning_rate': 3.887583273086082e-08, 'epoch': 0.96}
{'loss': 1.0562, 'grad_norm': 3.1620755195617676, 'learning_rate': 3.8617426046468344e-08, 'epoch': 0.96}
{'loss': 0.8553, 'grad_norm': 2.5856943130493164, 'learning_rate': 3.835987771024785e-08, 'epoch': 0.96}
{'loss': 0.6925, 'grad_norm': 2.687415361404419, 'learning_rate': 3.8103187766756476e-08, 'epoch': 0.96}
{'loss': 0.8922, 'grad_norm': 2.3424131870269775, 'learning_rate': 3.78473562604037e-08, 'epoch': 0.96}
{'loss': 0.5937, 'grad_norm': 2.4744505882263184, 'learning_rate': 3.759238323544967e-08, 'epoch': 0.96}
{'loss': 0.8904, 'grad_norm': 2.687319755554199, 'learning_rate': 3.733826873600632e-08, 'epoch': 0.96}
{'loss': 0.6852, 'grad_norm': 2.6544671058654785, 'learning_rate': 3.7085012806036825e-08, 'epoch': 0.96}
{'loss': 0.8594, 'grad_norm': 2.4389138221740723, 'learning_rate': 3.683261548935613e-08, 'epoch': 0.96}
{'loss': 0.8045, 'grad_norm': 2.5227816104888916, 'learning_rate': 3.658107682962986e-08, 'epoch': 0.96}
{'loss': 0.8092, 'grad_norm': 2.6800103187561035, 'learning_rate': 3.6330396870376536e-08, 'epoch': 0.96}
{'loss': 0.7596, 'grad_norm': 2.4839916229248047, 'learning_rate': 3.6080575654964253e-08, 'epoch': 0.96}
{'loss': 0.8818, 'grad_norm': 2.872840404510498, 'learning_rate': 3.5831613226614545e-08, 'epoch': 0.96}
{'loss': 0.9121, 'grad_norm': 2.8360204696655273, 'learning_rate': 3.558350962839852e-08, 'epoch': 0.96}
{'loss': 0.721, 'grad_norm': 2.3118839263916016, 'learning_rate': 3.533626490324016e-08, 'epoch': 0.96}
{'loss': 0.6335, 'grad_norm': 2.3155646324157715, 'learning_rate': 3.5089879093914146e-08, 'epoch': 0.96}
{'loss': 0.7343, 'grad_norm': 2.5312626361846924, 'learning_rate': 3.484435224304639e-08, 'epoch': 0.96}
{'loss': 0.6309, 'grad_norm': 3.023707389831543, 'learning_rate': 3.4599684393114566e-08, 'epoch': 0.96}
{'loss': 0.7117, 'grad_norm': 2.4112117290496826, 'learning_rate': 3.43558755864476e-08, 'epoch': 0.96}
{'loss': 0.864, 'grad_norm': 2.6799814701080322, 'learning_rate': 3.4112925865226184e-08, 'epoch': 0.96}
{'loss': 0.6307, 'grad_norm': 2.334364891052246, 'learning_rate': 3.387083527148116e-08, 'epoch': 0.96}
{'loss': 0.7299, 'grad_norm': 2.525789499282837, 'learning_rate': 3.362960384709679e-08, 'epoch': 0.96}
{'loss': 0.7937, 'grad_norm': 2.677076578140259, 'learning_rate': 3.338923163380692e-08, 'epoch': 0.96}
{'loss': 0.9466, 'grad_norm': 2.799232006072998, 'learning_rate': 3.314971867319772e-08, 'epoch': 0.96}
{'loss': 0.7929, 'grad_norm': 2.4006361961364746, 'learning_rate': 3.291106500670549e-08, 'epoch': 0.96}
{'loss': 0.9128, 'grad_norm': 2.580514907836914, 'learning_rate': 3.267327067561943e-08, 'epoch': 0.96}
{'loss': 0.9064, 'grad_norm': 2.5169243812561035, 'learning_rate': 3.243633572107885e-08, 'epoch': 0.96}
{'loss': 1.0266, 'grad_norm': 2.9020068645477295, 'learning_rate': 3.220026018407541e-08, 'epoch': 0.96}
{'loss': 0.7174, 'grad_norm': 2.385707378387451, 'learning_rate': 3.196504410545143e-08, 'epoch': 0.97}
{'loss': 0.7893, 'grad_norm': 2.7754085063934326, 'learning_rate': 3.1730687525900474e-08, 'epoch': 0.97}
{'loss': 0.9077, 'grad_norm': 2.735114812850952, 'learning_rate': 3.149719048596789e-08, 'epoch': 0.97}
{'loss': 0.8165, 'grad_norm': 2.393873929977417, 'learning_rate': 3.126455302604969e-08, 'epoch': 0.97}
{'loss': 0.6104, 'grad_norm': 2.4616708755493164, 'learning_rate': 3.1032775186393136e-08, 'epoch': 0.97}
{'loss': 0.8104, 'grad_norm': 2.544696092605591, 'learning_rate': 3.0801857007098365e-08, 'epoch': 0.97}
{'loss': 0.9108, 'grad_norm': 2.6609370708465576, 'learning_rate': 3.057179852811454e-08, 'epoch': 0.97}
{'loss': 0.9211, 'grad_norm': 2.54001784324646, 'learning_rate': 3.03425997892437e-08, 'epoch': 0.97}
{'loss': 0.7082, 'grad_norm': 2.4594271183013916, 'learning_rate': 3.011426083013802e-08, 'epoch': 0.97}
{'loss': 0.7777, 'grad_norm': 2.504075050354004, 'learning_rate': 2.9886781690302015e-08, 'epoch': 0.97}
{'loss': 0.802, 'grad_norm': 2.7023727893829346, 'learning_rate': 2.966016240909031e-08, 'epoch': 0.97}
{'loss': 0.5813, 'grad_norm': 2.2798843383789062, 'learning_rate': 2.9434403025710435e-08, 'epoch': 0.97}
{'loss': 0.7966, 'grad_norm': 2.5797781944274902, 'learning_rate': 2.9209503579218922e-08, 'epoch': 0.97}
{'loss': 0.757, 'grad_norm': 2.4849088191986084, 'learning_rate': 2.8985464108525206e-08, 'epoch': 0.97}
{'loss': 0.6844, 'grad_norm': 2.307830572128296, 'learning_rate': 2.876228465238884e-08, 'epoch': 0.97}
{'loss': 0.7951, 'grad_norm': 2.4139904975891113, 'learning_rate': 2.8539965249422263e-08, 'epoch': 0.97}
{'loss': 1.0027, 'grad_norm': 2.8834152221679688, 'learning_rate': 2.831850593808749e-08, 'epoch': 0.97}
{'loss': 0.997, 'grad_norm': 2.624427080154419, 'learning_rate': 2.8097906756697768e-08, 'epoch': 0.97}
{'loss': 0.8111, 'grad_norm': 2.486387252807617, 'learning_rate': 2.7878167743418673e-08, 'epoch': 0.97}
{'loss': 0.9116, 'grad_norm': 2.5696513652801514, 'learning_rate': 2.765928893626646e-08, 'epoch': 0.97}
{'loss': 0.8428, 'grad_norm': 2.5383760929107666, 'learning_rate': 2.7441270373108065e-08, 'epoch': 0.97}
{'loss': 0.9437, 'grad_norm': 2.495469093322754, 'learning_rate': 2.7224112091661646e-08, 'epoch': 0.97}
{'loss': 0.5958, 'grad_norm': 2.324714183807373, 'learning_rate': 2.7007814129497712e-08, 'epoch': 0.97}
{'loss': 0.6578, 'grad_norm': 2.446760416030884, 'learning_rate': 2.6792376524036878e-08, 'epoch': 0.97}
{'loss': 0.8576, 'grad_norm': 2.632741689682007, 'learning_rate': 2.657779931254989e-08, 'epoch': 0.97}
{'loss': 0.7369, 'grad_norm': 2.338736057281494, 'learning_rate': 2.6364082532161495e-08, 'epoch': 0.97}
{'loss': 0.7119, 'grad_norm': 2.6114749908447266, 'learning_rate': 2.615122621984545e-08, 'epoch': 0.97}
{'loss': 0.836, 'grad_norm': 2.296057939529419, 'learning_rate': 2.593923041242674e-08, 'epoch': 0.97}
{'loss': 0.8856, 'grad_norm': 2.6061501502990723, 'learning_rate': 2.5728095146582143e-08, 'epoch': 0.97}
{'loss': 0.6841, 'grad_norm': 2.406008720397949, 'learning_rate': 2.5517820458839104e-08, 'epoch': 0.97}
{'loss': 0.8248, 'grad_norm': 2.320610761642456, 'learning_rate': 2.5308406385577412e-08, 'epoch': 0.97}
{'loss': 0.954, 'grad_norm': 2.937814235687256, 'learning_rate': 2.5099852963025307e-08, 'epoch': 0.97}
{'loss': 0.6335, 'grad_norm': 2.252537250518799, 'learning_rate': 2.4892160227264482e-08, 'epoch': 0.97}
{'loss': 0.8744, 'grad_norm': 2.7552261352539062, 'learning_rate': 2.4685328214226757e-08, 'epoch': 0.97}
{'loss': 0.8302, 'grad_norm': 2.4939424991607666, 'learning_rate': 2.4479356959695722e-08, 'epoch': 0.97}
{'loss': 0.674, 'grad_norm': 2.468229293823242, 'learning_rate': 2.4274246499305655e-08, 'epoch': 0.97}
{'loss': 0.6822, 'grad_norm': 2.328376531600952, 'learning_rate': 2.40699968685415e-08, 'epoch': 0.97}
{'loss': 0.8347, 'grad_norm': 2.5631518363952637, 'learning_rate': 2.3866608102739996e-08, 'epoch': 0.97}
{'loss': 0.9629, 'grad_norm': 2.8260865211486816, 'learning_rate': 2.3664080237087994e-08, 'epoch': 0.97}
{'loss': 0.7713, 'grad_norm': 2.234985589981079, 'learning_rate': 2.346241330662413e-08, 'epoch': 0.97}
{'loss': 0.7024, 'grad_norm': 2.4281997680664062, 'learning_rate': 2.3261607346238836e-08, 'epoch': 0.97}
{'loss': 0.8355, 'grad_norm': 2.88912034034729, 'learning_rate': 2.3061662390671537e-08, 'epoch': 0.97}
{'loss': 0.7435, 'grad_norm': 2.7786998748779297, 'learning_rate': 2.2862578474514563e-08, 'epoch': 0.97}
{'loss': 0.9727, 'grad_norm': 2.4006285667419434, 'learning_rate': 2.2664355632210368e-08, 'epoch': 0.97}
{'loss': 0.7918, 'grad_norm': 2.538963794708252, 'learning_rate': 2.246699389805318e-08, 'epoch': 0.97}
{'loss': 1.0029, 'grad_norm': 2.6213719844818115, 'learning_rate': 2.2270493306186802e-08, 'epoch': 0.97}
{'loss': 0.7984, 'grad_norm': 2.4561376571655273, 'learning_rate': 2.2074853890607373e-08, 'epoch': 0.97}
{'loss': 0.8511, 'grad_norm': 3.3027660846710205, 'learning_rate': 2.188007568516226e-08, 'epoch': 0.97}
{'loss': 0.7645, 'grad_norm': 2.4002888202667236, 'learning_rate': 2.1686158723548402e-08, 'epoch': 0.97}
{'loss': 0.7226, 'grad_norm': 2.4047985076904297, 'learning_rate': 2.1493103039315066e-08, 'epoch': 0.97}
{'loss': 0.7662, 'grad_norm': 2.308326244354248, 'learning_rate': 2.1300908665861653e-08, 'epoch': 0.97}
{'loss': 1.1574, 'grad_norm': 3.010246992111206, 'learning_rate': 2.1109575636438784e-08, 'epoch': 0.97}
{'loss': 0.8047, 'grad_norm': 2.433016300201416, 'learning_rate': 2.091910398414887e-08, 'epoch': 0.97}
{'loss': 0.6992, 'grad_norm': 2.3382761478424072, 'learning_rate': 2.0729493741943884e-08, 'epoch': 0.97}
{'loss': 0.7546, 'grad_norm': 2.6399717330932617, 'learning_rate': 2.0540744942628698e-08, 'epoch': 0.97}
{'loss': 0.8359, 'grad_norm': 2.515726327896118, 'learning_rate': 2.0352857618856636e-08, 'epoch': 0.97}
{'loss': 0.7605, 'grad_norm': 2.449679136276245, 'learning_rate': 2.0165831803133363e-08, 'epoch': 0.97}
{'loss': 0.9993, 'grad_norm': 2.437070369720459, 'learning_rate': 1.9979667527816326e-08, 'epoch': 0.97}
{'loss': 0.7655, 'grad_norm': 2.6325154304504395, 'learning_rate': 1.9794364825112544e-08, 'epoch': 0.97}
{'loss': 1.0277, 'grad_norm': 2.949458599090576, 'learning_rate': 1.9609923727080817e-08, 'epoch': 0.97}
{'loss': 0.7372, 'grad_norm': 2.5944976806640625, 'learning_rate': 1.9426344265629504e-08, 'epoch': 0.97}
{'loss': 0.7585, 'grad_norm': 2.289715528488159, 'learning_rate': 1.924362647251987e-08, 'epoch': 0.97}
{'loss': 0.7281, 'grad_norm': 2.4245615005493164, 'learning_rate': 1.9061770379363298e-08, 'epoch': 0.97}
{'loss': 0.8571, 'grad_norm': 2.476881742477417, 'learning_rate': 1.8880776017621283e-08, 'epoch': 0.97}
{'loss': 0.9067, 'grad_norm': 2.3980932235717773, 'learning_rate': 1.8700643418607112e-08, 'epoch': 0.97}
{'loss': 1.042, 'grad_norm': 2.6976354122161865, 'learning_rate': 1.85213726134853e-08, 'epoch': 0.97}
{'loss': 1.1082, 'grad_norm': 2.9675545692443848, 'learning_rate': 1.8342963633269928e-08, 'epoch': 0.97}
{'loss': 0.9278, 'grad_norm': 2.7367067337036133, 'learning_rate': 1.816541650882686e-08, 'epoch': 0.97}
{'loss': 0.8414, 'grad_norm': 2.997619390487671, 'learning_rate': 1.7988731270873748e-08, 'epoch': 0.97}
{'loss': 0.5513, 'grad_norm': 2.242621660232544, 'learning_rate': 1.7812907949977254e-08, 'epoch': 0.97}
{'loss': 0.6674, 'grad_norm': 2.279574155807495, 'learning_rate': 1.7637946576556376e-08, 'epoch': 0.97}
{'loss': 0.7201, 'grad_norm': 2.498518943786621, 'learning_rate': 1.7463847180879678e-08, 'epoch': 0.97}
{'loss': 0.908, 'grad_norm': 2.5998177528381348, 'learning_rate': 1.7290609793068068e-08, 'epoch': 0.97}
{'loss': 0.8891, 'grad_norm': 2.770777940750122, 'learning_rate': 1.7118234443092573e-08, 'epoch': 0.97}
{'loss': 0.8882, 'grad_norm': 2.577881097793579, 'learning_rate': 1.6946721160774893e-08, 'epoch': 0.97}
{'loss': 0.7941, 'grad_norm': 2.5577845573425293, 'learning_rate': 1.6776069975787957e-08, 'epoch': 0.97}
{'loss': 0.7927, 'grad_norm': 2.4291491508483887, 'learning_rate': 1.660628091765537e-08, 'epoch': 0.97}
{'loss': 0.9911, 'grad_norm': 2.669334888458252, 'learning_rate': 1.643735401575197e-08, 'epoch': 0.97}
{'loss': 0.7485, 'grad_norm': 2.441862106323242, 'learning_rate': 1.6269289299302716e-08, 'epoch': 0.98}
{'loss': 0.9578, 'grad_norm': 2.714625120162964, 'learning_rate': 1.6102086797383785e-08, 'epoch': 0.98}
{'loss': 1.0932, 'grad_norm': 2.772498846054077, 'learning_rate': 1.593574653892205e-08, 'epoch': 0.98}
{'loss': 0.6744, 'grad_norm': 2.2126388549804688, 'learning_rate': 1.577026855269559e-08, 'epoch': 0.98}
{'loss': 0.8892, 'grad_norm': 2.7320947647094727, 'learning_rate': 1.5605652867333176e-08, 'epoch': 0.98}
{'loss': 1.0516, 'grad_norm': 2.8292078971862793, 'learning_rate': 1.5441899511314252e-08, 'epoch': 0.98}
{'loss': 0.8391, 'grad_norm': 2.3142426013946533, 'learning_rate': 1.5279008512968374e-08, 'epoch': 0.98}
{'loss': 0.7967, 'grad_norm': 2.4207887649536133, 'learning_rate': 1.5116979900477446e-08, 'epoch': 0.98}
{'loss': 1.0001, 'grad_norm': 3.0176002979278564, 'learning_rate': 1.4955813701873488e-08, 'epoch': 0.98}
{'loss': 0.7114, 'grad_norm': 2.5001461505889893, 'learning_rate': 1.4795509945039198e-08, 'epoch': 0.98}
{'loss': 0.8271, 'grad_norm': 2.5539004802703857, 'learning_rate': 1.4636068657707392e-08, 'epoch': 0.98}
{'loss': 0.7645, 'grad_norm': 2.49918270111084, 'learning_rate': 1.4477489867462113e-08, 'epoch': 0.98}
{'loss': 0.7079, 'grad_norm': 2.4304659366607666, 'learning_rate': 1.431977360173975e-08, 'epoch': 0.98}
{'loss': 0.6233, 'grad_norm': 2.2178871631622314, 'learning_rate': 1.4162919887825144e-08, 'epoch': 0.98}
{'loss': 0.8665, 'grad_norm': 2.715216875076294, 'learning_rate': 1.4006928752855476e-08, 'epoch': 0.98}
{'loss': 0.7567, 'grad_norm': 2.1575212478637695, 'learning_rate': 1.3851800223817491e-08, 'epoch': 0.98}
{'loss': 0.8901, 'grad_norm': 2.352048635482788, 'learning_rate': 1.3697534327549722e-08, 'epoch': 0.98}
{'loss': 0.7481, 'grad_norm': 2.3658130168914795, 'learning_rate': 1.3544131090740819e-08, 'epoch': 0.98}
{'loss': 0.8502, 'grad_norm': 2.398773670196533, 'learning_rate': 1.3391590539930665e-08, 'epoch': 0.98}
{'loss': 0.7329, 'grad_norm': 2.531703472137451, 'learning_rate': 1.3239912701509816e-08, 'epoch': 0.98}
{'loss': 0.6032, 'grad_norm': 2.5430657863616943, 'learning_rate': 1.3089097601718948e-08, 'epoch': 0.98}
{'loss': 0.9805, 'grad_norm': 2.9772510528564453, 'learning_rate': 1.2939145266649966e-08, 'epoch': 0.98}
{'loss': 0.8537, 'grad_norm': 2.5294129848480225, 'learning_rate': 1.2790055722246009e-08, 'epoch': 0.98}
{'loss': 0.7588, 'grad_norm': 2.800252914428711, 'learning_rate': 1.2641828994300332e-08, 'epoch': 0.98}
{'loss': 0.6878, 'grad_norm': 2.4258828163146973, 'learning_rate': 1.2494465108456867e-08, 'epoch': 0.98}
{'loss': 0.9087, 'grad_norm': 2.550663471221924, 'learning_rate': 1.2347964090210217e-08, 'epoch': 0.98}
{'loss': 0.9105, 'grad_norm': 2.7279560565948486, 'learning_rate': 1.220232596490678e-08, 'epoch': 0.98}
{'loss': 0.9754, 'grad_norm': 2.8593387603759766, 'learning_rate': 1.2057550757741399e-08, 'epoch': 0.98}
{'loss': 0.7482, 'grad_norm': 2.44860577583313, 'learning_rate': 1.1913638493762369e-08, 'epoch': 0.98}
{'loss': 0.9171, 'grad_norm': 2.6050424575805664, 'learning_rate': 1.1770589197865889e-08, 'epoch': 0.98}
{'loss': 0.6681, 'grad_norm': 2.536102533340454, 'learning_rate': 1.162840289480216e-08, 'epoch': 0.98}
{'loss': 1.0096, 'grad_norm': 2.9400830268859863, 'learning_rate': 1.1487079609168727e-08, 'epoch': 0.98}
{'loss': 0.7422, 'grad_norm': 2.336470127105713, 'learning_rate': 1.1346619365416034e-08, 'epoch': 0.98}
{'loss': 1.1547, 'grad_norm': 3.083418846130371, 'learning_rate': 1.120702218784464e-08, 'epoch': 0.98}
{'loss': 0.7688, 'grad_norm': 2.7042434215545654, 'learning_rate': 1.106828810060523e-08, 'epoch': 0.98}
{'loss': 0.7894, 'grad_norm': 2.6980998516082764, 'learning_rate': 1.0930417127699711e-08, 'epoch': 0.98}
{'loss': 0.6772, 'grad_norm': 2.3731496334075928, 'learning_rate': 1.0793409292980672e-08, 'epoch': 0.98}
{'loss': 0.8111, 'grad_norm': 2.5767555236816406, 'learning_rate': 1.0657264620151374e-08, 'epoch': 0.98}
{'loss': 0.5915, 'grad_norm': 1.88237726688385, 'learning_rate': 1.0521983132765757e-08, 'epoch': 0.98}
{'loss': 0.8092, 'grad_norm': 2.272813081741333, 'learning_rate': 1.0387564854227872e-08, 'epoch': 0.98}
{'loss': 0.785, 'grad_norm': 2.4970645904541016, 'learning_rate': 1.0254009807793008e-08, 'epoch': 0.98}
{'loss': 0.7708, 'grad_norm': 2.427464008331299, 'learning_rate': 1.0121318016567128e-08, 'epoch': 0.98}
{'loss': 0.7084, 'grad_norm': 2.316180467605591, 'learning_rate': 9.989489503506311e-09, 'epoch': 0.98}
{'loss': 0.8047, 'grad_norm': 2.5747792720794678, 'learning_rate': 9.858524291418426e-09, 'epoch': 0.98}
{'loss': 0.7605, 'grad_norm': 2.3556792736053467, 'learning_rate': 9.728422402960347e-09, 'epoch': 0.98}
{'loss': 0.9459, 'grad_norm': 2.539461612701416, 'learning_rate': 9.599183860640738e-09, 'epoch': 0.98}
{'loss': 0.7638, 'grad_norm': 2.715688943862915, 'learning_rate': 9.470808686819489e-09, 'epoch': 0.98}
{'loss': 0.7393, 'grad_norm': 2.4875283241271973, 'learning_rate': 9.343296903704945e-09, 'epoch': 0.98}
{'loss': 0.8217, 'grad_norm': 2.443101167678833, 'learning_rate': 9.216648533357796e-09, 'epoch': 0.98}
{'loss': 0.8878, 'grad_norm': 2.5443835258483887, 'learning_rate': 9.090863597689403e-09, 'epoch': 0.98}
{'loss': 0.66, 'grad_norm': 2.4675018787384033, 'learning_rate': 8.965942118460691e-09, 'epoch': 0.98}
{'loss': 0.5994, 'grad_norm': 2.263425350189209, 'learning_rate': 8.841884117284372e-09, 'epoch': 0.98}
{'loss': 0.7048, 'grad_norm': 2.3818857669830322, 'learning_rate': 8.718689615622723e-09, 'epoch': 0.98}
{'loss': 0.7323, 'grad_norm': 2.503264904022217, 'learning_rate': 8.596358634789804e-09, 'epoch': 0.98}
{'loss': 0.9052, 'grad_norm': 2.414036989212036, 'learning_rate': 8.474891195948688e-09, 'epoch': 0.98}
{'loss': 0.7357, 'grad_norm': 2.406285285949707, 'learning_rate': 8.354287320114229e-09, 'epoch': 0.98}
{'loss': 0.7794, 'grad_norm': 2.997840166091919, 'learning_rate': 8.234547028152518e-09, 'epoch': 0.98}
{'loss': 0.9366, 'grad_norm': 2.933742046356201, 'learning_rate': 8.115670340777538e-09, 'epoch': 0.98}
{'loss': 0.7572, 'grad_norm': 1.923036813735962, 'learning_rate': 7.99765727855728e-09, 'epoch': 0.98}
{'loss': 0.8482, 'grad_norm': 2.7043442726135254, 'learning_rate': 7.880507861908194e-09, 'epoch': 0.98}
{'loss': 0.7085, 'grad_norm': 2.6356101036071777, 'learning_rate': 7.764222111097398e-09, 'epoch': 0.98}
{'loss': 0.8928, 'grad_norm': 2.4403460025787354, 'learning_rate': 7.648800046243243e-09, 'epoch': 0.98}
{'loss': 0.7772, 'grad_norm': 2.830106258392334, 'learning_rate': 7.534241687314758e-09, 'epoch': 0.98}
{'loss': 0.9278, 'grad_norm': 2.6844170093536377, 'learning_rate': 7.420547054131088e-09, 'epoch': 0.98}
{'loss': 0.9281, 'grad_norm': 2.763529062271118, 'learning_rate': 7.307716166361501e-09, 'epoch': 0.98}
{'loss': 0.8575, 'grad_norm': 2.4437899589538574, 'learning_rate': 7.195749043527045e-09, 'epoch': 0.98}
{'loss': 0.6679, 'grad_norm': 2.2116620540618896, 'learning_rate': 7.084645704998339e-09, 'epoch': 0.98}
{'loss': 0.8007, 'grad_norm': 2.778890609741211, 'learning_rate': 6.9744061699972275e-09, 'epoch': 0.98}
{'loss': 0.7169, 'grad_norm': 2.2845921516418457, 'learning_rate': 6.865030457595123e-09, 'epoch': 0.98}
{'loss': 0.7888, 'grad_norm': 2.3773255348205566, 'learning_rate': 6.7565185867157764e-09, 'epoch': 0.98}
{'loss': 0.7752, 'grad_norm': 2.5314953327178955, 'learning_rate': 6.648870576131395e-09, 'epoch': 0.98}
{'loss': 0.9596, 'grad_norm': 2.7656495571136475, 'learning_rate': 6.542086444465967e-09, 'epoch': 0.98}
{'loss': 0.9394, 'grad_norm': 2.4866042137145996, 'learning_rate': 6.436166210194161e-09, 'epoch': 0.98}
{'loss': 0.9629, 'grad_norm': 3.081885576248169, 'learning_rate': 6.331109891640208e-09, 'epoch': 0.98}
{'loss': 0.8266, 'grad_norm': 2.4818785190582275, 'learning_rate': 6.226917506980123e-09, 'epoch': 0.98}
{'loss': 0.8907, 'grad_norm': 2.7292261123657227, 'learning_rate': 6.1235890742389335e-09, 'epoch': 0.98}
{'loss': 0.6623, 'grad_norm': 2.2945988178253174, 'learning_rate': 6.021124611294005e-09, 'epoch': 0.98}
{'loss': 0.8974, 'grad_norm': 2.6430821418762207, 'learning_rate': 5.919524135871713e-09, 'epoch': 0.98}
{'loss': 0.7739, 'grad_norm': 2.797231435775757, 'learning_rate': 5.818787665549108e-09, 'epoch': 0.99}
{'loss': 0.8394, 'grad_norm': 2.351346254348755, 'learning_rate': 5.718915217755583e-09, 'epoch': 0.99}
{'loss': 0.9695, 'grad_norm': 2.8695034980773926, 'learning_rate': 5.6199068097684274e-09, 'epoch': 0.99}
{'loss': 0.987, 'grad_norm': 2.879326820373535, 'learning_rate': 5.521762458716718e-09, 'epoch': 0.99}
{'loss': 0.7564, 'grad_norm': 2.4003958702087402, 'learning_rate': 5.424482181580759e-09, 'epoch': 0.99}
{'loss': 0.7199, 'grad_norm': 2.0753378868103027, 'learning_rate': 5.328065995190424e-09, 'epoch': 0.99}
{'loss': 0.9914, 'grad_norm': 2.7177023887634277, 'learning_rate': 5.232513916225701e-09, 'epoch': 0.99}
{'loss': 0.8478, 'grad_norm': 2.390599250793457, 'learning_rate': 5.1378259612178125e-09, 'epoch': 0.99}
{'loss': 0.9399, 'grad_norm': 2.7329084873199463, 'learning_rate': 5.0440021465486545e-09, 'epoch': 0.99}
{'loss': 0.7815, 'grad_norm': 2.203214168548584, 'learning_rate': 4.951042488450242e-09, 'epoch': 0.99}
{'loss': 0.9332, 'grad_norm': 2.632939100265503, 'learning_rate': 4.858947003005266e-09, 'epoch': 0.99}
{'loss': 0.993, 'grad_norm': 2.5891661643981934, 'learning_rate': 4.767715706146536e-09, 'epoch': 0.99}
{'loss': 0.9982, 'grad_norm': 2.942918062210083, 'learning_rate': 4.677348613656985e-09, 'epoch': 0.99}
{'loss': 0.8598, 'grad_norm': 2.371731758117676, 'learning_rate': 4.587845741171881e-09, 'epoch': 0.99}
{'loss': 0.9823, 'grad_norm': 2.6916959285736084, 'learning_rate': 4.499207104174952e-09, 'epoch': 0.99}
{'loss': 0.8908, 'grad_norm': 2.958402633666992, 'learning_rate': 4.411432718001707e-09, 'epoch': 0.99}
{'loss': 0.837, 'grad_norm': 2.5388758182525635, 'learning_rate': 4.324522597837222e-09, 'epoch': 0.99}
{'loss': 0.7887, 'grad_norm': 2.285695791244507, 'learning_rate': 4.238476758717247e-09, 'epoch': 0.99}
{'loss': 0.9081, 'grad_norm': 2.684122085571289, 'learning_rate': 4.153295215528763e-09, 'epoch': 0.99}
{'loss': 0.6912, 'grad_norm': 2.6823763847351074, 'learning_rate': 4.068977983008315e-09, 'epoch': 0.99}
{'loss': 0.786, 'grad_norm': 2.4232587814331055, 'learning_rate': 3.985525075743679e-09, 'epoch': 0.99}
{'loss': 0.7985, 'grad_norm': 2.828256368637085, 'learning_rate': 3.9029365081721944e-09, 'epoch': 0.99}
{'loss': 0.8124, 'grad_norm': 2.6506783962249756, 'learning_rate': 3.8212122945818774e-09, 'epoch': 0.99}
{'loss': 0.8229, 'grad_norm': 2.4095356464385986, 'learning_rate': 3.740352449112528e-09, 'epoch': 0.99}
{'loss': 0.7953, 'grad_norm': 2.613515615463257, 'learning_rate': 3.6603569857529553e-09, 'epoch': 0.99}
{'loss': 0.7255, 'grad_norm': 3.0923688411712646, 'learning_rate': 3.5812259183426457e-09, 'epoch': 0.99}
{'loss': 0.7127, 'grad_norm': 2.576897144317627, 'learning_rate': 3.502959260571759e-09, 'epoch': 0.99}
{'loss': 0.8557, 'grad_norm': 2.6256933212280273, 'learning_rate': 3.42555702598113e-09, 'epoch': 0.99}
{'loss': 1.1013, 'grad_norm': 2.726278781890869, 'learning_rate': 3.349019227961714e-09, 'epoch': 0.99}
{'loss': 0.9094, 'grad_norm': 2.8418028354644775, 'learning_rate': 3.2733458797545858e-09, 'epoch': 0.99}
{'loss': 0.8848, 'grad_norm': 2.5310611724853516, 'learning_rate': 3.1985369944520507e-09, 'epoch': 0.99}
{'loss': 0.9235, 'grad_norm': 2.663457155227661, 'learning_rate': 3.124592584996533e-09, 'epoch': 0.99}
{'loss': 0.8364, 'grad_norm': 2.6079931259155273, 'learning_rate': 3.051512664180578e-09, 'epoch': 0.99}
{'loss': 0.7528, 'grad_norm': 2.2466063499450684, 'learning_rate': 2.9792972446479605e-09, 'epoch': 0.99}
{'loss': 0.9265, 'grad_norm': 2.627201795578003, 'learning_rate': 2.9079463388914654e-09, 'epoch': 0.99}
{'loss': 0.6704, 'grad_norm': 2.285726308822632, 'learning_rate': 2.837459959256217e-09, 'epoch': 0.99}
{'loss': 0.7017, 'grad_norm': 2.425347328186035, 'learning_rate': 2.767838117935795e-09, 'epoch': 0.99}
{'loss': 0.825, 'grad_norm': 2.614626884460449, 'learning_rate': 2.699080826976119e-09, 'epoch': 0.99}
{'loss': 0.8844, 'grad_norm': 2.4610507488250732, 'learning_rate': 2.6311880982721195e-09, 'epoch': 0.99}
{'loss': 0.6688, 'grad_norm': 2.4794464111328125, 'learning_rate': 2.564159943569955e-09, 'epoch': 0.99}
{'loss': 0.6788, 'grad_norm': 2.5034806728363037, 'learning_rate': 2.49799637446535e-09, 'epoch': 0.99}
{'loss': 0.6867, 'grad_norm': 2.3279800415039062, 'learning_rate': 2.4326974024052597e-09, 'epoch': 0.99}
{'loss': 0.9372, 'grad_norm': 2.8642866611480713, 'learning_rate': 2.368263038686758e-09, 'epoch': 0.99}
{'loss': 0.7613, 'grad_norm': 2.541757345199585, 'learning_rate': 2.304693294457594e-09, 'epoch': 0.99}
{'loss': 0.6055, 'grad_norm': 2.1757164001464844, 'learning_rate': 2.2419881807156376e-09, 'epoch': 0.99}
{'loss': 0.9376, 'grad_norm': 2.4929380416870117, 'learning_rate': 2.1801477083088773e-09, 'epoch': 0.99}
{'loss': 0.861, 'grad_norm': 2.6344027519226074, 'learning_rate': 2.1191718879359778e-09, 'epoch': 0.99}
{'loss': 0.8297, 'grad_norm': 2.4358150959014893, 'learning_rate': 2.0590607301473886e-09, 'epoch': 0.99}
{'loss': 0.7731, 'grad_norm': 2.493936777114868, 'learning_rate': 1.999814245340903e-09, 'epoch': 0.99}
{'loss': 0.8368, 'grad_norm': 2.7134859561920166, 'learning_rate': 1.9414324437677656e-09, 'epoch': 0.99}
{'loss': 0.7618, 'grad_norm': 2.6188883781433105, 'learning_rate': 1.8839153355276753e-09, 'epoch': 0.99}
{'loss': 0.8578, 'grad_norm': 2.5100207328796387, 'learning_rate': 1.8272629305721157e-09, 'epoch': 0.99}
{'loss': 0.7409, 'grad_norm': 2.325261116027832, 'learning_rate': 1.771475238701581e-09, 'epoch': 0.99}
{'loss': 0.8233, 'grad_norm': 2.5716991424560547, 'learning_rate': 1.71655226956835e-09, 'epoch': 0.99}
{'loss': 0.6843, 'grad_norm': 2.2255866527557373, 'learning_rate': 1.6624940326737115e-09, 'epoch': 0.99}
{'loss': 0.8608, 'grad_norm': 2.6321561336517334, 'learning_rate': 1.6093005373707394e-09, 'epoch': 0.99}
{'loss': 0.683, 'grad_norm': 2.31376576423645, 'learning_rate': 1.556971792861517e-09, 'epoch': 0.99}
{'loss': 0.8629, 'grad_norm': 2.5849740505218506, 'learning_rate': 1.505507808199358e-09, 'epoch': 0.99}
{'loss': 0.7357, 'grad_norm': 2.3226890563964844, 'learning_rate': 1.4549085922888063e-09, 'epoch': 0.99}
{'loss': 0.7102, 'grad_norm': 2.279067039489746, 'learning_rate': 1.4051741538823049e-09, 'epoch': 0.99}
{'loss': 0.8948, 'grad_norm': 2.704411745071411, 'learning_rate': 1.3563045015851927e-09, 'epoch': 0.99}
{'loss': 0.6654, 'grad_norm': 2.3192083835601807, 'learning_rate': 1.3082996438523732e-09, 'epoch': 0.99}
{'loss': 0.8672, 'grad_norm': 2.639066696166992, 'learning_rate': 1.2611595889883143e-09, 'epoch': 0.99}
{'loss': 0.9025, 'grad_norm': 2.4908621311187744, 'learning_rate': 1.2148843451487147e-09, 'epoch': 0.99}
{'loss': 0.7929, 'grad_norm': 2.4781365394592285, 'learning_rate': 1.1694739203393924e-09, 'epoch': 0.99}
{'loss': 0.9002, 'grad_norm': 2.5548133850097656, 'learning_rate': 1.1249283224168405e-09, 'epoch': 0.99}
{'loss': 0.8718, 'grad_norm': 2.350935935974121, 'learning_rate': 1.0812475590876726e-09, 'epoch': 0.99}
{'loss': 0.8252, 'grad_norm': 2.6845879554748535, 'learning_rate': 1.0384316379086212e-09, 'epoch': 0.99}
{'loss': 1.087, 'grad_norm': 2.939676284790039, 'learning_rate': 9.964805662876497e-10, 'epoch': 0.99}
{'loss': 0.9944, 'grad_norm': 2.5895843505859375, 'learning_rate': 9.55394351482286e-10, 'epoch': 0.99}
{'loss': 0.7776, 'grad_norm': 2.3838095664978027, 'learning_rate': 9.15173000600178e-10, 'epoch': 0.99}
{'loss': 0.711, 'grad_norm': 2.4143948554992676, 'learning_rate': 8.758165206007585e-10, 'epoch': 0.99}
{'loss': 0.8197, 'grad_norm': 2.5405142307281494, 'learning_rate': 8.373249182924704e-10, 'epoch': 0.99}
{'loss': 1.0146, 'grad_norm': 2.6818723678588867, 'learning_rate': 7.996982003344312e-10, 'epoch': 0.99}
{'loss': 0.9276, 'grad_norm': 2.609851837158203, 'learning_rate': 7.629363732358786e-10, 'epoch': 0.99}
{'loss': 0.9353, 'grad_norm': 2.2895610332489014, 'learning_rate': 7.270394433578354e-10, 'epoch': 0.99}
{'loss': 0.8265, 'grad_norm': 2.5009121894836426, 'learning_rate': 6.920074169103342e-10, 'epoch': 0.99}
{'loss': 0.7569, 'grad_norm': 2.178898572921753, 'learning_rate': 6.578402999540822e-10, 'epoch': 0.99}
{'loss': 0.6152, 'grad_norm': 2.153494119644165, 'learning_rate': 6.245380983999072e-10, 'epoch': 1.0}
{'loss': 0.7669, 'grad_norm': 2.412410259246826, 'learning_rate': 5.921008180098664e-10, 'epoch': 1.0}
{'loss': 0.8206, 'grad_norm': 2.473477840423584, 'learning_rate': 5.605284643950271e-10, 'epoch': 1.0}
{'loss': 0.8325, 'grad_norm': 2.2450108528137207, 'learning_rate': 5.298210430176864e-10, 'epoch': 1.0}
{'loss': 0.9677, 'grad_norm': 2.5977985858917236, 'learning_rate': 4.99978559191372e-10, 'epoch': 1.0}
{'loss': 0.6989, 'grad_norm': 2.7294578552246094, 'learning_rate': 4.710010180780655e-10, 'epoch': 1.0}
{'loss': 0.6563, 'grad_norm': 2.2248764038085938, 'learning_rate': 4.4288842469097925e-10, 'epoch': 1.0}
{'loss': 0.6997, 'grad_norm': 2.6436355113983154, 'learning_rate': 4.156407838945553e-10, 'epoch': 1.0}
{'loss': 1.0006, 'grad_norm': 3.015171766281128, 'learning_rate': 3.8925810040224555e-10, 'epoch': 1.0}
{'loss': 0.9231, 'grad_norm': 2.5520849227905273, 'learning_rate': 3.637403787787319e-10, 'epoch': 1.0}
{'loss': 0.7714, 'grad_norm': 2.5792694091796875, 'learning_rate': 3.390876234377061e-10, 'epoch': 1.0}
{'loss': 0.845, 'grad_norm': 2.5922348499298096, 'learning_rate': 3.152998386457551e-10, 'epoch': 1.0}
{'loss': 0.9487, 'grad_norm': 2.5461313724517822, 'learning_rate': 2.923770285173655e-10, 'epoch': 1.0}
{'loss': 0.8775, 'grad_norm': 2.584472894668579, 'learning_rate': 2.7031919701880903e-10, 'epoch': 1.0}
{'loss': 0.7782, 'grad_norm': 2.9044229984283447, 'learning_rate': 2.4912634796592226e-10, 'epoch': 1.0}
{'loss': 0.8121, 'grad_norm': 2.4849796295166016, 'learning_rate': 2.2879848502466161e-10, 'epoch': 1.0}
{'loss': 1.0161, 'grad_norm': 2.732846260070801, 'learning_rate': 2.0933561171276872e-10, 'epoch': 1.0}
{'loss': 0.9257, 'grad_norm': 2.898036003112793, 'learning_rate': 1.907377313969949e-10, 'epoch': 1.0}
{'loss': 0.8441, 'grad_norm': 2.635648250579834, 'learning_rate': 1.7300484729532163e-10, 'epoch': 1.0}
{'loss': 0.8397, 'grad_norm': 2.444073438644409, 'learning_rate': 1.561369624752951e-10, 'epoch': 1.0}
{'loss': 0.9529, 'grad_norm': 2.596097946166992, 'learning_rate': 1.4013407985458138e-10, 'epoch': 1.0}
{'loss': 1.1526, 'grad_norm': 3.055623769760132, 'learning_rate': 1.2499620220263188e-10, 'epoch': 1.0}
{'loss': 0.7964, 'grad_norm': 2.3165178298950195, 'learning_rate': 1.1072333213846265e-10, 'epoch': 1.0}
{'loss': 0.7514, 'grad_norm': 2.549077033996582, 'learning_rate': 9.731547213065462e-11, 'epoch': 1.0}
{'loss': 0.9034, 'grad_norm': 2.4387049674987793, 'learning_rate': 8.477262449901879e-11, 'epoch': 1.0}
{'loss': 0.7194, 'grad_norm': 2.386413812637329, 'learning_rate': 7.30947914140412e-11, 'epoch': 1.0}
{'loss': 0.8187, 'grad_norm': 2.702874183654785, 'learning_rate': 6.228197489577259e-11, 'epoch': 1.0}
{'loss': 0.9765, 'grad_norm': 2.686030864715576, 'learning_rate': 5.23341768149388e-11, 'epoch': 1.0}
{'loss': 0.9163, 'grad_norm': 2.6834075450897217, 'learning_rate': 4.32513988923855e-11, 'epoch': 1.0}
{'loss': 0.9103, 'grad_norm': 3.1811718940734863, 'learning_rate': 3.5033642699078275e-11, 'epoch': 1.0}
{'loss': 0.7065, 'grad_norm': 2.3610849380493164, 'learning_rate': 2.768090965776793e-11, 'epoch': 1.0}
{'loss': 0.6555, 'grad_norm': 2.2371013164520264, 'learning_rate': 2.119320104021494e-11, 'epoch': 1.0}
{'loss': 0.6518, 'grad_norm': 2.3135807514190674, 'learning_rate': 1.557051796829967e-11, 'epoch': 1.0}
{'loss': 0.8139, 'grad_norm': 2.448467493057251, 'learning_rate': 1.0812861414577491e-11, 'epoch': 1.0}
{'loss': 0.7479, 'grad_norm': 2.3129777908325195, 'learning_rate': 6.920232203388999e-12, 'epoch': 1.0}
{'loss': 0.9813, 'grad_norm': 2.872528076171875, 'learning_rate': 3.892631007529346e-12, 'epoch': 1.0}
{'loss': 0.863, 'grad_norm': 2.665801525115967, 'learning_rate': 1.730058349913577e-12, 'epoch': 1.0}
{'loss': 0.9479, 'grad_norm': 2.7224972248077393, 'learning_rate': 4.3251460635218566e-13, 'epoch': 1.0}
{'loss': 0.65, 'grad_norm': 2.2512176036834717, 'learning_rate': 0.0, 'epoch': 1.0}
{'train_runtime': 84424.4625, 'train_samples_per_second': 2.952, 'train_steps_per_second': 0.092, 'train_loss': 0.8976528325527275, 'epoch': 1.0}
[17:01:52.939322] Rank 0:  Only save projectors: False
[17:01:56.399802] Rank 0:  Model saved to ./checkpoints/stage2-visual_pretraining/stage2-umt-hd-large-tome16_mlp_hd64_Qwen2_5_1_5B_stage2_short_pretrain_iv6m_small.yaml_20250309_173347
