[2025-03-07 03:11:23,663] [INFO] [real_accelerator.py:203:get_accelerator] Setting ds_accelerator to cuda (auto detect)
[2025-03-07 03:11:23,673] [INFO] [real_accelerator.py:203:get_accelerator] Setting ds_accelerator to cuda (auto detect)
[93m [WARNING] [0m async_io requires the dev libaio .so object and headers but these were not found.
[93m [WARNING] [0m async_io requires the dev libaio .so object and headers but these were not found.
[93m [WARNING] [0m If libaio is already installed (perhaps from source), try setting the CFLAGS and LDFLAGS environment variables to where it can be found.
[93m [WARNING] [0m Please specify the CUTLASS repo directory as environment variable $CUTLASS_PATH
[93m [WARNING] [0m If libaio is already installed (perhaps from source), try setting the CFLAGS and LDFLAGS environment variables to where it can be found.
[93m [WARNING] [0m Please specify the CUTLASS repo directory as environment variable $CUTLASS_PATH
[93m [WARNING] [0m sparse_attn requires a torch version >= 1.5 and < 2.0 but detected 2.1
[93m [WARNING] [0m using untested triton version (2.1.0), only 1.0.0 is known to be compatible
[93m [WARNING] [0m sparse_attn requires a torch version >= 1.5 and < 2.0 but detected 2.1
[93m [WARNING] [0m using untested triton version (2.1.0), only 1.0.0 is known to be compatible
[03:11:25.420998] Rank 1 | Local Rank 1 | World Size 2 | Local World Size 2 |
[2025-03-07 03:11:25,428] [INFO] [comm.py:637:init_distributed] cdb=None
[03:11:25.439903] Rank 0 | Local Rank 0 | World Size 2 | Local World Size 2 |
[2025-03-07 03:11:25,447] [INFO] [comm.py:637:init_distributed] cdb=None
[2025-03-07 03:11:25,447] [INFO] [comm.py:668:init_distributed] Initializing TorchBackend in DeepSpeed with backend nccl
[03:11:25.662043] Rank 0:  Inspecting experiment hyperparameters:

[03:11:25.662144] Rank 0:  model_args = {'model_name_or_path': 'Qwen/Qwen2.5-1.5B-Instruct', 'model_class_name': None, 'mm_tunable_parts': 'mm_mlp_adapter', 'version': 'plain', 'freeze_backbone': False, 'tune_mm_mlp_adapter': False, 'tune_mm_vision_resampler': False, 'vision_tower': 'umt-hd-large', 'vision_tower_pretrained': None, 'vision_encode_type': 'video_image', 'unfreeze_mm_vision_tower': False, 'unfreeze_language_model': False, 'mm_vision_select_layer': -2, 'pretrain_mm_mlp_adapter': None, 'mm_projector_type': 'tome16_mlp_hd64', 'mm_use_im_start_end': False, 'mm_use_im_patch_token': False, 'mm_patch_merge_type': 'flat', 'mm_vision_select_feature': 'patch', 'mm_resampler_type': None, 'mm_mask_drop_mode': 'fixed', 'mm_mask_drop_skip_percentage': 0.0, 'mm_mask_drop_ratio': 0.25, 'mm_mask_drop_ratio_upper': None, 'mm_mask_drop_ratio_lower': None, 'mm_spatial_pool_stride': None, 'mm_spatial_pool_mode': 'bilinear', 'mm_spatial_pool_out_channels': None, 'mm_num_compress_latents': 128, 'mm_num_compress_query_type': 'learnable', 'mm_pos_num_frames': 4, 'mm_close_init': False, 'min_slow_num_frames': 4, 'mm_perceiver_depth': 3, 'mm_perceiver_latents': 32, 'mm_perceiver_ff_mult': 4, 'mm_perceiver_pretrained': None, 'mm_qformer_depth': 3, 'mm_qformer_latents': 32, 'mm_qformer_pretrained': None, 'rope_scaling_factor': None, 'rope_scaling_type': None, 's2': False, 's2_scales': '336,672,1008', 'use_pos_skipping': False, 'pos_skipping_range': 4096, 'mm_newline_position': 'one_token', 'mm_local_num_frames': 4, 'mm_llm_compress': False, 'llm_compress_type': 'attention', 'llm_compress_layer_list': '8,16,24', 'llm_image_token_ratio_list': '1.0,0.5,0.25,0.125'}


[03:11:25.662181] Rank 0:  data_args = {'data_path': 'data/stage1_init_connector_iv1m.yaml', 'lazy_preprocess': True, 'is_multimodal': False, 'early_mix_text': False, 'image_aspect_ratio': 'square', 'image_grid_pinpoints': None, 'image_crop_resolution': None, 'image_split_resolution': None, 'frame_aspect_ratio': 'square', 'frame_grid_pinpoints': None, 'max_num_pixels': 14745600000, 'frames_upbound': 4, 'frames_lowbound': 1, 'time_msg': 'short', 'local_num_frames': 4, 'sample_type': 'middle'}


[03:11:25.662329] Rank 0:  training_args = {'output_dir': './checkpoints/stage1-init_connector/stage1-umt-hd-large-tome16_mlp_hd64-Qwen2_5_1_5B_stage1_init_connector_iv1m.yaml_plain_20250307_031118', 'overwrite_output_dir': False, 'do_train': False, 'do_eval': False, 'do_predict': False, 'evaluation_strategy': <IntervalStrategy.NO: 'no'>, 'prediction_loss_only': False, 'per_device_train_batch_size': 16, 'per_device_eval_batch_size': 4, 'per_gpu_train_batch_size': None, 'per_gpu_eval_batch_size': None, 'gradient_accumulation_steps': 4, 'eval_accumulation_steps': None, 'eval_delay': 0, 'learning_rate': 0.001, 'weight_decay': 0.0, 'adam_beta1': 0.9, 'adam_beta2': 0.999, 'adam_epsilon': 1e-08, 'max_grad_norm': 1.0, 'num_train_epochs': 1.0, 'max_steps': -1, 'lr_scheduler_type': <SchedulerType.COSINE: 'cosine'>, 'lr_scheduler_kwargs': {}, 'warmup_ratio': 0.03, 'warmup_steps': 0, 'log_level': 'passive', 'log_level_replica': 'warning', 'log_on_each_node': True, 'logging_dir': './checkpoints/stage1-init_connector/stage1-umt-hd-large-tome16_mlp_hd64-Qwen2_5_1_5B_stage1_init_connector_iv1m.yaml_plain_20250307_031118/runs/Mar07_03-11-25_ip-172-31-20-200.us-east-2.compute.internal', 'logging_strategy': <IntervalStrategy.STEPS: 'steps'>, 'logging_first_step': False, 'logging_steps': 1.0, 'logging_nan_inf_filter': True, 'save_strategy': <IntervalStrategy.NO: 'no'>, 'save_steps': 50000.0, 'save_total_limit': None, 'save_safetensors': True, 'save_on_each_node': False, 'save_only_model': False, 'no_cuda': False, 'use_cpu': False, 'use_mps_device': False, 'seed': 42, 'data_seed': None, 'jit_mode_eval': False, 'use_ipex': False, 'bf16': True, 'fp16': False, 'fp16_opt_level': 'O1', 'half_precision_backend': 'auto', 'bf16_full_eval': False, 'fp16_full_eval': False, 'tf32': True, 'local_rank': 0, 'ddp_backend': None, 'tpu_num_cores': None, 'tpu_metrics_debug': False, 'debug': [], 'dataloader_drop_last': False, 'eval_steps': None, 'dataloader_num_workers': 16, 'dataloader_prefetch_factor': None, 'past_index': -1, 'run_name': 'stage1-umt-hd-large-tome16_mlp_hd64-Qwen2_5_1_5B_stage1_init_connector_iv1m.yaml_plain_20250307_031118', 'disable_tqdm': False, 'remove_unused_columns': False, 'label_names': None, 'load_best_model_at_end': False, 'metric_for_best_model': None, 'greater_is_better': None, 'ignore_data_skip': False, 'fsdp': [], 'fsdp_min_num_params': 0, 'fsdp_config': {'min_num_params': 0, 'xla': False, 'xla_fsdp_v2': False, 'xla_fsdp_grad_ckpt': False}, 'fsdp_transformer_layer_cls_to_wrap': None, 'accelerator_config': AcceleratorConfig(split_batches=False, dispatch_batches=None, even_batches=True, use_seedable_sampler=True), 'deepspeed': 'scripts/zero2.json', 'label_smoothing_factor': 0.0, 'optim': <OptimizerNames.ADAMW_TORCH: 'adamw_torch'>, 'optim_args': None, 'adafactor': False, 'group_by_length': False, 'length_column_name': 'length', 'report_to': ['tensorboard'], 'ddp_find_unused_parameters': None, 'ddp_bucket_cap_mb': None, 'ddp_broadcast_buffers': None, 'dataloader_pin_memory': True, 'dataloader_persistent_workers': False, 'skip_memory_metrics': True, 'use_legacy_prediction_loop': False, 'push_to_hub': False, 'resume_from_checkpoint': None, 'hub_model_id': None, 'hub_strategy': <HubStrategy.EVERY_SAVE: 'every_save'>, 'hub_token': None, 'hub_private_repo': False, 'hub_always_push': False, 'gradient_checkpointing': True, 'gradient_checkpointing_kwargs': None, 'include_inputs_for_metrics': False, 'fp16_backend': 'auto', 'push_to_hub_model_id': None, 'push_to_hub_organization': None, 'push_to_hub_token': None, 'mp_parameters': '', 'auto_find_batch_size': False, 'full_determinism': False, 'torchdynamo': None, 'ray_scope': 'last', 'ddp_timeout': 1800, 'torch_compile': False, 'torch_compile_backend': None, 'torch_compile_mode': None, 'dispatch_batches': None, 'split_batches': None, 'include_tokens_per_second': False, 'include_num_input_tokens_seen': False, 'neftune_noise_alpha': None, 'optim_target_modules': None, 'cache_dir': None, 'freeze_mm_mlp_adapter': False, 'freeze_mm_vision_resampler': False, 'mpt_attn_impl': 'triton', 'model_max_length': 8192, 'double_quant': True, 'quant_type': 'nf4', 'bits': 16, 'lora_enable': False, 'lora_r': 64, 'lora_alpha': 16, 'lora_dropout': 0.05, 'lora_weight_path': '', 'lora_bias': 'none', 'mm_projector_lr': None, 'mm_vision_tower_lr': None, 'group_by_varlen': False, 'group_by_modality_length': False, 'group_by_modality_length_auto': False, 'verbose_logging': True, 'attn_implementation': 'sdpa', 'distributed_state': Distributed environment: DEEPSPEED  Backend: nccl
Num processes: 2
Process index: 0
Local process index: 0
Device: cuda:0
, '_n_gpu': 1, '__cached__setup_devices': device(type='cuda', index=0), 'deepspeed_plugin': DeepSpeedPlugin(hf_ds_config=<transformers.integrations.deepspeed.HfTrainerDeepSpeedConfig object at 0x7f50eef894c0>, gradient_accumulation_steps=4, gradient_clipping=1.0, zero_stage=2, is_train_batch_min=True, offload_optimizer_device='none', offload_param_device='none', offload_optimizer_nvme_path='none', offload_param_nvme_path='none', zero3_init_flag=False, zero3_save_16bit_model=False, transformer_moe_cls_names=None), 'hf_deepspeed_config': <transformers.integrations.deepspeed.HfTrainerDeepSpeedConfig object at 0x7f50eef894c0>}


[03:11:25.697450] Rank 0:  Overwriting config with {'vision_encode_type': 'video_image', 'mm_num_compress_latents': 128, 'mm_num_compress_query_type': 'learnable', 'mm_pos_num_frames': 4, 'mm_local_num_frames': 4, 'mm_close_init': False, 'min_slow_num_frames': 4, 'mm_llm_compress': False, 'llm_compress_layer_list': [8, 16, 24], 'llm_image_token_ratio_list': [1.0, 0.5, 0.25, 0.125], 'llm_compress_type': 'attention', 'mm_projector_type': 'tome16_mlp_hd64', 'mm_patch_merge_type': 'flat', 'mm_newline_position': 'one_token', 'use_pos_skipping': False, 'pos_skipping_range': 4096, 'mm_spatial_pool_mode': 'bilinear'}
[03:11:29.575943] Rank 0:  Model config: Qwen2Config {
  "_name_or_path": "Qwen/Qwen2.5-1.5B-Instruct",
  "architectures": [
    "Qwen2ForCausalLM"
  ],
  "attention_dropout": 0.0,
  "bos_token_id": 151643,
  "eos_token_id": 151645,
  "hidden_act": "silu",
  "hidden_size": 1536,
  "initializer_range": 0.02,
  "intermediate_size": 8960,
  "llm_compress_layer_list": [
    8,
    16,
    24
  ],
  "llm_compress_type": "attention",
  "llm_image_token_ratio_list": [
    1.0,
    0.5,
    0.25,
    0.125
  ],
  "max_position_embeddings": 32768,
  "max_window_layers": 21,
  "min_slow_num_frames": 4,
  "mm_close_init": false,
  "mm_llm_compress": false,
  "mm_local_num_frames": 4,
  "mm_newline_position": "one_token",
  "mm_num_compress_latents": 128,
  "mm_num_compress_query_type": "learnable",
  "mm_patch_merge_type": "flat",
  "mm_pos_num_frames": 4,
  "mm_projector_type": "tome16_mlp_hd64",
  "mm_spatial_pool_mode": "bilinear",
  "model_type": "qwen2",
  "num_attention_heads": 12,
  "num_hidden_layers": 28,
  "num_key_value_heads": 2,
  "pos_skipping_range": 4096,
  "rms_norm_eps": 1e-06,
  "rope_scaling": null,
  "rope_theta": 1000000.0,
  "sliding_window": 32768,
  "tie_word_embeddings": true,
  "torch_dtype": "bfloat16",
  "transformers_version": "4.40.0.dev0",
  "use_cache": true,
  "use_pos_skipping": false,
  "use_sliding_window": false,
  "vision_encode_type": "video_image",
  "vocab_size": 151936
}
.
[03:11:29.756719] Rank 0:  Prompt version: plain
[03:11:29.756956] Rank 0:  Loading vision tower: umt-hd-large
[03:11:29.761128] umt: Num of patches: 3136
[03:11:29.761194] umt: Use checkpoint: True
[03:11:29.761213] umt: Checkpoint number: 24
[03:11:29.761228] umt: Real runing depth: 23
[03:11:30.746192] n_position: 3136
[03:11:30.746253] pre_n_position: 784
[03:11:30.746270] Pretraining uses 14x14, but current version is 28x28
[03:11:30.746281] Interpolate the position embedding
[03:11:31.065949] n_position: 784
[03:11:31.065994] pre_n_position: 196
[03:11:31.066010] Pretraining uses 14x14, but current version is 28x28
[03:11:31.066021] Interpolate the position embedding
[03:11:31.097899] umt: attn_type: flash_v2
[03:11:31.153917] umt: attn_type: flash_v2
[03:11:31.210124] umt: attn_type: flash_v2
[03:11:31.272995] umt: attn_type: flash_v2
[03:11:31.324018] umt: attn_type: flash_v2
[03:11:31.384413] umt: attn_type: flash_v2
[03:11:31.445750] umt: attn_type: flash_v2
[03:11:31.496987] umt: attn_type: flash_v2
[03:11:31.549072] umt: attn_type: flash_v2
[03:11:31.600337] umt: attn_type: flash_v2
[03:11:31.651806] umt: attn_type: flash_v2
[03:11:31.702463] umt: attn_type: flash_v2
[03:11:31.754444] umt: attn_type: flash_v2
[03:11:31.807335] umt: attn_type: flash_v2
[03:11:31.859468] umt: attn_type: flash_v2
[03:11:31.912123] umt: attn_type: flash_v2
[03:11:31.973254] umt: attn_type: flash_v2
[03:11:32.025389] umt: attn_type: flash_v2
[03:11:32.084231] umt: attn_type: flash_v2
[03:11:32.138122] umt: attn_type: flash_v2
[03:11:32.190589] umt: attn_type: flash_v2
[03:11:32.244058] umt: attn_type: flash_v2
[03:11:32.296101] umt: attn_type: flash_v2
[03:11:32.334913] umt: With LN: True
[03:11:32.334951] umt: Total 24 layer
[03:11:32.334970] umt: Return 23-th layer
[03:11:33.941954] umt: Loading pretrained weights from /home/ec2-user/workspace/nvme/coding/Video_Encoders_for_Training_VideoChat-Flash/UMT-L_f4_vision.pt _IncompatibleKeys(missing_keys=[], unexpected_keys=['encoder.blocks.23.norm1.weight', 'encoder.blocks.23.norm1.bias', 'encoder.blocks.23.attn.q_bias', 'encoder.blocks.23.attn.v_bias', 'encoder.blocks.23.attn.qkv.weight', 'encoder.blocks.23.attn.proj.weight', 'encoder.blocks.23.attn.proj.bias', 'encoder.blocks.23.norm2.weight', 'encoder.blocks.23.norm2.bias', 'encoder.blocks.23.mlp.fc1.weight', 'encoder.blocks.23.mlp.fc1.bias', 'encoder.blocks.23.mlp.fc2.weight', 'encoder.blocks.23.mlp.fc2.bias'])
[03:11:34.378887] Rank 0:  Using mm_tunable_parts: mm_mlp_adapter
[03:11:34.383530] Rank 0:  Total parameters: ~1838.13 MB)
[03:11:34.383569] Rank 0:  Trainable parameters: ~3.94 MB)
[03:11:34.384917] Rank 0:  Loading OpenGVLab/VideoChat-Flash-Training-Data/annotations/video/smit_caption_481k.json with all sampling strategy
[03:11:37.065330] Rank 0:  Check samples from OpenGVLab/VideoChat-Flash-Training-Data/annotations/video/smit_caption_481k.json, media_type=video, video_read_type=None, data_root=OpenGVLab/smit/S-MiT/
[03:11:37.065422] Rank 0:  Checking: OpenGVLab/smit/S-MiT/videos/bouncing/yt-4orgJDGR6mI_37.mp4
[03:11:37.065485] Rank 0:  Loaded 481113 samples from OpenGVLab/VideoChat-Flash-Training-Data/annotations/video/smit_caption_481k.json, media_type=video, video_read_type=None, data_root=OpenGVLab/smit/S-MiT/
[03:11:37.069387] Rank 0:  Loading OpenGVLab/VideoChat-Flash-Training-Data/annotations/image/blip_laion_cc_sbu_558k.json with all sampling strategy
[03:11:40.349824] Rank 0:  Check samples from OpenGVLab/VideoChat-Flash-Training-Data/annotations/image/blip_laion_cc_sbu_558k.json, media_type=image, video_read_type=None, data_root=OpenGVLab/LLaVA-Pretrain/
[03:11:40.349923] Rank 0:  Checking: OpenGVLab/LLaVA-Pretrain/00453/004539375.jpg
[03:11:40.349983] Rank 0:  Loaded 558128 samples from OpenGVLab/VideoChat-Flash-Training-Data/annotations/image/blip_laion_cc_sbu_558k.json, media_type=image, video_read_type=None, data_root=OpenGVLab/LLaVA-Pretrain/
[03:11:40.354738] Rank 0:  Loaded 1039241 samples from OpenGVLab/LLaVA-Pretrain/00453/004539375.jpg
[03:11:40.354773] Rank 0:  Formatting inputs...Skip in lazy mode
[03:11:40.359010] Rank 0:  Setting NCCL timeout to INF to avoid running errors.
[03:11:40.398246] Rank 0:  model_config after before train: Qwen2Config {
  "_name_or_path": "Qwen/Qwen2.5-1.5B-Instruct",
  "architectures": [
    "Qwen2ForCausalLM"
  ],
  "attention_dropout": 0.0,
  "bos_token_id": 151643,
  "eos_token_id": 151645,
  "frame_aspect_ratio": "square",
  "frame_grid_pinpoints": null,
  "hidden_act": "silu",
  "hidden_size": 1536,
  "image_aspect_ratio": "square",
  "image_crop_resolution": null,
  "image_grid_pinpoints": null,
  "image_split_resolution": null,
  "initializer_range": 0.02,
  "intermediate_size": 8960,
  "llm_compress_layer_list": [
    8,
    16,
    24
  ],
  "llm_compress_type": "attention",
  "llm_image_token_ratio_list": [
    1.0,
    0.5,
    0.25,
    0.125
  ],
  "max_num_pixels": 14745600000,
  "max_position_embeddings": 32768,
  "max_window_layers": 21,
  "min_slow_num_frames": 4,
  "mm_close_init": false,
  "mm_hidden_size": 1024,
  "mm_llm_compress": false,
  "mm_local_num_frames": 4,
  "mm_newline_position": "one_token",
  "mm_num_compress_latents": 128,
  "mm_num_compress_query_type": "learnable",
  "mm_patch_merge_type": "flat",
  "mm_pos_num_frames": 4,
  "mm_projector_lr": null,
  "mm_projector_type": "tome16_mlp_hd64",
  "mm_spatial_pool_mode": "bilinear",
  "mm_tunable_parts": "mm_mlp_adapter",
  "mm_use_im_patch_token": false,
  "mm_use_im_start_end": false,
  "mm_vision_select_feature": "patch",
  "mm_vision_select_layer": -2,
  "mm_vision_tower": "umt-hd-large",
  "mm_vision_tower_lr": null,
  "model_type": "qwen2",
  "num_attention_heads": 12,
  "num_hidden_layers": 28,
  "num_key_value_heads": 2,
  "pos_skipping_range": 4096,
  "rms_norm_eps": 1e-06,
  "rope_scaling": null,
  "rope_theta": 1000000.0,
  "sliding_window": 32768,
  "tie_word_embeddings": true,
  "tokenizer_model_max_length": 8192,
  "tokenizer_padding_side": "right",
  "torch_dtype": "bfloat16",
  "transformers_version": "4.40.0.dev0",
  "use_cache": false,
  "use_mm_proj": true,
  "use_pos_skipping": false,
  "use_sliding_window": false,
  "vision_encode_type": "video_image",
  "vision_tower_pretrained": null,
  "vocab_size": 151936
}

[03:11:42.113682] ninja: no work to do.
[03:11:43.315570] [03:11:43.316813] Time to load fused_adam op: 1.203364610671997 seconds
{'loss': 6.3502, 'grad_norm': 73.20384216308594, 'learning_rate': 4.098360655737705e-06, 'epoch': 0.0}
{'loss': 6.5634, 'grad_norm': 117.66837310791016, 'learning_rate': 8.19672131147541e-06, 'epoch': 0.0}
{'loss': 6.4949, 'grad_norm': 69.0514144897461, 'learning_rate': 1.2295081967213114e-05, 'epoch': 0.0}
{'loss': 6.2989, 'grad_norm': 46.62739944458008, 'learning_rate': 1.639344262295082e-05, 'epoch': 0.0}
{'loss': 6.3258, 'grad_norm': 94.32697296142578, 'learning_rate': 2.0491803278688525e-05, 'epoch': 0.0}
{'loss': 6.2833, 'grad_norm': 129.3441925048828, 'learning_rate': 2.4590163934426228e-05, 'epoch': 0.0}
{'loss': 5.9325, 'grad_norm': 67.29647827148438, 'learning_rate': 2.8688524590163935e-05, 'epoch': 0.0}
{'loss': 5.8319, 'grad_norm': 53.941959381103516, 'learning_rate': 3.278688524590164e-05, 'epoch': 0.0}
{'loss': 5.8789, 'grad_norm': 26.658462524414062, 'learning_rate': 3.6885245901639346e-05, 'epoch': 0.0}
{'loss': 5.5398, 'grad_norm': 38.783935546875, 'learning_rate': 4.098360655737705e-05, 'epoch': 0.0}
{'loss': 5.5337, 'grad_norm': 142.86245727539062, 'learning_rate': 4.508196721311476e-05, 'epoch': 0.0}
{'loss': 5.2991, 'grad_norm': 26.52447509765625, 'learning_rate': 4.9180327868852456e-05, 'epoch': 0.0}
{'loss': 5.3694, 'grad_norm': 15.904367446899414, 'learning_rate': 5.327868852459016e-05, 'epoch': 0.0}
{'loss': 5.2905, 'grad_norm': 31.504497528076172, 'learning_rate': 5.737704918032787e-05, 'epoch': 0.0}
{'loss': 5.1198, 'grad_norm': 22.905704498291016, 'learning_rate': 6.147540983606557e-05, 'epoch': 0.0}
{'loss': 5.0147, 'grad_norm': 160.46615600585938, 'learning_rate': 6.557377049180328e-05, 'epoch': 0.0}
{'loss': 5.091, 'grad_norm': 64.68997192382812, 'learning_rate': 6.967213114754098e-05, 'epoch': 0.0}
{'loss': 5.2623, 'grad_norm': 73.96807861328125, 'learning_rate': 7.377049180327869e-05, 'epoch': 0.0}
{'loss': 5.3376, 'grad_norm': 67.25642395019531, 'learning_rate': 7.78688524590164e-05, 'epoch': 0.0}
{'loss': 5.5458, 'grad_norm': 51.678497314453125, 'learning_rate': 8.19672131147541e-05, 'epoch': 0.0}
{'loss': 5.3829, 'grad_norm': 16.11812400817871, 'learning_rate': 8.606557377049181e-05, 'epoch': 0.0}
{'loss': 5.4767, 'grad_norm': 25.710994720458984, 'learning_rate': 9.016393442622952e-05, 'epoch': 0.0}
{'loss': 5.406, 'grad_norm': 19.920848846435547, 'learning_rate': 9.42622950819672e-05, 'epoch': 0.0}
{'loss': 5.498, 'grad_norm': 14.99565601348877, 'learning_rate': 9.836065573770491e-05, 'epoch': 0.0}
{'loss': 5.1963, 'grad_norm': 17.133895874023438, 'learning_rate': 0.00010245901639344262, 'epoch': 0.0}
{'loss': 5.3869, 'grad_norm': 7.332756519317627, 'learning_rate': 0.00010655737704918032, 'epoch': 0.0}
{'loss': 5.3341, 'grad_norm': 5.731225490570068, 'learning_rate': 0.00011065573770491803, 'epoch': 0.0}
{'loss': 5.1559, 'grad_norm': 3.8902738094329834, 'learning_rate': 0.00011475409836065574, 'epoch': 0.0}
{'loss': 5.1038, 'grad_norm': 4.226180076599121, 'learning_rate': 0.00011885245901639344, 'epoch': 0.0}
{'loss': 4.9718, 'grad_norm': 6.7286529541015625, 'learning_rate': 0.00012295081967213115, 'epoch': 0.0}
{'loss': 4.9441, 'grad_norm': 4.223175048828125, 'learning_rate': 0.00012704918032786886, 'epoch': 0.0}
{'loss': 4.7155, 'grad_norm': 4.974595546722412, 'learning_rate': 0.00013114754098360657, 'epoch': 0.0}
{'loss': 4.9173, 'grad_norm': 5.65606164932251, 'learning_rate': 0.00013524590163934428, 'epoch': 0.0}
{'loss': 4.7392, 'grad_norm': 7.1715216636657715, 'learning_rate': 0.00013934426229508196, 'epoch': 0.0}
{'loss': 4.9708, 'grad_norm': 5.191440582275391, 'learning_rate': 0.00014344262295081967, 'epoch': 0.0}
{'loss': 4.8847, 'grad_norm': 3.581979751586914, 'learning_rate': 0.00014754098360655738, 'epoch': 0.0}
{'loss': 4.8427, 'grad_norm': 6.828965663909912, 'learning_rate': 0.0001516393442622951, 'epoch': 0.0}
{'loss': 4.8941, 'grad_norm': 7.058639049530029, 'learning_rate': 0.0001557377049180328, 'epoch': 0.0}
{'loss': 4.6751, 'grad_norm': 4.336042404174805, 'learning_rate': 0.0001598360655737705, 'epoch': 0.0}
{'loss': 4.731, 'grad_norm': 6.608524322509766, 'learning_rate': 0.0001639344262295082, 'epoch': 0.0}
{'loss': 4.6852, 'grad_norm': 3.683612585067749, 'learning_rate': 0.0001680327868852459, 'epoch': 0.01}
{'loss': 4.7573, 'grad_norm': 3.886561393737793, 'learning_rate': 0.00017213114754098362, 'epoch': 0.01}
{'loss': 4.5907, 'grad_norm': 1.4238208532333374, 'learning_rate': 0.00017622950819672133, 'epoch': 0.01}
{'loss': 4.7059, 'grad_norm': 1.525374412536621, 'learning_rate': 0.00018032786885245904, 'epoch': 0.01}
{'loss': 4.5412, 'grad_norm': 4.618954658508301, 'learning_rate': 0.00018442622950819675, 'epoch': 0.01}
{'loss': 4.6299, 'grad_norm': 1.5463309288024902, 'learning_rate': 0.0001885245901639344, 'epoch': 0.01}
{'loss': 4.5719, 'grad_norm': 2.571507692337036, 'learning_rate': 0.00019262295081967211, 'epoch': 0.01}
{'loss': 4.5252, 'grad_norm': 1.3502243757247925, 'learning_rate': 0.00019672131147540983, 'epoch': 0.01}
{'loss': 4.582, 'grad_norm': 0.9792264103889465, 'learning_rate': 0.00020081967213114754, 'epoch': 0.01}
{'loss': 4.5392, 'grad_norm': 0.760824978351593, 'learning_rate': 0.00020491803278688525, 'epoch': 0.01}
{'loss': 4.4725, 'grad_norm': 0.8649007678031921, 'learning_rate': 0.00020901639344262296, 'epoch': 0.01}
{'loss': 4.4964, 'grad_norm': 1.088643193244934, 'learning_rate': 0.00021311475409836064, 'epoch': 0.01}
{'loss': 4.3945, 'grad_norm': 1.1728870868682861, 'learning_rate': 0.00021721311475409835, 'epoch': 0.01}
{'loss': 4.4339, 'grad_norm': 1.0965825319290161, 'learning_rate': 0.00022131147540983606, 'epoch': 0.01}
{'loss': 4.4268, 'grad_norm': 1.1956983804702759, 'learning_rate': 0.00022540983606557377, 'epoch': 0.01}
{'loss': 4.4334, 'grad_norm': 1.081599473953247, 'learning_rate': 0.00022950819672131148, 'epoch': 0.01}
{'loss': 4.4468, 'grad_norm': 0.6612145900726318, 'learning_rate': 0.0002336065573770492, 'epoch': 0.01}
{'loss': 4.1379, 'grad_norm': 0.743440568447113, 'learning_rate': 0.00023770491803278687, 'epoch': 0.01}
{'loss': 4.192, 'grad_norm': 0.6416614055633545, 'learning_rate': 0.00024180327868852458, 'epoch': 0.01}
{'loss': 4.2226, 'grad_norm': 0.6591609716415405, 'learning_rate': 0.0002459016393442623, 'epoch': 0.01}
{'loss': 4.259, 'grad_norm': 0.8377501964569092, 'learning_rate': 0.00025, 'epoch': 0.01}
{'loss': 4.5108, 'grad_norm': 0.7769096493721008, 'learning_rate': 0.0002540983606557377, 'epoch': 0.01}
{'loss': 4.198, 'grad_norm': 0.7926903367042542, 'learning_rate': 0.0002581967213114754, 'epoch': 0.01}
{'loss': 4.0201, 'grad_norm': 0.7934548258781433, 'learning_rate': 0.00026229508196721314, 'epoch': 0.01}
{'loss': 4.2986, 'grad_norm': 0.8049816489219666, 'learning_rate': 0.00026639344262295085, 'epoch': 0.01}
{'loss': 4.1641, 'grad_norm': 0.9498302340507507, 'learning_rate': 0.00027049180327868856, 'epoch': 0.01}
{'loss': 4.1489, 'grad_norm': 1.1479144096374512, 'learning_rate': 0.00027459016393442627, 'epoch': 0.01}
{'loss': 4.4225, 'grad_norm': 0.6759319305419922, 'learning_rate': 0.0002786885245901639, 'epoch': 0.01}
{'loss': 4.2002, 'grad_norm': 0.7797498106956482, 'learning_rate': 0.00028278688524590163, 'epoch': 0.01}
{'loss': 4.2637, 'grad_norm': 0.6070225238800049, 'learning_rate': 0.00028688524590163934, 'epoch': 0.01}
{'loss': 4.2912, 'grad_norm': 0.567669689655304, 'learning_rate': 0.00029098360655737705, 'epoch': 0.01}
{'loss': 4.2441, 'grad_norm': 0.5634669065475464, 'learning_rate': 0.00029508196721311476, 'epoch': 0.01}
{'loss': 4.2733, 'grad_norm': 0.8967329859733582, 'learning_rate': 0.0002991803278688525, 'epoch': 0.01}
{'loss': 4.2899, 'grad_norm': 0.5990027189254761, 'learning_rate': 0.0003032786885245902, 'epoch': 0.01}
{'loss': 4.1441, 'grad_norm': 0.5503991842269897, 'learning_rate': 0.0003073770491803279, 'epoch': 0.01}
{'loss': 4.3446, 'grad_norm': 0.5466475486755371, 'learning_rate': 0.0003114754098360656, 'epoch': 0.01}
{'loss': 4.1517, 'grad_norm': 0.6010375618934631, 'learning_rate': 0.0003155737704918033, 'epoch': 0.01}
{'loss': 4.3036, 'grad_norm': 0.6740074753761292, 'learning_rate': 0.000319672131147541, 'epoch': 0.01}
{'loss': 4.156, 'grad_norm': 0.5957340002059937, 'learning_rate': 0.00032377049180327874, 'epoch': 0.01}
{'loss': 4.1027, 'grad_norm': 0.684203028678894, 'learning_rate': 0.0003278688524590164, 'epoch': 0.01}
{'loss': 4.3725, 'grad_norm': 0.5923453569412231, 'learning_rate': 0.0003319672131147541, 'epoch': 0.01}
{'loss': 4.0612, 'grad_norm': 0.4731486737728119, 'learning_rate': 0.0003360655737704918, 'epoch': 0.01}
{'loss': 4.1846, 'grad_norm': 0.7095540761947632, 'learning_rate': 0.0003401639344262295, 'epoch': 0.01}
{'loss': 4.2112, 'grad_norm': 0.5893611907958984, 'learning_rate': 0.00034426229508196723, 'epoch': 0.01}
{'loss': 4.0502, 'grad_norm': 0.7172232866287231, 'learning_rate': 0.00034836065573770494, 'epoch': 0.01}
{'loss': 3.8589, 'grad_norm': 0.7587971687316895, 'learning_rate': 0.00035245901639344266, 'epoch': 0.01}
{'loss': 4.1631, 'grad_norm': 1.1213469505310059, 'learning_rate': 0.00035655737704918037, 'epoch': 0.01}
{'loss': 4.1811, 'grad_norm': 1.0429059267044067, 'learning_rate': 0.0003606557377049181, 'epoch': 0.01}
{'loss': 4.1834, 'grad_norm': 1.0465686321258545, 'learning_rate': 0.0003647540983606558, 'epoch': 0.01}
{'loss': 3.9722, 'grad_norm': 0.535133421421051, 'learning_rate': 0.0003688524590163935, 'epoch': 0.01}
{'loss': 3.863, 'grad_norm': 0.5925261378288269, 'learning_rate': 0.0003729508196721312, 'epoch': 0.01}
{'loss': 4.0111, 'grad_norm': 0.5280343890190125, 'learning_rate': 0.0003770491803278688, 'epoch': 0.01}
{'loss': 4.0023, 'grad_norm': 0.6121779680252075, 'learning_rate': 0.0003811475409836065, 'epoch': 0.01}
{'loss': 3.9908, 'grad_norm': 0.6196768879890442, 'learning_rate': 0.00038524590163934423, 'epoch': 0.01}
{'loss': 4.0973, 'grad_norm': 0.5677434802055359, 'learning_rate': 0.00038934426229508194, 'epoch': 0.01}
{'loss': 3.886, 'grad_norm': 0.6099717617034912, 'learning_rate': 0.00039344262295081965, 'epoch': 0.01}
{'loss': 3.8932, 'grad_norm': 0.6156947016716003, 'learning_rate': 0.00039754098360655736, 'epoch': 0.01}
{'loss': 4.0636, 'grad_norm': 0.857390284538269, 'learning_rate': 0.00040163934426229507, 'epoch': 0.01}
{'loss': 3.9469, 'grad_norm': 0.536453902721405, 'learning_rate': 0.0004057377049180328, 'epoch': 0.01}
{'loss': 3.7928, 'grad_norm': 0.5164973735809326, 'learning_rate': 0.0004098360655737705, 'epoch': 0.01}
{'loss': 4.0302, 'grad_norm': 0.4905183017253876, 'learning_rate': 0.0004139344262295082, 'epoch': 0.01}
{'loss': 3.967, 'grad_norm': 0.4686921238899231, 'learning_rate': 0.0004180327868852459, 'epoch': 0.01}
{'loss': 3.9584, 'grad_norm': 0.6021869778633118, 'learning_rate': 0.0004221311475409836, 'epoch': 0.01}
{'loss': 3.7981, 'grad_norm': 0.46845659613609314, 'learning_rate': 0.0004262295081967213, 'epoch': 0.01}
{'loss': 4.0649, 'grad_norm': 0.6626039743423462, 'learning_rate': 0.000430327868852459, 'epoch': 0.01}
{'loss': 3.8486, 'grad_norm': 1.7706373929977417, 'learning_rate': 0.0004344262295081967, 'epoch': 0.01}
{'loss': 3.884, 'grad_norm': 0.4909152090549469, 'learning_rate': 0.0004385245901639344, 'epoch': 0.01}
{'loss': 3.8174, 'grad_norm': 0.6182025074958801, 'learning_rate': 0.0004426229508196721, 'epoch': 0.01}
{'loss': 3.9906, 'grad_norm': 0.5043395757675171, 'learning_rate': 0.00044672131147540983, 'epoch': 0.01}
{'loss': 3.6249, 'grad_norm': 0.5373597741127014, 'learning_rate': 0.00045081967213114754, 'epoch': 0.01}
{'loss': 3.8455, 'grad_norm': 0.6174861192703247, 'learning_rate': 0.00045491803278688525, 'epoch': 0.01}
{'loss': 3.8056, 'grad_norm': 0.46720314025878906, 'learning_rate': 0.00045901639344262296, 'epoch': 0.01}
{'loss': 3.9792, 'grad_norm': 0.7241707444190979, 'learning_rate': 0.00046311475409836067, 'epoch': 0.01}
{'loss': 3.7218, 'grad_norm': 0.5415215492248535, 'learning_rate': 0.0004672131147540984, 'epoch': 0.01}
{'loss': 3.8533, 'grad_norm': 0.4601982831954956, 'learning_rate': 0.0004713114754098361, 'epoch': 0.01}
{'loss': 3.8078, 'grad_norm': 0.5104423761367798, 'learning_rate': 0.00047540983606557375, 'epoch': 0.01}
{'loss': 3.8428, 'grad_norm': 0.550615668296814, 'learning_rate': 0.00047950819672131146, 'epoch': 0.01}
{'loss': 3.9263, 'grad_norm': 0.4520282745361328, 'learning_rate': 0.00048360655737704917, 'epoch': 0.01}
{'loss': 3.8745, 'grad_norm': 0.7309034466743469, 'learning_rate': 0.0004877049180327869, 'epoch': 0.01}
{'loss': 3.8926, 'grad_norm': 0.5475288033485413, 'learning_rate': 0.0004918032786885246, 'epoch': 0.01}
{'loss': 3.7202, 'grad_norm': 0.5153265595436096, 'learning_rate': 0.0004959016393442623, 'epoch': 0.01}
{'loss': 4.0078, 'grad_norm': 1.1698307991027832, 'learning_rate': 0.0005, 'epoch': 0.02}
{'loss': 3.9042, 'grad_norm': 0.5413610935211182, 'learning_rate': 0.0005040983606557376, 'epoch': 0.02}
{'loss': 3.6501, 'grad_norm': 0.571182906627655, 'learning_rate': 0.0005081967213114754, 'epoch': 0.02}
{'loss': 3.7793, 'grad_norm': 0.590560257434845, 'learning_rate': 0.000512295081967213, 'epoch': 0.02}
{'loss': 3.708, 'grad_norm': 0.5676453113555908, 'learning_rate': 0.0005163934426229509, 'epoch': 0.02}
{'loss': 3.7713, 'grad_norm': 0.520993173122406, 'learning_rate': 0.0005204918032786885, 'epoch': 0.02}
{'loss': 3.7354, 'grad_norm': 0.5246340036392212, 'learning_rate': 0.0005245901639344263, 'epoch': 0.02}
{'loss': 3.7753, 'grad_norm': 0.506141722202301, 'learning_rate': 0.0005286885245901639, 'epoch': 0.02}
{'loss': 3.7873, 'grad_norm': 0.4493866264820099, 'learning_rate': 0.0005327868852459017, 'epoch': 0.02}
{'loss': 3.6372, 'grad_norm': 0.46671783924102783, 'learning_rate': 0.0005368852459016393, 'epoch': 0.02}
{'loss': 3.8504, 'grad_norm': 0.4912184476852417, 'learning_rate': 0.0005409836065573771, 'epoch': 0.02}
{'loss': 3.7, 'grad_norm': 0.4775334298610687, 'learning_rate': 0.0005450819672131147, 'epoch': 0.02}
{'loss': 3.6415, 'grad_norm': 0.47088518738746643, 'learning_rate': 0.0005491803278688525, 'epoch': 0.02}
{'loss': 3.8135, 'grad_norm': 4.346482753753662, 'learning_rate': 0.0005532786885245901, 'epoch': 0.02}
{'loss': 3.7998, 'grad_norm': 0.5326228737831116, 'learning_rate': 0.0005573770491803278, 'epoch': 0.02}
{'loss': 3.6665, 'grad_norm': 0.4437471628189087, 'learning_rate': 0.0005614754098360656, 'epoch': 0.02}
{'loss': 3.6361, 'grad_norm': 0.5530521273612976, 'learning_rate': 0.0005655737704918033, 'epoch': 0.02}
{'loss': 3.7122, 'grad_norm': 0.5113239288330078, 'learning_rate': 0.000569672131147541, 'epoch': 0.02}
{'loss': 3.6875, 'grad_norm': 0.5058602094650269, 'learning_rate': 0.0005737704918032787, 'epoch': 0.02}
{'loss': 3.7512, 'grad_norm': 0.5709724426269531, 'learning_rate': 0.0005778688524590164, 'epoch': 0.02}
{'loss': 3.7769, 'grad_norm': 0.5724583268165588, 'learning_rate': 0.0005819672131147541, 'epoch': 0.02}
{'loss': 3.5674, 'grad_norm': 0.6091394424438477, 'learning_rate': 0.0005860655737704918, 'epoch': 0.02}
{'loss': 3.6383, 'grad_norm': 0.5010807514190674, 'learning_rate': 0.0005901639344262295, 'epoch': 0.02}
{'loss': 3.6824, 'grad_norm': 0.9032114744186401, 'learning_rate': 0.0005942622950819672, 'epoch': 0.02}
{'loss': 3.633, 'grad_norm': 0.5688629150390625, 'learning_rate': 0.000598360655737705, 'epoch': 0.02}
{'loss': 3.6916, 'grad_norm': 0.5645039677619934, 'learning_rate': 0.0006024590163934426, 'epoch': 0.02}
{'loss': 3.7557, 'grad_norm': 0.5226606130599976, 'learning_rate': 0.0006065573770491804, 'epoch': 0.02}
{'loss': 3.6328, 'grad_norm': 0.5886120200157166, 'learning_rate': 0.000610655737704918, 'epoch': 0.02}
{'loss': 3.6284, 'grad_norm': 0.5919682383537292, 'learning_rate': 0.0006147540983606558, 'epoch': 0.02}
{'loss': 3.7165, 'grad_norm': 0.6626785397529602, 'learning_rate': 0.0006188524590163934, 'epoch': 0.02}
{'loss': 3.5986, 'grad_norm': 0.5795603394508362, 'learning_rate': 0.0006229508196721312, 'epoch': 0.02}
{'loss': 3.5128, 'grad_norm': 0.6422820687294006, 'learning_rate': 0.0006270491803278688, 'epoch': 0.02}
{'loss': 3.4868, 'grad_norm': 0.5906011462211609, 'learning_rate': 0.0006311475409836066, 'epoch': 0.02}
{'loss': 3.5823, 'grad_norm': 0.5444237589836121, 'learning_rate': 0.0006352459016393442, 'epoch': 0.02}
{'loss': 3.5737, 'grad_norm': 0.5296332836151123, 'learning_rate': 0.000639344262295082, 'epoch': 0.02}
{'loss': 3.7641, 'grad_norm': 0.8428152203559875, 'learning_rate': 0.0006434426229508197, 'epoch': 0.02}
{'loss': 3.6958, 'grad_norm': 0.617496907711029, 'learning_rate': 0.0006475409836065575, 'epoch': 0.02}
{'loss': 3.6977, 'grad_norm': 0.6662867069244385, 'learning_rate': 0.0006516393442622951, 'epoch': 0.02}
{'loss': 3.7071, 'grad_norm': 0.6253945827484131, 'learning_rate': 0.0006557377049180328, 'epoch': 0.02}
{'loss': 3.7149, 'grad_norm': 0.5928406119346619, 'learning_rate': 0.0006598360655737705, 'epoch': 0.02}
{'loss': 3.6177, 'grad_norm': 0.5332522988319397, 'learning_rate': 0.0006639344262295082, 'epoch': 0.02}
{'loss': 3.6276, 'grad_norm': 0.6276847720146179, 'learning_rate': 0.0006680327868852459, 'epoch': 0.02}
{'loss': 3.5548, 'grad_norm': 0.6173747181892395, 'learning_rate': 0.0006721311475409836, 'epoch': 0.02}
{'loss': 3.6516, 'grad_norm': 0.5887608528137207, 'learning_rate': 0.0006762295081967213, 'epoch': 0.02}
{'loss': 3.3889, 'grad_norm': 0.5602125525474548, 'learning_rate': 0.000680327868852459, 'epoch': 0.02}
{'loss': 3.6336, 'grad_norm': 0.6004533767700195, 'learning_rate': 0.0006844262295081968, 'epoch': 0.02}
{'loss': 3.5753, 'grad_norm': 0.5568292737007141, 'learning_rate': 0.0006885245901639345, 'epoch': 0.02}
{'loss': 3.5087, 'grad_norm': 0.6081141233444214, 'learning_rate': 0.0006926229508196722, 'epoch': 0.02}
{'loss': 3.5201, 'grad_norm': 0.5868334174156189, 'learning_rate': 0.0006967213114754099, 'epoch': 0.02}
{'loss': 3.6814, 'grad_norm': 0.6352286338806152, 'learning_rate': 0.0007008196721311475, 'epoch': 0.02}
{'loss': 3.5433, 'grad_norm': 0.5774111151695251, 'learning_rate': 0.0007049180327868853, 'epoch': 0.02}
{'loss': 3.5352, 'grad_norm': 4.132448196411133, 'learning_rate': 0.0007090163934426229, 'epoch': 0.02}
{'loss': 3.5587, 'grad_norm': 0.6172453165054321, 'learning_rate': 0.0007131147540983607, 'epoch': 0.02}
{'loss': 3.5003, 'grad_norm': 0.5468850135803223, 'learning_rate': 0.0007172131147540983, 'epoch': 0.02}
{'loss': 3.4653, 'grad_norm': 0.6337341070175171, 'learning_rate': 0.0007213114754098362, 'epoch': 0.02}
{'loss': 3.6308, 'grad_norm': 0.5761194229125977, 'learning_rate': 0.0007254098360655738, 'epoch': 0.02}
{'loss': 3.7235, 'grad_norm': 0.5712098479270935, 'learning_rate': 0.0007295081967213116, 'epoch': 0.02}
{'loss': 3.4523, 'grad_norm': 0.5197626352310181, 'learning_rate': 0.0007336065573770492, 'epoch': 0.02}
{'loss': 3.7215, 'grad_norm': 0.7503135800361633, 'learning_rate': 0.000737704918032787, 'epoch': 0.02}
{'loss': 3.5844, 'grad_norm': 0.8035941123962402, 'learning_rate': 0.0007418032786885246, 'epoch': 0.02}
{'loss': 3.5422, 'grad_norm': 0.5097005367279053, 'learning_rate': 0.0007459016393442624, 'epoch': 0.02}
{'loss': 3.5066, 'grad_norm': 0.5031031966209412, 'learning_rate': 0.00075, 'epoch': 0.02}
{'loss': 3.5315, 'grad_norm': 0.550470769405365, 'learning_rate': 0.0007540983606557376, 'epoch': 0.02}
{'loss': 3.4868, 'grad_norm': 0.76400226354599, 'learning_rate': 0.0007581967213114754, 'epoch': 0.02}
{'loss': 3.5341, 'grad_norm': 0.5893771052360535, 'learning_rate': 0.000762295081967213, 'epoch': 0.02}
{'loss': 3.5753, 'grad_norm': 0.5608227252960205, 'learning_rate': 0.0007663934426229509, 'epoch': 0.02}
{'loss': 3.6048, 'grad_norm': 0.5863286852836609, 'learning_rate': 0.0007704918032786885, 'epoch': 0.02}
{'loss': 3.486, 'grad_norm': 0.5655336380004883, 'learning_rate': 0.0007745901639344263, 'epoch': 0.02}
{'loss': 3.557, 'grad_norm': 0.5303554534912109, 'learning_rate': 0.0007786885245901639, 'epoch': 0.02}
{'loss': 3.5817, 'grad_norm': 0.46821287274360657, 'learning_rate': 0.0007827868852459017, 'epoch': 0.02}
{'loss': 3.5361, 'grad_norm': 0.5178946852684021, 'learning_rate': 0.0007868852459016393, 'epoch': 0.02}
{'loss': 3.4181, 'grad_norm': 0.4837517738342285, 'learning_rate': 0.0007909836065573771, 'epoch': 0.02}
{'loss': 3.5222, 'grad_norm': 0.5261287093162537, 'learning_rate': 0.0007950819672131147, 'epoch': 0.02}
{'loss': 3.6199, 'grad_norm': 0.584331214427948, 'learning_rate': 0.0007991803278688525, 'epoch': 0.02}
{'loss': 3.43, 'grad_norm': 0.4469881057739258, 'learning_rate': 0.0008032786885245901, 'epoch': 0.02}
{'loss': 3.5059, 'grad_norm': 0.5458537936210632, 'learning_rate': 0.0008073770491803279, 'epoch': 0.02}
{'loss': 3.3664, 'grad_norm': 0.5408518314361572, 'learning_rate': 0.0008114754098360656, 'epoch': 0.02}
{'loss': 3.4028, 'grad_norm': 0.6710054278373718, 'learning_rate': 0.0008155737704918033, 'epoch': 0.02}
{'loss': 3.4089, 'grad_norm': 0.49936482310295105, 'learning_rate': 0.000819672131147541, 'epoch': 0.02}
{'loss': 3.4978, 'grad_norm': 0.646609365940094, 'learning_rate': 0.0008237704918032787, 'epoch': 0.02}
{'loss': 3.5505, 'grad_norm': 0.5694751143455505, 'learning_rate': 0.0008278688524590164, 'epoch': 0.02}
{'loss': 3.3706, 'grad_norm': 0.46614640951156616, 'learning_rate': 0.0008319672131147541, 'epoch': 0.03}
{'loss': 3.3103, 'grad_norm': 0.5763410925865173, 'learning_rate': 0.0008360655737704918, 'epoch': 0.03}
{'loss': 3.5642, 'grad_norm': 0.5451875329017639, 'learning_rate': 0.0008401639344262295, 'epoch': 0.03}
{'loss': 3.732, 'grad_norm': 1.0699291229248047, 'learning_rate': 0.0008442622950819672, 'epoch': 0.03}
{'loss': 3.5893, 'grad_norm': 0.5398575067520142, 'learning_rate': 0.000848360655737705, 'epoch': 0.03}
{'loss': 3.4529, 'grad_norm': 0.5482414364814758, 'learning_rate': 0.0008524590163934426, 'epoch': 0.03}
{'loss': 3.4565, 'grad_norm': 0.5616784691810608, 'learning_rate': 0.0008565573770491804, 'epoch': 0.03}
{'loss': 3.3709, 'grad_norm': 0.5779203772544861, 'learning_rate': 0.000860655737704918, 'epoch': 0.03}
{'loss': 3.4713, 'grad_norm': 0.5270940065383911, 'learning_rate': 0.0008647540983606558, 'epoch': 0.03}
{'loss': 3.3033, 'grad_norm': 0.48350486159324646, 'learning_rate': 0.0008688524590163934, 'epoch': 0.03}
{'loss': 3.417, 'grad_norm': 0.5264052748680115, 'learning_rate': 0.0008729508196721312, 'epoch': 0.03}
{'loss': 3.5401, 'grad_norm': 0.5814129710197449, 'learning_rate': 0.0008770491803278688, 'epoch': 0.03}
{'loss': 3.628, 'grad_norm': 0.5199583172798157, 'learning_rate': 0.0008811475409836066, 'epoch': 0.03}
{'loss': 3.3085, 'grad_norm': 0.4716772437095642, 'learning_rate': 0.0008852459016393442, 'epoch': 0.03}
{'loss': 3.473, 'grad_norm': 0.5148259997367859, 'learning_rate': 0.0008893442622950821, 'epoch': 0.03}
{'loss': 3.3655, 'grad_norm': 0.5188714861869812, 'learning_rate': 0.0008934426229508197, 'epoch': 0.03}
{'loss': 3.4412, 'grad_norm': 0.5685559511184692, 'learning_rate': 0.0008975409836065575, 'epoch': 0.03}
{'loss': 3.4556, 'grad_norm': 0.4597678482532501, 'learning_rate': 0.0009016393442622951, 'epoch': 0.03}
{'loss': 3.5184, 'grad_norm': 0.46995794773101807, 'learning_rate': 0.0009057377049180328, 'epoch': 0.03}
{'loss': 3.4335, 'grad_norm': 0.5254586338996887, 'learning_rate': 0.0009098360655737705, 'epoch': 0.03}
{'loss': 3.5139, 'grad_norm': 0.5092989206314087, 'learning_rate': 0.0009139344262295082, 'epoch': 0.03}
{'loss': 3.3477, 'grad_norm': 0.4871361553668976, 'learning_rate': 0.0009180327868852459, 'epoch': 0.03}
{'loss': 3.5213, 'grad_norm': 0.48092103004455566, 'learning_rate': 0.0009221311475409836, 'epoch': 0.03}
{'loss': 3.5495, 'grad_norm': 0.47665169835090637, 'learning_rate': 0.0009262295081967213, 'epoch': 0.03}
{'loss': 3.4938, 'grad_norm': 0.4595343768596649, 'learning_rate': 0.000930327868852459, 'epoch': 0.03}
{'loss': 3.4255, 'grad_norm': 0.5042027235031128, 'learning_rate': 0.0009344262295081968, 'epoch': 0.03}
{'loss': 3.5497, 'grad_norm': 0.45575442910194397, 'learning_rate': 0.0009385245901639345, 'epoch': 0.03}
{'loss': 3.6041, 'grad_norm': 0.44856640696525574, 'learning_rate': 0.0009426229508196722, 'epoch': 0.03}
{'loss': 3.5066, 'grad_norm': 0.4418082535266876, 'learning_rate': 0.0009467213114754099, 'epoch': 0.03}
{'loss': 3.5495, 'grad_norm': 0.4404071867465973, 'learning_rate': 0.0009508196721311475, 'epoch': 0.03}
{'loss': 3.4366, 'grad_norm': 0.4487908184528351, 'learning_rate': 0.0009549180327868853, 'epoch': 0.03}
{'loss': 3.4051, 'grad_norm': 0.42054128646850586, 'learning_rate': 0.0009590163934426229, 'epoch': 0.03}
{'loss': 3.415, 'grad_norm': 0.41634702682495117, 'learning_rate': 0.0009631147540983607, 'epoch': 0.03}
{'loss': 3.3313, 'grad_norm': 0.46150967478752136, 'learning_rate': 0.0009672131147540983, 'epoch': 0.03}
{'loss': 3.4834, 'grad_norm': 0.6093139052391052, 'learning_rate': 0.0009713114754098362, 'epoch': 0.03}
{'loss': 3.5116, 'grad_norm': 0.46899542212486267, 'learning_rate': 0.0009754098360655738, 'epoch': 0.03}
{'loss': 3.5319, 'grad_norm': 0.4762127101421356, 'learning_rate': 0.0009795081967213116, 'epoch': 0.03}
{'loss': 3.4591, 'grad_norm': 0.4587714970111847, 'learning_rate': 0.0009836065573770492, 'epoch': 0.03}
{'loss': 3.4707, 'grad_norm': 0.4512953460216522, 'learning_rate': 0.000987704918032787, 'epoch': 0.03}
{'loss': 3.4756, 'grad_norm': 0.5487574934959412, 'learning_rate': 0.0009918032786885246, 'epoch': 0.03}
{'loss': 3.464, 'grad_norm': 1.8312129974365234, 'learning_rate': 0.0009959016393442624, 'epoch': 0.03}
{'loss': 3.5715, 'grad_norm': 0.44277122616767883, 'learning_rate': 0.001, 'epoch': 0.03}
{'loss': 3.5017, 'grad_norm': 0.4542977809906006, 'learning_rate': 0.0009999999602132354, 'epoch': 0.03}
{'loss': 3.4021, 'grad_norm': 0.49916672706604004, 'learning_rate': 0.0009999998408529484, 'epoch': 0.03}
{'loss': 3.4517, 'grad_norm': 0.5177308320999146, 'learning_rate': 0.0009999996419191575, 'epoch': 0.03}
{'loss': 3.2613, 'grad_norm': 0.4743852913379669, 'learning_rate': 0.0009999993634118947, 'epoch': 0.03}
{'loss': 3.3241, 'grad_norm': 0.4966771900653839, 'learning_rate': 0.0009999990053312041, 'epoch': 0.03}
{'loss': 3.3313, 'grad_norm': 0.5449729561805725, 'learning_rate': 0.0009999985676771427, 'epoch': 0.03}
{'loss': 3.3333, 'grad_norm': 0.46845757961273193, 'learning_rate': 0.0009999980504497804, 'epoch': 0.03}
{'loss': 3.4074, 'grad_norm': 0.5139245986938477, 'learning_rate': 0.0009999974536491992, 'epoch': 0.03}
{'loss': 3.4212, 'grad_norm': 0.48567357659339905, 'learning_rate': 0.0009999967772754944, 'epoch': 0.03}
{'loss': 3.2619, 'grad_norm': 0.5186247825622559, 'learning_rate': 0.0009999960213287733, 'epoch': 0.03}
{'loss': 3.4266, 'grad_norm': 0.559878408908844, 'learning_rate': 0.0009999951858091565, 'epoch': 0.03}
{'loss': 3.3468, 'grad_norm': 0.4200444221496582, 'learning_rate': 0.0009999942707167768, 'epoch': 0.03}
{'loss': 3.407, 'grad_norm': 0.42671000957489014, 'learning_rate': 0.00099999327605178, 'epoch': 0.03}
{'loss': 3.5138, 'grad_norm': 0.4326339662075043, 'learning_rate': 0.0009999922018143243, 'epoch': 0.03}
{'loss': 3.4208, 'grad_norm': 0.4375549256801605, 'learning_rate': 0.0009999910480045803, 'epoch': 0.03}
{'loss': 3.4816, 'grad_norm': 0.4723256230354309, 'learning_rate': 0.0009999898146227323, 'epoch': 0.03}
{'loss': 3.4225, 'grad_norm': 0.4021574854850769, 'learning_rate': 0.0009999885016689762, 'epoch': 0.03}
{'loss': 3.4893, 'grad_norm': 0.5216436982154846, 'learning_rate': 0.000999987109143521, 'epoch': 0.03}
{'loss': 3.3009, 'grad_norm': 0.49226614832878113, 'learning_rate': 0.0009999856370465883, 'epoch': 0.03}
{'loss': 3.4877, 'grad_norm': 0.5383412837982178, 'learning_rate': 0.0009999840853784124, 'epoch': 0.03}
{'loss': 3.4001, 'grad_norm': 0.4442737102508545, 'learning_rate': 0.0009999824541392405, 'epoch': 0.03}
{'loss': 3.4005, 'grad_norm': 0.468007892370224, 'learning_rate': 0.0009999807433293316, 'epoch': 0.03}
{'loss': 3.4263, 'grad_norm': 0.417875200510025, 'learning_rate': 0.0009999789529489586, 'epoch': 0.03}
{'loss': 3.585, 'grad_norm': 0.4835326671600342, 'learning_rate': 0.0009999770829984059, 'epoch': 0.03}
{'loss': 3.4913, 'grad_norm': 0.44490641355514526, 'learning_rate': 0.0009999751334779715, 'epoch': 0.03}
{'loss': 3.3749, 'grad_norm': 0.4137023687362671, 'learning_rate': 0.0009999731043879656, 'epoch': 0.03}
{'loss': 3.3058, 'grad_norm': 0.40161556005477905, 'learning_rate': 0.000999970995728711, 'epoch': 0.03}
{'loss': 3.3966, 'grad_norm': 0.4399162828922272, 'learning_rate': 0.0009999688075005434, 'epoch': 0.03}
{'loss': 3.327, 'grad_norm': 0.4118916690349579, 'learning_rate': 0.0009999665397038106, 'epoch': 0.03}
{'loss': 3.4741, 'grad_norm': 0.47322919964790344, 'learning_rate': 0.0009999641923388743, 'epoch': 0.03}
{'loss': 3.391, 'grad_norm': 0.4395611882209778, 'learning_rate': 0.0009999617654061076, 'epoch': 0.03}
{'loss': 3.3784, 'grad_norm': 0.4449274241924286, 'learning_rate': 0.0009999592589058969, 'epoch': 0.03}
{'loss': 3.4998, 'grad_norm': 0.4515223503112793, 'learning_rate': 0.0009999566728386407, 'epoch': 0.03}
{'loss': 3.334, 'grad_norm': 0.4352565109729767, 'learning_rate': 0.000999954007204751, 'epoch': 0.03}
{'loss': 3.365, 'grad_norm': 0.40647220611572266, 'learning_rate': 0.0009999512620046521, 'epoch': 0.03}
{'loss': 3.4952, 'grad_norm': 0.41989511251449585, 'learning_rate': 0.0009999484372387806, 'epoch': 0.03}
{'loss': 3.3878, 'grad_norm': 0.4021958112716675, 'learning_rate': 0.0009999455329075862, 'epoch': 0.03}
{'loss': 3.2895, 'grad_norm': 0.4723716378211975, 'learning_rate': 0.0009999425490115309, 'epoch': 0.03}
{'loss': 3.5064, 'grad_norm': 1.4471986293792725, 'learning_rate': 0.0009999394855510898, 'epoch': 0.03}
{'loss': 3.389, 'grad_norm': 0.4121348559856415, 'learning_rate': 0.0009999363425267506, 'epoch': 0.03}
{'loss': 3.4068, 'grad_norm': 0.42461901903152466, 'learning_rate': 0.0009999331199390129, 'epoch': 0.04}
{'loss': 3.3307, 'grad_norm': 0.44825753569602966, 'learning_rate': 0.0009999298177883903, 'epoch': 0.04}
{'loss': 3.3957, 'grad_norm': 0.46202459931373596, 'learning_rate': 0.0009999264360754077, 'epoch': 0.04}
{'loss': 3.3962, 'grad_norm': 0.4662034213542938, 'learning_rate': 0.0009999229748006038, 'epoch': 0.04}
{'loss': 3.1885, 'grad_norm': 0.4464470148086548, 'learning_rate': 0.0009999194339645292, 'epoch': 0.04}
{'loss': 3.4233, 'grad_norm': 0.4378081262111664, 'learning_rate': 0.0009999158135677473, 'epoch': 0.04}
{'loss': 3.4605, 'grad_norm': 0.4446760416030884, 'learning_rate': 0.0009999121136108344, 'epoch': 0.04}
{'loss': 3.4478, 'grad_norm': 0.45880264043807983, 'learning_rate': 0.0009999083340943796, 'epoch': 0.04}
{'loss': 3.4102, 'grad_norm': 0.3945893347263336, 'learning_rate': 0.0009999044750189838, 'epoch': 0.04}
{'loss': 3.3225, 'grad_norm': 0.4317651689052582, 'learning_rate': 0.0009999005363852617, 'epoch': 0.04}
{'loss': 3.2841, 'grad_norm': 0.4389723241329193, 'learning_rate': 0.00099989651819384, 'epoch': 0.04}
{'loss': 3.4539, 'grad_norm': 0.41160276532173157, 'learning_rate': 0.000999892420445358, 'epoch': 0.04}
{'loss': 3.3355, 'grad_norm': 0.3933647871017456, 'learning_rate': 0.000999888243140468, 'epoch': 0.04}
{'loss': 3.4183, 'grad_norm': 0.38210973143577576, 'learning_rate': 0.0009998839862798347, 'epoch': 0.04}
{'loss': 3.4575, 'grad_norm': 0.443352609872818, 'learning_rate': 0.0009998796498641358, 'epoch': 0.04}
{'loss': 3.4658, 'grad_norm': 0.4347047507762909, 'learning_rate': 0.0009998752338940611, 'epoch': 0.04}
{'loss': 3.2912, 'grad_norm': 0.39335939288139343, 'learning_rate': 0.0009998707383703136, 'epoch': 0.04}
{'loss': 3.2846, 'grad_norm': 0.4601875841617584, 'learning_rate': 0.0009998661632936087, 'epoch': 0.04}
{'loss': 3.3353, 'grad_norm': 0.5012357831001282, 'learning_rate': 0.0009998615086646745, 'epoch': 0.04}
{'loss': 3.3574, 'grad_norm': 0.39882993698120117, 'learning_rate': 0.0009998567744842518, 'epoch': 0.04}
{'loss': 3.3156, 'grad_norm': 0.45517730712890625, 'learning_rate': 0.000999851960753094, 'epoch': 0.04}
{'loss': 3.2651, 'grad_norm': 0.4274715483188629, 'learning_rate': 0.0009998470674719671, 'epoch': 0.04}
{'loss': 3.3921, 'grad_norm': 0.4411943554878235, 'learning_rate': 0.00099984209464165, 'epoch': 0.04}
{'loss': 3.3227, 'grad_norm': 0.43577298521995544, 'learning_rate': 0.0009998370422629342, 'epoch': 0.04}
{'loss': 3.275, 'grad_norm': 0.43738821148872375, 'learning_rate': 0.0009998319103366234, 'epoch': 0.04}
{'loss': 3.3862, 'grad_norm': 0.39111393690109253, 'learning_rate': 0.0009998266988635346, 'epoch': 0.04}
{'loss': 3.2828, 'grad_norm': 0.40745148062705994, 'learning_rate': 0.0009998214078444975, 'epoch': 0.04}
{'loss': 3.2684, 'grad_norm': 0.42073971033096313, 'learning_rate': 0.0009998160372803534, 'epoch': 0.04}
{'loss': 3.4279, 'grad_norm': 0.3791138529777527, 'learning_rate': 0.0009998105871719576, 'epoch': 0.04}
{'loss': 3.3118, 'grad_norm': 0.3676139712333679, 'learning_rate': 0.000999805057520177, 'epoch': 0.04}
{'loss': 3.3685, 'grad_norm': 0.4088050127029419, 'learning_rate': 0.0009997994483258923, 'epoch': 0.04}
{'loss': 3.3096, 'grad_norm': 0.4283647835254669, 'learning_rate': 0.0009997937595899958, 'epoch': 0.04}
{'loss': 3.4301, 'grad_norm': 0.3845081627368927, 'learning_rate': 0.0009997879913133925, 'epoch': 0.04}
{'loss': 3.2752, 'grad_norm': 0.4239855110645294, 'learning_rate': 0.000999782143497001, 'epoch': 0.04}
{'loss': 3.3009, 'grad_norm': 0.44185972213745117, 'learning_rate': 0.0009997762161417516, 'epoch': 0.04}
{'loss': 3.3299, 'grad_norm': 0.41247397661209106, 'learning_rate': 0.000999770209248588, 'epoch': 0.04}
{'loss': 3.261, 'grad_norm': 0.4239708185195923, 'learning_rate': 0.0009997641228184655, 'epoch': 0.04}
{'loss': 3.2645, 'grad_norm': 0.45179513096809387, 'learning_rate': 0.0009997579568523534, 'epoch': 0.04}
{'loss': 3.4288, 'grad_norm': 0.43393242359161377, 'learning_rate': 0.0009997517113512326, 'epoch': 0.04}
{'loss': 3.2713, 'grad_norm': 0.4053172171115875, 'learning_rate': 0.0009997453863160974, 'epoch': 0.04}
{'loss': 3.3894, 'grad_norm': 0.38959845900535583, 'learning_rate': 0.000999738981747954, 'epoch': 0.04}
{'loss': 3.3473, 'grad_norm': 0.3455372750759125, 'learning_rate': 0.000999732497647822, 'epoch': 0.04}
{'loss': 3.3076, 'grad_norm': 0.37297868728637695, 'learning_rate': 0.0009997259340167332, 'epoch': 0.04}
{'loss': 3.3486, 'grad_norm': 0.40268364548683167, 'learning_rate': 0.0009997192908557321, 'epoch': 0.04}
{'loss': 3.3754, 'grad_norm': 0.3507140874862671, 'learning_rate': 0.0009997125681658761, 'epoch': 0.04}
{'loss': 3.3171, 'grad_norm': 0.35351765155792236, 'learning_rate': 0.000999705765948235, 'epoch': 0.04}
{'loss': 3.2902, 'grad_norm': 0.3953463137149811, 'learning_rate': 0.0009996988842038913, 'epoch': 0.04}
{'loss': 3.3213, 'grad_norm': 0.40045928955078125, 'learning_rate': 0.0009996919229339405, 'epoch': 0.04}
{'loss': 3.4794, 'grad_norm': 0.4297313392162323, 'learning_rate': 0.00099968488213949, 'epoch': 0.04}
{'loss': 3.2981, 'grad_norm': 0.3803912401199341, 'learning_rate': 0.0009996777618216607, 'epoch': 0.04}
{'loss': 3.2467, 'grad_norm': 0.34882983565330505, 'learning_rate': 0.0009996705619815856, 'epoch': 0.04}
{'loss': 3.2438, 'grad_norm': 0.3807510733604431, 'learning_rate': 0.0009996632826204106, 'epoch': 0.04}
{'loss': 3.4704, 'grad_norm': 0.420793354511261, 'learning_rate': 0.0009996559237392942, 'epoch': 0.04}
{'loss': 3.3251, 'grad_norm': 0.38173913955688477, 'learning_rate': 0.0009996484853394075, 'epoch': 0.04}
{'loss': 3.3576, 'grad_norm': 0.40624529123306274, 'learning_rate': 0.0009996409674219342, 'epoch': 0.04}
{'loss': 3.4202, 'grad_norm': 0.362190842628479, 'learning_rate': 0.000999633369988071, 'epoch': 0.04}
{'loss': 3.5128, 'grad_norm': 0.4199070930480957, 'learning_rate': 0.0009996256930390269, 'epoch': 0.04}
{'loss': 3.3517, 'grad_norm': 0.36426234245300293, 'learning_rate': 0.0009996179365760235, 'epoch': 0.04}
{'loss': 3.3093, 'grad_norm': 0.37720197439193726, 'learning_rate': 0.0009996101006002954, 'epoch': 0.04}
{'loss': 3.3656, 'grad_norm': 0.4083711802959442, 'learning_rate': 0.0009996021851130896, 'epoch': 0.04}
{'loss': 3.3722, 'grad_norm': 0.38231953978538513, 'learning_rate': 0.000999594190115666, 'epoch': 0.04}
{'loss': 3.3063, 'grad_norm': 0.3771817088127136, 'learning_rate': 0.0009995861156092967, 'epoch': 0.04}
{'loss': 3.3546, 'grad_norm': 0.3632902503013611, 'learning_rate': 0.000999577961595267, 'epoch': 0.04}
{'loss': 3.4863, 'grad_norm': 0.37289780378341675, 'learning_rate': 0.0009995697280748743, 'epoch': 0.04}
{'loss': 3.4453, 'grad_norm': 0.41002750396728516, 'learning_rate': 0.0009995614150494292, 'epoch': 0.04}
{'loss': 3.4191, 'grad_norm': 0.3974040150642395, 'learning_rate': 0.0009995530225202546, 'epoch': 0.04}
{'loss': 3.3854, 'grad_norm': 0.7451160550117493, 'learning_rate': 0.000999544550488686, 'epoch': 0.04}
{'loss': 3.2345, 'grad_norm': 0.3841828405857086, 'learning_rate': 0.0009995359989560721, 'epoch': 0.04}
{'loss': 3.2843, 'grad_norm': 0.4093204438686371, 'learning_rate': 0.0009995273679237733, 'epoch': 0.04}
{'loss': 3.3466, 'grad_norm': 0.4374808073043823, 'learning_rate': 0.0009995186573931638, 'epoch': 0.04}
{'loss': 3.2253, 'grad_norm': 1.5745038986206055, 'learning_rate': 0.0009995098673656294, 'epoch': 0.04}
{'loss': 3.3478, 'grad_norm': 0.4697487950325012, 'learning_rate': 0.0009995009978425692, 'epoch': 0.04}
{'loss': 3.4186, 'grad_norm': 0.4312851130962372, 'learning_rate': 0.0009994920488253945, 'epoch': 0.04}
{'loss': 3.4481, 'grad_norm': 0.42358773946762085, 'learning_rate': 0.0009994830203155299, 'epoch': 0.04}
{'loss': 3.2751, 'grad_norm': 0.39111894369125366, 'learning_rate': 0.000999473912314412, 'epoch': 0.04}
{'loss': 3.3298, 'grad_norm': 0.42202481627464294, 'learning_rate': 0.0009994647248234905, 'epoch': 0.04}
{'loss': 3.2909, 'grad_norm': 0.4263765513896942, 'learning_rate': 0.0009994554578442274, 'epoch': 0.04}
{'loss': 3.3475, 'grad_norm': 0.4149656593799591, 'learning_rate': 0.0009994461113780977, 'epoch': 0.04}
{'loss': 3.2475, 'grad_norm': 0.3485477566719055, 'learning_rate': 0.0009994366854265886, 'epoch': 0.04}
{'loss': 3.334, 'grad_norm': 0.38550668954849243, 'learning_rate': 0.0009994271799912003, 'epoch': 0.04}
{'loss': 3.3522, 'grad_norm': 0.405121773481369, 'learning_rate': 0.0009994175950734457, 'epoch': 0.04}
{'loss': 3.3249, 'grad_norm': 0.39591455459594727, 'learning_rate': 0.00099940793067485, 'epoch': 0.05}
{'loss': 3.4075, 'grad_norm': 0.3722008764743805, 'learning_rate': 0.0009993981867969515, 'epoch': 0.05}
{'loss': 3.2677, 'grad_norm': 0.3772583305835724, 'learning_rate': 0.0009993883634413009, 'epoch': 0.05}
{'loss': 3.2387, 'grad_norm': 0.35455992817878723, 'learning_rate': 0.0009993784606094611, 'epoch': 0.05}
{'loss': 3.238, 'grad_norm': 0.3901357352733612, 'learning_rate': 0.0009993684783030088, 'epoch': 0.05}
{'loss': 3.2077, 'grad_norm': 0.3665337860584259, 'learning_rate': 0.0009993584165235321, 'epoch': 0.05}
{'loss': 3.3127, 'grad_norm': 0.6974471211433411, 'learning_rate': 0.0009993482752726325, 'epoch': 0.05}
{'loss': 3.3553, 'grad_norm': 0.39918893575668335, 'learning_rate': 0.0009993380545519242, 'epoch': 0.05}
{'loss': 3.3071, 'grad_norm': 0.3856116831302643, 'learning_rate': 0.0009993277543630334, 'epoch': 0.05}
{'loss': 3.4575, 'grad_norm': 0.3864634335041046, 'learning_rate': 0.0009993173747075994, 'epoch': 0.05}
{'loss': 3.3818, 'grad_norm': 0.40060552954673767, 'learning_rate': 0.0009993069155872743, 'epoch': 0.05}
{'loss': 3.2723, 'grad_norm': 0.3935800790786743, 'learning_rate': 0.0009992963770037227, 'epoch': 0.05}
{'loss': 3.4184, 'grad_norm': 0.3745274841785431, 'learning_rate': 0.0009992857589586214, 'epoch': 0.05}
{'loss': 3.2551, 'grad_norm': 0.37278616428375244, 'learning_rate': 0.0009992750614536605, 'epoch': 0.05}
{'loss': 3.3677, 'grad_norm': 0.3583332300186157, 'learning_rate': 0.0009992642844905424, 'epoch': 0.05}
{'loss': 3.3251, 'grad_norm': 0.34722766280174255, 'learning_rate': 0.0009992534280709824, 'epoch': 0.05}
{'loss': 3.4313, 'grad_norm': 0.35773754119873047, 'learning_rate': 0.0009992424921967079, 'epoch': 0.05}
{'loss': 3.4535, 'grad_norm': 0.356777161359787, 'learning_rate': 0.0009992314768694597, 'epoch': 0.05}
{'loss': 3.3221, 'grad_norm': 0.3889041244983673, 'learning_rate': 0.0009992203820909905, 'epoch': 0.05}
{'loss': 3.4633, 'grad_norm': 0.3578701317310333, 'learning_rate': 0.0009992092078630664, 'epoch': 0.05}
{'loss': 3.1931, 'grad_norm': 0.37005001306533813, 'learning_rate': 0.0009991979541874654, 'epoch': 0.05}
{'loss': 3.3786, 'grad_norm': 0.38502904772758484, 'learning_rate': 0.0009991866210659786, 'epoch': 0.05}
{'loss': 3.4475, 'grad_norm': 0.9842173457145691, 'learning_rate': 0.0009991752085004096, 'epoch': 0.05}
{'loss': 3.323, 'grad_norm': 0.39665162563323975, 'learning_rate': 0.0009991637164925749, 'epoch': 0.05}
{'loss': 3.4704, 'grad_norm': 0.3810504972934723, 'learning_rate': 0.000999152145044303, 'epoch': 0.05}
{'loss': 3.4574, 'grad_norm': 0.4602002501487732, 'learning_rate': 0.000999140494157436, 'epoch': 0.05}
{'loss': 3.3555, 'grad_norm': 0.40686461329460144, 'learning_rate': 0.0009991287638338277, 'epoch': 0.05}
{'loss': 3.2912, 'grad_norm': 0.3310658037662506, 'learning_rate': 0.0009991169540753452, 'epoch': 0.05}
{'loss': 3.397, 'grad_norm': 0.378217488527298, 'learning_rate': 0.0009991050648838675, 'epoch': 0.05}
{'loss': 3.4418, 'grad_norm': 0.3836345672607422, 'learning_rate': 0.0009990930962612875, 'epoch': 0.05}
{'loss': 3.2977, 'grad_norm': 0.34531480073928833, 'learning_rate': 0.0009990810482095093, 'epoch': 0.05}
{'loss': 3.3944, 'grad_norm': 0.39351776242256165, 'learning_rate': 0.0009990689207304505, 'epoch': 0.05}
{'loss': 3.4554, 'grad_norm': 0.8145978450775146, 'learning_rate': 0.0009990567138260414, 'epoch': 0.05}
{'loss': 3.3502, 'grad_norm': 0.3648856580257416, 'learning_rate': 0.0009990444274982245, 'epoch': 0.05}
{'loss': 3.2672, 'grad_norm': 0.37261587381362915, 'learning_rate': 0.000999032061748955, 'epoch': 0.05}
{'loss': 3.2607, 'grad_norm': 0.35548892617225647, 'learning_rate': 0.000999019616580201, 'epoch': 0.05}
{'loss': 3.226, 'grad_norm': 0.3655478060245514, 'learning_rate': 0.0009990070919939432, 'epoch': 0.05}
{'loss': 3.3926, 'grad_norm': 0.37768304347991943, 'learning_rate': 0.0009989944879921749, 'epoch': 0.05}
{'loss': 3.2811, 'grad_norm': 0.3903438448905945, 'learning_rate': 0.0009989818045769018, 'epoch': 0.05}
{'loss': 3.2492, 'grad_norm': 0.3572773337364197, 'learning_rate': 0.0009989690417501423, 'epoch': 0.05}
{'loss': 3.2678, 'grad_norm': 0.33160704374313354, 'learning_rate': 0.0009989561995139278, 'epoch': 0.05}
{'loss': 3.4923, 'grad_norm': 0.36905020475387573, 'learning_rate': 0.0009989432778703023, 'epoch': 0.05}
{'loss': 3.4372, 'grad_norm': 0.36290788650512695, 'learning_rate': 0.0009989302768213218, 'epoch': 0.05}
{'loss': 3.2935, 'grad_norm': 0.3898508548736572, 'learning_rate': 0.0009989171963690556, 'epoch': 0.05}
{'loss': 3.5115, 'grad_norm': 0.3463256359100342, 'learning_rate': 0.0009989040365155854, 'epoch': 0.05}
{'loss': 3.293, 'grad_norm': 0.45361387729644775, 'learning_rate': 0.0009988907972630057, 'epoch': 0.05}
{'loss': 3.3357, 'grad_norm': 0.40622878074645996, 'learning_rate': 0.0009988774786134234, 'epoch': 0.05}
{'loss': 3.336, 'grad_norm': 0.3412976861000061, 'learning_rate': 0.0009988640805689579, 'epoch': 0.05}
{'loss': 3.3891, 'grad_norm': 0.37159132957458496, 'learning_rate': 0.0009988506031317415, 'epoch': 0.05}
{'loss': 3.2313, 'grad_norm': 0.3753039538860321, 'learning_rate': 0.0009988370463039193, 'epoch': 0.05}
{'loss': 3.4426, 'grad_norm': 0.3558562994003296, 'learning_rate': 0.000998823410087649, 'epoch': 0.05}
{'loss': 3.3989, 'grad_norm': 0.3812079429626465, 'learning_rate': 0.0009988096944851, 'epoch': 0.05}
{'loss': 3.4672, 'grad_norm': 0.38569650053977966, 'learning_rate': 0.0009987958994984562, 'epoch': 0.05}
{'loss': 3.2847, 'grad_norm': 0.32099419832229614, 'learning_rate': 0.0009987820251299122, 'epoch': 0.05}
{'loss': 3.2796, 'grad_norm': 0.37165728211402893, 'learning_rate': 0.0009987680713816763, 'epoch': 0.05}
{'loss': 3.3314, 'grad_norm': 0.3890428841114044, 'learning_rate': 0.000998754038255969, 'epoch': 0.05}
{'loss': 3.302, 'grad_norm': 0.36036577820777893, 'learning_rate': 0.000998739925755024, 'epoch': 0.05}
{'loss': 3.3932, 'grad_norm': 0.38133150339126587, 'learning_rate': 0.0009987257338810872, 'epoch': 0.05}
{'loss': 3.2652, 'grad_norm': 0.38395172357559204, 'learning_rate': 0.000998711462636417, 'epoch': 0.05}
{'loss': 3.3049, 'grad_norm': 0.3572731614112854, 'learning_rate': 0.0009986971120232847, 'epoch': 0.05}
{'loss': 3.2949, 'grad_norm': 0.37893950939178467, 'learning_rate': 0.0009986826820439743, 'epoch': 0.05}
{'loss': 3.3005, 'grad_norm': 0.36627626419067383, 'learning_rate': 0.000998668172700782, 'epoch': 0.05}
{'loss': 3.1654, 'grad_norm': 0.36063849925994873, 'learning_rate': 0.000998653583996017, 'epoch': 0.05}
{'loss': 3.479, 'grad_norm': 0.36597323417663574, 'learning_rate': 0.0009986389159320015, 'epoch': 0.05}
{'loss': 3.3946, 'grad_norm': 0.3570082187652588, 'learning_rate': 0.0009986241685110693, 'epoch': 0.05}
{'loss': 3.3007, 'grad_norm': 0.3311540186405182, 'learning_rate': 0.0009986093417355677, 'epoch': 0.05}
{'loss': 3.3941, 'grad_norm': 0.3481692671775818, 'learning_rate': 0.000998594435607856, 'epoch': 0.05}
{'loss': 3.1437, 'grad_norm': 0.3343457579612732, 'learning_rate': 0.000998579450130307, 'epoch': 0.05}
{'loss': 3.348, 'grad_norm': 0.32105112075805664, 'learning_rate': 0.0009985643853053052, 'epoch': 0.05}
{'loss': 3.41, 'grad_norm': 0.3316584825515747, 'learning_rate': 0.0009985492411352483, 'epoch': 0.05}
{'loss': 3.3475, 'grad_norm': 0.3680289685726166, 'learning_rate': 0.0009985340176225464, 'epoch': 0.05}
{'loss': 3.1472, 'grad_norm': 0.35684484243392944, 'learning_rate': 0.0009985187147696223, 'epoch': 0.05}
{'loss': 3.3306, 'grad_norm': 0.3719324469566345, 'learning_rate': 0.0009985033325789112, 'epoch': 0.05}
{'loss': 3.2011, 'grad_norm': 0.38424280285835266, 'learning_rate': 0.0009984878710528615, 'epoch': 0.05}
{'loss': 3.2884, 'grad_norm': 0.4113505482673645, 'learning_rate': 0.0009984723301939336, 'epoch': 0.05}
{'loss': 3.2738, 'grad_norm': 0.3580612242221832, 'learning_rate': 0.0009984567100046007, 'epoch': 0.05}
{'loss': 3.3039, 'grad_norm': 0.3696494698524475, 'learning_rate': 0.0009984410104873491, 'epoch': 0.05}
{'loss': 3.2532, 'grad_norm': 0.38902121782302856, 'learning_rate': 0.000998425231644677, 'epoch': 0.05}
{'loss': 3.2302, 'grad_norm': 0.33952391147613525, 'learning_rate': 0.0009984093734790955, 'epoch': 0.05}
{'loss': 3.3155, 'grad_norm': 0.3569813370704651, 'learning_rate': 0.0009983934359931285, 'epoch': 0.05}
{'loss': 3.2387, 'grad_norm': 0.3627253770828247, 'learning_rate': 0.0009983774191893128, 'epoch': 0.05}
{'loss': 3.4044, 'grad_norm': 0.3683711886405945, 'learning_rate': 0.0009983613230701966, 'epoch': 0.06}
{'loss': 3.4337, 'grad_norm': 0.36601218581199646, 'learning_rate': 0.0009983451476383422, 'epoch': 0.06}
{'loss': 3.2921, 'grad_norm': 0.3656146824359894, 'learning_rate': 0.0009983288928963237, 'epoch': 0.06}
{'loss': 3.2424, 'grad_norm': 0.34858882427215576, 'learning_rate': 0.000998312558846728, 'epoch': 0.06}
{'loss': 3.3694, 'grad_norm': 0.3513258099555969, 'learning_rate': 0.0009982961454921544, 'epoch': 0.06}
{'loss': 3.4575, 'grad_norm': 0.38432741165161133, 'learning_rate': 0.0009982796528352153, 'epoch': 0.06}
{'loss': 3.3254, 'grad_norm': 0.3480483293533325, 'learning_rate': 0.0009982630808785355, 'epoch': 0.06}
{'loss': 3.3105, 'grad_norm': 0.39960071444511414, 'learning_rate': 0.0009982464296247522, 'epoch': 0.06}
{'loss': 3.2777, 'grad_norm': 0.3570258617401123, 'learning_rate': 0.0009982296990765154, 'epoch': 0.06}
{'loss': 3.2117, 'grad_norm': 0.3591972589492798, 'learning_rate': 0.0009982128892364879, 'epoch': 0.06}
{'loss': 3.3384, 'grad_norm': 0.37839457392692566, 'learning_rate': 0.0009981960001073447, 'epoch': 0.06}
{'loss': 3.2254, 'grad_norm': 0.3459396958351135, 'learning_rate': 0.0009981790316917736, 'epoch': 0.06}
{'loss': 3.2473, 'grad_norm': 0.3244157135486603, 'learning_rate': 0.0009981619839924756, 'epoch': 0.06}
{'loss': 3.3492, 'grad_norm': 0.36124634742736816, 'learning_rate': 0.0009981448570121631, 'epoch': 0.06}
{'loss': 3.1637, 'grad_norm': 0.36389127373695374, 'learning_rate': 0.0009981276507535623, 'epoch': 0.06}
{'loss': 3.3843, 'grad_norm': 0.34498488903045654, 'learning_rate': 0.0009981103652194115, 'epoch': 0.06}
{'loss': 3.2728, 'grad_norm': 0.4133289158344269, 'learning_rate': 0.0009980930004124613, 'epoch': 0.06}
{'loss': 3.1798, 'grad_norm': 0.3527352809906006, 'learning_rate': 0.0009980755563354755, 'epoch': 0.06}
{'loss': 3.1908, 'grad_norm': 0.338649183511734, 'learning_rate': 0.0009980580329912302, 'epoch': 0.06}
{'loss': 3.2233, 'grad_norm': 0.34835177659988403, 'learning_rate': 0.0009980404303825143, 'epoch': 0.06}
{'loss': 3.3053, 'grad_norm': 0.39282363653182983, 'learning_rate': 0.0009980227485121291, 'epoch': 0.06}
{'loss': 3.3683, 'grad_norm': 0.39242416620254517, 'learning_rate': 0.0009980049873828886, 'epoch': 0.06}
{'loss': 3.0865, 'grad_norm': 0.35543206334114075, 'learning_rate': 0.0009979871469976197, 'epoch': 0.06}
{'loss': 3.0891, 'grad_norm': 0.3695394992828369, 'learning_rate': 0.000997969227359161, 'epoch': 0.06}
{'loss': 3.4781, 'grad_norm': 0.3703952133655548, 'learning_rate': 0.0009979512284703652, 'epoch': 0.06}
{'loss': 3.2612, 'grad_norm': 0.35344451665878296, 'learning_rate': 0.000997933150334096, 'epoch': 0.06}
{'loss': 3.2466, 'grad_norm': 0.33163177967071533, 'learning_rate': 0.000997914992953231, 'epoch': 0.06}
{'loss': 3.2168, 'grad_norm': 0.36880284547805786, 'learning_rate': 0.0009978967563306598, 'epoch': 0.06}
{'loss': 3.1995, 'grad_norm': 0.3520967960357666, 'learning_rate': 0.0009978784404692847, 'epoch': 0.06}
{'loss': 3.2115, 'grad_norm': 0.3580840528011322, 'learning_rate': 0.0009978600453720203, 'epoch': 0.06}
{'loss': 3.3429, 'grad_norm': 0.3535314202308655, 'learning_rate': 0.0009978415710417945, 'epoch': 0.06}
{'loss': 3.2994, 'grad_norm': 0.34361815452575684, 'learning_rate': 0.0009978230174815471, 'epoch': 0.06}
{'loss': 3.1965, 'grad_norm': 0.3631501793861389, 'learning_rate': 0.0009978043846942315, 'epoch': 0.06}
{'loss': 3.1522, 'grad_norm': 0.3575221598148346, 'learning_rate': 0.0009977856726828122, 'epoch': 0.06}
{'loss': 3.384, 'grad_norm': 0.35473352670669556, 'learning_rate': 0.0009977668814502678, 'epoch': 0.06}
{'loss': 3.2282, 'grad_norm': 0.3571045398712158, 'learning_rate': 0.0009977480109995885, 'epoch': 0.06}
{'loss': 3.3951, 'grad_norm': 0.3538578748703003, 'learning_rate': 0.0009977290613337776, 'epoch': 0.06}
{'loss': 3.2236, 'grad_norm': 0.33327946066856384, 'learning_rate': 0.0009977100324558511, 'epoch': 0.06}
{'loss': 3.3682, 'grad_norm': 0.3489728569984436, 'learning_rate': 0.000997690924368837, 'epoch': 0.06}
{'loss': 3.2407, 'grad_norm': 0.3531692624092102, 'learning_rate': 0.0009976717370757766, 'epoch': 0.06}
{'loss': 3.2576, 'grad_norm': 0.3518785834312439, 'learning_rate': 0.000997652470579723, 'epoch': 0.06}
{'loss': 3.4164, 'grad_norm': 0.3743096590042114, 'learning_rate': 0.0009976331248837433, 'epoch': 0.06}
{'loss': 3.2902, 'grad_norm': 0.32890790700912476, 'learning_rate': 0.0009976136999909156, 'epoch': 0.06}
{'loss': 3.3644, 'grad_norm': 0.34242677688598633, 'learning_rate': 0.0009975941959043315, 'epoch': 0.06}
{'loss': 3.3816, 'grad_norm': 0.3524424135684967, 'learning_rate': 0.000997574612627095, 'epoch': 0.06}
{'loss': 3.3102, 'grad_norm': 0.35812532901763916, 'learning_rate': 0.0009975549501623228, 'epoch': 0.06}
{'loss': 3.1031, 'grad_norm': 0.3043871819972992, 'learning_rate': 0.0009975352085131442, 'epoch': 0.06}
{'loss': 3.1227, 'grad_norm': 0.3495360314846039, 'learning_rate': 0.0009975153876827009, 'epoch': 0.06}
{'loss': 3.1375, 'grad_norm': 0.3490717113018036, 'learning_rate': 0.000997495487674147, 'epoch': 0.06}
{'loss': 3.307, 'grad_norm': 0.3433002233505249, 'learning_rate': 0.0009974755084906502, 'epoch': 0.06}
{'loss': 3.3136, 'grad_norm': 0.3574490547180176, 'learning_rate': 0.0009974554501353896, 'epoch': 0.06}
{'loss': 3.2497, 'grad_norm': 0.3644515573978424, 'learning_rate': 0.0009974353126115576, 'epoch': 0.06}
{'loss': 3.2572, 'grad_norm': 0.34521421790122986, 'learning_rate': 0.0009974150959223592, 'epoch': 0.06}
{'loss': 3.1871, 'grad_norm': 0.3397074341773987, 'learning_rate': 0.0009973948000710114, 'epoch': 0.06}
{'loss': 3.3285, 'grad_norm': 0.33624908328056335, 'learning_rate': 0.0009973744250607447, 'epoch': 0.06}
{'loss': 3.295, 'grad_norm': 0.35035422444343567, 'learning_rate': 0.0009973539708948017, 'epoch': 0.06}
{'loss': 3.2538, 'grad_norm': 0.3840874433517456, 'learning_rate': 0.000997333437576437, 'epoch': 0.06}
{'loss': 3.2234, 'grad_norm': 2.156459093093872, 'learning_rate': 0.000997312825108919, 'epoch': 0.06}
{'loss': 3.186, 'grad_norm': 0.33542385697364807, 'learning_rate': 0.000997292133495528, 'epoch': 0.06}
{'loss': 3.438, 'grad_norm': 0.33789101243019104, 'learning_rate': 0.0009972713627395572, 'epoch': 0.06}
{'loss': 3.2842, 'grad_norm': 0.3857615888118744, 'learning_rate': 0.0009972505128443118, 'epoch': 0.06}
{'loss': 3.1538, 'grad_norm': 0.34450218081474304, 'learning_rate': 0.0009972295838131101, 'epoch': 0.06}
{'loss': 3.1216, 'grad_norm': 0.3616666793823242, 'learning_rate': 0.000997208575649283, 'epoch': 0.06}
{'loss': 3.3426, 'grad_norm': 0.35766735672950745, 'learning_rate': 0.000997187488356174, 'epoch': 0.06}
{'loss': 3.2617, 'grad_norm': 0.3644118905067444, 'learning_rate': 0.000997166321937139, 'epoch': 0.06}
{'loss': 3.2428, 'grad_norm': 0.33707350492477417, 'learning_rate': 0.0009971450763955462, 'epoch': 0.06}
{'loss': 3.286, 'grad_norm': 0.35638201236724854, 'learning_rate': 0.0009971237517347772, 'epoch': 0.06}
{'loss': 3.0855, 'grad_norm': 0.33703896403312683, 'learning_rate': 0.0009971023479582257, 'epoch': 0.06}
{'loss': 3.2716, 'grad_norm': 0.36407172679901123, 'learning_rate': 0.0009970808650692981, 'epoch': 0.06}
{'loss': 3.3393, 'grad_norm': 0.32829704880714417, 'learning_rate': 0.000997059303071413, 'epoch': 0.06}
{'loss': 3.3252, 'grad_norm': 0.34085825085639954, 'learning_rate': 0.0009970376619680024, 'epoch': 0.06}
{'loss': 3.2061, 'grad_norm': 0.30059903860092163, 'learning_rate': 0.00099701594176251, 'epoch': 0.06}
{'loss': 3.3109, 'grad_norm': 0.3818071484565735, 'learning_rate': 0.0009969941424583927, 'epoch': 0.06}
{'loss': 3.2783, 'grad_norm': 0.35493186116218567, 'learning_rate': 0.0009969722640591197, 'epoch': 0.06}
{'loss': 3.1079, 'grad_norm': 0.32515230774879456, 'learning_rate': 0.0009969503065681731, 'epoch': 0.06}
{'loss': 3.3152, 'grad_norm': 0.38732728362083435, 'learning_rate': 0.0009969282699890472, 'epoch': 0.06}
{'loss': 3.2046, 'grad_norm': 0.33855876326560974, 'learning_rate': 0.0009969061543252489, 'epoch': 0.06}
{'loss': 3.2468, 'grad_norm': 0.3730407953262329, 'learning_rate': 0.0009968839595802983, 'epoch': 0.06}
{'loss': 3.3155, 'grad_norm': 0.3480546474456787, 'learning_rate': 0.000996861685757727, 'epoch': 0.06}
{'loss': 3.3246, 'grad_norm': 0.3230310082435608, 'learning_rate': 0.0009968393328610805, 'epoch': 0.06}
{'loss': 3.2838, 'grad_norm': 0.36261072754859924, 'learning_rate': 0.0009968169008939157, 'epoch': 0.06}
{'loss': 3.1089, 'grad_norm': 0.31538885831832886, 'learning_rate': 0.000996794389859803, 'epoch': 0.07}
{'loss': 3.3361, 'grad_norm': 0.33991310000419617, 'learning_rate': 0.0009967717997623245, 'epoch': 0.07}
{'loss': 3.3007, 'grad_norm': 0.30943965911865234, 'learning_rate': 0.0009967491306050755, 'epoch': 0.07}
{'loss': 3.4398, 'grad_norm': 0.37268900871276855, 'learning_rate': 0.0009967263823916638, 'epoch': 0.07}
{'loss': 3.2524, 'grad_norm': 0.32479050755500793, 'learning_rate': 0.0009967035551257098, 'epoch': 0.07}
{'loss': 3.002, 'grad_norm': 0.34606024622917175, 'learning_rate': 0.0009966806488108462, 'epoch': 0.07}
{'loss': 3.2543, 'grad_norm': 0.3471898138523102, 'learning_rate': 0.0009966576634507186, 'epoch': 0.07}
{'loss': 3.0706, 'grad_norm': 0.3456042408943176, 'learning_rate': 0.000996634599048985, 'epoch': 0.07}
{'loss': 3.2802, 'grad_norm': 0.3377765715122223, 'learning_rate': 0.0009966114556093162, 'epoch': 0.07}
{'loss': 3.3019, 'grad_norm': 0.3293359577655792, 'learning_rate': 0.000996588233135395, 'epoch': 0.07}
{'loss': 3.3234, 'grad_norm': 0.3768000602722168, 'learning_rate': 0.0009965649316309177, 'epoch': 0.07}
{'loss': 3.2825, 'grad_norm': 0.3219488859176636, 'learning_rate': 0.0009965415510995923, 'epoch': 0.07}
{'loss': 3.3112, 'grad_norm': 0.3572997450828552, 'learning_rate': 0.0009965180915451398, 'epoch': 0.07}
{'loss': 3.2203, 'grad_norm': 0.3492233455181122, 'learning_rate': 0.0009964945529712939, 'epoch': 0.07}
{'loss': 3.2445, 'grad_norm': 0.3448319435119629, 'learning_rate': 0.0009964709353818004, 'epoch': 0.07}
{'loss': 3.226, 'grad_norm': 0.32353049516677856, 'learning_rate': 0.0009964472387804183, 'epoch': 0.07}
{'loss': 3.4264, 'grad_norm': 0.3284752070903778, 'learning_rate': 0.0009964234631709187, 'epoch': 0.07}
{'loss': 3.3266, 'grad_norm': 0.3350849449634552, 'learning_rate': 0.0009963996085570854, 'epoch': 0.07}
{'loss': 3.2773, 'grad_norm': 0.36660483479499817, 'learning_rate': 0.0009963756749427146, 'epoch': 0.07}
{'loss': 3.3908, 'grad_norm': 0.36415988206863403, 'learning_rate': 0.0009963516623316155, 'epoch': 0.07}
{'loss': 3.2382, 'grad_norm': 0.3564680218696594, 'learning_rate': 0.00099632757072761, 'epoch': 0.07}
{'loss': 3.2825, 'grad_norm': 0.3293001055717468, 'learning_rate': 0.0009963034001345312, 'epoch': 0.07}
{'loss': 3.3145, 'grad_norm': 0.33260083198547363, 'learning_rate': 0.0009962791505562269, 'epoch': 0.07}
{'loss': 3.3444, 'grad_norm': 0.3336074948310852, 'learning_rate': 0.0009962548219965555, 'epoch': 0.07}
{'loss': 3.2447, 'grad_norm': 0.3219691216945648, 'learning_rate': 0.0009962304144593892, 'epoch': 0.07}
{'loss': 3.1912, 'grad_norm': 0.35931825637817383, 'learning_rate': 0.0009962059279486125, 'epoch': 0.07}
{'loss': 3.2927, 'grad_norm': 0.32210972905158997, 'learning_rate': 0.000996181362468122, 'epoch': 0.07}
{'loss': 3.1904, 'grad_norm': 0.3179790675640106, 'learning_rate': 0.0009961567180218273, 'epoch': 0.07}
{'loss': 3.3916, 'grad_norm': 0.331292062997818, 'learning_rate': 0.000996131994613651, 'epoch': 0.07}
{'loss': 3.1244, 'grad_norm': 0.3339341878890991, 'learning_rate': 0.0009961071922475271, 'epoch': 0.07}
{'loss': 3.1711, 'grad_norm': 0.3226132392883301, 'learning_rate': 0.000996082310927403, 'epoch': 0.07}
{'loss': 3.0948, 'grad_norm': 0.373494952917099, 'learning_rate': 0.000996057350657239, 'epoch': 0.07}
{'loss': 3.3398, 'grad_norm': 1.6131547689437866, 'learning_rate': 0.0009960323114410067, 'epoch': 0.07}
{'loss': 3.3906, 'grad_norm': 0.3336717188358307, 'learning_rate': 0.0009960071932826914, 'epoch': 0.07}
{'loss': 3.2953, 'grad_norm': 0.3642716109752655, 'learning_rate': 0.0009959819961862905, 'epoch': 0.07}
{'loss': 3.2948, 'grad_norm': 0.31345003843307495, 'learning_rate': 0.0009959567201558142, 'epoch': 0.07}
{'loss': 3.3099, 'grad_norm': 0.3249528706073761, 'learning_rate': 0.0009959313651952848, 'epoch': 0.07}
{'loss': 3.1675, 'grad_norm': 0.33322110772132874, 'learning_rate': 0.0009959059313087379, 'epoch': 0.07}
{'loss': 3.2232, 'grad_norm': 0.3248211443424225, 'learning_rate': 0.0009958804185002208, 'epoch': 0.07}
{'loss': 3.217, 'grad_norm': 0.3213481307029724, 'learning_rate': 0.000995854826773794, 'epoch': 0.07}
{'loss': 3.2213, 'grad_norm': 0.32089436054229736, 'learning_rate': 0.0009958291561335303, 'epoch': 0.07}
{'loss': 3.2427, 'grad_norm': 0.34217047691345215, 'learning_rate': 0.000995803406583515, 'epoch': 0.07}
{'loss': 3.1668, 'grad_norm': 0.33474200963974, 'learning_rate': 0.0009957775781278464, 'epoch': 0.07}
{'loss': 3.3391, 'grad_norm': 0.36743536591529846, 'learning_rate': 0.0009957516707706348, 'epoch': 0.07}
{'loss': 3.2249, 'grad_norm': 0.32242053747177124, 'learning_rate': 0.0009957256845160032, 'epoch': 0.07}
{'loss': 3.244, 'grad_norm': 0.34306007623672485, 'learning_rate': 0.0009956996193680873, 'epoch': 0.07}
{'loss': 3.1162, 'grad_norm': 0.3389565050601959, 'learning_rate': 0.0009956734753310353, 'epoch': 0.07}
{'loss': 3.2875, 'grad_norm': 0.3379760682582855, 'learning_rate': 0.000995647252409008, 'epoch': 0.07}
{'loss': 3.2048, 'grad_norm': 0.35075539350509644, 'learning_rate': 0.0009956209506061786, 'epoch': 0.07}
{'loss': 3.2242, 'grad_norm': 0.3235756754875183, 'learning_rate': 0.0009955945699267332, 'epoch': 0.07}
{'loss': 3.2669, 'grad_norm': 0.3452955186367035, 'learning_rate': 0.00099556811037487, 'epoch': 0.07}
{'loss': 3.3296, 'grad_norm': 0.35022225975990295, 'learning_rate': 0.0009955415719547997, 'epoch': 0.07}
{'loss': 3.265, 'grad_norm': 0.3387530446052551, 'learning_rate': 0.0009955149546707464, 'epoch': 0.07}
{'loss': 3.281, 'grad_norm': 0.3276776671409607, 'learning_rate': 0.0009954882585269458, 'epoch': 0.07}
{'loss': 3.3876, 'grad_norm': 0.30634012818336487, 'learning_rate': 0.0009954614835276465, 'epoch': 0.07}
{'loss': 3.2523, 'grad_norm': 0.3152014911174774, 'learning_rate': 0.0009954346296771098, 'epoch': 0.07}
{'loss': 3.3164, 'grad_norm': 0.3111235797405243, 'learning_rate': 0.0009954076969796092, 'epoch': 0.07}
{'loss': 3.027, 'grad_norm': 0.3283841013908386, 'learning_rate': 0.0009953806854394313, 'epoch': 0.07}
{'loss': 3.344, 'grad_norm': 0.3466549813747406, 'learning_rate': 0.0009953535950608745, 'epoch': 0.07}
{'loss': 3.2941, 'grad_norm': 0.33399471640586853, 'learning_rate': 0.0009953264258482505, 'epoch': 0.07}
{'loss': 3.3949, 'grad_norm': 0.31753310561180115, 'learning_rate': 0.0009952991778058831, 'epoch': 0.07}
{'loss': 3.1969, 'grad_norm': 0.31582173705101013, 'learning_rate': 0.0009952718509381087, 'epoch': 0.07}
{'loss': 3.2918, 'grad_norm': 0.30913445353507996, 'learning_rate': 0.0009952444452492762, 'epoch': 0.07}
{'loss': 3.1464, 'grad_norm': 0.3337036967277527, 'learning_rate': 0.000995216960743747, 'epoch': 0.07}
{'loss': 3.0731, 'grad_norm': 0.3154847025871277, 'learning_rate': 0.0009951893974258959, 'epoch': 0.07}
{'loss': 3.2131, 'grad_norm': 0.3628692626953125, 'learning_rate': 0.000995161755300109, 'epoch': 0.07}
{'loss': 3.239, 'grad_norm': 0.34712204337120056, 'learning_rate': 0.0009951340343707852, 'epoch': 0.07}
{'loss': 3.1615, 'grad_norm': 0.37684985995292664, 'learning_rate': 0.0009951062346423365, 'epoch': 0.07}
{'loss': 3.04, 'grad_norm': 0.34418466687202454, 'learning_rate': 0.0009950783561191875, 'epoch': 0.07}
{'loss': 3.2313, 'grad_norm': 0.32936379313468933, 'learning_rate': 0.0009950503988057744, 'epoch': 0.07}
{'loss': 3.1549, 'grad_norm': 0.31757599115371704, 'learning_rate': 0.0009950223627065466, 'epoch': 0.07}
{'loss': 3.2607, 'grad_norm': 0.3574267327785492, 'learning_rate': 0.0009949942478259665, 'epoch': 0.07}
{'loss': 3.2224, 'grad_norm': 0.3172566890716553, 'learning_rate': 0.000994966054168508, 'epoch': 0.07}
{'loss': 3.1933, 'grad_norm': 0.32223212718963623, 'learning_rate': 0.000994937781738658, 'epoch': 0.07}
{'loss': 3.1615, 'grad_norm': 0.33794912695884705, 'learning_rate': 0.000994909430540916, 'epoch': 0.07}
{'loss': 3.3369, 'grad_norm': 0.34542423486709595, 'learning_rate': 0.0009948810005797944, 'epoch': 0.07}
{'loss': 3.3093, 'grad_norm': 0.3230857253074646, 'learning_rate': 0.0009948524918598175, 'epoch': 0.07}
{'loss': 3.048, 'grad_norm': 0.31165534257888794, 'learning_rate': 0.0009948239043855223, 'epoch': 0.07}
{'loss': 3.1273, 'grad_norm': 0.33895835280418396, 'learning_rate': 0.0009947952381614584, 'epoch': 0.07}
{'loss': 3.2261, 'grad_norm': 0.3390747308731079, 'learning_rate': 0.000994766493192188, 'epoch': 0.07}
{'loss': 3.177, 'grad_norm': 0.3320241868495941, 'learning_rate': 0.0009947376694822861, 'epoch': 0.07}
{'loss': 3.1283, 'grad_norm': 0.3178596794605255, 'learning_rate': 0.0009947087670363394, 'epoch': 0.08}
{'loss': 3.0438, 'grad_norm': 0.3518374264240265, 'learning_rate': 0.0009946797858589478, 'epoch': 0.08}
{'loss': 3.3621, 'grad_norm': 0.35827893018722534, 'learning_rate': 0.0009946507259547238, 'epoch': 0.08}
{'loss': 3.3172, 'grad_norm': 0.3314775228500366, 'learning_rate': 0.0009946215873282917, 'epoch': 0.08}
{'loss': 3.329, 'grad_norm': 0.3642738461494446, 'learning_rate': 0.0009945923699842894, 'epoch': 0.08}
{'loss': 3.226, 'grad_norm': 0.32825931906700134, 'learning_rate': 0.0009945630739273664, 'epoch': 0.08}
{'loss': 3.1637, 'grad_norm': 0.3132568299770355, 'learning_rate': 0.0009945336991621853, 'epoch': 0.08}
{'loss': 3.2055, 'grad_norm': 0.3174615502357483, 'learning_rate': 0.0009945042456934207, 'epoch': 0.08}
{'loss': 3.0947, 'grad_norm': 0.312759667634964, 'learning_rate': 0.0009944747135257604, 'epoch': 0.08}
{'loss': 3.1824, 'grad_norm': 0.31261834502220154, 'learning_rate': 0.0009944451026639041, 'epoch': 0.08}
{'loss': 3.3144, 'grad_norm': 0.3652600646018982, 'learning_rate': 0.0009944154131125641, 'epoch': 0.08}
{'loss': 3.3036, 'grad_norm': 0.341671347618103, 'learning_rate': 0.000994385644876466, 'epoch': 0.08}
{'loss': 3.2071, 'grad_norm': 0.33355748653411865, 'learning_rate': 0.000994355797960347, 'epoch': 0.08}
{'loss': 3.2721, 'grad_norm': 0.3193381726741791, 'learning_rate': 0.000994325872368957, 'epoch': 0.08}
{'loss': 3.3081, 'grad_norm': 0.3304089605808258, 'learning_rate': 0.0009942958681070588, 'epoch': 0.08}
{'loss': 3.0823, 'grad_norm': 0.32488515973091125, 'learning_rate': 0.0009942657851794272, 'epoch': 0.08}
{'loss': 3.2491, 'grad_norm': 0.2824382483959198, 'learning_rate': 0.0009942356235908504, 'epoch': 0.08}
{'loss': 3.347, 'grad_norm': 0.32258737087249756, 'learning_rate': 0.0009942053833461278, 'epoch': 0.08}
{'loss': 3.3015, 'grad_norm': 0.30193617939949036, 'learning_rate': 0.0009941750644500724, 'epoch': 0.08}
{'loss': 3.1816, 'grad_norm': 0.3260193467140198, 'learning_rate': 0.0009941446669075094, 'epoch': 0.08}
{'loss': 3.2132, 'grad_norm': 0.34903788566589355, 'learning_rate': 0.0009941141907232765, 'epoch': 0.08}
{'loss': 3.2878, 'grad_norm': 0.32647570967674255, 'learning_rate': 0.0009940836359022237, 'epoch': 0.08}
{'loss': 3.2984, 'grad_norm': 0.3717738389968872, 'learning_rate': 0.0009940530024492137, 'epoch': 0.08}
{'loss': 3.2436, 'grad_norm': 0.35630562901496887, 'learning_rate': 0.0009940222903691222, 'epoch': 0.08}
{'loss': 3.3094, 'grad_norm': 0.3247191607952118, 'learning_rate': 0.0009939914996668364, 'epoch': 0.08}
{'loss': 3.2237, 'grad_norm': 0.34584423899650574, 'learning_rate': 0.0009939606303472567, 'epoch': 0.08}
{'loss': 3.1781, 'grad_norm': 0.3532325327396393, 'learning_rate': 0.000993929682415296, 'epoch': 0.08}
{'loss': 3.2835, 'grad_norm': 0.3176833987236023, 'learning_rate': 0.0009938986558758794, 'epoch': 0.08}
{'loss': 3.2941, 'grad_norm': 0.3150668740272522, 'learning_rate': 0.0009938675507339448, 'epoch': 0.08}
{'loss': 3.2976, 'grad_norm': 0.36254093050956726, 'learning_rate': 0.0009938363669944425, 'epoch': 0.08}
{'loss': 3.2205, 'grad_norm': 0.35391587018966675, 'learning_rate': 0.0009938051046623352, 'epoch': 0.08}
{'loss': 3.2434, 'grad_norm': 0.3446420133113861, 'learning_rate': 0.0009937737637425983, 'epoch': 0.08}
{'loss': 3.359, 'grad_norm': 0.33071982860565186, 'learning_rate': 0.0009937423442402194, 'epoch': 0.08}
{'loss': 3.1787, 'grad_norm': 0.3225703239440918, 'learning_rate': 0.000993710846160199, 'epoch': 0.08}
{'loss': 3.1458, 'grad_norm': 0.2996784746646881, 'learning_rate': 0.00099367926950755, 'epoch': 0.08}
{'loss': 2.9815, 'grad_norm': 0.31736549735069275, 'learning_rate': 0.000993647614287298, 'epoch': 0.08}
{'loss': 3.2327, 'grad_norm': 0.3274461328983307, 'learning_rate': 0.00099361588050448, 'epoch': 0.08}
{'loss': 3.2245, 'grad_norm': 0.3072602450847626, 'learning_rate': 0.0009935840681641471, 'epoch': 0.08}
{'loss': 3.3425, 'grad_norm': 0.3540206253528595, 'learning_rate': 0.0009935521772713616, 'epoch': 0.08}
{'loss': 3.214, 'grad_norm': 0.3482271730899811, 'learning_rate': 0.0009935202078311994, 'epoch': 0.08}
{'loss': 3.3106, 'grad_norm': 0.3597594201564789, 'learning_rate': 0.0009934881598487478, 'epoch': 0.08}
{'loss': 3.2476, 'grad_norm': 0.28559160232543945, 'learning_rate': 0.0009934560333291077, 'epoch': 0.08}
{'loss': 3.0532, 'grad_norm': 0.34284406900405884, 'learning_rate': 0.0009934238282773913, 'epoch': 0.08}
{'loss': 3.3012, 'grad_norm': 0.3561318516731262, 'learning_rate': 0.0009933915446987244, 'epoch': 0.08}
{'loss': 3.2299, 'grad_norm': 0.33993279933929443, 'learning_rate': 0.0009933591825982445, 'epoch': 0.08}
{'loss': 3.2016, 'grad_norm': 0.3223816156387329, 'learning_rate': 0.0009933267419811025, 'epoch': 0.08}
{'loss': 3.2338, 'grad_norm': 0.32706961035728455, 'learning_rate': 0.000993294222852461, 'epoch': 0.08}
{'loss': 3.1258, 'grad_norm': 0.3518640398979187, 'learning_rate': 0.0009932616252174946, 'epoch': 0.08}
{'loss': 3.3123, 'grad_norm': 0.3230202794075012, 'learning_rate': 0.0009932289490813921, 'epoch': 0.08}
{'loss': 3.1481, 'grad_norm': 0.35958555340766907, 'learning_rate': 0.0009931961944493533, 'epoch': 0.08}
{'loss': 3.0198, 'grad_norm': 0.35009804368019104, 'learning_rate': 0.0009931633613265913, 'epoch': 0.08}
{'loss': 3.1846, 'grad_norm': 0.30607372522354126, 'learning_rate': 0.0009931304497183312, 'epoch': 0.08}
{'loss': 3.1411, 'grad_norm': 0.3154066205024719, 'learning_rate': 0.0009930974596298106, 'epoch': 0.08}
{'loss': 3.309, 'grad_norm': 0.3234463632106781, 'learning_rate': 0.00099306439106628, 'epoch': 0.08}
{'loss': 3.2535, 'grad_norm': 0.3221522271633148, 'learning_rate': 0.0009930312440330023, 'epoch': 0.08}
{'loss': 3.2463, 'grad_norm': 0.331421434879303, 'learning_rate': 0.0009929980185352525, 'epoch': 0.08}
{'loss': 3.2828, 'grad_norm': 0.30122846364974976, 'learning_rate': 0.0009929647145783184, 'epoch': 0.08}
{'loss': 3.2156, 'grad_norm': 0.30972906947135925, 'learning_rate': 0.0009929313321675004, 'epoch': 0.08}
{'loss': 3.2025, 'grad_norm': 0.3241519033908844, 'learning_rate': 0.000992897871308111, 'epoch': 0.08}
{'loss': 3.2158, 'grad_norm': 0.3341965079307556, 'learning_rate': 0.0009928643320054756, 'epoch': 0.08}
{'loss': 3.1539, 'grad_norm': 0.35506775975227356, 'learning_rate': 0.0009928307142649316, 'epoch': 0.08}
{'loss': 3.1645, 'grad_norm': 0.35630175471305847, 'learning_rate': 0.0009927970180918294, 'epoch': 0.08}
{'loss': 3.2476, 'grad_norm': 0.3365502655506134, 'learning_rate': 0.0009927632434915314, 'epoch': 0.08}
{'loss': 3.0943, 'grad_norm': 0.2981555461883545, 'learning_rate': 0.000992729390469413, 'epoch': 0.08}
{'loss': 3.1285, 'grad_norm': 0.3311413824558258, 'learning_rate': 0.0009926954590308618, 'epoch': 0.08}
{'loss': 3.2512, 'grad_norm': 0.32654398679733276, 'learning_rate': 0.0009926614491812778, 'epoch': 0.08}
{'loss': 3.1644, 'grad_norm': 0.29218849539756775, 'learning_rate': 0.0009926273609260734, 'epoch': 0.08}
{'loss': 3.2499, 'grad_norm': 0.34108585119247437, 'learning_rate': 0.000992593194270674, 'epoch': 0.08}
{'loss': 3.2579, 'grad_norm': 0.31010621786117554, 'learning_rate': 0.0009925589492205168, 'epoch': 0.08}
{'loss': 3.3439, 'grad_norm': 0.35178491473197937, 'learning_rate': 0.0009925246257810518, 'epoch': 0.08}
{'loss': 3.1976, 'grad_norm': 0.3319663405418396, 'learning_rate': 0.0009924902239577418, 'epoch': 0.08}
{'loss': 3.3539, 'grad_norm': 0.3409382402896881, 'learning_rate': 0.0009924557437560615, 'epoch': 0.08}
{'loss': 3.2397, 'grad_norm': 0.3353186845779419, 'learning_rate': 0.0009924211851814984, 'epoch': 0.08}
{'loss': 3.1049, 'grad_norm': 0.34931498765945435, 'learning_rate': 0.0009923865482395523, 'epoch': 0.08}
{'loss': 3.2871, 'grad_norm': 0.33851391077041626, 'learning_rate': 0.0009923518329357356, 'epoch': 0.08}
{'loss': 3.1745, 'grad_norm': 0.3342358469963074, 'learning_rate': 0.0009923170392755734, 'epoch': 0.08}
{'loss': 3.1991, 'grad_norm': 0.3355657160282135, 'learning_rate': 0.0009922821672646027, 'epoch': 0.08}
{'loss': 3.2032, 'grad_norm': 0.2950097620487213, 'learning_rate': 0.0009922472169083733, 'epoch': 0.08}
{'loss': 3.2674, 'grad_norm': 0.31121528148651123, 'learning_rate': 0.0009922121882124475, 'epoch': 0.08}
{'loss': 3.1483, 'grad_norm': 0.32972022891044617, 'learning_rate': 0.0009921770811824001, 'epoch': 0.08}
{'loss': 3.1943, 'grad_norm': 0.32266637682914734, 'learning_rate': 0.000992141895823818, 'epoch': 0.08}
{'loss': 3.1874, 'grad_norm': 0.3433605134487152, 'learning_rate': 0.0009921066321423014, 'epoch': 0.08}
{'loss': 3.1051, 'grad_norm': 0.33034560084342957, 'learning_rate': 0.000992071290143462, 'epoch': 0.09}
{'loss': 3.188, 'grad_norm': 0.30891820788383484, 'learning_rate': 0.000992035869832924, 'epoch': 0.09}
{'loss': 3.1746, 'grad_norm': 0.32217279076576233, 'learning_rate': 0.0009920003712163253, 'epoch': 0.09}
{'loss': 3.3135, 'grad_norm': 0.33864742517471313, 'learning_rate': 0.0009919647942993148, 'epoch': 0.09}
{'loss': 3.1179, 'grad_norm': 0.31983548402786255, 'learning_rate': 0.0009919291390875547, 'epoch': 0.09}
{'loss': 3.0627, 'grad_norm': 0.34823182225227356, 'learning_rate': 0.0009918934055867194, 'epoch': 0.09}
{'loss': 3.0447, 'grad_norm': 0.3132919669151306, 'learning_rate': 0.0009918575938024955, 'epoch': 0.09}
{'loss': 3.1947, 'grad_norm': 0.34572839736938477, 'learning_rate': 0.000991821703740583, 'epoch': 0.09}
{'loss': 3.2112, 'grad_norm': 0.3673388361930847, 'learning_rate': 0.000991785735406693, 'epoch': 0.09}
{'loss': 3.0576, 'grad_norm': 0.3221901059150696, 'learning_rate': 0.00099174968880655, 'epoch': 0.09}
{'loss': 3.2019, 'grad_norm': 0.33444395661354065, 'learning_rate': 0.0009917135639458908, 'epoch': 0.09}
{'loss': 3.3609, 'grad_norm': 0.34886258840560913, 'learning_rate': 0.0009916773608304645, 'epoch': 0.09}
{'loss': 3.3179, 'grad_norm': 0.35245561599731445, 'learning_rate': 0.0009916410794660328, 'epoch': 0.09}
{'loss': 3.2856, 'grad_norm': 0.35324826836586, 'learning_rate': 0.0009916047198583698, 'epoch': 0.09}
{'loss': 3.0568, 'grad_norm': 0.32148605585098267, 'learning_rate': 0.0009915682820132617, 'epoch': 0.09}
{'loss': 3.1593, 'grad_norm': 0.3164021372795105, 'learning_rate': 0.0009915317659365077, 'epoch': 0.09}
{'loss': 3.242, 'grad_norm': 0.3159962594509125, 'learning_rate': 0.0009914951716339193, 'epoch': 0.09}
{'loss': 3.1915, 'grad_norm': 0.3037582337856293, 'learning_rate': 0.0009914584991113204, 'epoch': 0.09}
{'loss': 3.2604, 'grad_norm': 0.32001739740371704, 'learning_rate': 0.0009914217483745472, 'epoch': 0.09}
{'loss': 3.2397, 'grad_norm': 0.3065854012966156, 'learning_rate': 0.0009913849194294483, 'epoch': 0.09}
{'loss': 3.1615, 'grad_norm': 0.32730016112327576, 'learning_rate': 0.0009913480122818851, 'epoch': 0.09}
{'loss': 3.42, 'grad_norm': 0.3119036853313446, 'learning_rate': 0.0009913110269377317, 'epoch': 0.09}
{'loss': 3.2812, 'grad_norm': 0.3334367275238037, 'learning_rate': 0.0009912739634028733, 'epoch': 0.09}
{'loss': 3.2642, 'grad_norm': 0.3345683515071869, 'learning_rate': 0.0009912368216832093, 'epoch': 0.09}
{'loss': 3.2675, 'grad_norm': 0.3520297408103943, 'learning_rate': 0.0009911996017846502, 'epoch': 0.09}
{'loss': 3.0481, 'grad_norm': 0.3344806730747223, 'learning_rate': 0.0009911623037131196, 'epoch': 0.09}
{'loss': 3.2014, 'grad_norm': 0.33221858739852905, 'learning_rate': 0.0009911249274745532, 'epoch': 0.09}
{'loss': 3.2835, 'grad_norm': 0.32255029678344727, 'learning_rate': 0.0009910874730748997, 'epoch': 0.09}
{'loss': 3.2329, 'grad_norm': 0.312371164560318, 'learning_rate': 0.0009910499405201194, 'epoch': 0.09}
{'loss': 3.2667, 'grad_norm': 0.3396305441856384, 'learning_rate': 0.000991012329816186, 'epoch': 0.09}
{'loss': 3.2076, 'grad_norm': 0.3314787447452545, 'learning_rate': 0.0009909746409690846, 'epoch': 0.09}
{'loss': 3.1647, 'grad_norm': 0.30630040168762207, 'learning_rate': 0.0009909368739848138, 'epoch': 0.09}
{'loss': 3.2622, 'grad_norm': 0.3322661221027374, 'learning_rate': 0.0009908990288693836, 'epoch': 0.09}
{'loss': 3.297, 'grad_norm': 0.3226025402545929, 'learning_rate': 0.000990861105628817, 'epoch': 0.09}
{'loss': 3.2718, 'grad_norm': 0.33078181743621826, 'learning_rate': 0.0009908231042691498, 'epoch': 0.09}
{'loss': 3.2425, 'grad_norm': 0.37123292684555054, 'learning_rate': 0.0009907850247964296, 'epoch': 0.09}
{'loss': 3.3699, 'grad_norm': 0.33221375942230225, 'learning_rate': 0.0009907468672167164, 'epoch': 0.09}
{'loss': 3.2436, 'grad_norm': 0.3343451917171478, 'learning_rate': 0.000990708631536083, 'epoch': 0.09}
{'loss': 3.16, 'grad_norm': 0.30212950706481934, 'learning_rate': 0.0009906703177606148, 'epoch': 0.09}
{'loss': 3.1131, 'grad_norm': 0.31961458921432495, 'learning_rate': 0.000990631925896409, 'epoch': 0.09}
{'loss': 3.3589, 'grad_norm': 0.3207576274871826, 'learning_rate': 0.0009905934559495755, 'epoch': 0.09}
{'loss': 3.1748, 'grad_norm': 0.32091742753982544, 'learning_rate': 0.000990554907926237, 'epoch': 0.09}
{'loss': 3.1113, 'grad_norm': 0.40901562571525574, 'learning_rate': 0.000990516281832528, 'epoch': 0.09}
{'loss': 3.1612, 'grad_norm': 0.33909398317337036, 'learning_rate': 0.0009904775776745957, 'epoch': 0.09}
{'loss': 3.1228, 'grad_norm': 0.33033084869384766, 'learning_rate': 0.0009904387954586, 'epoch': 0.09}
{'loss': 3.1964, 'grad_norm': 0.3552177846431732, 'learning_rate': 0.000990399935190713, 'epoch': 0.09}
{'loss': 3.1426, 'grad_norm': 0.33071863651275635, 'learning_rate': 0.0009903609968771189, 'epoch': 0.09}
{'loss': 3.3246, 'grad_norm': 0.32209524512290955, 'learning_rate': 0.0009903219805240148, 'epoch': 0.09}
{'loss': 3.1834, 'grad_norm': 0.3270340859889984, 'learning_rate': 0.00099028288613761, 'epoch': 0.09}
{'loss': 3.2706, 'grad_norm': 0.3390617370605469, 'learning_rate': 0.0009902437137241263, 'epoch': 0.09}
{'loss': 3.2, 'grad_norm': 0.3246525526046753, 'learning_rate': 0.0009902044632897978, 'epoch': 0.09}
{'loss': 3.0127, 'grad_norm': 0.32863759994506836, 'learning_rate': 0.0009901651348408712, 'epoch': 0.09}
{'loss': 3.3348, 'grad_norm': 0.33205050230026245, 'learning_rate': 0.0009901257283836055, 'epoch': 0.09}
{'loss': 3.1743, 'grad_norm': 0.32915183901786804, 'learning_rate': 0.0009900862439242719, 'epoch': 0.09}
{'loss': 3.0964, 'grad_norm': 0.3417164981365204, 'learning_rate': 0.0009900466814691546, 'epoch': 0.09}
{'loss': 3.3715, 'grad_norm': 0.3156290650367737, 'learning_rate': 0.0009900070410245494, 'epoch': 0.09}
{'loss': 3.264, 'grad_norm': 0.34989622235298157, 'learning_rate': 0.0009899673225967653, 'epoch': 0.09}
{'loss': 3.3162, 'grad_norm': 0.34593138098716736, 'learning_rate': 0.0009899275261921235, 'epoch': 0.09}
{'loss': 3.1148, 'grad_norm': 0.3168947994709015, 'learning_rate': 0.000989887651816957, 'epoch': 0.09}
{'loss': 3.2927, 'grad_norm': 0.3081800937652588, 'learning_rate': 0.0009898476994776122, 'epoch': 0.09}
{'loss': 3.1963, 'grad_norm': 0.3227521479129791, 'learning_rate': 0.000989807669180447, 'epoch': 0.09}
{'loss': 3.2588, 'grad_norm': 0.3003373444080353, 'learning_rate': 0.0009897675609318321, 'epoch': 0.09}
{'loss': 3.2051, 'grad_norm': 0.3203921914100647, 'learning_rate': 0.000989727374738151, 'epoch': 0.09}
{'loss': 3.0642, 'grad_norm': 0.30897361040115356, 'learning_rate': 0.0009896871106057988, 'epoch': 0.09}
{'loss': 3.2138, 'grad_norm': 0.2999795973300934, 'learning_rate': 0.0009896467685411837, 'epoch': 0.09}
{'loss': 3.0582, 'grad_norm': 0.317534476518631, 'learning_rate': 0.000989606348550726, 'epoch': 0.09}
{'loss': 3.1458, 'grad_norm': 0.32382214069366455, 'learning_rate': 0.000989565850640858, 'epoch': 0.09}
{'loss': 3.0301, 'grad_norm': 0.3499787151813507, 'learning_rate': 0.0009895252748180255, 'epoch': 0.09}
{'loss': 3.2346, 'grad_norm': 0.3675788342952728, 'learning_rate': 0.0009894846210886856, 'epoch': 0.09}
{'loss': 3.1777, 'grad_norm': 0.3397590219974518, 'learning_rate': 0.0009894438894593083, 'epoch': 0.09}
{'loss': 3.1653, 'grad_norm': 0.3586905300617218, 'learning_rate': 0.0009894030799363761, 'epoch': 0.09}
{'loss': 3.2154, 'grad_norm': 0.3196248710155487, 'learning_rate': 0.0009893621925263832, 'epoch': 0.09}
{'loss': 3.1347, 'grad_norm': 0.35906708240509033, 'learning_rate': 0.0009893212272358372, 'epoch': 0.09}
{'loss': 3.237, 'grad_norm': 0.31725549697875977, 'learning_rate': 0.0009892801840712575, 'epoch': 0.09}
{'loss': 3.2473, 'grad_norm': 0.30228936672210693, 'learning_rate': 0.000989239063039176, 'epoch': 0.09}
{'loss': 3.2367, 'grad_norm': 0.32965657114982605, 'learning_rate': 0.0009891978641461368, 'epoch': 0.09}
{'loss': 3.3208, 'grad_norm': 0.33261531591415405, 'learning_rate': 0.0009891565873986967, 'epoch': 0.09}
{'loss': 3.1174, 'grad_norm': 0.3216889798641205, 'learning_rate': 0.000989115232803425, 'epoch': 0.09}
{'loss': 3.1202, 'grad_norm': 0.33378341794013977, 'learning_rate': 0.0009890738003669028, 'epoch': 0.09}
{'loss': 3.0324, 'grad_norm': 0.3354792296886444, 'learning_rate': 0.0009890322900957243, 'epoch': 0.09}
{'loss': 3.1085, 'grad_norm': 0.3160712718963623, 'learning_rate': 0.0009889907019964954, 'epoch': 0.09}
{'loss': 3.1567, 'grad_norm': 0.3313501179218292, 'learning_rate': 0.0009889490360758348, 'epoch': 0.1}
{'loss': 3.0995, 'grad_norm': 0.34937888383865356, 'learning_rate': 0.0009889072923403737, 'epoch': 0.1}
{'loss': 3.2225, 'grad_norm': 0.3936316668987274, 'learning_rate': 0.0009888654707967555, 'epoch': 0.1}
{'loss': 3.0505, 'grad_norm': 0.3355138599872589, 'learning_rate': 0.0009888235714516358, 'epoch': 0.1}
{'loss': 3.1786, 'grad_norm': 0.3517756164073944, 'learning_rate': 0.0009887815943116828, 'epoch': 0.1}
{'loss': 3.0972, 'grad_norm': 1.220335841178894, 'learning_rate': 0.0009887395393835768, 'epoch': 0.1}
{'loss': 3.1458, 'grad_norm': 0.33344945311546326, 'learning_rate': 0.0009886974066740113, 'epoch': 0.1}
{'loss': 3.0598, 'grad_norm': 0.3372286856174469, 'learning_rate': 0.000988655196189691, 'epoch': 0.1}
{'loss': 3.1898, 'grad_norm': 0.32838478684425354, 'learning_rate': 0.0009886129079373339, 'epoch': 0.1}
{'loss': 3.1224, 'grad_norm': 0.332061231136322, 'learning_rate': 0.00098857054192367, 'epoch': 0.1}
{'loss': 3.2351, 'grad_norm': 0.33228036761283875, 'learning_rate': 0.000988528098155442, 'epoch': 0.1}
{'loss': 3.3346, 'grad_norm': 0.33431297540664673, 'learning_rate': 0.000988485576639404, 'epoch': 0.1}
{'loss': 3.1661, 'grad_norm': 0.3296026289463043, 'learning_rate': 0.000988442977382324, 'epoch': 0.1}
{'loss': 3.1918, 'grad_norm': 0.34517788887023926, 'learning_rate': 0.0009884003003909807, 'epoch': 0.1}
{'loss': 3.3912, 'grad_norm': 0.3281466066837311, 'learning_rate': 0.0009883575456721668, 'epoch': 0.1}
{'loss': 3.0186, 'grad_norm': 0.3127113878726959, 'learning_rate': 0.0009883147132326861, 'epoch': 0.1}
{'loss': 3.2744, 'grad_norm': 0.32168692350387573, 'learning_rate': 0.0009882718030793554, 'epoch': 0.1}
{'loss': 3.3359, 'grad_norm': 0.34478017687797546, 'learning_rate': 0.0009882288152190037, 'epoch': 0.1}
{'loss': 3.2056, 'grad_norm': 0.32092857360839844, 'learning_rate': 0.0009881857496584726, 'epoch': 0.1}
{'loss': 3.0998, 'grad_norm': 0.34216079115867615, 'learning_rate': 0.0009881426064046153, 'epoch': 0.1}
{'loss': 3.1779, 'grad_norm': 0.3465603291988373, 'learning_rate': 0.0009880993854642986, 'epoch': 0.1}
{'loss': 3.1883, 'grad_norm': 0.3525114953517914, 'learning_rate': 0.0009880560868444006, 'epoch': 0.1}
{'loss': 3.1567, 'grad_norm': 0.33245280385017395, 'learning_rate': 0.0009880127105518122, 'epoch': 0.1}
{'loss': 3.3044, 'grad_norm': 0.36790168285369873, 'learning_rate': 0.0009879692565934368, 'epoch': 0.1}
{'loss': 3.1524, 'grad_norm': 0.3419420123100281, 'learning_rate': 0.0009879257249761895, 'epoch': 0.1}
{'loss': 3.1898, 'grad_norm': 0.3294993042945862, 'learning_rate': 0.000987882115706999, 'epoch': 0.1}
{'loss': 3.2315, 'grad_norm': 0.30897819995880127, 'learning_rate': 0.0009878384287928046, 'epoch': 0.1}
{'loss': 3.2151, 'grad_norm': 0.3026811480522156, 'learning_rate': 0.0009877946642405596, 'epoch': 0.1}
{'loss': 3.1147, 'grad_norm': 0.37680500745773315, 'learning_rate': 0.000987750822057229, 'epoch': 0.1}
{'loss': 3.2331, 'grad_norm': 0.3167346715927124, 'learning_rate': 0.0009877069022497902, 'epoch': 0.1}
{'loss': 3.0035, 'grad_norm': 0.2943980395793915, 'learning_rate': 0.0009876629048252324, 'epoch': 0.1}
{'loss': 3.1853, 'grad_norm': 0.3329719603061676, 'learning_rate': 0.000987618829790558, 'epoch': 0.1}
{'loss': 3.0871, 'grad_norm': 0.2911797761917114, 'learning_rate': 0.0009875746771527815, 'epoch': 0.1}
{'loss': 3.1357, 'grad_norm': 0.32226234674453735, 'learning_rate': 0.0009875304469189297, 'epoch': 0.1}
{'loss': 3.2997, 'grad_norm': 0.32711759209632874, 'learning_rate': 0.0009874861390960414, 'epoch': 0.1}
{'loss': 3.2763, 'grad_norm': 0.3224853575229645, 'learning_rate': 0.0009874417536911684, 'epoch': 0.1}
{'loss': 3.3902, 'grad_norm': 0.34038493037223816, 'learning_rate': 0.0009873972907113741, 'epoch': 0.1}
{'loss': 3.1676, 'grad_norm': 0.3253123164176941, 'learning_rate': 0.000987352750163735, 'epoch': 0.1}
{'loss': 3.1753, 'grad_norm': 0.3440636396408081, 'learning_rate': 0.0009873081320553396, 'epoch': 0.1}
{'loss': 3.1559, 'grad_norm': 0.3406396508216858, 'learning_rate': 0.0009872634363932886, 'epoch': 0.1}
{'loss': 3.2803, 'grad_norm': 0.30954205989837646, 'learning_rate': 0.000987218663184695, 'epoch': 0.1}
{'loss': 3.1684, 'grad_norm': 0.3215489089488983, 'learning_rate': 0.0009871738124366848, 'epoch': 0.1}
{'loss': 3.0501, 'grad_norm': 0.425174742937088, 'learning_rate': 0.0009871288841563955, 'epoch': 0.1}
{'loss': 3.2407, 'grad_norm': 0.3214440643787384, 'learning_rate': 0.0009870838783509774, 'epoch': 0.1}
{'loss': 3.1266, 'grad_norm': 0.3206852078437805, 'learning_rate': 0.0009870387950275932, 'epoch': 0.1}
{'loss': 3.2687, 'grad_norm': 0.3042224645614624, 'learning_rate': 0.0009869936341934174, 'epoch': 0.1}
{'loss': 3.1243, 'grad_norm': 0.2960403561592102, 'learning_rate': 0.0009869483958556376, 'epoch': 0.1}
{'loss': 3.2347, 'grad_norm': 0.2983299791812897, 'learning_rate': 0.0009869030800214531, 'epoch': 0.1}
{'loss': 3.1102, 'grad_norm': 0.3108746409416199, 'learning_rate': 0.000986857686698076, 'epoch': 0.1}
{'loss': 3.2279, 'grad_norm': 0.3120342791080475, 'learning_rate': 0.0009868122158927302, 'epoch': 0.1}
{'loss': 3.1649, 'grad_norm': 0.3194641172885895, 'learning_rate': 0.0009867666676126525, 'epoch': 0.1}
{'loss': 3.2042, 'grad_norm': 0.32578250765800476, 'learning_rate': 0.0009867210418650918, 'epoch': 0.1}
{'loss': 3.1572, 'grad_norm': 0.3100513517856598, 'learning_rate': 0.000986675338657309, 'epoch': 0.1}
{'loss': 3.1054, 'grad_norm': 0.32092151045799255, 'learning_rate': 0.0009866295579965781, 'epoch': 0.1}
{'loss': 3.0945, 'grad_norm': 0.3169088363647461, 'learning_rate': 0.0009865836998901845, 'epoch': 0.1}
{'loss': 3.2729, 'grad_norm': 0.3336808383464813, 'learning_rate': 0.0009865377643454268, 'epoch': 0.1}
{'loss': 3.2331, 'grad_norm': 0.3284917175769806, 'learning_rate': 0.0009864917513696151, 'epoch': 0.1}
{'loss': 3.0276, 'grad_norm': 0.3204570412635803, 'learning_rate': 0.0009864456609700726, 'epoch': 0.1}
{'loss': 3.2174, 'grad_norm': 0.3508305549621582, 'learning_rate': 0.000986399493154134, 'epoch': 0.1}
{'loss': 3.1514, 'grad_norm': 0.33036327362060547, 'learning_rate': 0.0009863532479291472, 'epoch': 0.1}
{'loss': 3.0415, 'grad_norm': 0.32423895597457886, 'learning_rate': 0.0009863069253024717, 'epoch': 0.1}
{'loss': 3.252, 'grad_norm': 0.33868199586868286, 'learning_rate': 0.0009862605252814799, 'epoch': 0.1}
{'loss': 3.244, 'grad_norm': 0.32746925950050354, 'learning_rate': 0.000986214047873556, 'epoch': 0.1}
{'loss': 3.0035, 'grad_norm': 0.3239452540874481, 'learning_rate': 0.000986167493086097, 'epoch': 0.1}
{'loss': 3.1596, 'grad_norm': 0.3098222613334656, 'learning_rate': 0.0009861208609265116, 'epoch': 0.1}
{'loss': 3.0462, 'grad_norm': 0.32653138041496277, 'learning_rate': 0.0009860741514022213, 'epoch': 0.1}
{'loss': 3.2319, 'grad_norm': 2.135934352874756, 'learning_rate': 0.0009860273645206597, 'epoch': 0.1}
{'loss': 3.2257, 'grad_norm': 0.3116329312324524, 'learning_rate': 0.0009859805002892731, 'epoch': 0.1}
{'loss': 3.199, 'grad_norm': 0.32210084795951843, 'learning_rate': 0.0009859335587155196, 'epoch': 0.1}
{'loss': 3.182, 'grad_norm': 0.3418861925601959, 'learning_rate': 0.0009858865398068698, 'epoch': 0.1}
{'loss': 3.3401, 'grad_norm': 0.34790951013565063, 'learning_rate': 0.000985839443570807, 'epoch': 0.1}
{'loss': 3.3154, 'grad_norm': 0.3650738298892975, 'learning_rate': 0.0009857922700148255, 'epoch': 0.1}
{'loss': 3.1198, 'grad_norm': 0.3317355811595917, 'learning_rate': 0.0009857450191464337, 'epoch': 0.1}
{'loss': 3.0975, 'grad_norm': 0.3528323173522949, 'learning_rate': 0.0009856976909731513, 'epoch': 0.1}
{'loss': 3.2346, 'grad_norm': 0.3529263138771057, 'learning_rate': 0.0009856502855025101, 'epoch': 0.1}
{'loss': 2.9961, 'grad_norm': 0.3226817846298218, 'learning_rate': 0.0009856028027420548, 'epoch': 0.1}
{'loss': 3.2494, 'grad_norm': 0.31820785999298096, 'learning_rate': 0.000985555242699342, 'epoch': 0.1}
{'loss': 3.0047, 'grad_norm': 0.31741708517074585, 'learning_rate': 0.0009855076053819408, 'epoch': 0.1}
{'loss': 3.2245, 'grad_norm': 0.3464382290840149, 'learning_rate': 0.0009854598907974325, 'epoch': 0.1}
{'loss': 3.2704, 'grad_norm': 0.3303929567337036, 'learning_rate': 0.000985412098953411, 'epoch': 0.1}
{'loss': 3.0734, 'grad_norm': 0.29558539390563965, 'learning_rate': 0.000985364229857482, 'epoch': 0.1}
{'loss': 3.282, 'grad_norm': 0.33491116762161255, 'learning_rate': 0.0009853162835172637, 'epoch': 0.11}
{'loss': 3.224, 'grad_norm': 0.33120080828666687, 'learning_rate': 0.0009852682599403866, 'epoch': 0.11}
{'loss': 3.1265, 'grad_norm': 0.33168724179267883, 'learning_rate': 0.0009852201591344935, 'epoch': 0.11}
{'loss': 3.2574, 'grad_norm': 0.3356655240058899, 'learning_rate': 0.00098517198110724, 'epoch': 0.11}
{'loss': 3.2938, 'grad_norm': 0.33258506655693054, 'learning_rate': 0.0009851237258662927, 'epoch': 0.11}
{'loss': 3.266, 'grad_norm': 0.31826841831207275, 'learning_rate': 0.0009850753934193318, 'epoch': 0.11}
{'loss': 3.1351, 'grad_norm': 0.33001208305358887, 'learning_rate': 0.000985026983774049, 'epoch': 0.11}
{'loss': 3.0882, 'grad_norm': 0.3281997740268707, 'learning_rate': 0.0009849784969381487, 'epoch': 0.11}
{'loss': 3.0712, 'grad_norm': 0.31019189953804016, 'learning_rate': 0.0009849299329193473, 'epoch': 0.11}
{'loss': 3.1662, 'grad_norm': 0.3196040689945221, 'learning_rate': 0.000984881291725374, 'epoch': 0.11}
{'loss': 3.1501, 'grad_norm': 0.30290159583091736, 'learning_rate': 0.0009848325733639695, 'epoch': 0.11}
{'loss': 3.0018, 'grad_norm': 0.33673539757728577, 'learning_rate': 0.0009847837778428872, 'epoch': 0.11}
{'loss': 3.0887, 'grad_norm': 0.31178584694862366, 'learning_rate': 0.0009847349051698932, 'epoch': 0.11}
{'loss': 3.1889, 'grad_norm': 0.34456056356430054, 'learning_rate': 0.0009846859553527647, 'epoch': 0.11}
{'loss': 3.1641, 'grad_norm': 0.31108322739601135, 'learning_rate': 0.0009846369283992927, 'epoch': 0.11}
{'loss': 3.2496, 'grad_norm': 0.32837778329849243, 'learning_rate': 0.000984587824317279, 'epoch': 0.11}
{'loss': 3.1541, 'grad_norm': 0.3413429856300354, 'learning_rate': 0.000984538643114539, 'epoch': 0.11}
{'loss': 3.1687, 'grad_norm': 0.3113815188407898, 'learning_rate': 0.0009844893847988994, 'epoch': 0.11}
{'loss': 3.1174, 'grad_norm': 0.3141386806964874, 'learning_rate': 0.0009844400493781995, 'epoch': 0.11}
{'loss': 3.1931, 'grad_norm': 0.33477354049682617, 'learning_rate': 0.0009843906368602908, 'epoch': 0.11}
{'loss': 3.1925, 'grad_norm': 0.34403419494628906, 'learning_rate': 0.0009843411472530376, 'epoch': 0.11}
{'loss': 3.0254, 'grad_norm': 0.2955513000488281, 'learning_rate': 0.0009842915805643156, 'epoch': 0.11}
{'loss': 3.2125, 'grad_norm': 0.33547505736351013, 'learning_rate': 0.0009842419368020132, 'epoch': 0.11}
{'loss': 3.307, 'grad_norm': 0.30427753925323486, 'learning_rate': 0.0009841922159740315, 'epoch': 0.11}
{'loss': 3.2437, 'grad_norm': 0.3189026117324829, 'learning_rate': 0.0009841424180882829, 'epoch': 0.11}
{'loss': 3.1901, 'grad_norm': 0.29349052906036377, 'learning_rate': 0.0009840925431526927, 'epoch': 0.11}
{'loss': 3.0828, 'grad_norm': 0.30642005801200867, 'learning_rate': 0.0009840425911751987, 'epoch': 0.11}
{'loss': 3.0566, 'grad_norm': 0.2872069478034973, 'learning_rate': 0.0009839925621637502, 'epoch': 0.11}
{'loss': 3.224, 'grad_norm': 0.35452166199684143, 'learning_rate': 0.0009839424561263093, 'epoch': 0.11}
{'loss': 3.243, 'grad_norm': 1.0435703992843628, 'learning_rate': 0.0009838922730708503, 'epoch': 0.11}
{'loss': 3.1845, 'grad_norm': 0.32417675852775574, 'learning_rate': 0.0009838420130053598, 'epoch': 0.11}
{'loss': 3.1182, 'grad_norm': 0.3217497766017914, 'learning_rate': 0.0009837916759378362, 'epoch': 0.11}
{'loss': 3.2341, 'grad_norm': 0.3127925395965576, 'learning_rate': 0.0009837412618762906, 'epoch': 0.11}
{'loss': 3.0552, 'grad_norm': 0.29329046607017517, 'learning_rate': 0.0009836907708287465, 'epoch': 0.11}
{'loss': 3.1817, 'grad_norm': 0.32148611545562744, 'learning_rate': 0.000983640202803239, 'epoch': 0.11}
{'loss': 3.2877, 'grad_norm': 0.31847652792930603, 'learning_rate': 0.0009835895578078164, 'epoch': 0.11}
{'loss': 3.0187, 'grad_norm': 0.3208691477775574, 'learning_rate': 0.0009835388358505383, 'epoch': 0.11}
{'loss': 3.2899, 'grad_norm': 0.3090776801109314, 'learning_rate': 0.000983488036939477, 'epoch': 0.11}
{'loss': 2.9878, 'grad_norm': 0.30030015110969543, 'learning_rate': 0.000983437161082717, 'epoch': 0.11}
{'loss': 3.1846, 'grad_norm': 0.33795660734176636, 'learning_rate': 0.000983386208288355, 'epoch': 0.11}
{'loss': 3.4152, 'grad_norm': 0.3302158713340759, 'learning_rate': 0.0009833351785645, 'epoch': 0.11}
{'loss': 3.3209, 'grad_norm': 0.32054972648620605, 'learning_rate': 0.0009832840719192736, 'epoch': 0.11}
{'loss': 3.2242, 'grad_norm': 0.3441521227359772, 'learning_rate': 0.0009832328883608089, 'epoch': 0.11}
{'loss': 3.1547, 'grad_norm': 0.3238525986671448, 'learning_rate': 0.0009831816278972516, 'epoch': 0.11}
{'loss': 3.1393, 'grad_norm': 0.3175218999385834, 'learning_rate': 0.0009831302905367596, 'epoch': 0.11}
{'loss': 3.1166, 'grad_norm': 0.3285435438156128, 'learning_rate': 0.0009830788762875034, 'epoch': 0.11}
{'loss': 3.1265, 'grad_norm': 0.3174732029438019, 'learning_rate': 0.0009830273851576651, 'epoch': 0.11}
{'loss': 3.0963, 'grad_norm': 0.3272225558757782, 'learning_rate': 0.0009829758171554395, 'epoch': 0.11}
{'loss': 2.9305, 'grad_norm': 0.306179940700531, 'learning_rate': 0.0009829241722890336, 'epoch': 0.11}
{'loss': 3.2135, 'grad_norm': 0.3263470530509949, 'learning_rate': 0.0009828724505666663, 'epoch': 0.11}
{'loss': 3.2616, 'grad_norm': 0.3018016517162323, 'learning_rate': 0.0009828206519965695, 'epoch': 0.11}
{'loss': 3.168, 'grad_norm': 0.28908324241638184, 'learning_rate': 0.0009827687765869859, 'epoch': 0.11}
{'loss': 3.0339, 'grad_norm': 0.3185020685195923, 'learning_rate': 0.000982716824346172, 'epoch': 0.11}
{'loss': 3.2123, 'grad_norm': 0.28528621792793274, 'learning_rate': 0.0009826647952823958, 'epoch': 0.11}
{'loss': 3.2569, 'grad_norm': 0.3098626732826233, 'learning_rate': 0.000982612689403937, 'epoch': 0.11}
{'loss': 3.1151, 'grad_norm': 0.31951621174812317, 'learning_rate': 0.000982560506719089, 'epoch': 0.11}
{'loss': 3.2352, 'grad_norm': 0.31407538056373596, 'learning_rate': 0.0009825082472361558, 'epoch': 0.11}
{'loss': 3.1677, 'grad_norm': 0.3267781436443329, 'learning_rate': 0.0009824559109634545, 'epoch': 0.11}
{'loss': 3.0644, 'grad_norm': 0.3199211657047272, 'learning_rate': 0.0009824034979093144, 'epoch': 0.11}
{'loss': 3.1019, 'grad_norm': 0.2900358736515045, 'learning_rate': 0.000982351008082077, 'epoch': 0.11}
{'loss': 3.2118, 'grad_norm': 0.33064916729927063, 'learning_rate': 0.0009822984414900955, 'epoch': 0.11}
{'loss': 2.9902, 'grad_norm': 0.3040601313114166, 'learning_rate': 0.0009822457981417362, 'epoch': 0.11}
{'loss': 3.2037, 'grad_norm': 0.31002625823020935, 'learning_rate': 0.0009821930780453767, 'epoch': 0.11}
{'loss': 3.1392, 'grad_norm': 0.33041781187057495, 'learning_rate': 0.0009821402812094074, 'epoch': 0.11}
{'loss': 3.1351, 'grad_norm': 0.3299204111099243, 'learning_rate': 0.0009820874076422307, 'epoch': 0.11}
{'loss': 3.1388, 'grad_norm': 0.32686442136764526, 'learning_rate': 0.0009820344573522616, 'epoch': 0.11}
{'loss': 3.263, 'grad_norm': 0.32486727833747864, 'learning_rate': 0.0009819814303479266, 'epoch': 0.11}
{'loss': 3.0866, 'grad_norm': 0.32585230469703674, 'learning_rate': 0.000981928326637665, 'epoch': 0.11}
{'loss': 3.0964, 'grad_norm': 0.3534059226512909, 'learning_rate': 0.000981875146229928, 'epoch': 0.11}
{'loss': 3.1466, 'grad_norm': 0.3090541362762451, 'learning_rate': 0.0009818218891331793, 'epoch': 0.11}
{'loss': 3.1569, 'grad_norm': 0.29585832357406616, 'learning_rate': 0.0009817685553558944, 'epoch': 0.11}
{'loss': 3.1043, 'grad_norm': 0.3125181794166565, 'learning_rate': 0.0009817151449065611, 'epoch': 0.11}
{'loss': 3.2545, 'grad_norm': 0.32505330443382263, 'learning_rate': 0.0009816616577936798, 'epoch': 0.11}
{'loss': 3.0981, 'grad_norm': 0.289041131734848, 'learning_rate': 0.0009816080940257626, 'epoch': 0.11}
{'loss': 3.1678, 'grad_norm': 0.2963288426399231, 'learning_rate': 0.0009815544536113342, 'epoch': 0.11}
{'loss': 3.1055, 'grad_norm': 0.29524898529052734, 'learning_rate': 0.0009815007365589312, 'epoch': 0.11}
{'loss': 3.203, 'grad_norm': 0.277178555727005, 'learning_rate': 0.0009814469428771028, 'epoch': 0.11}
{'loss': 2.9707, 'grad_norm': 0.29807010293006897, 'learning_rate': 0.0009813930725744095, 'epoch': 0.11}
{'loss': 3.1326, 'grad_norm': 0.31750547885894775, 'learning_rate': 0.000981339125659425, 'epoch': 0.11}
{'loss': 3.2625, 'grad_norm': 0.30216264724731445, 'learning_rate': 0.0009812851021407348, 'epoch': 0.11}
{'loss': 3.0632, 'grad_norm': 0.32362741231918335, 'learning_rate': 0.0009812310020269365, 'epoch': 0.11}
{'loss': 3.0154, 'grad_norm': 0.31331485509872437, 'learning_rate': 0.00098117682532664, 'epoch': 0.12}
{'loss': 3.0942, 'grad_norm': 0.31729623675346375, 'learning_rate': 0.0009811225720484675, 'epoch': 0.12}
{'loss': 3.1018, 'grad_norm': 0.314794659614563, 'learning_rate': 0.000981068242201053, 'epoch': 0.12}
{'loss': 3.2386, 'grad_norm': 0.3274892568588257, 'learning_rate': 0.0009810138357930428, 'epoch': 0.12}
{'loss': 3.064, 'grad_norm': 0.2898106575012207, 'learning_rate': 0.0009809593528330963, 'epoch': 0.12}
{'loss': 3.192, 'grad_norm': 0.3019954264163971, 'learning_rate': 0.0009809047933298834, 'epoch': 0.12}
{'loss': 3.1262, 'grad_norm': 0.31222617626190186, 'learning_rate': 0.0009808501572920875, 'epoch': 0.12}
{'loss': 3.3096, 'grad_norm': 0.28511402010917664, 'learning_rate': 0.0009807954447284039, 'epoch': 0.12}
{'loss': 3.1513, 'grad_norm': 0.2867024838924408, 'learning_rate': 0.0009807406556475394, 'epoch': 0.12}
{'loss': 3.1332, 'grad_norm': 0.3009786009788513, 'learning_rate': 0.000980685790058214, 'epoch': 0.12}
{'loss': 3.1184, 'grad_norm': 0.311293363571167, 'learning_rate': 0.0009806308479691594, 'epoch': 0.12}
{'loss': 3.0998, 'grad_norm': 0.2898104786872864, 'learning_rate': 0.0009805758293891195, 'epoch': 0.12}
{'loss': 3.0631, 'grad_norm': 0.32853975892066956, 'learning_rate': 0.00098052073432685, 'epoch': 0.12}
{'loss': 3.0583, 'grad_norm': 0.3549340069293976, 'learning_rate': 0.0009804655627911193, 'epoch': 0.12}
{'loss': 3.2171, 'grad_norm': 0.3263601064682007, 'learning_rate': 0.0009804103147907077, 'epoch': 0.12}
{'loss': 3.3645, 'grad_norm': 0.3392539918422699, 'learning_rate': 0.000980354990334408, 'epoch': 0.12}
{'loss': 3.1654, 'grad_norm': 0.2862677574157715, 'learning_rate': 0.0009802995894310246, 'epoch': 0.12}
{'loss': 3.1353, 'grad_norm': 0.2919410765171051, 'learning_rate': 0.000980244112089375, 'epoch': 0.12}
{'loss': 3.1612, 'grad_norm': 0.3193066418170929, 'learning_rate': 0.0009801885583182875, 'epoch': 0.12}
{'loss': 3.2118, 'grad_norm': 0.32146668434143066, 'learning_rate': 0.0009801329281266037, 'epoch': 0.12}
{'loss': 3.0382, 'grad_norm': 0.28948238492012024, 'learning_rate': 0.000980077221523177, 'epoch': 0.12}
{'loss': 3.1662, 'grad_norm': 0.28071847558021545, 'learning_rate': 0.0009800214385168727, 'epoch': 0.12}
{'loss': 3.1851, 'grad_norm': 0.28672105073928833, 'learning_rate': 0.000979965579116569, 'epoch': 0.12}
{'loss': 3.1895, 'grad_norm': 0.33118170499801636, 'learning_rate': 0.000979909643331155, 'epoch': 0.12}
{'loss': 3.2607, 'grad_norm': 0.2850419580936432, 'learning_rate': 0.0009798536311695335, 'epoch': 0.12}
{'loss': 3.2206, 'grad_norm': 0.3150230944156647, 'learning_rate': 0.0009797975426406181, 'epoch': 0.12}
{'loss': 3.166, 'grad_norm': 0.2965679466724396, 'learning_rate': 0.0009797413777533355, 'epoch': 0.12}
{'loss': 3.0974, 'grad_norm': 0.30562108755111694, 'learning_rate': 0.0009796851365166236, 'epoch': 0.12}
{'loss': 3.1732, 'grad_norm': 0.28419333696365356, 'learning_rate': 0.000979628818939434, 'epoch': 0.12}
{'loss': 3.1341, 'grad_norm': 0.326285719871521, 'learning_rate': 0.0009795724250307287, 'epoch': 0.12}
{'loss': 3.0867, 'grad_norm': 0.30695438385009766, 'learning_rate': 0.0009795159547994828, 'epoch': 0.12}
{'loss': 3.1395, 'grad_norm': 0.3514147102832794, 'learning_rate': 0.0009794594082546835, 'epoch': 0.12}
{'loss': 3.0358, 'grad_norm': 0.3243941366672516, 'learning_rate': 0.0009794027854053298, 'epoch': 0.12}
{'loss': 3.1268, 'grad_norm': 0.27562493085861206, 'learning_rate': 0.0009793460862604333, 'epoch': 0.12}
{'loss': 3.2652, 'grad_norm': 0.319851815700531, 'learning_rate': 0.0009792893108290174, 'epoch': 0.12}
{'loss': 3.1172, 'grad_norm': 0.29485636949539185, 'learning_rate': 0.0009792324591201178, 'epoch': 0.12}
{'loss': 3.0656, 'grad_norm': 0.279745489358902, 'learning_rate': 0.0009791755311427822, 'epoch': 0.12}
{'loss': 3.1498, 'grad_norm': 0.3095393478870392, 'learning_rate': 0.0009791185269060706, 'epoch': 0.12}
{'loss': 3.0775, 'grad_norm': 0.3170572817325592, 'learning_rate': 0.0009790614464190548, 'epoch': 0.12}
{'loss': 3.3006, 'grad_norm': 0.3133679926395416, 'learning_rate': 0.0009790042896908194, 'epoch': 0.12}
{'loss': 3.1615, 'grad_norm': 0.28760311007499695, 'learning_rate': 0.0009789470567304604, 'epoch': 0.12}
{'loss': 3.2268, 'grad_norm': 0.3529439866542816, 'learning_rate': 0.0009788897475470864, 'epoch': 0.12}
{'loss': 3.0838, 'grad_norm': 0.3063429892063141, 'learning_rate': 0.000978832362149818, 'epoch': 0.12}
{'loss': 3.1281, 'grad_norm': 0.2998839020729065, 'learning_rate': 0.0009787749005477878, 'epoch': 0.12}
{'loss': 3.2154, 'grad_norm': 0.3147079646587372, 'learning_rate': 0.0009787173627501407, 'epoch': 0.12}
{'loss': 3.0345, 'grad_norm': 0.33822908997535706, 'learning_rate': 0.0009786597487660335, 'epoch': 0.12}
{'loss': 3.2335, 'grad_norm': 0.3052949607372284, 'learning_rate': 0.0009786020586046358, 'epoch': 0.12}
{'loss': 3.1733, 'grad_norm': 0.3413121700286865, 'learning_rate': 0.0009785442922751286, 'epoch': 0.12}
{'loss': 3.0727, 'grad_norm': 0.3253011107444763, 'learning_rate': 0.000978486449786705, 'epoch': 0.12}
{'loss': 3.1385, 'grad_norm': 0.33891811966896057, 'learning_rate': 0.0009784285311485706, 'epoch': 0.12}
{'loss': 3.0913, 'grad_norm': 0.32263973355293274, 'learning_rate': 0.000978370536369943, 'epoch': 0.12}
{'loss': 3.0496, 'grad_norm': 0.3292553722858429, 'learning_rate': 0.0009783124654600516, 'epoch': 0.12}
{'loss': 3.2526, 'grad_norm': 0.319627970457077, 'learning_rate': 0.000978254318428139, 'epoch': 0.12}
{'loss': 3.1654, 'grad_norm': 0.28953030705451965, 'learning_rate': 0.0009781960952834584, 'epoch': 0.12}
{'loss': 3.0878, 'grad_norm': 0.3296842575073242, 'learning_rate': 0.0009781377960352761, 'epoch': 0.12}
{'loss': 3.1414, 'grad_norm': 0.3306824266910553, 'learning_rate': 0.0009780794206928703, 'epoch': 0.12}
{'loss': 3.1403, 'grad_norm': 0.3145061731338501, 'learning_rate': 0.0009780209692655311, 'epoch': 0.12}
{'loss': 2.9979, 'grad_norm': 0.31806299090385437, 'learning_rate': 0.000977962441762561, 'epoch': 0.12}
{'loss': 3.0684, 'grad_norm': 0.33527642488479614, 'learning_rate': 0.0009779038381932744, 'epoch': 0.12}
{'loss': 3.179, 'grad_norm': 0.3191151022911072, 'learning_rate': 0.000977845158566998, 'epoch': 0.12}
{'loss': 3.1388, 'grad_norm': 0.2999362349510193, 'learning_rate': 0.0009777864028930705, 'epoch': 0.12}
{'loss': 3.3012, 'grad_norm': 0.3270941972732544, 'learning_rate': 0.0009777275711808425, 'epoch': 0.12}
{'loss': 3.0597, 'grad_norm': 0.30481603741645813, 'learning_rate': 0.000977668663439677, 'epoch': 0.12}
{'loss': 3.2609, 'grad_norm': 0.3038034439086914, 'learning_rate': 0.000977609679678949, 'epoch': 0.12}
{'loss': 3.208, 'grad_norm': 0.3276054859161377, 'learning_rate': 0.0009775506199080457, 'epoch': 0.12}
{'loss': 3.2685, 'grad_norm': 0.32672104239463806, 'learning_rate': 0.000977491484136366, 'epoch': 0.12}
{'loss': 3.0388, 'grad_norm': 0.29873064160346985, 'learning_rate': 0.0009774322723733215, 'epoch': 0.12}
{'loss': 3.0911, 'grad_norm': 0.31554603576660156, 'learning_rate': 0.0009773729846283355, 'epoch': 0.12}
{'loss': 3.1747, 'grad_norm': 0.3273487091064453, 'learning_rate': 0.0009773136209108434, 'epoch': 0.12}
{'loss': 3.1766, 'grad_norm': 0.30112728476524353, 'learning_rate': 0.0009772541812302926, 'epoch': 0.12}
{'loss': 3.2599, 'grad_norm': 0.3210170865058899, 'learning_rate': 0.0009771946655961431, 'epoch': 0.12}
{'loss': 3.0851, 'grad_norm': 0.3123440146446228, 'learning_rate': 0.0009771350740178663, 'epoch': 0.12}
{'loss': 3.1301, 'grad_norm': 0.30877384543418884, 'learning_rate': 0.0009770754065049462, 'epoch': 0.12}
{'loss': 3.2565, 'grad_norm': 0.30335426330566406, 'learning_rate': 0.0009770156630668789, 'epoch': 0.12}
{'loss': 3.1317, 'grad_norm': 0.302345335483551, 'learning_rate': 0.0009769558437131723, 'epoch': 0.12}
{'loss': 3.0807, 'grad_norm': 0.29444053769111633, 'learning_rate': 0.000976895948453346, 'epoch': 0.12}
{'loss': 3.2111, 'grad_norm': 0.3635963797569275, 'learning_rate': 0.0009768359772969327, 'epoch': 0.12}
{'loss': 3.1921, 'grad_norm': 0.32537463307380676, 'learning_rate': 0.0009767759302534765, 'epoch': 0.12}
{'loss': 3.2038, 'grad_norm': 0.3519382178783417, 'learning_rate': 0.0009767158073325337, 'epoch': 0.12}
{'loss': 3.1944, 'grad_norm': 0.30180031061172485, 'learning_rate': 0.0009766556085436724, 'epoch': 0.12}
{'loss': 3.1933, 'grad_norm': 0.2933271825313568, 'learning_rate': 0.0009765953338964734, 'epoch': 0.12}
{'loss': 3.0678, 'grad_norm': 0.28661447763442993, 'learning_rate': 0.0009765349834005292, 'epoch': 0.13}
{'loss': 3.077, 'grad_norm': 0.3381267786026001, 'learning_rate': 0.0009764745570654445, 'epoch': 0.13}
{'loss': 3.2062, 'grad_norm': 0.29854053258895874, 'learning_rate': 0.0009764140549008357, 'epoch': 0.13}
{'loss': 3.1392, 'grad_norm': 0.28898748755455017, 'learning_rate': 0.0009763534769163316, 'epoch': 0.13}
{'loss': 3.0963, 'grad_norm': 0.30588218569755554, 'learning_rate': 0.0009762928231215731, 'epoch': 0.13}
{'loss': 3.2406, 'grad_norm': 0.32720819115638733, 'learning_rate': 0.000976232093526213, 'epoch': 0.13}
{'loss': 3.163, 'grad_norm': 0.31183695793151855, 'learning_rate': 0.0009761712881399164, 'epoch': 0.13}
{'loss': 3.0415, 'grad_norm': 0.2938072681427002, 'learning_rate': 0.0009761104069723601, 'epoch': 0.13}
{'loss': 3.0411, 'grad_norm': 0.3207678496837616, 'learning_rate': 0.0009760494500332333, 'epoch': 0.13}
{'loss': 3.1778, 'grad_norm': 0.3130419850349426, 'learning_rate': 0.0009759884173322369, 'epoch': 0.13}
{'loss': 3.0421, 'grad_norm': 0.3071966767311096, 'learning_rate': 0.0009759273088790843, 'epoch': 0.13}
{'loss': 3.0452, 'grad_norm': 0.3103164732456207, 'learning_rate': 0.0009758661246835008, 'epoch': 0.13}
{'loss': 3.1347, 'grad_norm': 0.3027976155281067, 'learning_rate': 0.0009758048647552233, 'epoch': 0.13}
{'loss': 3.0661, 'grad_norm': 0.30690935254096985, 'learning_rate': 0.0009757435291040016, 'epoch': 0.13}
{'loss': 3.2557, 'grad_norm': 0.33422625064849854, 'learning_rate': 0.0009756821177395968, 'epoch': 0.13}
{'loss': 3.0128, 'grad_norm': 0.3315468430519104, 'learning_rate': 0.0009756206306717823, 'epoch': 0.13}
{'loss': 2.9544, 'grad_norm': 0.34485143423080444, 'learning_rate': 0.0009755590679103439, 'epoch': 0.13}
{'loss': 3.1166, 'grad_norm': 0.3144751489162445, 'learning_rate': 0.0009754974294650787, 'epoch': 0.13}
{'loss': 3.0476, 'grad_norm': 0.3003101050853729, 'learning_rate': 0.0009754357153457967, 'epoch': 0.13}
{'loss': 3.129, 'grad_norm': 0.33173325657844543, 'learning_rate': 0.0009753739255623191, 'epoch': 0.13}
{'loss': 3.0434, 'grad_norm': 0.31923866271972656, 'learning_rate': 0.00097531206012448, 'epoch': 0.13}
{'loss': 3.1385, 'grad_norm': 0.31527045369148254, 'learning_rate': 0.0009752501190421248, 'epoch': 0.13}
{'loss': 3.0979, 'grad_norm': 0.3096708059310913, 'learning_rate': 0.0009751881023251114, 'epoch': 0.13}
{'loss': 3.1213, 'grad_norm': 0.3238997459411621, 'learning_rate': 0.0009751260099833095, 'epoch': 0.13}
{'loss': 3.2377, 'grad_norm': 0.30514487624168396, 'learning_rate': 0.0009750638420266008, 'epoch': 0.13}
{'loss': 3.0306, 'grad_norm': 0.2767772674560547, 'learning_rate': 0.0009750015984648793, 'epoch': 0.13}
{'loss': 3.3198, 'grad_norm': 0.36512377858161926, 'learning_rate': 0.0009749392793080509, 'epoch': 0.13}
{'loss': 3.2111, 'grad_norm': 0.29098257422447205, 'learning_rate': 0.0009748768845660334, 'epoch': 0.13}
{'loss': 3.0619, 'grad_norm': 0.30456027388572693, 'learning_rate': 0.000974814414248757, 'epoch': 0.13}
{'loss': 2.9897, 'grad_norm': 0.3163647949695587, 'learning_rate': 0.0009747518683661631, 'epoch': 0.13}
{'loss': 3.1188, 'grad_norm': 0.31902167201042175, 'learning_rate': 0.0009746892469282063, 'epoch': 0.13}
{'loss': 3.2764, 'grad_norm': 0.33146932721138, 'learning_rate': 0.0009746265499448524, 'epoch': 0.13}
{'loss': 3.1943, 'grad_norm': 0.3058604896068573, 'learning_rate': 0.0009745637774260794, 'epoch': 0.13}
{'loss': 3.0918, 'grad_norm': 0.3176446855068207, 'learning_rate': 0.0009745009293818773, 'epoch': 0.13}
{'loss': 3.131, 'grad_norm': 0.32688698172569275, 'learning_rate': 0.0009744380058222483, 'epoch': 0.13}
{'loss': 3.1021, 'grad_norm': 0.2949530780315399, 'learning_rate': 0.0009743750067572064, 'epoch': 0.13}
{'loss': 3.0828, 'grad_norm': 0.2797747850418091, 'learning_rate': 0.0009743119321967779, 'epoch': 0.13}
{'loss': 3.0703, 'grad_norm': 0.3227066397666931, 'learning_rate': 0.0009742487821510007, 'epoch': 0.13}
{'loss': 3.08, 'grad_norm': 0.31667959690093994, 'learning_rate': 0.0009741855566299251, 'epoch': 0.13}
{'loss': 3.1132, 'grad_norm': 0.3035553991794586, 'learning_rate': 0.0009741222556436132, 'epoch': 0.13}
{'loss': 3.2161, 'grad_norm': 0.3087211549282074, 'learning_rate': 0.0009740588792021392, 'epoch': 0.13}
{'loss': 3.062, 'grad_norm': 0.3131037950515747, 'learning_rate': 0.0009739954273155891, 'epoch': 0.13}
{'loss': 3.0604, 'grad_norm': 0.3061094284057617, 'learning_rate': 0.0009739318999940614, 'epoch': 0.13}
{'loss': 3.117, 'grad_norm': 0.3134393095970154, 'learning_rate': 0.0009738682972476661, 'epoch': 0.13}
{'loss': 3.1329, 'grad_norm': 0.32654792070388794, 'learning_rate': 0.0009738046190865253, 'epoch': 0.13}
{'loss': 3.16, 'grad_norm': 0.3032633066177368, 'learning_rate': 0.0009737408655207734, 'epoch': 0.13}
{'loss': 3.1256, 'grad_norm': 0.33076393604278564, 'learning_rate': 0.0009736770365605564, 'epoch': 0.13}
{'loss': 3.1467, 'grad_norm': 0.33515238761901855, 'learning_rate': 0.0009736131322160326, 'epoch': 0.13}
{'loss': 3.2917, 'grad_norm': 0.3143478333950043, 'learning_rate': 0.0009735491524973722, 'epoch': 0.13}
{'loss': 3.1076, 'grad_norm': 0.35069847106933594, 'learning_rate': 0.0009734850974147573, 'epoch': 0.13}
{'loss': 3.166, 'grad_norm': 0.3268362581729889, 'learning_rate': 0.0009734209669783823, 'epoch': 0.13}
{'loss': 3.1538, 'grad_norm': 0.33824196457862854, 'learning_rate': 0.0009733567611984529, 'epoch': 0.13}
{'loss': 3.1887, 'grad_norm': 0.3155861496925354, 'learning_rate': 0.0009732924800851877, 'epoch': 0.13}
{'loss': 3.0893, 'grad_norm': 0.3475717008113861, 'learning_rate': 0.0009732281236488167, 'epoch': 0.13}
{'loss': 3.257, 'grad_norm': 0.32557010650634766, 'learning_rate': 0.0009731636918995821, 'epoch': 0.13}
{'loss': 3.0213, 'grad_norm': 0.3131006062030792, 'learning_rate': 0.000973099184847738, 'epoch': 0.13}
{'loss': 3.2415, 'grad_norm': 0.2913403809070587, 'learning_rate': 0.0009730346025035503, 'epoch': 0.13}
{'loss': 3.0118, 'grad_norm': 0.3027243912220001, 'learning_rate': 0.0009729699448772975, 'epoch': 0.13}
{'loss': 3.0467, 'grad_norm': 0.3083602488040924, 'learning_rate': 0.0009729052119792694, 'epoch': 0.13}
{'loss': 3.0943, 'grad_norm': 0.31936025619506836, 'learning_rate': 0.000972840403819768, 'epoch': 0.13}
{'loss': 3.0622, 'grad_norm': 0.295910120010376, 'learning_rate': 0.0009727755204091074, 'epoch': 0.13}
{'loss': 3.2076, 'grad_norm': 0.32753777503967285, 'learning_rate': 0.0009727105617576136, 'epoch': 0.13}
{'loss': 3.2477, 'grad_norm': 0.32457366585731506, 'learning_rate': 0.0009726455278756248, 'epoch': 0.13}
{'loss': 3.0948, 'grad_norm': 0.31014347076416016, 'learning_rate': 0.0009725804187734906, 'epoch': 0.13}
{'loss': 2.9977, 'grad_norm': 0.31515419483184814, 'learning_rate': 0.000972515234461573, 'epoch': 0.13}
{'loss': 3.0539, 'grad_norm': 0.32746508717536926, 'learning_rate': 0.000972449974950246, 'epoch': 0.13}
{'loss': 3.2302, 'grad_norm': 0.37268397212028503, 'learning_rate': 0.0009723846402498955, 'epoch': 0.13}
{'loss': 3.0569, 'grad_norm': 0.31438902020454407, 'learning_rate': 0.0009723192303709192, 'epoch': 0.13}
{'loss': 3.1566, 'grad_norm': 0.3131158947944641, 'learning_rate': 0.000972253745323727, 'epoch': 0.13}
{'loss': 3.0641, 'grad_norm': 0.3215946555137634, 'learning_rate': 0.0009721881851187406, 'epoch': 0.13}
{'loss': 3.2828, 'grad_norm': 0.2964388430118561, 'learning_rate': 0.0009721225497663937, 'epoch': 0.13}
{'loss': 3.1663, 'grad_norm': 0.2989503741264343, 'learning_rate': 0.0009720568392771318, 'epoch': 0.13}
{'loss': 3.0464, 'grad_norm': 0.2742540240287781, 'learning_rate': 0.0009719910536614129, 'epoch': 0.13}
{'loss': 3.1855, 'grad_norm': 0.3365744352340698, 'learning_rate': 0.0009719251929297064, 'epoch': 0.13}
{'loss': 3.1748, 'grad_norm': 0.2922094762325287, 'learning_rate': 0.0009718592570924938, 'epoch': 0.13}
{'loss': 3.1876, 'grad_norm': 0.27719059586524963, 'learning_rate': 0.0009717932461602686, 'epoch': 0.13}
{'loss': 3.1404, 'grad_norm': 0.32466256618499756, 'learning_rate': 0.0009717271601435363, 'epoch': 0.13}
{'loss': 3.159, 'grad_norm': 0.2981675863265991, 'learning_rate': 0.0009716609990528143, 'epoch': 0.13}
{'loss': 3.128, 'grad_norm': 0.310891717672348, 'learning_rate': 0.0009715947628986317, 'epoch': 0.13}
{'loss': 3.2658, 'grad_norm': 0.3061786890029907, 'learning_rate': 0.0009715284516915302, 'epoch': 0.13}
{'loss': 3.0623, 'grad_norm': 0.31207653880119324, 'learning_rate': 0.000971462065442063, 'epoch': 0.13}
{'loss': 3.0755, 'grad_norm': 0.32014739513397217, 'learning_rate': 0.0009713956041607947, 'epoch': 0.13}
{'loss': 3.2029, 'grad_norm': 0.3070129156112671, 'learning_rate': 0.0009713290678583032, 'epoch': 0.14}
{'loss': 3.0868, 'grad_norm': 0.5177923440933228, 'learning_rate': 0.0009712624565451771, 'epoch': 0.14}
{'loss': 3.1097, 'grad_norm': 0.31877028942108154, 'learning_rate': 0.0009711957702320175, 'epoch': 0.14}
{'loss': 3.092, 'grad_norm': 0.26404038071632385, 'learning_rate': 0.0009711290089294371, 'epoch': 0.14}
{'loss': 3.2315, 'grad_norm': 0.2934286594390869, 'learning_rate': 0.0009710621726480613, 'epoch': 0.14}
{'loss': 3.1153, 'grad_norm': 0.27648279070854187, 'learning_rate': 0.0009709952613985263, 'epoch': 0.14}
{'loss': 3.0933, 'grad_norm': 0.2865680158138275, 'learning_rate': 0.0009709282751914812, 'epoch': 0.14}
{'loss': 3.0839, 'grad_norm': 0.31882497668266296, 'learning_rate': 0.0009708612140375866, 'epoch': 0.14}
{'loss': 3.0584, 'grad_norm': 0.2642831802368164, 'learning_rate': 0.0009707940779475151, 'epoch': 0.14}
{'loss': 3.2119, 'grad_norm': 0.3082507848739624, 'learning_rate': 0.0009707268669319511, 'epoch': 0.14}
{'loss': 3.1854, 'grad_norm': 0.303128719329834, 'learning_rate': 0.0009706595810015911, 'epoch': 0.14}
{'loss': 3.1594, 'grad_norm': 0.3018419146537781, 'learning_rate': 0.0009705922201671435, 'epoch': 0.14}
{'loss': 3.197, 'grad_norm': 0.31030142307281494, 'learning_rate': 0.0009705247844393284, 'epoch': 0.14}
{'loss': 3.0897, 'grad_norm': 0.3158318102359772, 'learning_rate': 0.0009704572738288782, 'epoch': 0.14}
{'loss': 3.0207, 'grad_norm': 0.3406117856502533, 'learning_rate': 0.0009703896883465371, 'epoch': 0.14}
{'loss': 3.1305, 'grad_norm': 0.3021644353866577, 'learning_rate': 0.0009703220280030607, 'epoch': 0.14}
{'loss': 3.1608, 'grad_norm': 0.29650723934173584, 'learning_rate': 0.0009702542928092174, 'epoch': 0.14}
{'loss': 3.1215, 'grad_norm': 0.2926850914955139, 'learning_rate': 0.0009701864827757868, 'epoch': 0.14}
{'loss': 2.9968, 'grad_norm': 0.3172859251499176, 'learning_rate': 0.0009701185979135607, 'epoch': 0.14}
{'loss': 3.1449, 'grad_norm': 0.2798128128051758, 'learning_rate': 0.000970050638233343, 'epoch': 0.14}
{'loss': 3.0761, 'grad_norm': 0.31533360481262207, 'learning_rate': 0.0009699826037459489, 'epoch': 0.14}
{'loss': 3.0634, 'grad_norm': 0.3352046608924866, 'learning_rate': 0.0009699144944622062, 'epoch': 0.14}
{'loss': 3.1227, 'grad_norm': 0.325772225856781, 'learning_rate': 0.0009698463103929542, 'epoch': 0.14}
{'loss': 3.2631, 'grad_norm': 0.30415335297584534, 'learning_rate': 0.0009697780515490442, 'epoch': 0.14}
{'loss': 3.2292, 'grad_norm': 0.32596054673194885, 'learning_rate': 0.0009697097179413392, 'epoch': 0.14}
{'loss': 3.1607, 'grad_norm': 0.2747899889945984, 'learning_rate': 0.0009696413095807146, 'epoch': 0.14}
{'loss': 3.0559, 'grad_norm': 0.29748067259788513, 'learning_rate': 0.0009695728264780574, 'epoch': 0.14}
{'loss': 2.9861, 'grad_norm': 0.2825867831707001, 'learning_rate': 0.0009695042686442661, 'epoch': 0.14}
{'loss': 2.9968, 'grad_norm': 0.2689206898212433, 'learning_rate': 0.0009694356360902519, 'epoch': 0.14}
{'loss': 3.1382, 'grad_norm': 0.30354902148246765, 'learning_rate': 0.0009693669288269371, 'epoch': 0.14}
{'loss': 3.0862, 'grad_norm': 0.32521581649780273, 'learning_rate': 0.0009692981468652564, 'epoch': 0.14}
{'loss': 3.2016, 'grad_norm': 0.29758620262145996, 'learning_rate': 0.0009692292902161566, 'epoch': 0.14}
{'loss': 3.1283, 'grad_norm': 0.3214271366596222, 'learning_rate': 0.0009691603588905955, 'epoch': 0.14}
{'loss': 3.0608, 'grad_norm': 0.2925094962120056, 'learning_rate': 0.0009690913528995435, 'epoch': 0.14}
{'loss': 3.1072, 'grad_norm': 0.28995245695114136, 'learning_rate': 0.0009690222722539829, 'epoch': 0.14}
{'loss': 3.0806, 'grad_norm': 0.3215053975582123, 'learning_rate': 0.0009689531169649074, 'epoch': 0.14}
{'loss': 3.1222, 'grad_norm': 0.3291580080986023, 'learning_rate': 0.0009688838870433229, 'epoch': 0.14}
{'loss': 3.2489, 'grad_norm': 0.3031013309955597, 'learning_rate': 0.0009688145825002475, 'epoch': 0.14}
{'loss': 3.2016, 'grad_norm': 0.30324798822402954, 'learning_rate': 0.0009687452033467104, 'epoch': 0.14}
{'loss': 3.1756, 'grad_norm': 0.33947107195854187, 'learning_rate': 0.0009686757495937533, 'epoch': 0.14}
{'loss': 3.1479, 'grad_norm': 0.30446529388427734, 'learning_rate': 0.0009686062212524294, 'epoch': 0.14}
{'loss': 3.0471, 'grad_norm': 0.33532726764678955, 'learning_rate': 0.000968536618333804, 'epoch': 0.14}
{'loss': 3.1965, 'grad_norm': 0.3216077983379364, 'learning_rate': 0.0009684669408489542, 'epoch': 0.14}
{'loss': 3.1672, 'grad_norm': 0.470013827085495, 'learning_rate': 0.0009683971888089689, 'epoch': 0.14}
{'loss': 3.1659, 'grad_norm': 0.3048456013202667, 'learning_rate': 0.0009683273622249491, 'epoch': 0.14}
{'loss': 3.1509, 'grad_norm': 0.29015207290649414, 'learning_rate': 0.0009682574611080075, 'epoch': 0.14}
{'loss': 3.0604, 'grad_norm': 0.2948237359523773, 'learning_rate': 0.0009681874854692685, 'epoch': 0.14}
{'loss': 3.0072, 'grad_norm': 0.3043477535247803, 'learning_rate': 0.0009681174353198686, 'epoch': 0.14}
{'loss': 3.091, 'grad_norm': 0.32551121711730957, 'learning_rate': 0.0009680473106709561, 'epoch': 0.14}
{'loss': 3.1377, 'grad_norm': 0.29940417408943176, 'learning_rate': 0.0009679771115336911, 'epoch': 0.14}
{'loss': 3.1871, 'grad_norm': 0.3119247555732727, 'learning_rate': 0.0009679068379192455, 'epoch': 0.14}
{'loss': 3.0892, 'grad_norm': 0.32539141178131104, 'learning_rate': 0.0009678364898388032, 'epoch': 0.14}
{'loss': 3.144, 'grad_norm': 0.301927775144577, 'learning_rate': 0.00096776606730356, 'epoch': 0.14}
{'loss': 3.1081, 'grad_norm': 0.32566118240356445, 'learning_rate': 0.0009676955703247232, 'epoch': 0.14}
{'loss': 3.1449, 'grad_norm': 0.3212340772151947, 'learning_rate': 0.0009676249989135124, 'epoch': 0.14}
{'loss': 3.1828, 'grad_norm': 0.28797727823257446, 'learning_rate': 0.0009675543530811588, 'epoch': 0.14}
{'loss': 3.0813, 'grad_norm': 0.30846336483955383, 'learning_rate': 0.0009674836328389054, 'epoch': 0.14}
{'loss': 3.232, 'grad_norm': 0.31381434202194214, 'learning_rate': 0.0009674128381980072, 'epoch': 0.14}
{'loss': 3.148, 'grad_norm': 0.31352004408836365, 'learning_rate': 0.0009673419691697309, 'epoch': 0.14}
{'loss': 3.0831, 'grad_norm': 0.3066277801990509, 'learning_rate': 0.0009672710257653551, 'epoch': 0.14}
{'loss': 3.0973, 'grad_norm': 0.3109048306941986, 'learning_rate': 0.0009672000079961703, 'epoch': 0.14}
{'loss': 3.2014, 'grad_norm': 0.29389363527297974, 'learning_rate': 0.0009671289158734788, 'epoch': 0.14}
{'loss': 3.1258, 'grad_norm': 0.304026335477829, 'learning_rate': 0.0009670577494085944, 'epoch': 0.14}
{'loss': 3.1458, 'grad_norm': 0.30895209312438965, 'learning_rate': 0.0009669865086128434, 'epoch': 0.14}
{'loss': 3.1751, 'grad_norm': 0.2977696657180786, 'learning_rate': 0.0009669151934975634, 'epoch': 0.14}
{'loss': 3.1207, 'grad_norm': 0.30061590671539307, 'learning_rate': 0.000966843804074104, 'epoch': 0.14}
{'loss': 3.1252, 'grad_norm': 0.3172816336154938, 'learning_rate': 0.0009667723403538267, 'epoch': 0.14}
{'loss': 3.0556, 'grad_norm': 0.2840286195278168, 'learning_rate': 0.0009667008023481045, 'epoch': 0.14}
{'loss': 3.2, 'grad_norm': 0.32861652970314026, 'learning_rate': 0.0009666291900683227, 'epoch': 0.14}
{'loss': 3.1315, 'grad_norm': 0.31271517276763916, 'learning_rate': 0.0009665575035258783, 'epoch': 0.14}
{'loss': 3.089, 'grad_norm': 0.3211161196231842, 'learning_rate': 0.0009664857427321796, 'epoch': 0.14}
{'loss': 3.0327, 'grad_norm': 0.29803624749183655, 'learning_rate': 0.0009664139076986473, 'epoch': 0.14}
{'loss': 3.0508, 'grad_norm': 0.2733977437019348, 'learning_rate': 0.0009663419984367138, 'epoch': 0.14}
{'loss': 3.0371, 'grad_norm': 0.31876757740974426, 'learning_rate': 0.0009662700149578233, 'epoch': 0.14}
{'loss': 3.252, 'grad_norm': 0.3051891326904297, 'learning_rate': 0.0009661979572734317, 'epoch': 0.14}
{'loss': 3.1966, 'grad_norm': 0.30404359102249146, 'learning_rate': 0.0009661258253950068, 'epoch': 0.14}
{'loss': 3.0345, 'grad_norm': 0.28706738352775574, 'learning_rate': 0.0009660536193340279, 'epoch': 0.14}
{'loss': 3.0811, 'grad_norm': 0.31868308782577515, 'learning_rate': 0.0009659813391019867, 'epoch': 0.14}
{'loss': 2.9158, 'grad_norm': 0.28976839780807495, 'learning_rate': 0.0009659089847103863, 'epoch': 0.14}
{'loss': 3.3486, 'grad_norm': 0.32843253016471863, 'learning_rate': 0.0009658365561707416, 'epoch': 0.14}
{'loss': 3.1357, 'grad_norm': 0.2933460772037506, 'learning_rate': 0.0009657640534945796, 'epoch': 0.14}
{'loss': 3.0781, 'grad_norm': 0.2989822328090668, 'learning_rate': 0.0009656914766934386, 'epoch': 0.15}
{'loss': 3.0031, 'grad_norm': 0.3006574511528015, 'learning_rate': 0.0009656188257788692, 'epoch': 0.15}
{'loss': 3.0836, 'grad_norm': 0.2947837710380554, 'learning_rate': 0.0009655461007624336, 'epoch': 0.15}
{'loss': 2.9757, 'grad_norm': 0.30211371183395386, 'learning_rate': 0.0009654733016557057, 'epoch': 0.15}
{'loss': 3.2017, 'grad_norm': 0.3388826549053192, 'learning_rate': 0.0009654004284702711, 'epoch': 0.15}
{'loss': 3.0488, 'grad_norm': 0.3091156780719757, 'learning_rate': 0.0009653274812177276, 'epoch': 0.15}
{'loss': 3.2254, 'grad_norm': 0.2966998219490051, 'learning_rate': 0.0009652544599096844, 'epoch': 0.15}
{'loss': 3.2355, 'grad_norm': 0.3911425769329071, 'learning_rate': 0.0009651813645577627, 'epoch': 0.15}
{'loss': 3.0958, 'grad_norm': 0.5761741399765015, 'learning_rate': 0.0009651081951735955, 'epoch': 0.15}
{'loss': 3.153, 'grad_norm': 0.29138633608818054, 'learning_rate': 0.0009650349517688273, 'epoch': 0.15}
{'loss': 3.0828, 'grad_norm': 0.30870485305786133, 'learning_rate': 0.0009649616343551146, 'epoch': 0.15}
{'loss': 3.161, 'grad_norm': 0.30911579728126526, 'learning_rate': 0.0009648882429441257, 'epoch': 0.15}
{'loss': 3.0287, 'grad_norm': 0.32074663043022156, 'learning_rate': 0.0009648147775475406, 'epoch': 0.15}
{'loss': 3.0716, 'grad_norm': 0.2810477316379547, 'learning_rate': 0.0009647412381770513, 'epoch': 0.15}
{'loss': 3.1095, 'grad_norm': 0.3036705255508423, 'learning_rate': 0.0009646676248443611, 'epoch': 0.15}
{'loss': 3.175, 'grad_norm': 0.3106800615787506, 'learning_rate': 0.0009645939375611854, 'epoch': 0.15}
{'loss': 3.0244, 'grad_norm': 0.28632915019989014, 'learning_rate': 0.0009645201763392512, 'epoch': 0.15}
{'loss': 3.1051, 'grad_norm': 0.3381074070930481, 'learning_rate': 0.0009644463411902979, 'epoch': 0.15}
{'loss': 3.0476, 'grad_norm': 0.3231712877750397, 'learning_rate': 0.0009643724321260756, 'epoch': 0.15}
{'loss': 3.0508, 'grad_norm': 0.3111147880554199, 'learning_rate': 0.0009642984491583468, 'epoch': 0.15}
{'loss': 3.2059, 'grad_norm': 0.32054874300956726, 'learning_rate': 0.000964224392298886, 'epoch': 0.15}
{'loss': 3.2109, 'grad_norm': 0.29829972982406616, 'learning_rate': 0.0009641502615594788, 'epoch': 0.15}
{'loss': 3.1359, 'grad_norm': 0.3030485212802887, 'learning_rate': 0.000964076056951923, 'epoch': 0.15}
{'loss': 3.0986, 'grad_norm': 0.34303179383277893, 'learning_rate': 0.000964001778488028, 'epoch': 0.15}
{'loss': 3.2308, 'grad_norm': 0.30570119619369507, 'learning_rate': 0.0009639274261796152, 'epoch': 0.15}
{'loss': 3.2521, 'grad_norm': 0.3107326030731201, 'learning_rate': 0.000963853000038517, 'epoch': 0.15}
{'loss': 3.2318, 'grad_norm': 0.3137936294078827, 'learning_rate': 0.0009637785000765789, 'epoch': 0.15}
{'loss': 3.1703, 'grad_norm': 0.29354679584503174, 'learning_rate': 0.0009637039263056569, 'epoch': 0.15}
{'loss': 3.1612, 'grad_norm': 0.3098643720149994, 'learning_rate': 0.000963629278737619, 'epoch': 0.15}
{'loss': 3.135, 'grad_norm': 0.3192165791988373, 'learning_rate': 0.0009635545573843454, 'epoch': 0.15}
{'loss': 3.047, 'grad_norm': 0.30328336358070374, 'learning_rate': 0.0009634797622577279, 'epoch': 0.15}
{'loss': 3.1517, 'grad_norm': 0.28625327348709106, 'learning_rate': 0.0009634048933696698, 'epoch': 0.15}
{'loss': 3.2913, 'grad_norm': 0.30902785062789917, 'learning_rate': 0.0009633299507320861, 'epoch': 0.15}
{'loss': 3.1864, 'grad_norm': 0.30668461322784424, 'learning_rate': 0.0009632549343569039, 'epoch': 0.15}
{'loss': 3.1142, 'grad_norm': 0.30330929160118103, 'learning_rate': 0.0009631798442560619, 'epoch': 0.15}
{'loss': 3.1321, 'grad_norm': 0.2813584804534912, 'learning_rate': 0.0009631046804415102, 'epoch': 0.15}
{'loss': 3.0874, 'grad_norm': 0.3117211163043976, 'learning_rate': 0.0009630294429252111, 'epoch': 0.15}
{'loss': 3.0562, 'grad_norm': 0.29503172636032104, 'learning_rate': 0.0009629541317191383, 'epoch': 0.15}
{'loss': 3.111, 'grad_norm': 0.3253064751625061, 'learning_rate': 0.0009628787468352777, 'epoch': 0.15}
{'loss': 3.1101, 'grad_norm': 0.3093072772026062, 'learning_rate': 0.0009628032882856261, 'epoch': 0.15}
{'loss': 3.0338, 'grad_norm': 0.29873088002204895, 'learning_rate': 0.0009627277560821928, 'epoch': 0.15}
{'loss': 3.0097, 'grad_norm': 0.310139000415802, 'learning_rate': 0.0009626521502369983, 'epoch': 0.15}
{'loss': 3.1298, 'grad_norm': 0.3105449676513672, 'learning_rate': 0.0009625764707620754, 'epoch': 0.15}
{'loss': 3.2207, 'grad_norm': 0.2941164970397949, 'learning_rate': 0.000962500717669468, 'epoch': 0.15}
{'loss': 3.2702, 'grad_norm': 0.2902098000049591, 'learning_rate': 0.000962424890971232, 'epoch': 0.15}
{'loss': 3.2486, 'grad_norm': 0.2913619577884674, 'learning_rate': 0.0009623489906794351, 'epoch': 0.15}
{'loss': 3.031, 'grad_norm': 0.27814581990242004, 'learning_rate': 0.0009622730168061567, 'epoch': 0.15}
{'loss': 3.0588, 'grad_norm': 0.29116591811180115, 'learning_rate': 0.0009621969693634873, 'epoch': 0.15}
{'loss': 3.2041, 'grad_norm': 0.2801271378993988, 'learning_rate': 0.0009621208483635303, 'epoch': 0.15}
{'loss': 3.1048, 'grad_norm': 0.3379672169685364, 'learning_rate': 0.0009620446538183998, 'epoch': 0.15}
{'loss': 3.1718, 'grad_norm': 0.3064747154712677, 'learning_rate': 0.000961968385740222, 'epoch': 0.15}
{'loss': 3.0442, 'grad_norm': 0.3164897561073303, 'learning_rate': 0.0009618920441411345, 'epoch': 0.15}
{'loss': 3.0791, 'grad_norm': 0.29603004455566406, 'learning_rate': 0.0009618156290332871, 'epoch': 0.15}
{'loss': 3.0863, 'grad_norm': 0.3394714593887329, 'learning_rate': 0.0009617391404288412, 'epoch': 0.15}
{'loss': 3.1296, 'grad_norm': 0.331000953912735, 'learning_rate': 0.0009616625783399693, 'epoch': 0.15}
{'loss': 3.1269, 'grad_norm': 0.32779714465141296, 'learning_rate': 0.0009615859427788564, 'epoch': 0.15}
{'loss': 2.9337, 'grad_norm': 0.2823227047920227, 'learning_rate': 0.0009615092337576987, 'epoch': 0.15}
{'loss': 3.2103, 'grad_norm': 0.31089144945144653, 'learning_rate': 0.000961432451288704, 'epoch': 0.15}
{'loss': 2.9412, 'grad_norm': 0.32070213556289673, 'learning_rate': 0.0009613555953840925, 'epoch': 0.15}
{'loss': 3.0963, 'grad_norm': 0.2762335240840912, 'learning_rate': 0.000961278666056095, 'epoch': 0.15}
{'loss': 3.0882, 'grad_norm': 0.3298768699169159, 'learning_rate': 0.000961201663316955, 'epoch': 0.15}
{'loss': 3.2241, 'grad_norm': 0.3111651539802551, 'learning_rate': 0.0009611245871789272, 'epoch': 0.15}
{'loss': 3.2051, 'grad_norm': 0.3196752965450287, 'learning_rate': 0.000961047437654278, 'epoch': 0.15}
{'loss': 3.0563, 'grad_norm': 0.2698458731174469, 'learning_rate': 0.0009609702147552852, 'epoch': 0.15}
{'loss': 3.1668, 'grad_norm': 0.28951412439346313, 'learning_rate': 0.0009608929184942391, 'epoch': 0.15}
{'loss': 3.2483, 'grad_norm': 0.30806267261505127, 'learning_rate': 0.0009608155488834409, 'epoch': 0.15}
{'loss': 3.3061, 'grad_norm': 0.28909704089164734, 'learning_rate': 0.0009607381059352038, 'epoch': 0.15}
{'loss': 3.2592, 'grad_norm': 0.2996969223022461, 'learning_rate': 0.0009606605896618528, 'epoch': 0.15}
{'loss': 3.1253, 'grad_norm': 0.3058013916015625, 'learning_rate': 0.0009605830000757239, 'epoch': 0.15}
{'loss': 3.1631, 'grad_norm': 0.31160080432891846, 'learning_rate': 0.0009605053371891658, 'epoch': 0.15}
{'loss': 3.0883, 'grad_norm': 0.2563660442829132, 'learning_rate': 0.000960427601014538, 'epoch': 0.15}
{'loss': 3.0628, 'grad_norm': 0.2987707257270813, 'learning_rate': 0.0009603497915642121, 'epoch': 0.15}
{'loss': 3.3055, 'grad_norm': 0.3265683054924011, 'learning_rate': 0.0009602719088505711, 'epoch': 0.15}
{'loss': 3.1145, 'grad_norm': 0.32699909806251526, 'learning_rate': 0.0009601939528860099, 'epoch': 0.15}
{'loss': 3.0403, 'grad_norm': 0.3115631937980652, 'learning_rate': 0.0009601159236829353, 'epoch': 0.15}
{'loss': 3.1417, 'grad_norm': 0.301866739988327, 'learning_rate': 0.0009600378212537648, 'epoch': 0.15}
{'loss': 3.1757, 'grad_norm': 0.32217901945114136, 'learning_rate': 0.0009599596456109286, 'epoch': 0.15}
{'loss': 3.1582, 'grad_norm': 0.2967829704284668, 'learning_rate': 0.0009598813967668678, 'epoch': 0.15}
{'loss': 3.2045, 'grad_norm': 0.3081994652748108, 'learning_rate': 0.0009598030747340359, 'epoch': 0.15}
{'loss': 3.2551, 'grad_norm': 0.32167816162109375, 'learning_rate': 0.0009597246795248973, 'epoch': 0.15}
{'loss': 3.1701, 'grad_norm': 0.29279568791389465, 'learning_rate': 0.0009596462111519284, 'epoch': 0.15}
{'loss': 2.9208, 'grad_norm': 0.28980040550231934, 'learning_rate': 0.0009595676696276172, 'epoch': 0.16}
{'loss': 3.103, 'grad_norm': 0.2937898337841034, 'learning_rate': 0.0009594890549644634, 'epoch': 0.16}
{'loss': 3.0875, 'grad_norm': 0.28228411078453064, 'learning_rate': 0.0009594103671749785, 'epoch': 0.16}
{'loss': 2.9979, 'grad_norm': 0.27711018919944763, 'learning_rate': 0.0009593316062716852, 'epoch': 0.16}
{'loss': 3.1757, 'grad_norm': 0.2933485209941864, 'learning_rate': 0.000959252772267118, 'epoch': 0.16}
{'loss': 3.1067, 'grad_norm': 0.3239705562591553, 'learning_rate': 0.0009591738651738233, 'epoch': 0.16}
{'loss': 3.1429, 'grad_norm': 0.298700749874115, 'learning_rate': 0.0009590948850043588, 'epoch': 0.16}
{'loss': 3.1703, 'grad_norm': 0.3003094792366028, 'learning_rate': 0.000959015831771294, 'epoch': 0.16}
{'loss': 3.0738, 'grad_norm': 0.2899896502494812, 'learning_rate': 0.0009589367054872101, 'epoch': 0.16}
{'loss': 3.0372, 'grad_norm': 0.263986200094223, 'learning_rate': 0.0009588575061646996, 'epoch': 0.16}
{'loss': 3.017, 'grad_norm': 0.3019987642765045, 'learning_rate': 0.0009587782338163668, 'epoch': 0.16}
{'loss': 3.1317, 'grad_norm': 0.30086493492126465, 'learning_rate': 0.000958698888454828, 'epoch': 0.16}
{'loss': 3.0695, 'grad_norm': 0.3116244375705719, 'learning_rate': 0.0009586194700927107, 'epoch': 0.16}
{'loss': 3.1424, 'grad_norm': 0.29839468002319336, 'learning_rate': 0.0009585399787426537, 'epoch': 0.16}
{'loss': 2.9912, 'grad_norm': 0.31125620007514954, 'learning_rate': 0.0009584604144173083, 'epoch': 0.16}
{'loss': 3.1424, 'grad_norm': 0.30776286125183105, 'learning_rate': 0.0009583807771293365, 'epoch': 0.16}
{'loss': 3.0453, 'grad_norm': 0.297465443611145, 'learning_rate': 0.0009583010668914127, 'epoch': 0.16}
{'loss': 3.0135, 'grad_norm': 0.2806106507778168, 'learning_rate': 0.0009582212837162225, 'epoch': 0.16}
{'loss': 3.1428, 'grad_norm': 0.291376531124115, 'learning_rate': 0.000958141427616463, 'epoch': 0.16}
{'loss': 3.0172, 'grad_norm': 0.31758177280426025, 'learning_rate': 0.000958061498604843, 'epoch': 0.16}
{'loss': 3.1696, 'grad_norm': 0.28277328610420227, 'learning_rate': 0.0009579814966940833, 'epoch': 0.16}
{'loss': 3.0549, 'grad_norm': 0.29919788241386414, 'learning_rate': 0.0009579014218969158, 'epoch': 0.16}
{'loss': 3.0772, 'grad_norm': 0.31389766931533813, 'learning_rate': 0.0009578212742260839, 'epoch': 0.16}
{'loss': 3.0771, 'grad_norm': 0.2833347022533417, 'learning_rate': 0.0009577410536943433, 'epoch': 0.16}
{'loss': 3.1513, 'grad_norm': 0.29982852935791016, 'learning_rate': 0.0009576607603144606, 'epoch': 0.16}
{'loss': 3.1455, 'grad_norm': 0.28378826379776, 'learning_rate': 0.0009575803940992143, 'epoch': 0.16}
{'loss': 3.154, 'grad_norm': 0.31070226430892944, 'learning_rate': 0.0009574999550613946, 'epoch': 0.16}
{'loss': 3.2294, 'grad_norm': 0.3033908009529114, 'learning_rate': 0.0009574194432138028, 'epoch': 0.16}
{'loss': 3.115, 'grad_norm': 0.28778162598609924, 'learning_rate': 0.0009573388585692525, 'epoch': 0.16}
{'loss': 3.086, 'grad_norm': 0.27885007858276367, 'learning_rate': 0.0009572582011405683, 'epoch': 0.16}
{'loss': 3.0092, 'grad_norm': 0.29167747497558594, 'learning_rate': 0.0009571774709405866, 'epoch': 0.16}
{'loss': 3.2428, 'grad_norm': 0.28164204955101013, 'learning_rate': 0.0009570966679821554, 'epoch': 0.16}
{'loss': 3.0856, 'grad_norm': 0.37086912989616394, 'learning_rate': 0.0009570157922781342, 'epoch': 0.16}
{'loss': 3.0933, 'grad_norm': 0.31471821665763855, 'learning_rate': 0.0009569348438413944, 'epoch': 0.16}
{'loss': 3.1129, 'grad_norm': 0.2716280221939087, 'learning_rate': 0.0009568538226848184, 'epoch': 0.16}
{'loss': 3.0832, 'grad_norm': 0.29543647170066833, 'learning_rate': 0.0009567727288213005, 'epoch': 0.16}
{'loss': 3.0601, 'grad_norm': 0.29427605867385864, 'learning_rate': 0.0009566915622637467, 'epoch': 0.16}
{'loss': 3.2211, 'grad_norm': 0.33448871970176697, 'learning_rate': 0.0009566103230250742, 'epoch': 0.16}
[03:49:20.241309] Error: Error reading OpenGVLab/smit/S-MiT/videos/piloting/yt-tQohAcvlovE_18.mp4...
[03:49:20.241371] Failed to read video file: OpenGVLab/smit/S-MiT/videos/piloting/yt-tQohAcvlovE_18.mp4
[03:49:20.241386] [Try #0] Failed to fetch sample 301392. Exception: Error reading OpenGVLab/smit/S-MiT/videos/piloting/yt-tQohAcvlovE_18.mp4...
{'loss': 3.0553, 'grad_norm': 0.31166186928749084, 'learning_rate': 0.0009565290111182124, 'epoch': 0.16}
[03:49:21.242740] Error: Error reading OpenGVLab/smit/S-MiT/videos/piloting/yt-tQohAcvlovE_18.mp4...
[03:49:21.242813] Failed to read video file: OpenGVLab/smit/S-MiT/videos/piloting/yt-tQohAcvlovE_18.mp4
[03:49:21.242832] [Try #1] Failed to fetch sample 301392. Exception: Error reading OpenGVLab/smit/S-MiT/videos/piloting/yt-tQohAcvlovE_18.mp4...
{'loss': 3.309, 'grad_norm': 0.3089986741542816, 'learning_rate': 0.0009564476265561013, 'epoch': 0.16}
{'loss': 3.0813, 'grad_norm': 0.31174495816230774, 'learning_rate': 0.0009563661693516934, 'epoch': 0.16}
{'loss': 3.2306, 'grad_norm': 0.30208417773246765, 'learning_rate': 0.0009562846395179523, 'epoch': 0.16}
{'loss': 3.115, 'grad_norm': 0.3021925985813141, 'learning_rate': 0.0009562030370678532, 'epoch': 0.16}
{'loss': 3.2148, 'grad_norm': 0.2986701726913452, 'learning_rate': 0.0009561213620143828, 'epoch': 0.16}
{'loss': 3.03, 'grad_norm': 0.29016348719596863, 'learning_rate': 0.0009560396143705396, 'epoch': 0.16}
{'loss': 3.1502, 'grad_norm': 0.3249725103378296, 'learning_rate': 0.0009559577941493333, 'epoch': 0.16}
{'loss': 2.9947, 'grad_norm': 0.2873947024345398, 'learning_rate': 0.0009558759013637857, 'epoch': 0.16}
{'loss': 3.3915, 'grad_norm': 0.2900780141353607, 'learning_rate': 0.0009557939360269294, 'epoch': 0.16}
{'loss': 3.1797, 'grad_norm': 0.28074586391448975, 'learning_rate': 0.0009557118981518093, 'epoch': 0.16}
{'loss': 3.1184, 'grad_norm': 0.2780154347419739, 'learning_rate': 0.0009556297877514812, 'epoch': 0.16}
{'loss': 3.0546, 'grad_norm': 0.29192349314689636, 'learning_rate': 0.0009555476048390128, 'epoch': 0.16}
{'loss': 3.1842, 'grad_norm': 0.28409844636917114, 'learning_rate': 0.0009554653494274832, 'epoch': 0.16}
{'loss': 3.1594, 'grad_norm': 0.2936990559101105, 'learning_rate': 0.0009553830215299835, 'epoch': 0.16}
{'loss': 3.1405, 'grad_norm': 0.2899235188961029, 'learning_rate': 0.0009553006211596154, 'epoch': 0.16}
{'loss': 3.128, 'grad_norm': 0.29572778940200806, 'learning_rate': 0.0009552181483294931, 'epoch': 0.16}
{'loss': 3.0427, 'grad_norm': 0.29578524827957153, 'learning_rate': 0.0009551356030527416, 'epoch': 0.16}
{'loss': 3.0814, 'grad_norm': 0.29526957869529724, 'learning_rate': 0.0009550529853424979, 'epoch': 0.16}
{'loss': 3.1189, 'grad_norm': 0.3013857305049896, 'learning_rate': 0.0009549702952119103, 'epoch': 0.16}
{'loss': 3.0454, 'grad_norm': 0.3150467276573181, 'learning_rate': 0.0009548875326741388, 'epoch': 0.16}
{'loss': 3.1232, 'grad_norm': 0.3016040623188019, 'learning_rate': 0.0009548046977423547, 'epoch': 0.16}
{'loss': 3.1316, 'grad_norm': 0.2960747182369232, 'learning_rate': 0.000954721790429741, 'epoch': 0.16}
{'loss': 3.1634, 'grad_norm': 0.280394047498703, 'learning_rate': 0.0009546388107494921, 'epoch': 0.16}
{'loss': 3.0121, 'grad_norm': 0.3137623369693756, 'learning_rate': 0.0009545557587148141, 'epoch': 0.16}
{'loss': 3.0923, 'grad_norm': 0.2970317006111145, 'learning_rate': 0.0009544726343389244, 'epoch': 0.16}
{'loss': 3.1432, 'grad_norm': 0.3215787708759308, 'learning_rate': 0.0009543894376350519, 'epoch': 0.16}
{'loss': 3.1431, 'grad_norm': 0.29411911964416504, 'learning_rate': 0.0009543061686164373, 'epoch': 0.16}
{'loss': 3.0052, 'grad_norm': 0.2794346511363983, 'learning_rate': 0.0009542228272963325, 'epoch': 0.16}
{'loss': 3.049, 'grad_norm': 0.30849137902259827, 'learning_rate': 0.0009541394136880009, 'epoch': 0.16}
{'loss': 3.0742, 'grad_norm': 0.30219486355781555, 'learning_rate': 0.0009540559278047178, 'epoch': 0.16}
{'loss': 3.1006, 'grad_norm': 0.3102598786354065, 'learning_rate': 0.0009539723696597696, 'epoch': 0.16}
{'loss': 3.1295, 'grad_norm': 0.29027193784713745, 'learning_rate': 0.0009538887392664543, 'epoch': 0.16}
{'loss': 3.1832, 'grad_norm': 0.30227115750312805, 'learning_rate': 0.0009538050366380816, 'epoch': 0.16}
{'loss': 3.2818, 'grad_norm': 0.3018024265766144, 'learning_rate': 0.0009537212617879722, 'epoch': 0.16}
{'loss': 3.173, 'grad_norm': 0.2837856411933899, 'learning_rate': 0.0009536374147294591, 'epoch': 0.16}
{'loss': 3.03, 'grad_norm': 0.31142085790634155, 'learning_rate': 0.0009535534954758858, 'epoch': 0.16}
{'loss': 3.209, 'grad_norm': 0.30908745527267456, 'learning_rate': 0.0009534695040406082, 'epoch': 0.16}
{'loss': 3.1617, 'grad_norm': 0.2884581387042999, 'learning_rate': 0.000953385440436993, 'epoch': 0.16}
{'loss': 3.1478, 'grad_norm': 0.28398454189300537, 'learning_rate': 0.0009533013046784189, 'epoch': 0.16}
{'loss': 3.1081, 'grad_norm': 0.29259157180786133, 'learning_rate': 0.0009532170967782756, 'epoch': 0.16}
{'loss': 3.1011, 'grad_norm': 0.28356048464775085, 'learning_rate': 0.0009531328167499648, 'epoch': 0.16}
{'loss': 3.0452, 'grad_norm': 0.2880837917327881, 'learning_rate': 0.0009530484646068996, 'epoch': 0.16}
{'loss': 3.0669, 'grad_norm': 0.3075125515460968, 'learning_rate': 0.0009529640403625038, 'epoch': 0.17}
{'loss': 3.0996, 'grad_norm': 0.33947494626045227, 'learning_rate': 0.0009528795440302136, 'epoch': 0.17}
{'loss': 3.029, 'grad_norm': 0.29815012216567993, 'learning_rate': 0.0009527949756234764, 'epoch': 0.17}
{'loss': 3.136, 'grad_norm': 0.31483781337738037, 'learning_rate': 0.0009527103351557509, 'epoch': 0.17}
{'loss': 3.3123, 'grad_norm': 0.3016343116760254, 'learning_rate': 0.0009526256226405074, 'epoch': 0.17}
{'loss': 2.9873, 'grad_norm': 0.3272950053215027, 'learning_rate': 0.0009525408380912277, 'epoch': 0.17}
{'loss': 3.1743, 'grad_norm': 0.2953794300556183, 'learning_rate': 0.000952455981521405, 'epoch': 0.17}
{'loss': 3.0255, 'grad_norm': 0.29144468903541565, 'learning_rate': 0.000952371052944544, 'epoch': 0.17}
{'loss': 3.0591, 'grad_norm': 0.3016975224018097, 'learning_rate': 0.0009522860523741608, 'epoch': 0.17}
{'loss': 3.1359, 'grad_norm': 0.29784518480300903, 'learning_rate': 0.0009522009798237828, 'epoch': 0.17}
{'loss': 3.2584, 'grad_norm': 0.29779621958732605, 'learning_rate': 0.0009521158353069494, 'epoch': 0.17}
{'loss': 3.3234, 'grad_norm': 0.29137885570526123, 'learning_rate': 0.0009520306188372107, 'epoch': 0.17}
{'loss': 3.1083, 'grad_norm': 0.31868258118629456, 'learning_rate': 0.0009519453304281291, 'epoch': 0.17}
{'loss': 3.2419, 'grad_norm': 0.3177131712436676, 'learning_rate': 0.0009518599700932777, 'epoch': 0.17}
{'loss': 3.0952, 'grad_norm': 0.2762678563594818, 'learning_rate': 0.0009517745378462416, 'epoch': 0.17}
{'loss': 3.11, 'grad_norm': 0.28547388315200806, 'learning_rate': 0.0009516890337006168, 'epoch': 0.17}
{'loss': 3.1161, 'grad_norm': 0.28584668040275574, 'learning_rate': 0.000951603457670011, 'epoch': 0.17}
{'loss': 3.1882, 'grad_norm': 0.29340580105781555, 'learning_rate': 0.0009515178097680437, 'epoch': 0.17}
{'loss': 2.9921, 'grad_norm': 0.30558493733406067, 'learning_rate': 0.0009514320900083452, 'epoch': 0.17}
{'loss': 3.034, 'grad_norm': 0.2754219174385071, 'learning_rate': 0.0009513462984045576, 'epoch': 0.17}
{'loss': 3.1837, 'grad_norm': 0.26427575945854187, 'learning_rate': 0.0009512604349703347, 'epoch': 0.17}
{'loss': 3.0055, 'grad_norm': 0.29849380254745483, 'learning_rate': 0.000951174499719341, 'epoch': 0.17}
{'loss': 3.07, 'grad_norm': 0.2815868854522705, 'learning_rate': 0.0009510884926652531, 'epoch': 0.17}
{'loss': 3.1638, 'grad_norm': 0.2998896539211273, 'learning_rate': 0.0009510024138217587, 'epoch': 0.17}
{'loss': 3.1758, 'grad_norm': 0.28493914008140564, 'learning_rate': 0.000950916263202557, 'epoch': 0.17}
{'loss': 3.115, 'grad_norm': 0.29288333654403687, 'learning_rate': 0.0009508300408213584, 'epoch': 0.17}
{'loss': 3.1901, 'grad_norm': 0.29476168751716614, 'learning_rate': 0.0009507437466918854, 'epoch': 0.17}
{'loss': 3.0018, 'grad_norm': 0.2922329902648926, 'learning_rate': 0.000950657380827871, 'epoch': 0.17}
{'loss': 2.9886, 'grad_norm': 0.3259439468383789, 'learning_rate': 0.0009505709432430602, 'epoch': 0.17}
{'loss': 3.0685, 'grad_norm': 0.30564847588539124, 'learning_rate': 0.0009504844339512095, 'epoch': 0.17}
{'loss': 3.1862, 'grad_norm': 0.2916072905063629, 'learning_rate': 0.0009503978529660865, 'epoch': 0.17}
{'loss': 2.9727, 'grad_norm': 0.28643539547920227, 'learning_rate': 0.0009503112003014702, 'epoch': 0.17}
{'loss': 3.1352, 'grad_norm': 0.30889320373535156, 'learning_rate': 0.0009502244759711511, 'epoch': 0.17}
{'loss': 3.1667, 'grad_norm': 0.28663450479507446, 'learning_rate': 0.0009501376799889314, 'epoch': 0.17}
{'loss': 3.117, 'grad_norm': 0.28110674023628235, 'learning_rate': 0.000950050812368624, 'epoch': 0.17}
{'loss': 3.0608, 'grad_norm': 0.285887748003006, 'learning_rate': 0.0009499638731240539, 'epoch': 0.17}
{'loss': 3.0572, 'grad_norm': 0.2731359601020813, 'learning_rate': 0.0009498768622690573, 'epoch': 0.17}
{'loss': 3.1005, 'grad_norm': 0.3052937090396881, 'learning_rate': 0.0009497897798174815, 'epoch': 0.17}
{'loss': 3.1425, 'grad_norm': 0.28314000368118286, 'learning_rate': 0.0009497026257831855, 'epoch': 0.17}
{'loss': 3.0804, 'grad_norm': 0.27336791157722473, 'learning_rate': 0.0009496154001800397, 'epoch': 0.17}
{'loss': 3.0147, 'grad_norm': 0.2703702449798584, 'learning_rate': 0.0009495281030219256, 'epoch': 0.17}
{'loss': 3.2703, 'grad_norm': 0.2717505991458893, 'learning_rate': 0.0009494407343227365, 'epoch': 0.17}
{'loss': 3.1811, 'grad_norm': 0.3015180826187134, 'learning_rate': 0.0009493532940963767, 'epoch': 0.17}
{'loss': 3.2296, 'grad_norm': 0.29749295115470886, 'learning_rate': 0.0009492657823567623, 'epoch': 0.17}
{'loss': 3.0044, 'grad_norm': 0.27690374851226807, 'learning_rate': 0.0009491781991178202, 'epoch': 0.17}
{'loss': 3.2234, 'grad_norm': 0.35586443543434143, 'learning_rate': 0.0009490905443934891, 'epoch': 0.17}
{'loss': 3.2257, 'grad_norm': 0.32223623991012573, 'learning_rate': 0.0009490028181977194, 'epoch': 0.17}
{'loss': 3.1492, 'grad_norm': 0.2994840741157532, 'learning_rate': 0.0009489150205444719, 'epoch': 0.17}
{'loss': 3.0074, 'grad_norm': 0.2947511076927185, 'learning_rate': 0.0009488271514477196, 'epoch': 0.17}
{'loss': 3.0342, 'grad_norm': 0.29749852418899536, 'learning_rate': 0.0009487392109214466, 'epoch': 0.17}
{'loss': 3.1599, 'grad_norm': 0.2872766852378845, 'learning_rate': 0.0009486511989796484, 'epoch': 0.17}
{'loss': 3.1582, 'grad_norm': 0.27615296840667725, 'learning_rate': 0.0009485631156363318, 'epoch': 0.17}
{'loss': 3.0461, 'grad_norm': 0.2953491508960724, 'learning_rate': 0.000948474960905515, 'epoch': 0.17}
{'loss': 3.1457, 'grad_norm': 0.3012126684188843, 'learning_rate': 0.0009483867348012276, 'epoch': 0.17}
{'loss': 3.0385, 'grad_norm': 0.29534488916397095, 'learning_rate': 0.0009482984373375104, 'epoch': 0.17}
{'loss': 3.0274, 'grad_norm': 0.2829084098339081, 'learning_rate': 0.0009482100685284158, 'epoch': 0.17}
{'loss': 3.1086, 'grad_norm': 0.30557310581207275, 'learning_rate': 0.0009481216283880075, 'epoch': 0.17}
{'loss': 3.118, 'grad_norm': 0.2861731946468353, 'learning_rate': 0.0009480331169303604, 'epoch': 0.17}
{'loss': 3.1354, 'grad_norm': 0.28524261713027954, 'learning_rate': 0.0009479445341695607, 'epoch': 0.17}
{'loss': 2.9256, 'grad_norm': 0.3048790693283081, 'learning_rate': 0.0009478558801197064, 'epoch': 0.17}
{'loss': 3.0811, 'grad_norm': 0.27269700169563293, 'learning_rate': 0.0009477671547949064, 'epoch': 0.17}
{'loss': 3.0345, 'grad_norm': 0.28002047538757324, 'learning_rate': 0.0009476783582092809, 'epoch': 0.17}
{'loss': 3.0052, 'grad_norm': 0.3242698907852173, 'learning_rate': 0.0009475894903769618, 'epoch': 0.17}
{'loss': 2.9154, 'grad_norm': 0.26560986042022705, 'learning_rate': 0.000947500551312092, 'epoch': 0.17}
{'loss': 3.0756, 'grad_norm': 0.28735896944999695, 'learning_rate': 0.0009474115410288262, 'epoch': 0.17}
{'loss': 3.044, 'grad_norm': 0.30550360679626465, 'learning_rate': 0.0009473224595413298, 'epoch': 0.17}
{'loss': 2.9626, 'grad_norm': 0.3018251359462738, 'learning_rate': 0.00094723330686378, 'epoch': 0.17}
{'loss': 3.1685, 'grad_norm': 0.29271408915519714, 'learning_rate': 0.000947144083010365, 'epoch': 0.17}
{'loss': 2.9541, 'grad_norm': 0.2996036112308502, 'learning_rate': 0.0009470547879952849, 'epoch': 0.17}
{'loss': 3.2438, 'grad_norm': 0.3049825131893158, 'learning_rate': 0.0009469654218327504, 'epoch': 0.17}
{'loss': 3.0504, 'grad_norm': 0.26616770029067993, 'learning_rate': 0.0009468759845369841, 'epoch': 0.17}
{'loss': 3.0789, 'grad_norm': 0.26613643765449524, 'learning_rate': 0.0009467864761222195, 'epoch': 0.17}
{'loss': 2.9913, 'grad_norm': 0.2892361581325531, 'learning_rate': 0.0009466968966027016, 'epoch': 0.17}
{'loss': 3.0552, 'grad_norm': 0.271430641412735, 'learning_rate': 0.0009466072459926869, 'epoch': 0.17}
{'loss': 3.0566, 'grad_norm': 0.2992420494556427, 'learning_rate': 0.0009465175243064428, 'epoch': 0.17}
{'loss': 3.2281, 'grad_norm': 0.32272642850875854, 'learning_rate': 0.0009464277315582483, 'epoch': 0.17}
{'loss': 3.1863, 'grad_norm': 0.28014135360717773, 'learning_rate': 0.0009463378677623937, 'epoch': 0.17}
{'loss': 3.1983, 'grad_norm': 0.38220009207725525, 'learning_rate': 0.0009462479329331808, 'epoch': 0.17}
{'loss': 3.109, 'grad_norm': 0.3091656565666199, 'learning_rate': 0.000946157927084922, 'epoch': 0.17}
{'loss': 3.102, 'grad_norm': 0.28365111351013184, 'learning_rate': 0.0009460678502319418, 'epoch': 0.17}
{'loss': 3.1873, 'grad_norm': 0.30743229389190674, 'learning_rate': 0.0009459777023885754, 'epoch': 0.17}
{'loss': 3.1128, 'grad_norm': 0.3202100098133087, 'learning_rate': 0.0009458874835691699, 'epoch': 0.18}
{'loss': 3.0565, 'grad_norm': 0.28561997413635254, 'learning_rate': 0.0009457971937880832, 'epoch': 0.18}
{'loss': 3.1047, 'grad_norm': 0.29877224564552307, 'learning_rate': 0.0009457068330596844, 'epoch': 0.18}
{'loss': 3.0654, 'grad_norm': 0.29953524470329285, 'learning_rate': 0.0009456164013983546, 'epoch': 0.18}
{'loss': 3.1392, 'grad_norm': 0.33017781376838684, 'learning_rate': 0.0009455258988184854, 'epoch': 0.18}
{'loss': 3.1195, 'grad_norm': 0.30131796002388, 'learning_rate': 0.0009454353253344802, 'epoch': 0.18}
{'loss': 2.9962, 'grad_norm': 0.302327960729599, 'learning_rate': 0.0009453446809607534, 'epoch': 0.18}
{'loss': 3.0682, 'grad_norm': 0.2982425093650818, 'learning_rate': 0.0009452539657117307, 'epoch': 0.18}
{'loss': 3.1539, 'grad_norm': 0.27668967843055725, 'learning_rate': 0.0009451631796018494, 'epoch': 0.18}
{'loss': 3.1253, 'grad_norm': 0.2896411418914795, 'learning_rate': 0.0009450723226455578, 'epoch': 0.18}
{'loss': 3.1179, 'grad_norm': 0.29254063963890076, 'learning_rate': 0.0009449813948573154, 'epoch': 0.18}
{'loss': 3.0914, 'grad_norm': 0.27240586280822754, 'learning_rate': 0.0009448903962515932, 'epoch': 0.18}
{'loss': 3.124, 'grad_norm': 0.2655739188194275, 'learning_rate': 0.000944799326842873, 'epoch': 0.18}
{'loss': 3.1842, 'grad_norm': 0.2854766547679901, 'learning_rate': 0.0009447081866456489, 'epoch': 0.18}
{'loss': 3.1152, 'grad_norm': 0.2923505902290344, 'learning_rate': 0.0009446169756744249, 'epoch': 0.18}
{'loss': 3.0848, 'grad_norm': 0.2796117663383484, 'learning_rate': 0.0009445256939437175, 'epoch': 0.18}
{'loss': 3.1921, 'grad_norm': 0.26300710439682007, 'learning_rate': 0.0009444343414680537, 'epoch': 0.18}
{'loss': 3.127, 'grad_norm': 0.280303955078125, 'learning_rate': 0.0009443429182619717, 'epoch': 0.18}
{'loss': 3.1406, 'grad_norm': 0.27255576848983765, 'learning_rate': 0.0009442514243400218, 'epoch': 0.18}
{'loss': 3.1206, 'grad_norm': 0.3002421259880066, 'learning_rate': 0.0009441598597167644, 'epoch': 0.18}
{'loss': 3.1554, 'grad_norm': 0.31359654664993286, 'learning_rate': 0.0009440682244067723, 'epoch': 0.18}
{'loss': 3.1216, 'grad_norm': 0.3498258888721466, 'learning_rate': 0.0009439765184246287, 'epoch': 0.18}
{'loss': 2.9006, 'grad_norm': 0.29647907614707947, 'learning_rate': 0.0009438847417849283, 'epoch': 0.18}
{'loss': 3.062, 'grad_norm': 0.3147640526294708, 'learning_rate': 0.0009437928945022771, 'epoch': 0.18}
{'loss': 3.0818, 'grad_norm': 0.29261916875839233, 'learning_rate': 0.0009437009765912923, 'epoch': 0.18}
{'loss': 3.0842, 'grad_norm': 0.293530136346817, 'learning_rate': 0.0009436089880666026, 'epoch': 0.18}
{'loss': 3.167, 'grad_norm': 0.29020917415618896, 'learning_rate': 0.0009435169289428475, 'epoch': 0.18}
{'loss': 3.0536, 'grad_norm': 0.2878587245941162, 'learning_rate': 0.0009434247992346779, 'epoch': 0.18}
{'loss': 2.9675, 'grad_norm': 0.2998700737953186, 'learning_rate': 0.0009433325989567561, 'epoch': 0.18}
{'loss': 3.1213, 'grad_norm': 0.26676851511001587, 'learning_rate': 0.0009432403281237555, 'epoch': 0.18}
{'loss': 3.294, 'grad_norm': 0.31555500626564026, 'learning_rate': 0.0009431479867503606, 'epoch': 0.18}
{'loss': 3.1243, 'grad_norm': 0.29694685339927673, 'learning_rate': 0.0009430555748512674, 'epoch': 0.18}
{'loss': 3.0991, 'grad_norm': 0.28963565826416016, 'learning_rate': 0.000942963092441183, 'epoch': 0.18}
{'loss': 3.0234, 'grad_norm': 0.2953896224498749, 'learning_rate': 0.0009428705395348254, 'epoch': 0.18}
{'loss': 3.1582, 'grad_norm': 0.2760029733181, 'learning_rate': 0.0009427779161469245, 'epoch': 0.18}
{'loss': 3.2086, 'grad_norm': 0.2980165481567383, 'learning_rate': 0.0009426852222922208, 'epoch': 0.18}
{'loss': 3.1429, 'grad_norm': 0.3031543791294098, 'learning_rate': 0.0009425924579854664, 'epoch': 0.18}
{'loss': 3.0001, 'grad_norm': 0.3145626485347748, 'learning_rate': 0.0009424996232414245, 'epoch': 0.18}
{'loss': 3.173, 'grad_norm': 0.30068913102149963, 'learning_rate': 0.0009424067180748692, 'epoch': 0.18}
{'loss': 3.0712, 'grad_norm': 0.2837947905063629, 'learning_rate': 0.0009423137425005864, 'epoch': 0.18}
{'loss': 3.0302, 'grad_norm': 0.3064793348312378, 'learning_rate': 0.0009422206965333728, 'epoch': 0.18}
{'loss': 3.0846, 'grad_norm': 0.29732057452201843, 'learning_rate': 0.0009421275801880362, 'epoch': 0.18}
{'loss': 2.9211, 'grad_norm': 0.3008483052253723, 'learning_rate': 0.000942034393479396, 'epoch': 0.18}
{'loss': 2.9509, 'grad_norm': 0.29997190833091736, 'learning_rate': 0.0009419411364222825, 'epoch': 0.18}
{'loss': 3.046, 'grad_norm': 0.30733492970466614, 'learning_rate': 0.0009418478090315374, 'epoch': 0.18}
{'loss': 3.0202, 'grad_norm': 0.3029537796974182, 'learning_rate': 0.0009417544113220134, 'epoch': 0.18}
{'loss': 3.0144, 'grad_norm': 0.28746455907821655, 'learning_rate': 0.0009416609433085744, 'epoch': 0.18}
{'loss': 2.9962, 'grad_norm': 0.2894836366176605, 'learning_rate': 0.0009415674050060956, 'epoch': 0.18}
{'loss': 3.0584, 'grad_norm': 0.25594261288642883, 'learning_rate': 0.0009414737964294635, 'epoch': 0.18}
{'loss': 3.1308, 'grad_norm': 0.3380134403705597, 'learning_rate': 0.0009413801175935754, 'epoch': 0.18}
{'loss': 3.0095, 'grad_norm': 0.3100280463695526, 'learning_rate': 0.0009412863685133401, 'epoch': 0.18}
{'loss': 3.119, 'grad_norm': 0.28826794028282166, 'learning_rate': 0.0009411925492036777, 'epoch': 0.18}
{'loss': 3.1543, 'grad_norm': 0.32008111476898193, 'learning_rate': 0.0009410986596795188, 'epoch': 0.18}
{'loss': 3.0505, 'grad_norm': 0.26931706070899963, 'learning_rate': 0.0009410046999558062, 'epoch': 0.18}
{'loss': 3.1334, 'grad_norm': 0.3003857135772705, 'learning_rate': 0.0009409106700474927, 'epoch': 0.18}
{'loss': 3.146, 'grad_norm': 0.3164811134338379, 'learning_rate': 0.0009408165699695435, 'epoch': 0.18}
{'loss': 3.068, 'grad_norm': 0.320770263671875, 'learning_rate': 0.0009407223997369338, 'epoch': 0.18}
{'loss': 3.1021, 'grad_norm': 0.3033798038959503, 'learning_rate': 0.000940628159364651, 'epoch': 0.18}
{'loss': 3.0535, 'grad_norm': 0.27382683753967285, 'learning_rate': 0.0009405338488676928, 'epoch': 0.18}
{'loss': 3.1035, 'grad_norm': 0.30289986729621887, 'learning_rate': 0.0009404394682610689, 'epoch': 0.18}
{'loss': 3.1891, 'grad_norm': 0.3104139268398285, 'learning_rate': 0.0009403450175597991, 'epoch': 0.18}
{'loss': 3.1725, 'grad_norm': 0.298785924911499, 'learning_rate': 0.0009402504967789153, 'epoch': 0.18}
{'loss': 3.0302, 'grad_norm': 0.2737177610397339, 'learning_rate': 0.0009401559059334601, 'epoch': 0.18}
{'loss': 3.0947, 'grad_norm': 0.27867209911346436, 'learning_rate': 0.0009400612450384874, 'epoch': 0.18}
{'loss': 3.1541, 'grad_norm': 0.30171945691108704, 'learning_rate': 0.0009399665141090623, 'epoch': 0.18}
{'loss': 3.231, 'grad_norm': 0.26496055722236633, 'learning_rate': 0.0009398717131602608, 'epoch': 0.18}
{'loss': 3.0435, 'grad_norm': 0.279227614402771, 'learning_rate': 0.0009397768422071702, 'epoch': 0.18}
{'loss': 3.1825, 'grad_norm': 0.2667384743690491, 'learning_rate': 0.000939681901264889, 'epoch': 0.18}
{'loss': 3.0742, 'grad_norm': 0.2805016338825226, 'learning_rate': 0.0009395868903485269, 'epoch': 0.18}
{'loss': 3.1771, 'grad_norm': 0.27698156237602234, 'learning_rate': 0.0009394918094732044, 'epoch': 0.18}
{'loss': 3.0582, 'grad_norm': 0.3004884719848633, 'learning_rate': 0.0009393966586540532, 'epoch': 0.18}
{'loss': 3.0141, 'grad_norm': 0.33740657567977905, 'learning_rate': 0.0009393014379062166, 'epoch': 0.18}
{'loss': 3.2913, 'grad_norm': 0.3059752583503723, 'learning_rate': 0.0009392061472448485, 'epoch': 0.18}
{'loss': 3.1585, 'grad_norm': 0.6284472346305847, 'learning_rate': 0.0009391107866851142, 'epoch': 0.18}
{'loss': 2.9678, 'grad_norm': 0.29320988059043884, 'learning_rate': 0.0009390153562421901, 'epoch': 0.18}
{'loss': 3.1355, 'grad_norm': 0.29410457611083984, 'learning_rate': 0.0009389198559312638, 'epoch': 0.18}
{'loss': 3.0787, 'grad_norm': 0.2687678933143616, 'learning_rate': 0.0009388242857675335, 'epoch': 0.18}
{'loss': 3.0404, 'grad_norm': 0.2892196476459503, 'learning_rate': 0.0009387286457662092, 'epoch': 0.18}
{'loss': 3.0569, 'grad_norm': 0.2944590747356415, 'learning_rate': 0.0009386329359425117, 'epoch': 0.18}
{'loss': 3.2957, 'grad_norm': 0.2897505462169647, 'learning_rate': 0.0009385371563116728, 'epoch': 0.18}
{'loss': 2.9537, 'grad_norm': 0.27897706627845764, 'learning_rate': 0.0009384413068889357, 'epoch': 0.18}
{'loss': 3.0925, 'grad_norm': 0.30925536155700684, 'learning_rate': 0.0009383453876895544, 'epoch': 0.18}
{'loss': 3.0698, 'grad_norm': 0.2856118977069855, 'learning_rate': 0.0009382493987287944, 'epoch': 0.19}
{'loss': 3.3016, 'grad_norm': 0.33634644746780396, 'learning_rate': 0.0009381533400219318, 'epoch': 0.19}
{'loss': 3.1751, 'grad_norm': 0.2971101403236389, 'learning_rate': 0.0009380572115842543, 'epoch': 0.19}
{'loss': 3.1758, 'grad_norm': 0.2882133722305298, 'learning_rate': 0.0009379610134310602, 'epoch': 0.19}
{'loss': 3.2831, 'grad_norm': 0.26908499002456665, 'learning_rate': 0.0009378647455776593, 'epoch': 0.19}
{'loss': 3.0646, 'grad_norm': 0.2921885550022125, 'learning_rate': 0.0009377684080393723, 'epoch': 0.19}
{'loss': 3.0628, 'grad_norm': 0.316830575466156, 'learning_rate': 0.0009376720008315311, 'epoch': 0.19}
{'loss': 3.0937, 'grad_norm': 0.2744235098361969, 'learning_rate': 0.0009375755239694787, 'epoch': 0.19}
{'loss': 3.0125, 'grad_norm': 0.2679137885570526, 'learning_rate': 0.0009374789774685689, 'epoch': 0.19}
{'loss': 3.1586, 'grad_norm': 0.2955661714076996, 'learning_rate': 0.0009373823613441669, 'epoch': 0.19}
{'loss': 3.2449, 'grad_norm': 0.3091735243797302, 'learning_rate': 0.0009372856756116488, 'epoch': 0.19}
{'loss': 3.1865, 'grad_norm': 0.2926318347454071, 'learning_rate': 0.000937188920286402, 'epoch': 0.19}
{'loss': 3.0782, 'grad_norm': 0.26537859439849854, 'learning_rate': 0.0009370920953838247, 'epoch': 0.19}
{'loss': 2.9669, 'grad_norm': 0.27244433760643005, 'learning_rate': 0.0009369952009193264, 'epoch': 0.19}
{'loss': 2.8277, 'grad_norm': 0.28071147203445435, 'learning_rate': 0.0009368982369083274, 'epoch': 0.19}
{'loss': 3.0398, 'grad_norm': 0.2763698697090149, 'learning_rate': 0.0009368012033662594, 'epoch': 0.19}
{'loss': 3.0219, 'grad_norm': 0.29023030400276184, 'learning_rate': 0.0009367041003085648, 'epoch': 0.19}
{'loss': 3.2416, 'grad_norm': 0.31922394037246704, 'learning_rate': 0.0009366069277506976, 'epoch': 0.19}
{'loss': 3.3261, 'grad_norm': 0.2731035649776459, 'learning_rate': 0.0009365096857081223, 'epoch': 0.19}
{'loss': 2.9704, 'grad_norm': 0.27609071135520935, 'learning_rate': 0.0009364123741963146, 'epoch': 0.19}
{'loss': 3.048, 'grad_norm': 0.28489336371421814, 'learning_rate': 0.0009363149932307617, 'epoch': 0.19}
{'loss': 3.1602, 'grad_norm': 0.2975217401981354, 'learning_rate': 0.000936217542826961, 'epoch': 0.19}
{'loss': 3.182, 'grad_norm': 0.2836132049560547, 'learning_rate': 0.0009361200230004219, 'epoch': 0.19}
{'loss': 3.0379, 'grad_norm': 0.27550140023231506, 'learning_rate': 0.0009360224337666641, 'epoch': 0.19}
{'loss': 3.0786, 'grad_norm': 0.2861226797103882, 'learning_rate': 0.0009359247751412188, 'epoch': 0.19}
{'loss': 3.1165, 'grad_norm': 0.29701611399650574, 'learning_rate': 0.0009358270471396279, 'epoch': 0.19}
{'loss': 2.9969, 'grad_norm': 0.2978411316871643, 'learning_rate': 0.0009357292497774447, 'epoch': 0.19}
{'loss': 3.0717, 'grad_norm': 0.3121179938316345, 'learning_rate': 0.0009356313830702332, 'epoch': 0.19}
{'loss': 2.9733, 'grad_norm': 0.26284295320510864, 'learning_rate': 0.0009355334470335688, 'epoch': 0.19}
{'loss': 3.0158, 'grad_norm': 0.267995685338974, 'learning_rate': 0.0009354354416830378, 'epoch': 0.19}
{'loss': 3.1622, 'grad_norm': 0.29900678992271423, 'learning_rate': 0.0009353373670342372, 'epoch': 0.19}
{'loss': 2.9979, 'grad_norm': 0.3108386993408203, 'learning_rate': 0.0009352392231027751, 'epoch': 0.19}
{'loss': 3.0012, 'grad_norm': 0.3014916777610779, 'learning_rate': 0.0009351410099042714, 'epoch': 0.19}
{'loss': 3.2197, 'grad_norm': 0.3229534924030304, 'learning_rate': 0.0009350427274543561, 'epoch': 0.19}
{'loss': 3.164, 'grad_norm': 0.3021245300769806, 'learning_rate': 0.0009349443757686706, 'epoch': 0.19}
{'loss': 3.0603, 'grad_norm': 0.28386810421943665, 'learning_rate': 0.0009348459548628673, 'epoch': 0.19}
{'loss': 3.0523, 'grad_norm': 0.2851294279098511, 'learning_rate': 0.0009347474647526095, 'epoch': 0.19}
{'loss': 3.1648, 'grad_norm': 0.2807253301143646, 'learning_rate': 0.0009346489054535719, 'epoch': 0.19}
{'loss': 3.0068, 'grad_norm': 0.3601400554180145, 'learning_rate': 0.0009345502769814395, 'epoch': 0.19}
{'loss': 3.1485, 'grad_norm': 0.27655330300331116, 'learning_rate': 0.0009344515793519091, 'epoch': 0.19}
{'loss': 3.151, 'grad_norm': 0.2964494526386261, 'learning_rate': 0.0009343528125806879, 'epoch': 0.19}
{'loss': 3.0944, 'grad_norm': 0.29597198963165283, 'learning_rate': 0.0009342539766834945, 'epoch': 0.19}
{'loss': 3.0997, 'grad_norm': 0.2855099141597748, 'learning_rate': 0.0009341550716760583, 'epoch': 0.19}
{'loss': 3.0406, 'grad_norm': 0.2997252643108368, 'learning_rate': 0.0009340560975741197, 'epoch': 0.19}
{'loss': 3.0332, 'grad_norm': 0.3444072902202606, 'learning_rate': 0.00093395705439343, 'epoch': 0.19}
{'loss': 3.0836, 'grad_norm': 0.2840605080127716, 'learning_rate': 0.000933857942149752, 'epoch': 0.19}
{'loss': 3.0277, 'grad_norm': 0.29135993123054504, 'learning_rate': 0.0009337587608588588, 'epoch': 0.19}
{'loss': 3.0312, 'grad_norm': 0.28296834230422974, 'learning_rate': 0.0009336595105365349, 'epoch': 0.19}
{'loss': 2.9774, 'grad_norm': 0.27005383372306824, 'learning_rate': 0.0009335601911985758, 'epoch': 0.19}
{'loss': 2.9989, 'grad_norm': 0.29486820101737976, 'learning_rate': 0.0009334608028607877, 'epoch': 0.19}
{'loss': 2.8871, 'grad_norm': 0.30815136432647705, 'learning_rate': 0.0009333613455389882, 'epoch': 0.19}
{'loss': 2.982, 'grad_norm': 0.3102802038192749, 'learning_rate': 0.0009332618192490053, 'epoch': 0.19}
{'loss': 3.1906, 'grad_norm': 0.2660369277000427, 'learning_rate': 0.0009331622240066786, 'epoch': 0.19}
{'loss': 3.1226, 'grad_norm': 0.2990271747112274, 'learning_rate': 0.0009330625598278584, 'epoch': 0.19}
{'loss': 3.1244, 'grad_norm': 0.30298370122909546, 'learning_rate': 0.0009329628267284059, 'epoch': 0.19}
{'loss': 2.9876, 'grad_norm': 0.2746146321296692, 'learning_rate': 0.0009328630247241929, 'epoch': 0.19}
{'loss': 3.151, 'grad_norm': 0.31809625029563904, 'learning_rate': 0.0009327631538311034, 'epoch': 0.19}
{'loss': 3.1021, 'grad_norm': 0.2966732084751129, 'learning_rate': 0.000932663214065031, 'epoch': 0.19}
{'loss': 3.1591, 'grad_norm': 0.2900889813899994, 'learning_rate': 0.000932563205441881, 'epoch': 0.19}
{'loss': 3.0068, 'grad_norm': 0.29540976881980896, 'learning_rate': 0.0009324631279775694, 'epoch': 0.19}
{'loss': 3.2159, 'grad_norm': 0.3044492304325104, 'learning_rate': 0.0009323629816880232, 'epoch': 0.19}
{'loss': 2.9867, 'grad_norm': 0.2758603096008301, 'learning_rate': 0.0009322627665891807, 'epoch': 0.19}
{'loss': 3.1115, 'grad_norm': 0.2773680090904236, 'learning_rate': 0.0009321624826969904, 'epoch': 0.19}
{'loss': 3.1044, 'grad_norm': 0.27741995453834534, 'learning_rate': 0.0009320621300274124, 'epoch': 0.19}
{'loss': 3.1602, 'grad_norm': 0.3280293345451355, 'learning_rate': 0.0009319617085964176, 'epoch': 0.19}
{'loss': 3.0848, 'grad_norm': 0.31123480200767517, 'learning_rate': 0.0009318612184199877, 'epoch': 0.19}
{'loss': 3.0361, 'grad_norm': 0.2850499749183655, 'learning_rate': 0.0009317606595141155, 'epoch': 0.19}
{'loss': 3.0266, 'grad_norm': 0.29593461751937866, 'learning_rate': 0.0009316600318948046, 'epoch': 0.19}
{'loss': 3.0258, 'grad_norm': 0.2725004553794861, 'learning_rate': 0.0009315593355780692, 'epoch': 0.19}
{'loss': 3.1541, 'grad_norm': 0.2708330750465393, 'learning_rate': 0.0009314585705799354, 'epoch': 0.19}
{'loss': 3.0109, 'grad_norm': 0.2710835039615631, 'learning_rate': 0.0009313577369164394, 'epoch': 0.19}
{'loss': 3.0393, 'grad_norm': 0.2752111256122589, 'learning_rate': 0.0009312568346036287, 'epoch': 0.19}
{'loss': 3.1452, 'grad_norm': 0.28338947892189026, 'learning_rate': 0.0009311558636575615, 'epoch': 0.19}
{'loss': 3.0688, 'grad_norm': 0.2884342074394226, 'learning_rate': 0.0009310548240943071, 'epoch': 0.19}
{'loss': 3.0824, 'grad_norm': 0.27483317255973816, 'learning_rate': 0.0009309537159299455, 'epoch': 0.19}
{'loss': 3.1471, 'grad_norm': 0.2947140336036682, 'learning_rate': 0.0009308525391805677, 'epoch': 0.19}
{'loss': 3.0421, 'grad_norm': 0.30258429050445557, 'learning_rate': 0.0009307512938622762, 'epoch': 0.19}
{'loss': 2.9578, 'grad_norm': 0.2574145495891571, 'learning_rate': 0.0009306499799911834, 'epoch': 0.19}
{'loss': 3.0987, 'grad_norm': 0.3158358931541443, 'learning_rate': 0.0009305485975834131, 'epoch': 0.19}
{'loss': 2.8616, 'grad_norm': 0.28522437810897827, 'learning_rate': 0.0009304471466551003, 'epoch': 0.19}
{'loss': 3.0928, 'grad_norm': 0.30165934562683105, 'learning_rate': 0.0009303456272223905, 'epoch': 0.19}
{'loss': 3.1422, 'grad_norm': 0.25923845171928406, 'learning_rate': 0.0009302440393014402, 'epoch': 0.2}
{'loss': 3.0574, 'grad_norm': 0.29288196563720703, 'learning_rate': 0.0009301423829084168, 'epoch': 0.2}
{'loss': 3.0225, 'grad_norm': 0.28298628330230713, 'learning_rate': 0.0009300406580594985, 'epoch': 0.2}
{'loss': 3.1276, 'grad_norm': 0.3053973913192749, 'learning_rate': 0.0009299388647708748, 'epoch': 0.2}
{'loss': 3.1261, 'grad_norm': 0.2869505286216736, 'learning_rate': 0.0009298370030587455, 'epoch': 0.2}
{'loss': 3.0125, 'grad_norm': 0.3058966100215912, 'learning_rate': 0.0009297350729393219, 'epoch': 0.2}
{'loss': 2.9828, 'grad_norm': 0.3153379559516907, 'learning_rate': 0.0009296330744288256, 'epoch': 0.2}
{'loss': 3.1615, 'grad_norm': 0.3122040331363678, 'learning_rate': 0.0009295310075434895, 'epoch': 0.2}
{'loss': 3.1505, 'grad_norm': 0.32141056656837463, 'learning_rate': 0.0009294288722995572, 'epoch': 0.2}
{'loss': 3.1772, 'grad_norm': 0.3106180429458618, 'learning_rate': 0.0009293266687132833, 'epoch': 0.2}
{'loss': 3.0098, 'grad_norm': 0.28764012455940247, 'learning_rate': 0.000929224396800933, 'epoch': 0.2}
{'loss': 2.9772, 'grad_norm': 0.29492923617362976, 'learning_rate': 0.0009291220565787829, 'epoch': 0.2}
{'loss': 3.0758, 'grad_norm': 0.27400878071784973, 'learning_rate': 0.0009290196480631199, 'epoch': 0.2}
{'loss': 3.1221, 'grad_norm': 0.25477170944213867, 'learning_rate': 0.000928917171270242, 'epoch': 0.2}
{'loss': 3.0603, 'grad_norm': 0.2816910147666931, 'learning_rate': 0.0009288146262164583, 'epoch': 0.2}
{'loss': 3.0585, 'grad_norm': 0.28441107273101807, 'learning_rate': 0.0009287120129180883, 'epoch': 0.2}
{'loss': 3.1832, 'grad_norm': 0.2836277484893799, 'learning_rate': 0.0009286093313914627, 'epoch': 0.2}
{'loss': 3.1125, 'grad_norm': 0.27522552013397217, 'learning_rate': 0.000928506581652923, 'epoch': 0.2}
{'loss': 3.2915, 'grad_norm': 0.2846165895462036, 'learning_rate': 0.0009284037637188214, 'epoch': 0.2}
{'loss': 3.0469, 'grad_norm': 0.3072214126586914, 'learning_rate': 0.0009283008776055213, 'epoch': 0.2}
{'loss': 3.074, 'grad_norm': 0.27144870162010193, 'learning_rate': 0.0009281979233293964, 'epoch': 0.2}
{'loss': 3.0281, 'grad_norm': 0.28939497470855713, 'learning_rate': 0.0009280949009068321, 'epoch': 0.2}
{'loss': 2.966, 'grad_norm': 0.3365756571292877, 'learning_rate': 0.0009279918103542236, 'epoch': 0.2}
{'loss': 3.0441, 'grad_norm': 0.27639126777648926, 'learning_rate': 0.0009278886516879774, 'epoch': 0.2}
{'loss': 3.0178, 'grad_norm': 0.2672109603881836, 'learning_rate': 0.0009277854249245112, 'epoch': 0.2}
{'loss': 3.0046, 'grad_norm': 0.27998778223991394, 'learning_rate': 0.0009276821300802534, 'epoch': 0.2}
{'loss': 2.9949, 'grad_norm': 0.29870229959487915, 'learning_rate': 0.0009275787671716427, 'epoch': 0.2}
{'loss': 3.2667, 'grad_norm': 0.28343385457992554, 'learning_rate': 0.0009274753362151291, 'epoch': 0.2}
{'loss': 3.194, 'grad_norm': 0.2864921987056732, 'learning_rate': 0.0009273718372271733, 'epoch': 0.2}
{'loss': 3.0855, 'grad_norm': 0.30838266015052795, 'learning_rate': 0.000927268270224247, 'epoch': 0.2}
{'loss': 3.1048, 'grad_norm': 0.2698647677898407, 'learning_rate': 0.0009271646352228324, 'epoch': 0.2}
{'loss': 3.255, 'grad_norm': 0.2949274778366089, 'learning_rate': 0.000927060932239423, 'epoch': 0.2}
{'loss': 3.0734, 'grad_norm': 0.2823808789253235, 'learning_rate': 0.0009269571612905226, 'epoch': 0.2}
{'loss': 3.1447, 'grad_norm': 0.2952365279197693, 'learning_rate': 0.0009268533223926459, 'epoch': 0.2}
{'loss': 3.2501, 'grad_norm': 0.27476099133491516, 'learning_rate': 0.0009267494155623189, 'epoch': 0.2}
{'loss': 3.0266, 'grad_norm': 0.28936877846717834, 'learning_rate': 0.0009266454408160778, 'epoch': 0.2}
{'loss': 3.1256, 'grad_norm': 0.30210983753204346, 'learning_rate': 0.00092654139817047, 'epoch': 0.2}
{'loss': 3.1765, 'grad_norm': 0.3063315451145172, 'learning_rate': 0.0009264372876420537, 'epoch': 0.2}
{'loss': 3.3033, 'grad_norm': 0.27544939517974854, 'learning_rate': 0.0009263331092473975, 'epoch': 0.2}
{'loss': 3.0222, 'grad_norm': 0.2969150245189667, 'learning_rate': 0.0009262288630030813, 'epoch': 0.2}
{'loss': 3.0171, 'grad_norm': 0.29999494552612305, 'learning_rate': 0.0009261245489256954, 'epoch': 0.2}
{'loss': 3.015, 'grad_norm': 0.28954049944877625, 'learning_rate': 0.0009260201670318413, 'epoch': 0.2}
{'loss': 3.0416, 'grad_norm': 0.2952970564365387, 'learning_rate': 0.000925915717338131, 'epoch': 0.2}
{'loss': 3.0286, 'grad_norm': 0.29082489013671875, 'learning_rate': 0.0009258111998611871, 'epoch': 0.2}
{'loss': 2.9626, 'grad_norm': 0.27643826603889465, 'learning_rate': 0.0009257066146176436, 'epoch': 0.2}
{'loss': 2.9263, 'grad_norm': 0.279450923204422, 'learning_rate': 0.0009256019616241449, 'epoch': 0.2}
{'loss': 3.0874, 'grad_norm': 0.315229594707489, 'learning_rate': 0.000925497240897346, 'epoch': 0.2}
{'loss': 3.1574, 'grad_norm': 0.29557064175605774, 'learning_rate': 0.000925392452453913, 'epoch': 0.2}
{'loss': 3.0362, 'grad_norm': 0.2868807315826416, 'learning_rate': 0.0009252875963105228, 'epoch': 0.2}
{'loss': 3.1474, 'grad_norm': 0.2810872793197632, 'learning_rate': 0.0009251826724838626, 'epoch': 0.2}
{'loss': 3.1815, 'grad_norm': 0.27650508284568787, 'learning_rate': 0.0009250776809906311, 'epoch': 0.2}
{'loss': 3.3472, 'grad_norm': 0.2802913188934326, 'learning_rate': 0.0009249726218475374, 'epoch': 0.2}
{'loss': 3.099, 'grad_norm': 0.2899104952812195, 'learning_rate': 0.000924867495071301, 'epoch': 0.2}
{'loss': 3.0234, 'grad_norm': 0.28205519914627075, 'learning_rate': 0.0009247623006786527, 'epoch': 0.2}
{'loss': 3.169, 'grad_norm': 0.27839139103889465, 'learning_rate': 0.000924657038686334, 'epoch': 0.2}
{'loss': 3.1995, 'grad_norm': 0.28589680790901184, 'learning_rate': 0.0009245517091110969, 'epoch': 0.2}
{'loss': 2.9529, 'grad_norm': 0.311519056558609, 'learning_rate': 0.0009244463119697042, 'epoch': 0.2}
{'loss': 2.941, 'grad_norm': 0.2682810127735138, 'learning_rate': 0.0009243408472789298, 'epoch': 0.2}
{'loss': 3.1204, 'grad_norm': 0.2926267385482788, 'learning_rate': 0.0009242353150555578, 'epoch': 0.2}
{'loss': 2.9537, 'grad_norm': 0.2763761281967163, 'learning_rate': 0.0009241297153163837, 'epoch': 0.2}
{'loss': 3.1023, 'grad_norm': 0.27207720279693604, 'learning_rate': 0.0009240240480782129, 'epoch': 0.2}
{'loss': 3.0532, 'grad_norm': 0.3058040142059326, 'learning_rate': 0.0009239183133578626, 'epoch': 0.2}
{'loss': 3.0687, 'grad_norm': 0.2858802378177643, 'learning_rate': 0.0009238125111721598, 'epoch': 0.2}
{'loss': 3.0908, 'grad_norm': 0.28387346863746643, 'learning_rate': 0.0009237066415379427, 'epoch': 0.2}
{'loss': 3.0815, 'grad_norm': 0.25525370240211487, 'learning_rate': 0.00092360070447206, 'epoch': 0.2}
{'loss': 3.1458, 'grad_norm': 0.31538915634155273, 'learning_rate': 0.0009234946999913716, 'epoch': 0.2}
{'loss': 3.1478, 'grad_norm': 0.2826992869377136, 'learning_rate': 0.0009233886281127475, 'epoch': 0.2}
{'loss': 3.0529, 'grad_norm': 0.30531981587409973, 'learning_rate': 0.0009232824888530689, 'epoch': 0.2}
{'loss': 3.0857, 'grad_norm': 0.30609995126724243, 'learning_rate': 0.0009231762822292276, 'epoch': 0.2}
{'loss': 3.0399, 'grad_norm': 0.27099359035491943, 'learning_rate': 0.0009230700082581257, 'epoch': 0.2}
{'loss': 2.9302, 'grad_norm': 0.30562683939933777, 'learning_rate': 0.0009229636669566768, 'epoch': 0.2}
{'loss': 3.1486, 'grad_norm': 0.3115527629852295, 'learning_rate': 0.0009228572583418046, 'epoch': 0.2}
{'loss': 3.1113, 'grad_norm': 0.2860778272151947, 'learning_rate': 0.0009227507824304437, 'epoch': 0.2}
{'loss': 3.0952, 'grad_norm': 0.29798510670661926, 'learning_rate': 0.0009226442392395396, 'epoch': 0.2}
{'loss': 3.0129, 'grad_norm': 0.31192564964294434, 'learning_rate': 0.0009225376287860483, 'epoch': 0.2}
{'loss': 3.0089, 'grad_norm': 0.32417020201683044, 'learning_rate': 0.0009224309510869363, 'epoch': 0.2}
{'loss': 3.1731, 'grad_norm': 0.28330186009407043, 'learning_rate': 0.0009223242061591813, 'epoch': 0.2}
{'loss': 3.1553, 'grad_norm': 0.29899466037750244, 'learning_rate': 0.0009222173940197714, 'epoch': 0.2}
{'loss': 3.0637, 'grad_norm': 0.26649630069732666, 'learning_rate': 0.0009221105146857054, 'epoch': 0.2}
{'loss': 3.017, 'grad_norm': 0.2741454541683197, 'learning_rate': 0.0009220035681739928, 'epoch': 0.2}
{'loss': 3.158, 'grad_norm': 0.2795754075050354, 'learning_rate': 0.0009218965545016538, 'epoch': 0.2}
{'loss': 3.0683, 'grad_norm': 0.2859083116054535, 'learning_rate': 0.0009217894736857195, 'epoch': 0.21}
{'loss': 3.05, 'grad_norm': 0.27846524119377136, 'learning_rate': 0.0009216823257432312, 'epoch': 0.21}
{'loss': 3.0093, 'grad_norm': 0.280367910861969, 'learning_rate': 0.0009215751106912413, 'epoch': 0.21}
{'loss': 3.0256, 'grad_norm': 0.26804834604263306, 'learning_rate': 0.000921467828546813, 'epoch': 0.21}
{'loss': 3.1219, 'grad_norm': 0.3076533079147339, 'learning_rate': 0.0009213604793270196, 'epoch': 0.21}
{'loss': 2.9921, 'grad_norm': 0.2859291732311249, 'learning_rate': 0.0009212530630489455, 'epoch': 0.21}
{'loss': 3.1005, 'grad_norm': 0.2666114568710327, 'learning_rate': 0.000921145579729686, 'epoch': 0.21}
{'loss': 2.9802, 'grad_norm': 0.28518229722976685, 'learning_rate': 0.0009210380293863462, 'epoch': 0.21}
{'loss': 3.2076, 'grad_norm': 0.2660466432571411, 'learning_rate': 0.0009209304120360428, 'epoch': 0.21}
{'loss': 2.9663, 'grad_norm': 0.29906323552131653, 'learning_rate': 0.0009208227276959027, 'epoch': 0.21}
{'loss': 3.0972, 'grad_norm': 0.2931450307369232, 'learning_rate': 0.0009207149763830636, 'epoch': 0.21}
{'loss': 3.0273, 'grad_norm': 0.29960083961486816, 'learning_rate': 0.0009206071581146735, 'epoch': 0.21}
{'loss': 2.9738, 'grad_norm': 0.28845998644828796, 'learning_rate': 0.0009204992729078918, 'epoch': 0.21}
{'loss': 3.1467, 'grad_norm': 0.27033212780952454, 'learning_rate': 0.000920391320779888, 'epoch': 0.21}
{'loss': 3.2191, 'grad_norm': 0.2770581543445587, 'learning_rate': 0.0009202833017478421, 'epoch': 0.21}
{'loss': 3.1145, 'grad_norm': 0.3070002496242523, 'learning_rate': 0.0009201752158289454, 'epoch': 0.21}
{'loss': 3.0261, 'grad_norm': 0.28645196557044983, 'learning_rate': 0.000920067063040399, 'epoch': 0.21}
{'loss': 3.0649, 'grad_norm': 0.2527772784233093, 'learning_rate': 0.0009199588433994155, 'epoch': 0.21}
{'loss': 3.1196, 'grad_norm': 0.2908341586589813, 'learning_rate': 0.0009198505569232176, 'epoch': 0.21}
{'loss': 3.1341, 'grad_norm': 0.2858271598815918, 'learning_rate': 0.0009197422036290386, 'epoch': 0.21}
{'loss': 3.1741, 'grad_norm': 0.29861921072006226, 'learning_rate': 0.0009196337835341229, 'epoch': 0.21}
{'loss': 3.1111, 'grad_norm': 0.27428969740867615, 'learning_rate': 0.0009195252966557251, 'epoch': 0.21}
{'loss': 3.1054, 'grad_norm': 0.2819332182407379, 'learning_rate': 0.0009194167430111105, 'epoch': 0.21}
{'loss': 3.0741, 'grad_norm': 0.3199484646320343, 'learning_rate': 0.0009193081226175553, 'epoch': 0.21}
{'loss': 3.0197, 'grad_norm': 0.2733672559261322, 'learning_rate': 0.0009191994354923458, 'epoch': 0.21}
{'loss': 3.0962, 'grad_norm': 0.283804714679718, 'learning_rate': 0.0009190906816527796, 'epoch': 0.21}
{'loss': 3.033, 'grad_norm': 0.3156951665878296, 'learning_rate': 0.0009189818611161642, 'epoch': 0.21}
{'loss': 3.0875, 'grad_norm': 0.30014559626579285, 'learning_rate': 0.0009188729738998183, 'epoch': 0.21}
{'loss': 3.0011, 'grad_norm': 0.3033866882324219, 'learning_rate': 0.0009187640200210709, 'epoch': 0.21}
{'loss': 3.0498, 'grad_norm': 0.27308371663093567, 'learning_rate': 0.0009186549994972617, 'epoch': 0.21}
{'loss': 3.0949, 'grad_norm': 0.27714234590530396, 'learning_rate': 0.000918545912345741, 'epoch': 0.21}
{'loss': 3.1221, 'grad_norm': 0.30158957839012146, 'learning_rate': 0.0009184367585838698, 'epoch': 0.21}
{'loss': 3.1242, 'grad_norm': 0.279902845621109, 'learning_rate': 0.0009183275382290194, 'epoch': 0.21}
{'loss': 3.1558, 'grad_norm': 0.2850077450275421, 'learning_rate': 0.0009182182512985722, 'epoch': 0.21}
{'loss': 2.9802, 'grad_norm': 0.28433138132095337, 'learning_rate': 0.0009181088978099203, 'epoch': 0.21}
{'loss': 3.1193, 'grad_norm': 0.28524303436279297, 'learning_rate': 0.0009179994777804677, 'epoch': 0.21}
{'loss': 3.1716, 'grad_norm': 0.30208447575569153, 'learning_rate': 0.0009178899912276279, 'epoch': 0.21}
{'loss': 3.0608, 'grad_norm': 0.33120766282081604, 'learning_rate': 0.0009177804381688254, 'epoch': 0.21}
{'loss': 3.0958, 'grad_norm': 0.28453388810157776, 'learning_rate': 0.0009176708186214952, 'epoch': 0.21}
{'loss': 3.0012, 'grad_norm': 0.2970345616340637, 'learning_rate': 0.000917561132603083, 'epoch': 0.21}
{'loss': 3.2201, 'grad_norm': 0.2886405885219574, 'learning_rate': 0.0009174513801310451, 'epoch': 0.21}
{'loss': 3.0078, 'grad_norm': 0.2627299726009369, 'learning_rate': 0.0009173415612228482, 'epoch': 0.21}
{'loss': 2.9698, 'grad_norm': 0.287418931722641, 'learning_rate': 0.0009172316758959695, 'epoch': 0.21}
{'loss': 3.1404, 'grad_norm': 0.2856880724430084, 'learning_rate': 0.0009171217241678973, 'epoch': 0.21}
{'loss': 3.0777, 'grad_norm': 0.2971805930137634, 'learning_rate': 0.0009170117060561296, 'epoch': 0.21}
{'loss': 3.1034, 'grad_norm': 0.30032879114151, 'learning_rate': 0.0009169016215781758, 'epoch': 0.21}
{'loss': 3.1207, 'grad_norm': 0.27628204226493835, 'learning_rate': 0.0009167914707515556, 'epoch': 0.21}
{'loss': 3.0038, 'grad_norm': 0.29393070936203003, 'learning_rate': 0.0009166812535937989, 'epoch': 0.21}
{'loss': 2.955, 'grad_norm': 0.24951383471488953, 'learning_rate': 0.0009165709701224465, 'epoch': 0.21}
{'loss': 2.9429, 'grad_norm': 0.2620583474636078, 'learning_rate': 0.0009164606203550497, 'epoch': 0.21}
{'loss': 3.1613, 'grad_norm': 0.2823182940483093, 'learning_rate': 0.0009163502043091705, 'epoch': 0.21}
{'loss': 3.0398, 'grad_norm': 0.2705892026424408, 'learning_rate': 0.0009162397220023813, 'epoch': 0.21}
{'loss': 3.0481, 'grad_norm': 0.25231748819351196, 'learning_rate': 0.0009161291734522647, 'epoch': 0.21}
{'loss': 2.9929, 'grad_norm': 0.28719571232795715, 'learning_rate': 0.0009160185586764145, 'epoch': 0.21}
{'loss': 3.0679, 'grad_norm': 0.304905503988266, 'learning_rate': 0.0009159078776924346, 'epoch': 0.21}
{'loss': 3.0091, 'grad_norm': 0.2905057668685913, 'learning_rate': 0.0009157971305179394, 'epoch': 0.21}
{'loss': 3.0981, 'grad_norm': 0.2871094048023224, 'learning_rate': 0.0009156863171705543, 'epoch': 0.21}
{'loss': 2.9071, 'grad_norm': 0.29969799518585205, 'learning_rate': 0.0009155754376679148, 'epoch': 0.21}
{'loss': 3.0099, 'grad_norm': 0.3119669556617737, 'learning_rate': 0.0009154644920276669, 'epoch': 0.21}
{'loss': 3.144, 'grad_norm': 0.2751050889492035, 'learning_rate': 0.0009153534802674673, 'epoch': 0.21}
{'loss': 3.14, 'grad_norm': 0.2737244963645935, 'learning_rate': 0.0009152424024049835, 'epoch': 0.21}
{'loss': 3.1857, 'grad_norm': 0.302573561668396, 'learning_rate': 0.0009151312584578928, 'epoch': 0.21}
{'loss': 2.9479, 'grad_norm': 0.2574584186077118, 'learning_rate': 0.0009150200484438838, 'epoch': 0.21}
{'loss': 3.0587, 'grad_norm': 0.27516040205955505, 'learning_rate': 0.0009149087723806549, 'epoch': 0.21}
{'loss': 3.2719, 'grad_norm': 0.28292807936668396, 'learning_rate': 0.0009147974302859157, 'epoch': 0.21}
{'loss': 2.972, 'grad_norm': 0.27507808804512024, 'learning_rate': 0.0009146860221773856, 'epoch': 0.21}
{'loss': 3.0179, 'grad_norm': 0.27083495259284973, 'learning_rate': 0.0009145745480727952, 'epoch': 0.21}
{'loss': 2.8828, 'grad_norm': 0.2806827425956726, 'learning_rate': 0.000914463007989885, 'epoch': 0.21}
{'loss': 2.9431, 'grad_norm': 0.2649793028831482, 'learning_rate': 0.0009143514019464065, 'epoch': 0.21}
{'loss': 3.2633, 'grad_norm': 0.28750064969062805, 'learning_rate': 0.0009142397299601215, 'epoch': 0.21}
{'loss': 2.9947, 'grad_norm': 0.27801254391670227, 'learning_rate': 0.0009141279920488022, 'epoch': 0.21}
{'loss': 3.0514, 'grad_norm': 0.28460100293159485, 'learning_rate': 0.0009140161882302311, 'epoch': 0.21}
{'loss': 3.0247, 'grad_norm': 0.2957970201969147, 'learning_rate': 0.0009139043185222018, 'epoch': 0.21}
{'loss': 3.0342, 'grad_norm': 0.273637056350708, 'learning_rate': 0.0009137923829425178, 'epoch': 0.21}
{'loss': 3.0331, 'grad_norm': 0.29043006896972656, 'learning_rate': 0.0009136803815089936, 'epoch': 0.21}
{'loss': 3.3425, 'grad_norm': 0.3116413950920105, 'learning_rate': 0.0009135683142394535, 'epoch': 0.21}
{'loss': 3.1816, 'grad_norm': 0.3232711851596832, 'learning_rate': 0.000913456181151733, 'epoch': 0.21}
{'loss': 2.8152, 'grad_norm': 0.2920791208744049, 'learning_rate': 0.0009133439822636778, 'epoch': 0.21}
{'loss': 3.0824, 'grad_norm': 0.2929929792881012, 'learning_rate': 0.0009132317175931437, 'epoch': 0.21}
{'loss': 3.0026, 'grad_norm': 0.2820182740688324, 'learning_rate': 0.0009131193871579975, 'epoch': 0.21}
{'loss': 3.0574, 'grad_norm': 0.25697067379951477, 'learning_rate': 0.0009130069909761162, 'epoch': 0.21}
{'loss': 3.0402, 'grad_norm': 0.2686092257499695, 'learning_rate': 0.0009128945290653873, 'epoch': 0.22}
{'loss': 3.1527, 'grad_norm': 0.2795407176017761, 'learning_rate': 0.000912782001443709, 'epoch': 0.22}
{'loss': 3.1057, 'grad_norm': 0.27234211564064026, 'learning_rate': 0.0009126694081289894, 'epoch': 0.22}
{'loss': 3.1997, 'grad_norm': 0.28649958968162537, 'learning_rate': 0.0009125567491391475, 'epoch': 0.22}
{'loss': 3.0201, 'grad_norm': 0.28254440426826477, 'learning_rate': 0.000912444024492113, 'epoch': 0.22}
{'loss': 3.0575, 'grad_norm': 0.2972312867641449, 'learning_rate': 0.000912331234205825, 'epoch': 0.22}
{'loss': 3.091, 'grad_norm': 0.27020835876464844, 'learning_rate': 0.0009122183782982345, 'epoch': 0.22}
{'loss': 3.1298, 'grad_norm': 0.27972662448883057, 'learning_rate': 0.0009121054567873017, 'epoch': 0.22}
{'loss': 3.2369, 'grad_norm': 0.24397730827331543, 'learning_rate': 0.0009119924696909978, 'epoch': 0.22}
{'loss': 3.0883, 'grad_norm': 0.2467913031578064, 'learning_rate': 0.0009118794170273046, 'epoch': 0.22}
{'loss': 3.1039, 'grad_norm': 0.2688184380531311, 'learning_rate': 0.0009117662988142137, 'epoch': 0.22}
{'loss': 3.1698, 'grad_norm': 0.29854223132133484, 'learning_rate': 0.0009116531150697278, 'epoch': 0.22}
{'loss': 3.1133, 'grad_norm': 0.2735174596309662, 'learning_rate': 0.0009115398658118599, 'epoch': 0.22}
{'loss': 3.2374, 'grad_norm': 0.2945157289505005, 'learning_rate': 0.0009114265510586328, 'epoch': 0.22}
{'loss': 3.087, 'grad_norm': 0.2935936748981476, 'learning_rate': 0.0009113131708280807, 'epoch': 0.22}
{'loss': 2.9265, 'grad_norm': 0.26116466522216797, 'learning_rate': 0.0009111997251382475, 'epoch': 0.22}
{'loss': 2.8754, 'grad_norm': 0.2791772782802582, 'learning_rate': 0.0009110862140071878, 'epoch': 0.22}
{'loss': 3.2283, 'grad_norm': 0.2735907733440399, 'learning_rate': 0.0009109726374529665, 'epoch': 0.22}
{'loss': 3.0611, 'grad_norm': 0.2699657380580902, 'learning_rate': 0.0009108589954936591, 'epoch': 0.22}
{'loss': 2.9829, 'grad_norm': 0.34162449836730957, 'learning_rate': 0.0009107452881473513, 'epoch': 0.22}
{'loss': 3.1691, 'grad_norm': 0.30446720123291016, 'learning_rate': 0.0009106315154321392, 'epoch': 0.22}
{'loss': 3.0959, 'grad_norm': 0.3427415192127228, 'learning_rate': 0.0009105176773661297, 'epoch': 0.22}
{'loss': 3.14, 'grad_norm': 0.3170119524002075, 'learning_rate': 0.0009104037739674394, 'epoch': 0.22}
{'loss': 2.9643, 'grad_norm': 0.27889660000801086, 'learning_rate': 0.0009102898052541958, 'epoch': 0.22}
{'loss': 3.1568, 'grad_norm': 0.2835559546947479, 'learning_rate': 0.0009101757712445369, 'epoch': 0.22}
{'loss': 3.1302, 'grad_norm': 0.27754828333854675, 'learning_rate': 0.0009100616719566106, 'epoch': 0.22}
{'loss': 3.0606, 'grad_norm': 0.3218652606010437, 'learning_rate': 0.0009099475074085757, 'epoch': 0.22}
{'loss': 3.0282, 'grad_norm': 0.2777678370475769, 'learning_rate': 0.000909833277618601, 'epoch': 0.22}
{'loss': 3.1006, 'grad_norm': 0.28632697463035583, 'learning_rate': 0.000909718982604866, 'epoch': 0.22}
{'loss': 3.0832, 'grad_norm': 0.2662050724029541, 'learning_rate': 0.0009096046223855601, 'epoch': 0.22}
{'loss': 3.1072, 'grad_norm': 0.26065793633461, 'learning_rate': 0.0009094901969788838, 'epoch': 0.22}
{'loss': 2.9713, 'grad_norm': 0.26513829827308655, 'learning_rate': 0.0009093757064030472, 'epoch': 0.22}
{'loss': 3.0102, 'grad_norm': 0.26866695284843445, 'learning_rate': 0.0009092611506762714, 'epoch': 0.22}
{'loss': 3.1127, 'grad_norm': 0.32609182596206665, 'learning_rate': 0.0009091465298167876, 'epoch': 0.22}
{'loss': 3.1268, 'grad_norm': 0.28399449586868286, 'learning_rate': 0.0009090318438428371, 'epoch': 0.22}
{'loss': 2.9218, 'grad_norm': 0.27153339982032776, 'learning_rate': 0.0009089170927726722, 'epoch': 0.22}
{'loss': 3.0194, 'grad_norm': 0.28099125623703003, 'learning_rate': 0.0009088022766245548, 'epoch': 0.22}
{'loss': 3.0105, 'grad_norm': 0.28484907746315, 'learning_rate': 0.0009086873954167579, 'epoch': 0.22}
{'loss': 3.0838, 'grad_norm': 0.2603466808795929, 'learning_rate': 0.0009085724491675642, 'epoch': 0.22}
{'loss': 3.1864, 'grad_norm': 0.27672049403190613, 'learning_rate': 0.0009084574378952675, 'epoch': 0.22}
{'loss': 3.0334, 'grad_norm': 0.2874457538127899, 'learning_rate': 0.000908342361618171, 'epoch': 0.22}
{'loss': 3.1175, 'grad_norm': 0.29023051261901855, 'learning_rate': 0.000908227220354589, 'epoch': 0.22}
{'loss': 3.1073, 'grad_norm': 0.2805023193359375, 'learning_rate': 0.0009081120141228461, 'epoch': 0.22}
{'loss': 3.1156, 'grad_norm': 0.2836500406265259, 'learning_rate': 0.0009079967429412765, 'epoch': 0.22}
{'loss': 2.9942, 'grad_norm': 0.25520527362823486, 'learning_rate': 0.0009078814068282258, 'epoch': 0.22}
{'loss': 3.0329, 'grad_norm': 0.27987387776374817, 'learning_rate': 0.0009077660058020491, 'epoch': 0.22}
{'loss': 2.931, 'grad_norm': 0.2805215120315552, 'learning_rate': 0.0009076505398811122, 'epoch': 0.22}
{'loss': 3.0183, 'grad_norm': 0.2903800308704376, 'learning_rate': 0.0009075350090837912, 'epoch': 0.22}
{'loss': 3.1705, 'grad_norm': 0.3034450113773346, 'learning_rate': 0.0009074194134284726, 'epoch': 0.22}
{'loss': 2.9151, 'grad_norm': 0.2719946801662445, 'learning_rate': 0.0009073037529335526, 'epoch': 0.22}
{'loss': 3.1041, 'grad_norm': 0.2797220051288605, 'learning_rate': 0.0009071880276174389, 'epoch': 0.22}
{'loss': 3.0126, 'grad_norm': 0.27607834339141846, 'learning_rate': 0.0009070722374985485, 'epoch': 0.22}
{'loss': 2.9352, 'grad_norm': 0.3112305998802185, 'learning_rate': 0.000906956382595309, 'epoch': 0.22}
{'loss': 3.1184, 'grad_norm': 0.26572826504707336, 'learning_rate': 0.0009068404629261587, 'epoch': 0.22}
{'loss': 2.9984, 'grad_norm': 0.28410688042640686, 'learning_rate': 0.0009067244785095454, 'epoch': 0.22}
{'loss': 3.1221, 'grad_norm': 0.2561931014060974, 'learning_rate': 0.000906608429363928, 'epoch': 0.22}
{'loss': 3.0073, 'grad_norm': 0.2766661047935486, 'learning_rate': 0.0009064923155077753, 'epoch': 0.22}
{'loss': 2.9432, 'grad_norm': 0.2859136760234833, 'learning_rate': 0.0009063761369595665, 'epoch': 0.22}
{'loss': 2.9099, 'grad_norm': 0.2515847682952881, 'learning_rate': 0.0009062598937377911, 'epoch': 0.22}
{'loss': 2.9996, 'grad_norm': 0.27235621213912964, 'learning_rate': 0.0009061435858609486, 'epoch': 0.22}
{'loss': 2.9719, 'grad_norm': 0.2433650940656662, 'learning_rate': 0.0009060272133475495, 'epoch': 0.22}
{'loss': 3.0978, 'grad_norm': 0.26153790950775146, 'learning_rate': 0.0009059107762161139, 'epoch': 0.22}
{'loss': 3.1082, 'grad_norm': 0.3374522924423218, 'learning_rate': 0.0009057942744851722, 'epoch': 0.22}
{'loss': 3.0727, 'grad_norm': 0.27613916993141174, 'learning_rate': 0.0009056777081732659, 'epoch': 0.22}
{'loss': 3.1879, 'grad_norm': 0.27501216530799866, 'learning_rate': 0.0009055610772989456, 'epoch': 0.22}
{'loss': 3.0058, 'grad_norm': 0.2874816060066223, 'learning_rate': 0.000905444381880773, 'epoch': 0.22}
{'loss': 3.059, 'grad_norm': 0.2683963179588318, 'learning_rate': 0.0009053276219373199, 'epoch': 0.22}
{'loss': 2.9306, 'grad_norm': 0.2646016478538513, 'learning_rate': 0.0009052107974871684, 'epoch': 0.22}
{'loss': 3.114, 'grad_norm': 0.284626841545105, 'learning_rate': 0.0009050939085489104, 'epoch': 0.22}
{'loss': 3.0866, 'grad_norm': 0.2777097821235657, 'learning_rate': 0.0009049769551411486, 'epoch': 0.22}
{'loss': 3.148, 'grad_norm': 0.2976367771625519, 'learning_rate': 0.0009048599372824959, 'epoch': 0.22}
{'loss': 3.0639, 'grad_norm': 0.3152971863746643, 'learning_rate': 0.0009047428549915753, 'epoch': 0.22}
{'loss': 3.2036, 'grad_norm': 0.27584171295166016, 'learning_rate': 0.0009046257082870201, 'epoch': 0.22}
{'loss': 2.9447, 'grad_norm': 0.2508363425731659, 'learning_rate': 0.0009045084971874737, 'epoch': 0.22}
{'loss': 3.1245, 'grad_norm': 0.2797049880027771, 'learning_rate': 0.0009043912217115901, 'epoch': 0.22}
{'loss': 3.0259, 'grad_norm': 0.25908520817756653, 'learning_rate': 0.0009042738818780333, 'epoch': 0.22}
{'loss': 3.0156, 'grad_norm': 0.279756098985672, 'learning_rate': 0.0009041564777054776, 'epoch': 0.22}
{'loss': 3.0255, 'grad_norm': 0.27017924189567566, 'learning_rate': 0.0009040390092126074, 'epoch': 0.22}
{'loss': 3.0741, 'grad_norm': 0.46367326378822327, 'learning_rate': 0.0009039214764181175, 'epoch': 0.22}
{'loss': 2.953, 'grad_norm': 0.2763947546482086, 'learning_rate': 0.0009038038793407131, 'epoch': 0.22}
{'loss': 3.171, 'grad_norm': 0.26185405254364014, 'learning_rate': 0.0009036862179991092, 'epoch': 0.22}
{'loss': 2.9823, 'grad_norm': 0.2833695411682129, 'learning_rate': 0.0009035684924120313, 'epoch': 0.23}
{'loss': 3.1767, 'grad_norm': 0.2984466552734375, 'learning_rate': 0.0009034507025982153, 'epoch': 0.23}
{'loss': 3.0227, 'grad_norm': 0.2808142304420471, 'learning_rate': 0.0009033328485764067, 'epoch': 0.23}
{'loss': 3.1581, 'grad_norm': 0.28717321157455444, 'learning_rate': 0.0009032149303653621, 'epoch': 0.23}
{'loss': 3.1384, 'grad_norm': 0.29826074838638306, 'learning_rate': 0.0009030969479838474, 'epoch': 0.23}
{'loss': 2.9925, 'grad_norm': 0.3231988251209259, 'learning_rate': 0.0009029789014506393, 'epoch': 0.23}
{'loss': 3.1083, 'grad_norm': 0.25768423080444336, 'learning_rate': 0.0009028607907845247, 'epoch': 0.23}
{'loss': 3.1655, 'grad_norm': 0.2770110070705414, 'learning_rate': 0.0009027426160043004, 'epoch': 0.23}
{'loss': 3.0044, 'grad_norm': 0.3139120936393738, 'learning_rate': 0.0009026243771287736, 'epoch': 0.23}
{'loss': 3.1878, 'grad_norm': 0.29095008969306946, 'learning_rate': 0.0009025060741767617, 'epoch': 0.23}
{'loss': 3.1458, 'grad_norm': 0.303904265165329, 'learning_rate': 0.0009023877071670923, 'epoch': 0.23}
{'loss': 2.9834, 'grad_norm': 0.2642567455768585, 'learning_rate': 0.0009022692761186031, 'epoch': 0.23}
{'loss': 3.0974, 'grad_norm': 0.320787250995636, 'learning_rate': 0.0009021507810501421, 'epoch': 0.23}
{'loss': 2.9761, 'grad_norm': 0.2977313995361328, 'learning_rate': 0.0009020322219805674, 'epoch': 0.23}
{'loss': 3.0767, 'grad_norm': 0.2796880304813385, 'learning_rate': 0.0009019135989287473, 'epoch': 0.23}
{'loss': 2.8335, 'grad_norm': 0.2630016803741455, 'learning_rate': 0.0009017949119135604, 'epoch': 0.23}
{'loss': 3.171, 'grad_norm': 0.2857121229171753, 'learning_rate': 0.0009016761609538953, 'epoch': 0.23}
{'loss': 3.0016, 'grad_norm': 0.2753332555294037, 'learning_rate': 0.0009015573460686509, 'epoch': 0.23}
{'loss': 3.0846, 'grad_norm': 0.29430755972862244, 'learning_rate': 0.0009014384672767364, 'epoch': 0.23}
{'loss': 3.0672, 'grad_norm': 0.28820091485977173, 'learning_rate': 0.0009013195245970707, 'epoch': 0.23}
{'loss': 3.028, 'grad_norm': 0.309140145778656, 'learning_rate': 0.0009012005180485834, 'epoch': 0.23}
{'loss': 2.8632, 'grad_norm': 0.27247482538223267, 'learning_rate': 0.0009010814476502139, 'epoch': 0.23}
{'loss': 2.9287, 'grad_norm': 0.28132131695747375, 'learning_rate': 0.000900962313420912, 'epoch': 0.23}
{'loss': 2.8977, 'grad_norm': 0.29171913862228394, 'learning_rate': 0.0009008431153796375, 'epoch': 0.23}
{'loss': 2.9326, 'grad_norm': 0.3097986876964569, 'learning_rate': 0.0009007238535453606, 'epoch': 0.23}
{'loss': 3.0617, 'grad_norm': 0.2579714357852936, 'learning_rate': 0.0009006045279370612, 'epoch': 0.23}
{'loss': 3.0607, 'grad_norm': 0.2776852250099182, 'learning_rate': 0.0009004851385737298, 'epoch': 0.23}
{'loss': 2.9906, 'grad_norm': 0.2760593593120575, 'learning_rate': 0.0009003656854743667, 'epoch': 0.23}
{'loss': 2.9989, 'grad_norm': 0.2935011088848114, 'learning_rate': 0.0009002461686579828, 'epoch': 0.23}
{'loss': 3.1234, 'grad_norm': 0.27306243777275085, 'learning_rate': 0.0009001265881435986, 'epoch': 0.23}
{'loss': 3.2129, 'grad_norm': 0.28352782130241394, 'learning_rate': 0.0009000069439502451, 'epoch': 0.23}
{'loss': 3.0489, 'grad_norm': 0.30002957582473755, 'learning_rate': 0.0008998872360969632, 'epoch': 0.23}
{'loss': 3.1412, 'grad_norm': 0.2938556969165802, 'learning_rate': 0.0008997674646028042, 'epoch': 0.23}
{'loss': 3.0491, 'grad_norm': 0.27808913588523865, 'learning_rate': 0.0008996476294868294, 'epoch': 0.23}
{'loss': 3.0008, 'grad_norm': 0.28510352969169617, 'learning_rate': 0.0008995277307681099, 'epoch': 0.23}
{'loss': 3.232, 'grad_norm': 0.2764257490634918, 'learning_rate': 0.0008994077684657275, 'epoch': 0.23}
{'loss': 3.0773, 'grad_norm': 0.2887026071548462, 'learning_rate': 0.0008992877425987738, 'epoch': 0.23}
{'loss': 3.0211, 'grad_norm': 0.27537432312965393, 'learning_rate': 0.0008991676531863507, 'epoch': 0.23}
{'loss': 2.9393, 'grad_norm': 0.302402526140213, 'learning_rate': 0.00089904750024757, 'epoch': 0.23}
{'loss': 3.0853, 'grad_norm': 0.27571287751197815, 'learning_rate': 0.0008989272838015534, 'epoch': 0.23}
{'loss': 3.0402, 'grad_norm': 0.26673510670661926, 'learning_rate': 0.0008988070038674333, 'epoch': 0.23}
{'loss': 3.0045, 'grad_norm': 0.2959231734275818, 'learning_rate': 0.0008986866604643517, 'epoch': 0.23}
{'loss': 3.0108, 'grad_norm': 0.27119559049606323, 'learning_rate': 0.0008985662536114613, 'epoch': 0.23}
{'loss': 2.9288, 'grad_norm': 0.2868608832359314, 'learning_rate': 0.000898445783327924, 'epoch': 0.23}
{'loss': 3.0255, 'grad_norm': 0.28453880548477173, 'learning_rate': 0.0008983252496329126, 'epoch': 0.23}
{'loss': 3.0711, 'grad_norm': 0.31593960523605347, 'learning_rate': 0.0008982046525456094, 'epoch': 0.23}
{'loss': 3.0509, 'grad_norm': 0.30006861686706543, 'learning_rate': 0.0008980839920852075, 'epoch': 0.23}
{'loss': 3.1414, 'grad_norm': 0.27243706583976746, 'learning_rate': 0.0008979632682709093, 'epoch': 0.23}
{'loss': 3.1278, 'grad_norm': 0.29678595066070557, 'learning_rate': 0.0008978424811219277, 'epoch': 0.23}
{'loss': 3.109, 'grad_norm': 0.6870055794715881, 'learning_rate': 0.0008977216306574858, 'epoch': 0.23}
{'loss': 3.0789, 'grad_norm': 0.27915310859680176, 'learning_rate': 0.0008976007168968164, 'epoch': 0.23}
{'loss': 3.0759, 'grad_norm': 0.29185253381729126, 'learning_rate': 0.0008974797398591625, 'epoch': 0.23}
{'loss': 3.1104, 'grad_norm': 0.274254709482193, 'learning_rate': 0.0008973586995637777, 'epoch': 0.23}
{'loss': 3.0647, 'grad_norm': 0.30386999249458313, 'learning_rate': 0.0008972375960299246, 'epoch': 0.23}
{'loss': 3.1435, 'grad_norm': 0.2848843038082123, 'learning_rate': 0.0008971164292768768, 'epoch': 0.23}
{'loss': 3.1846, 'grad_norm': 0.3216620683670044, 'learning_rate': 0.0008969951993239178, 'epoch': 0.23}
{'loss': 3.1295, 'grad_norm': 0.28693482279777527, 'learning_rate': 0.0008968739061903406, 'epoch': 0.23}
{'loss': 3.0248, 'grad_norm': 0.26021644473075867, 'learning_rate': 0.0008967525498954487, 'epoch': 0.23}
{'loss': 3.0768, 'grad_norm': 0.2792024314403534, 'learning_rate': 0.0008966311304585559, 'epoch': 0.23}
{'loss': 3.1884, 'grad_norm': 0.27550533413887024, 'learning_rate': 0.0008965096478989856, 'epoch': 0.23}
{'loss': 3.0446, 'grad_norm': 0.2691202759742737, 'learning_rate': 0.0008963881022360713, 'epoch': 0.23}
{'loss': 3.1667, 'grad_norm': 0.31219878792762756, 'learning_rate': 0.0008962664934891567, 'epoch': 0.23}
{'loss': 3.0421, 'grad_norm': 0.2872655391693115, 'learning_rate': 0.0008961448216775954, 'epoch': 0.23}
{'loss': 2.9513, 'grad_norm': 0.28482404351234436, 'learning_rate': 0.0008960230868207511, 'epoch': 0.23}
{'loss': 2.9531, 'grad_norm': 0.2779228389263153, 'learning_rate': 0.0008959012889379978, 'epoch': 0.23}
{'loss': 3.0797, 'grad_norm': 0.30076393485069275, 'learning_rate': 0.0008957794280487191, 'epoch': 0.23}
{'loss': 3.1355, 'grad_norm': 0.31715574860572815, 'learning_rate': 0.0008956575041723087, 'epoch': 0.23}
{'loss': 3.1115, 'grad_norm': 0.26470935344696045, 'learning_rate': 0.0008955355173281707, 'epoch': 0.23}
{'loss': 3.0258, 'grad_norm': 0.29037314653396606, 'learning_rate': 0.0008954134675357187, 'epoch': 0.23}
{'loss': 3.1304, 'grad_norm': 0.26796260476112366, 'learning_rate': 0.0008952913548143765, 'epoch': 0.23}
{'loss': 2.9425, 'grad_norm': 0.2803206145763397, 'learning_rate': 0.0008951691791835783, 'epoch': 0.23}
{'loss': 2.9352, 'grad_norm': 0.271845281124115, 'learning_rate': 0.0008950469406627677, 'epoch': 0.23}
{'loss': 3.0671, 'grad_norm': 0.2562667727470398, 'learning_rate': 0.0008949246392713987, 'epoch': 0.23}
{'loss': 3.0102, 'grad_norm': 0.2618366777896881, 'learning_rate': 0.0008948022750289353, 'epoch': 0.23}
{'loss': 3.1183, 'grad_norm': 0.27085205912590027, 'learning_rate': 0.0008946798479548512, 'epoch': 0.23}
{'loss': 3.0087, 'grad_norm': 0.2741774618625641, 'learning_rate': 0.0008945573580686306, 'epoch': 0.23}
{'loss': 3.2485, 'grad_norm': 0.27683886885643005, 'learning_rate': 0.0008944348053897671, 'epoch': 0.23}
{'loss': 2.9594, 'grad_norm': 0.2821006774902344, 'learning_rate': 0.0008943121899377648, 'epoch': 0.23}
{'loss': 2.9912, 'grad_norm': 0.3102683424949646, 'learning_rate': 0.0008941895117321374, 'epoch': 0.23}
{'loss': 3.1394, 'grad_norm': 0.2560698091983795, 'learning_rate': 0.0008940667707924092, 'epoch': 0.23}
{'loss': 3.1246, 'grad_norm': 0.29526594281196594, 'learning_rate': 0.0008939439671381135, 'epoch': 0.23}
{'loss': 3.0646, 'grad_norm': 0.2739330232143402, 'learning_rate': 0.0008938211007887947, 'epoch': 0.23}
{'loss': 3.1657, 'grad_norm': 0.2882499396800995, 'learning_rate': 0.0008936981717640061, 'epoch': 0.24}
{'loss': 2.9528, 'grad_norm': 0.26695501804351807, 'learning_rate': 0.0008935751800833116, 'epoch': 0.24}
{'loss': 3.0777, 'grad_norm': 0.29258447885513306, 'learning_rate': 0.0008934521257662852, 'epoch': 0.24}
{'loss': 3.0251, 'grad_norm': 0.2746759355068207, 'learning_rate': 0.0008933290088325106, 'epoch': 0.24}
{'loss': 3.2555, 'grad_norm': 0.31763091683387756, 'learning_rate': 0.0008932058293015813, 'epoch': 0.24}
{'loss': 3.073, 'grad_norm': 0.28784534335136414, 'learning_rate': 0.0008930825871931012, 'epoch': 0.24}
{'loss': 3.0495, 'grad_norm': 0.27027878165245056, 'learning_rate': 0.0008929592825266837, 'epoch': 0.24}
{'loss': 3.1056, 'grad_norm': 0.2996213734149933, 'learning_rate': 0.0008928359153219524, 'epoch': 0.24}
{'loss': 2.9956, 'grad_norm': 0.30479496717453003, 'learning_rate': 0.0008927124855985409, 'epoch': 0.24}
{'loss': 2.9068, 'grad_norm': 0.37120336294174194, 'learning_rate': 0.0008925889933760928, 'epoch': 0.24}
{'loss': 3.1407, 'grad_norm': 0.2833830714225769, 'learning_rate': 0.0008924654386742613, 'epoch': 0.24}
{'loss': 2.9914, 'grad_norm': 0.26376980543136597, 'learning_rate': 0.0008923418215127098, 'epoch': 0.24}
{'loss': 2.9414, 'grad_norm': 0.2931211292743683, 'learning_rate': 0.0008922181419111117, 'epoch': 0.24}
{'loss': 2.9709, 'grad_norm': 0.2511356472969055, 'learning_rate': 0.0008920943998891503, 'epoch': 0.24}
{'loss': 2.9161, 'grad_norm': 0.2652240991592407, 'learning_rate': 0.0008919705954665187, 'epoch': 0.24}
{'loss': 2.8983, 'grad_norm': 0.2818226218223572, 'learning_rate': 0.0008918467286629199, 'epoch': 0.24}
{'loss': 3.0471, 'grad_norm': 0.2965524196624756, 'learning_rate': 0.0008917227994980671, 'epoch': 0.24}
{'loss': 2.98, 'grad_norm': 0.2883853614330292, 'learning_rate': 0.0008915988079916833, 'epoch': 0.24}
{'loss': 3.1575, 'grad_norm': 0.31210777163505554, 'learning_rate': 0.0008914747541635011, 'epoch': 0.24}
{'loss': 2.9566, 'grad_norm': 0.2836364209651947, 'learning_rate': 0.0008913506380332634, 'epoch': 0.24}
{'loss': 3.0859, 'grad_norm': 0.2918350398540497, 'learning_rate': 0.0008912264596207233, 'epoch': 0.24}
{'loss': 3.104, 'grad_norm': 0.28258565068244934, 'learning_rate': 0.0008911022189456429, 'epoch': 0.24}
{'loss': 3.0643, 'grad_norm': 0.27057820558547974, 'learning_rate': 0.0008909779160277951, 'epoch': 0.24}
{'loss': 2.9504, 'grad_norm': 0.2604013681411743, 'learning_rate': 0.0008908535508869622, 'epoch': 0.24}
{'loss': 3.1198, 'grad_norm': 0.30024945735931396, 'learning_rate': 0.0008907291235429364, 'epoch': 0.24}
{'loss': 3.1154, 'grad_norm': 0.31364572048187256, 'learning_rate': 0.0008906046340155202, 'epoch': 0.24}
{'loss': 2.8924, 'grad_norm': 0.27892476320266724, 'learning_rate': 0.0008904800823245257, 'epoch': 0.24}
{'loss': 3.0524, 'grad_norm': 0.3008660078048706, 'learning_rate': 0.0008903554684897748, 'epoch': 0.24}
{'loss': 3.0611, 'grad_norm': 0.3006507158279419, 'learning_rate': 0.0008902307925310998, 'epoch': 0.24}
{'loss': 3.0997, 'grad_norm': 0.2581707835197449, 'learning_rate': 0.0008901060544683418, 'epoch': 0.24}
{'loss': 3.0635, 'grad_norm': 0.2750445604324341, 'learning_rate': 0.0008899812543213531, 'epoch': 0.24}
{'loss': 2.9535, 'grad_norm': 0.2654048502445221, 'learning_rate': 0.000889856392109995, 'epoch': 0.24}
{'loss': 2.9932, 'grad_norm': 0.2778857350349426, 'learning_rate': 0.0008897314678541393, 'epoch': 0.24}
{'loss': 2.937, 'grad_norm': 0.2784735858440399, 'learning_rate': 0.0008896064815736667, 'epoch': 0.24}
{'loss': 3.0139, 'grad_norm': 0.2726016938686371, 'learning_rate': 0.0008894814332884691, 'epoch': 0.24}
{'loss': 3.0827, 'grad_norm': 0.25498613715171814, 'learning_rate': 0.0008893563230184471, 'epoch': 0.24}
{'loss': 3.0256, 'grad_norm': 0.2612130045890808, 'learning_rate': 0.0008892311507835117, 'epoch': 0.24}
{'loss': 2.9923, 'grad_norm': 0.6386508941650391, 'learning_rate': 0.0008891059166035839, 'epoch': 0.24}
{'loss': 3.1804, 'grad_norm': 0.27486974000930786, 'learning_rate': 0.0008889806204985942, 'epoch': 0.24}
{'loss': 3.0115, 'grad_norm': 0.2817245423793793, 'learning_rate': 0.0008888552624884829, 'epoch': 0.24}
{'loss': 3.0301, 'grad_norm': 0.2876571714878082, 'learning_rate': 0.0008887298425932009, 'epoch': 0.24}
{'loss': 2.8891, 'grad_norm': 0.2855982780456543, 'learning_rate': 0.0008886043608327079, 'epoch': 0.24}
{'loss': 3.1729, 'grad_norm': 0.27618780732154846, 'learning_rate': 0.0008884788172269742, 'epoch': 0.24}
{'loss': 3.1686, 'grad_norm': 0.3049249053001404, 'learning_rate': 0.0008883532117959797, 'epoch': 0.24}
{'loss': 3.0994, 'grad_norm': 0.29330193996429443, 'learning_rate': 0.0008882275445597138, 'epoch': 0.24}
{'loss': 3.0166, 'grad_norm': 0.2725926339626312, 'learning_rate': 0.0008881018155381766, 'epoch': 0.24}
{'loss': 3.2215, 'grad_norm': 0.280049592256546, 'learning_rate': 0.000887976024751377, 'epoch': 0.24}
{'loss': 3.108, 'grad_norm': 0.2626519799232483, 'learning_rate': 0.0008878501722193347, 'epoch': 0.24}
{'loss': 3.1615, 'grad_norm': 0.30667388439178467, 'learning_rate': 0.0008877242579620786, 'epoch': 0.24}
{'loss': 3.1662, 'grad_norm': 0.2817676365375519, 'learning_rate': 0.0008875982819996473, 'epoch': 0.24}
{'loss': 3.0012, 'grad_norm': 0.2881653606891632, 'learning_rate': 0.0008874722443520898, 'epoch': 0.24}
{'loss': 3.1466, 'grad_norm': 0.28547734022140503, 'learning_rate': 0.0008873461450394646, 'epoch': 0.24}
{'loss': 3.1493, 'grad_norm': 0.2885904312133789, 'learning_rate': 0.0008872199840818401, 'epoch': 0.24}
{'loss': 3.0217, 'grad_norm': 0.2678219676017761, 'learning_rate': 0.000887093761499294, 'epoch': 0.24}
{'loss': 3.1923, 'grad_norm': 0.2789521813392639, 'learning_rate': 0.0008869674773119147, 'epoch': 0.24}
{'loss': 3.124, 'grad_norm': 0.29300278425216675, 'learning_rate': 0.0008868411315398, 'epoch': 0.24}
{'loss': 2.964, 'grad_norm': 0.2510569393634796, 'learning_rate': 0.0008867147242030572, 'epoch': 0.24}
{'loss': 3.1122, 'grad_norm': 0.2670445144176483, 'learning_rate': 0.0008865882553218036, 'epoch': 0.24}
{'loss': 3.0957, 'grad_norm': 0.27212852239608765, 'learning_rate': 0.0008864617249161667, 'epoch': 0.24}
{'loss': 2.9641, 'grad_norm': 0.27910515666007996, 'learning_rate': 0.0008863351330062832, 'epoch': 0.24}
{'loss': 2.9095, 'grad_norm': 0.2822546064853668, 'learning_rate': 0.0008862084796122997, 'epoch': 0.24}
{'loss': 2.9875, 'grad_norm': 0.27425992488861084, 'learning_rate': 0.000886081764754373, 'epoch': 0.24}
{'loss': 2.9626, 'grad_norm': 0.27315059304237366, 'learning_rate': 0.0008859549884526694, 'epoch': 0.24}
{'loss': 3.0568, 'grad_norm': 0.26915550231933594, 'learning_rate': 0.0008858281507273648, 'epoch': 0.24}
{'loss': 3.2039, 'grad_norm': 0.2917930483818054, 'learning_rate': 0.0008857012515986452, 'epoch': 0.24}
{'loss': 2.8753, 'grad_norm': 0.2892491817474365, 'learning_rate': 0.0008855742910867059, 'epoch': 0.24}
{'loss': 3.1259, 'grad_norm': 0.29979100823402405, 'learning_rate': 0.0008854472692117525, 'epoch': 0.24}
{'loss': 3.114, 'grad_norm': 0.2782754600048065, 'learning_rate': 0.0008853201859940005, 'epoch': 0.24}
{'loss': 3.1783, 'grad_norm': 0.3047323226928711, 'learning_rate': 0.0008851930414536742, 'epoch': 0.24}
{'loss': 3.0548, 'grad_norm': 0.2753203809261322, 'learning_rate': 0.0008850658356110088, 'epoch': 0.24}
{'loss': 2.978, 'grad_norm': 0.2996482253074646, 'learning_rate': 0.0008849385684862484, 'epoch': 0.24}
{'loss': 3.107, 'grad_norm': 0.26048097014427185, 'learning_rate': 0.0008848112400996473, 'epoch': 0.24}
{'loss': 3.0269, 'grad_norm': 0.25677308440208435, 'learning_rate': 0.0008846838504714693, 'epoch': 0.24}
{'loss': 2.9639, 'grad_norm': 0.28159433603286743, 'learning_rate': 0.0008845563996219885, 'epoch': 0.24}
{'loss': 3.0812, 'grad_norm': 0.2876897156238556, 'learning_rate': 0.0008844288875714881, 'epoch': 0.24}
{'loss': 3.125, 'grad_norm': 0.25357508659362793, 'learning_rate': 0.000884301314340261, 'epoch': 0.24}
{'loss': 3.0945, 'grad_norm': 0.28660914301872253, 'learning_rate': 0.0008841736799486105, 'epoch': 0.24}
{'loss': 2.9925, 'grad_norm': 0.273331880569458, 'learning_rate': 0.0008840459844168488, 'epoch': 0.24}
{'loss': 2.9955, 'grad_norm': 0.28397461771965027, 'learning_rate': 0.0008839182277652988, 'epoch': 0.24}
{'loss': 3.0473, 'grad_norm': 0.3000749945640564, 'learning_rate': 0.0008837904100142921, 'epoch': 0.24}
{'loss': 3.0605, 'grad_norm': 0.251677006483078, 'learning_rate': 0.0008836625311841711, 'epoch': 0.24}
{'loss': 3.1684, 'grad_norm': 0.29117336869239807, 'learning_rate': 0.0008835345912952866, 'epoch': 0.25}
{'loss': 3.1138, 'grad_norm': 0.2796975076198578, 'learning_rate': 0.0008834065903680005, 'epoch': 0.25}
{'loss': 2.9608, 'grad_norm': 0.2905868589878082, 'learning_rate': 0.0008832785284226835, 'epoch': 0.25}
{'loss': 3.1856, 'grad_norm': 0.2831905484199524, 'learning_rate': 0.0008831504054797162, 'epoch': 0.25}
{'loss': 2.9073, 'grad_norm': 0.2809317708015442, 'learning_rate': 0.000883022221559489, 'epoch': 0.25}
{'loss': 3.0825, 'grad_norm': 0.28028401732444763, 'learning_rate': 0.0008828939766824022, 'epoch': 0.25}
{'loss': 3.0457, 'grad_norm': 0.27949684858322144, 'learning_rate': 0.0008827656708688655, 'epoch': 0.25}
{'loss': 2.9658, 'grad_norm': 0.3054395318031311, 'learning_rate': 0.0008826373041392983, 'epoch': 0.25}
{'loss': 2.9257, 'grad_norm': 0.25076770782470703, 'learning_rate': 0.00088250887651413, 'epoch': 0.25}
{'loss': 3.0333, 'grad_norm': 0.27900996804237366, 'learning_rate': 0.0008823803880137993, 'epoch': 0.25}
{'loss': 3.0835, 'grad_norm': 0.297628790140152, 'learning_rate': 0.0008822518386587546, 'epoch': 0.25}
{'loss': 2.9692, 'grad_norm': 0.2764836251735687, 'learning_rate': 0.0008821232284694545, 'epoch': 0.25}
{'loss': 2.9763, 'grad_norm': 0.2987602651119232, 'learning_rate': 0.0008819945574663668, 'epoch': 0.25}
{'loss': 3.0685, 'grad_norm': 0.25316235423088074, 'learning_rate': 0.000881865825669969, 'epoch': 0.25}
{'loss': 3.1911, 'grad_norm': 0.28704315423965454, 'learning_rate': 0.0008817370331007487, 'epoch': 0.25}
{'loss': 3.117, 'grad_norm': 0.28515082597732544, 'learning_rate': 0.0008816081797792025, 'epoch': 0.25}
{'loss': 3.1543, 'grad_norm': 0.2873481214046478, 'learning_rate': 0.0008814792657258373, 'epoch': 0.25}
{'loss': 2.9417, 'grad_norm': 0.2793673574924469, 'learning_rate': 0.000881350290961169, 'epoch': 0.25}
{'loss': 3.0618, 'grad_norm': 0.26665982604026794, 'learning_rate': 0.000881221255505724, 'epoch': 0.25}
{'loss': 3.0437, 'grad_norm': 0.27308791875839233, 'learning_rate': 0.0008810921593800376, 'epoch': 0.25}
{'loss': 3.0962, 'grad_norm': 0.28036707639694214, 'learning_rate': 0.0008809630026046553, 'epoch': 0.25}
{'loss': 3.062, 'grad_norm': 0.26360180974006653, 'learning_rate': 0.000880833785200132, 'epoch': 0.25}
{'loss': 2.9142, 'grad_norm': 0.28392866253852844, 'learning_rate': 0.0008807045071870321, 'epoch': 0.25}
{'loss': 3.073, 'grad_norm': 0.26549577713012695, 'learning_rate': 0.0008805751685859298, 'epoch': 0.25}
{'loss': 2.992, 'grad_norm': 0.2674558758735657, 'learning_rate': 0.0008804457694174093, 'epoch': 0.25}
{'loss': 3.0898, 'grad_norm': 0.2788606584072113, 'learning_rate': 0.0008803163097020637, 'epoch': 0.25}
{'loss': 3.1059, 'grad_norm': 0.3355101943016052, 'learning_rate': 0.0008801867894604962, 'epoch': 0.25}
{'loss': 3.0247, 'grad_norm': 0.2695958912372589, 'learning_rate': 0.0008800572087133198, 'epoch': 0.25}
{'loss': 2.9846, 'grad_norm': 0.2790941596031189, 'learning_rate': 0.0008799275674811569, 'epoch': 0.25}
{'loss': 3.1679, 'grad_norm': 0.2911972403526306, 'learning_rate': 0.0008797978657846391, 'epoch': 0.25}
{'loss': 3.0462, 'grad_norm': 0.2821999192237854, 'learning_rate': 0.0008796681036444084, 'epoch': 0.25}
{'loss': 3.0424, 'grad_norm': 0.28894299268722534, 'learning_rate': 0.000879538281081116, 'epoch': 0.25}
{'loss': 2.9771, 'grad_norm': 0.26964470744132996, 'learning_rate': 0.0008794083981154228, 'epoch': 0.25}
{'loss': 2.9066, 'grad_norm': 0.24995119869709015, 'learning_rate': 0.0008792784547679991, 'epoch': 0.25}
{'loss': 3.0349, 'grad_norm': 0.2817233204841614, 'learning_rate': 0.0008791484510595253, 'epoch': 0.25}
{'loss': 3.0587, 'grad_norm': 0.2730095088481903, 'learning_rate': 0.0008790183870106909, 'epoch': 0.25}
{'loss': 3.1164, 'grad_norm': 0.259697824716568, 'learning_rate': 0.0008788882626421953, 'epoch': 0.25}
{'loss': 3.0543, 'grad_norm': 0.29367804527282715, 'learning_rate': 0.0008787580779747475, 'epoch': 0.25}
{'loss': 2.9606, 'grad_norm': 0.27854272723197937, 'learning_rate': 0.0008786278330290656, 'epoch': 0.25}
{'loss': 3.0286, 'grad_norm': 0.26926541328430176, 'learning_rate': 0.0008784975278258782, 'epoch': 0.25}
{'loss': 3.1029, 'grad_norm': 0.27149584889411926, 'learning_rate': 0.0008783671623859229, 'epoch': 0.25}
{'loss': 3.0726, 'grad_norm': 0.27402856945991516, 'learning_rate': 0.0008782367367299465, 'epoch': 0.25}
{'loss': 2.9918, 'grad_norm': 0.24493135511875153, 'learning_rate': 0.0008781062508787064, 'epoch': 0.25}
{'loss': 2.9841, 'grad_norm': 0.27290818095207214, 'learning_rate': 0.0008779757048529689, 'epoch': 0.25}
{'loss': 3.0928, 'grad_norm': 0.28061965107917786, 'learning_rate': 0.0008778450986735099, 'epoch': 0.25}
{'loss': 2.8291, 'grad_norm': 0.2553640305995941, 'learning_rate': 0.000877714432361115, 'epoch': 0.25}
{'loss': 3.0467, 'grad_norm': 0.26835429668426514, 'learning_rate': 0.0008775837059365795, 'epoch': 0.25}
{'loss': 3.1416, 'grad_norm': 0.29261988401412964, 'learning_rate': 0.0008774529194207081, 'epoch': 0.25}
{'loss': 3.0874, 'grad_norm': 0.29598021507263184, 'learning_rate': 0.000877322072834315, 'epoch': 0.25}
{'loss': 3.1151, 'grad_norm': 0.2660149931907654, 'learning_rate': 0.0008771911661982241, 'epoch': 0.25}
{'loss': 3.0466, 'grad_norm': 0.29131028056144714, 'learning_rate': 0.0008770601995332686, 'epoch': 0.25}
{'loss': 3.2104, 'grad_norm': 0.2835851013660431, 'learning_rate': 0.0008769291728602919, 'epoch': 0.25}
{'loss': 2.9442, 'grad_norm': 0.29974231123924255, 'learning_rate': 0.0008767980862001461, 'epoch': 0.25}
{'loss': 2.918, 'grad_norm': 0.25915592908859253, 'learning_rate': 0.0008766669395736935, 'epoch': 0.25}
{'loss': 3.1061, 'grad_norm': 0.28469428420066833, 'learning_rate': 0.0008765357330018055, 'epoch': 0.25}
{'loss': 2.9637, 'grad_norm': 0.2591160833835602, 'learning_rate': 0.0008764044665053634, 'epoch': 0.25}
{'loss': 2.9964, 'grad_norm': 0.2583664357662201, 'learning_rate': 0.0008762731401052578, 'epoch': 0.25}
{'loss': 3.0099, 'grad_norm': 0.251533180475235, 'learning_rate': 0.000876141753822389, 'epoch': 0.25}
{'loss': 3.1042, 'grad_norm': 0.2761856019496918, 'learning_rate': 0.0008760103076776666, 'epoch': 0.25}
{'loss': 3.0844, 'grad_norm': 0.2869773209095001, 'learning_rate': 0.00087587880169201, 'epoch': 0.25}
{'loss': 3.1489, 'grad_norm': 0.2581290304660797, 'learning_rate': 0.0008757472358863481, 'epoch': 0.25}
{'loss': 3.1547, 'grad_norm': 0.2589516043663025, 'learning_rate': 0.0008756156102816188, 'epoch': 0.25}
{'loss': 2.9828, 'grad_norm': 0.28306102752685547, 'learning_rate': 0.0008754839248987702, 'epoch': 0.25}
{'loss': 3.0168, 'grad_norm': 0.24823202192783356, 'learning_rate': 0.0008753521797587598, 'epoch': 0.25}
{'loss': 3.0176, 'grad_norm': 0.2724360525608063, 'learning_rate': 0.0008752203748825542, 'epoch': 0.25}
{'loss': 3.1006, 'grad_norm': 0.26129478216171265, 'learning_rate': 0.0008750885102911298, 'epoch': 0.25}
{'loss': 3.2115, 'grad_norm': 0.27328330278396606, 'learning_rate': 0.0008749565860054724, 'epoch': 0.25}
{'loss': 2.9603, 'grad_norm': 0.2844496965408325, 'learning_rate': 0.0008748246020465776, 'epoch': 0.25}
{'loss': 3.0332, 'grad_norm': 0.29831722378730774, 'learning_rate': 0.00087469255843545, 'epoch': 0.25}
{'loss': 2.9434, 'grad_norm': 0.2969236373901367, 'learning_rate': 0.0008745604551931042, 'epoch': 0.25}
{'loss': 3.0483, 'grad_norm': 0.2852754592895508, 'learning_rate': 0.0008744282923405638, 'epoch': 0.25}
{'loss': 3.0857, 'grad_norm': 0.28139206767082214, 'learning_rate': 0.0008742960698988621, 'epoch': 0.25}
{'loss': 3.05, 'grad_norm': 0.27985361218452454, 'learning_rate': 0.0008741637878890423, 'epoch': 0.25}
{'loss': 2.9908, 'grad_norm': 0.2548128366470337, 'learning_rate': 0.0008740314463321563, 'epoch': 0.25}
{'loss': 3.0991, 'grad_norm': 0.27538594603538513, 'learning_rate': 0.000873899045249266, 'epoch': 0.25}
{'loss': 2.9494, 'grad_norm': 0.27527695894241333, 'learning_rate': 0.0008737665846614426, 'epoch': 0.25}
{'loss': 3.0593, 'grad_norm': 0.2583690583705902, 'learning_rate': 0.000873634064589767, 'epoch': 0.25}
{'loss': 3.0341, 'grad_norm': 0.27131184935569763, 'learning_rate': 0.0008735014850553291, 'epoch': 0.25}
{'loss': 2.9652, 'grad_norm': 0.2925451099872589, 'learning_rate': 0.0008733688460792288, 'epoch': 0.25}
{'loss': 3.0121, 'grad_norm': 0.2979651689529419, 'learning_rate': 0.000873236147682575, 'epoch': 0.25}
{'loss': 3.1625, 'grad_norm': 0.2715021073818207, 'learning_rate': 0.0008731033898864866, 'epoch': 0.25}
{'loss': 3.0918, 'grad_norm': 0.2723292410373688, 'learning_rate': 0.0008729705727120911, 'epoch': 0.26}
{'loss': 3.0283, 'grad_norm': 0.284913569688797, 'learning_rate': 0.0008728376961805262, 'epoch': 0.26}
{'loss': 2.9182, 'grad_norm': 0.29042914509773254, 'learning_rate': 0.000872704760312939, 'epoch': 0.26}
{'loss': 2.9335, 'grad_norm': 0.3107261061668396, 'learning_rate': 0.0008725717651304856, 'epoch': 0.26}
{'loss': 2.8486, 'grad_norm': 0.28054529428482056, 'learning_rate': 0.0008724387106543319, 'epoch': 0.26}
{'loss': 2.9419, 'grad_norm': 0.245474174618721, 'learning_rate': 0.0008723055969056531, 'epoch': 0.26}
{'loss': 3.0913, 'grad_norm': 0.2844080626964569, 'learning_rate': 0.0008721724239056338, 'epoch': 0.26}
{'loss': 3.0388, 'grad_norm': 0.25455617904663086, 'learning_rate': 0.0008720391916754683, 'epoch': 0.26}
{'loss': 2.9001, 'grad_norm': 0.2732236981391907, 'learning_rate': 0.0008719059002363598, 'epoch': 0.26}
{'loss': 3.0594, 'grad_norm': 0.26500841975212097, 'learning_rate': 0.0008717725496095217, 'epoch': 0.26}
{'loss': 3.1414, 'grad_norm': 0.276427686214447, 'learning_rate': 0.0008716391398161758, 'epoch': 0.26}
{'loss': 2.9951, 'grad_norm': 0.26556888222694397, 'learning_rate': 0.0008715056708775542, 'epoch': 0.26}
{'loss': 3.0253, 'grad_norm': 0.26453697681427, 'learning_rate': 0.0008713721428148982, 'epoch': 0.26}
{'loss': 3.1962, 'grad_norm': 0.2633698284626007, 'learning_rate': 0.000871238555649458, 'epoch': 0.26}
{'loss': 2.9902, 'grad_norm': 0.23464880883693695, 'learning_rate': 0.0008711049094024941, 'epoch': 0.26}
{'loss': 3.1308, 'grad_norm': 0.2698163688182831, 'learning_rate': 0.0008709712040952755, 'epoch': 0.26}
{'loss': 3.0148, 'grad_norm': 0.27624332904815674, 'learning_rate': 0.0008708374397490812, 'epoch': 0.26}
{'loss': 3.0947, 'grad_norm': 0.28031763434410095, 'learning_rate': 0.0008707036163851992, 'epoch': 0.26}
{'loss': 3.0603, 'grad_norm': 0.2686849534511566, 'learning_rate': 0.0008705697340249275, 'epoch': 0.26}
{'loss': 3.0995, 'grad_norm': 0.26730117201805115, 'learning_rate': 0.0008704357926895728, 'epoch': 0.26}
{'loss': 2.9127, 'grad_norm': 0.2510727345943451, 'learning_rate': 0.0008703017924004512, 'epoch': 0.26}
{'loss': 3.0173, 'grad_norm': 0.2848813831806183, 'learning_rate': 0.000870167733178889, 'epoch': 0.26}
{'loss': 3.1998, 'grad_norm': 0.27452242374420166, 'learning_rate': 0.0008700336150462212, 'epoch': 0.26}
{'loss': 3.0921, 'grad_norm': 0.257546067237854, 'learning_rate': 0.000869899438023792, 'epoch': 0.26}
{'loss': 3.1336, 'grad_norm': 0.26448768377304077, 'learning_rate': 0.0008697652021329557, 'epoch': 0.26}
{'loss': 3.0806, 'grad_norm': 0.2665264308452606, 'learning_rate': 0.000869630907395075, 'epoch': 0.26}
{'loss': 3.0102, 'grad_norm': 0.27636149525642395, 'learning_rate': 0.0008694965538315232, 'epoch': 0.26}
{'loss': 3.1623, 'grad_norm': 0.2931201159954071, 'learning_rate': 0.0008693621414636816, 'epoch': 0.26}
{'loss': 3.0132, 'grad_norm': 0.25859734416007996, 'learning_rate': 0.0008692276703129421, 'epoch': 0.26}
{'loss': 3.1132, 'grad_norm': 0.27752846479415894, 'learning_rate': 0.0008690931404007048, 'epoch': 0.26}
{'loss': 3.3257, 'grad_norm': 0.2917623221874237, 'learning_rate': 0.0008689585517483802, 'epoch': 0.26}
{'loss': 3.2174, 'grad_norm': 0.2746834456920624, 'learning_rate': 0.0008688239043773877, 'epoch': 0.26}
{'loss': 3.0422, 'grad_norm': 0.2664676904678345, 'learning_rate': 0.0008686891983091558, 'epoch': 0.26}
{'loss': 3.0402, 'grad_norm': 0.2431885004043579, 'learning_rate': 0.0008685544335651225, 'epoch': 0.26}
{'loss': 2.9344, 'grad_norm': 0.27756449580192566, 'learning_rate': 0.0008684196101667357, 'epoch': 0.26}
{'loss': 3.1091, 'grad_norm': 0.2594525218009949, 'learning_rate': 0.0008682847281354517, 'epoch': 0.26}
{'loss': 3.0056, 'grad_norm': 0.2597433626651764, 'learning_rate': 0.0008681497874927366, 'epoch': 0.26}
{'loss': 2.9472, 'grad_norm': 0.2570160925388336, 'learning_rate': 0.000868014788260066, 'epoch': 0.26}
{'loss': 3.0377, 'grad_norm': 0.24763613939285278, 'learning_rate': 0.0008678797304589246, 'epoch': 0.26}
{'loss': 2.9613, 'grad_norm': 0.2542223632335663, 'learning_rate': 0.0008677446141108062, 'epoch': 0.26}
{'loss': 2.9661, 'grad_norm': 0.25901591777801514, 'learning_rate': 0.0008676094392372145, 'epoch': 0.26}
{'loss': 3.2007, 'grad_norm': 0.27397990226745605, 'learning_rate': 0.000867474205859662, 'epoch': 0.26}
{'loss': 3.0777, 'grad_norm': 0.2703469395637512, 'learning_rate': 0.0008673389139996708, 'epoch': 0.26}
{'loss': 3.1712, 'grad_norm': 0.30218610167503357, 'learning_rate': 0.000867203563678772, 'epoch': 0.26}
{'loss': 2.9354, 'grad_norm': 0.2647387683391571, 'learning_rate': 0.0008670681549185064, 'epoch': 0.26}
{'loss': 3.1014, 'grad_norm': 0.2836766541004181, 'learning_rate': 0.000866932687740424, 'epoch': 0.26}
{'loss': 2.9999, 'grad_norm': 0.2747635841369629, 'learning_rate': 0.0008667971621660837, 'epoch': 0.26}
{'loss': 2.9892, 'grad_norm': 0.2891741693019867, 'learning_rate': 0.0008666615782170541, 'epoch': 0.26}
{'loss': 3.0953, 'grad_norm': 0.28200629353523254, 'learning_rate': 0.0008665259359149131, 'epoch': 0.26}
{'loss': 2.8752, 'grad_norm': 0.30324962735176086, 'learning_rate': 0.0008663902352812478, 'epoch': 0.26}
{'loss': 2.99, 'grad_norm': 0.26084423065185547, 'learning_rate': 0.0008662544763376544, 'epoch': 0.26}
{'loss': 3.104, 'grad_norm': 0.2851492464542389, 'learning_rate': 0.0008661186591057387, 'epoch': 0.26}
{'loss': 2.8759, 'grad_norm': 0.26144811511039734, 'learning_rate': 0.0008659827836071153, 'epoch': 0.26}
{'loss': 3.1325, 'grad_norm': 0.2764072120189667, 'learning_rate': 0.0008658468498634088, 'epoch': 0.26}
{'loss': 3.077, 'grad_norm': 0.2739713490009308, 'learning_rate': 0.0008657108578962524, 'epoch': 0.26}
{'loss': 3.0057, 'grad_norm': 0.26124948263168335, 'learning_rate': 0.0008655748077272888, 'epoch': 0.26}
{'loss': 2.9678, 'grad_norm': 0.24871273338794708, 'learning_rate': 0.0008654386993781702, 'epoch': 0.26}
{'loss': 3.077, 'grad_norm': 0.29967233538627625, 'learning_rate': 0.0008653025328705574, 'epoch': 0.26}
{'loss': 3.084, 'grad_norm': 0.27287033200263977, 'learning_rate': 0.0008651663082261216, 'epoch': 0.26}
{'loss': 3.0397, 'grad_norm': 0.242000013589859, 'learning_rate': 0.000865030025466542, 'epoch': 0.26}
{'loss': 3.0035, 'grad_norm': 0.2661968171596527, 'learning_rate': 0.0008648936846135077, 'epoch': 0.26}
{'loss': 3.0765, 'grad_norm': 0.2861206531524658, 'learning_rate': 0.0008647572856887171, 'epoch': 0.26}
{'loss': 2.8971, 'grad_norm': 0.2716551125049591, 'learning_rate': 0.0008646208287138774, 'epoch': 0.26}
{'loss': 3.0129, 'grad_norm': 0.26096004247665405, 'learning_rate': 0.0008644843137107057, 'epoch': 0.26}
{'loss': 3.0316, 'grad_norm': 0.250911682844162, 'learning_rate': 0.0008643477407009278, 'epoch': 0.26}
{'loss': 3.0065, 'grad_norm': 0.2765977382659912, 'learning_rate': 0.0008642111097062788, 'epoch': 0.26}
{'loss': 2.9885, 'grad_norm': 0.27012190222740173, 'learning_rate': 0.0008640744207485031, 'epoch': 0.26}
{'loss': 2.9851, 'grad_norm': 0.2783266305923462, 'learning_rate': 0.0008639376738493547, 'epoch': 0.26}
{'loss': 2.9391, 'grad_norm': 0.27344271540641785, 'learning_rate': 0.000863800869030596, 'epoch': 0.26}
{'loss': 3.0827, 'grad_norm': 0.2729537785053253, 'learning_rate': 0.0008636640063139993, 'epoch': 0.26}
{'loss': 2.9872, 'grad_norm': 0.3057258427143097, 'learning_rate': 0.0008635270857213459, 'epoch': 0.26}
{'loss': 3.025, 'grad_norm': 0.26308774948120117, 'learning_rate': 0.0008633901072744263, 'epoch': 0.26}
{'loss': 3.0678, 'grad_norm': 0.2895231544971466, 'learning_rate': 0.0008632530709950403, 'epoch': 0.26}
{'loss': 2.9774, 'grad_norm': 0.2671259939670563, 'learning_rate': 0.0008631159769049966, 'epoch': 0.26}
{'loss': 3.1003, 'grad_norm': 0.267009437084198, 'learning_rate': 0.0008629788250261134, 'epoch': 0.26}
{'loss': 3.2743, 'grad_norm': 0.29307591915130615, 'learning_rate': 0.0008628416153802183, 'epoch': 0.26}
{'loss': 3.1424, 'grad_norm': 0.2796361446380615, 'learning_rate': 0.0008627043479891474, 'epoch': 0.26}
{'loss': 2.9664, 'grad_norm': 0.26411327719688416, 'learning_rate': 0.0008625670228747466, 'epoch': 0.26}
{'loss': 3.1413, 'grad_norm': 0.29915934801101685, 'learning_rate': 0.0008624296400588709, 'epoch': 0.26}
{'loss': 3.0098, 'grad_norm': 0.2997988164424896, 'learning_rate': 0.0008622921995633841, 'epoch': 0.26}
{'loss': 2.9644, 'grad_norm': 0.2773786187171936, 'learning_rate': 0.0008621547014101597, 'epoch': 0.26}
{'loss': 3.1606, 'grad_norm': 0.2994447946548462, 'learning_rate': 0.0008620171456210799, 'epoch': 0.27}
{'loss': 3.1687, 'grad_norm': 0.2627602219581604, 'learning_rate': 0.0008618795322180366, 'epoch': 0.27}
{'loss': 2.9456, 'grad_norm': 0.2977413237094879, 'learning_rate': 0.0008617418612229303, 'epoch': 0.27}
{'loss': 3.0341, 'grad_norm': 0.2973175644874573, 'learning_rate': 0.0008616041326576711, 'epoch': 0.27}
{'loss': 3.0136, 'grad_norm': 0.2880712151527405, 'learning_rate': 0.0008614663465441779, 'epoch': 0.27}
{'loss': 3.0124, 'grad_norm': 0.3023838996887207, 'learning_rate': 0.0008613285029043791, 'epoch': 0.27}
{'loss': 3.0264, 'grad_norm': 0.27838197350502014, 'learning_rate': 0.000861190601760212, 'epoch': 0.27}
{'loss': 2.9433, 'grad_norm': 0.2609919607639313, 'learning_rate': 0.0008610526431336235, 'epoch': 0.27}
{'loss': 2.9527, 'grad_norm': 0.27090224623680115, 'learning_rate': 0.0008609146270465688, 'epoch': 0.27}
{'loss': 3.0833, 'grad_norm': 0.2823076546192169, 'learning_rate': 0.000860776553521013, 'epoch': 0.27}
{'loss': 2.9255, 'grad_norm': 0.2928374409675598, 'learning_rate': 0.0008606384225789303, 'epoch': 0.27}
{'loss': 3.0826, 'grad_norm': 0.2832236588001251, 'learning_rate': 0.0008605002342423036, 'epoch': 0.27}
{'loss': 2.9225, 'grad_norm': 0.2880728840827942, 'learning_rate': 0.0008603619885331251, 'epoch': 0.27}
{'loss': 3.1714, 'grad_norm': 0.2692450284957886, 'learning_rate': 0.0008602236854733963, 'epoch': 0.27}
{'loss': 2.9925, 'grad_norm': 0.27732419967651367, 'learning_rate': 0.0008600853250851277, 'epoch': 0.27}
{'loss': 3.165, 'grad_norm': 0.2965550720691681, 'learning_rate': 0.0008599469073903391, 'epoch': 0.27}
{'loss': 3.0657, 'grad_norm': 0.271917462348938, 'learning_rate': 0.0008598084324110591, 'epoch': 0.27}
{'loss': 3.0502, 'grad_norm': 0.2774783670902252, 'learning_rate': 0.0008596699001693256, 'epoch': 0.27}
{'loss': 2.9897, 'grad_norm': 0.24487821757793427, 'learning_rate': 0.0008595313106871856, 'epoch': 0.27}
{'loss': 3.0883, 'grad_norm': 0.2730255424976349, 'learning_rate': 0.0008593926639866953, 'epoch': 0.27}
{'loss': 3.1032, 'grad_norm': 0.26179710030555725, 'learning_rate': 0.0008592539600899198, 'epoch': 0.27}
{'loss': 3.1011, 'grad_norm': 0.26590296626091003, 'learning_rate': 0.0008591151990189336, 'epoch': 0.27}
{'loss': 3.0158, 'grad_norm': 0.2653082609176636, 'learning_rate': 0.0008589763807958199, 'epoch': 0.27}
{'loss': 3.0298, 'grad_norm': 0.24887989461421967, 'learning_rate': 0.0008588375054426712, 'epoch': 0.27}
{'loss': 3.0239, 'grad_norm': 0.25651872158050537, 'learning_rate': 0.0008586985729815893, 'epoch': 0.27}
{'loss': 2.9931, 'grad_norm': 0.25787797570228577, 'learning_rate': 0.0008585595834346847, 'epoch': 0.27}
{'loss': 3.0423, 'grad_norm': 0.2990725040435791, 'learning_rate': 0.0008584205368240775, 'epoch': 0.27}
{'loss': 3.0636, 'grad_norm': 0.2810904085636139, 'learning_rate': 0.0008582814331718962, 'epoch': 0.27}
{'loss': 3.0097, 'grad_norm': 0.25999292731285095, 'learning_rate': 0.0008581422725002787, 'epoch': 0.27}
{'loss': 3.1211, 'grad_norm': 0.2824573516845703, 'learning_rate': 0.0008580030548313724, 'epoch': 0.27}
{'loss': 3.1346, 'grad_norm': 0.28355810046195984, 'learning_rate': 0.000857863780187333, 'epoch': 0.27}
{'loss': 2.901, 'grad_norm': 0.30306991934776306, 'learning_rate': 0.0008577244485903259, 'epoch': 0.27}
{'loss': 3.011, 'grad_norm': 0.26015982031822205, 'learning_rate': 0.0008575850600625253, 'epoch': 0.27}
{'loss': 3.0015, 'grad_norm': 0.2670406997203827, 'learning_rate': 0.0008574456146261143, 'epoch': 0.27}
{'loss': 2.9808, 'grad_norm': 0.28377577662467957, 'learning_rate': 0.0008573061123032853, 'epoch': 0.27}
{'loss': 2.9978, 'grad_norm': 0.30381760001182556, 'learning_rate': 0.0008571665531162398, 'epoch': 0.27}
{'loss': 2.9968, 'grad_norm': 0.2893235981464386, 'learning_rate': 0.0008570269370871881, 'epoch': 0.27}
{'loss': 3.0337, 'grad_norm': 0.28179845213890076, 'learning_rate': 0.0008568872642383497, 'epoch': 0.27}
{'loss': 2.984, 'grad_norm': 0.2492675483226776, 'learning_rate': 0.0008567475345919532, 'epoch': 0.27}
{'loss': 3.0611, 'grad_norm': 0.2799392342567444, 'learning_rate': 0.0008566077481702362, 'epoch': 0.27}
{'loss': 3.0694, 'grad_norm': 0.25290974974632263, 'learning_rate': 0.000856467904995445, 'epoch': 0.27}
{'loss': 3.0552, 'grad_norm': 0.26761770248413086, 'learning_rate': 0.0008563280050898355, 'epoch': 0.27}
{'loss': 3.0782, 'grad_norm': 0.2680991590023041, 'learning_rate': 0.0008561880484756724, 'epoch': 0.27}
{'loss': 3.0928, 'grad_norm': 0.26016753911972046, 'learning_rate': 0.0008560480351752294, 'epoch': 0.27}
{'loss': 3.1283, 'grad_norm': 0.28082454204559326, 'learning_rate': 0.0008559079652107887, 'epoch': 0.27}
{'loss': 3.0788, 'grad_norm': 0.2772763967514038, 'learning_rate': 0.0008557678386046428, 'epoch': 0.27}
{'loss': 3.0399, 'grad_norm': 0.2915293872356415, 'learning_rate': 0.0008556276553790918, 'epoch': 0.27}
{'loss': 3.0494, 'grad_norm': 0.25552499294281006, 'learning_rate': 0.0008554874155564459, 'epoch': 0.27}
{'loss': 3.0616, 'grad_norm': 0.2741366922855377, 'learning_rate': 0.0008553471191590234, 'epoch': 0.27}
{'loss': 3.0655, 'grad_norm': 0.278398334980011, 'learning_rate': 0.0008552067662091524, 'epoch': 0.27}
{'loss': 3.0857, 'grad_norm': 0.2905009984970093, 'learning_rate': 0.0008550663567291697, 'epoch': 0.27}
{'loss': 3.0698, 'grad_norm': 0.2800399661064148, 'learning_rate': 0.0008549258907414207, 'epoch': 0.27}
{'loss': 3.0236, 'grad_norm': 0.2786993682384491, 'learning_rate': 0.0008547853682682604, 'epoch': 0.27}
{'loss': 3.0276, 'grad_norm': 0.27571991086006165, 'learning_rate': 0.0008546447893320527, 'epoch': 0.27}
{'loss': 3.1621, 'grad_norm': 0.27890217304229736, 'learning_rate': 0.00085450415395517, 'epoch': 0.27}
{'loss': 2.9221, 'grad_norm': 0.2802819013595581, 'learning_rate': 0.0008543634621599943, 'epoch': 0.27}
{'loss': 3.1792, 'grad_norm': 0.27963581681251526, 'learning_rate': 0.0008542227139689159, 'epoch': 0.27}
{'loss': 3.0999, 'grad_norm': 0.287300169467926, 'learning_rate': 0.0008540819094043348, 'epoch': 0.27}
{'loss': 2.9686, 'grad_norm': 0.29259803891181946, 'learning_rate': 0.0008539410484886595, 'epoch': 0.27}
{'loss': 3.0159, 'grad_norm': 0.28260016441345215, 'learning_rate': 0.0008538001312443077, 'epoch': 0.27}
{'loss': 3.0284, 'grad_norm': 0.3039531111717224, 'learning_rate': 0.0008536591576937057, 'epoch': 0.27}
{'loss': 2.9911, 'grad_norm': 0.30143457651138306, 'learning_rate': 0.0008535181278592894, 'epoch': 0.27}
{'loss': 2.893, 'grad_norm': 0.24153046309947968, 'learning_rate': 0.0008533770417635029, 'epoch': 0.27}
{'loss': 3.0705, 'grad_norm': 0.2900434732437134, 'learning_rate': 0.0008532358994288001, 'epoch': 0.27}
{'loss': 3.1457, 'grad_norm': 0.28887587785720825, 'learning_rate': 0.0008530947008776428, 'epoch': 0.27}
{'loss': 2.9862, 'grad_norm': 0.2863444685935974, 'learning_rate': 0.0008529534461325028, 'epoch': 0.27}
{'loss': 2.9265, 'grad_norm': 0.2368355542421341, 'learning_rate': 0.0008528121352158604, 'epoch': 0.27}
{'loss': 3.0363, 'grad_norm': 0.2880738079547882, 'learning_rate': 0.0008526707681502044, 'epoch': 0.27}
{'loss': 3.0299, 'grad_norm': 0.25691553950309753, 'learning_rate': 0.0008525293449580334, 'epoch': 0.27}
{'loss': 3.0883, 'grad_norm': 0.2576952576637268, 'learning_rate': 0.000852387865661854, 'epoch': 0.27}
{'loss': 3.067, 'grad_norm': 0.2767191529273987, 'learning_rate': 0.0008522463302841828, 'epoch': 0.27}
{'loss': 3.0374, 'grad_norm': 0.27041861414909363, 'learning_rate': 0.0008521047388475442, 'epoch': 0.27}
{'loss': 3.1028, 'grad_norm': 0.294575959444046, 'learning_rate': 0.0008519630913744725, 'epoch': 0.27}
{'loss': 3.2001, 'grad_norm': 0.29960373044013977, 'learning_rate': 0.0008518213878875102, 'epoch': 0.27}
{'loss': 3.1477, 'grad_norm': 0.2656616270542145, 'learning_rate': 0.0008516796284092089, 'epoch': 0.27}
{'loss': 3.0156, 'grad_norm': 0.30573341250419617, 'learning_rate': 0.0008515378129621297, 'epoch': 0.27}
{'loss': 3.0972, 'grad_norm': 0.2740544080734253, 'learning_rate': 0.0008513959415688415, 'epoch': 0.27}
{'loss': 3.1392, 'grad_norm': 0.2505939304828644, 'learning_rate': 0.0008512540142519232, 'epoch': 0.27}
{'loss': 3.06, 'grad_norm': 0.2672944664955139, 'learning_rate': 0.0008511120310339618, 'epoch': 0.27}
{'loss': 3.1306, 'grad_norm': 0.2777099907398224, 'learning_rate': 0.0008509699919375535, 'epoch': 0.27}
{'loss': 3.0595, 'grad_norm': 0.27672725915908813, 'learning_rate': 0.0008508278969853037, 'epoch': 0.27}
{'loss': 3.2126, 'grad_norm': 0.30913376808166504, 'learning_rate': 0.0008506857461998263, 'epoch': 0.28}
{'loss': 3.0129, 'grad_norm': 0.25690150260925293, 'learning_rate': 0.000850543539603744, 'epoch': 0.28}
{'loss': 3.1978, 'grad_norm': 0.2569890022277832, 'learning_rate': 0.0008504012772196885, 'epoch': 0.28}
{'loss': 3.1981, 'grad_norm': 0.2954489290714264, 'learning_rate': 0.0008502589590703009, 'epoch': 0.28}
{'loss': 3.0328, 'grad_norm': 0.2531992197036743, 'learning_rate': 0.0008501165851782302, 'epoch': 0.28}
{'loss': 2.8777, 'grad_norm': 0.2653958797454834, 'learning_rate': 0.0008499741555661351, 'epoch': 0.28}
{'loss': 2.9304, 'grad_norm': 0.2715934216976166, 'learning_rate': 0.0008498316702566827, 'epoch': 0.28}
{'loss': 2.8991, 'grad_norm': 0.28232985734939575, 'learning_rate': 0.0008496891292725493, 'epoch': 0.28}
{'loss': 3.1768, 'grad_norm': 0.2653754949569702, 'learning_rate': 0.0008495465326364195, 'epoch': 0.28}
{'loss': 2.9312, 'grad_norm': 0.2754918336868286, 'learning_rate': 0.0008494038803709876, 'epoch': 0.28}
{'loss': 3.1516, 'grad_norm': 0.27408671379089355, 'learning_rate': 0.0008492611724989561, 'epoch': 0.28}
{'loss': 3.0425, 'grad_norm': 0.24762392044067383, 'learning_rate': 0.0008491184090430364, 'epoch': 0.28}
{'loss': 3.149, 'grad_norm': 0.266537070274353, 'learning_rate': 0.0008489755900259491, 'epoch': 0.28}
{'loss': 3.0378, 'grad_norm': 0.2762385606765747, 'learning_rate': 0.0008488327154704231, 'epoch': 0.28}
{'loss': 2.9707, 'grad_norm': 0.2874118983745575, 'learning_rate': 0.0008486897853991971, 'epoch': 0.28}
{'loss': 2.9508, 'grad_norm': 0.275627076625824, 'learning_rate': 0.0008485467998350174, 'epoch': 0.28}
{'loss': 3.0356, 'grad_norm': 0.26668399572372437, 'learning_rate': 0.0008484037588006397, 'epoch': 0.28}
{'loss': 2.9011, 'grad_norm': 0.27024388313293457, 'learning_rate': 0.0008482606623188289, 'epoch': 0.28}
{'loss': 3.1421, 'grad_norm': 0.2917115390300751, 'learning_rate': 0.0008481175104123584, 'epoch': 0.28}
{'loss': 3.0357, 'grad_norm': 0.2547522485256195, 'learning_rate': 0.0008479743031040102, 'epoch': 0.28}
{'loss': 3.2311, 'grad_norm': 0.26962822675704956, 'learning_rate': 0.0008478310404165754, 'epoch': 0.28}
{'loss': 3.1827, 'grad_norm': 0.2769729197025299, 'learning_rate': 0.0008476877223728539, 'epoch': 0.28}
{'loss': 2.9713, 'grad_norm': 0.28076404333114624, 'learning_rate': 0.0008475443489956542, 'epoch': 0.28}
{'loss': 3.0382, 'grad_norm': 0.26330268383026123, 'learning_rate': 0.0008474009203077937, 'epoch': 0.28}
{'loss': 3.0505, 'grad_norm': 0.2898728847503662, 'learning_rate': 0.000847257436332099, 'epoch': 0.28}
{'loss': 2.9122, 'grad_norm': 0.24065576493740082, 'learning_rate': 0.0008471138970914048, 'epoch': 0.28}
{'loss': 3.0657, 'grad_norm': 0.3054022490978241, 'learning_rate': 0.0008469703026085551, 'epoch': 0.28}
{'loss': 2.9664, 'grad_norm': 0.2925780713558197, 'learning_rate': 0.0008468266529064025, 'epoch': 0.28}
{'loss': 3.0313, 'grad_norm': 0.289539098739624, 'learning_rate': 0.0008466829480078084, 'epoch': 0.28}
{'loss': 3.1104, 'grad_norm': 0.28844380378723145, 'learning_rate': 0.0008465391879356432, 'epoch': 0.28}
{'loss': 3.1725, 'grad_norm': 0.38575440645217896, 'learning_rate': 0.0008463953727127858, 'epoch': 0.28}
{'loss': 3.0327, 'grad_norm': 0.2696691155433655, 'learning_rate': 0.0008462515023621237, 'epoch': 0.28}
{'loss': 3.0579, 'grad_norm': 0.24561132490634918, 'learning_rate': 0.0008461075769065537, 'epoch': 0.28}
{'loss': 2.9898, 'grad_norm': 0.24096862971782684, 'learning_rate': 0.0008459635963689811, 'epoch': 0.28}
{'loss': 3.1492, 'grad_norm': 0.2869133949279785, 'learning_rate': 0.00084581956077232, 'epoch': 0.28}
{'loss': 2.9755, 'grad_norm': 0.29067090153694153, 'learning_rate': 0.0008456754701394934, 'epoch': 0.28}
{'loss': 3.1314, 'grad_norm': 0.3008666932582855, 'learning_rate': 0.0008455313244934324, 'epoch': 0.28}
{'loss': 2.9689, 'grad_norm': 0.2534417510032654, 'learning_rate': 0.0008453871238570778, 'epoch': 0.28}
{'loss': 2.9062, 'grad_norm': 0.29623204469680786, 'learning_rate': 0.0008452428682533783, 'epoch': 0.28}
{'loss': 3.2298, 'grad_norm': 0.28910937905311584, 'learning_rate': 0.0008450985577052923, 'epoch': 0.28}
{'loss': 3.1195, 'grad_norm': 0.2534661591053009, 'learning_rate': 0.0008449541922357861, 'epoch': 0.28}
{'loss': 3.0833, 'grad_norm': 0.2669878900051117, 'learning_rate': 0.0008448097718678349, 'epoch': 0.28}
{'loss': 2.9273, 'grad_norm': 0.26796042919158936, 'learning_rate': 0.000844665296624423, 'epoch': 0.28}
{'loss': 3.1299, 'grad_norm': 0.2693341076374054, 'learning_rate': 0.0008445207665285432, 'epoch': 0.28}
{'loss': 3.0857, 'grad_norm': 0.31636980175971985, 'learning_rate': 0.000844376181603197, 'epoch': 0.28}
{'loss': 3.015, 'grad_norm': 0.2670648694038391, 'learning_rate': 0.0008442315418713945, 'epoch': 0.28}
{'loss': 2.9057, 'grad_norm': 0.29365241527557373, 'learning_rate': 0.0008440868473561549, 'epoch': 0.28}
{'loss': 2.9484, 'grad_norm': 0.27283820509910583, 'learning_rate': 0.0008439420980805058, 'epoch': 0.28}
{'loss': 3.132, 'grad_norm': 0.30740416049957275, 'learning_rate': 0.0008437972940674838, 'epoch': 0.28}
{'loss': 3.0946, 'grad_norm': 0.29703065752983093, 'learning_rate': 0.0008436524353401338, 'epoch': 0.28}
{'loss': 3.0321, 'grad_norm': 0.2979698181152344, 'learning_rate': 0.0008435075219215096, 'epoch': 0.28}
{'loss': 3.0226, 'grad_norm': 0.26900792121887207, 'learning_rate': 0.000843362553834674, 'epoch': 0.28}
{'loss': 3.1831, 'grad_norm': 0.284044086933136, 'learning_rate': 0.0008432175311026981, 'epoch': 0.28}
{'loss': 3.163, 'grad_norm': 0.2876344621181488, 'learning_rate': 0.0008430724537486621, 'epoch': 0.28}
{'loss': 3.1457, 'grad_norm': 0.2755180299282074, 'learning_rate': 0.000842927321795654, 'epoch': 0.28}
{'loss': 2.9915, 'grad_norm': 0.2579241991043091, 'learning_rate': 0.0008427821352667718, 'epoch': 0.28}
{'loss': 3.0097, 'grad_norm': 0.2610528767108917, 'learning_rate': 0.0008426368941851211, 'epoch': 0.28}
{'loss': 3.0778, 'grad_norm': 0.27638545632362366, 'learning_rate': 0.0008424915985738168, 'epoch': 0.28}
{'loss': 3.1039, 'grad_norm': 0.25995931029319763, 'learning_rate': 0.0008423462484559821, 'epoch': 0.28}
{'loss': 3.1373, 'grad_norm': 0.2944403886795044, 'learning_rate': 0.0008422008438547493, 'epoch': 0.28}
{'loss': 2.9195, 'grad_norm': 0.27830517292022705, 'learning_rate': 0.0008420553847932588, 'epoch': 0.28}
{'loss': 2.9694, 'grad_norm': 0.25694772601127625, 'learning_rate': 0.00084190987129466, 'epoch': 0.28}
{'loss': 2.9606, 'grad_norm': 0.2637862265110016, 'learning_rate': 0.0008417643033821114, 'epoch': 0.28}
{'loss': 3.0937, 'grad_norm': 0.27999794483184814, 'learning_rate': 0.0008416186810787791, 'epoch': 0.28}
{'loss': 2.9446, 'grad_norm': 0.24977639317512512, 'learning_rate': 0.0008414730044078389, 'epoch': 0.28}
{'loss': 3.0187, 'grad_norm': 0.2893139719963074, 'learning_rate': 0.0008413272733924746, 'epoch': 0.28}
{'loss': 3.0687, 'grad_norm': 0.255157470703125, 'learning_rate': 0.000841181488055879, 'epoch': 0.28}
{'loss': 3.1031, 'grad_norm': 0.2792598605155945, 'learning_rate': 0.0008410356484212532, 'epoch': 0.28}
{'loss': 3.1016, 'grad_norm': 0.2750270962715149, 'learning_rate': 0.0008408897545118072, 'epoch': 0.28}
{'loss': 3.0321, 'grad_norm': 0.2953014075756073, 'learning_rate': 0.00084074380635076, 'epoch': 0.28}
{'loss': 3.0284, 'grad_norm': 0.26015791296958923, 'learning_rate': 0.0008405978039613383, 'epoch': 0.28}
{'loss': 3.028, 'grad_norm': 0.30739471316337585, 'learning_rate': 0.0008404517473667779, 'epoch': 0.28}
{'loss': 3.2203, 'grad_norm': 0.274699866771698, 'learning_rate': 0.0008403056365903237, 'epoch': 0.28}
{'loss': 2.9591, 'grad_norm': 0.25062820315361023, 'learning_rate': 0.0008401594716552287, 'epoch': 0.28}
{'loss': 3.0742, 'grad_norm': 0.28380343317985535, 'learning_rate': 0.0008400132525847544, 'epoch': 0.28}
{'loss': 2.9495, 'grad_norm': 0.28772100806236267, 'learning_rate': 0.0008398669794021712, 'epoch': 0.28}
{'loss': 3.0206, 'grad_norm': 0.2670217752456665, 'learning_rate': 0.0008397206521307583, 'epoch': 0.28}
{'loss': 3.0615, 'grad_norm': 0.269588440656662, 'learning_rate': 0.000839574270793803, 'epoch': 0.28}
{'loss': 2.9368, 'grad_norm': 0.26808127760887146, 'learning_rate': 0.0008394278354146014, 'epoch': 0.28}
{'loss': 3.0735, 'grad_norm': 0.2641949951648712, 'learning_rate': 0.0008392813460164585, 'epoch': 0.28}
{'loss': 3.1288, 'grad_norm': 0.28601858019828796, 'learning_rate': 0.0008391348026226876, 'epoch': 0.28}
{'loss': 3.0883, 'grad_norm': 0.27305421233177185, 'learning_rate': 0.0008389882052566105, 'epoch': 0.29}
{'loss': 3.165, 'grad_norm': 0.2749594748020172, 'learning_rate': 0.0008388415539415578, 'epoch': 0.29}
{'loss': 3.0968, 'grad_norm': 0.27380821108818054, 'learning_rate': 0.0008386948487008687, 'epoch': 0.29}
{'loss': 3.0984, 'grad_norm': 0.26094767451286316, 'learning_rate': 0.0008385480895578909, 'epoch': 0.29}
{'loss': 3.0168, 'grad_norm': 0.2508866786956787, 'learning_rate': 0.0008384012765359805, 'epoch': 0.29}
{'loss': 3.1795, 'grad_norm': 0.27574729919433594, 'learning_rate': 0.0008382544096585026, 'epoch': 0.29}
{'loss': 2.9229, 'grad_norm': 0.281633585691452, 'learning_rate': 0.0008381074889488305, 'epoch': 0.29}
{'loss': 3.0704, 'grad_norm': 0.25172314047813416, 'learning_rate': 0.0008379605144303464, 'epoch': 0.29}
{'loss': 2.907, 'grad_norm': 0.27082139253616333, 'learning_rate': 0.0008378134861264406, 'epoch': 0.29}
{'loss': 3.1285, 'grad_norm': 0.24844303727149963, 'learning_rate': 0.0008376664040605122, 'epoch': 0.29}
{'loss': 3.0153, 'grad_norm': 0.26574939489364624, 'learning_rate': 0.0008375192682559691, 'epoch': 0.29}
{'loss': 3.0009, 'grad_norm': 0.24926741421222687, 'learning_rate': 0.0008373720787362276, 'epoch': 0.29}
{'loss': 3.0264, 'grad_norm': 0.2606399655342102, 'learning_rate': 0.000837224835524712, 'epoch': 0.29}
{'loss': 3.017, 'grad_norm': 0.25066956877708435, 'learning_rate': 0.0008370775386448561, 'epoch': 0.29}
{'loss': 3.1278, 'grad_norm': 0.26115912199020386, 'learning_rate': 0.0008369301881201017, 'epoch': 0.29}
{'loss': 3.0624, 'grad_norm': 0.2619720697402954, 'learning_rate': 0.0008367827839738988, 'epoch': 0.29}
{'loss': 3.0868, 'grad_norm': 0.26678934693336487, 'learning_rate': 0.0008366353262297068, 'epoch': 0.29}
{'loss': 2.9767, 'grad_norm': 0.2700558006763458, 'learning_rate': 0.0008364878149109931, 'epoch': 0.29}
{'loss': 3.1074, 'grad_norm': 0.25963127613067627, 'learning_rate': 0.0008363402500412336, 'epoch': 0.29}
{'loss': 3.1446, 'grad_norm': 0.2809711992740631, 'learning_rate': 0.0008361926316439127, 'epoch': 0.29}
{'loss': 2.9351, 'grad_norm': 0.2627743184566498, 'learning_rate': 0.0008360449597425236, 'epoch': 0.29}
{'loss': 2.977, 'grad_norm': 0.3073263168334961, 'learning_rate': 0.0008358972343605678, 'epoch': 0.29}
{'loss': 3.0807, 'grad_norm': 0.267412006855011, 'learning_rate': 0.0008357494555215553, 'epoch': 0.29}
{'loss': 3.1929, 'grad_norm': 0.32147058844566345, 'learning_rate': 0.0008356016232490046, 'epoch': 0.29}
{'loss': 2.9573, 'grad_norm': 0.2824479043483734, 'learning_rate': 0.0008354537375664431, 'epoch': 0.29}
{'loss': 3.3011, 'grad_norm': 0.26223987340927124, 'learning_rate': 0.0008353057984974062, 'epoch': 0.29}
{'loss': 2.9465, 'grad_norm': 0.2748725712299347, 'learning_rate': 0.0008351578060654378, 'epoch': 0.29}
{'loss': 3.1358, 'grad_norm': 0.2740025520324707, 'learning_rate': 0.0008350097602940905, 'epoch': 0.29}
{'loss': 3.1067, 'grad_norm': 0.2685298025608063, 'learning_rate': 0.0008348616612069256, 'epoch': 0.29}
{'loss': 3.0817, 'grad_norm': 0.27157658338546753, 'learning_rate': 0.0008347135088275125, 'epoch': 0.29}
{'loss': 2.9401, 'grad_norm': 0.2843594253063202, 'learning_rate': 0.0008345653031794292, 'epoch': 0.29}
{'loss': 3.1109, 'grad_norm': 0.2755427956581116, 'learning_rate': 0.000834417044286262, 'epoch': 0.29}
{'loss': 3.0944, 'grad_norm': 0.2633993923664093, 'learning_rate': 0.0008342687321716061, 'epoch': 0.29}
{'loss': 3.0674, 'grad_norm': 0.2705681622028351, 'learning_rate': 0.0008341203668590651, 'epoch': 0.29}
{'loss': 3.0467, 'grad_norm': 0.2685618996620178, 'learning_rate': 0.0008339719483722505, 'epoch': 0.29}
{'loss': 2.9879, 'grad_norm': 0.27397456765174866, 'learning_rate': 0.0008338234767347829, 'epoch': 0.29}
{'loss': 3.0689, 'grad_norm': 0.25895047187805176, 'learning_rate': 0.0008336749519702911, 'epoch': 0.29}
{'loss': 3.132, 'grad_norm': 0.28569942712783813, 'learning_rate': 0.0008335263741024123, 'epoch': 0.29}
{'loss': 3.0268, 'grad_norm': 0.2523212432861328, 'learning_rate': 0.0008333777431547922, 'epoch': 0.29}
{'loss': 3.0434, 'grad_norm': 0.25887998938560486, 'learning_rate': 0.0008332290591510853, 'epoch': 0.29}
{'loss': 3.0622, 'grad_norm': 0.27065885066986084, 'learning_rate': 0.0008330803221149539, 'epoch': 0.29}
{'loss': 3.0183, 'grad_norm': 0.2744039297103882, 'learning_rate': 0.000832931532070069, 'epoch': 0.29}
{'loss': 2.938, 'grad_norm': 0.3148884177207947, 'learning_rate': 0.0008327826890401105, 'epoch': 0.29}
{'loss': 3.1312, 'grad_norm': 0.2882075607776642, 'learning_rate': 0.0008326337930487658, 'epoch': 0.29}
{'loss': 3.0644, 'grad_norm': 0.26297298073768616, 'learning_rate': 0.0008324848441197317, 'epoch': 0.29}
{'loss': 3.0621, 'grad_norm': 0.25573909282684326, 'learning_rate': 0.0008323358422767129, 'epoch': 0.29}
{'loss': 3.0727, 'grad_norm': 0.2511117160320282, 'learning_rate': 0.0008321867875434224, 'epoch': 0.29}
{'loss': 2.9744, 'grad_norm': 0.2992454171180725, 'learning_rate': 0.000832037679943582, 'epoch': 0.29}
{'loss': 3.096, 'grad_norm': 0.2795013189315796, 'learning_rate': 0.0008318885195009216, 'epoch': 0.29}
{'loss': 3.1851, 'grad_norm': 0.27393731474876404, 'learning_rate': 0.0008317393062391798, 'epoch': 0.29}
{'loss': 3.0345, 'grad_norm': 0.26454055309295654, 'learning_rate': 0.0008315900401821034, 'epoch': 0.29}
{'loss': 3.0189, 'grad_norm': 0.2788251042366028, 'learning_rate': 0.0008314407213534476, 'epoch': 0.29}
{'loss': 2.9795, 'grad_norm': 0.26274722814559937, 'learning_rate': 0.0008312913497769761, 'epoch': 0.29}
{'loss': 2.9544, 'grad_norm': 0.2525053024291992, 'learning_rate': 0.000831141925476461, 'epoch': 0.29}
{'loss': 3.121, 'grad_norm': 0.25066331028938293, 'learning_rate': 0.0008309924484756826, 'epoch': 0.29}
{'loss': 2.9928, 'grad_norm': 0.27168989181518555, 'learning_rate': 0.0008308429187984297, 'epoch': 0.29}
{'loss': 3.033, 'grad_norm': 0.25824251770973206, 'learning_rate': 0.0008306933364684996, 'epoch': 0.29}
{'loss': 3.0548, 'grad_norm': 0.28245308995246887, 'learning_rate': 0.0008305437015096982, 'epoch': 0.29}
{'loss': 3.0479, 'grad_norm': 0.25439900159835815, 'learning_rate': 0.0008303940139458389, 'epoch': 0.29}
{'loss': 2.9723, 'grad_norm': 0.2756482660770416, 'learning_rate': 0.0008302442738007443, 'epoch': 0.29}
{'loss': 3.0632, 'grad_norm': 0.2627081274986267, 'learning_rate': 0.0008300944810982452, 'epoch': 0.29}
{'loss': 3.1007, 'grad_norm': 0.24816681444644928, 'learning_rate': 0.0008299446358621805, 'epoch': 0.29}
{'loss': 3.0561, 'grad_norm': 0.2634580731391907, 'learning_rate': 0.0008297947381163977, 'epoch': 0.29}
{'loss': 3.0666, 'grad_norm': 0.2757614552974701, 'learning_rate': 0.0008296447878847526, 'epoch': 0.29}
{'loss': 2.9438, 'grad_norm': 0.2886548936367035, 'learning_rate': 0.0008294947851911092, 'epoch': 0.29}
{'loss': 2.9703, 'grad_norm': 0.2670203745365143, 'learning_rate': 0.0008293447300593402, 'epoch': 0.29}
{'loss': 3.0827, 'grad_norm': 0.2800019681453705, 'learning_rate': 0.0008291946225133265, 'epoch': 0.29}
{'loss': 2.9614, 'grad_norm': 0.2690654695034027, 'learning_rate': 0.0008290444625769569, 'epoch': 0.29}
{'loss': 3.1883, 'grad_norm': 0.2717217803001404, 'learning_rate': 0.0008288942502741292, 'epoch': 0.29}
{'loss': 3.1278, 'grad_norm': 0.26727592945098877, 'learning_rate': 0.0008287439856287491, 'epoch': 0.29}
{'loss': 2.7891, 'grad_norm': 0.26656442880630493, 'learning_rate': 0.0008285936686647309, 'epoch': 0.29}
{'loss': 3.1014, 'grad_norm': 0.2781255841255188, 'learning_rate': 0.000828443299405997, 'epoch': 0.29}
{'loss': 3.0452, 'grad_norm': 0.29990294575691223, 'learning_rate': 0.0008282928778764782, 'epoch': 0.29}
{'loss': 3.0492, 'grad_norm': 0.2818642258644104, 'learning_rate': 0.0008281424041001139, 'epoch': 0.29}
{'loss': 2.9979, 'grad_norm': 0.27329832315444946, 'learning_rate': 0.0008279918781008513, 'epoch': 0.29}
{'loss': 2.9742, 'grad_norm': 0.2871629595756531, 'learning_rate': 0.0008278412999026461, 'epoch': 0.29}
{'loss': 3.0129, 'grad_norm': 0.26941147446632385, 'learning_rate': 0.0008276906695294628, 'epoch': 0.29}
{'loss': 3.0119, 'grad_norm': 0.27355292439460754, 'learning_rate': 0.0008275399870052734, 'epoch': 0.29}
{'loss': 3.1435, 'grad_norm': 0.28699758648872375, 'learning_rate': 0.0008273892523540585, 'epoch': 0.29}
{'loss': 3.0936, 'grad_norm': 0.27938276529312134, 'learning_rate': 0.0008272384655998074, 'epoch': 0.29}
{'loss': 2.922, 'grad_norm': 0.28329336643218994, 'learning_rate': 0.0008270876267665173, 'epoch': 0.29}
{'loss': 3.0421, 'grad_norm': 0.2726001739501953, 'learning_rate': 0.0008269367358781936, 'epoch': 0.29}
{'loss': 3.0357, 'grad_norm': 0.28999969363212585, 'learning_rate': 0.0008267857929588503, 'epoch': 0.3}
{'loss': 2.9304, 'grad_norm': 0.2620181143283844, 'learning_rate': 0.0008266347980325092, 'epoch': 0.3}
{'loss': 3.0112, 'grad_norm': 0.2895452380180359, 'learning_rate': 0.0008264837511232013, 'epoch': 0.3}
{'loss': 2.9462, 'grad_norm': 0.2723676264286041, 'learning_rate': 0.0008263326522549647, 'epoch': 0.3}
{'loss': 3.0895, 'grad_norm': 0.2907913625240326, 'learning_rate': 0.0008261815014518466, 'epoch': 0.3}
{'loss': 2.9234, 'grad_norm': 0.2840438187122345, 'learning_rate': 0.0008260302987379021, 'epoch': 0.3}
{'loss': 2.9575, 'grad_norm': 0.27298229932785034, 'learning_rate': 0.0008258790441371948, 'epoch': 0.3}
{'loss': 3.0677, 'grad_norm': 0.27626854181289673, 'learning_rate': 0.0008257277376737963, 'epoch': 0.3}
{'loss': 3.1586, 'grad_norm': 0.2725287675857544, 'learning_rate': 0.0008255763793717868, 'epoch': 0.3}
{'loss': 3.0504, 'grad_norm': 0.3022824227809906, 'learning_rate': 0.0008254249692552542, 'epoch': 0.3}
{'loss': 3.1581, 'grad_norm': 0.2972433567047119, 'learning_rate': 0.0008252735073482952, 'epoch': 0.3}
{'loss': 2.9527, 'grad_norm': 0.265707403421402, 'learning_rate': 0.0008251219936750144, 'epoch': 0.3}
{'loss': 3.1395, 'grad_norm': 0.2730216979980469, 'learning_rate': 0.0008249704282595248, 'epoch': 0.3}
{'loss': 3.089, 'grad_norm': 0.2654062509536743, 'learning_rate': 0.0008248188111259478, 'epoch': 0.3}
{'loss': 2.9255, 'grad_norm': 0.28041011095046997, 'learning_rate': 0.0008246671422984125, 'epoch': 0.3}
{'loss': 3.0231, 'grad_norm': 0.2693781852722168, 'learning_rate': 0.0008245154218010564, 'epoch': 0.3}
{'loss': 2.8675, 'grad_norm': 0.2496493011713028, 'learning_rate': 0.0008243636496580259, 'epoch': 0.3}
{'loss': 3.1566, 'grad_norm': 0.2756492793560028, 'learning_rate': 0.0008242118258934749, 'epoch': 0.3}
{'loss': 2.9938, 'grad_norm': 0.281504362821579, 'learning_rate': 0.0008240599505315655, 'epoch': 0.3}
{'loss': 2.9254, 'grad_norm': 0.24655556678771973, 'learning_rate': 0.0008239080235964684, 'epoch': 0.3}
{'loss': 3.0897, 'grad_norm': 0.35230040550231934, 'learning_rate': 0.0008237560451123622, 'epoch': 0.3}
{'loss': 2.992, 'grad_norm': 0.2686212956905365, 'learning_rate': 0.0008236040151034339, 'epoch': 0.3}
{'loss': 2.9614, 'grad_norm': 0.28215479850769043, 'learning_rate': 0.0008234519335938787, 'epoch': 0.3}
{'loss': 2.8869, 'grad_norm': 0.2625459134578705, 'learning_rate': 0.0008232998006078997, 'epoch': 0.3}
{'loss': 3.0577, 'grad_norm': 0.26662304997444153, 'learning_rate': 0.0008231476161697089, 'epoch': 0.3}
{'loss': 3.1616, 'grad_norm': 0.2768874168395996, 'learning_rate': 0.0008229953803035255, 'epoch': 0.3}
{'loss': 3.3197, 'grad_norm': 0.28546714782714844, 'learning_rate': 0.0008228430930335776, 'epoch': 0.3}
{'loss': 2.9827, 'grad_norm': 0.2573879361152649, 'learning_rate': 0.0008226907543841011, 'epoch': 0.3}
{'loss': 2.9194, 'grad_norm': 0.2766629457473755, 'learning_rate': 0.0008225383643793404, 'epoch': 0.3}
{'loss': 2.9261, 'grad_norm': 0.25128090381622314, 'learning_rate': 0.0008223859230435482, 'epoch': 0.3}
{'loss': 2.9747, 'grad_norm': 0.25389376282691956, 'learning_rate': 0.0008222334304009844, 'epoch': 0.3}
{'loss': 3.0271, 'grad_norm': 0.26117533445358276, 'learning_rate': 0.0008220808864759184, 'epoch': 0.3}
{'loss': 3.0575, 'grad_norm': 0.2665896713733673, 'learning_rate': 0.0008219282912926269, 'epoch': 0.3}
{'loss': 2.9753, 'grad_norm': 0.2798348665237427, 'learning_rate': 0.0008217756448753948, 'epoch': 0.3}
{'loss': 3.0026, 'grad_norm': 0.2972128987312317, 'learning_rate': 0.0008216229472485156, 'epoch': 0.3}
{'loss': 3.0263, 'grad_norm': 0.340456485748291, 'learning_rate': 0.0008214701984362905, 'epoch': 0.3}
{'loss': 3.1034, 'grad_norm': 0.26946163177490234, 'learning_rate': 0.0008213173984630291, 'epoch': 0.3}
{'loss': 2.9323, 'grad_norm': 0.2570277154445648, 'learning_rate': 0.000821164547353049, 'epoch': 0.3}
{'loss': 2.9742, 'grad_norm': 0.26655274629592896, 'learning_rate': 0.0008210116451306762, 'epoch': 0.3}
{'loss': 3.0878, 'grad_norm': 0.2937522232532501, 'learning_rate': 0.0008208586918202443, 'epoch': 0.3}
{'loss': 3.0861, 'grad_norm': 0.26625728607177734, 'learning_rate': 0.0008207056874460955, 'epoch': 0.3}
{'loss': 3.1184, 'grad_norm': 0.27661246061325073, 'learning_rate': 0.0008205526320325802, 'epoch': 0.3}
{'loss': 2.968, 'grad_norm': 0.27815353870391846, 'learning_rate': 0.0008203995256040565, 'epoch': 0.3}
{'loss': 3.1264, 'grad_norm': 0.2669963836669922, 'learning_rate': 0.0008202463681848911, 'epoch': 0.3}
{'loss': 3.0286, 'grad_norm': 0.2678978145122528, 'learning_rate': 0.0008200931597994581, 'epoch': 0.3}
{'loss': 3.0453, 'grad_norm': 0.2751026749610901, 'learning_rate': 0.0008199399004721405, 'epoch': 0.3}
{'loss': 2.9793, 'grad_norm': 0.2582252025604248, 'learning_rate': 0.000819786590227329, 'epoch': 0.3}
{'loss': 2.906, 'grad_norm': 0.25888094305992126, 'learning_rate': 0.0008196332290894226, 'epoch': 0.3}
{'loss': 3.0188, 'grad_norm': 0.2774285078048706, 'learning_rate': 0.000819479817082828, 'epoch': 0.3}
{'loss': 3.1279, 'grad_norm': 0.2747248709201813, 'learning_rate': 0.0008193263542319605, 'epoch': 0.3}
{'loss': 3.2403, 'grad_norm': 0.26933667063713074, 'learning_rate': 0.0008191728405612431, 'epoch': 0.3}
{'loss': 3.0202, 'grad_norm': 0.2504635155200958, 'learning_rate': 0.0008190192760951072, 'epoch': 0.3}
{'loss': 3.124, 'grad_norm': 0.3005232512950897, 'learning_rate': 0.0008188656608579918, 'epoch': 0.3}
{'loss': 2.9963, 'grad_norm': 0.25148487091064453, 'learning_rate': 0.0008187119948743449, 'epoch': 0.3}
{'loss': 3.1072, 'grad_norm': 0.2804144024848938, 'learning_rate': 0.0008185582781686216, 'epoch': 0.3}
{'loss': 2.8519, 'grad_norm': 0.2814593017101288, 'learning_rate': 0.0008184045107652853, 'epoch': 0.3}
{'loss': 3.0166, 'grad_norm': 0.26981818675994873, 'learning_rate': 0.0008182506926888081, 'epoch': 0.3}
{'loss': 3.1891, 'grad_norm': 0.2721366286277771, 'learning_rate': 0.0008180968239636694, 'epoch': 0.3}
{'loss': 2.9616, 'grad_norm': 0.2705651521682739, 'learning_rate': 0.0008179429046143569, 'epoch': 0.3}
{'loss': 2.8614, 'grad_norm': 0.26294922828674316, 'learning_rate': 0.0008177889346653665, 'epoch': 0.3}
{'loss': 3.0344, 'grad_norm': 0.3738629221916199, 'learning_rate': 0.0008176349141412022, 'epoch': 0.3}
{'loss': 3.102, 'grad_norm': 0.24727517366409302, 'learning_rate': 0.0008174808430663757, 'epoch': 0.3}
{'loss': 3.0345, 'grad_norm': 0.2569156289100647, 'learning_rate': 0.0008173267214654071, 'epoch': 0.3}
{'loss': 3.0303, 'grad_norm': 0.2820478081703186, 'learning_rate': 0.0008171725493628243, 'epoch': 0.3}
{'loss': 3.1605, 'grad_norm': 0.26782748103141785, 'learning_rate': 0.0008170183267831634, 'epoch': 0.3}
{'loss': 2.9376, 'grad_norm': 0.2811708152294159, 'learning_rate': 0.0008168640537509683, 'epoch': 0.3}
{'loss': 3.0782, 'grad_norm': 0.24537724256515503, 'learning_rate': 0.0008167097302907916, 'epoch': 0.3}
{'loss': 3.0568, 'grad_norm': 0.27619194984436035, 'learning_rate': 0.0008165553564271928, 'epoch': 0.3}
{'loss': 2.9353, 'grad_norm': 0.28451409935951233, 'learning_rate': 0.0008164009321847405, 'epoch': 0.3}
{'loss': 2.9935, 'grad_norm': 0.27020809054374695, 'learning_rate': 0.0008162464575880106, 'epoch': 0.3}
{'loss': 3.0816, 'grad_norm': 0.26323074102401733, 'learning_rate': 0.0008160919326615873, 'epoch': 0.3}
{'loss': 3.042, 'grad_norm': 0.28761565685272217, 'learning_rate': 0.000815937357430063, 'epoch': 0.3}
{'loss': 3.0906, 'grad_norm': 0.2603816092014313, 'learning_rate': 0.0008157827319180376, 'epoch': 0.3}
{'loss': 2.9519, 'grad_norm': 0.24711160361766815, 'learning_rate': 0.0008156280561501195, 'epoch': 0.3}
{'loss': 2.9719, 'grad_norm': 0.28214308619499207, 'learning_rate': 0.0008154733301509249, 'epoch': 0.3}
{'loss': 3.1869, 'grad_norm': 0.3126142621040344, 'learning_rate': 0.0008153185539450778, 'epoch': 0.3}
{'loss': 3.0353, 'grad_norm': 0.2786480486392975, 'learning_rate': 0.0008151637275572106, 'epoch': 0.3}
{'loss': 3.0866, 'grad_norm': 0.2631642520427704, 'learning_rate': 0.0008150088510119634, 'epoch': 0.3}
{'loss': 3.0819, 'grad_norm': 0.27895233035087585, 'learning_rate': 0.0008148539243339841, 'epoch': 0.3}
{'loss': 3.2175, 'grad_norm': 0.28527864813804626, 'learning_rate': 0.0008146989475479292, 'epoch': 0.3}
{'loss': 3.0782, 'grad_norm': 0.31382495164871216, 'learning_rate': 0.0008145439206784627, 'epoch': 0.3}
{'loss': 3.0552, 'grad_norm': 0.26035451889038086, 'learning_rate': 0.0008143888437502565, 'epoch': 0.31}
{'loss': 3.047, 'grad_norm': 0.28301987051963806, 'learning_rate': 0.0008142337167879905, 'epoch': 0.31}
{'loss': 2.9451, 'grad_norm': 0.2675110697746277, 'learning_rate': 0.0008140785398163534, 'epoch': 0.31}
{'loss': 2.9914, 'grad_norm': 0.2991577386856079, 'learning_rate': 0.0008139233128600404, 'epoch': 0.31}
{'loss': 3.0264, 'grad_norm': 0.2767154276371002, 'learning_rate': 0.0008137680359437558, 'epoch': 0.31}
{'loss': 3.1038, 'grad_norm': 0.2711929678916931, 'learning_rate': 0.0008136127090922114, 'epoch': 0.31}
{'loss': 3.1167, 'grad_norm': 0.2628857493400574, 'learning_rate': 0.000813457332330127, 'epoch': 0.31}
{'loss': 3.1624, 'grad_norm': 0.25294649600982666, 'learning_rate': 0.0008133019056822303, 'epoch': 0.31}
{'loss': 3.0087, 'grad_norm': 0.2610715627670288, 'learning_rate': 0.0008131464291732571, 'epoch': 0.31}
{'loss': 3.0196, 'grad_norm': 0.2589341998100281, 'learning_rate': 0.0008129909028279508, 'epoch': 0.31}
{'loss': 3.1245, 'grad_norm': 0.2973763346672058, 'learning_rate': 0.0008128353266710633, 'epoch': 0.31}
{'loss': 2.9439, 'grad_norm': 0.2701842784881592, 'learning_rate': 0.0008126797007273538, 'epoch': 0.31}
{'loss': 3.0692, 'grad_norm': 0.2455119639635086, 'learning_rate': 0.00081252402502159, 'epoch': 0.31}
{'loss': 3.094, 'grad_norm': 0.26082220673561096, 'learning_rate': 0.0008123682995785468, 'epoch': 0.31}
{'loss': 3.1618, 'grad_norm': 0.2648872137069702, 'learning_rate': 0.0008122125244230078, 'epoch': 0.31}
{'loss': 3.0152, 'grad_norm': 0.26144275069236755, 'learning_rate': 0.0008120566995797643, 'epoch': 0.31}
{'loss': 3.1082, 'grad_norm': 0.2514469623565674, 'learning_rate': 0.0008119008250736148, 'epoch': 0.31}
{'loss': 3.1053, 'grad_norm': 0.26761072874069214, 'learning_rate': 0.0008117449009293668, 'epoch': 0.31}
{'loss': 3.0805, 'grad_norm': 0.28316083550453186, 'learning_rate': 0.0008115889271718349, 'epoch': 0.31}
{'loss': 2.9982, 'grad_norm': 0.26595959067344666, 'learning_rate': 0.0008114329038258419, 'epoch': 0.31}
{'loss': 3.0914, 'grad_norm': 0.26389768719673157, 'learning_rate': 0.0008112768309162186, 'epoch': 0.31}
{'loss': 3.0839, 'grad_norm': 0.2849161624908447, 'learning_rate': 0.0008111207084678033, 'epoch': 0.31}
{'loss': 3.0516, 'grad_norm': 0.25458434224128723, 'learning_rate': 0.0008109645365054426, 'epoch': 0.31}
{'loss': 3.1097, 'grad_norm': 0.2804630696773529, 'learning_rate': 0.0008108083150539907, 'epoch': 0.31}
{'loss': 2.9143, 'grad_norm': 0.2857629656791687, 'learning_rate': 0.0008106520441383098, 'epoch': 0.31}
{'loss': 3.0378, 'grad_norm': 0.27228978276252747, 'learning_rate': 0.0008104957237832702, 'epoch': 0.31}
{'loss': 3.002, 'grad_norm': 0.2759721577167511, 'learning_rate': 0.0008103393540137496, 'epoch': 0.31}
{'loss': 2.9699, 'grad_norm': 0.27571800351142883, 'learning_rate': 0.0008101829348546337, 'epoch': 0.31}
{'loss': 3.0688, 'grad_norm': 0.2824234664440155, 'learning_rate': 0.0008100264663308163, 'epoch': 0.31}
{'loss': 3.015, 'grad_norm': 0.2851051688194275, 'learning_rate': 0.0008098699484671989, 'epoch': 0.31}
{'loss': 2.9645, 'grad_norm': 0.24584370851516724, 'learning_rate': 0.0008097133812886907, 'epoch': 0.31}
{'loss': 3.0937, 'grad_norm': 0.7631947994232178, 'learning_rate': 0.0008095567648202093, 'epoch': 0.31}
{'loss': 2.8967, 'grad_norm': 0.2601392865180969, 'learning_rate': 0.0008094000990866794, 'epoch': 0.31}
{'loss': 3.0069, 'grad_norm': 0.2707101106643677, 'learning_rate': 0.000809243384113034, 'epoch': 0.31}
{'loss': 3.0073, 'grad_norm': 0.2794658839702606, 'learning_rate': 0.0008090866199242137, 'epoch': 0.31}
{'loss': 2.9862, 'grad_norm': 0.27399155497550964, 'learning_rate': 0.0008089298065451672, 'epoch': 0.31}
{'loss': 2.9874, 'grad_norm': 0.27610060572624207, 'learning_rate': 0.0008087729440008509, 'epoch': 0.31}
{'loss': 3.0841, 'grad_norm': 0.25469478964805603, 'learning_rate': 0.0008086160323162289, 'epoch': 0.31}
{'loss': 2.9356, 'grad_norm': 0.2924196720123291, 'learning_rate': 0.0008084590715162732, 'epoch': 0.31}
{'loss': 2.9074, 'grad_norm': 0.2870033085346222, 'learning_rate': 0.000808302061625964, 'epoch': 0.31}
{'loss': 2.9769, 'grad_norm': 0.279836505651474, 'learning_rate': 0.0008081450026702886, 'epoch': 0.31}
{'loss': 3.1162, 'grad_norm': 0.28509780764579773, 'learning_rate': 0.0008079878946742425, 'epoch': 0.31}
{'loss': 3.1369, 'grad_norm': 0.28767862915992737, 'learning_rate': 0.0008078307376628291, 'epoch': 0.31}
{'loss': 2.9599, 'grad_norm': 0.27413955330848694, 'learning_rate': 0.0008076735316610595, 'epoch': 0.31}
{'loss': 2.9645, 'grad_norm': 0.257647305727005, 'learning_rate': 0.0008075162766939526, 'epoch': 0.31}
{'loss': 3.0966, 'grad_norm': 0.2739727795124054, 'learning_rate': 0.0008073589727865347, 'epoch': 0.31}
{'loss': 3.1714, 'grad_norm': 0.2916099429130554, 'learning_rate': 0.0008072016199638407, 'epoch': 0.31}
{'loss': 3.0205, 'grad_norm': 0.2655619978904724, 'learning_rate': 0.0008070442182509126, 'epoch': 0.31}
{'loss': 3.0736, 'grad_norm': 0.2594549357891083, 'learning_rate': 0.0008068867676728005, 'epoch': 0.31}
{'loss': 2.9938, 'grad_norm': 0.27853715419769287, 'learning_rate': 0.0008067292682545622, 'epoch': 0.31}
{'loss': 3.0378, 'grad_norm': 0.2472236156463623, 'learning_rate': 0.0008065717200212633, 'epoch': 0.31}
{'loss': 3.051, 'grad_norm': 0.46142297983169556, 'learning_rate': 0.0008064141229979769, 'epoch': 0.31}
{'loss': 3.0587, 'grad_norm': 0.26758354902267456, 'learning_rate': 0.0008062564772097845, 'epoch': 0.31}
{'loss': 3.0026, 'grad_norm': 0.27212750911712646, 'learning_rate': 0.0008060987826817745, 'epoch': 0.31}
{'loss': 3.1094, 'grad_norm': 0.27407118678092957, 'learning_rate': 0.0008059410394390441, 'epoch': 0.31}
{'loss': 2.9815, 'grad_norm': 0.27798211574554443, 'learning_rate': 0.0008057832475066971, 'epoch': 0.31}
{'loss': 3.0892, 'grad_norm': 0.26063272356987, 'learning_rate': 0.0008056254069098459, 'epoch': 0.31}
{'loss': 3.0277, 'grad_norm': 0.2759453356266022, 'learning_rate': 0.0008054675176736104, 'epoch': 0.31}
{'loss': 3.0375, 'grad_norm': 0.23525404930114746, 'learning_rate': 0.000805309579823118, 'epoch': 0.31}
{'loss': 2.9723, 'grad_norm': 0.2722449004650116, 'learning_rate': 0.0008051515933835043, 'epoch': 0.31}
{'loss': 3.0842, 'grad_norm': 0.28880906105041504, 'learning_rate': 0.0008049935583799121, 'epoch': 0.31}
{'loss': 3.1011, 'grad_norm': 0.26973456144332886, 'learning_rate': 0.0008048354748374926, 'epoch': 0.31}
{'loss': 2.9472, 'grad_norm': 0.2588803172111511, 'learning_rate': 0.0008046773427814041, 'epoch': 0.31}
{'loss': 3.1097, 'grad_norm': 0.27825927734375, 'learning_rate': 0.0008045191622368128, 'epoch': 0.31}
{'loss': 2.863, 'grad_norm': 0.27410370111465454, 'learning_rate': 0.0008043609332288926, 'epoch': 0.31}
{'loss': 3.0444, 'grad_norm': 0.2726997137069702, 'learning_rate': 0.0008042026557828255, 'epoch': 0.31}
{'loss': 3.0583, 'grad_norm': 0.28909003734588623, 'learning_rate': 0.0008040443299238005, 'epoch': 0.31}
{'loss': 3.1613, 'grad_norm': 0.2461937516927719, 'learning_rate': 0.000803885955677015, 'epoch': 0.31}
{'loss': 2.9269, 'grad_norm': 0.280611127614975, 'learning_rate': 0.0008037275330676736, 'epoch': 0.31}
{'loss': 3.0345, 'grad_norm': 0.25727856159210205, 'learning_rate': 0.000803569062120989, 'epoch': 0.31}
{'loss': 3.0661, 'grad_norm': 0.26179039478302, 'learning_rate': 0.0008034105428621812, 'epoch': 0.31}
{'loss': 3.0606, 'grad_norm': 0.269072562456131, 'learning_rate': 0.000803251975316478, 'epoch': 0.31}
{'loss': 3.0135, 'grad_norm': 0.25655481219291687, 'learning_rate': 0.0008030933595091152, 'epoch': 0.31}
{'loss': 3.0414, 'grad_norm': 0.26554757356643677, 'learning_rate': 0.000802934695465336, 'epoch': 0.31}
{'loss': 3.0252, 'grad_norm': 0.24903476238250732, 'learning_rate': 0.0008027759832103912, 'epoch': 0.31}
{'loss': 3.0643, 'grad_norm': 0.24438820779323578, 'learning_rate': 0.0008026172227695392, 'epoch': 0.31}
{'loss': 3.2263, 'grad_norm': 0.2608913481235504, 'learning_rate': 0.0008024584141680468, 'epoch': 0.31}
{'loss': 3.1269, 'grad_norm': 0.27889564633369446, 'learning_rate': 0.0008022995574311875, 'epoch': 0.31}
{'loss': 2.993, 'grad_norm': 0.2729182541370392, 'learning_rate': 0.000802140652584243, 'epoch': 0.31}
{'loss': 2.9027, 'grad_norm': 0.26464343070983887, 'learning_rate': 0.0008019816996525025, 'epoch': 0.31}
{'loss': 3.1569, 'grad_norm': 0.2630232274532318, 'learning_rate': 0.0008018226986612628, 'epoch': 0.31}
{'loss': 3.0794, 'grad_norm': 0.26911768317222595, 'learning_rate': 0.0008016636496358288, 'epoch': 0.32}
{'loss': 2.9377, 'grad_norm': 0.25391003489494324, 'learning_rate': 0.0008015045526015124, 'epoch': 0.32}
{'loss': 3.1474, 'grad_norm': 0.2731698453426361, 'learning_rate': 0.0008013454075836335, 'epoch': 0.32}
{'loss': 3.0981, 'grad_norm': 0.2622062563896179, 'learning_rate': 0.0008011862146075193, 'epoch': 0.32}
{'loss': 2.9865, 'grad_norm': 0.2803601026535034, 'learning_rate': 0.0008010269736985054, 'epoch': 0.32}
{'loss': 3.0362, 'grad_norm': 0.2715492844581604, 'learning_rate': 0.0008008676848819341, 'epoch': 0.32}
{'loss': 2.9568, 'grad_norm': 0.2441878765821457, 'learning_rate': 0.0008007083481831559, 'epoch': 0.32}
{'loss': 2.9221, 'grad_norm': 0.2594858407974243, 'learning_rate': 0.0008005489636275288, 'epoch': 0.32}
{'loss': 2.9067, 'grad_norm': 0.27968892455101013, 'learning_rate': 0.0008003895312404184, 'epoch': 0.32}
{'loss': 3.1839, 'grad_norm': 0.2678602933883667, 'learning_rate': 0.0008002300510471978, 'epoch': 0.32}
{'loss': 2.8353, 'grad_norm': 0.28857123851776123, 'learning_rate': 0.0008000705230732477, 'epoch': 0.32}
{'loss': 3.1165, 'grad_norm': 0.25104594230651855, 'learning_rate': 0.0007999109473439569, 'epoch': 0.32}
{'loss': 3.0635, 'grad_norm': 0.2819155156612396, 'learning_rate': 0.0007997513238847209, 'epoch': 0.32}
{'loss': 3.0981, 'grad_norm': 0.3024951219558716, 'learning_rate': 0.0007995916527209439, 'epoch': 0.32}
{'loss': 3.13, 'grad_norm': 0.26257002353668213, 'learning_rate': 0.0007994319338780365, 'epoch': 0.32}
{'loss': 3.1229, 'grad_norm': 0.25629574060440063, 'learning_rate': 0.0007992721673814178, 'epoch': 0.32}
{'loss': 3.0581, 'grad_norm': 0.2605694532394409, 'learning_rate': 0.0007991123532565141, 'epoch': 0.32}
{'loss': 3.0385, 'grad_norm': 0.2529304027557373, 'learning_rate': 0.0007989524915287594, 'epoch': 0.32}
{'loss': 2.9188, 'grad_norm': 0.29071420431137085, 'learning_rate': 0.0007987925822235953, 'epoch': 0.32}
{'loss': 3.0379, 'grad_norm': 0.24214237928390503, 'learning_rate': 0.0007986326253664706, 'epoch': 0.32}
{'loss': 3.101, 'grad_norm': 0.2519316077232361, 'learning_rate': 0.0007984726209828422, 'epoch': 0.32}
{'loss': 3.1639, 'grad_norm': 0.26063859462738037, 'learning_rate': 0.0007983125690981743, 'epoch': 0.32}
{'loss': 3.1139, 'grad_norm': 0.27398601174354553, 'learning_rate': 0.0007981524697379385, 'epoch': 0.32}
{'loss': 3.0277, 'grad_norm': 0.2607475519180298, 'learning_rate': 0.0007979923229276145, 'epoch': 0.32}
{'loss': 3.13, 'grad_norm': 0.25707951188087463, 'learning_rate': 0.000797832128692689, 'epoch': 0.32}
{'loss': 3.0544, 'grad_norm': 0.26165086030960083, 'learning_rate': 0.0007976718870586564, 'epoch': 0.32}
{'loss': 3.1127, 'grad_norm': 0.26399439573287964, 'learning_rate': 0.0007975115980510186, 'epoch': 0.32}
{'loss': 3.0044, 'grad_norm': 0.26281675696372986, 'learning_rate': 0.0007973512616952853, 'epoch': 0.32}
{'loss': 2.9945, 'grad_norm': 0.32607409358024597, 'learning_rate': 0.0007971908780169735, 'epoch': 0.32}
{'loss': 2.99, 'grad_norm': 0.2902689278125763, 'learning_rate': 0.0007970304470416078, 'epoch': 0.32}
{'loss': 3.1254, 'grad_norm': 0.2688436806201935, 'learning_rate': 0.0007968699687947203, 'epoch': 0.32}
{'loss': 3.1201, 'grad_norm': 0.2731962203979492, 'learning_rate': 0.0007967094433018508, 'epoch': 0.32}
{'loss': 2.9793, 'grad_norm': 0.2679416239261627, 'learning_rate': 0.0007965488705885462, 'epoch': 0.32}
{'loss': 3.1382, 'grad_norm': 0.2611241638660431, 'learning_rate': 0.0007963882506803612, 'epoch': 0.32}
{'loss': 2.9653, 'grad_norm': 0.28375402092933655, 'learning_rate': 0.000796227583602858, 'epoch': 0.32}
{'loss': 3.2292, 'grad_norm': 0.26428091526031494, 'learning_rate': 0.0007960668693816066, 'epoch': 0.32}
{'loss': 2.942, 'grad_norm': 0.25437915325164795, 'learning_rate': 0.0007959061080421839, 'epoch': 0.32}
{'loss': 3.0185, 'grad_norm': 0.2640940248966217, 'learning_rate': 0.0007957452996101746, 'epoch': 0.32}
{'loss': 2.8839, 'grad_norm': 0.25185081362724304, 'learning_rate': 0.000795584444111171, 'epoch': 0.32}
{'loss': 3.0058, 'grad_norm': 0.2608509957790375, 'learning_rate': 0.0007954235415707727, 'epoch': 0.32}
{'loss': 2.9501, 'grad_norm': 0.2594016194343567, 'learning_rate': 0.0007952625920145868, 'epoch': 0.32}
{'loss': 2.9393, 'grad_norm': 0.23775240778923035, 'learning_rate': 0.0007951015954682281, 'epoch': 0.32}
{'loss': 2.7897, 'grad_norm': 0.2717372477054596, 'learning_rate': 0.0007949405519573188, 'epoch': 0.32}
{'loss': 3.0029, 'grad_norm': 0.2569257616996765, 'learning_rate': 0.0007947794615074882, 'epoch': 0.32}
{'loss': 3.1646, 'grad_norm': 0.24940919876098633, 'learning_rate': 0.0007946183241443736, 'epoch': 0.32}
{'loss': 2.9999, 'grad_norm': 0.2647801339626312, 'learning_rate': 0.0007944571398936193, 'epoch': 0.32}
{'loss': 3.1697, 'grad_norm': 0.3249794542789459, 'learning_rate': 0.0007942959087808777, 'epoch': 0.32}
{'loss': 3.0486, 'grad_norm': 0.2953796982765198, 'learning_rate': 0.0007941346308318081, 'epoch': 0.32}
{'loss': 2.8876, 'grad_norm': 0.27006995677948, 'learning_rate': 0.0007939733060720771, 'epoch': 0.32}
{'loss': 3.0193, 'grad_norm': 0.26861822605133057, 'learning_rate': 0.0007938119345273593, 'epoch': 0.32}
{'loss': 3.1243, 'grad_norm': 0.2634347081184387, 'learning_rate': 0.0007936505162233368, 'epoch': 0.32}
{'loss': 2.9777, 'grad_norm': 0.2758174538612366, 'learning_rate': 0.0007934890511856982, 'epoch': 0.32}
{'loss': 3.1279, 'grad_norm': 0.2566837668418884, 'learning_rate': 0.0007933275394401407, 'epoch': 0.32}
{'loss': 3.1076, 'grad_norm': 0.26879921555519104, 'learning_rate': 0.0007931659810123682, 'epoch': 0.32}
{'loss': 3.0371, 'grad_norm': 0.2720297574996948, 'learning_rate': 0.0007930043759280925, 'epoch': 0.32}
{'loss': 2.8716, 'grad_norm': 0.2621955871582031, 'learning_rate': 0.0007928427242130321, 'epoch': 0.32}
{'loss': 3.1256, 'grad_norm': 0.2683485448360443, 'learning_rate': 0.0007926810258929138, 'epoch': 0.32}
{'loss': 2.9852, 'grad_norm': 0.27174535393714905, 'learning_rate': 0.0007925192809934713, 'epoch': 0.32}
{'loss': 2.9412, 'grad_norm': 0.26665323972702026, 'learning_rate': 0.000792357489540446, 'epoch': 0.32}
{'loss': 3.0012, 'grad_norm': 0.2772577404975891, 'learning_rate': 0.0007921956515595861, 'epoch': 0.32}
{'loss': 3.2733, 'grad_norm': 0.24346891045570374, 'learning_rate': 0.000792033767076648, 'epoch': 0.32}
{'loss': 3.176, 'grad_norm': 0.25669172406196594, 'learning_rate': 0.000791871836117395, 'epoch': 0.32}
{'loss': 2.9412, 'grad_norm': 0.25860920548439026, 'learning_rate': 0.0007917098587075979, 'epoch': 0.32}
{'loss': 3.0383, 'grad_norm': 0.2920945882797241, 'learning_rate': 0.000791547834873035, 'epoch': 0.32}
{'loss': 3.0575, 'grad_norm': 0.24247632920742035, 'learning_rate': 0.000791385764639492, 'epoch': 0.32}
{'loss': 2.9884, 'grad_norm': 0.295882910490036, 'learning_rate': 0.0007912236480327619, 'epoch': 0.32}
{'loss': 3.1408, 'grad_norm': 0.2563420534133911, 'learning_rate': 0.0007910614850786447, 'epoch': 0.32}
{'loss': 2.8576, 'grad_norm': 0.25658687949180603, 'learning_rate': 0.0007908992758029486, 'epoch': 0.32}
{'loss': 2.8422, 'grad_norm': 0.25894084572792053, 'learning_rate': 0.0007907370202314886, 'epoch': 0.32}
{'loss': 3.1218, 'grad_norm': 0.2644032835960388, 'learning_rate': 0.000790574718390087, 'epoch': 0.32}
{'loss': 3.1288, 'grad_norm': 0.2705111503601074, 'learning_rate': 0.0007904123703045741, 'epoch': 0.32}
{'loss': 2.973, 'grad_norm': 0.2538977265357971, 'learning_rate': 0.0007902499760007867, 'epoch': 0.32}
{'loss': 2.8936, 'grad_norm': 0.2531251013278961, 'learning_rate': 0.0007900875355045696, 'epoch': 0.32}
{'loss': 3.0067, 'grad_norm': 0.2693730592727661, 'learning_rate': 0.0007899250488417746, 'epoch': 0.32}
{'loss': 3.0415, 'grad_norm': 0.2870388925075531, 'learning_rate': 0.0007897625160382611, 'epoch': 0.32}
{'loss': 3.124, 'grad_norm': 0.2743576169013977, 'learning_rate': 0.0007895999371198957, 'epoch': 0.32}
{'loss': 3.0695, 'grad_norm': 0.28356775641441345, 'learning_rate': 0.000789437312112552, 'epoch': 0.32}
{'loss': 2.9203, 'grad_norm': 0.2597813904285431, 'learning_rate': 0.0007892746410421119, 'epoch': 0.32}
{'loss': 2.8664, 'grad_norm': 0.23852483928203583, 'learning_rate': 0.0007891119239344636, 'epoch': 0.32}
{'loss': 3.0254, 'grad_norm': 0.29481205344200134, 'learning_rate': 0.0007889491608155031, 'epoch': 0.32}
{'loss': 3.0062, 'grad_norm': 0.26177290081977844, 'learning_rate': 0.0007887863517111338, 'epoch': 0.32}
{'loss': 2.9745, 'grad_norm': 0.27902108430862427, 'learning_rate': 0.0007886234966472663, 'epoch': 0.33}
{'loss': 3.1286, 'grad_norm': 0.24804314970970154, 'learning_rate': 0.0007884605956498184, 'epoch': 0.33}
{'loss': 2.8113, 'grad_norm': 0.2827068865299225, 'learning_rate': 0.0007882976487447154, 'epoch': 0.33}
{'loss': 3.0589, 'grad_norm': 0.2610035240650177, 'learning_rate': 0.0007881346559578895, 'epoch': 0.33}
{'loss': 3.0023, 'grad_norm': 0.26700615882873535, 'learning_rate': 0.000787971617315281, 'epoch': 0.33}
{'loss': 3.0709, 'grad_norm': 0.2449934184551239, 'learning_rate': 0.0007878085328428368, 'epoch': 0.33}
{'loss': 3.077, 'grad_norm': 0.25878679752349854, 'learning_rate': 0.0007876454025665114, 'epoch': 0.33}
{'loss': 3.0336, 'grad_norm': 0.29754263162612915, 'learning_rate': 0.0007874822265122663, 'epoch': 0.33}
{'loss': 3.1346, 'grad_norm': 0.27555808424949646, 'learning_rate': 0.0007873190047060706, 'epoch': 0.33}
{'loss': 3.0503, 'grad_norm': 0.28191182017326355, 'learning_rate': 0.0007871557371739007, 'epoch': 0.33}
{'loss': 2.9607, 'grad_norm': 0.24430619180202484, 'learning_rate': 0.0007869924239417398, 'epoch': 0.33}
{'loss': 3.0852, 'grad_norm': 0.2562946677207947, 'learning_rate': 0.0007868290650355793, 'epoch': 0.33}
{'loss': 2.9555, 'grad_norm': 0.2932577133178711, 'learning_rate': 0.0007866656604814166, 'epoch': 0.33}
{'loss': 2.8525, 'grad_norm': 0.2607729136943817, 'learning_rate': 0.0007865022103052577, 'epoch': 0.33}
{'loss': 3.1372, 'grad_norm': 0.2837134301662445, 'learning_rate': 0.0007863387145331148, 'epoch': 0.33}
{'loss': 3.0501, 'grad_norm': 0.25914236903190613, 'learning_rate': 0.0007861751731910078, 'epoch': 0.33}
{'loss': 3.1917, 'grad_norm': 0.2743587791919708, 'learning_rate': 0.000786011586304964, 'epoch': 0.33}
{'loss': 2.923, 'grad_norm': 0.27005675435066223, 'learning_rate': 0.0007858479539010177, 'epoch': 0.33}
{'loss': 2.8503, 'grad_norm': 0.23536843061447144, 'learning_rate': 0.0007856842760052104, 'epoch': 0.33}
{'loss': 3.1287, 'grad_norm': 0.24994489550590515, 'learning_rate': 0.0007855205526435911, 'epoch': 0.33}
{'loss': 3.1787, 'grad_norm': 0.2505221366882324, 'learning_rate': 0.000785356783842216, 'epoch': 0.33}
{'loss': 3.0684, 'grad_norm': 0.24491256475448608, 'learning_rate': 0.000785192969627148, 'epoch': 0.33}
{'loss': 2.9932, 'grad_norm': 0.24887073040008545, 'learning_rate': 0.000785029110024458, 'epoch': 0.33}
{'loss': 2.9438, 'grad_norm': 0.24713730812072754, 'learning_rate': 0.0007848652050602236, 'epoch': 0.33}
{'loss': 3.0486, 'grad_norm': 0.24968977272510529, 'learning_rate': 0.0007847012547605301, 'epoch': 0.33}
{'loss': 2.9814, 'grad_norm': 0.276705265045166, 'learning_rate': 0.0007845372591514695, 'epoch': 0.33}
{'loss': 2.9123, 'grad_norm': 0.2879619002342224, 'learning_rate': 0.000784373218259141, 'epoch': 0.33}
{'loss': 3.0309, 'grad_norm': 0.24312086403369904, 'learning_rate': 0.0007842091321096515, 'epoch': 0.33}
{'loss': 2.9273, 'grad_norm': 0.2806566655635834, 'learning_rate': 0.0007840450007291149, 'epoch': 0.33}
{'loss': 2.9729, 'grad_norm': 0.2505108714103699, 'learning_rate': 0.0007838808241436519, 'epoch': 0.33}
{'loss': 3.0926, 'grad_norm': 0.2591484785079956, 'learning_rate': 0.0007837166023793909, 'epoch': 0.33}
{'loss': 3.0207, 'grad_norm': 0.2679188549518585, 'learning_rate': 0.0007835523354624676, 'epoch': 0.33}
{'loss': 3.0501, 'grad_norm': 0.2555844783782959, 'learning_rate': 0.0007833880234190241, 'epoch': 0.33}
{'loss': 2.9773, 'grad_norm': 0.28161609172821045, 'learning_rate': 0.0007832236662752103, 'epoch': 0.33}
{'loss': 3.0973, 'grad_norm': 0.25456538796424866, 'learning_rate': 0.0007830592640571834, 'epoch': 0.33}
{'loss': 2.9378, 'grad_norm': 0.26127371191978455, 'learning_rate': 0.0007828948167911073, 'epoch': 0.33}
{'loss': 2.7304, 'grad_norm': 0.2706179618835449, 'learning_rate': 0.0007827303245031534, 'epoch': 0.33}
{'loss': 3.0547, 'grad_norm': 0.2549819052219391, 'learning_rate': 0.0007825657872195001, 'epoch': 0.33}
{'loss': 2.9517, 'grad_norm': 0.25585824251174927, 'learning_rate': 0.0007824012049663331, 'epoch': 0.33}
{'loss': 3.1409, 'grad_norm': 0.29222312569618225, 'learning_rate': 0.0007822365777698453, 'epoch': 0.33}
{'loss': 2.9793, 'grad_norm': 0.2806217670440674, 'learning_rate': 0.0007820719056562362, 'epoch': 0.33}
{'loss': 2.944, 'grad_norm': 0.2483845204114914, 'learning_rate': 0.0007819071886517134, 'epoch': 0.33}
{'loss': 2.8976, 'grad_norm': 0.2788846492767334, 'learning_rate': 0.0007817424267824908, 'epoch': 0.33}
{'loss': 3.2044, 'grad_norm': 0.31445565819740295, 'learning_rate': 0.0007815776200747899, 'epoch': 0.33}
{'loss': 3.0012, 'grad_norm': 0.27459827065467834, 'learning_rate': 0.0007814127685548391, 'epoch': 0.33}
{'loss': 2.9407, 'grad_norm': 0.2558329999446869, 'learning_rate': 0.000781247872248874, 'epoch': 0.33}
{'loss': 2.9911, 'grad_norm': 0.27303871512413025, 'learning_rate': 0.0007810829311831378, 'epoch': 0.33}
{'loss': 3.1461, 'grad_norm': 0.2658281624317169, 'learning_rate': 0.0007809179453838797, 'epoch': 0.33}
{'loss': 3.0218, 'grad_norm': 0.29775211215019226, 'learning_rate': 0.0007807529148773573, 'epoch': 0.33}
{'loss': 3.037, 'grad_norm': 0.25697237253189087, 'learning_rate': 0.0007805878396898343, 'epoch': 0.33}
{'loss': 2.9113, 'grad_norm': 0.26328495144844055, 'learning_rate': 0.0007804227198475822, 'epoch': 0.33}
{'loss': 3.1101, 'grad_norm': 0.24633082747459412, 'learning_rate': 0.0007802575553768791, 'epoch': 0.33}
{'loss': 3.0618, 'grad_norm': 0.28767943382263184, 'learning_rate': 0.0007800923463040106, 'epoch': 0.33}
{'loss': 3.0258, 'grad_norm': 0.26564642786979675, 'learning_rate': 0.0007799270926552693, 'epoch': 0.33}
{'loss': 2.9993, 'grad_norm': 0.261447012424469, 'learning_rate': 0.0007797617944569546, 'epoch': 0.33}
{'loss': 3.0745, 'grad_norm': 0.2778978645801544, 'learning_rate': 0.0007795964517353734, 'epoch': 0.33}
{'loss': 3.1015, 'grad_norm': 0.2864498794078827, 'learning_rate': 0.0007794310645168395, 'epoch': 0.33}
{'loss': 3.101, 'grad_norm': 0.3028430938720703, 'learning_rate': 0.000779265632827674, 'epoch': 0.33}
{'loss': 3.0603, 'grad_norm': 0.26557058095932007, 'learning_rate': 0.0007791001566942043, 'epoch': 0.33}
{'loss': 3.093, 'grad_norm': 0.2504657506942749, 'learning_rate': 0.0007789346361427659, 'epoch': 0.33}
{'loss': 2.9993, 'grad_norm': 0.2578848600387573, 'learning_rate': 0.0007787690711997007, 'epoch': 0.33}
{'loss': 3.0619, 'grad_norm': 0.2775542438030243, 'learning_rate': 0.000778603461891358, 'epoch': 0.33}
{'loss': 2.9051, 'grad_norm': 0.24994850158691406, 'learning_rate': 0.000778437808244094, 'epoch': 0.33}
{'loss': 2.9389, 'grad_norm': 0.26212969422340393, 'learning_rate': 0.000778272110284272, 'epoch': 0.33}
{'loss': 3.0942, 'grad_norm': 0.25264686346054077, 'learning_rate': 0.0007781063680382623, 'epoch': 0.33}
{'loss': 3.0662, 'grad_norm': 0.2828822731971741, 'learning_rate': 0.0007779405815324423, 'epoch': 0.33}
{'loss': 2.9965, 'grad_norm': 0.253488689661026, 'learning_rate': 0.0007777747507931965, 'epoch': 0.33}
{'loss': 2.8385, 'grad_norm': 0.2527826130390167, 'learning_rate': 0.0007776088758469162, 'epoch': 0.33}
{'loss': 3.1539, 'grad_norm': 0.27588167786598206, 'learning_rate': 0.0007774429567200001, 'epoch': 0.33}
{'loss': 3.1927, 'grad_norm': 0.2896961569786072, 'learning_rate': 0.0007772769934388537, 'epoch': 0.33}
{'loss': 3.0589, 'grad_norm': 0.28649473190307617, 'learning_rate': 0.0007771109860298895, 'epoch': 0.33}
{'loss': 3.0998, 'grad_norm': 0.26357749104499817, 'learning_rate': 0.0007769449345195271, 'epoch': 0.33}
{'loss': 3.1053, 'grad_norm': 0.25792473554611206, 'learning_rate': 0.0007767788389341932, 'epoch': 0.33}
{'loss': 3.062, 'grad_norm': 0.2603740990161896, 'learning_rate': 0.0007766126993003213, 'epoch': 0.33}
{'loss': 3.0413, 'grad_norm': 0.260661780834198, 'learning_rate': 0.0007764465156443521, 'epoch': 0.33}
{'loss': 3.0392, 'grad_norm': 0.2557688355445862, 'learning_rate': 0.0007762802879927334, 'epoch': 0.33}
{'loss': 3.0669, 'grad_norm': 0.23803238570690155, 'learning_rate': 0.0007761140163719194, 'epoch': 0.33}
{'loss': 3.1539, 'grad_norm': 0.2539219260215759, 'learning_rate': 0.0007759477008083722, 'epoch': 0.33}
{'loss': 3.1044, 'grad_norm': 0.25758904218673706, 'learning_rate': 0.00077578134132856, 'epoch': 0.33}
{'loss': 2.8452, 'grad_norm': 0.2705715596675873, 'learning_rate': 0.000775614937958959, 'epoch': 0.33}
{'loss': 3.0725, 'grad_norm': 0.2800523638725281, 'learning_rate': 0.0007754484907260512, 'epoch': 0.33}
{'loss': 3.1007, 'grad_norm': 0.2550713121891022, 'learning_rate': 0.0007752819996563267, 'epoch': 0.34}
{'loss': 2.9974, 'grad_norm': 0.2753569781780243, 'learning_rate': 0.0007751154647762817, 'epoch': 0.34}
{'loss': 3.1723, 'grad_norm': 0.25324371457099915, 'learning_rate': 0.00077494888611242, 'epoch': 0.34}
{'loss': 3.0157, 'grad_norm': 0.28249502182006836, 'learning_rate': 0.0007747822636912518, 'epoch': 0.34}
{'loss': 3.1675, 'grad_norm': 0.29521504044532776, 'learning_rate': 0.0007746155975392948, 'epoch': 0.34}
{'loss': 3.0516, 'grad_norm': 0.2612418532371521, 'learning_rate': 0.0007744488876830733, 'epoch': 0.34}
{'loss': 2.9896, 'grad_norm': 0.2571243643760681, 'learning_rate': 0.0007742821341491188, 'epoch': 0.34}
{'loss': 2.9778, 'grad_norm': 0.27241644263267517, 'learning_rate': 0.0007741153369639697, 'epoch': 0.34}
{'loss': 3.0486, 'grad_norm': 0.2623859643936157, 'learning_rate': 0.0007739484961541709, 'epoch': 0.34}
{'loss': 3.0268, 'grad_norm': 0.2799955904483795, 'learning_rate': 0.0007737816117462751, 'epoch': 0.34}
{'loss': 3.1033, 'grad_norm': 0.2779991924762726, 'learning_rate': 0.0007736146837668412, 'epoch': 0.34}
{'loss': 3.0852, 'grad_norm': 0.2402997463941574, 'learning_rate': 0.0007734477122424354, 'epoch': 0.34}
{'loss': 3.0355, 'grad_norm': 0.27026984095573425, 'learning_rate': 0.0007732806971996306, 'epoch': 0.34}
{'loss': 3.0513, 'grad_norm': 0.2759207487106323, 'learning_rate': 0.0007731136386650068, 'epoch': 0.34}
{'loss': 3.1635, 'grad_norm': 0.29583290219306946, 'learning_rate': 0.000772946536665151, 'epoch': 0.34}
{'loss': 3.0401, 'grad_norm': 0.2576349377632141, 'learning_rate': 0.0007727793912266568, 'epoch': 0.34}
{'loss': 2.9973, 'grad_norm': 0.2699267864227295, 'learning_rate': 0.0007726122023761251, 'epoch': 0.34}
{'loss': 3.0272, 'grad_norm': 0.2773590385913849, 'learning_rate': 0.0007724449701401633, 'epoch': 0.34}
{'loss': 3.097, 'grad_norm': 0.2776344120502472, 'learning_rate': 0.000772277694545386, 'epoch': 0.34}
{'loss': 2.9518, 'grad_norm': 0.26799193024635315, 'learning_rate': 0.0007721103756184146, 'epoch': 0.34}
{'loss': 3.1331, 'grad_norm': 0.26937732100486755, 'learning_rate': 0.0007719430133858778, 'epoch': 0.34}
{'loss': 2.9471, 'grad_norm': 0.2795499265193939, 'learning_rate': 0.0007717756078744102, 'epoch': 0.34}
{'loss': 3.0751, 'grad_norm': 0.2727524936199188, 'learning_rate': 0.0007716081591106541, 'epoch': 0.34}
{'loss': 3.0611, 'grad_norm': 0.25019964575767517, 'learning_rate': 0.0007714406671212588, 'epoch': 0.34}
{'loss': 3.026, 'grad_norm': 0.2966240346431732, 'learning_rate': 0.0007712731319328797, 'epoch': 0.34}
{'loss': 3.0555, 'grad_norm': 0.26272067427635193, 'learning_rate': 0.0007711055535721799, 'epoch': 0.34}
{'loss': 3.0004, 'grad_norm': 0.25665542483329773, 'learning_rate': 0.0007709379320658287, 'epoch': 0.34}
{'loss': 3.1581, 'grad_norm': 0.2863452136516571, 'learning_rate': 0.0007707702674405026, 'epoch': 0.34}
{'loss': 3.1055, 'grad_norm': 0.2623925805091858, 'learning_rate': 0.0007706025597228851, 'epoch': 0.34}
{'loss': 2.9762, 'grad_norm': 0.2520444393157959, 'learning_rate': 0.0007704348089396665, 'epoch': 0.34}
{'loss': 3.0859, 'grad_norm': 0.2778131663799286, 'learning_rate': 0.0007702670151175434, 'epoch': 0.34}
{'loss': 2.9568, 'grad_norm': 0.2596578598022461, 'learning_rate': 0.0007700991782832203, 'epoch': 0.34}
{'loss': 2.9538, 'grad_norm': 0.25796210765838623, 'learning_rate': 0.0007699312984634075, 'epoch': 0.34}
{'loss': 3.0154, 'grad_norm': 0.24148091673851013, 'learning_rate': 0.0007697633756848226, 'epoch': 0.34}
{'loss': 2.9273, 'grad_norm': 0.2798348367214203, 'learning_rate': 0.0007695954099741901, 'epoch': 0.34}
{'loss': 3.1451, 'grad_norm': 0.2687779664993286, 'learning_rate': 0.0007694274013582412, 'epoch': 0.34}
{'loss': 3.0439, 'grad_norm': 0.25627022981643677, 'learning_rate': 0.0007692593498637142, 'epoch': 0.34}
{'loss': 3.1073, 'grad_norm': 0.2661380171775818, 'learning_rate': 0.0007690912555173535, 'epoch': 0.34}
{'loss': 3.0464, 'grad_norm': 0.26469796895980835, 'learning_rate': 0.0007689231183459114, 'epoch': 0.34}
{'loss': 3.1566, 'grad_norm': 0.25754082202911377, 'learning_rate': 0.0007687549383761462, 'epoch': 0.34}
{'loss': 2.9545, 'grad_norm': 0.25210729241371155, 'learning_rate': 0.0007685867156348231, 'epoch': 0.34}
{'loss': 3.1464, 'grad_norm': 0.24557191133499146, 'learning_rate': 0.0007684184501487144, 'epoch': 0.34}
{'loss': 2.939, 'grad_norm': 0.2362569272518158, 'learning_rate': 0.0007682501419445991, 'epoch': 0.34}
{'loss': 3.0541, 'grad_norm': 0.2501187026500702, 'learning_rate': 0.0007680817910492629, 'epoch': 0.34}
{'loss': 3.1307, 'grad_norm': 0.26106834411621094, 'learning_rate': 0.0007679133974894983, 'epoch': 0.34}
{'loss': 2.9682, 'grad_norm': 0.25179722905158997, 'learning_rate': 0.0007677449612921047, 'epoch': 0.34}
{'loss': 2.9679, 'grad_norm': 0.2691364288330078, 'learning_rate': 0.0007675764824838882, 'epoch': 0.34}
{'loss': 2.9197, 'grad_norm': 0.2739308476448059, 'learning_rate': 0.0007674079610916618, 'epoch': 0.34}
{'loss': 3.1045, 'grad_norm': 0.2634229362010956, 'learning_rate': 0.0007672393971422448, 'epoch': 0.34}
{'loss': 2.9122, 'grad_norm': 0.25847360491752625, 'learning_rate': 0.0007670707906624643, 'epoch': 0.34}
{'loss': 3.0361, 'grad_norm': 0.2885274887084961, 'learning_rate': 0.0007669021416791533, 'epoch': 0.34}
{'loss': 3.1025, 'grad_norm': 0.2580534815788269, 'learning_rate': 0.0007667334502191514, 'epoch': 0.34}
{'loss': 2.9824, 'grad_norm': 0.2689305543899536, 'learning_rate': 0.0007665647163093055, 'epoch': 0.34}
{'loss': 3.182, 'grad_norm': 0.2718943655490875, 'learning_rate': 0.0007663959399764695, 'epoch': 0.34}
{'loss': 2.9838, 'grad_norm': 0.2517619729042053, 'learning_rate': 0.0007662271212475032, 'epoch': 0.34}
{'loss': 3.0223, 'grad_norm': 0.27376458048820496, 'learning_rate': 0.0007660582601492739, 'epoch': 0.34}
{'loss': 3.1136, 'grad_norm': 0.27364444732666016, 'learning_rate': 0.0007658893567086551, 'epoch': 0.34}
{'loss': 3.0182, 'grad_norm': 0.28274106979370117, 'learning_rate': 0.0007657204109525277, 'epoch': 0.34}
{'loss': 3.0335, 'grad_norm': 0.2530304789543152, 'learning_rate': 0.0007655514229077783, 'epoch': 0.34}
{'loss': 3.0032, 'grad_norm': 0.2569357752799988, 'learning_rate': 0.0007653823926013015, 'epoch': 0.34}
{'loss': 3.1019, 'grad_norm': 0.27193135023117065, 'learning_rate': 0.0007652133200599974, 'epoch': 0.34}
{'loss': 2.9904, 'grad_norm': 0.34684377908706665, 'learning_rate': 0.0007650442053107738, 'epoch': 0.34}
{'loss': 3.1549, 'grad_norm': 0.2781478464603424, 'learning_rate': 0.0007648750483805446, 'epoch': 0.34}
{'loss': 2.8731, 'grad_norm': 0.27957791090011597, 'learning_rate': 0.0007647058492962309, 'epoch': 0.34}
{'loss': 3.0713, 'grad_norm': 0.26707762479782104, 'learning_rate': 0.0007645366080847598, 'epoch': 0.34}
{'loss': 2.9716, 'grad_norm': 0.2949688732624054, 'learning_rate': 0.0007643673247730658, 'epoch': 0.34}
{'loss': 3.0089, 'grad_norm': 0.26252248883247375, 'learning_rate': 0.00076419799938809, 'epoch': 0.34}
{'loss': 3.1685, 'grad_norm': 0.2427179217338562, 'learning_rate': 0.0007640286319567797, 'epoch': 0.34}
{'loss': 3.0131, 'grad_norm': 0.2616051137447357, 'learning_rate': 0.0007638592225060895, 'epoch': 0.34}
{'loss': 3.1373, 'grad_norm': 0.2878991365432739, 'learning_rate': 0.0007636897710629803, 'epoch': 0.34}
{'loss': 3.033, 'grad_norm': 0.28367653489112854, 'learning_rate': 0.0007635202776544198, 'epoch': 0.34}
{'loss': 3.2443, 'grad_norm': 0.3007877469062805, 'learning_rate': 0.0007633507423073823, 'epoch': 0.34}
{'loss': 3.0009, 'grad_norm': 0.280803382396698, 'learning_rate': 0.000763181165048849, 'epoch': 0.34}
{'loss': 3.0345, 'grad_norm': 0.27870139479637146, 'learning_rate': 0.0007630115459058076, 'epoch': 0.34}
{'loss': 3.0722, 'grad_norm': 0.2748071849346161, 'learning_rate': 0.0007628418849052523, 'epoch': 0.34}
{'loss': 2.9836, 'grad_norm': 0.2651497423648834, 'learning_rate': 0.0007626721820741846, 'epoch': 0.34}
{'loss': 3.1019, 'grad_norm': 0.29490146040916443, 'learning_rate': 0.0007625024374396116, 'epoch': 0.34}
{'loss': 3.0627, 'grad_norm': 0.2674129605293274, 'learning_rate': 0.000762332651028548, 'epoch': 0.34}
{'loss': 2.9965, 'grad_norm': 0.2467416375875473, 'learning_rate': 0.0007621628228680148, 'epoch': 0.34}
{'loss': 3.0762, 'grad_norm': 0.25115054845809937, 'learning_rate': 0.0007619929529850397, 'epoch': 0.34}
{'loss': 2.9158, 'grad_norm': 0.23870949447155, 'learning_rate': 0.0007618230414066567, 'epoch': 0.34}
{'loss': 3.0885, 'grad_norm': 0.28865790367126465, 'learning_rate': 0.000761653088159907, 'epoch': 0.34}
{'loss': 3.0114, 'grad_norm': 0.22968003153800964, 'learning_rate': 0.0007614830932718381, 'epoch': 0.35}
{'loss': 3.063, 'grad_norm': 0.24869096279144287, 'learning_rate': 0.0007613130567695045, 'epoch': 0.35}
{'loss': 2.8509, 'grad_norm': 0.24470151960849762, 'learning_rate': 0.0007611429786799664, 'epoch': 0.35}
{'loss': 2.9356, 'grad_norm': 0.27184969186782837, 'learning_rate': 0.0007609728590302914, 'epoch': 0.35}
{'loss': 3.2101, 'grad_norm': 0.2629026472568512, 'learning_rate': 0.0007608026978475539, 'epoch': 0.35}
{'loss': 3.0061, 'grad_norm': 0.26618704199790955, 'learning_rate': 0.0007606324951588344, 'epoch': 0.35}
{'loss': 3.1192, 'grad_norm': 0.25816771388053894, 'learning_rate': 0.0007604622509912198, 'epoch': 0.35}
{'loss': 3.1652, 'grad_norm': 0.25815722346305847, 'learning_rate': 0.0007602919653718044, 'epoch': 0.35}
{'loss': 3.0139, 'grad_norm': 0.2578512728214264, 'learning_rate': 0.0007601216383276883, 'epoch': 0.35}
{'loss': 3.1264, 'grad_norm': 0.24518363177776337, 'learning_rate': 0.0007599512698859789, 'epoch': 0.35}
{'loss': 2.8714, 'grad_norm': 0.2576427161693573, 'learning_rate': 0.0007597808600737897, 'epoch': 0.35}
{'loss': 3.0174, 'grad_norm': 0.2611328661441803, 'learning_rate': 0.0007596104089182407, 'epoch': 0.35}
{'loss': 2.9546, 'grad_norm': 0.26405614614486694, 'learning_rate': 0.000759439916446459, 'epoch': 0.35}
{'loss': 3.0722, 'grad_norm': 0.28637373447418213, 'learning_rate': 0.0007592693826855779, 'epoch': 0.35}
{'loss': 3.0113, 'grad_norm': 0.27481967210769653, 'learning_rate': 0.0007590988076627372, 'epoch': 0.35}
{'loss': 3.1329, 'grad_norm': 0.27520686388015747, 'learning_rate': 0.0007589281914050836, 'epoch': 0.35}
{'loss': 2.9243, 'grad_norm': 0.28781455755233765, 'learning_rate': 0.0007587575339397701, 'epoch': 0.35}
{'loss': 3.0645, 'grad_norm': 0.25888752937316895, 'learning_rate': 0.0007585868352939563, 'epoch': 0.35}
{'loss': 3.0818, 'grad_norm': 0.27632200717926025, 'learning_rate': 0.0007584160954948085, 'epoch': 0.35}
{'loss': 3.0558, 'grad_norm': 0.29220497608184814, 'learning_rate': 0.0007582453145694992, 'epoch': 0.35}
{'loss': 3.0596, 'grad_norm': 0.28888705372810364, 'learning_rate': 0.000758074492545208, 'epoch': 0.35}
{'loss': 3.0166, 'grad_norm': 0.27176138758659363, 'learning_rate': 0.0007579036294491205, 'epoch': 0.35}
{'loss': 2.9988, 'grad_norm': 0.2778109610080719, 'learning_rate': 0.0007577327253084292, 'epoch': 0.35}
{'loss': 3.1198, 'grad_norm': 0.27650001645088196, 'learning_rate': 0.0007575617801503328, 'epoch': 0.35}
{'loss': 2.9912, 'grad_norm': 0.28457680344581604, 'learning_rate': 0.0007573907940020368, 'epoch': 0.35}
{'loss': 3.1562, 'grad_norm': 0.2562958598136902, 'learning_rate': 0.0007572197668907532, 'epoch': 0.35}
{'loss': 3.0734, 'grad_norm': 0.2854817509651184, 'learning_rate': 0.0007570486988437006, 'epoch': 0.35}
{'loss': 3.0086, 'grad_norm': 0.27638164162635803, 'learning_rate': 0.0007568775898881037, 'epoch': 0.35}
{'loss': 3.0792, 'grad_norm': 0.2674010396003723, 'learning_rate': 0.0007567064400511939, 'epoch': 0.35}
{'loss': 3.0368, 'grad_norm': 0.2805672287940979, 'learning_rate': 0.0007565352493602096, 'epoch': 0.35}
{'loss': 3.0133, 'grad_norm': 0.2639254927635193, 'learning_rate': 0.0007563640178423951, 'epoch': 0.35}
{'loss': 3.0396, 'grad_norm': 0.2818591594696045, 'learning_rate': 0.0007561927455250013, 'epoch': 0.35}
{'loss': 2.9952, 'grad_norm': 0.26191890239715576, 'learning_rate': 0.0007560214324352858, 'epoch': 0.35}
{'loss': 3.0184, 'grad_norm': 0.24698655307292938, 'learning_rate': 0.0007558500786005125, 'epoch': 0.35}
{'loss': 3.0514, 'grad_norm': 0.2558773458003998, 'learning_rate': 0.0007556786840479519, 'epoch': 0.35}
{'loss': 3.0711, 'grad_norm': 0.27407005429267883, 'learning_rate': 0.0007555072488048811, 'epoch': 0.35}
{'loss': 3.0627, 'grad_norm': 0.26846179366111755, 'learning_rate': 0.0007553357728985831, 'epoch': 0.35}
{'loss': 3.008, 'grad_norm': 0.2616383135318756, 'learning_rate': 0.0007551642563563482, 'epoch': 0.35}
{'loss': 3.0389, 'grad_norm': 0.26921939849853516, 'learning_rate': 0.0007549926992054725, 'epoch': 0.35}
{'loss': 3.0623, 'grad_norm': 0.26472359895706177, 'learning_rate': 0.0007548211014732589, 'epoch': 0.35}
{'loss': 3.0357, 'grad_norm': 0.25464150309562683, 'learning_rate': 0.0007546494631870168, 'epoch': 0.35}
{'loss': 3.0299, 'grad_norm': 0.26682984828948975, 'learning_rate': 0.0007544777843740617, 'epoch': 0.35}
{'loss': 2.9719, 'grad_norm': 0.2787412703037262, 'learning_rate': 0.0007543060650617158, 'epoch': 0.35}
{'loss': 3.0648, 'grad_norm': 0.2944371998310089, 'learning_rate': 0.0007541343052773079, 'epoch': 0.35}
{'loss': 2.9984, 'grad_norm': 0.28755781054496765, 'learning_rate': 0.000753962505048173, 'epoch': 0.35}
{'loss': 3.0589, 'grad_norm': 0.2771938443183899, 'learning_rate': 0.0007537906644016526, 'epoch': 0.35}
{'loss': 2.9835, 'grad_norm': 0.25916802883148193, 'learning_rate': 0.0007536187833650946, 'epoch': 0.35}
{'loss': 3.0433, 'grad_norm': 0.2937908470630646, 'learning_rate': 0.0007534468619658534, 'epoch': 0.35}
{'loss': 3.0057, 'grad_norm': 0.2590579092502594, 'learning_rate': 0.0007532749002312895, 'epoch': 0.35}
{'loss': 2.9114, 'grad_norm': 0.2957511842250824, 'learning_rate': 0.0007531028981887706, 'epoch': 0.35}
{'loss': 3.021, 'grad_norm': 0.2388850301504135, 'learning_rate': 0.00075293085586567, 'epoch': 0.35}
{'loss': 3.1072, 'grad_norm': 0.28230270743370056, 'learning_rate': 0.0007527587732893679, 'epoch': 0.35}
{'loss': 2.9172, 'grad_norm': 0.23887406289577484, 'learning_rate': 0.0007525866504872506, 'epoch': 0.35}
{'loss': 2.9819, 'grad_norm': 0.24744178354740143, 'learning_rate': 0.0007524144874867109, 'epoch': 0.35}
{'loss': 2.9366, 'grad_norm': 0.2592245042324066, 'learning_rate': 0.0007522422843151482, 'epoch': 0.35}
{'loss': 2.9898, 'grad_norm': 0.2613268196582794, 'learning_rate': 0.0007520700409999679, 'epoch': 0.35}
{'loss': 2.9635, 'grad_norm': 0.2624649703502655, 'learning_rate': 0.0007518977575685824, 'epoch': 0.35}
{'loss': 3.1595, 'grad_norm': 0.2524476647377014, 'learning_rate': 0.0007517254340484097, 'epoch': 0.35}
{'loss': 2.9549, 'grad_norm': 0.2662750482559204, 'learning_rate': 0.0007515530704668747, 'epoch': 0.35}
{'loss': 2.8456, 'grad_norm': 0.25077927112579346, 'learning_rate': 0.0007513806668514086, 'epoch': 0.35}
{'loss': 3.093, 'grad_norm': 0.27588340640068054, 'learning_rate': 0.000751208223229449, 'epoch': 0.35}
{'loss': 3.0892, 'grad_norm': 0.2640507221221924, 'learning_rate': 0.0007510357396284397, 'epoch': 0.35}
{'loss': 3.0749, 'grad_norm': 0.2425147444009781, 'learning_rate': 0.000750863216075831, 'epoch': 0.35}
{'loss': 2.9505, 'grad_norm': 0.26807233691215515, 'learning_rate': 0.0007506906525990795, 'epoch': 0.35}
{'loss': 2.9033, 'grad_norm': 0.2586742341518402, 'learning_rate': 0.0007505180492256482, 'epoch': 0.35}
{'loss': 2.9998, 'grad_norm': 0.25659820437431335, 'learning_rate': 0.0007503454059830064, 'epoch': 0.35}
{'loss': 3.0467, 'grad_norm': 0.28061020374298096, 'learning_rate': 0.0007501727228986294, 'epoch': 0.35}
{'loss': 3.0154, 'grad_norm': 0.2721240222454071, 'learning_rate': 0.00075, 'epoch': 0.35}
{'loss': 3.0128, 'grad_norm': 0.2810089886188507, 'learning_rate': 0.000749827237314606, 'epoch': 0.35}
{'loss': 3.0348, 'grad_norm': 0.2571152448654175, 'learning_rate': 0.0007496544348699421, 'epoch': 0.35}
{'loss': 2.9361, 'grad_norm': 0.24624155461788177, 'learning_rate': 0.0007494815926935093, 'epoch': 0.35}
{'loss': 3.0671, 'grad_norm': 0.2570940852165222, 'learning_rate': 0.0007493087108128151, 'epoch': 0.35}
{'loss': 2.9476, 'grad_norm': 0.2747173309326172, 'learning_rate': 0.0007491357892553729, 'epoch': 0.35}
{'loss': 3.0756, 'grad_norm': 0.29216793179512024, 'learning_rate': 0.000748962828048703, 'epoch': 0.35}
{'loss': 3.0797, 'grad_norm': 0.26930245757102966, 'learning_rate': 0.0007487898272203313, 'epoch': 0.35}
{'loss': 2.9811, 'grad_norm': 0.2561791241168976, 'learning_rate': 0.0007486167867977906, 'epoch': 0.35}
{'loss': 2.9849, 'grad_norm': 0.2750505208969116, 'learning_rate': 0.0007484437068086197, 'epoch': 0.35}
{'loss': 3.0088, 'grad_norm': 0.2790718376636505, 'learning_rate': 0.0007482705872803637, 'epoch': 0.35}
{'loss': 3.1453, 'grad_norm': 0.2841527462005615, 'learning_rate': 0.0007480974282405743, 'epoch': 0.35}
{'loss': 2.8765, 'grad_norm': 0.2872811555862427, 'learning_rate': 0.0007479242297168089, 'epoch': 0.35}
{'loss': 3.0831, 'grad_norm': 0.255058228969574, 'learning_rate': 0.0007477509917366319, 'epoch': 0.35}
{'loss': 2.9707, 'grad_norm': 0.26992782950401306, 'learning_rate': 0.0007475777143276133, 'epoch': 0.36}
{'loss': 2.9953, 'grad_norm': 0.2656029164791107, 'learning_rate': 0.0007474043975173299, 'epoch': 0.36}
{'loss': 3.0301, 'grad_norm': 0.26925018429756165, 'learning_rate': 0.0007472310413333645, 'epoch': 0.36}
{'loss': 2.9874, 'grad_norm': 0.2972377836704254, 'learning_rate': 0.0007470576458033062, 'epoch': 0.36}
{'loss': 2.9817, 'grad_norm': 0.2561836540699005, 'learning_rate': 0.0007468842109547505, 'epoch': 0.36}
{'loss': 3.1204, 'grad_norm': 0.258002907037735, 'learning_rate': 0.0007467107368152988, 'epoch': 0.36}
{'loss': 2.9626, 'grad_norm': 0.2413976937532425, 'learning_rate': 0.0007465372234125591, 'epoch': 0.36}
{'loss': 3.0627, 'grad_norm': 0.26585182547569275, 'learning_rate': 0.0007463636707741458, 'epoch': 0.36}
{'loss': 3.0317, 'grad_norm': 0.2443971186876297, 'learning_rate': 0.000746190078927679, 'epoch': 0.36}
{'loss': 3.0353, 'grad_norm': 0.22945952415466309, 'learning_rate': 0.0007460164479007854, 'epoch': 0.36}
{'loss': 2.9711, 'grad_norm': 0.2600128650665283, 'learning_rate': 0.000745842777721098, 'epoch': 0.36}
{'loss': 2.9112, 'grad_norm': 0.25515204668045044, 'learning_rate': 0.0007456690684162558, 'epoch': 0.36}
{'loss': 3.0472, 'grad_norm': 0.2528640925884247, 'learning_rate': 0.000745495320013904, 'epoch': 0.36}
{'loss': 2.9791, 'grad_norm': 0.24848902225494385, 'learning_rate': 0.0007453215325416943, 'epoch': 0.36}
{'loss': 3.1002, 'grad_norm': 0.3034301996231079, 'learning_rate': 0.0007451477060272843, 'epoch': 0.36}
{'loss': 3.0661, 'grad_norm': 0.27168965339660645, 'learning_rate': 0.0007449738404983384, 'epoch': 0.36}
{'loss': 3.1041, 'grad_norm': 0.26193171739578247, 'learning_rate': 0.0007447999359825263, 'epoch': 0.36}
{'loss': 3.0442, 'grad_norm': 0.2668282985687256, 'learning_rate': 0.0007446259925075246, 'epoch': 0.36}
{'loss': 3.0839, 'grad_norm': 0.2892306447029114, 'learning_rate': 0.0007444520101010157, 'epoch': 0.36}
{'loss': 2.9775, 'grad_norm': 0.23288510739803314, 'learning_rate': 0.0007442779887906889, 'epoch': 0.36}
{'loss': 3.0409, 'grad_norm': 0.27349400520324707, 'learning_rate': 0.0007441039286042387, 'epoch': 0.36}
{'loss': 2.9292, 'grad_norm': 0.24470525979995728, 'learning_rate': 0.0007439298295693664, 'epoch': 0.36}
{'loss': 3.1593, 'grad_norm': 0.2665560245513916, 'learning_rate': 0.0007437556917137792, 'epoch': 0.36}
{'loss': 3.1201, 'grad_norm': 0.2586481273174286, 'learning_rate': 0.0007435815150651911, 'epoch': 0.36}
{'loss': 3.0431, 'grad_norm': 0.2798011302947998, 'learning_rate': 0.0007434072996513214, 'epoch': 0.36}
{'loss': 3.1791, 'grad_norm': 0.2673351764678955, 'learning_rate': 0.0007432330454998959, 'epoch': 0.36}
{'loss': 2.9599, 'grad_norm': 0.2723500728607178, 'learning_rate': 0.0007430587526386469, 'epoch': 0.36}
{'loss': 2.9966, 'grad_norm': 0.2472044825553894, 'learning_rate': 0.0007428844210953126, 'epoch': 0.36}
{'loss': 2.955, 'grad_norm': 0.2697010040283203, 'learning_rate': 0.000742710050897637, 'epoch': 0.36}
{'loss': 2.8941, 'grad_norm': 0.24893438816070557, 'learning_rate': 0.000742535642073371, 'epoch': 0.36}
{'loss': 3.0105, 'grad_norm': 0.2626376748085022, 'learning_rate': 0.000742361194650271, 'epoch': 0.36}
{'loss': 3.0387, 'grad_norm': 0.261831134557724, 'learning_rate': 0.0007421867086561001, 'epoch': 0.36}
{'loss': 2.8774, 'grad_norm': 0.2554823160171509, 'learning_rate': 0.0007420121841186268, 'epoch': 0.36}
{'loss': 2.9925, 'grad_norm': 0.24716158211231232, 'learning_rate': 0.0007418376210656265, 'epoch': 0.36}
{'loss': 2.9599, 'grad_norm': 0.2518123388290405, 'learning_rate': 0.0007416630195248802, 'epoch': 0.36}
{'loss': 2.9517, 'grad_norm': 0.31856033205986023, 'learning_rate': 0.0007414883795241753, 'epoch': 0.36}
{'loss': 3.0427, 'grad_norm': 0.24340008199214935, 'learning_rate': 0.0007413137010913055, 'epoch': 0.36}
{'loss': 3.0955, 'grad_norm': 0.2843751907348633, 'learning_rate': 0.00074113898425407, 'epoch': 0.36}
{'loss': 3.1562, 'grad_norm': 0.25989457964897156, 'learning_rate': 0.0007409642290402744, 'epoch': 0.36}
{'loss': 3.0198, 'grad_norm': 0.2778109908103943, 'learning_rate': 0.0007407894354777309, 'epoch': 0.36}
{'loss': 2.9856, 'grad_norm': 0.2760240435600281, 'learning_rate': 0.0007406146035942569, 'epoch': 0.36}
{'loss': 3.1235, 'grad_norm': 0.2592872679233551, 'learning_rate': 0.0007404397334176769, 'epoch': 0.36}
{'loss': 3.1337, 'grad_norm': 0.27365148067474365, 'learning_rate': 0.0007402648249758203, 'epoch': 0.36}
{'loss': 3.0353, 'grad_norm': 0.25321006774902344, 'learning_rate': 0.0007400898782965239, 'epoch': 0.36}
{'loss': 2.9747, 'grad_norm': 0.2650645077228546, 'learning_rate': 0.0007399148934076297, 'epoch': 0.36}
{'loss': 2.9962, 'grad_norm': 0.2747389078140259, 'learning_rate': 0.0007397398703369862, 'epoch': 0.36}
{'loss': 3.1144, 'grad_norm': 0.29001930356025696, 'learning_rate': 0.0007395648091124475, 'epoch': 0.36}
{'loss': 2.9674, 'grad_norm': 0.24507467448711395, 'learning_rate': 0.0007393897097618742, 'epoch': 0.36}
{'loss': 2.8682, 'grad_norm': 0.26848146319389343, 'learning_rate': 0.000739214572313133, 'epoch': 0.36}
{'loss': 3.0, 'grad_norm': 0.266472190618515, 'learning_rate': 0.0007390393967940962, 'epoch': 0.36}
{'loss': 3.1095, 'grad_norm': 0.2708059847354889, 'learning_rate': 0.0007388641832326426, 'epoch': 0.36}
{'loss': 3.0019, 'grad_norm': 0.2732617259025574, 'learning_rate': 0.000738688931656657, 'epoch': 0.36}
{'loss': 2.9889, 'grad_norm': 0.27176856994628906, 'learning_rate': 0.0007385136420940304, 'epoch': 0.36}
{'loss': 2.907, 'grad_norm': 0.25673365592956543, 'learning_rate': 0.0007383383145726592, 'epoch': 0.36}
{'loss': 3.0911, 'grad_norm': 0.3483812212944031, 'learning_rate': 0.0007381629491204463, 'epoch': 0.36}
{'loss': 2.9309, 'grad_norm': 0.2567282021045685, 'learning_rate': 0.0007379875457653009, 'epoch': 0.36}
{'loss': 2.9915, 'grad_norm': 0.2804239094257355, 'learning_rate': 0.0007378121045351377, 'epoch': 0.36}
{'loss': 3.1389, 'grad_norm': 0.28238189220428467, 'learning_rate': 0.0007376366254578777, 'epoch': 0.36}
{'loss': 3.1135, 'grad_norm': 0.26174068450927734, 'learning_rate': 0.0007374611085614477, 'epoch': 0.36}
{'loss': 3.0026, 'grad_norm': 0.24902863800525665, 'learning_rate': 0.0007372855538737811, 'epoch': 0.36}
{'loss': 2.9932, 'grad_norm': 0.27992868423461914, 'learning_rate': 0.0007371099614228166, 'epoch': 0.36}
{'loss': 3.0089, 'grad_norm': 0.2589775621891022, 'learning_rate': 0.0007369343312364993, 'epoch': 0.36}
{'loss': 2.9058, 'grad_norm': 0.2685905992984772, 'learning_rate': 0.0007367586633427803, 'epoch': 0.36}
{'loss': 3.0859, 'grad_norm': 0.2590138912200928, 'learning_rate': 0.0007365829577696166, 'epoch': 0.36}
{'loss': 3.1017, 'grad_norm': 0.26973089575767517, 'learning_rate': 0.0007364072145449712, 'epoch': 0.36}
{'loss': 2.9909, 'grad_norm': 0.26017236709594727, 'learning_rate': 0.000736231433696813, 'epoch': 0.36}
{'loss': 3.0303, 'grad_norm': 0.2565574645996094, 'learning_rate': 0.000736055615253117, 'epoch': 0.36}
{'loss': 2.9913, 'grad_norm': 0.2718594968318939, 'learning_rate': 0.0007358797592418645, 'epoch': 0.36}
{'loss': 2.9521, 'grad_norm': 0.26174136996269226, 'learning_rate': 0.0007357038656910423, 'epoch': 0.36}
{'loss': 3.1322, 'grad_norm': 0.23755311965942383, 'learning_rate': 0.0007355279346286432, 'epoch': 0.36}
{'loss': 2.9888, 'grad_norm': 0.2718004584312439, 'learning_rate': 0.0007353519660826664, 'epoch': 0.36}
{'loss': 2.9953, 'grad_norm': 0.26970723271369934, 'learning_rate': 0.0007351759600811163, 'epoch': 0.36}
{'loss': 2.9234, 'grad_norm': 0.28209125995635986, 'learning_rate': 0.0007349999166520043, 'epoch': 0.36}
{'loss': 3.0703, 'grad_norm': 0.2657800018787384, 'learning_rate': 0.0007348238358233467, 'epoch': 0.36}
{'loss': 2.9761, 'grad_norm': 0.2675813138484955, 'learning_rate': 0.0007346477176231668, 'epoch': 0.36}
{'loss': 3.1047, 'grad_norm': 0.2617213726043701, 'learning_rate': 0.0007344715620794928, 'epoch': 0.36}
{'loss': 2.981, 'grad_norm': 0.26141926646232605, 'learning_rate': 0.0007342953692203593, 'epoch': 0.36}
{'loss': 2.8072, 'grad_norm': 0.2705601453781128, 'learning_rate': 0.0007341191390738072, 'epoch': 0.36}
{'loss': 3.0008, 'grad_norm': 0.2672012448310852, 'learning_rate': 0.0007339428716678831, 'epoch': 0.36}
{'loss': 3.0616, 'grad_norm': 0.270034521818161, 'learning_rate': 0.0007337665670306391, 'epoch': 0.36}
{'loss': 2.8234, 'grad_norm': 0.26943811774253845, 'learning_rate': 0.0007335902251901335, 'epoch': 0.36}
{'loss': 3.1169, 'grad_norm': 0.27992892265319824, 'learning_rate': 0.000733413846174431, 'epoch': 0.37}
{'loss': 3.037, 'grad_norm': 0.2570453882217407, 'learning_rate': 0.0007332374300116016, 'epoch': 0.37}
{'loss': 2.8745, 'grad_norm': 0.2540034353733063, 'learning_rate': 0.0007330609767297213, 'epoch': 0.37}
{'loss': 3.1246, 'grad_norm': 0.255356103181839, 'learning_rate': 0.0007328844863568721, 'epoch': 0.37}
{'loss': 2.9457, 'grad_norm': 0.2733311355113983, 'learning_rate': 0.0007327079589211422, 'epoch': 0.37}
{'loss': 3.0018, 'grad_norm': 0.275850385427475, 'learning_rate': 0.0007325313944506253, 'epoch': 0.37}
{'loss': 3.0504, 'grad_norm': 0.23004883527755737, 'learning_rate': 0.000732354792973421, 'epoch': 0.37}
{'loss': 2.9855, 'grad_norm': 0.27724745869636536, 'learning_rate': 0.0007321781545176349, 'epoch': 0.37}
{'loss': 2.8152, 'grad_norm': 0.2656599283218384, 'learning_rate': 0.0007320014791113787, 'epoch': 0.37}
{'loss': 2.8981, 'grad_norm': 0.4003136456012726, 'learning_rate': 0.0007318247667827696, 'epoch': 0.37}
{'loss': 3.0089, 'grad_norm': 0.24874062836170197, 'learning_rate': 0.0007316480175599309, 'epoch': 0.37}
{'loss': 3.0365, 'grad_norm': 0.26551854610443115, 'learning_rate': 0.0007314712314709917, 'epoch': 0.37}
{'loss': 2.8641, 'grad_norm': 0.2579593062400818, 'learning_rate': 0.000731294408544087, 'epoch': 0.37}
{'loss': 3.0035, 'grad_norm': 0.24524380266666412, 'learning_rate': 0.0007311175488073576, 'epoch': 0.37}
{'loss': 3.1569, 'grad_norm': 0.2616378962993622, 'learning_rate': 0.0007309406522889503, 'epoch': 0.37}
{'loss': 3.0577, 'grad_norm': 0.257430762052536, 'learning_rate': 0.0007307637190170175, 'epoch': 0.37}
{'loss': 2.9372, 'grad_norm': 0.26528409123420715, 'learning_rate': 0.0007305867490197179, 'epoch': 0.37}
{'loss': 3.085, 'grad_norm': 0.26807865500450134, 'learning_rate': 0.0007304097423252155, 'epoch': 0.37}
{'loss': 3.1438, 'grad_norm': 0.24615757167339325, 'learning_rate': 0.0007302326989616805, 'epoch': 0.37}
{'loss': 2.9292, 'grad_norm': 0.230068176984787, 'learning_rate': 0.0007300556189572887, 'epoch': 0.37}
{'loss': 2.9548, 'grad_norm': 0.2725357711315155, 'learning_rate': 0.000729878502340222, 'epoch': 0.37}
{'loss': 2.8596, 'grad_norm': 0.24918131530284882, 'learning_rate': 0.0007297013491386679, 'epoch': 0.37}
{'loss': 2.962, 'grad_norm': 0.2583698332309723, 'learning_rate': 0.0007295241593808199, 'epoch': 0.37}
{'loss': 2.9058, 'grad_norm': 0.2878822684288025, 'learning_rate': 0.0007293469330948775, 'epoch': 0.37}
{'loss': 3.0598, 'grad_norm': 0.2759774923324585, 'learning_rate': 0.0007291696703090449, 'epoch': 0.37}
{'loss': 3.0327, 'grad_norm': 0.2511471211910248, 'learning_rate': 0.0007289923710515338, 'epoch': 0.37}
{'loss': 2.881, 'grad_norm': 0.26663699746131897, 'learning_rate': 0.0007288150353505604, 'epoch': 0.37}
{'loss': 3.0103, 'grad_norm': 0.25326937437057495, 'learning_rate': 0.0007286376632343474, 'epoch': 0.37}
{'loss': 3.0088, 'grad_norm': 0.26153621077537537, 'learning_rate': 0.0007284602547311229, 'epoch': 0.37}
{'loss': 2.9087, 'grad_norm': 0.2618410587310791, 'learning_rate': 0.000728282809869121, 'epoch': 0.37}
{'loss': 3.0982, 'grad_norm': 0.2734462320804596, 'learning_rate': 0.0007281053286765816, 'epoch': 0.37}
{'loss': 2.9242, 'grad_norm': 0.2648320198059082, 'learning_rate': 0.0007279278111817501, 'epoch': 0.37}
{'loss': 3.0393, 'grad_norm': 0.2926103472709656, 'learning_rate': 0.0007277502574128779, 'epoch': 0.37}
{'loss': 3.0817, 'grad_norm': 0.2606796622276306, 'learning_rate': 0.0007275726673982224, 'epoch': 0.37}
{'loss': 2.9084, 'grad_norm': 0.2755483388900757, 'learning_rate': 0.0007273950411660465, 'epoch': 0.37}
{'loss': 3.0856, 'grad_norm': 0.2698045074939728, 'learning_rate': 0.0007272173787446187, 'epoch': 0.37}
{'loss': 3.0126, 'grad_norm': 0.2688843607902527, 'learning_rate': 0.0007270396801622134, 'epoch': 0.37}
{'loss': 3.1821, 'grad_norm': 0.2899530231952667, 'learning_rate': 0.0007268619454471112, 'epoch': 0.37}
{'loss': 3.0334, 'grad_norm': 0.2631957530975342, 'learning_rate': 0.0007266841746275977, 'epoch': 0.37}
{'loss': 3.0325, 'grad_norm': 0.24946996569633484, 'learning_rate': 0.0007265063677319647, 'epoch': 0.37}
{'loss': 2.9053, 'grad_norm': 0.275635302066803, 'learning_rate': 0.0007263285247885097, 'epoch': 0.37}
{'loss': 3.1158, 'grad_norm': 0.26060837507247925, 'learning_rate': 0.0007261506458255356, 'epoch': 0.37}
{'loss': 3.0966, 'grad_norm': 0.27939823269844055, 'learning_rate': 0.0007259727308713517, 'epoch': 0.37}
{'loss': 2.8952, 'grad_norm': 0.2723853588104248, 'learning_rate': 0.0007257947799542726, 'epoch': 0.37}
{'loss': 2.9245, 'grad_norm': 0.25740012526512146, 'learning_rate': 0.0007256167931026184, 'epoch': 0.37}
{'loss': 3.1221, 'grad_norm': 0.2713296711444855, 'learning_rate': 0.0007254387703447154, 'epoch': 0.37}
{'loss': 3.2068, 'grad_norm': 0.2765200436115265, 'learning_rate': 0.0007252607117088954, 'epoch': 0.37}
{'loss': 2.9436, 'grad_norm': 0.2530531585216522, 'learning_rate': 0.0007250826172234957, 'epoch': 0.37}
{'loss': 3.191, 'grad_norm': 0.27352455258369446, 'learning_rate': 0.0007249044869168598, 'epoch': 0.37}
{'loss': 3.0185, 'grad_norm': 0.2526562809944153, 'learning_rate': 0.0007247263208173363, 'epoch': 0.37}
{'loss': 3.116, 'grad_norm': 0.27080628275871277, 'learning_rate': 0.00072454811895328, 'epoch': 0.37}
{'loss': 3.044, 'grad_norm': 0.279902845621109, 'learning_rate': 0.0007243698813530514, 'epoch': 0.37}
{'loss': 3.1083, 'grad_norm': 0.24600368738174438, 'learning_rate': 0.0007241916080450163, 'epoch': 0.37}
{'loss': 3.0758, 'grad_norm': 0.28293195366859436, 'learning_rate': 0.0007240132990575461, 'epoch': 0.37}
{'loss': 3.0837, 'grad_norm': 0.26621294021606445, 'learning_rate': 0.0007238349544190183, 'epoch': 0.37}
{'loss': 3.0589, 'grad_norm': 0.25038281083106995, 'learning_rate': 0.0007236565741578163, 'epoch': 0.37}
{'loss': 3.0646, 'grad_norm': 0.261506587266922, 'learning_rate': 0.0007234781583023285, 'epoch': 0.37}
{'loss': 2.9892, 'grad_norm': 0.2872411906719208, 'learning_rate': 0.0007232997068809491, 'epoch': 0.37}
{'loss': 2.9718, 'grad_norm': 0.25177323818206787, 'learning_rate': 0.0007231212199220785, 'epoch': 0.37}
{'loss': 3.027, 'grad_norm': 0.2856981158256531, 'learning_rate': 0.0007229426974541221, 'epoch': 0.37}
{'loss': 3.036, 'grad_norm': 0.2673482596874237, 'learning_rate': 0.0007227641395054912, 'epoch': 0.37}
{'loss': 2.9466, 'grad_norm': 0.26397261023521423, 'learning_rate': 0.0007225855461046028, 'epoch': 0.37}
{'loss': 3.047, 'grad_norm': 0.26033568382263184, 'learning_rate': 0.0007224069172798797, 'epoch': 0.37}
{'loss': 3.1405, 'grad_norm': 0.2784445881843567, 'learning_rate': 0.0007222282530597501, 'epoch': 0.37}
{'loss': 2.9563, 'grad_norm': 0.26637032628059387, 'learning_rate': 0.0007220495534726478, 'epoch': 0.37}
{'loss': 2.9009, 'grad_norm': 0.25352945923805237, 'learning_rate': 0.0007218708185470122, 'epoch': 0.37}
{'loss': 2.9613, 'grad_norm': 0.2845567762851715, 'learning_rate': 0.0007216920483112886, 'epoch': 0.37}
{'loss': 2.9975, 'grad_norm': 0.26232263445854187, 'learning_rate': 0.0007215132427939278, 'epoch': 0.37}
{'loss': 2.9582, 'grad_norm': 0.2703576982021332, 'learning_rate': 0.0007213344020233861, 'epoch': 0.37}
{'loss': 2.8625, 'grad_norm': 0.2815602719783783, 'learning_rate': 0.0007211555260281254, 'epoch': 0.37}
{'loss': 2.9552, 'grad_norm': 0.2891567647457123, 'learning_rate': 0.0007209766148366135, 'epoch': 0.37}
{'loss': 2.9898, 'grad_norm': 0.270778089761734, 'learning_rate': 0.0007207976684773233, 'epoch': 0.37}
{'loss': 3.0898, 'grad_norm': 0.26401659846305847, 'learning_rate': 0.0007206186869787338, 'epoch': 0.37}
{'loss': 2.9181, 'grad_norm': 0.2570471465587616, 'learning_rate': 0.0007204396703693293, 'epoch': 0.37}
{'loss': 3.2298, 'grad_norm': 0.2853054702281952, 'learning_rate': 0.0007202606186775998, 'epoch': 0.37}
{'loss': 2.9367, 'grad_norm': 0.2818225622177124, 'learning_rate': 0.0007200815319320409, 'epoch': 0.37}
{'loss': 2.8783, 'grad_norm': 0.2594548165798187, 'learning_rate': 0.0007199024101611535, 'epoch': 0.37}
{'loss': 2.986, 'grad_norm': 0.24185065925121307, 'learning_rate': 0.0007197232533934447, 'epoch': 0.37}
{'loss': 2.9992, 'grad_norm': 0.26868462562561035, 'learning_rate': 0.0007195440616574265, 'epoch': 0.37}
{'loss': 2.9938, 'grad_norm': 0.2815835177898407, 'learning_rate': 0.0007193648349816166, 'epoch': 0.37}
{'loss': 3.0089, 'grad_norm': 0.2650683522224426, 'learning_rate': 0.0007191855733945387, 'epoch': 0.37}
{'loss': 3.021, 'grad_norm': 0.26725277304649353, 'learning_rate': 0.0007190062769247218, 'epoch': 0.38}
{'loss': 3.0383, 'grad_norm': 0.272702693939209, 'learning_rate': 0.0007188269456007, 'epoch': 0.38}
{'loss': 2.8512, 'grad_norm': 0.2614859640598297, 'learning_rate': 0.0007186475794510135, 'epoch': 0.38}
{'loss': 3.0381, 'grad_norm': 0.2706820070743561, 'learning_rate': 0.0007184681785042082, 'epoch': 0.38}
{'loss': 2.9436, 'grad_norm': 0.27234378457069397, 'learning_rate': 0.0007182887427888351, 'epoch': 0.38}
{'loss': 3.1091, 'grad_norm': 0.28837651014328003, 'learning_rate': 0.0007181092723334506, 'epoch': 0.38}
{'loss': 3.1311, 'grad_norm': 0.2568054795265198, 'learning_rate': 0.0007179297671666171, 'epoch': 0.38}
{'loss': 3.0574, 'grad_norm': 0.26598069071769714, 'learning_rate': 0.0007177502273169024, 'epoch': 0.38}
{'loss': 2.9724, 'grad_norm': 0.2684130072593689, 'learning_rate': 0.0007175706528128795, 'epoch': 0.38}
{'loss': 2.9332, 'grad_norm': 0.2949839234352112, 'learning_rate': 0.0007173910436831274, 'epoch': 0.38}
{'loss': 3.0517, 'grad_norm': 0.267869770526886, 'learning_rate': 0.0007172113999562302, 'epoch': 0.38}
{'loss': 3.1695, 'grad_norm': 0.2404787838459015, 'learning_rate': 0.0007170317216607778, 'epoch': 0.38}
{'loss': 2.9477, 'grad_norm': 0.26664167642593384, 'learning_rate': 0.0007168520088253654, 'epoch': 0.38}
{'loss': 3.0674, 'grad_norm': 0.24067288637161255, 'learning_rate': 0.0007166722614785937, 'epoch': 0.38}
{'loss': 2.9113, 'grad_norm': 0.263874888420105, 'learning_rate': 0.0007164924796490688, 'epoch': 0.38}
{'loss': 2.9396, 'grad_norm': 0.24404481053352356, 'learning_rate': 0.0007163126633654032, 'epoch': 0.38}
{'loss': 3.1604, 'grad_norm': 0.24976854026317596, 'learning_rate': 0.0007161328126562132, 'epoch': 0.38}
{'loss': 3.1031, 'grad_norm': 0.2593487799167633, 'learning_rate': 0.0007159529275501221, 'epoch': 0.38}
{'loss': 2.8695, 'grad_norm': 0.2535868287086487, 'learning_rate': 0.0007157730080757579, 'epoch': 0.38}
{'loss': 2.9883, 'grad_norm': 0.23554091155529022, 'learning_rate': 0.0007155930542617542, 'epoch': 0.38}
{'loss': 3.2736, 'grad_norm': 0.25431880354881287, 'learning_rate': 0.0007154130661367503, 'epoch': 0.38}
{'loss': 3.0892, 'grad_norm': 0.26702216267585754, 'learning_rate': 0.0007152330437293906, 'epoch': 0.38}
{'loss': 3.0614, 'grad_norm': 0.26720336079597473, 'learning_rate': 0.000715052987068325, 'epoch': 0.38}
{'loss': 3.0342, 'grad_norm': 0.2704712152481079, 'learning_rate': 0.0007148728961822096, 'epoch': 0.38}
{'loss': 3.1727, 'grad_norm': 0.30266690254211426, 'learning_rate': 0.0007146927710997047, 'epoch': 0.38}
{'loss': 3.0082, 'grad_norm': 0.2580937445163727, 'learning_rate': 0.0007145126118494768, 'epoch': 0.38}
{'loss': 3.1735, 'grad_norm': 0.25518661737442017, 'learning_rate': 0.000714332418460198, 'epoch': 0.38}
{'loss': 3.1505, 'grad_norm': 0.2501823902130127, 'learning_rate': 0.0007141521909605451, 'epoch': 0.38}
{'loss': 3.016, 'grad_norm': 0.2368156760931015, 'learning_rate': 0.0007139719293792013, 'epoch': 0.38}
{'loss': 2.9011, 'grad_norm': 0.2579740285873413, 'learning_rate': 0.0007137916337448543, 'epoch': 0.38}
{'loss': 3.112, 'grad_norm': 0.26149216294288635, 'learning_rate': 0.0007136113040861979, 'epoch': 0.38}
{'loss': 2.9986, 'grad_norm': 0.2632237374782562, 'learning_rate': 0.0007134309404319308, 'epoch': 0.38}
{'loss': 2.8306, 'grad_norm': 0.2712239623069763, 'learning_rate': 0.0007132505428107574, 'epoch': 0.38}
{'loss': 3.0437, 'grad_norm': 0.28231582045555115, 'learning_rate': 0.0007130701112513876, 'epoch': 0.38}
{'loss': 3.1783, 'grad_norm': 0.2493583858013153, 'learning_rate': 0.0007128896457825364, 'epoch': 0.38}
{'loss': 2.9966, 'grad_norm': 0.25986605882644653, 'learning_rate': 0.0007127091464329243, 'epoch': 0.38}
{'loss': 3.1167, 'grad_norm': 0.24908779561519623, 'learning_rate': 0.0007125286132312774, 'epoch': 0.38}
{'loss': 3.1982, 'grad_norm': 0.26711323857307434, 'learning_rate': 0.0007123480462063271, 'epoch': 0.38}
{'loss': 3.0983, 'grad_norm': 0.4528540074825287, 'learning_rate': 0.0007121674453868097, 'epoch': 0.38}
{'loss': 2.9306, 'grad_norm': 0.2582334876060486, 'learning_rate': 0.0007119868108014677, 'epoch': 0.38}
{'loss': 3.02, 'grad_norm': 0.29315611720085144, 'learning_rate': 0.0007118061424790484, 'epoch': 0.38}
{'loss': 3.0608, 'grad_norm': 0.28166091442108154, 'learning_rate': 0.0007116254404483048, 'epoch': 0.38}
{'loss': 3.1304, 'grad_norm': 0.30219510197639465, 'learning_rate': 0.0007114447047379946, 'epoch': 0.38}
{'loss': 2.9121, 'grad_norm': 0.28987687826156616, 'learning_rate': 0.0007112639353768819, 'epoch': 0.38}
{'loss': 3.08, 'grad_norm': 0.27743619680404663, 'learning_rate': 0.0007110831323937356, 'epoch': 0.38}
{'loss': 3.0816, 'grad_norm': 0.29217851161956787, 'learning_rate': 0.0007109022958173296, 'epoch': 0.38}
{'loss': 3.0739, 'grad_norm': 0.2713213264942169, 'learning_rate': 0.0007107214256764438, 'epoch': 0.38}
{'loss': 3.0015, 'grad_norm': 0.2657904326915741, 'learning_rate': 0.0007105405219998629, 'epoch': 0.38}
{'loss': 3.0263, 'grad_norm': 0.2593529224395752, 'learning_rate': 0.0007103595848163774, 'epoch': 0.38}
{'loss': 2.9064, 'grad_norm': 0.28250235319137573, 'learning_rate': 0.0007101786141547828, 'epoch': 0.38}
{'loss': 2.9175, 'grad_norm': 0.26883664727211, 'learning_rate': 0.0007099976100438801, 'epoch': 0.38}
{'loss': 2.9527, 'grad_norm': 0.2560793459415436, 'learning_rate': 0.0007098165725124755, 'epoch': 0.38}
{'loss': 3.0822, 'grad_norm': 0.25433698296546936, 'learning_rate': 0.0007096355015893809, 'epoch': 0.38}
{'loss': 3.0116, 'grad_norm': 0.27415791153907776, 'learning_rate': 0.0007094543973034129, 'epoch': 0.38}
{'loss': 3.0186, 'grad_norm': 0.2517842650413513, 'learning_rate': 0.0007092732596833937, 'epoch': 0.38}
{'loss': 3.1004, 'grad_norm': 0.2656136453151703, 'learning_rate': 0.0007090920887581507, 'epoch': 0.38}
{'loss': 2.9252, 'grad_norm': 0.23868049681186676, 'learning_rate': 0.0007089108845565172, 'epoch': 0.38}
{'loss': 3.1386, 'grad_norm': 0.2546214163303375, 'learning_rate': 0.000708729647107331, 'epoch': 0.38}
{'loss': 2.9566, 'grad_norm': 0.2529316544532776, 'learning_rate': 0.0007085483764394354, 'epoch': 0.38}
{'loss': 3.0293, 'grad_norm': 0.25096964836120605, 'learning_rate': 0.0007083670725816794, 'epoch': 0.38}
{'loss': 3.1373, 'grad_norm': 0.25933218002319336, 'learning_rate': 0.0007081857355629167, 'epoch': 0.38}
{'loss': 3.1576, 'grad_norm': 0.26418337225914, 'learning_rate': 0.0007080043654120068, 'epoch': 0.38}
{'loss': 3.0119, 'grad_norm': 0.2517086863517761, 'learning_rate': 0.0007078229621578139, 'epoch': 0.38}
{'loss': 2.9187, 'grad_norm': 0.25305575132369995, 'learning_rate': 0.0007076415258292081, 'epoch': 0.38}
{'loss': 3.0715, 'grad_norm': 0.28568610548973083, 'learning_rate': 0.0007074600564550643, 'epoch': 0.38}
{'loss': 2.935, 'grad_norm': 0.25422343611717224, 'learning_rate': 0.0007072785540642629, 'epoch': 0.38}
{'loss': 3.03, 'grad_norm': 0.2588469386100769, 'learning_rate': 0.0007070970186856893, 'epoch': 0.38}
{'loss': 3.0434, 'grad_norm': 0.24846778810024261, 'learning_rate': 0.0007069154503482346, 'epoch': 0.38}
{'loss': 2.9389, 'grad_norm': 0.25060561299324036, 'learning_rate': 0.0007067338490807947, 'epoch': 0.38}
{'loss': 2.9567, 'grad_norm': 0.285299152135849, 'learning_rate': 0.000706552214912271, 'epoch': 0.38}
{'loss': 3.1854, 'grad_norm': 0.26621299982070923, 'learning_rate': 0.0007063705478715698, 'epoch': 0.38}
{'loss': 2.7724, 'grad_norm': 0.27823373675346375, 'learning_rate': 0.000706188847987603, 'epoch': 0.38}
{'loss': 2.9207, 'grad_norm': 0.26206517219543457, 'learning_rate': 0.0007060071152892877, 'epoch': 0.38}
{'loss': 3.0863, 'grad_norm': 0.27844828367233276, 'learning_rate': 0.0007058253498055463, 'epoch': 0.38}
{'loss': 3.0683, 'grad_norm': 0.2783769965171814, 'learning_rate': 0.000705643551565306, 'epoch': 0.38}
{'loss': 3.1314, 'grad_norm': 0.25125786662101746, 'learning_rate': 0.0007054617205974991, 'epoch': 0.38}
{'loss': 2.9373, 'grad_norm': 0.2818312346935272, 'learning_rate': 0.000705279856931064, 'epoch': 0.38}
{'loss': 2.8459, 'grad_norm': 0.24580922722816467, 'learning_rate': 0.0007050979605949436, 'epoch': 0.38}
{'loss': 3.1154, 'grad_norm': 0.2470434606075287, 'learning_rate': 0.0007049160316180863, 'epoch': 0.38}
{'loss': 3.1101, 'grad_norm': 0.2665979266166687, 'learning_rate': 0.0007047340700294453, 'epoch': 0.38}
{'loss': 2.9477, 'grad_norm': 0.26529693603515625, 'learning_rate': 0.0007045520758579793, 'epoch': 0.38}
{'loss': 2.9089, 'grad_norm': 0.2423483282327652, 'learning_rate': 0.0007043700491326524, 'epoch': 0.39}
{'loss': 3.07, 'grad_norm': 0.24909745156764984, 'learning_rate': 0.0007041879898824334, 'epoch': 0.39}
{'loss': 2.9894, 'grad_norm': 0.27868545055389404, 'learning_rate': 0.0007040058981362964, 'epoch': 0.39}
{'loss': 3.0314, 'grad_norm': 0.28060752153396606, 'learning_rate': 0.000703823773923221, 'epoch': 0.39}
{'loss': 3.0293, 'grad_norm': 0.25989851355552673, 'learning_rate': 0.0007036416172721916, 'epoch': 0.39}
{'loss': 2.9085, 'grad_norm': 0.28883662819862366, 'learning_rate': 0.0007034594282121979, 'epoch': 0.39}
{'loss': 3.1111, 'grad_norm': 0.2714977264404297, 'learning_rate': 0.0007032772067722348, 'epoch': 0.39}
{'loss': 2.8816, 'grad_norm': 0.26739469170570374, 'learning_rate': 0.0007030949529813022, 'epoch': 0.39}
{'loss': 3.0078, 'grad_norm': 0.255849152803421, 'learning_rate': 0.0007029126668684055, 'epoch': 0.39}
{'loss': 2.9448, 'grad_norm': 0.25525107979774475, 'learning_rate': 0.0007027303484625546, 'epoch': 0.39}
{'loss': 3.0397, 'grad_norm': 0.2640390694141388, 'learning_rate': 0.0007025479977927654, 'epoch': 0.39}
{'loss': 2.9153, 'grad_norm': 0.2620304226875305, 'learning_rate': 0.0007023656148880582, 'epoch': 0.39}
{'loss': 3.0816, 'grad_norm': 0.32106149196624756, 'learning_rate': 0.0007021831997774586, 'epoch': 0.39}
{'loss': 3.1234, 'grad_norm': 0.2674718499183655, 'learning_rate': 0.0007020007524899977, 'epoch': 0.39}
{'loss': 3.027, 'grad_norm': 0.2768656611442566, 'learning_rate': 0.0007018182730547112, 'epoch': 0.39}
{'loss': 3.042, 'grad_norm': 0.25237324833869934, 'learning_rate': 0.0007016357615006404, 'epoch': 0.39}
{'loss': 2.8841, 'grad_norm': 0.2925274968147278, 'learning_rate': 0.0007014532178568313, 'epoch': 0.39}
{'loss': 3.1554, 'grad_norm': 0.26093003153800964, 'learning_rate': 0.0007012706421523354, 'epoch': 0.39}
{'loss': 3.0777, 'grad_norm': 0.26181909441947937, 'learning_rate': 0.0007010880344162087, 'epoch': 0.39}
{'loss': 3.053, 'grad_norm': 0.2544134259223938, 'learning_rate': 0.0007009053946775131, 'epoch': 0.39}
{'loss': 2.9468, 'grad_norm': 0.2639753520488739, 'learning_rate': 0.0007007227229653149, 'epoch': 0.39}
{'loss': 3.0333, 'grad_norm': 0.27709314227104187, 'learning_rate': 0.000700540019308686, 'epoch': 0.39}
{'loss': 2.9583, 'grad_norm': 0.2564060688018799, 'learning_rate': 0.0007003572837367029, 'epoch': 0.39}
{'loss': 3.096, 'grad_norm': 0.2747242748737335, 'learning_rate': 0.0007001745162784476, 'epoch': 0.39}
{'loss': 3.0735, 'grad_norm': 0.273987352848053, 'learning_rate': 0.0006999917169630068, 'epoch': 0.39}
{'loss': 2.9481, 'grad_norm': 0.25232213735580444, 'learning_rate': 0.0006998088858194727, 'epoch': 0.39}
{'loss': 3.0956, 'grad_norm': 0.26422902941703796, 'learning_rate': 0.0006996260228769424, 'epoch': 0.39}
{'loss': 3.0778, 'grad_norm': 0.2526620328426361, 'learning_rate': 0.0006994431281645177, 'epoch': 0.39}
{'loss': 2.9371, 'grad_norm': 0.27073782682418823, 'learning_rate': 0.0006992602017113058, 'epoch': 0.39}
{'loss': 2.9269, 'grad_norm': 0.2831476032733917, 'learning_rate': 0.0006990772435464191, 'epoch': 0.39}
{'loss': 3.0887, 'grad_norm': 0.24991506338119507, 'learning_rate': 0.000698894253698975, 'epoch': 0.39}
{'loss': 3.0368, 'grad_norm': 0.27113351225852966, 'learning_rate': 0.0006987112321980953, 'epoch': 0.39}
{'loss': 2.9558, 'grad_norm': 0.4590306580066681, 'learning_rate': 0.0006985281790729076, 'epoch': 0.39}
{'loss': 3.0355, 'grad_norm': 0.2612392008304596, 'learning_rate': 0.0006983450943525445, 'epoch': 0.39}
{'loss': 3.0159, 'grad_norm': 0.2568442225456238, 'learning_rate': 0.0006981619780661429, 'epoch': 0.39}
{'loss': 2.9422, 'grad_norm': 0.2664889693260193, 'learning_rate': 0.0006979788302428455, 'epoch': 0.39}
{'loss': 3.027, 'grad_norm': 0.30179479718208313, 'learning_rate': 0.0006977956509118, 'epoch': 0.39}
{'loss': 2.9983, 'grad_norm': 0.2545415163040161, 'learning_rate': 0.0006976124401021583, 'epoch': 0.39}
{'loss': 2.9455, 'grad_norm': 0.28209835290908813, 'learning_rate': 0.0006974291978430782, 'epoch': 0.39}
{'loss': 2.8884, 'grad_norm': 0.2695949375629425, 'learning_rate': 0.0006972459241637221, 'epoch': 0.39}
{'loss': 2.8892, 'grad_norm': 0.264932781457901, 'learning_rate': 0.0006970626190932574, 'epoch': 0.39}
{'loss': 3.0758, 'grad_norm': 0.26076680421829224, 'learning_rate': 0.0006968792826608567, 'epoch': 0.39}
{'loss': 3.0897, 'grad_norm': 0.29834023118019104, 'learning_rate': 0.0006966959148956974, 'epoch': 0.39}
{'loss': 3.0389, 'grad_norm': 0.27838632464408875, 'learning_rate': 0.0006965125158269618, 'epoch': 0.39}
{'loss': 2.9681, 'grad_norm': 0.28531110286712646, 'learning_rate': 0.0006963290854838375, 'epoch': 0.39}
{'loss': 3.0745, 'grad_norm': 0.2698735296726227, 'learning_rate': 0.000696145623895517, 'epoch': 0.39}
{'loss': 2.8703, 'grad_norm': 0.2606051564216614, 'learning_rate': 0.0006959621310911973, 'epoch': 0.39}
{'loss': 2.9091, 'grad_norm': 0.28393813967704773, 'learning_rate': 0.000695778607100081, 'epoch': 0.39}
{'loss': 3.0137, 'grad_norm': 0.2506210505962372, 'learning_rate': 0.0006955950519513754, 'epoch': 0.39}
{'loss': 2.9126, 'grad_norm': 0.2604260742664337, 'learning_rate': 0.0006954114656742927, 'epoch': 0.39}
{'loss': 3.0208, 'grad_norm': 0.2621326744556427, 'learning_rate': 0.00069522784829805, 'epoch': 0.39}
{'loss': 2.9198, 'grad_norm': 0.34076929092407227, 'learning_rate': 0.0006950441998518699, 'epoch': 0.39}
{'loss': 3.0813, 'grad_norm': 0.2514421343803406, 'learning_rate': 0.0006948605203649791, 'epoch': 0.39}
{'loss': 3.0662, 'grad_norm': 0.27823546528816223, 'learning_rate': 0.0006946768098666096, 'epoch': 0.39}
{'loss': 3.1128, 'grad_norm': 0.2845568060874939, 'learning_rate': 0.0006944930683859987, 'epoch': 0.39}
{'loss': 3.1217, 'grad_norm': 0.268746018409729, 'learning_rate': 0.000694309295952388, 'epoch': 0.39}
{'loss': 3.0061, 'grad_norm': 0.25192826986312866, 'learning_rate': 0.0006941254925950247, 'epoch': 0.39}
{'loss': 2.924, 'grad_norm': 0.2803269326686859, 'learning_rate': 0.0006939416583431603, 'epoch': 0.39}
{'loss': 2.9539, 'grad_norm': 0.2954035997390747, 'learning_rate': 0.0006937577932260515, 'epoch': 0.39}
{'loss': 2.9799, 'grad_norm': 0.2638000249862671, 'learning_rate': 0.0006935738972729601, 'epoch': 0.39}
{'loss': 3.0154, 'grad_norm': 0.29055219888687134, 'learning_rate': 0.0006933899705131522, 'epoch': 0.39}
{'loss': 3.0091, 'grad_norm': 0.2672565281391144, 'learning_rate': 0.0006932060129758995, 'epoch': 0.39}
{'loss': 2.9584, 'grad_norm': 0.2856682240962982, 'learning_rate': 0.0006930220246904782, 'epoch': 0.39}
{'loss': 3.0471, 'grad_norm': 0.2896139621734619, 'learning_rate': 0.0006928380056861698, 'epoch': 0.39}
{'loss': 3.1622, 'grad_norm': 0.2866876721382141, 'learning_rate': 0.0006926539559922599, 'epoch': 0.39}
{'loss': 2.8786, 'grad_norm': 0.2892286479473114, 'learning_rate': 0.0006924698756380398, 'epoch': 0.39}
{'loss': 3.0959, 'grad_norm': 0.26557275652885437, 'learning_rate': 0.000692285764652805, 'epoch': 0.39}
{'loss': 2.9914, 'grad_norm': 0.24545764923095703, 'learning_rate': 0.0006921016230658568, 'epoch': 0.39}
{'loss': 3.0903, 'grad_norm': 0.2792240083217621, 'learning_rate': 0.0006919174509065003, 'epoch': 0.39}
{'loss': 3.0313, 'grad_norm': 0.236500546336174, 'learning_rate': 0.0006917332482040459, 'epoch': 0.39}
{'loss': 3.1368, 'grad_norm': 0.2734750807285309, 'learning_rate': 0.0006915490149878095, 'epoch': 0.39}
{'loss': 3.0444, 'grad_norm': 0.24687355756759644, 'learning_rate': 0.0006913647512871106, 'epoch': 0.39}
{'loss': 2.9996, 'grad_norm': 0.2589890956878662, 'learning_rate': 0.0006911804571312746, 'epoch': 0.39}
{'loss': 2.9743, 'grad_norm': 0.25998032093048096, 'learning_rate': 0.0006909961325496312, 'epoch': 0.39}
{'loss': 2.8738, 'grad_norm': 0.2514762282371521, 'learning_rate': 0.0006908117775715155, 'epoch': 0.39}
{'loss': 2.9767, 'grad_norm': 0.25036197900772095, 'learning_rate': 0.0006906273922262665, 'epoch': 0.39}
{'loss': 2.9819, 'grad_norm': 0.28018978238105774, 'learning_rate': 0.000690442976543229, 'epoch': 0.39}
{'loss': 2.9446, 'grad_norm': 0.26330098509788513, 'learning_rate': 0.000690258530551752, 'epoch': 0.39}
{'loss': 2.9618, 'grad_norm': 0.2606334388256073, 'learning_rate': 0.0006900740542811895, 'epoch': 0.39}
{'loss': 3.1918, 'grad_norm': 0.28760576248168945, 'learning_rate': 0.0006898895477609006, 'epoch': 0.39}
{'loss': 3.0471, 'grad_norm': 0.28608793020248413, 'learning_rate': 0.0006897050110202487, 'epoch': 0.39}
{'loss': 2.9834, 'grad_norm': 0.2612013518810272, 'learning_rate': 0.0006895204440886026, 'epoch': 0.39}
{'loss': 3.1186, 'grad_norm': 0.24575217068195343, 'learning_rate': 0.0006893358469953352, 'epoch': 0.4}
{'loss': 2.9896, 'grad_norm': 0.24205511808395386, 'learning_rate': 0.0006891512197698249, 'epoch': 0.4}
{'loss': 2.8736, 'grad_norm': 0.22385773062705994, 'learning_rate': 0.0006889665624414543, 'epoch': 0.4}
{'loss': 3.0161, 'grad_norm': 0.2515946328639984, 'learning_rate': 0.0006887818750396115, 'epoch': 0.4}
{'loss': 2.9973, 'grad_norm': 0.28182172775268555, 'learning_rate': 0.0006885971575936883, 'epoch': 0.4}
{'loss': 3.2514, 'grad_norm': 0.2687603235244751, 'learning_rate': 0.0006884124101330826, 'epoch': 0.4}
{'loss': 3.2384, 'grad_norm': 0.25703778862953186, 'learning_rate': 0.0006882276326871961, 'epoch': 0.4}
{'loss': 3.092, 'grad_norm': 0.27535974979400635, 'learning_rate': 0.0006880428252854356, 'epoch': 0.4}
{'loss': 2.9552, 'grad_norm': 0.2455151528120041, 'learning_rate': 0.0006878579879572124, 'epoch': 0.4}
{'loss': 2.8152, 'grad_norm': 0.2610573172569275, 'learning_rate': 0.0006876731207319434, 'epoch': 0.4}
{'loss': 3.084, 'grad_norm': 0.26225557923316956, 'learning_rate': 0.0006874882236390494, 'epoch': 0.4}
{'loss': 2.9356, 'grad_norm': 0.2632385492324829, 'learning_rate': 0.0006873032967079561, 'epoch': 0.4}
{'loss': 3.107, 'grad_norm': 0.2698688507080078, 'learning_rate': 0.0006871183399680942, 'epoch': 0.4}
{'loss': 3.1042, 'grad_norm': 0.2843724191188812, 'learning_rate': 0.0006869333534488989, 'epoch': 0.4}
{'loss': 2.9192, 'grad_norm': 0.27395766973495483, 'learning_rate': 0.0006867483371798105, 'epoch': 0.4}
{'loss': 2.9929, 'grad_norm': 0.24805781245231628, 'learning_rate': 0.0006865632911902735, 'epoch': 0.4}
{'loss': 3.1033, 'grad_norm': 0.2636597156524658, 'learning_rate': 0.0006863782155097375, 'epoch': 0.4}
{'loss': 2.9493, 'grad_norm': 0.25536656379699707, 'learning_rate': 0.000686193110167657, 'epoch': 0.4}
{'loss': 2.9047, 'grad_norm': 0.27310994267463684, 'learning_rate': 0.0006860079751934908, 'epoch': 0.4}
{'loss': 2.8258, 'grad_norm': 0.2520204782485962, 'learning_rate': 0.0006858228106167024, 'epoch': 0.4}
{'loss': 2.9869, 'grad_norm': 0.25601711869239807, 'learning_rate': 0.0006856376164667606, 'epoch': 0.4}
{'loss': 2.9362, 'grad_norm': 0.26670852303504944, 'learning_rate': 0.0006854523927731381, 'epoch': 0.4}
{'loss': 2.8138, 'grad_norm': 0.30819565057754517, 'learning_rate': 0.0006852671395653129, 'epoch': 0.4}
{'loss': 2.8254, 'grad_norm': 0.2543482482433319, 'learning_rate': 0.0006850818568727677, 'epoch': 0.4}
{'loss': 2.9809, 'grad_norm': 0.265828400850296, 'learning_rate': 0.0006848965447249893, 'epoch': 0.4}
{'loss': 2.859, 'grad_norm': 0.2555660903453827, 'learning_rate': 0.0006847112031514698, 'epoch': 0.4}
{'loss': 3.0145, 'grad_norm': 0.26213061809539795, 'learning_rate': 0.0006845258321817058, 'epoch': 0.4}
{'loss': 2.9102, 'grad_norm': 0.26140883564949036, 'learning_rate': 0.0006843404318451984, 'epoch': 0.4}
{'loss': 3.0241, 'grad_norm': 0.28189030289649963, 'learning_rate': 0.0006841550021714535, 'epoch': 0.4}
{'loss': 2.8292, 'grad_norm': 0.2722354829311371, 'learning_rate': 0.0006839695431899819, 'epoch': 0.4}
{'loss': 2.9573, 'grad_norm': 0.26690584421157837, 'learning_rate': 0.0006837840549302987, 'epoch': 0.4}
{'loss': 2.9588, 'grad_norm': 0.27703678607940674, 'learning_rate': 0.000683598537421924, 'epoch': 0.4}
{'loss': 3.1423, 'grad_norm': 0.2639690339565277, 'learning_rate': 0.0006834129906943821, 'epoch': 0.4}
{'loss': 2.8659, 'grad_norm': 0.29680708050727844, 'learning_rate': 0.0006832274147772023, 'epoch': 0.4}
{'loss': 2.9609, 'grad_norm': 0.2860395908355713, 'learning_rate': 0.0006830418096999185, 'epoch': 0.4}
{'loss': 3.2092, 'grad_norm': 0.28702017664909363, 'learning_rate': 0.0006828561754920693, 'epoch': 0.4}
{'loss': 2.826, 'grad_norm': 0.24526511132717133, 'learning_rate': 0.0006826705121831977, 'epoch': 0.4}
{'loss': 3.1924, 'grad_norm': 0.2831924557685852, 'learning_rate': 0.0006824848198028513, 'epoch': 0.4}
{'loss': 2.9592, 'grad_norm': 0.26389631628990173, 'learning_rate': 0.0006822990983805828, 'epoch': 0.4}
{'loss': 3.0582, 'grad_norm': 0.2535451352596283, 'learning_rate': 0.0006821133479459491, 'epoch': 0.4}
{'loss': 2.9918, 'grad_norm': 0.2632334530353546, 'learning_rate': 0.0006819275685285121, 'epoch': 0.4}
{'loss': 3.0475, 'grad_norm': 0.24998390674591064, 'learning_rate': 0.0006817417601578375, 'epoch': 0.4}
{'loss': 2.9895, 'grad_norm': 0.26279741525650024, 'learning_rate': 0.0006815559228634965, 'epoch': 0.4}
{'loss': 3.1311, 'grad_norm': 0.24732919037342072, 'learning_rate': 0.0006813700566750644, 'epoch': 0.4}
{'loss': 2.8757, 'grad_norm': 0.29808685183525085, 'learning_rate': 0.0006811841616221217, 'epoch': 0.4}
{'loss': 3.0462, 'grad_norm': 0.2703096270561218, 'learning_rate': 0.0006809982377342525, 'epoch': 0.4}
{'loss': 3.0066, 'grad_norm': 0.2640065848827362, 'learning_rate': 0.000680812285041046, 'epoch': 0.4}
{'loss': 3.0756, 'grad_norm': 0.43788328766822815, 'learning_rate': 0.0006806263035720968, 'epoch': 0.4}
{'loss': 2.9969, 'grad_norm': 0.31860068440437317, 'learning_rate': 0.0006804402933570026, 'epoch': 0.4}
{'loss': 2.9763, 'grad_norm': 0.2695656716823578, 'learning_rate': 0.0006802542544253664, 'epoch': 0.4}
{'loss': 3.0021, 'grad_norm': 0.24908554553985596, 'learning_rate': 0.000680068186806796, 'epoch': 0.4}
{'loss': 3.0494, 'grad_norm': 0.2804258167743683, 'learning_rate': 0.0006798820905309036, 'epoch': 0.4}
{'loss': 2.9742, 'grad_norm': 0.29017162322998047, 'learning_rate': 0.0006796959656273055, 'epoch': 0.4}
{'loss': 3.0527, 'grad_norm': 0.2621064782142639, 'learning_rate': 0.0006795098121256232, 'epoch': 0.4}
{'loss': 2.9904, 'grad_norm': 0.2666615843772888, 'learning_rate': 0.0006793236300554824, 'epoch': 0.4}
{'loss': 3.0586, 'grad_norm': 0.2659776210784912, 'learning_rate': 0.0006791374194465135, 'epoch': 0.4}
{'loss': 3.0519, 'grad_norm': 0.2638305127620697, 'learning_rate': 0.0006789511803283511, 'epoch': 0.4}
{'loss': 3.0489, 'grad_norm': 0.2693239450454712, 'learning_rate': 0.000678764912730635, 'epoch': 0.4}
{'loss': 2.9208, 'grad_norm': 0.26833775639533997, 'learning_rate': 0.0006785786166830089, 'epoch': 0.4}
{'loss': 2.8597, 'grad_norm': 0.2648559510707855, 'learning_rate': 0.0006783922922151213, 'epoch': 0.4}
{'loss': 2.9616, 'grad_norm': 0.24877196550369263, 'learning_rate': 0.0006782059393566253, 'epoch': 0.4}
{'loss': 2.9486, 'grad_norm': 0.25953516364097595, 'learning_rate': 0.0006780195581371784, 'epoch': 0.4}
{'loss': 2.9721, 'grad_norm': 0.27330324053764343, 'learning_rate': 0.0006778331485864424, 'epoch': 0.4}
{'loss': 3.0386, 'grad_norm': 0.25840964913368225, 'learning_rate': 0.0006776467107340842, 'epoch': 0.4}
{'loss': 3.1057, 'grad_norm': 0.25381234288215637, 'learning_rate': 0.0006774602446097744, 'epoch': 0.4}
{'loss': 3.0287, 'grad_norm': 0.22523283958435059, 'learning_rate': 0.0006772737502431889, 'epoch': 0.4}
{'loss': 3.0482, 'grad_norm': 0.2529310882091522, 'learning_rate': 0.0006770872276640075, 'epoch': 0.4}
{'loss': 3.027, 'grad_norm': 0.26359888911247253, 'learning_rate': 0.0006769006769019148, 'epoch': 0.4}
{'loss': 2.8787, 'grad_norm': 0.2660251557826996, 'learning_rate': 0.0006767140979865998, 'epoch': 0.4}
{'loss': 2.8917, 'grad_norm': 0.2373865693807602, 'learning_rate': 0.000676527490947756, 'epoch': 0.4}
{'loss': 2.9475, 'grad_norm': 0.2527511417865753, 'learning_rate': 0.0006763408558150813, 'epoch': 0.4}
{'loss': 3.095, 'grad_norm': 0.27031251788139343, 'learning_rate': 0.0006761541926182783, 'epoch': 0.4}
{'loss': 2.9665, 'grad_norm': 0.255336195230484, 'learning_rate': 0.0006759675013870537, 'epoch': 0.4}
{'loss': 2.8335, 'grad_norm': 0.27119141817092896, 'learning_rate': 0.000675780782151119, 'epoch': 0.4}
{'loss': 2.9625, 'grad_norm': 0.25946831703186035, 'learning_rate': 0.00067559403494019, 'epoch': 0.4}
{'loss': 2.9822, 'grad_norm': 0.26207688450813293, 'learning_rate': 0.0006754072597839869, 'epoch': 0.4}
{'loss': 2.9689, 'grad_norm': 0.28793177008628845, 'learning_rate': 0.0006752204567122344, 'epoch': 0.4}
{'loss': 2.9117, 'grad_norm': 0.2541288137435913, 'learning_rate': 0.0006750336257546618, 'epoch': 0.4}
{'loss': 3.0637, 'grad_norm': 0.2787894904613495, 'learning_rate': 0.0006748467669410026, 'epoch': 0.4}
{'loss': 3.1231, 'grad_norm': 0.26958370208740234, 'learning_rate': 0.0006746598803009947, 'epoch': 0.4}
{'loss': 3.0568, 'grad_norm': 0.29181963205337524, 'learning_rate': 0.0006744729658643807, 'epoch': 0.4}
{'loss': 3.0914, 'grad_norm': 0.26995766162872314, 'learning_rate': 0.0006742860236609076, 'epoch': 0.41}
{'loss': 3.1893, 'grad_norm': 0.2809025049209595, 'learning_rate': 0.0006740990537203266, 'epoch': 0.41}
{'loss': 2.9986, 'grad_norm': 0.2783272862434387, 'learning_rate': 0.0006739120560723933, 'epoch': 0.41}
{'loss': 2.9102, 'grad_norm': 0.27115440368652344, 'learning_rate': 0.000673725030746868, 'epoch': 0.41}
{'loss': 3.061, 'grad_norm': 0.2599635422229767, 'learning_rate': 0.0006735379777735151, 'epoch': 0.41}
{'loss': 2.961, 'grad_norm': 0.2635442614555359, 'learning_rate': 0.0006733508971821036, 'epoch': 0.41}
{'loss': 3.042, 'grad_norm': 0.3043256103992462, 'learning_rate': 0.0006731637890024069, 'epoch': 0.41}
{'loss': 3.0593, 'grad_norm': 0.2689937353134155, 'learning_rate': 0.0006729766532642024, 'epoch': 0.41}
{'loss': 3.1667, 'grad_norm': 0.24413271248340607, 'learning_rate': 0.0006727894899972726, 'epoch': 0.41}
{'loss': 2.9543, 'grad_norm': 0.2552299201488495, 'learning_rate': 0.0006726022992314037, 'epoch': 0.41}
{'loss': 2.9318, 'grad_norm': 0.25916415452957153, 'learning_rate': 0.0006724150809963867, 'epoch': 0.41}
{'loss': 2.9899, 'grad_norm': 0.25949639081954956, 'learning_rate': 0.0006722278353220169, 'epoch': 0.41}
{'loss': 3.0898, 'grad_norm': 0.2423969954252243, 'learning_rate': 0.0006720405622380937, 'epoch': 0.41}
{'loss': 3.0783, 'grad_norm': 0.26901939511299133, 'learning_rate': 0.0006718532617744212, 'epoch': 0.41}
{'loss': 3.0617, 'grad_norm': 0.26961463689804077, 'learning_rate': 0.0006716659339608077, 'epoch': 0.41}
{'loss': 2.958, 'grad_norm': 0.25825074315071106, 'learning_rate': 0.0006714785788270658, 'epoch': 0.41}
{'loss': 3.004, 'grad_norm': 0.27035385370254517, 'learning_rate': 0.0006712911964030125, 'epoch': 0.41}
{'loss': 3.0409, 'grad_norm': 0.24641719460487366, 'learning_rate': 0.0006711037867184694, 'epoch': 0.41}
{'loss': 2.9194, 'grad_norm': 0.2710129916667938, 'learning_rate': 0.0006709163498032619, 'epoch': 0.41}
{'loss': 3.0611, 'grad_norm': 0.26574087142944336, 'learning_rate': 0.0006707288856872203, 'epoch': 0.41}
{'loss': 3.107, 'grad_norm': 0.2686760425567627, 'learning_rate': 0.0006705413944001786, 'epoch': 0.41}
{'loss': 2.9481, 'grad_norm': 0.28891292214393616, 'learning_rate': 0.000670353875971976, 'epoch': 0.41}
{'loss': 2.8591, 'grad_norm': 0.2986460328102112, 'learning_rate': 0.000670166330432455, 'epoch': 0.41}
{'loss': 3.1481, 'grad_norm': 0.26157549023628235, 'learning_rate': 0.000669978757811463, 'epoch': 0.41}
{'loss': 2.9098, 'grad_norm': 0.2768212556838989, 'learning_rate': 0.0006697911581388519, 'epoch': 0.41}
{'loss': 2.9198, 'grad_norm': 0.2866961658000946, 'learning_rate': 0.0006696035314444777, 'epoch': 0.41}
{'loss': 3.0045, 'grad_norm': 0.274356484413147, 'learning_rate': 0.0006694158777582004, 'epoch': 0.41}
{'loss': 2.9526, 'grad_norm': 0.26920709013938904, 'learning_rate': 0.0006692281971098842, 'epoch': 0.41}
{'loss': 2.9386, 'grad_norm': 0.24923387169837952, 'learning_rate': 0.0006690404895293987, 'epoch': 0.41}
{'loss': 2.8314, 'grad_norm': 0.25139033794403076, 'learning_rate': 0.0006688527550466164, 'epoch': 0.41}
{'loss': 3.0892, 'grad_norm': 0.259941965341568, 'learning_rate': 0.0006686649936914151, 'epoch': 0.41}
{'loss': 3.0499, 'grad_norm': 0.2511329650878906, 'learning_rate': 0.000668477205493676, 'epoch': 0.41}
{'loss': 2.9937, 'grad_norm': 0.2697407603263855, 'learning_rate': 0.0006682893904832855, 'epoch': 0.41}
{'loss': 3.0422, 'grad_norm': 0.25437769293785095, 'learning_rate': 0.0006681015486901335, 'epoch': 0.41}
{'loss': 2.9888, 'grad_norm': 0.2585098147392273, 'learning_rate': 0.0006679136801441147, 'epoch': 0.41}
{'loss': 2.951, 'grad_norm': 0.2735584080219269, 'learning_rate': 0.0006677257848751275, 'epoch': 0.41}
{'loss': 3.0814, 'grad_norm': 0.27188634872436523, 'learning_rate': 0.0006675378629130753, 'epoch': 0.41}
{'loss': 2.9964, 'grad_norm': 0.2804020047187805, 'learning_rate': 0.000667349914287865, 'epoch': 0.41}
{'loss': 2.954, 'grad_norm': 0.2686381936073303, 'learning_rate': 0.0006671619390294082, 'epoch': 0.41}
{'loss': 3.073, 'grad_norm': 0.27272239327430725, 'learning_rate': 0.0006669739371676205, 'epoch': 0.41}
{'loss': 3.0728, 'grad_norm': 0.25639209151268005, 'learning_rate': 0.000666785908732422, 'epoch': 0.41}
{'loss': 3.0248, 'grad_norm': 0.2724650502204895, 'learning_rate': 0.0006665978537537369, 'epoch': 0.41}
{'loss': 3.0832, 'grad_norm': 0.249225914478302, 'learning_rate': 0.0006664097722614933, 'epoch': 0.41}
{'loss': 2.9761, 'grad_norm': 0.24888046085834503, 'learning_rate': 0.0006662216642856243, 'epoch': 0.41}
{'loss': 3.0496, 'grad_norm': 0.25765663385391235, 'learning_rate': 0.0006660335298560662, 'epoch': 0.41}
{'loss': 2.9335, 'grad_norm': 0.25926917791366577, 'learning_rate': 0.0006658453690027604, 'epoch': 0.41}
{'loss': 2.8398, 'grad_norm': 0.26609882712364197, 'learning_rate': 0.0006656571817556519, 'epoch': 0.41}
{'loss': 2.8934, 'grad_norm': 0.25150221586227417, 'learning_rate': 0.0006654689681446904, 'epoch': 0.41}
{'loss': 3.0643, 'grad_norm': 0.26122334599494934, 'learning_rate': 0.0006652807281998294, 'epoch': 0.41}
{'loss': 2.8364, 'grad_norm': 0.23794832825660706, 'learning_rate': 0.0006650924619510267, 'epoch': 0.41}
{'loss': 3.0523, 'grad_norm': 0.23973312973976135, 'learning_rate': 0.0006649041694282446, 'epoch': 0.41}
{'loss': 2.9092, 'grad_norm': 0.27970650792121887, 'learning_rate': 0.000664715850661449, 'epoch': 0.41}
{'loss': 2.9877, 'grad_norm': 0.2635691165924072, 'learning_rate': 0.0006645275056806103, 'epoch': 0.41}
{'loss': 2.9684, 'grad_norm': 0.27413931488990784, 'learning_rate': 0.0006643391345157031, 'epoch': 0.41}
{'loss': 3.0284, 'grad_norm': 0.2686366140842438, 'learning_rate': 0.0006641507371967062, 'epoch': 0.41}
{'loss': 3.0456, 'grad_norm': 0.29021838307380676, 'learning_rate': 0.0006639623137536022, 'epoch': 0.41}
{'loss': 3.0916, 'grad_norm': 0.2679126262664795, 'learning_rate': 0.0006637738642163785, 'epoch': 0.41}
{'loss': 3.0359, 'grad_norm': 0.2646224796772003, 'learning_rate': 0.0006635853886150261, 'epoch': 0.41}
{'loss': 3.0388, 'grad_norm': 0.25018659234046936, 'learning_rate': 0.0006633968869795404, 'epoch': 0.41}
{'loss': 2.8943, 'grad_norm': 0.2706983983516693, 'learning_rate': 0.0006632083593399209, 'epoch': 0.41}
{'loss': 3.1998, 'grad_norm': 0.2770584225654602, 'learning_rate': 0.0006630198057261709, 'epoch': 0.41}
{'loss': 3.0923, 'grad_norm': 0.2701423764228821, 'learning_rate': 0.0006628312261682986, 'epoch': 0.41}
{'loss': 2.8108, 'grad_norm': 0.25295302271842957, 'learning_rate': 0.0006626426206963157, 'epoch': 0.41}
{'loss': 3.0097, 'grad_norm': 0.27000030875205994, 'learning_rate': 0.0006624539893402382, 'epoch': 0.41}
{'loss': 3.1634, 'grad_norm': 0.26853036880493164, 'learning_rate': 0.0006622653321300863, 'epoch': 0.41}
{'loss': 3.0284, 'grad_norm': 0.25852176547050476, 'learning_rate': 0.0006620766490958842, 'epoch': 0.41}
{'loss': 2.8885, 'grad_norm': 0.27904224395751953, 'learning_rate': 0.0006618879402676601, 'epoch': 0.41}
{'loss': 3.0508, 'grad_norm': 0.2597365975379944, 'learning_rate': 0.0006616992056754466, 'epoch': 0.41}
{'loss': 2.852, 'grad_norm': 0.29273301362991333, 'learning_rate': 0.0006615104453492802, 'epoch': 0.41}
{'loss': 3.0747, 'grad_norm': 0.2753222584724426, 'learning_rate': 0.0006613216593192016, 'epoch': 0.41}
{'loss': 3.013, 'grad_norm': 0.27113065123558044, 'learning_rate': 0.0006611328476152556, 'epoch': 0.41}
{'loss': 3.0784, 'grad_norm': 0.26366090774536133, 'learning_rate': 0.0006609440102674909, 'epoch': 0.41}
{'loss': 3.0411, 'grad_norm': 0.263816773891449, 'learning_rate': 0.0006607551473059605, 'epoch': 0.41}
{'loss': 2.9456, 'grad_norm': 0.28268417716026306, 'learning_rate': 0.0006605662587607213, 'epoch': 0.41}
{'loss': 3.0686, 'grad_norm': 0.2577563226222992, 'learning_rate': 0.0006603773446618344, 'epoch': 0.41}
{'loss': 2.9416, 'grad_norm': 0.2595117390155792, 'learning_rate': 0.0006601884050393648, 'epoch': 0.41}
{'loss': 2.9531, 'grad_norm': 0.2615013122558594, 'learning_rate': 0.000659999439923382, 'epoch': 0.41}
{'loss': 3.0166, 'grad_norm': 0.2594393193721771, 'learning_rate': 0.000659810449343959, 'epoch': 0.41}
{'loss': 2.8963, 'grad_norm': 0.24423478543758392, 'learning_rate': 0.0006596214333311731, 'epoch': 0.41}
{'loss': 2.9378, 'grad_norm': 0.2548409700393677, 'learning_rate': 0.0006594323919151058, 'epoch': 0.41}
{'loss': 3.1032, 'grad_norm': 0.25984805822372437, 'learning_rate': 0.0006592433251258423, 'epoch': 0.41}
{'loss': 2.9116, 'grad_norm': 0.2459762692451477, 'learning_rate': 0.000659054232993472, 'epoch': 0.42}
{'loss': 2.9257, 'grad_norm': 0.2876385748386383, 'learning_rate': 0.0006588651155480886, 'epoch': 0.42}
{'loss': 2.9126, 'grad_norm': 0.2628368139266968, 'learning_rate': 0.0006586759728197893, 'epoch': 0.42}
{'loss': 2.9903, 'grad_norm': 0.24760186672210693, 'learning_rate': 0.000658486804838676, 'epoch': 0.42}
{'loss': 3.2423, 'grad_norm': 0.2722151279449463, 'learning_rate': 0.0006582976116348537, 'epoch': 0.42}
{'loss': 3.0753, 'grad_norm': 0.26715877652168274, 'learning_rate': 0.0006581083932384323, 'epoch': 0.42}
{'loss': 2.9575, 'grad_norm': 0.2384846955537796, 'learning_rate': 0.0006579191496795254, 'epoch': 0.42}
{'loss': 2.9639, 'grad_norm': 0.2645014822483063, 'learning_rate': 0.0006577298809882503, 'epoch': 0.42}
{'loss': 2.9428, 'grad_norm': 0.242815762758255, 'learning_rate': 0.0006575405871947286, 'epoch': 0.42}
{'loss': 2.994, 'grad_norm': 0.2541159391403198, 'learning_rate': 0.000657351268329086, 'epoch': 0.42}
{'loss': 2.9269, 'grad_norm': 0.25756514072418213, 'learning_rate': 0.0006571619244214521, 'epoch': 0.42}
{'loss': 2.8504, 'grad_norm': 0.24547286331653595, 'learning_rate': 0.0006569725555019601, 'epoch': 0.42}
{'loss': 2.9354, 'grad_norm': 0.24465586245059967, 'learning_rate': 0.0006567831616007478, 'epoch': 0.42}
{'loss': 3.12, 'grad_norm': 0.24438872933387756, 'learning_rate': 0.0006565937427479565, 'epoch': 0.42}
{'loss': 2.9672, 'grad_norm': 0.2668607234954834, 'learning_rate': 0.0006564042989737319, 'epoch': 0.42}
{'loss': 2.9883, 'grad_norm': 0.23833510279655457, 'learning_rate': 0.0006562148303082231, 'epoch': 0.42}
{'loss': 3.0372, 'grad_norm': 0.2940980792045593, 'learning_rate': 0.0006560253367815837, 'epoch': 0.42}
{'loss': 3.0675, 'grad_norm': 0.24729597568511963, 'learning_rate': 0.0006558358184239709, 'epoch': 0.42}
{'loss': 2.9869, 'grad_norm': 0.23752577602863312, 'learning_rate': 0.0006556462752655462, 'epoch': 0.42}
{'loss': 2.9873, 'grad_norm': 0.2631767988204956, 'learning_rate': 0.0006554567073364747, 'epoch': 0.42}
{'loss': 2.86, 'grad_norm': 0.263593465089798, 'learning_rate': 0.0006552671146669254, 'epoch': 0.42}
{'loss': 2.8994, 'grad_norm': 0.27525386214256287, 'learning_rate': 0.0006550774972870718, 'epoch': 0.42}
{'loss': 3.0081, 'grad_norm': 0.2733459174633026, 'learning_rate': 0.0006548878552270906, 'epoch': 0.42}
{'loss': 3.0505, 'grad_norm': 0.26023969054222107, 'learning_rate': 0.000654698188517163, 'epoch': 0.42}
{'loss': 3.0331, 'grad_norm': 0.2941035330295563, 'learning_rate': 0.0006545084971874737, 'epoch': 0.42}
{'loss': 2.9917, 'grad_norm': 0.2746209502220154, 'learning_rate': 0.0006543187812682118, 'epoch': 0.42}
{'loss': 3.0699, 'grad_norm': 0.2527748942375183, 'learning_rate': 0.0006541290407895697, 'epoch': 0.42}
{'loss': 2.9361, 'grad_norm': 0.2602135241031647, 'learning_rate': 0.0006539392757817443, 'epoch': 0.42}
{'loss': 3.0486, 'grad_norm': 0.2643578052520752, 'learning_rate': 0.000653749486274936, 'epoch': 0.42}
{'loss': 2.9769, 'grad_norm': 0.25336411595344543, 'learning_rate': 0.0006535596722993493, 'epoch': 0.42}
{'loss': 3.0975, 'grad_norm': 0.3122587502002716, 'learning_rate': 0.0006533698338851926, 'epoch': 0.42}
{'loss': 2.9401, 'grad_norm': 0.25070762634277344, 'learning_rate': 0.0006531799710626779, 'epoch': 0.42}
{'loss': 2.9435, 'grad_norm': 0.2552647292613983, 'learning_rate': 0.0006529900838620217, 'epoch': 0.42}
{'loss': 3.0661, 'grad_norm': 0.2500925064086914, 'learning_rate': 0.0006528001723134435, 'epoch': 0.42}
{'loss': 3.0681, 'grad_norm': 0.25735291838645935, 'learning_rate': 0.0006526102364471675, 'epoch': 0.42}
{'loss': 3.0622, 'grad_norm': 0.25987333059310913, 'learning_rate': 0.0006524202762934213, 'epoch': 0.42}
{'loss': 3.0439, 'grad_norm': 0.25738364458084106, 'learning_rate': 0.0006522302918824367, 'epoch': 0.42}
{'loss': 2.9349, 'grad_norm': 0.2721599340438843, 'learning_rate': 0.0006520402832444487, 'epoch': 0.42}
{'loss': 3.0668, 'grad_norm': 0.2443198710680008, 'learning_rate': 0.0006518502504096971, 'epoch': 0.42}
{'loss': 2.8867, 'grad_norm': 0.29248493909835815, 'learning_rate': 0.000651660193408425, 'epoch': 0.42}
{'loss': 3.1025, 'grad_norm': 0.2786463499069214, 'learning_rate': 0.0006514701122708792, 'epoch': 0.42}
{'loss': 2.9204, 'grad_norm': 0.274804025888443, 'learning_rate': 0.0006512800070273108, 'epoch': 0.42}
{'loss': 2.805, 'grad_norm': 0.27043694257736206, 'learning_rate': 0.000651089877707974, 'epoch': 0.42}
{'loss': 3.0903, 'grad_norm': 0.2378881722688675, 'learning_rate': 0.0006508997243431279, 'epoch': 0.42}
{'loss': 3.0718, 'grad_norm': 0.3933490812778473, 'learning_rate': 0.0006507095469630346, 'epoch': 0.42}
{'loss': 3.0561, 'grad_norm': 0.2582431435585022, 'learning_rate': 0.0006505193455979603, 'epoch': 0.42}
{'loss': 2.9171, 'grad_norm': 0.26693516969680786, 'learning_rate': 0.0006503291202781748, 'epoch': 0.42}
{'loss': 3.0458, 'grad_norm': 0.2679300010204315, 'learning_rate': 0.0006501388710339523, 'epoch': 0.42}
{'loss': 3.0397, 'grad_norm': 0.2591499388217926, 'learning_rate': 0.0006499485978955701, 'epoch': 0.42}
{'loss': 3.0054, 'grad_norm': 0.26155492663383484, 'learning_rate': 0.0006497583008933097, 'epoch': 0.42}
{'loss': 3.0201, 'grad_norm': 0.24034108221530914, 'learning_rate': 0.0006495679800574561, 'epoch': 0.42}
{'loss': 2.9168, 'grad_norm': 0.24040500819683075, 'learning_rate': 0.0006493776354182987, 'epoch': 0.42}
{'loss': 3.1191, 'grad_norm': 0.2669968903064728, 'learning_rate': 0.0006491872670061302, 'epoch': 0.42}
{'loss': 3.0542, 'grad_norm': 0.24546845257282257, 'learning_rate': 0.0006489968748512469, 'epoch': 0.42}
{'loss': 2.9438, 'grad_norm': 0.2582741677761078, 'learning_rate': 0.0006488064589839493, 'epoch': 0.42}
{'loss': 2.9582, 'grad_norm': 0.24402859807014465, 'learning_rate': 0.0006486160194345416, 'epoch': 0.42}
{'loss': 3.1288, 'grad_norm': 0.2374337762594223, 'learning_rate': 0.0006484255562333316, 'epoch': 0.42}
{'loss': 3.0143, 'grad_norm': 0.27866753935813904, 'learning_rate': 0.0006482350694106309, 'epoch': 0.42}
{'loss': 2.9583, 'grad_norm': 0.24561616778373718, 'learning_rate': 0.0006480445589967552, 'epoch': 0.42}
{'loss': 2.967, 'grad_norm': 0.2854889929294586, 'learning_rate': 0.0006478540250220234, 'epoch': 0.42}
{'loss': 2.9617, 'grad_norm': 0.2732169032096863, 'learning_rate': 0.0006476634675167584, 'epoch': 0.42}
{'loss': 3.0354, 'grad_norm': 0.25095418095588684, 'learning_rate': 0.0006474728865112871, 'epoch': 0.42}
{'loss': 3.0177, 'grad_norm': 0.2806302607059479, 'learning_rate': 0.0006472822820359397, 'epoch': 0.42}
{'loss': 2.9688, 'grad_norm': 0.27405765652656555, 'learning_rate': 0.0006470916541210505, 'epoch': 0.42}
{'loss': 3.1829, 'grad_norm': 0.2990298271179199, 'learning_rate': 0.0006469010027969572, 'epoch': 0.42}
{'loss': 2.9158, 'grad_norm': 0.2467469871044159, 'learning_rate': 0.0006467103280940016, 'epoch': 0.42}
{'loss': 2.9517, 'grad_norm': 0.2765413820743561, 'learning_rate': 0.0006465196300425287, 'epoch': 0.42}
{'loss': 2.9778, 'grad_norm': 0.26873576641082764, 'learning_rate': 0.0006463289086728879, 'epoch': 0.42}
{'loss': 3.1344, 'grad_norm': 0.28870120644569397, 'learning_rate': 0.0006461381640154316, 'epoch': 0.42}
{'loss': 3.0215, 'grad_norm': 0.2660302221775055, 'learning_rate': 0.0006459473961005168, 'epoch': 0.42}
{'loss': 2.8748, 'grad_norm': 0.2656063139438629, 'learning_rate': 0.0006457566049585029, 'epoch': 0.42}
{'loss': 3.0812, 'grad_norm': 0.2658476233482361, 'learning_rate': 0.0006455657906197543, 'epoch': 0.42}
{'loss': 3.0572, 'grad_norm': 0.25266435742378235, 'learning_rate': 0.0006453749531146383, 'epoch': 0.42}
{'loss': 2.9007, 'grad_norm': 0.2753552198410034, 'learning_rate': 0.0006451840924735264, 'epoch': 0.42}
{'loss': 2.9645, 'grad_norm': 0.2499418556690216, 'learning_rate': 0.0006449932087267931, 'epoch': 0.42}
{'loss': 2.9664, 'grad_norm': 0.2500501871109009, 'learning_rate': 0.0006448023019048172, 'epoch': 0.42}
{'loss': 3.0371, 'grad_norm': 0.26066869497299194, 'learning_rate': 0.0006446113720379812, 'epoch': 0.42}
{'loss': 3.0427, 'grad_norm': 0.2583947479724884, 'learning_rate': 0.0006444204191566705, 'epoch': 0.42}
{'loss': 3.1429, 'grad_norm': 0.27018609642982483, 'learning_rate': 0.0006442294432912751, 'epoch': 0.42}
{'loss': 2.899, 'grad_norm': 0.2296484261751175, 'learning_rate': 0.0006440384444721881, 'epoch': 0.42}
{'loss': 2.9319, 'grad_norm': 0.2648520767688751, 'learning_rate': 0.0006438474227298065, 'epoch': 0.42}
{'loss': 3.0319, 'grad_norm': 0.2639292776584625, 'learning_rate': 0.0006436563780945306, 'epoch': 0.43}
{'loss': 2.98, 'grad_norm': 0.23575478792190552, 'learning_rate': 0.0006434653105967649, 'epoch': 0.43}
{'loss': 2.9308, 'grad_norm': 0.2463848888874054, 'learning_rate': 0.0006432742202669169, 'epoch': 0.43}
{'loss': 2.8865, 'grad_norm': 0.25059840083122253, 'learning_rate': 0.0006430831071353984, 'epoch': 0.43}
{'loss': 3.0251, 'grad_norm': 0.2669370770454407, 'learning_rate': 0.0006428919712326244, 'epoch': 0.43}
{'loss': 3.0583, 'grad_norm': 0.24680936336517334, 'learning_rate': 0.0006427008125890135, 'epoch': 0.43}
{'loss': 3.1047, 'grad_norm': 0.2660183906555176, 'learning_rate': 0.0006425096312349881, 'epoch': 0.43}
{'loss': 3.1017, 'grad_norm': 0.2735358774662018, 'learning_rate': 0.0006423184272009742, 'epoch': 0.43}
{'loss': 2.9539, 'grad_norm': 0.2877349853515625, 'learning_rate': 0.0006421272005174012, 'epoch': 0.43}
{'loss': 3.0554, 'grad_norm': 0.2745078504085541, 'learning_rate': 0.0006419359512147025, 'epoch': 0.43}
{'loss': 2.9933, 'grad_norm': 0.25829917192459106, 'learning_rate': 0.0006417446793233146, 'epoch': 0.43}
{'loss': 2.8826, 'grad_norm': 0.25438743829727173, 'learning_rate': 0.0006415533848736781, 'epoch': 0.43}
{'loss': 3.0436, 'grad_norm': 0.266221821308136, 'learning_rate': 0.0006413620678962367, 'epoch': 0.43}
{'loss': 3.0107, 'grad_norm': 0.26913028955459595, 'learning_rate': 0.0006411707284214383, 'epoch': 0.43}
{'loss': 2.865, 'grad_norm': 0.29102441668510437, 'learning_rate': 0.0006409793664797337, 'epoch': 0.43}
{'loss': 2.949, 'grad_norm': 0.2554183006286621, 'learning_rate': 0.0006407879821015777, 'epoch': 0.43}
{'loss': 2.9552, 'grad_norm': 0.2818254232406616, 'learning_rate': 0.0006405965753174284, 'epoch': 0.43}
{'loss': 2.9835, 'grad_norm': 0.2664813697338104, 'learning_rate': 0.0006404051461577479, 'epoch': 0.43}
{'loss': 2.9427, 'grad_norm': 0.25958794355392456, 'learning_rate': 0.0006402136946530014, 'epoch': 0.43}
{'loss': 3.005, 'grad_norm': 0.25326576828956604, 'learning_rate': 0.0006400222208336579, 'epoch': 0.43}
{'loss': 2.97, 'grad_norm': 0.2679876983165741, 'learning_rate': 0.00063983072473019, 'epoch': 0.43}
{'loss': 2.9736, 'grad_norm': 0.2433139979839325, 'learning_rate': 0.0006396392063730736, 'epoch': 0.43}
{'loss': 3.0516, 'grad_norm': 0.25712788105010986, 'learning_rate': 0.0006394476657927883, 'epoch': 0.43}
{'loss': 3.0336, 'grad_norm': 0.25932571291923523, 'learning_rate': 0.0006392561030198172, 'epoch': 0.43}
{'loss': 2.9196, 'grad_norm': 0.24176350235939026, 'learning_rate': 0.000639064518084647, 'epoch': 0.43}
{'loss': 2.9497, 'grad_norm': 0.24534006416797638, 'learning_rate': 0.0006388729110177679, 'epoch': 0.43}
{'loss': 2.9894, 'grad_norm': 0.25071054697036743, 'learning_rate': 0.0006386812818496736, 'epoch': 0.43}
{'loss': 3.0446, 'grad_norm': 0.235181987285614, 'learning_rate': 0.0006384896306108612, 'epoch': 0.43}
{'loss': 3.0661, 'grad_norm': 0.26450076699256897, 'learning_rate': 0.0006382979573318316, 'epoch': 0.43}
{'loss': 2.8924, 'grad_norm': 0.24404630064964294, 'learning_rate': 0.000638106262043089, 'epoch': 0.43}
{'loss': 3.0241, 'grad_norm': 0.24853280186653137, 'learning_rate': 0.000637914544775141, 'epoch': 0.43}
{'loss': 2.9463, 'grad_norm': 0.2660275101661682, 'learning_rate': 0.0006377228055584989, 'epoch': 0.43}
{'loss': 3.0769, 'grad_norm': 0.2918345332145691, 'learning_rate': 0.0006375310444236776, 'epoch': 0.43}
{'loss': 2.8632, 'grad_norm': 0.26697373390197754, 'learning_rate': 0.0006373392614011952, 'epoch': 0.43}
{'loss': 3.0947, 'grad_norm': 0.26548710465431213, 'learning_rate': 0.0006371474565215734, 'epoch': 0.43}
{'loss': 2.9688, 'grad_norm': 0.26552650332450867, 'learning_rate': 0.0006369556298153372, 'epoch': 0.43}
{'loss': 2.9728, 'grad_norm': 0.25772523880004883, 'learning_rate': 0.0006367637813130156, 'epoch': 0.43}
{'loss': 2.8918, 'grad_norm': 0.26341670751571655, 'learning_rate': 0.0006365719110451404, 'epoch': 0.43}
{'loss': 2.9814, 'grad_norm': 0.26091212034225464, 'learning_rate': 0.0006363800190422475, 'epoch': 0.43}
{'loss': 3.0406, 'grad_norm': 0.2678169012069702, 'learning_rate': 0.0006361881053348758, 'epoch': 0.43}
{'loss': 3.0423, 'grad_norm': 0.2838651239871979, 'learning_rate': 0.0006359961699535678, 'epoch': 0.43}
{'loss': 3.2013, 'grad_norm': 0.27209046483039856, 'learning_rate': 0.0006358042129288693, 'epoch': 0.43}
{'loss': 2.8896, 'grad_norm': 0.26095324754714966, 'learning_rate': 0.0006356122342913301, 'epoch': 0.43}
{'loss': 2.9289, 'grad_norm': 0.2492925226688385, 'learning_rate': 0.0006354202340715027, 'epoch': 0.43}
{'loss': 3.0963, 'grad_norm': 0.28765204548835754, 'learning_rate': 0.0006352282122999433, 'epoch': 0.43}
{'loss': 2.8798, 'grad_norm': 0.25552865862846375, 'learning_rate': 0.0006350361690072118, 'epoch': 0.43}
{'loss': 2.9664, 'grad_norm': 0.25882384181022644, 'learning_rate': 0.0006348441042238713, 'epoch': 0.43}
{'loss': 2.9715, 'grad_norm': 0.2661653757095337, 'learning_rate': 0.0006346520179804883, 'epoch': 0.43}
{'loss': 2.991, 'grad_norm': 0.2552855908870697, 'learning_rate': 0.0006344599103076329, 'epoch': 0.43}
{'loss': 3.0135, 'grad_norm': 0.2560378611087799, 'learning_rate': 0.0006342677812358783, 'epoch': 0.43}
{'loss': 2.8307, 'grad_norm': 0.2586207091808319, 'learning_rate': 0.0006340756307958012, 'epoch': 0.43}
{'loss': 2.9735, 'grad_norm': 0.24882717430591583, 'learning_rate': 0.0006338834590179822, 'epoch': 0.43}
{'loss': 2.9372, 'grad_norm': 0.2536432445049286, 'learning_rate': 0.0006336912659330042, 'epoch': 0.43}
{'loss': 2.9615, 'grad_norm': 0.2727765142917633, 'learning_rate': 0.0006334990515714547, 'epoch': 0.43}
{'loss': 2.9346, 'grad_norm': 0.2624624967575073, 'learning_rate': 0.0006333068159639241, 'epoch': 0.43}
{'loss': 3.0587, 'grad_norm': 0.23944230377674103, 'learning_rate': 0.0006331145591410057, 'epoch': 0.43}
{'loss': 2.9565, 'grad_norm': 0.24812540411949158, 'learning_rate': 0.0006329222811332967, 'epoch': 0.43}
{'loss': 3.0711, 'grad_norm': 0.2842455208301544, 'learning_rate': 0.0006327299819713979, 'epoch': 0.43}
{'loss': 2.9132, 'grad_norm': 0.24415214359760284, 'learning_rate': 0.0006325376616859131, 'epoch': 0.43}
{'loss': 2.9006, 'grad_norm': 0.24669159948825836, 'learning_rate': 0.0006323453203074492, 'epoch': 0.43}
{'loss': 3.016, 'grad_norm': 0.24714237451553345, 'learning_rate': 0.0006321529578666168, 'epoch': 0.43}
{'loss': 2.905, 'grad_norm': 0.25342124700546265, 'learning_rate': 0.0006319605743940302, 'epoch': 0.43}
{'loss': 2.8964, 'grad_norm': 0.25501590967178345, 'learning_rate': 0.0006317681699203063, 'epoch': 0.43}
{'loss': 3.0872, 'grad_norm': 0.24410243332386017, 'learning_rate': 0.000631575744476066, 'epoch': 0.43}
{'loss': 3.0183, 'grad_norm': 0.24427422881126404, 'learning_rate': 0.0006313832980919328, 'epoch': 0.43}
{'loss': 3.0078, 'grad_norm': 0.2903535068035126, 'learning_rate': 0.0006311908307985342, 'epoch': 0.43}
{'loss': 3.1269, 'grad_norm': 0.2558858096599579, 'learning_rate': 0.000630998342626501, 'epoch': 0.43}
{'loss': 2.9853, 'grad_norm': 0.24218180775642395, 'learning_rate': 0.000630805833606467, 'epoch': 0.43}
{'loss': 2.9359, 'grad_norm': 0.2619348168373108, 'learning_rate': 0.0006306133037690692, 'epoch': 0.43}
{'loss': 2.8944, 'grad_norm': 0.27403900027275085, 'learning_rate': 0.0006304207531449486, 'epoch': 0.43}
{'loss': 2.9885, 'grad_norm': 0.2556777596473694, 'learning_rate': 0.0006302281817647486, 'epoch': 0.43}
{'loss': 3.0717, 'grad_norm': 0.25661569833755493, 'learning_rate': 0.0006300355896591168, 'epoch': 0.43}
{'loss': 3.0713, 'grad_norm': 0.2929517924785614, 'learning_rate': 0.0006298429768587033, 'epoch': 0.43}
{'loss': 3.0617, 'grad_norm': 0.2501358985900879, 'learning_rate': 0.0006296503433941621, 'epoch': 0.43}
{'loss': 2.9741, 'grad_norm': 0.2777860760688782, 'learning_rate': 0.0006294576892961503, 'epoch': 0.43}
{'loss': 2.8892, 'grad_norm': 0.25378721952438354, 'learning_rate': 0.0006292650145953279, 'epoch': 0.43}
{'loss': 2.8928, 'grad_norm': 0.2591719329357147, 'learning_rate': 0.0006290723193223589, 'epoch': 0.43}
{'loss': 2.9107, 'grad_norm': 0.24704475700855255, 'learning_rate': 0.0006288796035079098, 'epoch': 0.43}
{'loss': 3.0903, 'grad_norm': 0.26338887214660645, 'learning_rate': 0.0006286868671826513, 'epoch': 0.43}
{'loss': 2.8784, 'grad_norm': 0.2566656172275543, 'learning_rate': 0.0006284941103772561, 'epoch': 0.43}
{'loss': 2.9384, 'grad_norm': 0.27690547704696655, 'learning_rate': 0.0006283013331224017, 'epoch': 0.43}
{'loss': 2.9152, 'grad_norm': 0.2621690034866333, 'learning_rate': 0.0006281085354487671, 'epoch': 0.44}
{'loss': 3.0376, 'grad_norm': 0.26114699244499207, 'learning_rate': 0.0006279157173870362, 'epoch': 0.44}
{'loss': 3.1763, 'grad_norm': 0.24580952525138855, 'learning_rate': 0.0006277228789678953, 'epoch': 0.44}
{'loss': 2.7967, 'grad_norm': 0.25856009125709534, 'learning_rate': 0.000627530020222034, 'epoch': 0.44}
{'loss': 3.1046, 'grad_norm': 0.27350351214408875, 'learning_rate': 0.000627337141180145, 'epoch': 0.44}
{'loss': 3.1134, 'grad_norm': 0.26060211658477783, 'learning_rate': 0.0006271442418729245, 'epoch': 0.44}
{'loss': 3.0723, 'grad_norm': 0.278072714805603, 'learning_rate': 0.0006269513223310724, 'epoch': 0.44}
{'loss': 3.1055, 'grad_norm': 0.24214762449264526, 'learning_rate': 0.0006267583825852905, 'epoch': 0.44}
{'loss': 2.8797, 'grad_norm': 0.2718118727207184, 'learning_rate': 0.0006265654226662848, 'epoch': 0.44}
{'loss': 2.9338, 'grad_norm': 0.24690502882003784, 'learning_rate': 0.0006263724426047646, 'epoch': 0.44}
{'loss': 2.9985, 'grad_norm': 0.2664402425289154, 'learning_rate': 0.0006261794424314421, 'epoch': 0.44}
{'loss': 2.9439, 'grad_norm': 0.26290664076805115, 'learning_rate': 0.0006259864221770324, 'epoch': 0.44}
{'loss': 3.0763, 'grad_norm': 0.2577499449253082, 'learning_rate': 0.0006257933818722543, 'epoch': 0.44}
{'loss': 3.0437, 'grad_norm': 0.2681247293949127, 'learning_rate': 0.0006256003215478294, 'epoch': 0.44}
{'loss': 2.8932, 'grad_norm': 0.26300469040870667, 'learning_rate': 0.0006254072412344832, 'epoch': 0.44}
{'loss': 2.9788, 'grad_norm': 0.2662588953971863, 'learning_rate': 0.0006252141409629433, 'epoch': 0.44}
{'loss': 3.0622, 'grad_norm': 0.25143182277679443, 'learning_rate': 0.000625021020763941, 'epoch': 0.44}
{'loss': 2.9768, 'grad_norm': 0.24833396077156067, 'learning_rate': 0.0006248278806682114, 'epoch': 0.44}
{'loss': 3.1145, 'grad_norm': 0.25034722685813904, 'learning_rate': 0.0006246347207064918, 'epoch': 0.44}
{'loss': 2.8922, 'grad_norm': 0.25423672795295715, 'learning_rate': 0.0006244415409095229, 'epoch': 0.44}
{'loss': 3.0153, 'grad_norm': 0.275726854801178, 'learning_rate': 0.000624248341308049, 'epoch': 0.44}
{'loss': 3.0888, 'grad_norm': 0.2677452266216278, 'learning_rate': 0.000624055121932817, 'epoch': 0.44}
{'loss': 2.9714, 'grad_norm': 0.2523196041584015, 'learning_rate': 0.0006238618828145775, 'epoch': 0.44}
{'loss': 3.0606, 'grad_norm': 0.2630090117454529, 'learning_rate': 0.0006236686239840836, 'epoch': 0.44}
{'loss': 2.9311, 'grad_norm': 0.2563508450984955, 'learning_rate': 0.000623475345472092, 'epoch': 0.44}
{'loss': 2.9813, 'grad_norm': 0.28052181005477905, 'learning_rate': 0.0006232820473093624, 'epoch': 0.44}
{'loss': 3.0553, 'grad_norm': 0.2598622441291809, 'learning_rate': 0.0006230887295266579, 'epoch': 0.44}
{'loss': 2.919, 'grad_norm': 0.2552606463432312, 'learning_rate': 0.000622895392154744, 'epoch': 0.44}
{'loss': 3.1929, 'grad_norm': 0.2896399199962616, 'learning_rate': 0.0006227020352243902, 'epoch': 0.44}
{'loss': 2.9224, 'grad_norm': 0.25143614411354065, 'learning_rate': 0.0006225086587663682, 'epoch': 0.44}
{'loss': 3.0311, 'grad_norm': 0.2679643929004669, 'learning_rate': 0.0006223152628114537, 'epoch': 0.44}
{'loss': 2.9554, 'grad_norm': 0.28163859248161316, 'learning_rate': 0.000622121847390425, 'epoch': 0.44}
{'loss': 2.9203, 'grad_norm': 0.2662900984287262, 'learning_rate': 0.0006219284125340637, 'epoch': 0.44}
{'loss': 2.8926, 'grad_norm': 0.24850253760814667, 'learning_rate': 0.000621734958273154, 'epoch': 0.44}
{'loss': 3.0559, 'grad_norm': 0.2662728726863861, 'learning_rate': 0.0006215414846384838, 'epoch': 0.44}
{'loss': 2.9607, 'grad_norm': 0.3031187653541565, 'learning_rate': 0.0006213479916608441, 'epoch': 0.44}
{'loss': 2.9912, 'grad_norm': 0.2680351436138153, 'learning_rate': 0.0006211544793710285, 'epoch': 0.44}
{'loss': 3.0272, 'grad_norm': 0.259225070476532, 'learning_rate': 0.0006209609477998338, 'epoch': 0.44}
{'loss': 2.8999, 'grad_norm': 0.263168603181839, 'learning_rate': 0.0006207673969780603, 'epoch': 0.44}
{'loss': 3.0855, 'grad_norm': 0.2486293911933899, 'learning_rate': 0.0006205738269365108, 'epoch': 0.44}
{'loss': 2.9903, 'grad_norm': 0.2369341403245926, 'learning_rate': 0.0006203802377059915, 'epoch': 0.44}
{'loss': 2.8285, 'grad_norm': 0.253643661737442, 'learning_rate': 0.0006201866293173115, 'epoch': 0.44}
{'loss': 3.0889, 'grad_norm': 0.2585640251636505, 'learning_rate': 0.000619993001801283, 'epoch': 0.44}
{'loss': 3.1046, 'grad_norm': 0.252031147480011, 'learning_rate': 0.0006197993551887213, 'epoch': 0.44}
{'loss': 2.9372, 'grad_norm': 0.27153047919273376, 'learning_rate': 0.0006196056895104447, 'epoch': 0.44}
{'loss': 3.0313, 'grad_norm': 0.2564651072025299, 'learning_rate': 0.0006194120047972744, 'epoch': 0.44}
{'loss': 3.1007, 'grad_norm': 0.24794691801071167, 'learning_rate': 0.0006192183010800349, 'epoch': 0.44}
{'loss': 2.9902, 'grad_norm': 0.24897833168506622, 'learning_rate': 0.0006190245783895536, 'epoch': 0.44}
{'loss': 2.8327, 'grad_norm': 0.2631167471408844, 'learning_rate': 0.0006188308367566607, 'epoch': 0.44}
{'loss': 2.9567, 'grad_norm': 0.25049397349357605, 'learning_rate': 0.0006186370762121898, 'epoch': 0.44}
{'loss': 3.0883, 'grad_norm': 0.2757267355918884, 'learning_rate': 0.0006184432967869771, 'epoch': 0.44}
{'loss': 3.0289, 'grad_norm': 0.2663840651512146, 'learning_rate': 0.0006182494985118624, 'epoch': 0.44}
{'loss': 3.073, 'grad_norm': 0.2629910707473755, 'learning_rate': 0.0006180556814176877, 'epoch': 0.44}
{'loss': 3.0378, 'grad_norm': 0.2569658160209656, 'learning_rate': 0.0006178618455352988, 'epoch': 0.44}
{'loss': 2.8549, 'grad_norm': 0.2639765441417694, 'learning_rate': 0.0006176679908955438, 'epoch': 0.44}
{'loss': 2.8302, 'grad_norm': 0.25690126419067383, 'learning_rate': 0.0006174741175292743, 'epoch': 0.44}
{'loss': 3.0466, 'grad_norm': 0.2389107197523117, 'learning_rate': 0.0006172802254673446, 'epoch': 0.44}
{'loss': 3.0803, 'grad_norm': 0.27180972695350647, 'learning_rate': 0.0006170863147406119, 'epoch': 0.44}
{'loss': 3.0156, 'grad_norm': 0.2581392228603363, 'learning_rate': 0.0006168923853799369, 'epoch': 0.44}
{'loss': 3.0679, 'grad_norm': 0.2634264826774597, 'learning_rate': 0.0006166984374161824, 'epoch': 0.44}
{'loss': 2.8811, 'grad_norm': 0.2760351896286011, 'learning_rate': 0.0006165044708802152, 'epoch': 0.44}
{'loss': 2.9787, 'grad_norm': 0.2834443747997284, 'learning_rate': 0.0006163104858029042, 'epoch': 0.44}
{'loss': 3.0628, 'grad_norm': 0.25582563877105713, 'learning_rate': 0.0006161164822151212, 'epoch': 0.44}
{'loss': 2.8032, 'grad_norm': 0.25922590494155884, 'learning_rate': 0.000615922460147742, 'epoch': 0.44}
{'loss': 3.0296, 'grad_norm': 0.2580878436565399, 'learning_rate': 0.0006157284196316442, 'epoch': 0.44}
{'loss': 2.8935, 'grad_norm': 0.26772210001945496, 'learning_rate': 0.000615534360697709, 'epoch': 0.44}
{'loss': 2.8465, 'grad_norm': 0.27790743112564087, 'learning_rate': 0.00061534028337682, 'epoch': 0.44}
{'loss': 3.1097, 'grad_norm': 0.2586885690689087, 'learning_rate': 0.0006151461876998643, 'epoch': 0.44}
{'loss': 3.2127, 'grad_norm': 0.2627057433128357, 'learning_rate': 0.0006149520736977316, 'epoch': 0.44}
{'loss': 3.0558, 'grad_norm': 0.2589408755302429, 'learning_rate': 0.0006147579414013147, 'epoch': 0.44}
{'loss': 2.9979, 'grad_norm': 0.2727159559726715, 'learning_rate': 0.000614563790841509, 'epoch': 0.44}
{'loss': 3.0438, 'grad_norm': 0.27160948514938354, 'learning_rate': 0.0006143696220492127, 'epoch': 0.44}
{'loss': 2.9298, 'grad_norm': 0.2737135887145996, 'learning_rate': 0.0006141754350553279, 'epoch': 0.44}
{'loss': 3.0184, 'grad_norm': 0.2408587485551834, 'learning_rate': 0.0006139812298907584, 'epoch': 0.44}
{'loss': 3.0462, 'grad_norm': 0.27593061327934265, 'learning_rate': 0.0006137870065864115, 'epoch': 0.44}
{'loss': 2.9892, 'grad_norm': 0.24354611337184906, 'learning_rate': 0.0006135927651731972, 'epoch': 0.44}
{'loss': 2.8332, 'grad_norm': 0.24777071177959442, 'learning_rate': 0.0006133985056820286, 'epoch': 0.44}
{'loss': 3.0583, 'grad_norm': 0.2703845500946045, 'learning_rate': 0.0006132042281438213, 'epoch': 0.44}
{'loss': 2.884, 'grad_norm': 0.29156866669654846, 'learning_rate': 0.0006130099325894942, 'epoch': 0.44}
{'loss': 2.8185, 'grad_norm': 0.26860713958740234, 'learning_rate': 0.0006128156190499688, 'epoch': 0.44}
{'loss': 2.9075, 'grad_norm': 0.24030783772468567, 'learning_rate': 0.0006126212875561697, 'epoch': 0.44}
{'loss': 2.9088, 'grad_norm': 0.243230402469635, 'learning_rate': 0.0006124269381390238, 'epoch': 0.44}
{'loss': 3.0488, 'grad_norm': 0.27181416749954224, 'learning_rate': 0.0006122325708294615, 'epoch': 0.45}
{'loss': 3.0716, 'grad_norm': 0.300155371427536, 'learning_rate': 0.0006120381856584156, 'epoch': 0.45}
{'loss': 2.9386, 'grad_norm': 0.2664613425731659, 'learning_rate': 0.0006118437826568224, 'epoch': 0.45}
{'loss': 3.0995, 'grad_norm': 0.2711821496486664, 'learning_rate': 0.00061164936185562, 'epoch': 0.45}
{'loss': 2.9281, 'grad_norm': 0.2728877067565918, 'learning_rate': 0.0006114549232857503, 'epoch': 0.45}
{'loss': 2.9333, 'grad_norm': 0.25395992398262024, 'learning_rate': 0.0006112604669781572, 'epoch': 0.45}
{'loss': 2.9868, 'grad_norm': 0.2502349615097046, 'learning_rate': 0.0006110659929637883, 'epoch': 0.45}
{'loss': 2.8992, 'grad_norm': 0.26874226331710815, 'learning_rate': 0.0006108715012735933, 'epoch': 0.45}
{'loss': 2.9403, 'grad_norm': 0.2678235173225403, 'learning_rate': 0.0006106769919385251, 'epoch': 0.45}
{'loss': 3.2853, 'grad_norm': 0.28386634588241577, 'learning_rate': 0.0006104824649895391, 'epoch': 0.45}
{'loss': 2.9903, 'grad_norm': 0.2725007236003876, 'learning_rate': 0.0006102879204575941, 'epoch': 0.45}
{'loss': 2.9383, 'grad_norm': 0.2527719736099243, 'learning_rate': 0.0006100933583736508, 'epoch': 0.45}
{'loss': 2.9908, 'grad_norm': 0.23426927626132965, 'learning_rate': 0.0006098987787686735, 'epoch': 0.45}
{'loss': 2.976, 'grad_norm': 0.23029711842536926, 'learning_rate': 0.0006097041816736288, 'epoch': 0.45}
{'loss': 2.9976, 'grad_norm': 0.2571832239627838, 'learning_rate': 0.0006095095671194864, 'epoch': 0.45}
{'loss': 2.9556, 'grad_norm': 0.24087582528591156, 'learning_rate': 0.0006093149351372185, 'epoch': 0.45}
{'loss': 3.0182, 'grad_norm': 0.26860153675079346, 'learning_rate': 0.0006091202857578006, 'epoch': 0.45}
{'loss': 2.9918, 'grad_norm': 0.2589589059352875, 'learning_rate': 0.0006089256190122098, 'epoch': 0.45}
{'loss': 2.8947, 'grad_norm': 0.25244611501693726, 'learning_rate': 0.0006087309349314273, 'epoch': 0.45}
{'loss': 3.0581, 'grad_norm': 0.2797306478023529, 'learning_rate': 0.0006085362335464365, 'epoch': 0.45}
{'loss': 3.0704, 'grad_norm': 0.2615889608860016, 'learning_rate': 0.0006083415148882235, 'epoch': 0.45}
{'loss': 2.9833, 'grad_norm': 0.2358141541481018, 'learning_rate': 0.000608146778987777, 'epoch': 0.45}
{'loss': 2.9956, 'grad_norm': 0.25640010833740234, 'learning_rate': 0.0006079520258760887, 'epoch': 0.45}
{'loss': 3.0113, 'grad_norm': 1.0055210590362549, 'learning_rate': 0.0006077572555841533, 'epoch': 0.45}
{'loss': 2.8641, 'grad_norm': 0.28141242265701294, 'learning_rate': 0.0006075624681429677, 'epoch': 0.45}
{'loss': 3.0269, 'grad_norm': 0.2540466785430908, 'learning_rate': 0.0006073676635835317, 'epoch': 0.45}
{'loss': 2.9803, 'grad_norm': 0.25422945618629456, 'learning_rate': 0.0006071728419368477, 'epoch': 0.45}
{'loss': 2.8992, 'grad_norm': 0.26616954803466797, 'learning_rate': 0.0006069780032339215, 'epoch': 0.45}
{'loss': 2.9044, 'grad_norm': 0.27071234583854675, 'learning_rate': 0.0006067831475057607, 'epoch': 0.45}
{'loss': 3.1124, 'grad_norm': 0.2638936936855316, 'learning_rate': 0.0006065882747833761, 'epoch': 0.45}
{'loss': 3.051, 'grad_norm': 0.25406506657600403, 'learning_rate': 0.0006063933850977811, 'epoch': 0.45}
{'loss': 3.0027, 'grad_norm': 0.25163596868515015, 'learning_rate': 0.000606198478479992, 'epoch': 0.45}
{'loss': 3.0559, 'grad_norm': 0.2721097767353058, 'learning_rate': 0.0006060035549610275, 'epoch': 0.45}
{'loss': 2.9726, 'grad_norm': 0.269212931394577, 'learning_rate': 0.0006058086145719089, 'epoch': 0.45}
{'loss': 3.0009, 'grad_norm': 0.2620934545993805, 'learning_rate': 0.0006056136573436606, 'epoch': 0.45}
{'loss': 3.0288, 'grad_norm': 0.2682773470878601, 'learning_rate': 0.0006054186833073095, 'epoch': 0.45}
{'loss': 2.9061, 'grad_norm': 0.2897789180278778, 'learning_rate': 0.0006052236924938852, 'epoch': 0.45}
{'loss': 3.0186, 'grad_norm': 0.24288740754127502, 'learning_rate': 0.0006050286849344197, 'epoch': 0.45}
{'loss': 2.8677, 'grad_norm': 0.2673211097717285, 'learning_rate': 0.000604833660659948, 'epoch': 0.45}
{'loss': 3.1001, 'grad_norm': 0.28406932950019836, 'learning_rate': 0.0006046386197015076, 'epoch': 0.45}
{'loss': 2.9293, 'grad_norm': 0.28129398822784424, 'learning_rate': 0.0006044435620901387, 'epoch': 0.45}
{'loss': 2.9702, 'grad_norm': 0.25417637825012207, 'learning_rate': 0.0006042484878568843, 'epoch': 0.45}
{'loss': 2.8699, 'grad_norm': 0.24420715868473053, 'learning_rate': 0.0006040533970327896, 'epoch': 0.45}
{'loss': 3.0396, 'grad_norm': 0.2551637291908264, 'learning_rate': 0.000603858289648903, 'epoch': 0.45}
{'loss': 2.9333, 'grad_norm': 0.283186674118042, 'learning_rate': 0.0006036631657362751, 'epoch': 0.45}
{'loss': 3.0595, 'grad_norm': 0.2929880917072296, 'learning_rate': 0.0006034680253259593, 'epoch': 0.45}
{'loss': 3.023, 'grad_norm': 0.2590703070163727, 'learning_rate': 0.0006032728684490118, 'epoch': 0.45}
{'loss': 3.1059, 'grad_norm': 0.25888869166374207, 'learning_rate': 0.0006030776951364909, 'epoch': 0.45}
{'loss': 2.9561, 'grad_norm': 0.26547688245773315, 'learning_rate': 0.0006028825054194582, 'epoch': 0.45}
{'loss': 3.0775, 'grad_norm': 0.2524222433567047, 'learning_rate': 0.0006026872993289776, 'epoch': 0.45}
{'loss': 2.9698, 'grad_norm': 0.24213357269763947, 'learning_rate': 0.0006024920768961153, 'epoch': 0.45}
{'loss': 3.0192, 'grad_norm': 0.2438822239637375, 'learning_rate': 0.0006022968381519402, 'epoch': 0.45}
{'loss': 3.1871, 'grad_norm': 0.276233971118927, 'learning_rate': 0.0006021015831275246, 'epoch': 0.45}
{'loss': 2.8684, 'grad_norm': 0.25361329317092896, 'learning_rate': 0.0006019063118539426, 'epoch': 0.45}
{'loss': 2.8938, 'grad_norm': 0.2778576612472534, 'learning_rate': 0.0006017110243622704, 'epoch': 0.45}
{'loss': 3.1054, 'grad_norm': 0.25833335518836975, 'learning_rate': 0.0006015157206835881, 'epoch': 0.45}
{'loss': 3.1083, 'grad_norm': 0.2520669102668762, 'learning_rate': 0.0006013204008489774, 'epoch': 0.45}
{'loss': 3.0723, 'grad_norm': 0.28442907333374023, 'learning_rate': 0.0006011250648895233, 'epoch': 0.45}
{'loss': 3.0795, 'grad_norm': 0.2557883858680725, 'learning_rate': 0.0006009297128363125, 'epoch': 0.45}
{'loss': 3.0637, 'grad_norm': 0.2631010413169861, 'learning_rate': 0.0006007343447204346, 'epoch': 0.45}
{'loss': 2.8643, 'grad_norm': 0.2548390030860901, 'learning_rate': 0.0006005389605729824, 'epoch': 0.45}
{'loss': 3.0573, 'grad_norm': 0.2921490967273712, 'learning_rate': 0.0006003435604250503, 'epoch': 0.45}
{'loss': 3.0368, 'grad_norm': 0.2568328082561493, 'learning_rate': 0.0006001481443077357, 'epoch': 0.45}
{'loss': 3.107, 'grad_norm': 0.280900776386261, 'learning_rate': 0.0005999527122521386, 'epoch': 0.45}
{'loss': 2.7964, 'grad_norm': 0.2823330760002136, 'learning_rate': 0.0005997572642893615, 'epoch': 0.45}
{'loss': 3.0004, 'grad_norm': 0.26111406087875366, 'learning_rate': 0.0005995618004505091, 'epoch': 0.45}
{'loss': 2.8596, 'grad_norm': 0.2690889239311218, 'learning_rate': 0.0005993663207666892, 'epoch': 0.45}
{'loss': 2.95, 'grad_norm': 0.2535453736782074, 'learning_rate': 0.0005991708252690117, 'epoch': 0.45}
{'loss': 3.0515, 'grad_norm': 0.25151926279067993, 'learning_rate': 0.000598975313988589, 'epoch': 0.45}
{'loss': 2.8199, 'grad_norm': 0.24950678646564484, 'learning_rate': 0.0005987797869565363, 'epoch': 0.45}
{'loss': 3.013, 'grad_norm': 0.24549929797649384, 'learning_rate': 0.0005985842442039712, 'epoch': 0.45}
{'loss': 2.8855, 'grad_norm': 0.23972833156585693, 'learning_rate': 0.0005983886857620135, 'epoch': 0.45}
{'loss': 2.878, 'grad_norm': 0.2463381141424179, 'learning_rate': 0.0005981931116617861, 'epoch': 0.45}
{'loss': 3.148, 'grad_norm': 0.26338711380958557, 'learning_rate': 0.0005979975219344138, 'epoch': 0.45}
{'loss': 2.9044, 'grad_norm': 0.2630426585674286, 'learning_rate': 0.0005978019166110241, 'epoch': 0.45}
{'loss': 2.9076, 'grad_norm': 0.27301934361457825, 'learning_rate': 0.0005976062957227472, 'epoch': 0.45}
{'loss': 2.9269, 'grad_norm': 0.29411640763282776, 'learning_rate': 0.0005974106593007155, 'epoch': 0.45}
{'loss': 2.9736, 'grad_norm': 0.25161582231521606, 'learning_rate': 0.0005972150073760639, 'epoch': 0.45}
{'loss': 2.9751, 'grad_norm': 0.23774667084217072, 'learning_rate': 0.0005970193399799299, 'epoch': 0.45}
{'loss': 2.9498, 'grad_norm': 0.27089086174964905, 'learning_rate': 0.0005968236571434534, 'epoch': 0.45}
{'loss': 2.9017, 'grad_norm': 0.2942066788673401, 'learning_rate': 0.0005966279588977767, 'epoch': 0.45}
{'loss': 2.8855, 'grad_norm': 0.2525063157081604, 'learning_rate': 0.0005964322452740445, 'epoch': 0.46}
{'loss': 3.0144, 'grad_norm': 0.27016711235046387, 'learning_rate': 0.0005962365163034044, 'epoch': 0.46}
{'loss': 3.0408, 'grad_norm': 0.2821104824542999, 'learning_rate': 0.0005960407720170058, 'epoch': 0.46}
{'loss': 3.0417, 'grad_norm': 0.2855561077594757, 'learning_rate': 0.0005958450124460006, 'epoch': 0.46}
{'loss': 2.8424, 'grad_norm': 0.2786150276660919, 'learning_rate': 0.0005956492376215439, 'epoch': 0.46}
{'loss': 3.0556, 'grad_norm': 0.27349087595939636, 'learning_rate': 0.0005954534475747925, 'epoch': 0.46}
{'loss': 3.0713, 'grad_norm': 0.25113070011138916, 'learning_rate': 0.0005952576423369056, 'epoch': 0.46}
{'loss': 3.0329, 'grad_norm': 0.2770332396030426, 'learning_rate': 0.0005950618219390452, 'epoch': 0.46}
{'loss': 2.9293, 'grad_norm': 0.2604939043521881, 'learning_rate': 0.0005948659864123755, 'epoch': 0.46}
{'loss': 2.8749, 'grad_norm': 0.24154043197631836, 'learning_rate': 0.0005946701357880631, 'epoch': 0.46}
{'loss': 2.9643, 'grad_norm': 0.24437305331230164, 'learning_rate': 0.0005944742700972771, 'epoch': 0.46}
{'loss': 2.9318, 'grad_norm': 0.269521027803421, 'learning_rate': 0.0005942783893711892, 'epoch': 0.46}
{'loss': 3.0226, 'grad_norm': 0.2743823528289795, 'learning_rate': 0.0005940824936409726, 'epoch': 0.46}
{'loss': 2.753, 'grad_norm': 0.2691875100135803, 'learning_rate': 0.0005938865829378043, 'epoch': 0.46}
{'loss': 3.0616, 'grad_norm': 0.2611486315727234, 'learning_rate': 0.0005936906572928624, 'epoch': 0.46}
{'loss': 2.9705, 'grad_norm': 0.3267744481563568, 'learning_rate': 0.000593494716737328, 'epoch': 0.46}
{'loss': 2.9816, 'grad_norm': 0.2649487853050232, 'learning_rate': 0.0005932987613023844, 'epoch': 0.46}
{'loss': 3.0326, 'grad_norm': 0.2417677640914917, 'learning_rate': 0.0005931027910192175, 'epoch': 0.46}
{'loss': 2.9524, 'grad_norm': 0.24438580870628357, 'learning_rate': 0.0005929068059190155, 'epoch': 0.46}
{'loss': 3.1522, 'grad_norm': 0.2596549391746521, 'learning_rate': 0.0005927108060329684, 'epoch': 0.46}
{'loss': 2.9644, 'grad_norm': 0.2742052674293518, 'learning_rate': 0.0005925147913922694, 'epoch': 0.46}
{'loss': 3.0786, 'grad_norm': 0.2639029026031494, 'learning_rate': 0.0005923187620281136, 'epoch': 0.46}
{'loss': 3.024, 'grad_norm': 0.2608794867992401, 'learning_rate': 0.0005921227179716982, 'epoch': 0.46}
{'loss': 2.9685, 'grad_norm': 0.26530584692955017, 'learning_rate': 0.0005919266592542234, 'epoch': 0.46}
{'loss': 2.9143, 'grad_norm': 0.28365200757980347, 'learning_rate': 0.0005917305859068912, 'epoch': 0.46}
{'loss': 2.982, 'grad_norm': 0.29629403352737427, 'learning_rate': 0.0005915344979609061, 'epoch': 0.46}
{'loss': 3.0204, 'grad_norm': 0.263790100812912, 'learning_rate': 0.0005913383954474751, 'epoch': 0.46}
{'loss': 2.8978, 'grad_norm': 0.2685028314590454, 'learning_rate': 0.0005911422783978071, 'epoch': 0.46}
{'loss': 2.8853, 'grad_norm': 0.2762000858783722, 'learning_rate': 0.0005909461468431135, 'epoch': 0.46}
{'loss': 2.9382, 'grad_norm': 0.25136271119117737, 'learning_rate': 0.0005907500008146082, 'epoch': 0.46}
{'loss': 2.9053, 'grad_norm': 0.25565841794013977, 'learning_rate': 0.0005905538403435073, 'epoch': 0.46}
{'loss': 3.0328, 'grad_norm': 0.29639241099357605, 'learning_rate': 0.0005903576654610293, 'epoch': 0.46}
{'loss': 3.2405, 'grad_norm': 0.263632595539093, 'learning_rate': 0.0005901614761983945, 'epoch': 0.46}
{'loss': 2.8731, 'grad_norm': 0.24882939457893372, 'learning_rate': 0.000589965272586826, 'epoch': 0.46}
{'loss': 3.0233, 'grad_norm': 0.2606523334980011, 'learning_rate': 0.0005897690546575491, 'epoch': 0.46}
{'loss': 2.9506, 'grad_norm': 0.255985289812088, 'learning_rate': 0.0005895728224417912, 'epoch': 0.46}
{'loss': 3.0441, 'grad_norm': 0.2673686444759369, 'learning_rate': 0.0005893765759707821, 'epoch': 0.46}
{'loss': 2.9743, 'grad_norm': 0.26330089569091797, 'learning_rate': 0.0005891803152757539, 'epoch': 0.46}
{'loss': 2.9895, 'grad_norm': 0.28351566195487976, 'learning_rate': 0.0005889840403879411, 'epoch': 0.46}
{'loss': 2.9639, 'grad_norm': 0.2557591199874878, 'learning_rate': 0.0005887877513385799, 'epoch': 0.46}
{'loss': 3.0088, 'grad_norm': 0.2596704661846161, 'learning_rate': 0.0005885914481589091, 'epoch': 0.46}
{'loss': 2.9836, 'grad_norm': 0.2626214027404785, 'learning_rate': 0.0005883951308801701, 'epoch': 0.46}
{'loss': 3.0395, 'grad_norm': 0.24980522692203522, 'learning_rate': 0.0005881987995336063, 'epoch': 0.46}
{'loss': 3.037, 'grad_norm': 0.24137534201145172, 'learning_rate': 0.0005880024541504628, 'epoch': 0.46}
{'loss': 3.1184, 'grad_norm': 0.25041306018829346, 'learning_rate': 0.0005878060947619876, 'epoch': 0.46}
{'loss': 3.0093, 'grad_norm': 0.24387094378471375, 'learning_rate': 0.0005876097213994306, 'epoch': 0.46}
{'loss': 2.8515, 'grad_norm': 0.24581465125083923, 'learning_rate': 0.0005874133340940446, 'epoch': 0.46}
{'loss': 3.0206, 'grad_norm': 0.2722568213939667, 'learning_rate': 0.0005872169328770835, 'epoch': 0.46}
{'loss': 3.0978, 'grad_norm': 0.24206486344337463, 'learning_rate': 0.000587020517779804, 'epoch': 0.46}
{'loss': 3.0821, 'grad_norm': 0.25374317169189453, 'learning_rate': 0.0005868240888334653, 'epoch': 0.46}
{'loss': 2.9341, 'grad_norm': 0.24118633568286896, 'learning_rate': 0.0005866276460693281, 'epoch': 0.46}
{'loss': 2.8834, 'grad_norm': 0.26169708371162415, 'learning_rate': 0.000586431189518656, 'epoch': 0.46}
{'loss': 2.892, 'grad_norm': 0.2558017671108246, 'learning_rate': 0.0005862347192127142, 'epoch': 0.46}
{'loss': 2.9686, 'grad_norm': 0.22723916172981262, 'learning_rate': 0.0005860382351827707, 'epoch': 0.46}
{'loss': 3.0082, 'grad_norm': 0.26193419098854065, 'learning_rate': 0.0005858417374600952, 'epoch': 0.46}
{'loss': 2.8134, 'grad_norm': 0.2634352147579193, 'learning_rate': 0.0005856452260759596, 'epoch': 0.46}
{'loss': 3.1575, 'grad_norm': 0.27686432003974915, 'learning_rate': 0.0005854487010616383, 'epoch': 0.46}
{'loss': 2.9967, 'grad_norm': 0.25707104802131653, 'learning_rate': 0.0005852521624484078, 'epoch': 0.46}
{'loss': 3.0351, 'grad_norm': 0.25538742542266846, 'learning_rate': 0.0005850556102675461, 'epoch': 0.46}
{'loss': 3.0171, 'grad_norm': 0.2615484893321991, 'learning_rate': 0.0005848590445503344, 'epoch': 0.46}
{'loss': 3.1546, 'grad_norm': 0.24392980337142944, 'learning_rate': 0.0005846624653280557, 'epoch': 0.46}
{'loss': 2.9484, 'grad_norm': 0.28388264775276184, 'learning_rate': 0.0005844658726319944, 'epoch': 0.46}
{'loss': 3.0865, 'grad_norm': 0.2704080045223236, 'learning_rate': 0.0005842692664934379, 'epoch': 0.46}
{'loss': 3.1334, 'grad_norm': 0.27067989110946655, 'learning_rate': 0.0005840726469436758, 'epoch': 0.46}
{'loss': 2.9755, 'grad_norm': 0.27410417795181274, 'learning_rate': 0.0005838760140139993, 'epoch': 0.46}
{'loss': 2.8529, 'grad_norm': 0.2539854645729065, 'learning_rate': 0.0005836793677357016, 'epoch': 0.46}
{'loss': 3.0293, 'grad_norm': 0.26306965947151184, 'learning_rate': 0.000583482708140079, 'epoch': 0.46}
{'loss': 2.8763, 'grad_norm': 0.2568513751029968, 'learning_rate': 0.0005832860352584288, 'epoch': 0.46}
{'loss': 2.8665, 'grad_norm': 0.26017940044403076, 'learning_rate': 0.0005830893491220513, 'epoch': 0.46}
{'loss': 2.9751, 'grad_norm': 0.2534548044204712, 'learning_rate': 0.0005828926497622483, 'epoch': 0.46}
{'loss': 2.978, 'grad_norm': 0.2731848359107971, 'learning_rate': 0.0005826959372103239, 'epoch': 0.46}
{'loss': 2.8838, 'grad_norm': 0.25854623317718506, 'learning_rate': 0.0005824992114975844, 'epoch': 0.46}
{'loss': 2.9907, 'grad_norm': 0.26818934082984924, 'learning_rate': 0.0005823024726553382, 'epoch': 0.46}
{'loss': 2.9889, 'grad_norm': 0.29010266065597534, 'learning_rate': 0.0005821057207148955, 'epoch': 0.46}
{'loss': 3.0387, 'grad_norm': 0.29618510603904724, 'learning_rate': 0.0005819089557075689, 'epoch': 0.46}
{'loss': 2.9397, 'grad_norm': 0.27184200286865234, 'learning_rate': 0.000581712177664673, 'epoch': 0.46}
{'loss': 2.9496, 'grad_norm': 0.26484623551368713, 'learning_rate': 0.0005815153866175245, 'epoch': 0.46}
{'loss': 2.8984, 'grad_norm': 0.28579944372177124, 'learning_rate': 0.0005813185825974419, 'epoch': 0.46}
{'loss': 3.0364, 'grad_norm': 0.2727241814136505, 'learning_rate': 0.0005811217656357461, 'epoch': 0.46}
{'loss': 2.9608, 'grad_norm': 0.2522355318069458, 'learning_rate': 0.00058092493576376, 'epoch': 0.46}
{'loss': 2.8953, 'grad_norm': 0.2507462799549103, 'learning_rate': 0.0005807280930128085, 'epoch': 0.46}
{'loss': 2.9603, 'grad_norm': 0.28585103154182434, 'learning_rate': 0.0005805312374142185, 'epoch': 0.47}
{'loss': 2.9586, 'grad_norm': 0.2529311180114746, 'learning_rate': 0.0005803343689993189, 'epoch': 0.47}
{'loss': 2.9329, 'grad_norm': 0.2749008238315582, 'learning_rate': 0.000580137487799441, 'epoch': 0.47}
{'loss': 3.0206, 'grad_norm': 0.2634291350841522, 'learning_rate': 0.0005799405938459175, 'epoch': 0.47}
{'loss': 2.9277, 'grad_norm': 0.25338929891586304, 'learning_rate': 0.0005797436871700837, 'epoch': 0.47}
{'loss': 3.0712, 'grad_norm': 0.25572577118873596, 'learning_rate': 0.0005795467678032768, 'epoch': 0.47}
{'loss': 2.9314, 'grad_norm': 0.24140621721744537, 'learning_rate': 0.0005793498357768356, 'epoch': 0.47}
{'loss': 3.0377, 'grad_norm': 0.32174941897392273, 'learning_rate': 0.0005791528911221017, 'epoch': 0.47}
{'loss': 3.0376, 'grad_norm': 0.23354725539684296, 'learning_rate': 0.000578955933870418, 'epoch': 0.47}
{'loss': 3.0171, 'grad_norm': 0.24365699291229248, 'learning_rate': 0.0005787589640531297, 'epoch': 0.47}
{'loss': 3.0239, 'grad_norm': 0.2475864738225937, 'learning_rate': 0.000578561981701584, 'epoch': 0.47}
{'loss': 2.9496, 'grad_norm': 0.2740668058395386, 'learning_rate': 0.0005783649868471299, 'epoch': 0.47}
{'loss': 3.0343, 'grad_norm': 0.26116615533828735, 'learning_rate': 0.0005781679795211189, 'epoch': 0.47}
{'loss': 3.0616, 'grad_norm': 0.2640147805213928, 'learning_rate': 0.0005779709597549036, 'epoch': 0.47}
{'loss': 3.0241, 'grad_norm': 0.28524884581565857, 'learning_rate': 0.0005777739275798397, 'epoch': 0.47}
{'loss': 2.999, 'grad_norm': 0.2683488130569458, 'learning_rate': 0.0005775768830272841, 'epoch': 0.47}
{'loss': 3.0245, 'grad_norm': 0.26953864097595215, 'learning_rate': 0.0005773798261285957, 'epoch': 0.47}
{'loss': 2.949, 'grad_norm': 0.25439566373825073, 'learning_rate': 0.0005771827569151357, 'epoch': 0.47}
{'loss': 2.973, 'grad_norm': 0.2700951099395752, 'learning_rate': 0.0005769856754182667, 'epoch': 0.47}
{'loss': 3.105, 'grad_norm': 0.24864046275615692, 'learning_rate': 0.0005767885816693542, 'epoch': 0.47}
{'loss': 2.9682, 'grad_norm': 0.2780226171016693, 'learning_rate': 0.000576591475699765, 'epoch': 0.47}
{'loss': 3.0765, 'grad_norm': 0.2762463390827179, 'learning_rate': 0.0005763943575408675, 'epoch': 0.47}
{'loss': 3.2496, 'grad_norm': 0.2758053243160248, 'learning_rate': 0.0005761972272240327, 'epoch': 0.47}
{'loss': 2.9467, 'grad_norm': 0.26348572969436646, 'learning_rate': 0.0005760000847806337, 'epoch': 0.47}
{'loss': 3.1009, 'grad_norm': 0.26866182684898376, 'learning_rate': 0.0005758029302420446, 'epoch': 0.47}
{'loss': 2.9, 'grad_norm': 0.27391019463539124, 'learning_rate': 0.0005756057636396422, 'epoch': 0.47}
{'loss': 2.953, 'grad_norm': 0.2611723244190216, 'learning_rate': 0.0005754085850048046, 'epoch': 0.47}
{'loss': 2.9711, 'grad_norm': 0.2593815326690674, 'learning_rate': 0.000575211394368913, 'epoch': 0.47}
{'loss': 3.0517, 'grad_norm': 0.2812381982803345, 'learning_rate': 0.0005750141917633491, 'epoch': 0.47}
{'loss': 3.0182, 'grad_norm': 0.2722829580307007, 'learning_rate': 0.0005748169772194972, 'epoch': 0.47}
{'loss': 3.1626, 'grad_norm': 0.2746061086654663, 'learning_rate': 0.0005746197507687435, 'epoch': 0.47}
{'loss': 2.9078, 'grad_norm': 0.2612844407558441, 'learning_rate': 0.0005744225124424761, 'epoch': 0.47}
{'loss': 2.9759, 'grad_norm': 0.2588712275028229, 'learning_rate': 0.0005742252622720848, 'epoch': 0.47}
{'loss': 2.945, 'grad_norm': 0.2548314929008484, 'learning_rate': 0.0005740280002889613, 'epoch': 0.47}
{'loss': 2.8831, 'grad_norm': 0.26053088903427124, 'learning_rate': 0.0005738307265244994, 'epoch': 0.47}
{'loss': 3.0424, 'grad_norm': 0.24398794770240784, 'learning_rate': 0.0005736334410100945, 'epoch': 0.47}
{'loss': 2.8823, 'grad_norm': 0.26404860615730286, 'learning_rate': 0.0005734361437771441, 'epoch': 0.47}
{'loss': 3.0511, 'grad_norm': 0.24585393071174622, 'learning_rate': 0.0005732388348570475, 'epoch': 0.47}
{'loss': 3.0174, 'grad_norm': 0.24651451408863068, 'learning_rate': 0.0005730415142812059, 'epoch': 0.47}
{'loss': 3.0078, 'grad_norm': 0.25385111570358276, 'learning_rate': 0.0005728441820810221, 'epoch': 0.47}
{'loss': 2.9554, 'grad_norm': 0.2581077814102173, 'learning_rate': 0.000572646838287901, 'epoch': 0.47}
{'loss': 2.8322, 'grad_norm': 0.26983726024627686, 'learning_rate': 0.0005724494829332493, 'epoch': 0.47}
{'loss': 2.9131, 'grad_norm': 0.2718752324581146, 'learning_rate': 0.0005722521160484755, 'epoch': 0.47}
{'loss': 2.9802, 'grad_norm': 0.2567484378814697, 'learning_rate': 0.0005720547376649901, 'epoch': 0.47}
{'loss': 3.037, 'grad_norm': 0.2633187174797058, 'learning_rate': 0.0005718573478142051, 'epoch': 0.47}
{'loss': 3.0399, 'grad_norm': 0.28177860379219055, 'learning_rate': 0.0005716599465275347, 'epoch': 0.47}
{'loss': 2.9146, 'grad_norm': 0.2591334581375122, 'learning_rate': 0.0005714625338363947, 'epoch': 0.47}
{'loss': 3.1169, 'grad_norm': 0.2824641764163971, 'learning_rate': 0.0005712651097722023, 'epoch': 0.47}
{'loss': 2.9595, 'grad_norm': 0.2501285970211029, 'learning_rate': 0.0005710676743663776, 'epoch': 0.47}
{'loss': 3.0929, 'grad_norm': 0.2610713541507721, 'learning_rate': 0.0005708702276503418, 'epoch': 0.47}
{'loss': 3.0358, 'grad_norm': 0.2920858561992645, 'learning_rate': 0.0005706727696555175, 'epoch': 0.47}
{'loss': 3.1129, 'grad_norm': 0.28635719418525696, 'learning_rate': 0.0005704753004133298, 'epoch': 0.47}
{'loss': 3.0217, 'grad_norm': 0.27182886004447937, 'learning_rate': 0.0005702778199552054, 'epoch': 0.47}
{'loss': 2.9874, 'grad_norm': 0.25616633892059326, 'learning_rate': 0.0005700803283125729, 'epoch': 0.47}
{'loss': 2.9134, 'grad_norm': 0.257220596075058, 'learning_rate': 0.0005698828255168623, 'epoch': 0.47}
{'loss': 2.9648, 'grad_norm': 0.25448715686798096, 'learning_rate': 0.0005696853115995054, 'epoch': 0.47}
{'loss': 2.9786, 'grad_norm': 0.2640095353126526, 'learning_rate': 0.0005694877865919363, 'epoch': 0.47}
{'loss': 2.9532, 'grad_norm': 0.2752406597137451, 'learning_rate': 0.0005692902505255905, 'epoch': 0.47}
{'loss': 2.9572, 'grad_norm': 0.2866117060184479, 'learning_rate': 0.000569092703431905, 'epoch': 0.47}
{'loss': 2.9269, 'grad_norm': 0.30890756845474243, 'learning_rate': 0.000568895145342319, 'epoch': 0.47}
{'loss': 2.9705, 'grad_norm': 0.27735766768455505, 'learning_rate': 0.0005686975762882735, 'epoch': 0.47}
{'loss': 2.8462, 'grad_norm': 0.26455849409103394, 'learning_rate': 0.0005684999963012108, 'epoch': 0.47}
{'loss': 3.0654, 'grad_norm': 0.2775292694568634, 'learning_rate': 0.0005683024054125751, 'epoch': 0.47}
{'loss': 2.9282, 'grad_norm': 0.2694651782512665, 'learning_rate': 0.0005681048036538126, 'epoch': 0.47}
{'loss': 3.1685, 'grad_norm': 0.2782220244407654, 'learning_rate': 0.0005679071910563708, 'epoch': 0.47}
{'loss': 3.2205, 'grad_norm': 0.27756333351135254, 'learning_rate': 0.0005677095676516994, 'epoch': 0.47}
{'loss': 2.9854, 'grad_norm': 0.26963359117507935, 'learning_rate': 0.0005675119334712497, 'epoch': 0.47}
{'loss': 3.053, 'grad_norm': 0.2525304853916168, 'learning_rate': 0.0005673142885464741, 'epoch': 0.47}
{'loss': 3.0647, 'grad_norm': 0.26055407524108887, 'learning_rate': 0.0005671166329088278, 'epoch': 0.47}
{'loss': 2.8677, 'grad_norm': 0.24363362789154053, 'learning_rate': 0.0005669189665897667, 'epoch': 0.47}
{'loss': 3.0911, 'grad_norm': 0.2709304094314575, 'learning_rate': 0.000566721289620749, 'epoch': 0.47}
{'loss': 3.0683, 'grad_norm': 0.24539782106876373, 'learning_rate': 0.0005665236020332342, 'epoch': 0.47}
{'loss': 2.9318, 'grad_norm': 0.27604660391807556, 'learning_rate': 0.000566325903858684, 'epoch': 0.47}
{'loss': 2.9328, 'grad_norm': 0.24257522821426392, 'learning_rate': 0.0005661281951285613, 'epoch': 0.47}
{'loss': 2.9272, 'grad_norm': 0.2362961620092392, 'learning_rate': 0.0005659304758743308, 'epoch': 0.47}
{'loss': 2.8934, 'grad_norm': 0.2614230215549469, 'learning_rate': 0.0005657327461274591, 'epoch': 0.47}
{'loss': 2.8327, 'grad_norm': 0.25194603204727173, 'learning_rate': 0.0005655350059194142, 'epoch': 0.47}
{'loss': 3.1113, 'grad_norm': 0.2607952654361725, 'learning_rate': 0.000565337255281666, 'epoch': 0.47}
{'loss': 2.9036, 'grad_norm': 0.24226737022399902, 'learning_rate': 0.0005651394942456858, 'epoch': 0.47}
{'loss': 3.0243, 'grad_norm': 0.2592129707336426, 'learning_rate': 0.0005649417228429468, 'epoch': 0.47}
{'loss': 2.9818, 'grad_norm': 0.2562805414199829, 'learning_rate': 0.0005647439411049234, 'epoch': 0.47}
{'loss': 3.1125, 'grad_norm': 0.2707534432411194, 'learning_rate': 0.0005645461490630926, 'epoch': 0.48}
{'loss': 2.9538, 'grad_norm': 0.2835383713245392, 'learning_rate': 0.0005643483467489319, 'epoch': 0.48}
{'loss': 2.9057, 'grad_norm': 0.2655442953109741, 'learning_rate': 0.0005641505341939211, 'epoch': 0.48}
{'loss': 2.9253, 'grad_norm': 0.2798846662044525, 'learning_rate': 0.0005639527114295415, 'epoch': 0.48}
{'loss': 3.0542, 'grad_norm': 0.2521297037601471, 'learning_rate': 0.0005637548784872761, 'epoch': 0.48}
{'loss': 2.9993, 'grad_norm': 0.25733667612075806, 'learning_rate': 0.0005635570353986094, 'epoch': 0.48}
{'loss': 2.9832, 'grad_norm': 0.26012447476387024, 'learning_rate': 0.0005633591821950273, 'epoch': 0.48}
{'loss': 2.9752, 'grad_norm': 0.2598850429058075, 'learning_rate': 0.0005631613189080178, 'epoch': 0.48}
{'loss': 2.8885, 'grad_norm': 0.254727840423584, 'learning_rate': 0.0005629634455690703, 'epoch': 0.48}
{'loss': 2.9621, 'grad_norm': 0.2567712366580963, 'learning_rate': 0.0005627655622096757, 'epoch': 0.48}
{'loss': 2.9484, 'grad_norm': 0.26697006821632385, 'learning_rate': 0.0005625676688613266, 'epoch': 0.48}
{'loss': 3.0274, 'grad_norm': 0.26626160740852356, 'learning_rate': 0.000562369765555517, 'epoch': 0.48}
{'loss': 2.9689, 'grad_norm': 0.2844419479370117, 'learning_rate': 0.0005621718523237427, 'epoch': 0.48}
{'loss': 3.0082, 'grad_norm': 0.26390960812568665, 'learning_rate': 0.0005619739291975009, 'epoch': 0.48}
{'loss': 3.264, 'grad_norm': 0.2825062572956085, 'learning_rate': 0.0005617759962082907, 'epoch': 0.48}
{'loss': 2.9099, 'grad_norm': 0.2580719292163849, 'learning_rate': 0.0005615780533876124, 'epoch': 0.48}
{'loss': 3.2238, 'grad_norm': 0.26822108030319214, 'learning_rate': 0.0005613801007669681, 'epoch': 0.48}
{'loss': 3.0938, 'grad_norm': 0.2591560482978821, 'learning_rate': 0.0005611821383778614, 'epoch': 0.48}
{'loss': 3.0041, 'grad_norm': 0.24393349885940552, 'learning_rate': 0.0005609841662517973, 'epoch': 0.48}
{'loss': 2.8265, 'grad_norm': 0.26494458317756653, 'learning_rate': 0.0005607861844202825, 'epoch': 0.48}
{'loss': 2.9126, 'grad_norm': 0.2627354562282562, 'learning_rate': 0.0005605881929148253, 'epoch': 0.48}
{'loss': 2.8985, 'grad_norm': 0.2686055898666382, 'learning_rate': 0.0005603901917669355, 'epoch': 0.48}
{'loss': 2.999, 'grad_norm': 0.26524224877357483, 'learning_rate': 0.0005601921810081243, 'epoch': 0.48}
{'loss': 3.0469, 'grad_norm': 0.2731865644454956, 'learning_rate': 0.0005599941606699046, 'epoch': 0.48}
{'loss': 3.0224, 'grad_norm': 0.2595936059951782, 'learning_rate': 0.0005597961307837908, 'epoch': 0.48}
{'loss': 2.9416, 'grad_norm': 0.26703566312789917, 'learning_rate': 0.0005595980913812986, 'epoch': 0.48}
{'loss': 3.0873, 'grad_norm': 0.2539921700954437, 'learning_rate': 0.0005594000424939456, 'epoch': 0.48}
