[2025-03-07 05:51:35,061] [INFO] [real_accelerator.py:203:get_accelerator] Setting ds_accelerator to cuda (auto detect)
[2025-03-07 05:51:35,062] [INFO] [real_accelerator.py:203:get_accelerator] Setting ds_accelerator to cuda (auto detect)
[93m [WARNING] [0m async_io requires the dev libaio .so object and headers but these were not found.
[93m [WARNING] [0m async_io requires the dev libaio .so object and headers but these were not found.
[93m [WARNING] [0m If libaio is already installed (perhaps from source), try setting the CFLAGS and LDFLAGS environment variables to where it can be found.
[93m [WARNING] [0m Please specify the CUTLASS repo directory as environment variable $CUTLASS_PATH
[93m [WARNING] [0m If libaio is already installed (perhaps from source), try setting the CFLAGS and LDFLAGS environment variables to where it can be found.
[93m [WARNING] [0m Please specify the CUTLASS repo directory as environment variable $CUTLASS_PATH
[93m [WARNING] [0m sparse_attn requires a torch version >= 1.5 and < 2.0 but detected 2.1
[93m [WARNING] [0m using untested triton version (2.1.0), only 1.0.0 is known to be compatible
[93m [WARNING] [0m sparse_attn requires a torch version >= 1.5 and < 2.0 but detected 2.1
[93m [WARNING] [0m using untested triton version (2.1.0), only 1.0.0 is known to be compatible
[05:51:36.775852] Rank 0 | Local Rank 0 | World Size 2 | Local World Size 2 |
[2025-03-07 05:51:36,783] [INFO] [comm.py:637:init_distributed] cdb=None
[2025-03-07 05:51:36,783] [INFO] [comm.py:668:init_distributed] Initializing TorchBackend in DeepSpeed with backend nccl
[05:51:36.891206] Rank 0:  Inspecting experiment hyperparameters:

[05:51:36.891311] Rank 0:  model_args = {'model_name_or_path': 'Qwen/Qwen2.5-1.5B-Instruct', 'model_class_name': None, 'mm_tunable_parts': 'mm_mlp_adapter', 'version': 'plain', 'freeze_backbone': False, 'tune_mm_mlp_adapter': False, 'tune_mm_vision_resampler': False, 'vision_tower': 'umt-hd-large', 'vision_tower_pretrained': None, 'vision_encode_type': 'video_image', 'unfreeze_mm_vision_tower': False, 'unfreeze_language_model': False, 'mm_vision_select_layer': -2, 'pretrain_mm_mlp_adapter': None, 'mm_projector_type': 'tome16_mlp_hd64', 'mm_use_im_start_end': False, 'mm_use_im_patch_token': False, 'mm_patch_merge_type': 'flat', 'mm_vision_select_feature': 'patch', 'mm_resampler_type': None, 'mm_mask_drop_mode': 'fixed', 'mm_mask_drop_skip_percentage': 0.0, 'mm_mask_drop_ratio': 0.25, 'mm_mask_drop_ratio_upper': None, 'mm_mask_drop_ratio_lower': None, 'mm_spatial_pool_stride': None, 'mm_spatial_pool_mode': 'bilinear', 'mm_spatial_pool_out_channels': None, 'mm_num_compress_latents': 128, 'mm_num_compress_query_type': 'learnable', 'mm_pos_num_frames': 4, 'mm_close_init': False, 'min_slow_num_frames': 4, 'mm_perceiver_depth': 3, 'mm_perceiver_latents': 32, 'mm_perceiver_ff_mult': 4, 'mm_perceiver_pretrained': None, 'mm_qformer_depth': 3, 'mm_qformer_latents': 32, 'mm_qformer_pretrained': None, 'rope_scaling_factor': None, 'rope_scaling_type': None, 's2': False, 's2_scales': '336,672,1008', 'use_pos_skipping': False, 'pos_skipping_range': 4096, 'mm_newline_position': 'one_token', 'mm_local_num_frames': 4, 'mm_llm_compress': False, 'llm_compress_type': 'attention', 'llm_compress_layer_list': '8,16,24', 'llm_image_token_ratio_list': '1.0,0.5,0.25,0.125'}


[05:51:36.891347] Rank 0:  data_args = {'data_path': 'data/stage1_init_connector_iv1m.yaml', 'lazy_preprocess': True, 'is_multimodal': False, 'early_mix_text': False, 'image_aspect_ratio': 'square', 'image_grid_pinpoints': None, 'image_crop_resolution': None, 'image_split_resolution': None, 'frame_aspect_ratio': 'square', 'frame_grid_pinpoints': None, 'max_num_pixels': 14745600000, 'frames_upbound': 4, 'frames_lowbound': 1, 'time_msg': 'short', 'local_num_frames': 4, 'sample_type': 'middle'}


[05:51:36.891495] Rank 0:  training_args = {'output_dir': './checkpoints/stage1-init_connector/stage1-umt-hd-large-tome16_mlp_hd64-Qwen2_5_1_5B_stage1_init_connector_iv1m.yaml_plain_20250307_055129', 'overwrite_output_dir': False, 'do_train': False, 'do_eval': False, 'do_predict': False, 'evaluation_strategy': <IntervalStrategy.NO: 'no'>, 'prediction_loss_only': False, 'per_device_train_batch_size': 16, 'per_device_eval_batch_size': 4, 'per_gpu_train_batch_size': None, 'per_gpu_eval_batch_size': None, 'gradient_accumulation_steps': 4, 'eval_accumulation_steps': None, 'eval_delay': 0, 'learning_rate': 0.001, 'weight_decay': 0.0, 'adam_beta1': 0.9, 'adam_beta2': 0.999, 'adam_epsilon': 1e-08, 'max_grad_norm': 1.0, 'num_train_epochs': 1.0, 'max_steps': -1, 'lr_scheduler_type': <SchedulerType.COSINE: 'cosine'>, 'lr_scheduler_kwargs': {}, 'warmup_ratio': 0.03, 'warmup_steps': 0, 'log_level': 'passive', 'log_level_replica': 'warning', 'log_on_each_node': True, 'logging_dir': './checkpoints/stage1-init_connector/stage1-umt-hd-large-tome16_mlp_hd64-Qwen2_5_1_5B_stage1_init_connector_iv1m.yaml_plain_20250307_055129/runs/Mar07_05-51-36_ip-172-31-20-200.us-east-2.compute.internal', 'logging_strategy': <IntervalStrategy.STEPS: 'steps'>, 'logging_first_step': False, 'logging_steps': 1.0, 'logging_nan_inf_filter': True, 'save_strategy': <IntervalStrategy.NO: 'no'>, 'save_steps': 1000.0, 'save_total_limit': None, 'save_safetensors': True, 'save_on_each_node': False, 'save_only_model': False, 'no_cuda': False, 'use_cpu': False, 'use_mps_device': False, 'seed': 42, 'data_seed': None, 'jit_mode_eval': False, 'use_ipex': False, 'bf16': True, 'fp16': False, 'fp16_opt_level': 'O1', 'half_precision_backend': 'auto', 'bf16_full_eval': False, 'fp16_full_eval': False, 'tf32': True, 'local_rank': 0, 'ddp_backend': None, 'tpu_num_cores': None, 'tpu_metrics_debug': False, 'debug': [], 'dataloader_drop_last': False, 'eval_steps': None, 'dataloader_num_workers': 16, 'dataloader_prefetch_factor': None, 'past_index': -1, 'run_name': 'stage1-umt-hd-large-tome16_mlp_hd64-Qwen2_5_1_5B_stage1_init_connector_iv1m.yaml_plain_20250307_055129', 'disable_tqdm': False, 'remove_unused_columns': False, 'label_names': None, 'load_best_model_at_end': False, 'metric_for_best_model': None, 'greater_is_better': None, 'ignore_data_skip': False, 'fsdp': [], 'fsdp_min_num_params': 0, 'fsdp_config': {'min_num_params': 0, 'xla': False, 'xla_fsdp_v2': False, 'xla_fsdp_grad_ckpt': False}, 'fsdp_transformer_layer_cls_to_wrap': None, 'accelerator_config': AcceleratorConfig(split_batches=False, dispatch_batches=None, even_batches=True, use_seedable_sampler=True), 'deepspeed': 'scripts/zero2.json', 'label_smoothing_factor': 0.0, 'optim': <OptimizerNames.ADAMW_TORCH: 'adamw_torch'>, 'optim_args': None, 'adafactor': False, 'group_by_length': False, 'length_column_name': 'length', 'report_to': ['tensorboard'], 'ddp_find_unused_parameters': None, 'ddp_bucket_cap_mb': None, 'ddp_broadcast_buffers': None, 'dataloader_pin_memory': True, 'dataloader_persistent_workers': False, 'skip_memory_metrics': True, 'use_legacy_prediction_loop': False, 'push_to_hub': False, 'resume_from_checkpoint': None, 'hub_model_id': None, 'hub_strategy': <HubStrategy.EVERY_SAVE: 'every_save'>, 'hub_token': None, 'hub_private_repo': False, 'hub_always_push': False, 'gradient_checkpointing': True, 'gradient_checkpointing_kwargs': None, 'include_inputs_for_metrics': False, 'fp16_backend': 'auto', 'push_to_hub_model_id': None, 'push_to_hub_organization': None, 'push_to_hub_token': None, 'mp_parameters': '', 'auto_find_batch_size': False, 'full_determinism': False, 'torchdynamo': None, 'ray_scope': 'last', 'ddp_timeout': 1800, 'torch_compile': False, 'torch_compile_backend': None, 'torch_compile_mode': None, 'dispatch_batches': None, 'split_batches': None, 'include_tokens_per_second': False, 'include_num_input_tokens_seen': False, 'neftune_noise_alpha': None, 'optim_target_modules': None, 'cache_dir': None, 'freeze_mm_mlp_adapter': False, 'freeze_mm_vision_resampler': False, 'mpt_attn_impl': 'triton', 'model_max_length': 8192, 'double_quant': True, 'quant_type': 'nf4', 'bits': 16, 'lora_enable': False, 'lora_r': 64, 'lora_alpha': 16, 'lora_dropout': 0.05, 'lora_weight_path': '', 'lora_bias': 'none', 'mm_projector_lr': None, 'mm_vision_tower_lr': None, 'group_by_varlen': False, 'group_by_modality_length': False, 'group_by_modality_length_auto': False, 'verbose_logging': True, 'attn_implementation': 'sdpa', 'distributed_state': Distributed environment: DEEPSPEED  Backend: nccl
Num processes: 2
Process index: 0
Local process index: 0
Device: cuda:0
, '_n_gpu': 1, '__cached__setup_devices': device(type='cuda', index=0), 'deepspeed_plugin': DeepSpeedPlugin(hf_ds_config=<transformers.integrations.deepspeed.HfTrainerDeepSpeedConfig object at 0x7f53cf3d6be0>, gradient_accumulation_steps=4, gradient_clipping=1.0, zero_stage=2, is_train_batch_min=True, offload_optimizer_device='none', offload_param_device='none', offload_optimizer_nvme_path='none', offload_param_nvme_path='none', zero3_init_flag=False, zero3_save_16bit_model=False, transformer_moe_cls_names=None), 'hf_deepspeed_config': <transformers.integrations.deepspeed.HfTrainerDeepSpeedConfig object at 0x7f53cf3d6be0>}


[05:51:36.899503] Rank 1 | Local Rank 1 | World Size 2 | Local World Size 2 |
[2025-03-07 05:51:36,908] [INFO] [comm.py:637:init_distributed] cdb=None
[05:51:36.925582] Rank 0:  Overwriting config with {'vision_encode_type': 'video_image', 'mm_num_compress_latents': 128, 'mm_num_compress_query_type': 'learnable', 'mm_pos_num_frames': 4, 'mm_local_num_frames': 4, 'mm_close_init': False, 'min_slow_num_frames': 4, 'mm_llm_compress': False, 'llm_compress_layer_list': [8, 16, 24], 'llm_image_token_ratio_list': [1.0, 0.5, 0.25, 0.125], 'llm_compress_type': 'attention', 'mm_projector_type': 'tome16_mlp_hd64', 'mm_patch_merge_type': 'flat', 'mm_newline_position': 'one_token', 'use_pos_skipping': False, 'pos_skipping_range': 4096, 'mm_spatial_pool_mode': 'bilinear'}
[05:51:40.756207] Rank 0:  Model config: Qwen2Config {
  "_name_or_path": "Qwen/Qwen2.5-1.5B-Instruct",
  "architectures": [
    "Qwen2ForCausalLM"
  ],
  "attention_dropout": 0.0,
  "bos_token_id": 151643,
  "eos_token_id": 151645,
  "hidden_act": "silu",
  "hidden_size": 1536,
  "initializer_range": 0.02,
  "intermediate_size": 8960,
  "llm_compress_layer_list": [
    8,
    16,
    24
  ],
  "llm_compress_type": "attention",
  "llm_image_token_ratio_list": [
    1.0,
    0.5,
    0.25,
    0.125
  ],
  "max_position_embeddings": 32768,
  "max_window_layers": 21,
  "min_slow_num_frames": 4,
  "mm_close_init": false,
  "mm_llm_compress": false,
  "mm_local_num_frames": 4,
  "mm_newline_position": "one_token",
  "mm_num_compress_latents": 128,
  "mm_num_compress_query_type": "learnable",
  "mm_patch_merge_type": "flat",
  "mm_pos_num_frames": 4,
  "mm_projector_type": "tome16_mlp_hd64",
  "mm_spatial_pool_mode": "bilinear",
  "model_type": "qwen2",
  "num_attention_heads": 12,
  "num_hidden_layers": 28,
  "num_key_value_heads": 2,
  "pos_skipping_range": 4096,
  "rms_norm_eps": 1e-06,
  "rope_scaling": null,
  "rope_theta": 1000000.0,
  "sliding_window": 32768,
  "tie_word_embeddings": true,
  "torch_dtype": "bfloat16",
  "transformers_version": "4.40.0.dev0",
  "use_cache": true,
  "use_pos_skipping": false,
  "use_sliding_window": false,
  "vision_encode_type": "video_image",
  "vocab_size": 151936
}
.
[05:51:40.923426] Rank 0:  Prompt version: plain
[05:51:40.923643] Rank 0:  Loading vision tower: umt-hd-large
[05:51:40.927704] umt: Num of patches: 3136
[05:51:40.927754] umt: Use checkpoint: True
[05:51:40.927772] umt: Checkpoint number: 24
[05:51:40.927787] umt: Real runing depth: 23
[05:51:41.957888] n_position: 3136
[05:51:41.957946] pre_n_position: 784
[05:51:41.957963] Pretraining uses 14x14, but current version is 28x28
[05:51:41.957973] Interpolate the position embedding
[05:51:42.287165] n_position: 784
[05:51:42.287206] pre_n_position: 196
[05:51:42.287220] Pretraining uses 14x14, but current version is 28x28
[05:51:42.287231] Interpolate the position embedding
[05:51:42.319379] umt: attn_type: flash_v2
[05:51:42.375604] umt: attn_type: flash_v2
[05:51:42.436827] umt: attn_type: flash_v2
[05:51:42.498288] umt: attn_type: flash_v2
[05:51:42.555805] umt: attn_type: flash_v2
[05:51:42.608884] umt: attn_type: flash_v2
[05:51:42.660016] umt: attn_type: flash_v2
[05:51:42.710614] umt: attn_type: flash_v2
[05:51:42.761635] umt: attn_type: flash_v2
[05:51:42.813027] umt: attn_type: flash_v2
[05:51:42.863545] umt: attn_type: flash_v2
[05:51:42.914663] umt: attn_type: flash_v2
[05:51:42.967887] umt: attn_type: flash_v2
[05:51:43.020373] umt: attn_type: flash_v2
[05:51:43.074005] umt: attn_type: flash_v2
[05:51:43.128542] umt: attn_type: flash_v2
[05:51:43.187798] umt: attn_type: flash_v2
[05:51:43.242232] umt: attn_type: flash_v2
[05:51:43.301193] umt: attn_type: flash_v2
[05:51:43.353671] umt: attn_type: flash_v2
[05:51:43.406278] umt: attn_type: flash_v2
[05:51:43.457825] umt: attn_type: flash_v2
[05:51:43.509801] umt: attn_type: flash_v2
[05:51:43.549850] umt: With LN: True
[05:51:43.549885] umt: Total 24 layer
[05:51:43.549903] umt: Return 23-th layer
[05:51:45.163871] umt: Loading pretrained weights from /home/ec2-user/workspace/nvme/coding/Video_Encoders_for_Training_VideoChat-Flash/UMT-L_f4_vision.pt _IncompatibleKeys(missing_keys=[], unexpected_keys=['encoder.blocks.23.norm1.weight', 'encoder.blocks.23.norm1.bias', 'encoder.blocks.23.attn.q_bias', 'encoder.blocks.23.attn.v_bias', 'encoder.blocks.23.attn.qkv.weight', 'encoder.blocks.23.attn.proj.weight', 'encoder.blocks.23.attn.proj.bias', 'encoder.blocks.23.norm2.weight', 'encoder.blocks.23.norm2.bias', 'encoder.blocks.23.mlp.fc1.weight', 'encoder.blocks.23.mlp.fc1.bias', 'encoder.blocks.23.mlp.fc2.weight', 'encoder.blocks.23.mlp.fc2.bias'])
[05:51:45.646483] Rank 0:  Using mm_tunable_parts: mm_mlp_adapter
[05:51:45.650992] Rank 0:  Total parameters: ~1838.13 MB)
[05:51:45.651028] Rank 0:  Trainable parameters: ~3.94 MB)
[05:51:45.652293] Rank 0:  Loading OpenGVLab/VideoChat-Flash-Training-Data/annotations/video/smit_caption_481k.json with all sampling strategy
[05:51:48.228501] Rank 0:  Check samples from OpenGVLab/VideoChat-Flash-Training-Data/annotations/video/smit_caption_481k.json, media_type=video, video_read_type=None, data_root=OpenGVLab/smit/S-MiT/
[05:51:48.228585] Rank 0:  Checking: OpenGVLab/smit/S-MiT/videos/bouncing/yt-4orgJDGR6mI_37.mp4
[05:51:48.228641] Rank 0:  Loaded 481113 samples from OpenGVLab/VideoChat-Flash-Training-Data/annotations/video/smit_caption_481k.json, media_type=video, video_read_type=None, data_root=OpenGVLab/smit/S-MiT/
[05:51:48.232305] Rank 0:  Loading OpenGVLab/VideoChat-Flash-Training-Data/annotations/image/blip_laion_cc_sbu_558k.json with all sampling strategy
[05:51:51.388640] Rank 0:  Check samples from OpenGVLab/VideoChat-Flash-Training-Data/annotations/image/blip_laion_cc_sbu_558k.json, media_type=image, video_read_type=None, data_root=OpenGVLab/LLaVA-Pretrain/
[05:51:51.388725] Rank 0:  Checking: OpenGVLab/LLaVA-Pretrain/00453/004539375.jpg
[05:51:51.388776] Rank 0:  Loaded 558128 samples from OpenGVLab/VideoChat-Flash-Training-Data/annotations/image/blip_laion_cc_sbu_558k.json, media_type=image, video_read_type=None, data_root=OpenGVLab/LLaVA-Pretrain/
[05:51:51.393555] Rank 0:  Loaded 1039241 samples from OpenGVLab/LLaVA-Pretrain/00453/004539375.jpg
[05:51:51.393594] Rank 0:  Formatting inputs...Skip in lazy mode
[05:51:51.397674] Rank 0:  Setting NCCL timeout to INF to avoid running errors.
[05:51:51.433098] Rank 0:  model_config after before train: Qwen2Config {
  "_name_or_path": "Qwen/Qwen2.5-1.5B-Instruct",
  "architectures": [
    "Qwen2ForCausalLM"
  ],
  "attention_dropout": 0.0,
  "bos_token_id": 151643,
  "eos_token_id": 151645,
  "frame_aspect_ratio": "square",
  "frame_grid_pinpoints": null,
  "hidden_act": "silu",
  "hidden_size": 1536,
  "image_aspect_ratio": "square",
  "image_crop_resolution": null,
  "image_grid_pinpoints": null,
  "image_split_resolution": null,
  "initializer_range": 0.02,
  "intermediate_size": 8960,
  "llm_compress_layer_list": [
    8,
    16,
    24
  ],
  "llm_compress_type": "attention",
  "llm_image_token_ratio_list": [
    1.0,
    0.5,
    0.25,
    0.125
  ],
  "max_num_pixels": 14745600000,
  "max_position_embeddings": 32768,
  "max_window_layers": 21,
  "min_slow_num_frames": 4,
  "mm_close_init": false,
  "mm_hidden_size": 1024,
  "mm_llm_compress": false,
  "mm_local_num_frames": 4,
  "mm_newline_position": "one_token",
  "mm_num_compress_latents": 128,
  "mm_num_compress_query_type": "learnable",
  "mm_patch_merge_type": "flat",
  "mm_pos_num_frames": 4,
  "mm_projector_lr": null,
  "mm_projector_type": "tome16_mlp_hd64",
  "mm_spatial_pool_mode": "bilinear",
  "mm_tunable_parts": "mm_mlp_adapter",
  "mm_use_im_patch_token": false,
  "mm_use_im_start_end": false,
  "mm_vision_select_feature": "patch",
  "mm_vision_select_layer": -2,
  "mm_vision_tower": "umt-hd-large",
  "mm_vision_tower_lr": null,
  "model_type": "qwen2",
  "num_attention_heads": 12,
  "num_hidden_layers": 28,
  "num_key_value_heads": 2,
  "pos_skipping_range": 4096,
  "rms_norm_eps": 1e-06,
  "rope_scaling": null,
  "rope_theta": 1000000.0,
  "sliding_window": 32768,
  "tie_word_embeddings": true,
  "tokenizer_model_max_length": 8192,
  "tokenizer_padding_side": "right",
  "torch_dtype": "bfloat16",
  "transformers_version": "4.40.0.dev0",
  "use_cache": false,
  "use_mm_proj": true,
  "use_pos_skipping": false,
  "use_sliding_window": false,
  "vision_encode_type": "video_image",
  "vision_tower_pretrained": null,
  "vocab_size": 151936
}

[05:51:53.083486] ninja: no work to do.
[05:51:54.185208] [05:51:54.186295] Time to load fused_adam op: 1.1030242443084717 seconds
{'loss': 6.1044, 'grad_norm': 103.70347595214844, 'learning_rate': 4.098360655737705e-06, 'epoch': 0.0}
{'loss': 6.3875, 'grad_norm': 137.33221435546875, 'learning_rate': 8.19672131147541e-06, 'epoch': 0.0}
{'loss': 6.2416, 'grad_norm': 63.732666015625, 'learning_rate': 1.2295081967213114e-05, 'epoch': 0.0}
{'loss': 6.2764, 'grad_norm': 241.7566680908203, 'learning_rate': 1.639344262295082e-05, 'epoch': 0.0}
{'loss': 6.2178, 'grad_norm': 65.10008239746094, 'learning_rate': 2.0491803278688525e-05, 'epoch': 0.0}
{'loss': 5.9066, 'grad_norm': 80.31143951416016, 'learning_rate': 2.4590163934426228e-05, 'epoch': 0.0}
{'loss': 5.9526, 'grad_norm': 57.32440948486328, 'learning_rate': 2.8688524590163935e-05, 'epoch': 0.0}
{'loss': 5.8069, 'grad_norm': 61.378047943115234, 'learning_rate': 3.278688524590164e-05, 'epoch': 0.0}
{'loss': 5.7657, 'grad_norm': 72.78075408935547, 'learning_rate': 3.6885245901639346e-05, 'epoch': 0.0}
{'loss': 5.6458, 'grad_norm': 29.085615158081055, 'learning_rate': 4.098360655737705e-05, 'epoch': 0.0}
{'loss': 5.5559, 'grad_norm': 103.64344024658203, 'learning_rate': 4.508196721311476e-05, 'epoch': 0.0}
{'loss': 5.44, 'grad_norm': 38.092628479003906, 'learning_rate': 4.9180327868852456e-05, 'epoch': 0.0}
{'loss': 5.5505, 'grad_norm': 90.46322631835938, 'learning_rate': 5.327868852459016e-05, 'epoch': 0.0}
{'loss': 5.513, 'grad_norm': 54.141780853271484, 'learning_rate': 5.737704918032787e-05, 'epoch': 0.0}
{'loss': 5.3942, 'grad_norm': 57.223365783691406, 'learning_rate': 6.147540983606557e-05, 'epoch': 0.0}
{'loss': 5.1515, 'grad_norm': 150.297607421875, 'learning_rate': 6.557377049180328e-05, 'epoch': 0.0}
{'loss': 5.1433, 'grad_norm': 82.48384094238281, 'learning_rate': 6.967213114754098e-05, 'epoch': 0.0}
{'loss': 5.189, 'grad_norm': 109.4566421508789, 'learning_rate': 7.377049180327869e-05, 'epoch': 0.0}
{'loss': 5.134, 'grad_norm': 70.07878875732422, 'learning_rate': 7.78688524590164e-05, 'epoch': 0.0}
{'loss': 5.244, 'grad_norm': 50.26602554321289, 'learning_rate': 8.19672131147541e-05, 'epoch': 0.0}
{'loss': 4.9844, 'grad_norm': 26.917470932006836, 'learning_rate': 8.606557377049181e-05, 'epoch': 0.0}
{'loss': 5.2472, 'grad_norm': 209.2742919921875, 'learning_rate': 9.016393442622952e-05, 'epoch': 0.0}
{'loss': 5.1592, 'grad_norm': 54.0954704284668, 'learning_rate': 9.42622950819672e-05, 'epoch': 0.0}
{'loss': 5.2417, 'grad_norm': 52.39509582519531, 'learning_rate': 9.836065573770491e-05, 'epoch': 0.0}
{'loss': 4.9342, 'grad_norm': 21.074268341064453, 'learning_rate': 0.00010245901639344262, 'epoch': 0.0}
{'loss': 5.1574, 'grad_norm': 105.08375549316406, 'learning_rate': 0.00010655737704918032, 'epoch': 0.0}
{'loss': 5.1341, 'grad_norm': 25.762161254882812, 'learning_rate': 0.00011065573770491803, 'epoch': 0.0}
{'loss': 4.9422, 'grad_norm': 109.06462097167969, 'learning_rate': 0.00011475409836065574, 'epoch': 0.0}
{'loss': 4.8086, 'grad_norm': 13.604043006896973, 'learning_rate': 0.00011885245901639344, 'epoch': 0.0}
{'loss': 4.7088, 'grad_norm': 17.076152801513672, 'learning_rate': 0.00012295081967213115, 'epoch': 0.0}
{'loss': 4.8039, 'grad_norm': 18.23169708251953, 'learning_rate': 0.00012704918032786886, 'epoch': 0.0}
{'loss': 4.5642, 'grad_norm': 12.971463203430176, 'learning_rate': 0.00013114754098360657, 'epoch': 0.0}
{'loss': 4.7579, 'grad_norm': 14.81032943725586, 'learning_rate': 0.00013524590163934428, 'epoch': 0.0}
{'loss': 4.595, 'grad_norm': 39.864593505859375, 'learning_rate': 0.00013934426229508196, 'epoch': 0.0}
{'loss': 4.8181, 'grad_norm': 12.56773853302002, 'learning_rate': 0.00014344262295081967, 'epoch': 0.0}
{'loss': 4.7102, 'grad_norm': 22.374710083007812, 'learning_rate': 0.00014754098360655738, 'epoch': 0.0}
{'loss': 4.6782, 'grad_norm': 14.994014739990234, 'learning_rate': 0.0001516393442622951, 'epoch': 0.0}
{'loss': 4.7202, 'grad_norm': 8.335494995117188, 'learning_rate': 0.0001557377049180328, 'epoch': 0.0}
{'loss': 4.5577, 'grad_norm': 6.137237548828125, 'learning_rate': 0.0001598360655737705, 'epoch': 0.0}
{'loss': 4.5023, 'grad_norm': 6.406738758087158, 'learning_rate': 0.0001639344262295082, 'epoch': 0.0}
{'loss': 4.4686, 'grad_norm': 4.916665077209473, 'learning_rate': 0.0001680327868852459, 'epoch': 0.01}
{'loss': 4.5792, 'grad_norm': 9.564974784851074, 'learning_rate': 0.00017213114754098362, 'epoch': 0.01}
{'loss': 4.4316, 'grad_norm': 10.497013092041016, 'learning_rate': 0.00017622950819672133, 'epoch': 0.01}
{'loss': 4.449, 'grad_norm': 4.481956958770752, 'learning_rate': 0.00018032786885245904, 'epoch': 0.01}
{'loss': 4.3476, 'grad_norm': 17.299165725708008, 'learning_rate': 0.00018442622950819675, 'epoch': 0.01}
{'loss': 4.494, 'grad_norm': 24.232688903808594, 'learning_rate': 0.0001885245901639344, 'epoch': 0.01}
{'loss': 4.4206, 'grad_norm': 21.75284767150879, 'learning_rate': 0.00019262295081967211, 'epoch': 0.01}
{'loss': 4.3944, 'grad_norm': 59.85765838623047, 'learning_rate': 0.00019672131147540983, 'epoch': 0.01}
{'loss': 4.3776, 'grad_norm': 25.47359848022461, 'learning_rate': 0.00020081967213114754, 'epoch': 0.01}
{'loss': 4.4011, 'grad_norm': 9.979144096374512, 'learning_rate': 0.00020491803278688525, 'epoch': 0.01}
{'loss': 4.3176, 'grad_norm': 9.875080108642578, 'learning_rate': 0.00020901639344262296, 'epoch': 0.01}
{'loss': 4.3216, 'grad_norm': 17.602998733520508, 'learning_rate': 0.00021311475409836064, 'epoch': 0.01}
{'loss': 4.2316, 'grad_norm': 5.155867099761963, 'learning_rate': 0.00021721311475409835, 'epoch': 0.01}
{'loss': 4.3264, 'grad_norm': 5.819594383239746, 'learning_rate': 0.00022131147540983606, 'epoch': 0.01}
{'loss': 4.2997, 'grad_norm': 6.8187665939331055, 'learning_rate': 0.00022540983606557377, 'epoch': 0.01}
{'loss': 4.274, 'grad_norm': 5.971407413482666, 'learning_rate': 0.00022950819672131148, 'epoch': 0.01}
{'loss': 4.2717, 'grad_norm': 5.745396137237549, 'learning_rate': 0.0002336065573770492, 'epoch': 0.01}
{'loss': 4.0278, 'grad_norm': 7.636129856109619, 'learning_rate': 0.00023770491803278687, 'epoch': 0.01}
{'loss': 4.0294, 'grad_norm': 4.422292232513428, 'learning_rate': 0.00024180327868852458, 'epoch': 0.01}
{'loss': 4.0851, 'grad_norm': 4.983689785003662, 'learning_rate': 0.0002459016393442623, 'epoch': 0.01}
{'loss': 4.0393, 'grad_norm': 4.1377339363098145, 'learning_rate': 0.00025, 'epoch': 0.01}
{'loss': 4.3228, 'grad_norm': 7.899148464202881, 'learning_rate': 0.0002540983606557377, 'epoch': 0.01}
{'loss': 4.0428, 'grad_norm': 4.772976875305176, 'learning_rate': 0.0002581967213114754, 'epoch': 0.01}
{'loss': 3.8635, 'grad_norm': 8.14168643951416, 'learning_rate': 0.00026229508196721314, 'epoch': 0.01}
{'loss': 4.1622, 'grad_norm': 3.371924877166748, 'learning_rate': 0.00026639344262295085, 'epoch': 0.01}
{'loss': 4.0357, 'grad_norm': 3.163604259490967, 'learning_rate': 0.00027049180327868856, 'epoch': 0.01}
{'loss': 3.9907, 'grad_norm': 2.8788211345672607, 'learning_rate': 0.00027459016393442627, 'epoch': 0.01}
{'loss': 4.2182, 'grad_norm': 2.9996087551116943, 'learning_rate': 0.0002786885245901639, 'epoch': 0.01}
{'loss': 4.0107, 'grad_norm': 12.013463020324707, 'learning_rate': 0.00028278688524590163, 'epoch': 0.01}
{'loss': 4.084, 'grad_norm': 8.985868453979492, 'learning_rate': 0.00028688524590163934, 'epoch': 0.01}
{'loss': 4.1479, 'grad_norm': 3.246060848236084, 'learning_rate': 0.00029098360655737705, 'epoch': 0.01}
{'loss': 4.0832, 'grad_norm': 5.796858310699463, 'learning_rate': 0.00029508196721311476, 'epoch': 0.01}
{'loss': 4.1095, 'grad_norm': 3.0712647438049316, 'learning_rate': 0.0002991803278688525, 'epoch': 0.01}
{'loss': 4.0827, 'grad_norm': 4.415462017059326, 'learning_rate': 0.0003032786885245902, 'epoch': 0.01}
{'loss': 3.9497, 'grad_norm': 3.2134156227111816, 'learning_rate': 0.0003073770491803279, 'epoch': 0.01}
{'loss': 4.1618, 'grad_norm': 7.329669952392578, 'learning_rate': 0.0003114754098360656, 'epoch': 0.01}
{'loss': 3.9807, 'grad_norm': 4.4916582107543945, 'learning_rate': 0.0003155737704918033, 'epoch': 0.01}
{'loss': 4.0923, 'grad_norm': 4.790202617645264, 'learning_rate': 0.000319672131147541, 'epoch': 0.01}
{'loss': 3.9992, 'grad_norm': 4.64208984375, 'learning_rate': 0.00032377049180327874, 'epoch': 0.01}
{'loss': 3.9402, 'grad_norm': 4.040314197540283, 'learning_rate': 0.0003278688524590164, 'epoch': 0.01}
{'loss': 4.1887, 'grad_norm': 4.9765777587890625, 'learning_rate': 0.0003319672131147541, 'epoch': 0.01}
{'loss': 3.9389, 'grad_norm': 5.731469631195068, 'learning_rate': 0.0003360655737704918, 'epoch': 0.01}
{'loss': 4.0331, 'grad_norm': 3.675602436065674, 'learning_rate': 0.0003401639344262295, 'epoch': 0.01}
{'loss': 4.0422, 'grad_norm': 4.006216049194336, 'learning_rate': 0.00034426229508196723, 'epoch': 0.01}
{'loss': 3.9314, 'grad_norm': 4.8332929611206055, 'learning_rate': 0.00034836065573770494, 'epoch': 0.01}
{'loss': 3.8232, 'grad_norm': 3.2137246131896973, 'learning_rate': 0.00035245901639344266, 'epoch': 0.01}
{'loss': 4.1606, 'grad_norm': 8.016661643981934, 'learning_rate': 0.00035655737704918037, 'epoch': 0.01}
{'loss': 4.1348, 'grad_norm': 4.75079870223999, 'learning_rate': 0.0003606557377049181, 'epoch': 0.01}
{'loss': 4.117, 'grad_norm': 4.864039897918701, 'learning_rate': 0.0003647540983606558, 'epoch': 0.01}
{'loss': 3.9005, 'grad_norm': 4.27668571472168, 'learning_rate': 0.0003688524590163935, 'epoch': 0.01}
{'loss': 3.8085, 'grad_norm': 2.03001070022583, 'learning_rate': 0.0003729508196721312, 'epoch': 0.01}
{'loss': 3.9394, 'grad_norm': 1.3627222776412964, 'learning_rate': 0.0003770491803278688, 'epoch': 0.01}
{'loss': 3.9026, 'grad_norm': 1.4617187976837158, 'learning_rate': 0.0003811475409836065, 'epoch': 0.01}
{'loss': 3.9195, 'grad_norm': 1.4823757410049438, 'learning_rate': 0.00038524590163934423, 'epoch': 0.01}
{'loss': 4.0363, 'grad_norm': 2.610032796859741, 'learning_rate': 0.00038934426229508194, 'epoch': 0.01}
{'loss': 3.7907, 'grad_norm': 2.2296884059906006, 'learning_rate': 0.00039344262295081965, 'epoch': 0.01}
{'loss': 3.8231, 'grad_norm': 2.293323278427124, 'learning_rate': 0.00039754098360655736, 'epoch': 0.01}
{'loss': 4.0245, 'grad_norm': 2.4382236003875732, 'learning_rate': 0.00040163934426229507, 'epoch': 0.01}
{'loss': 3.9018, 'grad_norm': 9.311110496520996, 'learning_rate': 0.0004057377049180328, 'epoch': 0.01}
{'loss': 3.779, 'grad_norm': 1.185436725616455, 'learning_rate': 0.0004098360655737705, 'epoch': 0.01}
{'loss': 3.9893, 'grad_norm': 1.2008270025253296, 'learning_rate': 0.0004139344262295082, 'epoch': 0.01}
{'loss': 3.9424, 'grad_norm': 1.386187195777893, 'learning_rate': 0.0004180327868852459, 'epoch': 0.01}
{'loss': 3.9213, 'grad_norm': 0.9009009599685669, 'learning_rate': 0.0004221311475409836, 'epoch': 0.01}
{'loss': 3.778, 'grad_norm': 1.9940131902694702, 'learning_rate': 0.0004262295081967213, 'epoch': 0.01}
{'loss': 4.0482, 'grad_norm': 1.0766605138778687, 'learning_rate': 0.000430327868852459, 'epoch': 0.01}
{'loss': 3.7675, 'grad_norm': 0.9245738983154297, 'learning_rate': 0.0004344262295081967, 'epoch': 0.01}
{'loss': 3.8721, 'grad_norm': 1.1836180686950684, 'learning_rate': 0.0004385245901639344, 'epoch': 0.01}
{'loss': 3.8044, 'grad_norm': 0.9522629976272583, 'learning_rate': 0.0004426229508196721, 'epoch': 0.01}
{'loss': 3.918, 'grad_norm': 0.8370581865310669, 'learning_rate': 0.00044672131147540983, 'epoch': 0.01}
{'loss': 3.6249, 'grad_norm': 1.0704349279403687, 'learning_rate': 0.00045081967213114754, 'epoch': 0.01}
{'loss': 3.7861, 'grad_norm': 1.1704602241516113, 'learning_rate': 0.00045491803278688525, 'epoch': 0.01}
{'loss': 3.7523, 'grad_norm': 0.9507622718811035, 'learning_rate': 0.00045901639344262296, 'epoch': 0.01}
{'loss': 3.9243, 'grad_norm': 1.274821400642395, 'learning_rate': 0.00046311475409836067, 'epoch': 0.01}
{'loss': 3.6367, 'grad_norm': 0.8904018998146057, 'learning_rate': 0.0004672131147540984, 'epoch': 0.01}
{'loss': 3.803, 'grad_norm': 0.8555523753166199, 'learning_rate': 0.0004713114754098361, 'epoch': 0.01}
{'loss': 3.7683, 'grad_norm': 1.1712578535079956, 'learning_rate': 0.00047540983606557375, 'epoch': 0.01}
{'loss': 3.7985, 'grad_norm': 0.8213910460472107, 'learning_rate': 0.00047950819672131146, 'epoch': 0.01}
{'loss': 3.8734, 'grad_norm': 0.6164771318435669, 'learning_rate': 0.00048360655737704917, 'epoch': 0.01}
{'loss': 3.8091, 'grad_norm': 0.854636013507843, 'learning_rate': 0.0004877049180327869, 'epoch': 0.01}
{'loss': 3.8557, 'grad_norm': 0.9033709764480591, 'learning_rate': 0.0004918032786885246, 'epoch': 0.01}
{'loss': 3.6713, 'grad_norm': 0.8831255435943604, 'learning_rate': 0.0004959016393442623, 'epoch': 0.01}
{'loss': 3.957, 'grad_norm': 1.0263477563858032, 'learning_rate': 0.0005, 'epoch': 0.02}
{'loss': 3.8322, 'grad_norm': 1.3786760568618774, 'learning_rate': 0.0005040983606557376, 'epoch': 0.02}
{'loss': 3.6101, 'grad_norm': 0.7520604729652405, 'learning_rate': 0.0005081967213114754, 'epoch': 0.02}
{'loss': 3.7208, 'grad_norm': 0.7382616400718689, 'learning_rate': 0.000512295081967213, 'epoch': 0.02}
{'loss': 3.6534, 'grad_norm': 0.5831066370010376, 'learning_rate': 0.0005163934426229509, 'epoch': 0.02}
{'loss': 3.726, 'grad_norm': 0.9195776581764221, 'learning_rate': 0.0005204918032786885, 'epoch': 0.02}
{'loss': 3.6782, 'grad_norm': 0.6542090773582458, 'learning_rate': 0.0005245901639344263, 'epoch': 0.02}
{'loss': 3.7297, 'grad_norm': 0.77110356092453, 'learning_rate': 0.0005286885245901639, 'epoch': 0.02}
{'loss': 3.7494, 'grad_norm': 0.925375759601593, 'learning_rate': 0.0005327868852459017, 'epoch': 0.02}
{'loss': 3.5858, 'grad_norm': 0.8173949718475342, 'learning_rate': 0.0005368852459016393, 'epoch': 0.02}
{'loss': 3.8438, 'grad_norm': 0.7040746212005615, 'learning_rate': 0.0005409836065573771, 'epoch': 0.02}
{'loss': 3.6688, 'grad_norm': 0.7869198322296143, 'learning_rate': 0.0005450819672131147, 'epoch': 0.02}
{'loss': 3.6426, 'grad_norm': 0.8253076076507568, 'learning_rate': 0.0005491803278688525, 'epoch': 0.02}
{'loss': 3.7356, 'grad_norm': 1.3486392498016357, 'learning_rate': 0.0005532786885245901, 'epoch': 0.02}
{'loss': 3.7237, 'grad_norm': 0.8047577738761902, 'learning_rate': 0.0005573770491803278, 'epoch': 0.02}
{'loss': 3.604, 'grad_norm': 0.596512496471405, 'learning_rate': 0.0005614754098360656, 'epoch': 0.02}
{'loss': 3.5583, 'grad_norm': 0.5804592370986938, 'learning_rate': 0.0005655737704918033, 'epoch': 0.02}
{'loss': 3.7413, 'grad_norm': 0.733018159866333, 'learning_rate': 0.000569672131147541, 'epoch': 0.02}
{'loss': 3.6968, 'grad_norm': 0.7221409678459167, 'learning_rate': 0.0005737704918032787, 'epoch': 0.02}
{'loss': 3.7093, 'grad_norm': 0.6879361867904663, 'learning_rate': 0.0005778688524590164, 'epoch': 0.02}
{'loss': 3.7354, 'grad_norm': 0.6514591574668884, 'learning_rate': 0.0005819672131147541, 'epoch': 0.02}
{'loss': 3.5771, 'grad_norm': 0.7575706243515015, 'learning_rate': 0.0005860655737704918, 'epoch': 0.02}
{'loss': 3.5853, 'grad_norm': 0.5357728600502014, 'learning_rate': 0.0005901639344262295, 'epoch': 0.02}
{'loss': 3.6427, 'grad_norm': 0.905718207359314, 'learning_rate': 0.0005942622950819672, 'epoch': 0.02}
{'loss': 3.6098, 'grad_norm': 0.6790773272514343, 'learning_rate': 0.000598360655737705, 'epoch': 0.02}
{'loss': 3.6952, 'grad_norm': 0.8478425145149231, 'learning_rate': 0.0006024590163934426, 'epoch': 0.02}
{'loss': 3.7334, 'grad_norm': 0.6754763722419739, 'learning_rate': 0.0006065573770491804, 'epoch': 0.02}
{'loss': 3.6264, 'grad_norm': 0.6474544405937195, 'learning_rate': 0.000610655737704918, 'epoch': 0.02}
{'loss': 3.6264, 'grad_norm': 0.6987414360046387, 'learning_rate': 0.0006147540983606558, 'epoch': 0.02}
{'loss': 3.6818, 'grad_norm': 0.6758725643157959, 'learning_rate': 0.0006188524590163934, 'epoch': 0.02}
{'loss': 3.6282, 'grad_norm': 1.3295222520828247, 'learning_rate': 0.0006229508196721312, 'epoch': 0.02}
{'loss': 3.4951, 'grad_norm': 0.9981417059898376, 'learning_rate': 0.0006270491803278688, 'epoch': 0.02}
{'loss': 3.4768, 'grad_norm': 0.671467661857605, 'learning_rate': 0.0006311475409836066, 'epoch': 0.02}
{'loss': 3.5912, 'grad_norm': 0.738774299621582, 'learning_rate': 0.0006352459016393442, 'epoch': 0.02}
{'loss': 3.5607, 'grad_norm': 0.6085663437843323, 'learning_rate': 0.000639344262295082, 'epoch': 0.02}
{'loss': 3.7181, 'grad_norm': 0.9919637441635132, 'learning_rate': 0.0006434426229508197, 'epoch': 0.02}
{'loss': 3.6831, 'grad_norm': 1.7890722751617432, 'learning_rate': 0.0006475409836065575, 'epoch': 0.02}
{'loss': 3.7172, 'grad_norm': 1.0760849714279175, 'learning_rate': 0.0006516393442622951, 'epoch': 0.02}
{'loss': 3.6969, 'grad_norm': 0.5982540249824524, 'learning_rate': 0.0006557377049180328, 'epoch': 0.02}
{'loss': 3.6849, 'grad_norm': 0.6249977946281433, 'learning_rate': 0.0006598360655737705, 'epoch': 0.02}
{'loss': 3.6202, 'grad_norm': 0.7626879811286926, 'learning_rate': 0.0006639344262295082, 'epoch': 0.02}
{'loss': 3.6191, 'grad_norm': 0.6597967743873596, 'learning_rate': 0.0006680327868852459, 'epoch': 0.02}
{'loss': 3.5641, 'grad_norm': 0.7050268054008484, 'learning_rate': 0.0006721311475409836, 'epoch': 0.02}
{'loss': 3.6587, 'grad_norm': 0.5895989537239075, 'learning_rate': 0.0006762295081967213, 'epoch': 0.02}
{'loss': 3.3767, 'grad_norm': 0.6907851099967957, 'learning_rate': 0.000680327868852459, 'epoch': 0.02}
{'loss': 3.6426, 'grad_norm': 0.7374907732009888, 'learning_rate': 0.0006844262295081968, 'epoch': 0.02}
{'loss': 3.5572, 'grad_norm': 0.629517138004303, 'learning_rate': 0.0006885245901639345, 'epoch': 0.02}
{'loss': 3.5371, 'grad_norm': 0.7760050892829895, 'learning_rate': 0.0006926229508196722, 'epoch': 0.02}
{'loss': 3.5242, 'grad_norm': 0.6660950183868408, 'learning_rate': 0.0006967213114754099, 'epoch': 0.02}
{'loss': 3.701, 'grad_norm': 0.6383531093597412, 'learning_rate': 0.0007008196721311475, 'epoch': 0.02}
{'loss': 3.5652, 'grad_norm': 0.7468723654747009, 'learning_rate': 0.0007049180327868853, 'epoch': 0.02}
{'loss': 3.5187, 'grad_norm': 0.554578423500061, 'learning_rate': 0.0007090163934426229, 'epoch': 0.02}
{'loss': 3.5406, 'grad_norm': 0.6248806118965149, 'learning_rate': 0.0007131147540983607, 'epoch': 0.02}
{'loss': 3.5007, 'grad_norm': 0.7043145895004272, 'learning_rate': 0.0007172131147540983, 'epoch': 0.02}
{'loss': 3.4391, 'grad_norm': 0.6532241702079773, 'learning_rate': 0.0007213114754098362, 'epoch': 0.02}
{'loss': 3.6613, 'grad_norm': 0.7891315221786499, 'learning_rate': 0.0007254098360655738, 'epoch': 0.02}
{'loss': 3.6942, 'grad_norm': 0.5688999891281128, 'learning_rate': 0.0007295081967213116, 'epoch': 0.02}
{'loss': 3.4702, 'grad_norm': 0.5739953517913818, 'learning_rate': 0.0007336065573770492, 'epoch': 0.02}
{'loss': 3.7137, 'grad_norm': 0.6664347052574158, 'learning_rate': 0.000737704918032787, 'epoch': 0.02}
{'loss': 3.5625, 'grad_norm': 0.7215124368667603, 'learning_rate': 0.0007418032786885246, 'epoch': 0.02}
{'loss': 3.5693, 'grad_norm': 0.6590898633003235, 'learning_rate': 0.0007459016393442624, 'epoch': 0.02}
{'loss': 3.511, 'grad_norm': 0.6007645726203918, 'learning_rate': 0.00075, 'epoch': 0.02}
{'loss': 3.541, 'grad_norm': 0.6983776092529297, 'learning_rate': 0.0007540983606557376, 'epoch': 0.02}
{'loss': 3.4258, 'grad_norm': 0.5784952044487, 'learning_rate': 0.0007581967213114754, 'epoch': 0.02}
{'loss': 3.5157, 'grad_norm': 0.5464951395988464, 'learning_rate': 0.000762295081967213, 'epoch': 0.02}
{'loss': 3.5577, 'grad_norm': 0.5497386455535889, 'learning_rate': 0.0007663934426229509, 'epoch': 0.02}
{'loss': 3.5965, 'grad_norm': 0.6020025610923767, 'learning_rate': 0.0007704918032786885, 'epoch': 0.02}
{'loss': 3.4772, 'grad_norm': 0.6222245097160339, 'learning_rate': 0.0007745901639344263, 'epoch': 0.02}
{'loss': 3.5349, 'grad_norm': 0.5961800813674927, 'learning_rate': 0.0007786885245901639, 'epoch': 0.02}
{'loss': 3.5896, 'grad_norm': 0.5923823118209839, 'learning_rate': 0.0007827868852459017, 'epoch': 0.02}
{'loss': 3.5592, 'grad_norm': 0.8824382424354553, 'learning_rate': 0.0007868852459016393, 'epoch': 0.02}
{'loss': 3.4228, 'grad_norm': 0.8285669088363647, 'learning_rate': 0.0007909836065573771, 'epoch': 0.02}
{'loss': 3.51, 'grad_norm': 0.5765480995178223, 'learning_rate': 0.0007950819672131147, 'epoch': 0.02}
{'loss': 3.6117, 'grad_norm': 0.7163076400756836, 'learning_rate': 0.0007991803278688525, 'epoch': 0.02}
{'loss': 3.4307, 'grad_norm': 0.5275793671607971, 'learning_rate': 0.0008032786885245901, 'epoch': 0.02}
{'loss': 3.5145, 'grad_norm': 0.8901572823524475, 'learning_rate': 0.0008073770491803279, 'epoch': 0.02}
{'loss': 3.3818, 'grad_norm': 0.5904370546340942, 'learning_rate': 0.0008114754098360656, 'epoch': 0.02}
{'loss': 3.4024, 'grad_norm': 0.47944268584251404, 'learning_rate': 0.0008155737704918033, 'epoch': 0.02}
{'loss': 3.4193, 'grad_norm': 0.5470321178436279, 'learning_rate': 0.000819672131147541, 'epoch': 0.02}
{'loss': 3.4898, 'grad_norm': 0.5952786803245544, 'learning_rate': 0.0008237704918032787, 'epoch': 0.02}
{'loss': 3.5761, 'grad_norm': 0.6081706285476685, 'learning_rate': 0.0008278688524590164, 'epoch': 0.02}
{'loss': 3.3736, 'grad_norm': 0.5383929014205933, 'learning_rate': 0.0008319672131147541, 'epoch': 0.03}
{'loss': 3.2615, 'grad_norm': 0.6559494733810425, 'learning_rate': 0.0008360655737704918, 'epoch': 0.03}
{'loss': 3.5142, 'grad_norm': 0.6108745336532593, 'learning_rate': 0.0008401639344262295, 'epoch': 0.03}
{'loss': 3.6667, 'grad_norm': 0.5861501693725586, 'learning_rate': 0.0008442622950819672, 'epoch': 0.03}
{'loss': 3.5912, 'grad_norm': 0.5544974207878113, 'learning_rate': 0.000848360655737705, 'epoch': 0.03}
{'loss': 3.427, 'grad_norm': 0.5160510540008545, 'learning_rate': 0.0008524590163934426, 'epoch': 0.03}
{'loss': 3.4267, 'grad_norm': 0.5146408081054688, 'learning_rate': 0.0008565573770491804, 'epoch': 0.03}
{'loss': 3.3591, 'grad_norm': 0.5418435335159302, 'learning_rate': 0.000860655737704918, 'epoch': 0.03}
{'loss': 3.4409, 'grad_norm': 0.60280841588974, 'learning_rate': 0.0008647540983606558, 'epoch': 0.03}
{'loss': 3.2953, 'grad_norm': 0.5513308644294739, 'learning_rate': 0.0008688524590163934, 'epoch': 0.03}
{'loss': 3.3893, 'grad_norm': 0.6985055208206177, 'learning_rate': 0.0008729508196721312, 'epoch': 0.03}
{'loss': 3.4805, 'grad_norm': 0.5919968485832214, 'learning_rate': 0.0008770491803278688, 'epoch': 0.03}
{'loss': 3.628, 'grad_norm': 0.548124372959137, 'learning_rate': 0.0008811475409836066, 'epoch': 0.03}
{'loss': 3.3228, 'grad_norm': 0.4846896231174469, 'learning_rate': 0.0008852459016393442, 'epoch': 0.03}
{'loss': 3.4551, 'grad_norm': 0.49585816264152527, 'learning_rate': 0.0008893442622950821, 'epoch': 0.03}
{'loss': 3.3822, 'grad_norm': 0.5879660844802856, 'learning_rate': 0.0008934426229508197, 'epoch': 0.03}
{'loss': 3.4517, 'grad_norm': 0.5358612537384033, 'learning_rate': 0.0008975409836065575, 'epoch': 0.03}
{'loss': 3.4332, 'grad_norm': 0.4612543284893036, 'learning_rate': 0.0009016393442622951, 'epoch': 0.03}
{'loss': 3.5358, 'grad_norm': 0.610758364200592, 'learning_rate': 0.0009057377049180328, 'epoch': 0.03}
{'loss': 3.4398, 'grad_norm': 0.6766979098320007, 'learning_rate': 0.0009098360655737705, 'epoch': 0.03}
{'loss': 3.503, 'grad_norm': 0.5110341310501099, 'learning_rate': 0.0009139344262295082, 'epoch': 0.03}
{'loss': 3.3347, 'grad_norm': 0.48290660977363586, 'learning_rate': 0.0009180327868852459, 'epoch': 0.03}
{'loss': 3.523, 'grad_norm': 0.5078996419906616, 'learning_rate': 0.0009221311475409836, 'epoch': 0.03}
{'loss': 3.5353, 'grad_norm': 0.49625903367996216, 'learning_rate': 0.0009262295081967213, 'epoch': 0.03}
{'loss': 3.4841, 'grad_norm': 0.4873673915863037, 'learning_rate': 0.000930327868852459, 'epoch': 0.03}
{'loss': 3.3913, 'grad_norm': 0.5566140413284302, 'learning_rate': 0.0009344262295081968, 'epoch': 0.03}
{'loss': 3.5325, 'grad_norm': 0.47337397933006287, 'learning_rate': 0.0009385245901639345, 'epoch': 0.03}
{'loss': 3.5948, 'grad_norm': 0.46430152654647827, 'learning_rate': 0.0009426229508196722, 'epoch': 0.03}
{'loss': 3.4791, 'grad_norm': 0.43446701765060425, 'learning_rate': 0.0009467213114754099, 'epoch': 0.03}
{'loss': 3.5408, 'grad_norm': 0.4738447666168213, 'learning_rate': 0.0009508196721311475, 'epoch': 0.03}
{'loss': 3.43, 'grad_norm': 0.6104087829589844, 'learning_rate': 0.0009549180327868853, 'epoch': 0.03}
{'loss': 3.4152, 'grad_norm': 0.9418418407440186, 'learning_rate': 0.0009590163934426229, 'epoch': 0.03}
{'loss': 3.4249, 'grad_norm': 0.4564719498157501, 'learning_rate': 0.0009631147540983607, 'epoch': 0.03}
{'loss': 3.3246, 'grad_norm': 0.4558212459087372, 'learning_rate': 0.0009672131147540983, 'epoch': 0.03}
{'loss': 3.4908, 'grad_norm': 0.4958043098449707, 'learning_rate': 0.0009713114754098362, 'epoch': 0.03}
{'loss': 3.4592, 'grad_norm': 0.4582426846027374, 'learning_rate': 0.0009754098360655738, 'epoch': 0.03}
{'loss': 3.5334, 'grad_norm': 0.5097960233688354, 'learning_rate': 0.0009795081967213116, 'epoch': 0.03}
{'loss': 3.4666, 'grad_norm': 0.4964990019798279, 'learning_rate': 0.0009836065573770492, 'epoch': 0.03}
{'loss': 3.4679, 'grad_norm': 0.4626156687736511, 'learning_rate': 0.000987704918032787, 'epoch': 0.03}
{'loss': 3.4318, 'grad_norm': 0.5089859962463379, 'learning_rate': 0.0009918032786885246, 'epoch': 0.03}
{'loss': 3.4256, 'grad_norm': 0.48113909363746643, 'learning_rate': 0.0009959016393442624, 'epoch': 0.03}
{'loss': 3.5938, 'grad_norm': 0.48871564865112305, 'learning_rate': 0.001, 'epoch': 0.03}
{'loss': 3.5012, 'grad_norm': 0.49378448724746704, 'learning_rate': 0.0009999999602132354, 'epoch': 0.03}
{'loss': 3.3595, 'grad_norm': 0.4922727942466736, 'learning_rate': 0.0009999998408529484, 'epoch': 0.03}
{'loss': 3.4353, 'grad_norm': 0.6137709617614746, 'learning_rate': 0.0009999996419191575, 'epoch': 0.03}
{'loss': 3.2528, 'grad_norm': 0.5025111436843872, 'learning_rate': 0.0009999993634118947, 'epoch': 0.03}
{'loss': 3.337, 'grad_norm': 0.5233909487724304, 'learning_rate': 0.0009999990053312041, 'epoch': 0.03}
{'loss': 3.2982, 'grad_norm': 0.5157918334007263, 'learning_rate': 0.0009999985676771427, 'epoch': 0.03}
{'loss': 3.3686, 'grad_norm': 0.6840165257453918, 'learning_rate': 0.0009999980504497804, 'epoch': 0.03}
{'loss': 3.3985, 'grad_norm': 0.5348578691482544, 'learning_rate': 0.0009999974536491992, 'epoch': 0.03}
{'loss': 3.4446, 'grad_norm': 0.6054185628890991, 'learning_rate': 0.0009999967772754944, 'epoch': 0.03}
{'loss': 3.2442, 'grad_norm': 0.5114040374755859, 'learning_rate': 0.0009999960213287733, 'epoch': 0.03}
{'loss': 3.3936, 'grad_norm': 0.5287560820579529, 'learning_rate': 0.0009999951858091565, 'epoch': 0.03}
{'loss': 3.3075, 'grad_norm': 0.44468727707862854, 'learning_rate': 0.0009999942707167768, 'epoch': 0.03}
{'loss': 3.3888, 'grad_norm': 0.4753946363925934, 'learning_rate': 0.00099999327605178, 'epoch': 0.03}
{'loss': 3.5002, 'grad_norm': 0.45042887330055237, 'learning_rate': 0.0009999922018143243, 'epoch': 0.03}
{'loss': 3.419, 'grad_norm': 0.42264309525489807, 'learning_rate': 0.0009999910480045803, 'epoch': 0.03}
{'loss': 3.4678, 'grad_norm': 0.4955522418022156, 'learning_rate': 0.0009999898146227323, 'epoch': 0.03}
{'loss': 3.4543, 'grad_norm': 0.43976306915283203, 'learning_rate': 0.0009999885016689762, 'epoch': 0.03}
{'loss': 3.4726, 'grad_norm': 0.504445493221283, 'learning_rate': 0.000999987109143521, 'epoch': 0.03}
{'loss': 3.2853, 'grad_norm': 0.474459171295166, 'learning_rate': 0.0009999856370465883, 'epoch': 0.03}
{'loss': 3.4918, 'grad_norm': 0.4969184100627899, 'learning_rate': 0.0009999840853784124, 'epoch': 0.03}
{'loss': 3.394, 'grad_norm': 0.45422378182411194, 'learning_rate': 0.0009999824541392405, 'epoch': 0.03}
{'loss': 3.4294, 'grad_norm': 0.9049238562583923, 'learning_rate': 0.0009999807433293316, 'epoch': 0.03}
{'loss': 3.4236, 'grad_norm': 0.5011802911758423, 'learning_rate': 0.0009999789529489586, 'epoch': 0.03}
{'loss': 3.5526, 'grad_norm': 0.548136830329895, 'learning_rate': 0.0009999770829984059, 'epoch': 0.03}
{'loss': 3.4878, 'grad_norm': 0.6877604126930237, 'learning_rate': 0.0009999751334779715, 'epoch': 0.03}
{'loss': 3.3655, 'grad_norm': 0.453642874956131, 'learning_rate': 0.0009999731043879656, 'epoch': 0.03}
{'loss': 3.3209, 'grad_norm': 0.4433194398880005, 'learning_rate': 0.000999970995728711, 'epoch': 0.03}
{'loss': 3.4131, 'grad_norm': 0.5116713047027588, 'learning_rate': 0.0009999688075005434, 'epoch': 0.03}
{'loss': 3.3429, 'grad_norm': 0.4171063303947449, 'learning_rate': 0.0009999665397038106, 'epoch': 0.03}
{'loss': 3.4387, 'grad_norm': 0.4350823163986206, 'learning_rate': 0.0009999641923388743, 'epoch': 0.03}
{'loss': 3.3896, 'grad_norm': 0.647538423538208, 'learning_rate': 0.0009999617654061076, 'epoch': 0.03}
{'loss': 3.3881, 'grad_norm': 0.5026277899742126, 'learning_rate': 0.0009999592589058969, 'epoch': 0.03}
{'loss': 3.5144, 'grad_norm': 0.4217216372489929, 'learning_rate': 0.0009999566728386407, 'epoch': 0.03}
{'loss': 3.3262, 'grad_norm': 0.4149743616580963, 'learning_rate': 0.000999954007204751, 'epoch': 0.03}
{'loss': 3.3704, 'grad_norm': 0.4610424339771271, 'learning_rate': 0.0009999512620046521, 'epoch': 0.03}
{'loss': 3.5241, 'grad_norm': 2.0943362712860107, 'learning_rate': 0.0009999484372387806, 'epoch': 0.03}
{'loss': 3.4014, 'grad_norm': 0.4798142910003662, 'learning_rate': 0.0009999455329075862, 'epoch': 0.03}
{'loss': 3.2681, 'grad_norm': 0.41991087794303894, 'learning_rate': 0.0009999425490115309, 'epoch': 0.03}
{'loss': 3.4777, 'grad_norm': 0.5116033554077148, 'learning_rate': 0.0009999394855510898, 'epoch': 0.03}
{'loss': 3.4019, 'grad_norm': 0.45281222462654114, 'learning_rate': 0.0009999363425267506, 'epoch': 0.03}
{'loss': 3.425, 'grad_norm': 0.4217313528060913, 'learning_rate': 0.0009999331199390129, 'epoch': 0.04}
{'loss': 3.3173, 'grad_norm': 0.4171024560928345, 'learning_rate': 0.0009999298177883903, 'epoch': 0.04}
{'loss': 3.3873, 'grad_norm': 0.48277518153190613, 'learning_rate': 0.0009999264360754077, 'epoch': 0.04}
{'loss': 3.4055, 'grad_norm': 0.43507498502731323, 'learning_rate': 0.0009999229748006038, 'epoch': 0.04}
{'loss': 3.2054, 'grad_norm': 0.4486597776412964, 'learning_rate': 0.0009999194339645292, 'epoch': 0.04}
{'loss': 3.4471, 'grad_norm': 0.4394878149032593, 'learning_rate': 0.0009999158135677473, 'epoch': 0.04}
{'loss': 3.4581, 'grad_norm': 0.47719958424568176, 'learning_rate': 0.0009999121136108344, 'epoch': 0.04}
{'loss': 3.463, 'grad_norm': 0.478870153427124, 'learning_rate': 0.0009999083340943796, 'epoch': 0.04}
{'loss': 3.4153, 'grad_norm': 0.3744804859161377, 'learning_rate': 0.0009999044750189838, 'epoch': 0.04}
{'loss': 3.3273, 'grad_norm': 0.4752097427845001, 'learning_rate': 0.0009999005363852617, 'epoch': 0.04}
{'loss': 3.2794, 'grad_norm': 0.4806883931159973, 'learning_rate': 0.00099989651819384, 'epoch': 0.04}
{'loss': 3.4585, 'grad_norm': 0.4382023513317108, 'learning_rate': 0.000999892420445358, 'epoch': 0.04}
{'loss': 3.3668, 'grad_norm': 0.4396792948246002, 'learning_rate': 0.000999888243140468, 'epoch': 0.04}
{'loss': 3.4213, 'grad_norm': 0.38715916872024536, 'learning_rate': 0.0009998839862798347, 'epoch': 0.04}
{'loss': 3.4615, 'grad_norm': 0.42870113253593445, 'learning_rate': 0.0009998796498641358, 'epoch': 0.04}
{'loss': 3.4615, 'grad_norm': 0.4375462234020233, 'learning_rate': 0.0009998752338940611, 'epoch': 0.04}
{'loss': 3.2905, 'grad_norm': 0.38379526138305664, 'learning_rate': 0.0009998707383703136, 'epoch': 0.04}
{'loss': 3.2692, 'grad_norm': 0.369049072265625, 'learning_rate': 0.0009998661632936087, 'epoch': 0.04}
{'loss': 3.3336, 'grad_norm': 0.47998350858688354, 'learning_rate': 0.0009998615086646745, 'epoch': 0.04}
{'loss': 3.3771, 'grad_norm': 0.3968798816204071, 'learning_rate': 0.0009998567744842518, 'epoch': 0.04}
{'loss': 3.3239, 'grad_norm': 0.4216702878475189, 'learning_rate': 0.000999851960753094, 'epoch': 0.04}
{'loss': 3.2606, 'grad_norm': 0.39318355917930603, 'learning_rate': 0.0009998470674719671, 'epoch': 0.04}
{'loss': 3.3951, 'grad_norm': 0.4201085567474365, 'learning_rate': 0.00099984209464165, 'epoch': 0.04}
{'loss': 3.3337, 'grad_norm': 0.4627020061016083, 'learning_rate': 0.0009998370422629342, 'epoch': 0.04}
{'loss': 3.2643, 'grad_norm': 0.44647181034088135, 'learning_rate': 0.0009998319103366234, 'epoch': 0.04}
{'loss': 3.3931, 'grad_norm': 0.404726505279541, 'learning_rate': 0.0009998266988635346, 'epoch': 0.04}
{'loss': 3.2744, 'grad_norm': 0.41212227940559387, 'learning_rate': 0.0009998214078444975, 'epoch': 0.04}
{'loss': 3.2562, 'grad_norm': 0.4204081594944, 'learning_rate': 0.0009998160372803534, 'epoch': 0.04}
{'loss': 3.4187, 'grad_norm': 0.40291884541511536, 'learning_rate': 0.0009998105871719576, 'epoch': 0.04}
{'loss': 3.3443, 'grad_norm': 0.46025875210762024, 'learning_rate': 0.000999805057520177, 'epoch': 0.04}
{'loss': 3.3863, 'grad_norm': 0.4383234679698944, 'learning_rate': 0.0009997994483258923, 'epoch': 0.04}
{'loss': 3.32, 'grad_norm': 0.4339495301246643, 'learning_rate': 0.0009997937595899958, 'epoch': 0.04}
{'loss': 3.4535, 'grad_norm': 0.41498425602912903, 'learning_rate': 0.0009997879913133925, 'epoch': 0.04}
{'loss': 3.2845, 'grad_norm': 0.407016396522522, 'learning_rate': 0.000999782143497001, 'epoch': 0.04}
{'loss': 3.323, 'grad_norm': 0.5175536870956421, 'learning_rate': 0.0009997762161417516, 'epoch': 0.04}
{'loss': 3.3217, 'grad_norm': 0.4113823473453522, 'learning_rate': 0.000999770209248588, 'epoch': 0.04}
{'loss': 3.2511, 'grad_norm': 0.4336620271205902, 'learning_rate': 0.0009997641228184655, 'epoch': 0.04}
{'loss': 3.2392, 'grad_norm': 0.41695716977119446, 'learning_rate': 0.0009997579568523534, 'epoch': 0.04}
{'loss': 3.4274, 'grad_norm': 0.4176905155181885, 'learning_rate': 0.0009997517113512326, 'epoch': 0.04}
{'loss': 3.2439, 'grad_norm': 0.40007054805755615, 'learning_rate': 0.0009997453863160974, 'epoch': 0.04}
{'loss': 3.3921, 'grad_norm': 0.40219244360923767, 'learning_rate': 0.000999738981747954, 'epoch': 0.04}
{'loss': 3.3535, 'grad_norm': 0.34728676080703735, 'learning_rate': 0.000999732497647822, 'epoch': 0.04}
{'loss': 3.2979, 'grad_norm': 0.378922700881958, 'learning_rate': 0.0009997259340167332, 'epoch': 0.04}
{'loss': 3.3307, 'grad_norm': 0.38655784726142883, 'learning_rate': 0.0009997192908557321, 'epoch': 0.04}
{'loss': 3.3855, 'grad_norm': 0.3625086545944214, 'learning_rate': 0.0009997125681658761, 'epoch': 0.04}
{'loss': 3.3189, 'grad_norm': 0.38191670179367065, 'learning_rate': 0.000999705765948235, 'epoch': 0.04}
{'loss': 3.3137, 'grad_norm': 0.3979473412036896, 'learning_rate': 0.0009996988842038913, 'epoch': 0.04}
{'loss': 3.3212, 'grad_norm': 0.3865901827812195, 'learning_rate': 0.0009996919229339405, 'epoch': 0.04}
{'loss': 3.4982, 'grad_norm': 0.41274529695510864, 'learning_rate': 0.00099968488213949, 'epoch': 0.04}
{'loss': 3.3296, 'grad_norm': 0.388371080160141, 'learning_rate': 0.0009996777618216607, 'epoch': 0.04}
{'loss': 3.2409, 'grad_norm': 0.3633774220943451, 'learning_rate': 0.0009996705619815856, 'epoch': 0.04}
{'loss': 3.2522, 'grad_norm': 0.37846940755844116, 'learning_rate': 0.0009996632826204106, 'epoch': 0.04}
{'loss': 3.4326, 'grad_norm': 0.417059987783432, 'learning_rate': 0.0009996559237392942, 'epoch': 0.04}
{'loss': 3.3182, 'grad_norm': 0.38815465569496155, 'learning_rate': 0.0009996484853394075, 'epoch': 0.04}
{'loss': 3.364, 'grad_norm': 0.4083634316921234, 'learning_rate': 0.0009996409674219342, 'epoch': 0.04}
{'loss': 3.4173, 'grad_norm': 0.3843885362148285, 'learning_rate': 0.000999633369988071, 'epoch': 0.04}
{'loss': 3.5353, 'grad_norm': 0.4367128908634186, 'learning_rate': 0.0009996256930390269, 'epoch': 0.04}
{'loss': 3.3411, 'grad_norm': 0.37184521555900574, 'learning_rate': 0.0009996179365760235, 'epoch': 0.04}
{'loss': 3.319, 'grad_norm': 0.37891581654548645, 'learning_rate': 0.0009996101006002954, 'epoch': 0.04}
{'loss': 3.3507, 'grad_norm': 0.4158613681793213, 'learning_rate': 0.0009996021851130896, 'epoch': 0.04}
{'loss': 3.3676, 'grad_norm': 0.38325536251068115, 'learning_rate': 0.000999594190115666, 'epoch': 0.04}
{'loss': 3.3342, 'grad_norm': 0.3862152099609375, 'learning_rate': 0.0009995861156092967, 'epoch': 0.04}
{'loss': 3.3828, 'grad_norm': 0.3735262453556061, 'learning_rate': 0.000999577961595267, 'epoch': 0.04}
{'loss': 3.4883, 'grad_norm': 0.39625170826911926, 'learning_rate': 0.0009995697280748743, 'epoch': 0.04}
{'loss': 3.428, 'grad_norm': 0.41903138160705566, 'learning_rate': 0.0009995614150494292, 'epoch': 0.04}
{'loss': 3.4224, 'grad_norm': 0.4070778489112854, 'learning_rate': 0.0009995530225202546, 'epoch': 0.04}
{'loss': 3.3866, 'grad_norm': 0.4089425206184387, 'learning_rate': 0.000999544550488686, 'epoch': 0.04}
{'loss': 3.2621, 'grad_norm': 0.3945922553539276, 'learning_rate': 0.0009995359989560721, 'epoch': 0.04}
{'loss': 3.3035, 'grad_norm': 0.42557039856910706, 'learning_rate': 0.0009995273679237733, 'epoch': 0.04}
{'loss': 3.3326, 'grad_norm': 0.5300005674362183, 'learning_rate': 0.0009995186573931638, 'epoch': 0.04}
{'loss': 3.2124, 'grad_norm': 0.36745738983154297, 'learning_rate': 0.0009995098673656294, 'epoch': 0.04}
{'loss': 3.3259, 'grad_norm': 0.4489448666572571, 'learning_rate': 0.0009995009978425692, 'epoch': 0.04}
{'loss': 3.3985, 'grad_norm': 0.4029597342014313, 'learning_rate': 0.0009994920488253945, 'epoch': 0.04}
{'loss': 3.4158, 'grad_norm': 0.3682473599910736, 'learning_rate': 0.0009994830203155299, 'epoch': 0.04}
{'loss': 3.2317, 'grad_norm': 0.3733955919742584, 'learning_rate': 0.000999473912314412, 'epoch': 0.04}
{'loss': 3.3334, 'grad_norm': 0.46825847029685974, 'learning_rate': 0.0009994647248234905, 'epoch': 0.04}
{'loss': 3.2824, 'grad_norm': 0.40011703968048096, 'learning_rate': 0.0009994554578442274, 'epoch': 0.04}
{'loss': 3.3081, 'grad_norm': 0.38399168848991394, 'learning_rate': 0.0009994461113780977, 'epoch': 0.04}
{'loss': 3.2506, 'grad_norm': 0.35045281052589417, 'learning_rate': 0.0009994366854265886, 'epoch': 0.04}
{'loss': 3.3257, 'grad_norm': 0.4180777668952942, 'learning_rate': 0.0009994271799912003, 'epoch': 0.04}
{'loss': 3.3622, 'grad_norm': 0.43814289569854736, 'learning_rate': 0.0009994175950734457, 'epoch': 0.04}
{'loss': 3.3323, 'grad_norm': 0.421012818813324, 'learning_rate': 0.00099940793067485, 'epoch': 0.05}
{'loss': 3.422, 'grad_norm': 0.39692971110343933, 'learning_rate': 0.0009993981867969515, 'epoch': 0.05}
{'loss': 3.2789, 'grad_norm': 0.3862699568271637, 'learning_rate': 0.0009993883634413009, 'epoch': 0.05}
{'loss': 3.2536, 'grad_norm': 0.3564848005771637, 'learning_rate': 0.0009993784606094611, 'epoch': 0.05}
{'loss': 3.2492, 'grad_norm': 0.3728068172931671, 'learning_rate': 0.0009993684783030088, 'epoch': 0.05}
{'loss': 3.2153, 'grad_norm': 0.3672442138195038, 'learning_rate': 0.0009993584165235321, 'epoch': 0.05}
{'loss': 3.2675, 'grad_norm': 0.36770448088645935, 'learning_rate': 0.0009993482752726325, 'epoch': 0.05}
{'loss': 3.3973, 'grad_norm': 0.39753487706184387, 'learning_rate': 0.0009993380545519242, 'epoch': 0.05}
{'loss': 3.3084, 'grad_norm': 0.8228872418403625, 'learning_rate': 0.0009993277543630334, 'epoch': 0.05}
{'loss': 3.46, 'grad_norm': 0.3835567235946655, 'learning_rate': 0.0009993173747075994, 'epoch': 0.05}
{'loss': 3.3574, 'grad_norm': 0.3992936611175537, 'learning_rate': 0.0009993069155872743, 'epoch': 0.05}
{'loss': 3.2529, 'grad_norm': 0.37962499260902405, 'learning_rate': 0.0009992963770037227, 'epoch': 0.05}
{'loss': 3.4166, 'grad_norm': 0.412256121635437, 'learning_rate': 0.0009992857589586214, 'epoch': 0.05}
{'loss': 3.2808, 'grad_norm': 0.39565524458885193, 'learning_rate': 0.0009992750614536605, 'epoch': 0.05}
{'loss': 3.368, 'grad_norm': 0.37562254071235657, 'learning_rate': 0.0009992642844905424, 'epoch': 0.05}
{'loss': 3.3023, 'grad_norm': 0.3650301694869995, 'learning_rate': 0.0009992534280709824, 'epoch': 0.05}
{'loss': 3.4279, 'grad_norm': 0.3736245632171631, 'learning_rate': 0.0009992424921967079, 'epoch': 0.05}
{'loss': 3.4651, 'grad_norm': 0.403467059135437, 'learning_rate': 0.0009992314768694597, 'epoch': 0.05}
{'loss': 3.3241, 'grad_norm': 0.4092261493206024, 'learning_rate': 0.0009992203820909905, 'epoch': 0.05}
{'loss': 3.457, 'grad_norm': 0.3581928312778473, 'learning_rate': 0.0009992092078630664, 'epoch': 0.05}
{'loss': 3.1864, 'grad_norm': 0.39753881096839905, 'learning_rate': 0.0009991979541874654, 'epoch': 0.05}
{'loss': 3.3953, 'grad_norm': 0.3921619653701782, 'learning_rate': 0.0009991866210659786, 'epoch': 0.05}
{'loss': 3.4271, 'grad_norm': 0.42825305461883545, 'learning_rate': 0.0009991752085004096, 'epoch': 0.05}
{'loss': 3.3136, 'grad_norm': 0.40526819229125977, 'learning_rate': 0.0009991637164925749, 'epoch': 0.05}
{'loss': 3.4519, 'grad_norm': 0.4232845902442932, 'learning_rate': 0.000999152145044303, 'epoch': 0.05}
{'loss': 3.4372, 'grad_norm': 0.4297790229320526, 'learning_rate': 0.000999140494157436, 'epoch': 0.05}
{'loss': 3.2944, 'grad_norm': 0.38961702585220337, 'learning_rate': 0.0009991287638338277, 'epoch': 0.05}
{'loss': 3.2906, 'grad_norm': 0.3436754643917084, 'learning_rate': 0.0009991169540753452, 'epoch': 0.05}
{'loss': 3.3859, 'grad_norm': 0.3628750443458557, 'learning_rate': 0.0009991050648838675, 'epoch': 0.05}
{'loss': 3.4335, 'grad_norm': 0.3999808728694916, 'learning_rate': 0.0009990930962612875, 'epoch': 0.05}
{'loss': 3.2986, 'grad_norm': 0.38725408911705017, 'learning_rate': 0.0009990810482095093, 'epoch': 0.05}
{'loss': 3.3821, 'grad_norm': 0.3759075403213501, 'learning_rate': 0.0009990689207304505, 'epoch': 0.05}
{'loss': 3.4323, 'grad_norm': 0.34617432951927185, 'learning_rate': 0.0009990567138260414, 'epoch': 0.05}
{'loss': 3.3202, 'grad_norm': 0.3582005202770233, 'learning_rate': 0.0009990444274982245, 'epoch': 0.05}
{'loss': 3.2795, 'grad_norm': 0.40462005138397217, 'learning_rate': 0.000999032061748955, 'epoch': 0.05}
{'loss': 3.2581, 'grad_norm': 0.36832475662231445, 'learning_rate': 0.000999019616580201, 'epoch': 0.05}
{'loss': 3.2363, 'grad_norm': 0.3486345410346985, 'learning_rate': 0.0009990070919939432, 'epoch': 0.05}
{'loss': 3.3969, 'grad_norm': 0.39788705110549927, 'learning_rate': 0.0009989944879921749, 'epoch': 0.05}
{'loss': 3.2798, 'grad_norm': 0.4089207947254181, 'learning_rate': 0.0009989818045769018, 'epoch': 0.05}
{'loss': 3.2324, 'grad_norm': 0.36426565051078796, 'learning_rate': 0.0009989690417501423, 'epoch': 0.05}
{'loss': 3.2867, 'grad_norm': 0.3216887414455414, 'learning_rate': 0.0009989561995139278, 'epoch': 0.05}
{'loss': 3.5112, 'grad_norm': 0.36393794417381287, 'learning_rate': 0.0009989432778703023, 'epoch': 0.05}
{'loss': 3.4537, 'grad_norm': 0.38109922409057617, 'learning_rate': 0.0009989302768213218, 'epoch': 0.05}
{'loss': 3.265, 'grad_norm': 0.39826953411102295, 'learning_rate': 0.0009989171963690556, 'epoch': 0.05}
{'loss': 3.5191, 'grad_norm': 0.3615191578865051, 'learning_rate': 0.0009989040365155854, 'epoch': 0.05}
{'loss': 3.274, 'grad_norm': 0.3707256019115448, 'learning_rate': 0.0009988907972630057, 'epoch': 0.05}
{'loss': 3.3269, 'grad_norm': 0.38479796051979065, 'learning_rate': 0.0009988774786134234, 'epoch': 0.05}
{'loss': 3.3439, 'grad_norm': 0.34278684854507446, 'learning_rate': 0.0009988640805689579, 'epoch': 0.05}
{'loss': 3.3889, 'grad_norm': 0.39109960198402405, 'learning_rate': 0.0009988506031317415, 'epoch': 0.05}
{'loss': 3.2362, 'grad_norm': 0.3755597770214081, 'learning_rate': 0.0009988370463039193, 'epoch': 0.05}
{'loss': 3.4291, 'grad_norm': 0.35346826910972595, 'learning_rate': 0.000998823410087649, 'epoch': 0.05}
{'loss': 3.3702, 'grad_norm': 0.3539367616176605, 'learning_rate': 0.0009988096944851, 'epoch': 0.05}
{'loss': 3.4599, 'grad_norm': 0.37579840421676636, 'learning_rate': 0.0009987958994984562, 'epoch': 0.05}
{'loss': 3.2933, 'grad_norm': 0.32506105303764343, 'learning_rate': 0.0009987820251299122, 'epoch': 0.05}
{'loss': 3.2957, 'grad_norm': 0.36811473965644836, 'learning_rate': 0.0009987680713816763, 'epoch': 0.05}
{'loss': 3.3443, 'grad_norm': 0.38967165350914, 'learning_rate': 0.000998754038255969, 'epoch': 0.05}
{'loss': 3.3204, 'grad_norm': 0.36743026971817017, 'learning_rate': 0.000998739925755024, 'epoch': 0.05}
{'loss': 3.3971, 'grad_norm': 0.41662585735321045, 'learning_rate': 0.0009987257338810872, 'epoch': 0.05}
{'loss': 3.2827, 'grad_norm': 0.42089706659317017, 'learning_rate': 0.000998711462636417, 'epoch': 0.05}
{'loss': 3.3049, 'grad_norm': 0.40223228931427, 'learning_rate': 0.0009986971120232847, 'epoch': 0.05}
{'loss': 3.3082, 'grad_norm': 0.44114798307418823, 'learning_rate': 0.0009986826820439743, 'epoch': 0.05}
{'loss': 3.2956, 'grad_norm': 0.37609705328941345, 'learning_rate': 0.000998668172700782, 'epoch': 0.05}
{'loss': 3.1828, 'grad_norm': 0.4185885787010193, 'learning_rate': 0.000998653583996017, 'epoch': 0.05}
{'loss': 3.4874, 'grad_norm': 0.407077819108963, 'learning_rate': 0.0009986389159320015, 'epoch': 0.05}
{'loss': 3.3944, 'grad_norm': 0.3939007818698883, 'learning_rate': 0.0009986241685110693, 'epoch': 0.05}
{'loss': 3.2959, 'grad_norm': 0.35986384749412537, 'learning_rate': 0.0009986093417355677, 'epoch': 0.05}
{'loss': 3.4134, 'grad_norm': 0.38829147815704346, 'learning_rate': 0.000998594435607856, 'epoch': 0.05}
{'loss': 3.1381, 'grad_norm': 0.3773638904094696, 'learning_rate': 0.000998579450130307, 'epoch': 0.05}
{'loss': 3.352, 'grad_norm': 0.33543404936790466, 'learning_rate': 0.0009985643853053052, 'epoch': 0.05}
{'loss': 3.4332, 'grad_norm': 0.3895285427570343, 'learning_rate': 0.0009985492411352483, 'epoch': 0.05}
{'loss': 3.3255, 'grad_norm': 0.3844076991081238, 'learning_rate': 0.0009985340176225464, 'epoch': 0.05}
{'loss': 3.1688, 'grad_norm': 0.3983893394470215, 'learning_rate': 0.0009985187147696223, 'epoch': 0.05}
{'loss': 3.3396, 'grad_norm': 0.37395671010017395, 'learning_rate': 0.0009985033325789112, 'epoch': 0.05}
{'loss': 3.2033, 'grad_norm': 0.3980643153190613, 'learning_rate': 0.0009984878710528615, 'epoch': 0.05}
{'loss': 3.2924, 'grad_norm': 0.3696829378604889, 'learning_rate': 0.0009984723301939336, 'epoch': 0.05}
{'loss': 3.2917, 'grad_norm': 0.3647076487541199, 'learning_rate': 0.0009984567100046007, 'epoch': 0.05}
{'loss': 3.3251, 'grad_norm': 0.3778219223022461, 'learning_rate': 0.0009984410104873491, 'epoch': 0.05}
{'loss': 3.2694, 'grad_norm': 0.37621381878852844, 'learning_rate': 0.000998425231644677, 'epoch': 0.05}
{'loss': 3.2281, 'grad_norm': 0.3618377149105072, 'learning_rate': 0.0009984093734790955, 'epoch': 0.05}
{'loss': 3.3267, 'grad_norm': 0.3885780870914459, 'learning_rate': 0.0009983934359931285, 'epoch': 0.05}
{'loss': 3.2378, 'grad_norm': 0.3755607306957245, 'learning_rate': 0.0009983774191893128, 'epoch': 0.05}
{'loss': 3.4112, 'grad_norm': 0.3777391314506531, 'learning_rate': 0.0009983613230701966, 'epoch': 0.06}
{'loss': 3.4427, 'grad_norm': 0.384254515171051, 'learning_rate': 0.0009983451476383422, 'epoch': 0.06}
{'loss': 3.3197, 'grad_norm': 0.4120791554450989, 'learning_rate': 0.0009983288928963237, 'epoch': 0.06}
{'loss': 3.2222, 'grad_norm': 0.36391860246658325, 'learning_rate': 0.000998312558846728, 'epoch': 0.06}
{'loss': 3.3808, 'grad_norm': 0.37297913432121277, 'learning_rate': 0.0009982961454921544, 'epoch': 0.06}
{'loss': 3.4546, 'grad_norm': 0.40120744705200195, 'learning_rate': 0.0009982796528352153, 'epoch': 0.06}
{'loss': 3.34, 'grad_norm': 0.3614563047885895, 'learning_rate': 0.0009982630808785355, 'epoch': 0.06}
{'loss': 3.3243, 'grad_norm': 0.41042256355285645, 'learning_rate': 0.0009982464296247522, 'epoch': 0.06}
{'loss': 3.2733, 'grad_norm': 0.3570012152194977, 'learning_rate': 0.0009982296990765154, 'epoch': 0.06}
{'loss': 3.2135, 'grad_norm': 0.3595637381076813, 'learning_rate': 0.0009982128892364879, 'epoch': 0.06}
{'loss': 3.3493, 'grad_norm': 0.36068886518478394, 'learning_rate': 0.0009981960001073447, 'epoch': 0.06}
{'loss': 3.2285, 'grad_norm': 0.3500819206237793, 'learning_rate': 0.0009981790316917736, 'epoch': 0.06}
{'loss': 3.2662, 'grad_norm': 0.3481314778327942, 'learning_rate': 0.0009981619839924756, 'epoch': 0.06}
{'loss': 3.3675, 'grad_norm': 0.37375620007514954, 'learning_rate': 0.0009981448570121631, 'epoch': 0.06}
{'loss': 3.1912, 'grad_norm': 0.38184866309165955, 'learning_rate': 0.0009981276507535623, 'epoch': 0.06}
{'loss': 3.3869, 'grad_norm': 0.35221442580223083, 'learning_rate': 0.0009981103652194115, 'epoch': 0.06}
{'loss': 3.2735, 'grad_norm': 0.43058541417121887, 'learning_rate': 0.0009980930004124613, 'epoch': 0.06}
{'loss': 3.1982, 'grad_norm': 0.3709442913532257, 'learning_rate': 0.0009980755563354755, 'epoch': 0.06}
{'loss': 3.1836, 'grad_norm': 0.34520238637924194, 'learning_rate': 0.0009980580329912302, 'epoch': 0.06}
{'loss': 3.2291, 'grad_norm': 0.37106412649154663, 'learning_rate': 0.0009980404303825143, 'epoch': 0.06}
{'loss': 3.2983, 'grad_norm': 0.39943981170654297, 'learning_rate': 0.0009980227485121291, 'epoch': 0.06}
{'loss': 3.3539, 'grad_norm': 0.3929422199726105, 'learning_rate': 0.0009980049873828886, 'epoch': 0.06}
{'loss': 3.1013, 'grad_norm': 0.35723400115966797, 'learning_rate': 0.0009979871469976197, 'epoch': 0.06}
{'loss': 3.0965, 'grad_norm': 0.3620220720767975, 'learning_rate': 0.000997969227359161, 'epoch': 0.06}
{'loss': 3.4596, 'grad_norm': 0.3520093858242035, 'learning_rate': 0.0009979512284703652, 'epoch': 0.06}
{'loss': 3.2505, 'grad_norm': 0.3522432744503021, 'learning_rate': 0.000997933150334096, 'epoch': 0.06}
{'loss': 3.2847, 'grad_norm': 0.35364657640457153, 'learning_rate': 0.000997914992953231, 'epoch': 0.06}
{'loss': 3.2167, 'grad_norm': 0.3681967258453369, 'learning_rate': 0.0009978967563306598, 'epoch': 0.06}
{'loss': 3.2094, 'grad_norm': 0.36468154191970825, 'learning_rate': 0.0009978784404692847, 'epoch': 0.06}
{'loss': 3.2257, 'grad_norm': 0.3825953006744385, 'learning_rate': 0.0009978600453720203, 'epoch': 0.06}
{'loss': 3.328, 'grad_norm': 0.3581850528717041, 'learning_rate': 0.0009978415710417945, 'epoch': 0.06}
{'loss': 3.3118, 'grad_norm': 0.3449176549911499, 'learning_rate': 0.0009978230174815471, 'epoch': 0.06}
{'loss': 3.2105, 'grad_norm': 0.3731905519962311, 'learning_rate': 0.0009978043846942315, 'epoch': 0.06}
{'loss': 3.1597, 'grad_norm': 0.3812701106071472, 'learning_rate': 0.0009977856726828122, 'epoch': 0.06}
{'loss': 3.4062, 'grad_norm': 0.35565322637557983, 'learning_rate': 0.0009977668814502678, 'epoch': 0.06}
{'loss': 3.2487, 'grad_norm': 0.39112719893455505, 'learning_rate': 0.0009977480109995885, 'epoch': 0.06}
{'loss': 3.3886, 'grad_norm': 0.3502827286720276, 'learning_rate': 0.0009977290613337776, 'epoch': 0.06}
{'loss': 3.232, 'grad_norm': 0.3568365275859833, 'learning_rate': 0.0009977100324558511, 'epoch': 0.06}
{'loss': 3.398, 'grad_norm': 0.374003142118454, 'learning_rate': 0.000997690924368837, 'epoch': 0.06}
{'loss': 3.2474, 'grad_norm': 0.35891568660736084, 'learning_rate': 0.0009976717370757766, 'epoch': 0.06}
{'loss': 3.2479, 'grad_norm': 0.3622005879878998, 'learning_rate': 0.000997652470579723, 'epoch': 0.06}
{'loss': 3.4383, 'grad_norm': 0.43132948875427246, 'learning_rate': 0.0009976331248837433, 'epoch': 0.06}
{'loss': 3.2957, 'grad_norm': 0.5258304476737976, 'learning_rate': 0.0009976136999909156, 'epoch': 0.06}
{'loss': 3.3495, 'grad_norm': 0.33183589577674866, 'learning_rate': 0.0009975941959043315, 'epoch': 0.06}
{'loss': 3.3655, 'grad_norm': 0.37020230293273926, 'learning_rate': 0.000997574612627095, 'epoch': 0.06}
{'loss': 3.282, 'grad_norm': 0.6432575583457947, 'learning_rate': 0.0009975549501623228, 'epoch': 0.06}
{'loss': 3.1039, 'grad_norm': 0.3253327012062073, 'learning_rate': 0.0009975352085131442, 'epoch': 0.06}
{'loss': 3.1102, 'grad_norm': 0.3374312222003937, 'learning_rate': 0.0009975153876827009, 'epoch': 0.06}
{'loss': 3.1709, 'grad_norm': 0.38639265298843384, 'learning_rate': 0.000997495487674147, 'epoch': 0.06}
{'loss': 3.3078, 'grad_norm': 0.35459843277931213, 'learning_rate': 0.0009974755084906502, 'epoch': 0.06}
{'loss': 3.3129, 'grad_norm': 0.5243797898292542, 'learning_rate': 0.0009974554501353896, 'epoch': 0.06}
{'loss': 3.2304, 'grad_norm': 0.3873652219772339, 'learning_rate': 0.0009974353126115576, 'epoch': 0.06}
{'loss': 3.2722, 'grad_norm': 0.36385735869407654, 'learning_rate': 0.0009974150959223592, 'epoch': 0.06}
{'loss': 3.1987, 'grad_norm': 0.42867735028266907, 'learning_rate': 0.0009973948000710114, 'epoch': 0.06}
{'loss': 3.3245, 'grad_norm': 0.35275503993034363, 'learning_rate': 0.0009973744250607447, 'epoch': 0.06}
{'loss': 3.306, 'grad_norm': 0.3672832250595093, 'learning_rate': 0.0009973539708948017, 'epoch': 0.06}
{'loss': 3.2487, 'grad_norm': 0.3821677267551422, 'learning_rate': 0.000997333437576437, 'epoch': 0.06}
{'loss': 3.2142, 'grad_norm': 0.36062905192375183, 'learning_rate': 0.000997312825108919, 'epoch': 0.06}
{'loss': 3.1786, 'grad_norm': 0.3298112750053406, 'learning_rate': 0.000997292133495528, 'epoch': 0.06}
{'loss': 3.4513, 'grad_norm': 0.3640367388725281, 'learning_rate': 0.0009972713627395572, 'epoch': 0.06}
{'loss': 3.2879, 'grad_norm': 0.4129849970340729, 'learning_rate': 0.0009972505128443118, 'epoch': 0.06}
{'loss': 3.1464, 'grad_norm': 0.3312761187553406, 'learning_rate': 0.0009972295838131101, 'epoch': 0.06}
{'loss': 3.1344, 'grad_norm': 0.36075180768966675, 'learning_rate': 0.000997208575649283, 'epoch': 0.06}
{'loss': 3.3509, 'grad_norm': 0.34349948167800903, 'learning_rate': 0.000997187488356174, 'epoch': 0.06}
{'loss': 3.233, 'grad_norm': 0.3325895071029663, 'learning_rate': 0.000997166321937139, 'epoch': 0.06}
{'loss': 3.2491, 'grad_norm': 0.3411498963832855, 'learning_rate': 0.0009971450763955462, 'epoch': 0.06}
{'loss': 3.2945, 'grad_norm': 0.3611091673374176, 'learning_rate': 0.0009971237517347772, 'epoch': 0.06}
{'loss': 3.0615, 'grad_norm': 0.3367815315723419, 'learning_rate': 0.0009971023479582257, 'epoch': 0.06}
{'loss': 3.2755, 'grad_norm': 0.3963927626609802, 'learning_rate': 0.0009970808650692981, 'epoch': 0.06}
{'loss': 3.3133, 'grad_norm': 0.33008235692977905, 'learning_rate': 0.000997059303071413, 'epoch': 0.06}
{'loss': 3.3131, 'grad_norm': 0.3526874780654907, 'learning_rate': 0.0009970376619680024, 'epoch': 0.06}
{'loss': 3.2192, 'grad_norm': 0.33189114928245544, 'learning_rate': 0.00099701594176251, 'epoch': 0.06}
{'loss': 3.3241, 'grad_norm': 0.3662824332714081, 'learning_rate': 0.0009969941424583927, 'epoch': 0.06}
{'loss': 3.2552, 'grad_norm': 0.33783191442489624, 'learning_rate': 0.0009969722640591197, 'epoch': 0.06}
{'loss': 3.1079, 'grad_norm': 0.32860180735588074, 'learning_rate': 0.0009969503065681731, 'epoch': 0.06}
{'loss': 3.3117, 'grad_norm': 0.33450672030448914, 'learning_rate': 0.0009969282699890472, 'epoch': 0.06}
{'loss': 3.2191, 'grad_norm': 0.36341801285743713, 'learning_rate': 0.0009969061543252489, 'epoch': 0.06}
{'loss': 3.2218, 'grad_norm': 0.4285619556903839, 'learning_rate': 0.0009968839595802983, 'epoch': 0.06}
{'loss': 3.326, 'grad_norm': 0.36423489451408386, 'learning_rate': 0.000996861685757727, 'epoch': 0.06}
{'loss': 3.3047, 'grad_norm': 0.3406364917755127, 'learning_rate': 0.0009968393328610805, 'epoch': 0.06}
{'loss': 3.298, 'grad_norm': 0.3709352910518646, 'learning_rate': 0.0009968169008939157, 'epoch': 0.06}
{'loss': 3.112, 'grad_norm': 0.3162623643875122, 'learning_rate': 0.000996794389859803, 'epoch': 0.07}
{'loss': 3.3249, 'grad_norm': 0.3454347252845764, 'learning_rate': 0.0009967717997623245, 'epoch': 0.07}
{'loss': 3.3072, 'grad_norm': 0.32200923562049866, 'learning_rate': 0.0009967491306050755, 'epoch': 0.07}
{'loss': 3.4625, 'grad_norm': 0.3747745156288147, 'learning_rate': 0.0009967263823916638, 'epoch': 0.07}
{'loss': 3.2601, 'grad_norm': 0.34301888942718506, 'learning_rate': 0.0009967035551257098, 'epoch': 0.07}
{'loss': 3.0239, 'grad_norm': 0.3482169508934021, 'learning_rate': 0.0009966806488108462, 'epoch': 0.07}
{'loss': 3.25, 'grad_norm': 0.3577389419078827, 'learning_rate': 0.0009966576634507186, 'epoch': 0.07}
{'loss': 3.0674, 'grad_norm': 0.352443128824234, 'learning_rate': 0.000996634599048985, 'epoch': 0.07}
{'loss': 3.2757, 'grad_norm': 0.34878942370414734, 'learning_rate': 0.0009966114556093162, 'epoch': 0.07}
{'loss': 3.3081, 'grad_norm': 0.3318660855293274, 'learning_rate': 0.000996588233135395, 'epoch': 0.07}
{'loss': 3.3285, 'grad_norm': 0.3746776878833771, 'learning_rate': 0.0009965649316309177, 'epoch': 0.07}
{'loss': 3.2651, 'grad_norm': 0.32510870695114136, 'learning_rate': 0.0009965415510995923, 'epoch': 0.07}
{'loss': 3.3105, 'grad_norm': 0.3539764881134033, 'learning_rate': 0.0009965180915451398, 'epoch': 0.07}
{'loss': 3.2262, 'grad_norm': 0.35835134983062744, 'learning_rate': 0.0009964945529712939, 'epoch': 0.07}
{'loss': 3.2464, 'grad_norm': 0.3472956717014313, 'learning_rate': 0.0009964709353818004, 'epoch': 0.07}
{'loss': 3.216, 'grad_norm': 0.34180402755737305, 'learning_rate': 0.0009964472387804183, 'epoch': 0.07}
{'loss': 3.4059, 'grad_norm': 0.336124986410141, 'learning_rate': 0.0009964234631709187, 'epoch': 0.07}
{'loss': 3.3467, 'grad_norm': 0.3601151406764984, 'learning_rate': 0.0009963996085570854, 'epoch': 0.07}
{'loss': 3.2541, 'grad_norm': 0.40216001868247986, 'learning_rate': 0.0009963756749427146, 'epoch': 0.07}
{'loss': 3.3934, 'grad_norm': 0.38574033975601196, 'learning_rate': 0.0009963516623316155, 'epoch': 0.07}
{'loss': 3.2168, 'grad_norm': 0.4182847738265991, 'learning_rate': 0.00099632757072761, 'epoch': 0.07}
{'loss': 3.3161, 'grad_norm': 0.55659019947052, 'learning_rate': 0.0009963034001345312, 'epoch': 0.07}
{'loss': 3.3063, 'grad_norm': 0.3569123148918152, 'learning_rate': 0.0009962791505562269, 'epoch': 0.07}
{'loss': 3.3299, 'grad_norm': 0.32664254307746887, 'learning_rate': 0.0009962548219965555, 'epoch': 0.07}
{'loss': 3.2457, 'grad_norm': 0.32835325598716736, 'learning_rate': 0.0009962304144593892, 'epoch': 0.07}
{'loss': 3.2005, 'grad_norm': 0.37661346793174744, 'learning_rate': 0.0009962059279486125, 'epoch': 0.07}
{'loss': 3.2853, 'grad_norm': 0.34044313430786133, 'learning_rate': 0.000996181362468122, 'epoch': 0.07}
{'loss': 3.1859, 'grad_norm': 0.33564791083335876, 'learning_rate': 0.0009961567180218273, 'epoch': 0.07}
{'loss': 3.401, 'grad_norm': 0.3567543625831604, 'learning_rate': 0.000996131994613651, 'epoch': 0.07}
{'loss': 3.1442, 'grad_norm': 0.3345556855201721, 'learning_rate': 0.0009961071922475271, 'epoch': 0.07}
{'loss': 3.1782, 'grad_norm': 0.3363114893436432, 'learning_rate': 0.000996082310927403, 'epoch': 0.07}
{'loss': 3.1143, 'grad_norm': 0.31846579909324646, 'learning_rate': 0.000996057350657239, 'epoch': 0.07}
{'loss': 3.3303, 'grad_norm': 0.3953537344932556, 'learning_rate': 0.0009960323114410067, 'epoch': 0.07}
{'loss': 3.373, 'grad_norm': 0.353985995054245, 'learning_rate': 0.0009960071932826914, 'epoch': 0.07}
{'loss': 3.2614, 'grad_norm': 0.35475072264671326, 'learning_rate': 0.0009959819961862905, 'epoch': 0.07}
{'loss': 3.3015, 'grad_norm': 0.3311808109283447, 'learning_rate': 0.0009959567201558142, 'epoch': 0.07}
{'loss': 3.2922, 'grad_norm': 0.3379383683204651, 'learning_rate': 0.0009959313651952848, 'epoch': 0.07}
{'loss': 3.1814, 'grad_norm': 0.353900671005249, 'learning_rate': 0.0009959059313087379, 'epoch': 0.07}
{'loss': 3.2336, 'grad_norm': 0.3579268753528595, 'learning_rate': 0.0009958804185002208, 'epoch': 0.07}
{'loss': 3.2194, 'grad_norm': 0.3633357882499695, 'learning_rate': 0.000995854826773794, 'epoch': 0.07}
{'loss': 3.2487, 'grad_norm': 0.3542746603488922, 'learning_rate': 0.0009958291561335303, 'epoch': 0.07}
{'loss': 3.237, 'grad_norm': 0.3478628993034363, 'learning_rate': 0.000995803406583515, 'epoch': 0.07}
{'loss': 3.158, 'grad_norm': 0.3355936110019684, 'learning_rate': 0.0009957775781278464, 'epoch': 0.07}
{'loss': 3.3257, 'grad_norm': 0.36161088943481445, 'learning_rate': 0.0009957516707706348, 'epoch': 0.07}
{'loss': 3.2316, 'grad_norm': 0.32100823521614075, 'learning_rate': 0.0009957256845160032, 'epoch': 0.07}
{'loss': 3.2455, 'grad_norm': 0.3505592942237854, 'learning_rate': 0.0009956996193680873, 'epoch': 0.07}
{'loss': 3.0942, 'grad_norm': 0.34603777527809143, 'learning_rate': 0.0009956734753310353, 'epoch': 0.07}
{'loss': 3.2867, 'grad_norm': 0.3285161554813385, 'learning_rate': 0.000995647252409008, 'epoch': 0.07}
{'loss': 3.2212, 'grad_norm': 0.3497805595397949, 'learning_rate': 0.0009956209506061786, 'epoch': 0.07}
{'loss': 3.2315, 'grad_norm': 0.34525591135025024, 'learning_rate': 0.0009955945699267332, 'epoch': 0.07}
{'loss': 3.2495, 'grad_norm': 0.34072282910346985, 'learning_rate': 0.00099556811037487, 'epoch': 0.07}
{'loss': 3.3275, 'grad_norm': 0.3683086633682251, 'learning_rate': 0.0009955415719547997, 'epoch': 0.07}
{'loss': 3.2628, 'grad_norm': 0.3580001890659332, 'learning_rate': 0.0009955149546707464, 'epoch': 0.07}
{'loss': 3.2734, 'grad_norm': 0.33271166682243347, 'learning_rate': 0.0009954882585269458, 'epoch': 0.07}
{'loss': 3.4034, 'grad_norm': 0.35474035143852234, 'learning_rate': 0.0009954614835276465, 'epoch': 0.07}
{'loss': 3.2564, 'grad_norm': 0.32815054059028625, 'learning_rate': 0.0009954346296771098, 'epoch': 0.07}
{'loss': 3.3107, 'grad_norm': 0.3302071690559387, 'learning_rate': 0.0009954076969796092, 'epoch': 0.07}
{'loss': 3.0268, 'grad_norm': 0.3423368036746979, 'learning_rate': 0.0009953806854394313, 'epoch': 0.07}
{'loss': 3.3609, 'grad_norm': 0.3345600664615631, 'learning_rate': 0.0009953535950608745, 'epoch': 0.07}
{'loss': 3.2904, 'grad_norm': 0.3492025136947632, 'learning_rate': 0.0009953264258482505, 'epoch': 0.07}
{'loss': 3.3732, 'grad_norm': 0.3204970955848694, 'learning_rate': 0.0009952991778058831, 'epoch': 0.07}
{'loss': 3.2158, 'grad_norm': 0.3359912931919098, 'learning_rate': 0.0009952718509381087, 'epoch': 0.07}
{'loss': 3.3009, 'grad_norm': 0.3254428803920746, 'learning_rate': 0.0009952444452492762, 'epoch': 0.07}
{'loss': 3.1501, 'grad_norm': 0.3444057106971741, 'learning_rate': 0.000995216960743747, 'epoch': 0.07}
{'loss': 3.0559, 'grad_norm': 0.315976083278656, 'learning_rate': 0.0009951893974258959, 'epoch': 0.07}
{'loss': 3.2255, 'grad_norm': 0.3820377290248871, 'learning_rate': 0.000995161755300109, 'epoch': 0.07}
{'loss': 3.22, 'grad_norm': 0.33488816022872925, 'learning_rate': 0.0009951340343707852, 'epoch': 0.07}
{'loss': 3.1463, 'grad_norm': 0.38321202993392944, 'learning_rate': 0.0009951062346423365, 'epoch': 0.07}
{'loss': 3.0736, 'grad_norm': 0.36297956109046936, 'learning_rate': 0.0009950783561191875, 'epoch': 0.07}
{'loss': 3.2457, 'grad_norm': 0.35604336857795715, 'learning_rate': 0.0009950503988057744, 'epoch': 0.07}
{'loss': 3.1565, 'grad_norm': 0.3152560889720917, 'learning_rate': 0.0009950223627065466, 'epoch': 0.07}
{'loss': 3.2489, 'grad_norm': 0.3505679666996002, 'learning_rate': 0.0009949942478259665, 'epoch': 0.07}
{'loss': 3.2292, 'grad_norm': 0.33929890394210815, 'learning_rate': 0.000994966054168508, 'epoch': 0.07}
{'loss': 3.1946, 'grad_norm': 0.34578654170036316, 'learning_rate': 0.000994937781738658, 'epoch': 0.07}
{'loss': 3.1327, 'grad_norm': 0.3045010566711426, 'learning_rate': 0.000994909430540916, 'epoch': 0.07}
{'loss': 3.3173, 'grad_norm': 0.35824987292289734, 'learning_rate': 0.0009948810005797944, 'epoch': 0.07}
{'loss': 3.2904, 'grad_norm': 0.3220713436603546, 'learning_rate': 0.0009948524918598175, 'epoch': 0.07}
{'loss': 3.046, 'grad_norm': 0.3304101228713989, 'learning_rate': 0.0009948239043855223, 'epoch': 0.07}
{'loss': 3.1281, 'grad_norm': 0.3588615953922272, 'learning_rate': 0.0009947952381614584, 'epoch': 0.07}
{'loss': 3.2052, 'grad_norm': 0.34370145201683044, 'learning_rate': 0.000994766493192188, 'epoch': 0.07}
{'loss': 3.1547, 'grad_norm': 0.33779892325401306, 'learning_rate': 0.0009947376694822861, 'epoch': 0.07}
{'loss': 3.1205, 'grad_norm': 0.3342137932777405, 'learning_rate': 0.0009947087670363394, 'epoch': 0.08}
{'loss': 3.0459, 'grad_norm': 0.37411922216415405, 'learning_rate': 0.0009946797858589478, 'epoch': 0.08}
{'loss': 3.3641, 'grad_norm': 0.3657844066619873, 'learning_rate': 0.0009946507259547238, 'epoch': 0.08}
{'loss': 3.3491, 'grad_norm': 0.37904641032218933, 'learning_rate': 0.0009946215873282917, 'epoch': 0.08}
{'loss': 3.3076, 'grad_norm': 0.36890479922294617, 'learning_rate': 0.0009945923699842894, 'epoch': 0.08}
{'loss': 3.2238, 'grad_norm': 0.3344382643699646, 'learning_rate': 0.0009945630739273664, 'epoch': 0.08}
{'loss': 3.1581, 'grad_norm': 0.347540020942688, 'learning_rate': 0.0009945336991621853, 'epoch': 0.08}
{'loss': 3.2047, 'grad_norm': 0.34757187962532043, 'learning_rate': 0.0009945042456934207, 'epoch': 0.08}
{'loss': 3.0717, 'grad_norm': 0.33201277256011963, 'learning_rate': 0.0009944747135257604, 'epoch': 0.08}
{'loss': 3.1843, 'grad_norm': 0.32521647214889526, 'learning_rate': 0.0009944451026639041, 'epoch': 0.08}
{'loss': 3.291, 'grad_norm': 0.363431841135025, 'learning_rate': 0.0009944154131125641, 'epoch': 0.08}
{'loss': 3.3016, 'grad_norm': 0.3349946141242981, 'learning_rate': 0.000994385644876466, 'epoch': 0.08}
{'loss': 3.2067, 'grad_norm': 0.3370019495487213, 'learning_rate': 0.000994355797960347, 'epoch': 0.08}
{'loss': 3.2682, 'grad_norm': 0.32235187292099, 'learning_rate': 0.000994325872368957, 'epoch': 0.08}
{'loss': 3.2991, 'grad_norm': 0.34817051887512207, 'learning_rate': 0.0009942958681070588, 'epoch': 0.08}
{'loss': 3.1035, 'grad_norm': 0.3204440474510193, 'learning_rate': 0.0009942657851794272, 'epoch': 0.08}
{'loss': 3.2689, 'grad_norm': 0.3094359338283539, 'learning_rate': 0.0009942356235908504, 'epoch': 0.08}
{'loss': 3.3393, 'grad_norm': 0.46840953826904297, 'learning_rate': 0.0009942053833461278, 'epoch': 0.08}
{'loss': 3.3094, 'grad_norm': 0.3275125324726105, 'learning_rate': 0.0009941750644500724, 'epoch': 0.08}
{'loss': 3.167, 'grad_norm': 0.33358457684516907, 'learning_rate': 0.0009941446669075094, 'epoch': 0.08}
{'loss': 3.21, 'grad_norm': 0.3595537841320038, 'learning_rate': 0.0009941141907232765, 'epoch': 0.08}
{'loss': 3.2966, 'grad_norm': 0.34296315908432007, 'learning_rate': 0.0009940836359022237, 'epoch': 0.08}
{'loss': 3.3058, 'grad_norm': 0.3612244427204132, 'learning_rate': 0.0009940530024492137, 'epoch': 0.08}
{'loss': 3.2499, 'grad_norm': 0.32914549112319946, 'learning_rate': 0.0009940222903691222, 'epoch': 0.08}
{'loss': 3.2976, 'grad_norm': 0.3143865168094635, 'learning_rate': 0.0009939914996668364, 'epoch': 0.08}
{'loss': 3.2244, 'grad_norm': 0.3368525207042694, 'learning_rate': 0.0009939606303472567, 'epoch': 0.08}
{'loss': 3.166, 'grad_norm': 0.3360508978366852, 'learning_rate': 0.000993929682415296, 'epoch': 0.08}
{'loss': 3.2817, 'grad_norm': 0.3165861964225769, 'learning_rate': 0.0009938986558758794, 'epoch': 0.08}
{'loss': 3.2745, 'grad_norm': 0.33518362045288086, 'learning_rate': 0.0009938675507339448, 'epoch': 0.08}
{'loss': 3.3116, 'grad_norm': 0.3716892898082733, 'learning_rate': 0.0009938363669944425, 'epoch': 0.08}
{'loss': 3.2067, 'grad_norm': 0.3569692373275757, 'learning_rate': 0.0009938051046623352, 'epoch': 0.08}
{'loss': 3.2374, 'grad_norm': 0.33926257491111755, 'learning_rate': 0.0009937737637425983, 'epoch': 0.08}
{'loss': 3.3704, 'grad_norm': 0.357852965593338, 'learning_rate': 0.0009937423442402194, 'epoch': 0.08}
{'loss': 3.1785, 'grad_norm': 0.34501194953918457, 'learning_rate': 0.000993710846160199, 'epoch': 0.08}
{'loss': 3.1569, 'grad_norm': 0.3379809856414795, 'learning_rate': 0.00099367926950755, 'epoch': 0.08}
{'loss': 2.9839, 'grad_norm': 0.34141039848327637, 'learning_rate': 0.000993647614287298, 'epoch': 0.08}
{'loss': 3.2452, 'grad_norm': 0.35237106680870056, 'learning_rate': 0.00099361588050448, 'epoch': 0.08}
{'loss': 3.2384, 'grad_norm': 0.33505287766456604, 'learning_rate': 0.0009935840681641471, 'epoch': 0.08}
{'loss': 3.341, 'grad_norm': 0.37422874569892883, 'learning_rate': 0.0009935521772713616, 'epoch': 0.08}
{'loss': 3.203, 'grad_norm': 0.3622780442237854, 'learning_rate': 0.0009935202078311994, 'epoch': 0.08}
{'loss': 3.3032, 'grad_norm': 0.37881261110305786, 'learning_rate': 0.0009934881598487478, 'epoch': 0.08}
{'loss': 3.2523, 'grad_norm': 0.33463698625564575, 'learning_rate': 0.0009934560333291077, 'epoch': 0.08}
{'loss': 3.0453, 'grad_norm': 0.3440759479999542, 'learning_rate': 0.0009934238282773913, 'epoch': 0.08}
{'loss': 3.3137, 'grad_norm': 0.3590821623802185, 'learning_rate': 0.0009933915446987244, 'epoch': 0.08}
{'loss': 3.2274, 'grad_norm': 0.3381878137588501, 'learning_rate': 0.0009933591825982445, 'epoch': 0.08}
{'loss': 3.2281, 'grad_norm': 0.3368076682090759, 'learning_rate': 0.0009933267419811025, 'epoch': 0.08}
{'loss': 3.2416, 'grad_norm': 0.3570656478404999, 'learning_rate': 0.000993294222852461, 'epoch': 0.08}
{'loss': 3.1102, 'grad_norm': 0.38335496187210083, 'learning_rate': 0.0009932616252174946, 'epoch': 0.08}
{'loss': 3.3056, 'grad_norm': 0.33689746260643005, 'learning_rate': 0.0009932289490813921, 'epoch': 0.08}
{'loss': 3.1424, 'grad_norm': 0.3391534388065338, 'learning_rate': 0.0009931961944493533, 'epoch': 0.08}
{'loss': 3.0312, 'grad_norm': 0.40049609541893005, 'learning_rate': 0.0009931633613265913, 'epoch': 0.08}
{'loss': 3.1858, 'grad_norm': 0.33659517765045166, 'learning_rate': 0.0009931304497183312, 'epoch': 0.08}
{'loss': 3.1418, 'grad_norm': 0.32381317019462585, 'learning_rate': 0.0009930974596298106, 'epoch': 0.08}
{'loss': 3.2928, 'grad_norm': 0.3369647264480591, 'learning_rate': 0.00099306439106628, 'epoch': 0.08}
{'loss': 3.2318, 'grad_norm': 0.31824785470962524, 'learning_rate': 0.0009930312440330023, 'epoch': 0.08}
{'loss': 3.2123, 'grad_norm': 0.34193098545074463, 'learning_rate': 0.0009929980185352525, 'epoch': 0.08}
{'loss': 3.2903, 'grad_norm': 0.33004918694496155, 'learning_rate': 0.0009929647145783184, 'epoch': 0.08}
{'loss': 3.1965, 'grad_norm': 0.325204074382782, 'learning_rate': 0.0009929313321675004, 'epoch': 0.08}
{'loss': 3.1886, 'grad_norm': 0.34239688515663147, 'learning_rate': 0.000992897871308111, 'epoch': 0.08}
{'loss': 3.2232, 'grad_norm': 0.34715402126312256, 'learning_rate': 0.0009928643320054756, 'epoch': 0.08}
{'loss': 3.1449, 'grad_norm': 0.363953173160553, 'learning_rate': 0.0009928307142649316, 'epoch': 0.08}
{'loss': 3.1562, 'grad_norm': 0.36058536171913147, 'learning_rate': 0.0009927970180918294, 'epoch': 0.08}
{'loss': 3.2495, 'grad_norm': 0.3359309732913971, 'learning_rate': 0.0009927632434915314, 'epoch': 0.08}
{'loss': 3.0857, 'grad_norm': 0.3089265525341034, 'learning_rate': 0.000992729390469413, 'epoch': 0.08}
{'loss': 3.1243, 'grad_norm': 0.357614129781723, 'learning_rate': 0.0009926954590308618, 'epoch': 0.08}
{'loss': 3.2863, 'grad_norm': 0.35466718673706055, 'learning_rate': 0.0009926614491812778, 'epoch': 0.08}
{'loss': 3.1649, 'grad_norm': 0.300692081451416, 'learning_rate': 0.0009926273609260734, 'epoch': 0.08}
{'loss': 3.2537, 'grad_norm': 0.35229289531707764, 'learning_rate': 0.000992593194270674, 'epoch': 0.08}
{'loss': 3.2777, 'grad_norm': 0.33809894323349, 'learning_rate': 0.0009925589492205168, 'epoch': 0.08}
{'loss': 3.3284, 'grad_norm': 0.35376009345054626, 'learning_rate': 0.0009925246257810518, 'epoch': 0.08}
{'loss': 3.1728, 'grad_norm': 0.343954861164093, 'learning_rate': 0.0009924902239577418, 'epoch': 0.08}
{'loss': 3.3571, 'grad_norm': 0.3485081195831299, 'learning_rate': 0.0009924557437560615, 'epoch': 0.08}
{'loss': 3.225, 'grad_norm': 0.3461199998855591, 'learning_rate': 0.0009924211851814984, 'epoch': 0.08}
{'loss': 3.1121, 'grad_norm': 0.3605235815048218, 'learning_rate': 0.0009923865482395523, 'epoch': 0.08}
{'loss': 3.2846, 'grad_norm': 0.3430505394935608, 'learning_rate': 0.0009923518329357356, 'epoch': 0.08}
{'loss': 3.1735, 'grad_norm': 0.31981727480888367, 'learning_rate': 0.0009923170392755734, 'epoch': 0.08}
{'loss': 3.1906, 'grad_norm': 0.34958526492118835, 'learning_rate': 0.0009922821672646027, 'epoch': 0.08}
{'loss': 3.1851, 'grad_norm': 0.29750165343284607, 'learning_rate': 0.0009922472169083733, 'epoch': 0.08}
{'loss': 3.2731, 'grad_norm': 0.3216637372970581, 'learning_rate': 0.0009922121882124475, 'epoch': 0.08}
{'loss': 3.1753, 'grad_norm': 0.346118688583374, 'learning_rate': 0.0009921770811824001, 'epoch': 0.08}
{'loss': 3.1829, 'grad_norm': 0.3209449052810669, 'learning_rate': 0.000992141895823818, 'epoch': 0.08}
{'loss': 3.1843, 'grad_norm': 0.3725726306438446, 'learning_rate': 0.0009921066321423014, 'epoch': 0.08}
{'loss': 3.1054, 'grad_norm': 0.3365647494792938, 'learning_rate': 0.000992071290143462, 'epoch': 0.09}
{'loss': 3.1814, 'grad_norm': 0.3209482431411743, 'learning_rate': 0.000992035869832924, 'epoch': 0.09}
{'loss': 3.1545, 'grad_norm': 0.3048589527606964, 'learning_rate': 0.0009920003712163253, 'epoch': 0.09}
{'loss': 3.3113, 'grad_norm': 0.36804887652397156, 'learning_rate': 0.0009919647942993148, 'epoch': 0.09}
{'loss': 3.0916, 'grad_norm': 0.33619076013565063, 'learning_rate': 0.0009919291390875547, 'epoch': 0.09}
{'loss': 3.0532, 'grad_norm': 0.35906243324279785, 'learning_rate': 0.0009918934055867194, 'epoch': 0.09}
{'loss': 3.0543, 'grad_norm': 0.33194059133529663, 'learning_rate': 0.0009918575938024955, 'epoch': 0.09}
{'loss': 3.1812, 'grad_norm': 0.359500527381897, 'learning_rate': 0.000991821703740583, 'epoch': 0.09}
{'loss': 3.1982, 'grad_norm': 0.36850038170814514, 'learning_rate': 0.000991785735406693, 'epoch': 0.09}
{'loss': 3.0496, 'grad_norm': 0.3584915101528168, 'learning_rate': 0.00099174968880655, 'epoch': 0.09}
{'loss': 3.2021, 'grad_norm': 0.3494027853012085, 'learning_rate': 0.0009917135639458908, 'epoch': 0.09}
{'loss': 3.3376, 'grad_norm': 0.36243006587028503, 'learning_rate': 0.0009916773608304645, 'epoch': 0.09}
{'loss': 3.3113, 'grad_norm': 0.37287598848342896, 'learning_rate': 0.0009916410794660328, 'epoch': 0.09}
{'loss': 3.2782, 'grad_norm': 0.3636416494846344, 'learning_rate': 0.0009916047198583698, 'epoch': 0.09}
{'loss': 3.0724, 'grad_norm': 0.3210568130016327, 'learning_rate': 0.0009915682820132617, 'epoch': 0.09}
{'loss': 3.1578, 'grad_norm': 0.31456640362739563, 'learning_rate': 0.0009915317659365077, 'epoch': 0.09}
{'loss': 3.2193, 'grad_norm': 0.32154393196105957, 'learning_rate': 0.0009914951716339193, 'epoch': 0.09}
{'loss': 3.196, 'grad_norm': 0.3057727813720703, 'learning_rate': 0.0009914584991113204, 'epoch': 0.09}
{'loss': 3.2694, 'grad_norm': 0.3195105195045471, 'learning_rate': 0.0009914217483745472, 'epoch': 0.09}
{'loss': 3.2072, 'grad_norm': 0.30772894620895386, 'learning_rate': 0.0009913849194294483, 'epoch': 0.09}
{'loss': 3.1516, 'grad_norm': 0.3287416994571686, 'learning_rate': 0.0009913480122818851, 'epoch': 0.09}
{'loss': 3.3851, 'grad_norm': 0.3089253008365631, 'learning_rate': 0.0009913110269377317, 'epoch': 0.09}
{'loss': 3.2893, 'grad_norm': 0.34843534231185913, 'learning_rate': 0.0009912739634028733, 'epoch': 0.09}
{'loss': 3.2486, 'grad_norm': 0.33991506695747375, 'learning_rate': 0.0009912368216832093, 'epoch': 0.09}
{'loss': 3.2655, 'grad_norm': 0.36593568325042725, 'learning_rate': 0.0009911996017846502, 'epoch': 0.09}
{'loss': 3.0556, 'grad_norm': 0.3536473512649536, 'learning_rate': 0.0009911623037131196, 'epoch': 0.09}
{'loss': 3.2097, 'grad_norm': 0.3459179997444153, 'learning_rate': 0.0009911249274745532, 'epoch': 0.09}
{'loss': 3.2823, 'grad_norm': 0.3361895680427551, 'learning_rate': 0.0009910874730748997, 'epoch': 0.09}
{'loss': 3.2209, 'grad_norm': 0.32645997405052185, 'learning_rate': 0.0009910499405201194, 'epoch': 0.09}
{'loss': 3.2593, 'grad_norm': 0.35165971517562866, 'learning_rate': 0.000991012329816186, 'epoch': 0.09}
{'loss': 3.2167, 'grad_norm': 0.3593518137931824, 'learning_rate': 0.0009909746409690846, 'epoch': 0.09}
{'loss': 3.1555, 'grad_norm': 0.31242215633392334, 'learning_rate': 0.0009909368739848138, 'epoch': 0.09}
{'loss': 3.2521, 'grad_norm': 0.3449193239212036, 'learning_rate': 0.0009908990288693836, 'epoch': 0.09}
{'loss': 3.2951, 'grad_norm': 0.32915034890174866, 'learning_rate': 0.000990861105628817, 'epoch': 0.09}
{'loss': 3.2641, 'grad_norm': 0.33724939823150635, 'learning_rate': 0.0009908231042691498, 'epoch': 0.09}
{'loss': 3.2374, 'grad_norm': 0.3559945523738861, 'learning_rate': 0.0009907850247964296, 'epoch': 0.09}
{'loss': 3.3745, 'grad_norm': 0.33625054359436035, 'learning_rate': 0.0009907468672167164, 'epoch': 0.09}
{'loss': 3.2595, 'grad_norm': 0.34628796577453613, 'learning_rate': 0.000990708631536083, 'epoch': 0.09}
{'loss': 3.1588, 'grad_norm': 0.3185088336467743, 'learning_rate': 0.0009906703177606148, 'epoch': 0.09}
{'loss': 3.1042, 'grad_norm': 0.3259696066379547, 'learning_rate': 0.000990631925896409, 'epoch': 0.09}
{'loss': 3.3501, 'grad_norm': 0.3322679102420807, 'learning_rate': 0.0009905934559495755, 'epoch': 0.09}
{'loss': 3.1762, 'grad_norm': 0.3388842046260834, 'learning_rate': 0.000990554907926237, 'epoch': 0.09}
{'loss': 3.1177, 'grad_norm': 0.4111189544200897, 'learning_rate': 0.000990516281832528, 'epoch': 0.09}
{'loss': 3.179, 'grad_norm': 0.3585062026977539, 'learning_rate': 0.0009904775776745957, 'epoch': 0.09}
{'loss': 3.1301, 'grad_norm': 0.36345162987709045, 'learning_rate': 0.0009904387954586, 'epoch': 0.09}
{'loss': 3.1765, 'grad_norm': 0.37089309096336365, 'learning_rate': 0.000990399935190713, 'epoch': 0.09}
{'loss': 3.1216, 'grad_norm': 0.3467828929424286, 'learning_rate': 0.0009903609968771189, 'epoch': 0.09}
{'loss': 3.3337, 'grad_norm': 0.3400349020957947, 'learning_rate': 0.0009903219805240148, 'epoch': 0.09}
{'loss': 3.1908, 'grad_norm': 0.37336334586143494, 'learning_rate': 0.00099028288613761, 'epoch': 0.09}
{'loss': 3.2829, 'grad_norm': 0.3673022985458374, 'learning_rate': 0.0009902437137241263, 'epoch': 0.09}
{'loss': 3.2029, 'grad_norm': 0.34085217118263245, 'learning_rate': 0.0009902044632897978, 'epoch': 0.09}
{'loss': 3.0085, 'grad_norm': 0.33697304129600525, 'learning_rate': 0.0009901651348408712, 'epoch': 0.09}
{'loss': 3.3468, 'grad_norm': 0.3384343683719635, 'learning_rate': 0.0009901257283836055, 'epoch': 0.09}
{'loss': 3.1861, 'grad_norm': 0.34471046924591064, 'learning_rate': 0.0009900862439242719, 'epoch': 0.09}
{'loss': 3.0906, 'grad_norm': 0.34211793541908264, 'learning_rate': 0.0009900466814691546, 'epoch': 0.09}
{'loss': 3.3673, 'grad_norm': 0.3308461606502533, 'learning_rate': 0.0009900070410245494, 'epoch': 0.09}
{'loss': 3.2664, 'grad_norm': 0.3512345254421234, 'learning_rate': 0.0009899673225967653, 'epoch': 0.09}
{'loss': 3.3085, 'grad_norm': 0.35601457953453064, 'learning_rate': 0.0009899275261921235, 'epoch': 0.09}
{'loss': 3.1135, 'grad_norm': 0.3038322627544403, 'learning_rate': 0.000989887651816957, 'epoch': 0.09}
{'loss': 3.2972, 'grad_norm': 0.32805290818214417, 'learning_rate': 0.0009898476994776122, 'epoch': 0.09}
{'loss': 3.205, 'grad_norm': 0.33315327763557434, 'learning_rate': 0.000989807669180447, 'epoch': 0.09}
{'loss': 3.2692, 'grad_norm': 0.32272255420684814, 'learning_rate': 0.0009897675609318321, 'epoch': 0.09}
{'loss': 3.2095, 'grad_norm': 0.34337982535362244, 'learning_rate': 0.000989727374738151, 'epoch': 0.09}
{'loss': 3.0656, 'grad_norm': 0.3252905309200287, 'learning_rate': 0.0009896871106057988, 'epoch': 0.09}
{'loss': 3.2215, 'grad_norm': 0.3251049816608429, 'learning_rate': 0.0009896467685411837, 'epoch': 0.09}
{'loss': 3.0505, 'grad_norm': 0.33180907368659973, 'learning_rate': 0.000989606348550726, 'epoch': 0.09}
{'loss': 3.1382, 'grad_norm': 0.3439033031463623, 'learning_rate': 0.000989565850640858, 'epoch': 0.09}
{'loss': 3.0308, 'grad_norm': 0.4020346701145172, 'learning_rate': 0.0009895252748180255, 'epoch': 0.09}
{'loss': 3.2182, 'grad_norm': 0.3662862479686737, 'learning_rate': 0.0009894846210886856, 'epoch': 0.09}
{'loss': 3.1828, 'grad_norm': 0.3443209230899811, 'learning_rate': 0.0009894438894593083, 'epoch': 0.09}
{'loss': 3.1613, 'grad_norm': 0.35684287548065186, 'learning_rate': 0.0009894030799363761, 'epoch': 0.09}
{'loss': 3.234, 'grad_norm': 0.3370878994464874, 'learning_rate': 0.0009893621925263832, 'epoch': 0.09}
{'loss': 3.1351, 'grad_norm': 0.3838154673576355, 'learning_rate': 0.0009893212272358372, 'epoch': 0.09}
{'loss': 3.2302, 'grad_norm': 0.32672426104545593, 'learning_rate': 0.0009892801840712575, 'epoch': 0.09}
{'loss': 3.2468, 'grad_norm': 0.3116512894630432, 'learning_rate': 0.000989239063039176, 'epoch': 0.09}
{'loss': 3.1973, 'grad_norm': 0.33875739574432373, 'learning_rate': 0.0009891978641461368, 'epoch': 0.09}
{'loss': 3.304, 'grad_norm': 0.34733349084854126, 'learning_rate': 0.0009891565873986967, 'epoch': 0.09}
{'loss': 3.1031, 'grad_norm': 0.3398844599723816, 'learning_rate': 0.000989115232803425, 'epoch': 0.09}
{'loss': 3.1142, 'grad_norm': 0.3416737914085388, 'learning_rate': 0.0009890738003669028, 'epoch': 0.09}
{'loss': 3.0379, 'grad_norm': 0.3528435230255127, 'learning_rate': 0.0009890322900957243, 'epoch': 0.09}
{'loss': 3.0937, 'grad_norm': 0.33101028203964233, 'learning_rate': 0.0009889907019964954, 'epoch': 0.09}
{'loss': 3.1553, 'grad_norm': 0.32721656560897827, 'learning_rate': 0.0009889490360758348, 'epoch': 0.1}
{'loss': 3.0873, 'grad_norm': 0.34604668617248535, 'learning_rate': 0.0009889072923403737, 'epoch': 0.1}
{'loss': 3.2087, 'grad_norm': 0.3799244463443756, 'learning_rate': 0.0009888654707967555, 'epoch': 0.1}
{'loss': 3.0628, 'grad_norm': 0.36995410919189453, 'learning_rate': 0.0009888235714516358, 'epoch': 0.1}
{'loss': 3.1922, 'grad_norm': 0.37449270486831665, 'learning_rate': 0.0009887815943116828, 'epoch': 0.1}
{'loss': 3.056, 'grad_norm': 0.36859798431396484, 'learning_rate': 0.0009887395393835768, 'epoch': 0.1}
{'loss': 3.1425, 'grad_norm': 0.33686307072639465, 'learning_rate': 0.0009886974066740113, 'epoch': 0.1}
{'loss': 3.0525, 'grad_norm': 0.3703996241092682, 'learning_rate': 0.000988655196189691, 'epoch': 0.1}
{'loss': 3.1808, 'grad_norm': 0.3845995366573334, 'learning_rate': 0.0009886129079373339, 'epoch': 0.1}
{'loss': 3.109, 'grad_norm': 0.3358515501022339, 'learning_rate': 0.00098857054192367, 'epoch': 0.1}
{'loss': 3.2112, 'grad_norm': 0.3306957483291626, 'learning_rate': 0.000988528098155442, 'epoch': 0.1}
{'loss': 3.3188, 'grad_norm': 0.3353597819805145, 'learning_rate': 0.000988485576639404, 'epoch': 0.1}
{'loss': 3.1309, 'grad_norm': 0.32691776752471924, 'learning_rate': 0.000988442977382324, 'epoch': 0.1}
{'loss': 3.1727, 'grad_norm': 0.3473556935787201, 'learning_rate': 0.0009884003003909807, 'epoch': 0.1}
{'loss': 3.3787, 'grad_norm': 0.36412039399147034, 'learning_rate': 0.0009883575456721668, 'epoch': 0.1}
{'loss': 2.9935, 'grad_norm': 0.29390645027160645, 'learning_rate': 0.0009883147132326861, 'epoch': 0.1}
{'loss': 3.2513, 'grad_norm': 0.3309877812862396, 'learning_rate': 0.0009882718030793554, 'epoch': 0.1}
{'loss': 3.352, 'grad_norm': 0.35294291377067566, 'learning_rate': 0.0009882288152190037, 'epoch': 0.1}
{'loss': 3.1991, 'grad_norm': 0.32406163215637207, 'learning_rate': 0.0009881857496584726, 'epoch': 0.1}
{'loss': 3.0996, 'grad_norm': 0.34896647930145264, 'learning_rate': 0.0009881426064046153, 'epoch': 0.1}
{'loss': 3.177, 'grad_norm': 0.35550108551979065, 'learning_rate': 0.0009880993854642986, 'epoch': 0.1}
{'loss': 3.1698, 'grad_norm': 0.368669718503952, 'learning_rate': 0.0009880560868444006, 'epoch': 0.1}
{'loss': 3.1405, 'grad_norm': 0.33640313148498535, 'learning_rate': 0.0009880127105518122, 'epoch': 0.1}
{'loss': 3.2962, 'grad_norm': 0.40293624997138977, 'learning_rate': 0.0009879692565934368, 'epoch': 0.1}
{'loss': 3.1302, 'grad_norm': 0.3603428900241852, 'learning_rate': 0.0009879257249761895, 'epoch': 0.1}
{'loss': 3.1886, 'grad_norm': 0.3388092815876007, 'learning_rate': 0.000987882115706999, 'epoch': 0.1}
{'loss': 3.2385, 'grad_norm': 0.3312161862850189, 'learning_rate': 0.0009878384287928046, 'epoch': 0.1}
{'loss': 3.1912, 'grad_norm': 0.30357494950294495, 'learning_rate': 0.0009877946642405596, 'epoch': 0.1}
{'loss': 3.0814, 'grad_norm': 0.3091975450515747, 'learning_rate': 0.000987750822057229, 'epoch': 0.1}
{'loss': 3.2192, 'grad_norm': 0.3206326961517334, 'learning_rate': 0.0009877069022497902, 'epoch': 0.1}
{'loss': 3.0037, 'grad_norm': 0.289362370967865, 'learning_rate': 0.0009876629048252324, 'epoch': 0.1}
{'loss': 3.1747, 'grad_norm': 0.3380602300167084, 'learning_rate': 0.000987618829790558, 'epoch': 0.1}
{'loss': 3.0816, 'grad_norm': 0.29575979709625244, 'learning_rate': 0.0009875746771527815, 'epoch': 0.1}
{'loss': 3.135, 'grad_norm': 0.321267694234848, 'learning_rate': 0.0009875304469189297, 'epoch': 0.1}
{'loss': 3.2836, 'grad_norm': 0.34479591250419617, 'learning_rate': 0.0009874861390960414, 'epoch': 0.1}
{'loss': 3.2682, 'grad_norm': 0.33542996644973755, 'learning_rate': 0.0009874417536911684, 'epoch': 0.1}
{'loss': 3.3626, 'grad_norm': 0.34854257106781006, 'learning_rate': 0.0009873972907113741, 'epoch': 0.1}
{'loss': 3.175, 'grad_norm': 0.3402697443962097, 'learning_rate': 0.000987352750163735, 'epoch': 0.1}
{'loss': 3.1558, 'grad_norm': 0.3797687292098999, 'learning_rate': 0.0009873081320553396, 'epoch': 0.1}
{'loss': 3.1677, 'grad_norm': 0.7956942319869995, 'learning_rate': 0.0009872634363932886, 'epoch': 0.1}
{'loss': 3.2909, 'grad_norm': 0.3196300268173218, 'learning_rate': 0.000987218663184695, 'epoch': 0.1}
{'loss': 3.1814, 'grad_norm': 0.35288506746292114, 'learning_rate': 0.0009871738124366848, 'epoch': 0.1}
{'loss': 3.0199, 'grad_norm': 0.33980515599250793, 'learning_rate': 0.0009871288841563955, 'epoch': 0.1}
{'loss': 3.2462, 'grad_norm': 0.3525037467479706, 'learning_rate': 0.0009870838783509774, 'epoch': 0.1}
{'loss': 3.1174, 'grad_norm': 0.3473752439022064, 'learning_rate': 0.0009870387950275932, 'epoch': 0.1}
{'loss': 3.2734, 'grad_norm': 0.32450175285339355, 'learning_rate': 0.0009869936341934174, 'epoch': 0.1}
{'loss': 3.111, 'grad_norm': 0.3099566102027893, 'learning_rate': 0.0009869483958556376, 'epoch': 0.1}
{'loss': 3.2339, 'grad_norm': 0.32657548785209656, 'learning_rate': 0.0009869030800214531, 'epoch': 0.1}
{'loss': 3.1209, 'grad_norm': 0.32027769088745117, 'learning_rate': 0.000986857686698076, 'epoch': 0.1}
{'loss': 3.2343, 'grad_norm': 0.32681581377983093, 'learning_rate': 0.0009868122158927302, 'epoch': 0.1}
{'loss': 3.1751, 'grad_norm': 0.33215707540512085, 'learning_rate': 0.0009867666676126525, 'epoch': 0.1}
{'loss': 3.1873, 'grad_norm': 0.33939024806022644, 'learning_rate': 0.0009867210418650918, 'epoch': 0.1}
{'loss': 3.1624, 'grad_norm': 0.32973533868789673, 'learning_rate': 0.000986675338657309, 'epoch': 0.1}
{'loss': 3.0946, 'grad_norm': 0.3196265399456024, 'learning_rate': 0.0009866295579965781, 'epoch': 0.1}
{'loss': 3.0705, 'grad_norm': 0.32355010509490967, 'learning_rate': 0.0009865836998901845, 'epoch': 0.1}
{'loss': 3.2633, 'grad_norm': 0.32641294598579407, 'learning_rate': 0.0009865377643454268, 'epoch': 0.1}
{'loss': 3.2416, 'grad_norm': 0.32610657811164856, 'learning_rate': 0.0009864917513696151, 'epoch': 0.1}
{'loss': 3.0436, 'grad_norm': 0.3319909870624542, 'learning_rate': 0.0009864456609700726, 'epoch': 0.1}
{'loss': 3.2055, 'grad_norm': 0.3616257905960083, 'learning_rate': 0.000986399493154134, 'epoch': 0.1}
{'loss': 3.165, 'grad_norm': 0.3447471261024475, 'learning_rate': 0.0009863532479291472, 'epoch': 0.1}
{'loss': 3.0402, 'grad_norm': 0.332709938287735, 'learning_rate': 0.0009863069253024717, 'epoch': 0.1}
{'loss': 3.2507, 'grad_norm': 0.34614643454551697, 'learning_rate': 0.0009862605252814799, 'epoch': 0.1}
{'loss': 3.2304, 'grad_norm': 0.36078256368637085, 'learning_rate': 0.000986214047873556, 'epoch': 0.1}
{'loss': 2.9985, 'grad_norm': 0.3242020308971405, 'learning_rate': 0.000986167493086097, 'epoch': 0.1}
{'loss': 3.1511, 'grad_norm': 0.30864596366882324, 'learning_rate': 0.0009861208609265116, 'epoch': 0.1}
{'loss': 3.0436, 'grad_norm': 0.3478517234325409, 'learning_rate': 0.0009860741514022213, 'epoch': 0.1}
{'loss': 3.2263, 'grad_norm': 0.7107746005058289, 'learning_rate': 0.0009860273645206597, 'epoch': 0.1}
{'loss': 3.1998, 'grad_norm': 0.3233380913734436, 'learning_rate': 0.0009859805002892731, 'epoch': 0.1}
{'loss': 3.1846, 'grad_norm': 0.40612685680389404, 'learning_rate': 0.0009859335587155196, 'epoch': 0.1}
{'loss': 3.1872, 'grad_norm': 0.37562650442123413, 'learning_rate': 0.0009858865398068698, 'epoch': 0.1}
{'loss': 3.3278, 'grad_norm': 0.33155959844589233, 'learning_rate': 0.000985839443570807, 'epoch': 0.1}
{'loss': 3.2798, 'grad_norm': 0.36063385009765625, 'learning_rate': 0.0009857922700148255, 'epoch': 0.1}
{'loss': 3.1231, 'grad_norm': 0.35129988193511963, 'learning_rate': 0.0009857450191464337, 'epoch': 0.1}
{'loss': 3.0654, 'grad_norm': 0.3325904309749603, 'learning_rate': 0.0009856976909731513, 'epoch': 0.1}
{'loss': 3.2462, 'grad_norm': 0.3530454933643341, 'learning_rate': 0.0009856502855025101, 'epoch': 0.1}
{'loss': 2.9864, 'grad_norm': 0.3158881962299347, 'learning_rate': 0.0009856028027420548, 'epoch': 0.1}
{'loss': 3.2135, 'grad_norm': 0.31575700640678406, 'learning_rate': 0.000985555242699342, 'epoch': 0.1}
{'loss': 2.9948, 'grad_norm': 0.31394872069358826, 'learning_rate': 0.0009855076053819408, 'epoch': 0.1}
{'loss': 3.2008, 'grad_norm': 0.3462938964366913, 'learning_rate': 0.0009854598907974325, 'epoch': 0.1}
{'loss': 3.2567, 'grad_norm': 0.34998002648353577, 'learning_rate': 0.000985412098953411, 'epoch': 0.1}
{'loss': 3.0585, 'grad_norm': 0.30657002329826355, 'learning_rate': 0.000985364229857482, 'epoch': 0.1}
{'loss': 3.2637, 'grad_norm': 0.354378879070282, 'learning_rate': 0.0009853162835172637, 'epoch': 0.11}
{'loss': 3.2118, 'grad_norm': 0.34194427728652954, 'learning_rate': 0.0009852682599403866, 'epoch': 0.11}
{'loss': 3.1012, 'grad_norm': 0.3541994094848633, 'learning_rate': 0.0009852201591344935, 'epoch': 0.11}
{'loss': 3.2605, 'grad_norm': 0.36383360624313354, 'learning_rate': 0.00098517198110724, 'epoch': 0.11}
{'loss': 3.2832, 'grad_norm': 0.3582751452922821, 'learning_rate': 0.0009851237258662927, 'epoch': 0.11}
{'loss': 3.2832, 'grad_norm': 0.33733177185058594, 'learning_rate': 0.0009850753934193318, 'epoch': 0.11}
{'loss': 3.1143, 'grad_norm': 0.32849809527397156, 'learning_rate': 0.000985026983774049, 'epoch': 0.11}
{'loss': 3.0684, 'grad_norm': 0.34525153040885925, 'learning_rate': 0.0009849784969381487, 'epoch': 0.11}
{'loss': 3.08, 'grad_norm': 0.30685389041900635, 'learning_rate': 0.0009849299329193473, 'epoch': 0.11}
{'loss': 3.1391, 'grad_norm': 0.31174221634864807, 'learning_rate': 0.000984881291725374, 'epoch': 0.11}
{'loss': 3.1367, 'grad_norm': 0.2997523546218872, 'learning_rate': 0.0009848325733639695, 'epoch': 0.11}
{'loss': 2.9924, 'grad_norm': 0.3375178873538971, 'learning_rate': 0.0009847837778428872, 'epoch': 0.11}
{'loss': 3.0788, 'grad_norm': 0.331636518239975, 'learning_rate': 0.0009847349051698932, 'epoch': 0.11}
{'loss': 3.1805, 'grad_norm': 0.353544682264328, 'learning_rate': 0.0009846859553527647, 'epoch': 0.11}
{'loss': 3.1881, 'grad_norm': 0.3468621075153351, 'learning_rate': 0.0009846369283992927, 'epoch': 0.11}
{'loss': 3.2517, 'grad_norm': 0.35315486788749695, 'learning_rate': 0.000984587824317279, 'epoch': 0.11}
{'loss': 3.1306, 'grad_norm': 0.3436304032802582, 'learning_rate': 0.000984538643114539, 'epoch': 0.11}
{'loss': 3.164, 'grad_norm': 0.33244794607162476, 'learning_rate': 0.0009844893847988994, 'epoch': 0.11}
{'loss': 3.1073, 'grad_norm': 0.3315059244632721, 'learning_rate': 0.0009844400493781995, 'epoch': 0.11}
{'loss': 3.1921, 'grad_norm': 0.38337188959121704, 'learning_rate': 0.0009843906368602908, 'epoch': 0.11}
{'loss': 3.1584, 'grad_norm': 0.3642212450504303, 'learning_rate': 0.0009843411472530376, 'epoch': 0.11}
{'loss': 3.0219, 'grad_norm': 0.30717143416404724, 'learning_rate': 0.0009842915805643156, 'epoch': 0.11}
{'loss': 3.2131, 'grad_norm': 0.3464578092098236, 'learning_rate': 0.0009842419368020132, 'epoch': 0.11}
{'loss': 3.3141, 'grad_norm': 0.30699002742767334, 'learning_rate': 0.0009841922159740315, 'epoch': 0.11}
{'loss': 3.2477, 'grad_norm': 0.34303006529808044, 'learning_rate': 0.0009841424180882829, 'epoch': 0.11}
{'loss': 3.2082, 'grad_norm': 0.3146094083786011, 'learning_rate': 0.0009840925431526927, 'epoch': 0.11}
{'loss': 3.0804, 'grad_norm': 0.323032408952713, 'learning_rate': 0.0009840425911751987, 'epoch': 0.11}
{'loss': 3.057, 'grad_norm': 0.49190372228622437, 'learning_rate': 0.0009839925621637502, 'epoch': 0.11}
{'loss': 3.2169, 'grad_norm': 0.35832035541534424, 'learning_rate': 0.0009839424561263093, 'epoch': 0.11}
{'loss': 3.1877, 'grad_norm': 0.3325776755809784, 'learning_rate': 0.0009838922730708503, 'epoch': 0.11}
{'loss': 3.1635, 'grad_norm': 0.3382956385612488, 'learning_rate': 0.0009838420130053598, 'epoch': 0.11}
{'loss': 3.095, 'grad_norm': 0.33478397130966187, 'learning_rate': 0.0009837916759378362, 'epoch': 0.11}
{'loss': 3.2227, 'grad_norm': 0.3250488340854645, 'learning_rate': 0.0009837412618762906, 'epoch': 0.11}
{'loss': 3.0411, 'grad_norm': 0.3168238699436188, 'learning_rate': 0.0009836907708287465, 'epoch': 0.11}
{'loss': 3.163, 'grad_norm': 0.3359893262386322, 'learning_rate': 0.000983640202803239, 'epoch': 0.11}
{'loss': 3.2372, 'grad_norm': 0.31353238224983215, 'learning_rate': 0.0009835895578078164, 'epoch': 0.11}
{'loss': 2.9846, 'grad_norm': 0.3401006758213043, 'learning_rate': 0.0009835388358505383, 'epoch': 0.11}
{'loss': 3.271, 'grad_norm': 0.3288433849811554, 'learning_rate': 0.000983488036939477, 'epoch': 0.11}
{'loss': 2.9885, 'grad_norm': 0.6518410444259644, 'learning_rate': 0.000983437161082717, 'epoch': 0.11}
{'loss': 3.185, 'grad_norm': 0.3685160279273987, 'learning_rate': 0.000983386208288355, 'epoch': 0.11}
{'loss': 3.4158, 'grad_norm': 0.34633657336235046, 'learning_rate': 0.0009833351785645, 'epoch': 0.11}
{'loss': 3.2899, 'grad_norm': 0.3409280776977539, 'learning_rate': 0.0009832840719192736, 'epoch': 0.11}
{'loss': 3.2112, 'grad_norm': 0.3839055001735687, 'learning_rate': 0.0009832328883608089, 'epoch': 0.11}
{'loss': 3.1593, 'grad_norm': 0.34458187222480774, 'learning_rate': 0.0009831816278972516, 'epoch': 0.11}
{'loss': 3.1234, 'grad_norm': 0.372840940952301, 'learning_rate': 0.0009831302905367596, 'epoch': 0.11}
{'loss': 3.1086, 'grad_norm': 0.3352043330669403, 'learning_rate': 0.0009830788762875034, 'epoch': 0.11}
{'loss': 3.1274, 'grad_norm': 0.3279511034488678, 'learning_rate': 0.0009830273851576651, 'epoch': 0.11}
{'loss': 3.0707, 'grad_norm': 0.3415643274784088, 'learning_rate': 0.0009829758171554395, 'epoch': 0.11}
{'loss': 2.9218, 'grad_norm': 0.30913132429122925, 'learning_rate': 0.0009829241722890336, 'epoch': 0.11}
{'loss': 3.1988, 'grad_norm': 0.3429017961025238, 'learning_rate': 0.0009828724505666663, 'epoch': 0.11}
{'loss': 3.2425, 'grad_norm': 0.3106924593448639, 'learning_rate': 0.0009828206519965695, 'epoch': 0.11}
{'loss': 3.1799, 'grad_norm': 0.308773398399353, 'learning_rate': 0.0009827687765869859, 'epoch': 0.11}
{'loss': 3.0309, 'grad_norm': 0.32842859625816345, 'learning_rate': 0.000982716824346172, 'epoch': 0.11}
{'loss': 3.2139, 'grad_norm': 0.29933422803878784, 'learning_rate': 0.0009826647952823958, 'epoch': 0.11}
{'loss': 3.2455, 'grad_norm': 0.33685025572776794, 'learning_rate': 0.000982612689403937, 'epoch': 0.11}
{'loss': 3.1058, 'grad_norm': 0.3525576889514923, 'learning_rate': 0.000982560506719089, 'epoch': 0.11}
{'loss': 3.2477, 'grad_norm': 0.3093556761741638, 'learning_rate': 0.0009825082472361558, 'epoch': 0.11}
{'loss': 3.1458, 'grad_norm': 0.34552809596061707, 'learning_rate': 0.0009824559109634545, 'epoch': 0.11}
{'loss': 3.0608, 'grad_norm': 0.34658464789390564, 'learning_rate': 0.0009824034979093144, 'epoch': 0.11}
{'loss': 3.0855, 'grad_norm': 0.31474655866622925, 'learning_rate': 0.000982351008082077, 'epoch': 0.11}
{'loss': 3.1933, 'grad_norm': 0.3437747657299042, 'learning_rate': 0.0009822984414900955, 'epoch': 0.11}
{'loss': 2.9656, 'grad_norm': 0.3154059648513794, 'learning_rate': 0.0009822457981417362, 'epoch': 0.11}
{'loss': 3.2087, 'grad_norm': 0.3247516453266144, 'learning_rate': 0.0009821930780453767, 'epoch': 0.11}
{'loss': 3.1342, 'grad_norm': 0.3476904630661011, 'learning_rate': 0.0009821402812094074, 'epoch': 0.11}
{'loss': 3.1176, 'grad_norm': 0.34573599696159363, 'learning_rate': 0.0009820874076422307, 'epoch': 0.11}
{'loss': 3.1195, 'grad_norm': 0.3148490786552429, 'learning_rate': 0.0009820344573522616, 'epoch': 0.11}
{'loss': 3.2487, 'grad_norm': 0.33155912160873413, 'learning_rate': 0.0009819814303479266, 'epoch': 0.11}
{'loss': 3.0878, 'grad_norm': 0.320453405380249, 'learning_rate': 0.000981928326637665, 'epoch': 0.11}
{'loss': 3.0872, 'grad_norm': 0.3380487561225891, 'learning_rate': 0.000981875146229928, 'epoch': 0.11}
{'loss': 3.145, 'grad_norm': 0.3231501281261444, 'learning_rate': 0.0009818218891331793, 'epoch': 0.11}
{'loss': 3.1704, 'grad_norm': 0.3075253963470459, 'learning_rate': 0.0009817685553558944, 'epoch': 0.11}
{'loss': 3.0924, 'grad_norm': 0.33183351159095764, 'learning_rate': 0.0009817151449065611, 'epoch': 0.11}
{'loss': 3.2323, 'grad_norm': 0.3381655216217041, 'learning_rate': 0.0009816616577936798, 'epoch': 0.11}
{'loss': 3.0911, 'grad_norm': 0.30401793122291565, 'learning_rate': 0.0009816080940257626, 'epoch': 0.11}
{'loss': 3.1433, 'grad_norm': 0.2991235852241516, 'learning_rate': 0.0009815544536113342, 'epoch': 0.11}
{'loss': 3.1006, 'grad_norm': 0.3105162978172302, 'learning_rate': 0.0009815007365589312, 'epoch': 0.11}
{'loss': 3.1959, 'grad_norm': 0.29540032148361206, 'learning_rate': 0.0009814469428771028, 'epoch': 0.11}
{'loss': 2.959, 'grad_norm': 0.3156577944755554, 'learning_rate': 0.0009813930725744095, 'epoch': 0.11}
{'loss': 3.1227, 'grad_norm': 0.34698545932769775, 'learning_rate': 0.000981339125659425, 'epoch': 0.11}
{'loss': 3.2439, 'grad_norm': 0.311319500207901, 'learning_rate': 0.0009812851021407348, 'epoch': 0.11}
{'loss': 3.0481, 'grad_norm': 0.34273263812065125, 'learning_rate': 0.0009812310020269365, 'epoch': 0.11}
{'loss': 3.0063, 'grad_norm': 0.3216441869735718, 'learning_rate': 0.00098117682532664, 'epoch': 0.12}
{'loss': 3.0903, 'grad_norm': 0.31746646761894226, 'learning_rate': 0.0009811225720484675, 'epoch': 0.12}
{'loss': 3.0957, 'grad_norm': 0.32620665431022644, 'learning_rate': 0.000981068242201053, 'epoch': 0.12}
{'loss': 3.2279, 'grad_norm': 0.3274083733558655, 'learning_rate': 0.0009810138357930428, 'epoch': 0.12}
{'loss': 3.0599, 'grad_norm': 0.2992471754550934, 'learning_rate': 0.0009809593528330963, 'epoch': 0.12}
{'loss': 3.1622, 'grad_norm': 0.3055835962295532, 'learning_rate': 0.0009809047933298834, 'epoch': 0.12}
{'loss': 3.1352, 'grad_norm': 0.3074057698249817, 'learning_rate': 0.0009808501572920875, 'epoch': 0.12}
{'loss': 3.2955, 'grad_norm': 0.2863021194934845, 'learning_rate': 0.0009807954447284039, 'epoch': 0.12}
{'loss': 3.137, 'grad_norm': 0.2823159694671631, 'learning_rate': 0.0009807406556475394, 'epoch': 0.12}
{'loss': 3.1103, 'grad_norm': 0.29577669501304626, 'learning_rate': 0.000980685790058214, 'epoch': 0.12}
{'loss': 3.0833, 'grad_norm': 0.3069201707839966, 'learning_rate': 0.0009806308479691594, 'epoch': 0.12}
{'loss': 3.1178, 'grad_norm': 0.30631008744239807, 'learning_rate': 0.0009805758293891195, 'epoch': 0.12}
{'loss': 3.07, 'grad_norm': 0.330516517162323, 'learning_rate': 0.00098052073432685, 'epoch': 0.12}
{'loss': 3.0437, 'grad_norm': 0.39706951379776, 'learning_rate': 0.0009804655627911193, 'epoch': 0.12}
{'loss': 3.1927, 'grad_norm': 0.33414649963378906, 'learning_rate': 0.0009804103147907077, 'epoch': 0.12}
{'loss': 3.3588, 'grad_norm': 0.35792309045791626, 'learning_rate': 0.000980354990334408, 'epoch': 0.12}
{'loss': 3.1506, 'grad_norm': 0.30630776286125183, 'learning_rate': 0.0009802995894310246, 'epoch': 0.12}
{'loss': 3.1062, 'grad_norm': 0.3108353018760681, 'learning_rate': 0.000980244112089375, 'epoch': 0.12}
{'loss': 3.1426, 'grad_norm': 0.32700178027153015, 'learning_rate': 0.0009801885583182875, 'epoch': 0.12}
{'loss': 3.2002, 'grad_norm': 0.34633317589759827, 'learning_rate': 0.0009801329281266037, 'epoch': 0.12}
{'loss': 3.0357, 'grad_norm': 0.3058697581291199, 'learning_rate': 0.000980077221523177, 'epoch': 0.12}
{'loss': 3.1641, 'grad_norm': 0.2973189651966095, 'learning_rate': 0.0009800214385168727, 'epoch': 0.12}
{'loss': 3.1874, 'grad_norm': 0.2996281087398529, 'learning_rate': 0.000979965579116569, 'epoch': 0.12}
{'loss': 3.1646, 'grad_norm': 0.3469548523426056, 'learning_rate': 0.000979909643331155, 'epoch': 0.12}
{'loss': 3.2592, 'grad_norm': 0.30624720454216003, 'learning_rate': 0.0009798536311695335, 'epoch': 0.12}
{'loss': 3.1973, 'grad_norm': 0.32748478651046753, 'learning_rate': 0.0009797975426406181, 'epoch': 0.12}
{'loss': 3.1617, 'grad_norm': 0.30498990416526794, 'learning_rate': 0.0009797413777533355, 'epoch': 0.12}
{'loss': 3.086, 'grad_norm': 0.3176876902580261, 'learning_rate': 0.0009796851365166236, 'epoch': 0.12}
{'loss': 3.1669, 'grad_norm': 0.29472100734710693, 'learning_rate': 0.000979628818939434, 'epoch': 0.12}
{'loss': 3.1513, 'grad_norm': 0.3501967787742615, 'learning_rate': 0.0009795724250307287, 'epoch': 0.12}
{'loss': 3.0825, 'grad_norm': 0.32516705989837646, 'learning_rate': 0.0009795159547994828, 'epoch': 0.12}
{'loss': 3.1169, 'grad_norm': 0.36416563391685486, 'learning_rate': 0.0009794594082546835, 'epoch': 0.12}
{'loss': 3.0263, 'grad_norm': 0.34181874990463257, 'learning_rate': 0.0009794027854053298, 'epoch': 0.12}
{'loss': 3.1348, 'grad_norm': 0.28329721093177795, 'learning_rate': 0.0009793460862604333, 'epoch': 0.12}
{'loss': 3.2385, 'grad_norm': 0.32695797085762024, 'learning_rate': 0.0009792893108290174, 'epoch': 0.12}
{'loss': 3.1004, 'grad_norm': 0.30734091997146606, 'learning_rate': 0.0009792324591201178, 'epoch': 0.12}
{'loss': 3.0615, 'grad_norm': 0.2793163061141968, 'learning_rate': 0.0009791755311427822, 'epoch': 0.12}
{'loss': 3.1461, 'grad_norm': 0.3225036561489105, 'learning_rate': 0.0009791185269060706, 'epoch': 0.12}
{'loss': 3.0767, 'grad_norm': 0.33549806475639343, 'learning_rate': 0.0009790614464190548, 'epoch': 0.12}
{'loss': 3.2955, 'grad_norm': 0.3265674412250519, 'learning_rate': 0.0009790042896908194, 'epoch': 0.12}
{'loss': 3.1584, 'grad_norm': 0.31142017245292664, 'learning_rate': 0.0009789470567304604, 'epoch': 0.12}
{'loss': 3.2054, 'grad_norm': 0.36356955766677856, 'learning_rate': 0.0009788897475470864, 'epoch': 0.12}
{'loss': 3.0873, 'grad_norm': 0.33689823746681213, 'learning_rate': 0.000978832362149818, 'epoch': 0.12}
{'loss': 3.1142, 'grad_norm': 0.3105662167072296, 'learning_rate': 0.0009787749005477878, 'epoch': 0.12}
{'loss': 3.1994, 'grad_norm': 0.3372141122817993, 'learning_rate': 0.0009787173627501407, 'epoch': 0.12}
{'loss': 3.0288, 'grad_norm': 0.3506934940814972, 'learning_rate': 0.0009786597487660335, 'epoch': 0.12}
{'loss': 3.2156, 'grad_norm': 0.31406041979789734, 'learning_rate': 0.0009786020586046358, 'epoch': 0.12}
{'loss': 3.1697, 'grad_norm': 0.34353792667388916, 'learning_rate': 0.0009785442922751286, 'epoch': 0.12}
{'loss': 3.0515, 'grad_norm': 0.3341008424758911, 'learning_rate': 0.000978486449786705, 'epoch': 0.12}
{'loss': 3.1303, 'grad_norm': 0.35781726241111755, 'learning_rate': 0.0009784285311485706, 'epoch': 0.12}
{'loss': 3.0862, 'grad_norm': 0.3189027011394501, 'learning_rate': 0.000978370536369943, 'epoch': 0.12}
{'loss': 3.0482, 'grad_norm': 0.36183223128318787, 'learning_rate': 0.0009783124654600516, 'epoch': 0.12}
{'loss': 3.2476, 'grad_norm': 0.3273177146911621, 'learning_rate': 0.000978254318428139, 'epoch': 0.12}
{'loss': 3.1569, 'grad_norm': 0.2942235469818115, 'learning_rate': 0.0009781960952834584, 'epoch': 0.12}
{'loss': 3.085, 'grad_norm': 0.348453551530838, 'learning_rate': 0.0009781377960352761, 'epoch': 0.12}
{'loss': 3.118, 'grad_norm': 0.37489089369773865, 'learning_rate': 0.0009780794206928703, 'epoch': 0.12}
{'loss': 3.1278, 'grad_norm': 0.3137224018573761, 'learning_rate': 0.0009780209692655311, 'epoch': 0.12}
{'loss': 2.9995, 'grad_norm': 0.3091817796230316, 'learning_rate': 0.000977962441762561, 'epoch': 0.12}
{'loss': 3.0603, 'grad_norm': 0.3381749987602234, 'learning_rate': 0.0009779038381932744, 'epoch': 0.12}
{'loss': 3.1662, 'grad_norm': 0.328048437833786, 'learning_rate': 0.000977845158566998, 'epoch': 0.12}
{'loss': 3.1116, 'grad_norm': 0.3014393448829651, 'learning_rate': 0.0009777864028930705, 'epoch': 0.12}
{'loss': 3.315, 'grad_norm': 0.3411148488521576, 'learning_rate': 0.0009777275711808425, 'epoch': 0.12}
{'loss': 3.0473, 'grad_norm': 0.31696873903274536, 'learning_rate': 0.000977668663439677, 'epoch': 0.12}
{'loss': 3.2491, 'grad_norm': 0.3073555827140808, 'learning_rate': 0.000977609679678949, 'epoch': 0.12}
{'loss': 3.2027, 'grad_norm': 0.33942270278930664, 'learning_rate': 0.0009775506199080457, 'epoch': 0.12}
{'loss': 3.2601, 'grad_norm': 0.3400459885597229, 'learning_rate': 0.000977491484136366, 'epoch': 0.12}
{'loss': 3.0312, 'grad_norm': 0.3204544186592102, 'learning_rate': 0.0009774322723733215, 'epoch': 0.12}
{'loss': 3.0841, 'grad_norm': 0.32920515537261963, 'learning_rate': 0.0009773729846283355, 'epoch': 0.12}
{'loss': 3.1418, 'grad_norm': 0.3388311266899109, 'learning_rate': 0.0009773136209108434, 'epoch': 0.12}
{'loss': 3.1496, 'grad_norm': 0.301634281873703, 'learning_rate': 0.0009772541812302926, 'epoch': 0.12}
{'loss': 3.2413, 'grad_norm': 0.3280395269393921, 'learning_rate': 0.0009771946655961431, 'epoch': 0.12}
{'loss': 3.079, 'grad_norm': 0.3231115937232971, 'learning_rate': 0.0009771350740178663, 'epoch': 0.12}
{'loss': 3.1117, 'grad_norm': 0.33787479996681213, 'learning_rate': 0.0009770754065049462, 'epoch': 0.12}
{'loss': 3.2586, 'grad_norm': 0.32436296343803406, 'learning_rate': 0.0009770156630668789, 'epoch': 0.12}
{'loss': 3.125, 'grad_norm': 0.31674373149871826, 'learning_rate': 0.0009769558437131723, 'epoch': 0.12}
{'loss': 3.0567, 'grad_norm': 0.3157642185688019, 'learning_rate': 0.000976895948453346, 'epoch': 0.12}
{'loss': 3.2035, 'grad_norm': 0.3934660851955414, 'learning_rate': 0.0009768359772969327, 'epoch': 0.12}
{'loss': 3.1879, 'grad_norm': 0.336098313331604, 'learning_rate': 0.0009767759302534765, 'epoch': 0.12}
{'loss': 3.1966, 'grad_norm': 0.3642147183418274, 'learning_rate': 0.0009767158073325337, 'epoch': 0.12}
{'loss': 3.1759, 'grad_norm': 0.2985851466655731, 'learning_rate': 0.0009766556085436724, 'epoch': 0.12}
{'loss': 3.1845, 'grad_norm': 0.3078030049800873, 'learning_rate': 0.0009765953338964734, 'epoch': 0.12}
{'loss': 3.0647, 'grad_norm': 0.2880972623825073, 'learning_rate': 0.0009765349834005292, 'epoch': 0.13}
{'loss': 3.0613, 'grad_norm': 0.340192049741745, 'learning_rate': 0.0009764745570654445, 'epoch': 0.13}
{'loss': 3.1911, 'grad_norm': 0.306907057762146, 'learning_rate': 0.0009764140549008357, 'epoch': 0.13}
{'loss': 3.1247, 'grad_norm': 0.30603769421577454, 'learning_rate': 0.0009763534769163316, 'epoch': 0.13}
{'loss': 3.0919, 'grad_norm': 0.314881831407547, 'learning_rate': 0.0009762928231215731, 'epoch': 0.13}
{'loss': 3.2072, 'grad_norm': 0.32097354531288147, 'learning_rate': 0.000976232093526213, 'epoch': 0.13}
{'loss': 3.1312, 'grad_norm': 0.31011590361595154, 'learning_rate': 0.0009761712881399164, 'epoch': 0.13}
{'loss': 3.0285, 'grad_norm': 0.30692359805107117, 'learning_rate': 0.0009761104069723601, 'epoch': 0.13}
{'loss': 3.0226, 'grad_norm': 0.31422579288482666, 'learning_rate': 0.0009760494500332333, 'epoch': 0.13}
{'loss': 3.1586, 'grad_norm': 0.3167282044887543, 'learning_rate': 0.0009759884173322369, 'epoch': 0.13}
{'loss': 3.0326, 'grad_norm': 0.3154813051223755, 'learning_rate': 0.0009759273088790843, 'epoch': 0.13}
{'loss': 3.0405, 'grad_norm': 0.3155030310153961, 'learning_rate': 0.0009758661246835008, 'epoch': 0.13}
{'loss': 3.1242, 'grad_norm': 0.2986311912536621, 'learning_rate': 0.0009758048647552233, 'epoch': 0.13}
{'loss': 3.0653, 'grad_norm': 0.3326435387134552, 'learning_rate': 0.0009757435291040016, 'epoch': 0.13}
{'loss': 3.2412, 'grad_norm': 0.33313679695129395, 'learning_rate': 0.0009756821177395968, 'epoch': 0.13}
{'loss': 2.9952, 'grad_norm': 0.34651684761047363, 'learning_rate': 0.0009756206306717823, 'epoch': 0.13}
{'loss': 2.943, 'grad_norm': 0.36835092306137085, 'learning_rate': 0.0009755590679103439, 'epoch': 0.13}
{'loss': 3.0961, 'grad_norm': 0.32686394453048706, 'learning_rate': 0.0009754974294650787, 'epoch': 0.13}
{'loss': 3.0539, 'grad_norm': 0.334898978471756, 'learning_rate': 0.0009754357153457967, 'epoch': 0.13}
{'loss': 3.1116, 'grad_norm': 0.34931668639183044, 'learning_rate': 0.0009753739255623191, 'epoch': 0.13}
{'loss': 3.0097, 'grad_norm': 0.34860801696777344, 'learning_rate': 0.00097531206012448, 'epoch': 0.13}
{'loss': 3.1092, 'grad_norm': 0.3147188127040863, 'learning_rate': 0.0009752501190421248, 'epoch': 0.13}
{'loss': 3.1192, 'grad_norm': 0.3319247364997864, 'learning_rate': 0.0009751881023251114, 'epoch': 0.13}
{'loss': 3.1077, 'grad_norm': 0.33915531635284424, 'learning_rate': 0.0009751260099833095, 'epoch': 0.13}
{'loss': 3.2435, 'grad_norm': 0.3200416564941406, 'learning_rate': 0.0009750638420266008, 'epoch': 0.13}
{'loss': 3.0285, 'grad_norm': 0.29568660259246826, 'learning_rate': 0.0009750015984648793, 'epoch': 0.13}
{'loss': 3.2836, 'grad_norm': 0.3562930226325989, 'learning_rate': 0.0009749392793080509, 'epoch': 0.13}
{'loss': 3.2221, 'grad_norm': 0.30340099334716797, 'learning_rate': 0.0009748768845660334, 'epoch': 0.13}
{'loss': 3.048, 'grad_norm': 0.3074651062488556, 'learning_rate': 0.000974814414248757, 'epoch': 0.13}
{'loss': 3.001, 'grad_norm': 0.3379124701023102, 'learning_rate': 0.0009747518683661631, 'epoch': 0.13}
{'loss': 3.0992, 'grad_norm': 0.32726138830184937, 'learning_rate': 0.0009746892469282063, 'epoch': 0.13}
{'loss': 3.2821, 'grad_norm': 0.32396823167800903, 'learning_rate': 0.0009746265499448524, 'epoch': 0.13}
{'loss': 3.2039, 'grad_norm': 0.32175081968307495, 'learning_rate': 0.0009745637774260794, 'epoch': 0.13}
{'loss': 3.0813, 'grad_norm': 0.32999080419540405, 'learning_rate': 0.0009745009293818773, 'epoch': 0.13}
{'loss': 3.1094, 'grad_norm': 0.3116309642791748, 'learning_rate': 0.0009744380058222483, 'epoch': 0.13}
{'loss': 3.0947, 'grad_norm': 0.2986975312232971, 'learning_rate': 0.0009743750067572064, 'epoch': 0.13}
{'loss': 3.0769, 'grad_norm': 0.2873355746269226, 'learning_rate': 0.0009743119321967779, 'epoch': 0.13}
{'loss': 3.0541, 'grad_norm': 0.32625532150268555, 'learning_rate': 0.0009742487821510007, 'epoch': 0.13}
{'loss': 3.0675, 'grad_norm': 0.3210775852203369, 'learning_rate': 0.0009741855566299251, 'epoch': 0.13}
{'loss': 3.1129, 'grad_norm': 0.32580479979515076, 'learning_rate': 0.0009741222556436132, 'epoch': 0.13}
{'loss': 3.2119, 'grad_norm': 0.328504353761673, 'learning_rate': 0.0009740588792021392, 'epoch': 0.13}
{'loss': 3.0622, 'grad_norm': 0.34902459383010864, 'learning_rate': 0.0009739954273155891, 'epoch': 0.13}
{'loss': 3.0593, 'grad_norm': 0.3261614143848419, 'learning_rate': 0.0009739318999940614, 'epoch': 0.13}
{'loss': 3.1258, 'grad_norm': 0.32588353753089905, 'learning_rate': 0.0009738682972476661, 'epoch': 0.13}
{'loss': 3.1435, 'grad_norm': 0.3436984419822693, 'learning_rate': 0.0009738046190865253, 'epoch': 0.13}
{'loss': 3.1447, 'grad_norm': 0.30891188979148865, 'learning_rate': 0.0009737408655207734, 'epoch': 0.13}
{'loss': 3.1275, 'grad_norm': 0.3427344560623169, 'learning_rate': 0.0009736770365605564, 'epoch': 0.13}
{'loss': 3.1476, 'grad_norm': 0.33346235752105713, 'learning_rate': 0.0009736131322160326, 'epoch': 0.13}
{'loss': 3.2815, 'grad_norm': 0.31205323338508606, 'learning_rate': 0.0009735491524973722, 'epoch': 0.13}
{'loss': 3.0997, 'grad_norm': 0.33052998781204224, 'learning_rate': 0.0009734850974147573, 'epoch': 0.13}
{'loss': 3.1541, 'grad_norm': 0.3326243758201599, 'learning_rate': 0.0009734209669783823, 'epoch': 0.13}
{'loss': 3.1259, 'grad_norm': 0.343212366104126, 'learning_rate': 0.0009733567611984529, 'epoch': 0.13}
{'loss': 3.1762, 'grad_norm': 0.3240271508693695, 'learning_rate': 0.0009732924800851877, 'epoch': 0.13}
{'loss': 3.0686, 'grad_norm': 0.34309840202331543, 'learning_rate': 0.0009732281236488167, 'epoch': 0.13}
{'loss': 3.2422, 'grad_norm': 0.3357224464416504, 'learning_rate': 0.0009731636918995821, 'epoch': 0.13}
{'loss': 3.0243, 'grad_norm': 0.32906174659729004, 'learning_rate': 0.000973099184847738, 'epoch': 0.13}
{'loss': 3.2438, 'grad_norm': 0.31105226278305054, 'learning_rate': 0.0009730346025035503, 'epoch': 0.13}
{'loss': 3.0117, 'grad_norm': 0.2979365885257721, 'learning_rate': 0.0009729699448772975, 'epoch': 0.13}
{'loss': 3.027, 'grad_norm': 0.31757649779319763, 'learning_rate': 0.0009729052119792694, 'epoch': 0.13}
{'loss': 3.0783, 'grad_norm': 0.32166406512260437, 'learning_rate': 0.000972840403819768, 'epoch': 0.13}
{'loss': 3.0604, 'grad_norm': 0.30810701847076416, 'learning_rate': 0.0009727755204091074, 'epoch': 0.13}
{'loss': 3.1697, 'grad_norm': 0.34972119331359863, 'learning_rate': 0.0009727105617576136, 'epoch': 0.13}
{'loss': 3.2594, 'grad_norm': 0.3192339837551117, 'learning_rate': 0.0009726455278756248, 'epoch': 0.13}
{'loss': 3.0828, 'grad_norm': 0.3284795582294464, 'learning_rate': 0.0009725804187734906, 'epoch': 0.13}
{'loss': 2.9836, 'grad_norm': 0.332274854183197, 'learning_rate': 0.000972515234461573, 'epoch': 0.13}
{'loss': 3.0368, 'grad_norm': 0.33952802419662476, 'learning_rate': 0.000972449974950246, 'epoch': 0.13}
{'loss': 3.2203, 'grad_norm': 0.35981595516204834, 'learning_rate': 0.0009723846402498955, 'epoch': 0.13}
{'loss': 3.0316, 'grad_norm': 0.32895588874816895, 'learning_rate': 0.0009723192303709192, 'epoch': 0.13}
{'loss': 3.1656, 'grad_norm': 0.33662256598472595, 'learning_rate': 0.000972253745323727, 'epoch': 0.13}
{'loss': 3.0608, 'grad_norm': 0.31603315472602844, 'learning_rate': 0.0009721881851187406, 'epoch': 0.13}
{'loss': 3.2785, 'grad_norm': 0.3140435814857483, 'learning_rate': 0.0009721225497663937, 'epoch': 0.13}
{'loss': 3.1461, 'grad_norm': 0.32483571767807007, 'learning_rate': 0.0009720568392771318, 'epoch': 0.13}
{'loss': 3.0335, 'grad_norm': 0.28560030460357666, 'learning_rate': 0.0009719910536614129, 'epoch': 0.13}
{'loss': 3.1703, 'grad_norm': 0.36030399799346924, 'learning_rate': 0.0009719251929297064, 'epoch': 0.13}
{'loss': 3.1399, 'grad_norm': 0.3062954545021057, 'learning_rate': 0.0009718592570924938, 'epoch': 0.13}
{'loss': 3.1555, 'grad_norm': 0.2828795611858368, 'learning_rate': 0.0009717932461602686, 'epoch': 0.13}
{'loss': 3.1102, 'grad_norm': 0.34618303179740906, 'learning_rate': 0.0009717271601435363, 'epoch': 0.13}
{'loss': 3.136, 'grad_norm': 0.32185956835746765, 'learning_rate': 0.0009716609990528143, 'epoch': 0.13}
{'loss': 3.1065, 'grad_norm': 0.3222266137599945, 'learning_rate': 0.0009715947628986317, 'epoch': 0.13}
{'loss': 3.2568, 'grad_norm': 0.3193935453891754, 'learning_rate': 0.0009715284516915302, 'epoch': 0.13}
{'loss': 3.0632, 'grad_norm': 0.31451913714408875, 'learning_rate': 0.000971462065442063, 'epoch': 0.13}
{'loss': 3.0556, 'grad_norm': 0.3341018855571747, 'learning_rate': 0.0009713956041607947, 'epoch': 0.13}
{'loss': 3.1938, 'grad_norm': 0.3038231134414673, 'learning_rate': 0.0009713290678583032, 'epoch': 0.14}
{'loss': 3.05, 'grad_norm': 0.3107355833053589, 'learning_rate': 0.0009712624565451771, 'epoch': 0.14}
{'loss': 3.105, 'grad_norm': 0.3190123438835144, 'learning_rate': 0.0009711957702320175, 'epoch': 0.14}
{'loss': 3.096, 'grad_norm': 0.2895834147930145, 'learning_rate': 0.0009711290089294371, 'epoch': 0.14}
{'loss': 3.2127, 'grad_norm': 0.2956116199493408, 'learning_rate': 0.0009710621726480613, 'epoch': 0.14}
{'loss': 3.0996, 'grad_norm': 0.2948575019836426, 'learning_rate': 0.0009709952613985263, 'epoch': 0.14}
{'loss': 3.0727, 'grad_norm': 0.2895341217517853, 'learning_rate': 0.0009709282751914812, 'epoch': 0.14}
{'loss': 3.0763, 'grad_norm': 0.3252522647380829, 'learning_rate': 0.0009708612140375866, 'epoch': 0.14}
{'loss': 3.051, 'grad_norm': 0.27751415967941284, 'learning_rate': 0.0009707940779475151, 'epoch': 0.14}
{'loss': 3.2129, 'grad_norm': 0.33299019932746887, 'learning_rate': 0.0009707268669319511, 'epoch': 0.14}
{'loss': 3.1613, 'grad_norm': 0.3220688998699188, 'learning_rate': 0.0009706595810015911, 'epoch': 0.14}
{'loss': 3.1397, 'grad_norm': 0.309092253446579, 'learning_rate': 0.0009705922201671435, 'epoch': 0.14}
{'loss': 3.1761, 'grad_norm': 0.32451435923576355, 'learning_rate': 0.0009705247844393284, 'epoch': 0.14}
{'loss': 3.0827, 'grad_norm': 0.32857969403266907, 'learning_rate': 0.0009704572738288782, 'epoch': 0.14}
{'loss': 2.9755, 'grad_norm': 0.320329874753952, 'learning_rate': 0.0009703896883465371, 'epoch': 0.14}
{'loss': 3.1396, 'grad_norm': 0.3065948188304901, 'learning_rate': 0.0009703220280030607, 'epoch': 0.14}
{'loss': 3.1641, 'grad_norm': 0.31336840987205505, 'learning_rate': 0.0009702542928092174, 'epoch': 0.14}
{'loss': 3.1257, 'grad_norm': 0.3144194781780243, 'learning_rate': 0.0009701864827757868, 'epoch': 0.14}
{'loss': 2.9776, 'grad_norm': 0.3173243999481201, 'learning_rate': 0.0009701185979135607, 'epoch': 0.14}
{'loss': 3.1312, 'grad_norm': 0.29309889674186707, 'learning_rate': 0.000970050638233343, 'epoch': 0.14}
{'loss': 3.0846, 'grad_norm': 0.32782286405563354, 'learning_rate': 0.0009699826037459489, 'epoch': 0.14}
{'loss': 3.0473, 'grad_norm': 0.30359145998954773, 'learning_rate': 0.0009699144944622062, 'epoch': 0.14}
{'loss': 3.0986, 'grad_norm': 0.33004316687583923, 'learning_rate': 0.0009698463103929542, 'epoch': 0.14}
{'loss': 3.23, 'grad_norm': 0.3232433497905731, 'learning_rate': 0.0009697780515490442, 'epoch': 0.14}
{'loss': 3.207, 'grad_norm': 0.3380843997001648, 'learning_rate': 0.0009697097179413392, 'epoch': 0.14}
{'loss': 3.1646, 'grad_norm': 0.284196674823761, 'learning_rate': 0.0009696413095807146, 'epoch': 0.14}
{'loss': 3.0226, 'grad_norm': 0.3165499269962311, 'learning_rate': 0.0009695728264780574, 'epoch': 0.14}
{'loss': 2.9759, 'grad_norm': 0.3072410225868225, 'learning_rate': 0.0009695042686442661, 'epoch': 0.14}
{'loss': 2.9966, 'grad_norm': 0.29018551111221313, 'learning_rate': 0.0009694356360902519, 'epoch': 0.14}
{'loss': 3.1433, 'grad_norm': 0.31675225496292114, 'learning_rate': 0.0009693669288269371, 'epoch': 0.14}
{'loss': 3.0604, 'grad_norm': 0.3415167033672333, 'learning_rate': 0.0009692981468652564, 'epoch': 0.14}
{'loss': 3.174, 'grad_norm': 0.31160902976989746, 'learning_rate': 0.0009692292902161566, 'epoch': 0.14}
{'loss': 3.1191, 'grad_norm': 0.31476348638534546, 'learning_rate': 0.0009691603588905955, 'epoch': 0.14}
{'loss': 3.0514, 'grad_norm': 0.2970529794692993, 'learning_rate': 0.0009690913528995435, 'epoch': 0.14}
{'loss': 3.1151, 'grad_norm': 0.30496281385421753, 'learning_rate': 0.0009690222722539829, 'epoch': 0.14}
{'loss': 3.0814, 'grad_norm': 0.34348148107528687, 'learning_rate': 0.0009689531169649074, 'epoch': 0.14}
{'loss': 3.0943, 'grad_norm': 0.3420093357563019, 'learning_rate': 0.0009688838870433229, 'epoch': 0.14}
{'loss': 3.2357, 'grad_norm': 0.32162338495254517, 'learning_rate': 0.0009688145825002475, 'epoch': 0.14}
{'loss': 3.2028, 'grad_norm': 0.30876412987709045, 'learning_rate': 0.0009687452033467104, 'epoch': 0.14}
{'loss': 3.169, 'grad_norm': 0.35583531856536865, 'learning_rate': 0.0009686757495937533, 'epoch': 0.14}
{'loss': 3.1463, 'grad_norm': 0.30542004108428955, 'learning_rate': 0.0009686062212524294, 'epoch': 0.14}
{'loss': 3.0189, 'grad_norm': 0.3376537561416626, 'learning_rate': 0.000968536618333804, 'epoch': 0.14}
{'loss': 3.1924, 'grad_norm': 0.33812767267227173, 'learning_rate': 0.0009684669408489542, 'epoch': 0.14}
{'loss': 3.1508, 'grad_norm': 0.8155410289764404, 'learning_rate': 0.0009683971888089689, 'epoch': 0.14}
{'loss': 3.1546, 'grad_norm': 0.3201830983161926, 'learning_rate': 0.0009683273622249491, 'epoch': 0.14}
{'loss': 3.1414, 'grad_norm': 0.3242247700691223, 'learning_rate': 0.0009682574611080075, 'epoch': 0.14}
{'loss': 3.0287, 'grad_norm': 0.30785754323005676, 'learning_rate': 0.0009681874854692685, 'epoch': 0.14}
{'loss': 2.9985, 'grad_norm': 0.30897828936576843, 'learning_rate': 0.0009681174353198686, 'epoch': 0.14}
{'loss': 3.0768, 'grad_norm': 0.3282848298549652, 'learning_rate': 0.0009680473106709561, 'epoch': 0.14}
{'loss': 3.1286, 'grad_norm': 0.3176348805427551, 'learning_rate': 0.0009679771115336911, 'epoch': 0.14}
{'loss': 3.1742, 'grad_norm': 0.3174613416194916, 'learning_rate': 0.0009679068379192455, 'epoch': 0.14}
{'loss': 3.0704, 'grad_norm': 0.3541795313358307, 'learning_rate': 0.0009678364898388032, 'epoch': 0.14}
{'loss': 3.1393, 'grad_norm': 0.3187510371208191, 'learning_rate': 0.00096776606730356, 'epoch': 0.14}
{'loss': 3.0964, 'grad_norm': 0.3493579924106598, 'learning_rate': 0.0009676955703247232, 'epoch': 0.14}
{'loss': 3.1233, 'grad_norm': 0.3456493616104126, 'learning_rate': 0.0009676249989135124, 'epoch': 0.14}
{'loss': 3.1789, 'grad_norm': 0.31012943387031555, 'learning_rate': 0.0009675543530811588, 'epoch': 0.14}
{'loss': 3.0761, 'grad_norm': 0.3272949457168579, 'learning_rate': 0.0009674836328389054, 'epoch': 0.14}
{'loss': 3.2162, 'grad_norm': 0.34203359484672546, 'learning_rate': 0.0009674128381980072, 'epoch': 0.14}
{'loss': 3.1334, 'grad_norm': 0.3362554609775543, 'learning_rate': 0.0009673419691697309, 'epoch': 0.14}
{'loss': 3.0703, 'grad_norm': 0.31381621956825256, 'learning_rate': 0.0009672710257653551, 'epoch': 0.14}
{'loss': 3.0934, 'grad_norm': 0.31971797347068787, 'learning_rate': 0.0009672000079961703, 'epoch': 0.14}
{'loss': 3.1881, 'grad_norm': 0.30484679341316223, 'learning_rate': 0.0009671289158734788, 'epoch': 0.14}
{'loss': 3.1095, 'grad_norm': 0.31534767150878906, 'learning_rate': 0.0009670577494085944, 'epoch': 0.14}
{'loss': 3.1311, 'grad_norm': 0.3152843415737152, 'learning_rate': 0.0009669865086128434, 'epoch': 0.14}
{'loss': 3.1448, 'grad_norm': 0.3067452311515808, 'learning_rate': 0.0009669151934975634, 'epoch': 0.14}
{'loss': 3.1108, 'grad_norm': 0.3051816523075104, 'learning_rate': 0.000966843804074104, 'epoch': 0.14}
{'loss': 3.1068, 'grad_norm': 0.32561856508255005, 'learning_rate': 0.0009667723403538267, 'epoch': 0.14}
{'loss': 3.0455, 'grad_norm': 0.30304232239723206, 'learning_rate': 0.0009667008023481045, 'epoch': 0.14}
{'loss': 3.1938, 'grad_norm': 0.3375575542449951, 'learning_rate': 0.0009666291900683227, 'epoch': 0.14}
{'loss': 3.1174, 'grad_norm': 0.3197794556617737, 'learning_rate': 0.0009665575035258783, 'epoch': 0.14}
{'loss': 3.0433, 'grad_norm': 0.3291352391242981, 'learning_rate': 0.0009664857427321796, 'epoch': 0.14}
{'loss': 3.0349, 'grad_norm': 0.31800711154937744, 'learning_rate': 0.0009664139076986473, 'epoch': 0.14}
{'loss': 3.0295, 'grad_norm': 0.28423044085502625, 'learning_rate': 0.0009663419984367138, 'epoch': 0.14}
{'loss': 3.0209, 'grad_norm': 0.3364531397819519, 'learning_rate': 0.0009662700149578233, 'epoch': 0.14}
{'loss': 3.2305, 'grad_norm': 0.337089866399765, 'learning_rate': 0.0009661979572734317, 'epoch': 0.14}
{'loss': 3.2011, 'grad_norm': 0.3113560676574707, 'learning_rate': 0.0009661258253950068, 'epoch': 0.14}
{'loss': 3.0296, 'grad_norm': 0.30168160796165466, 'learning_rate': 0.0009660536193340279, 'epoch': 0.14}
{'loss': 3.122, 'grad_norm': 0.32661381363868713, 'learning_rate': 0.0009659813391019867, 'epoch': 0.14}
{'loss': 2.9306, 'grad_norm': 0.31034520268440247, 'learning_rate': 0.0009659089847103863, 'epoch': 0.14}
{'loss': 3.324, 'grad_norm': 0.338019460439682, 'learning_rate': 0.0009658365561707416, 'epoch': 0.14}
{'loss': 3.1372, 'grad_norm': 0.3118078410625458, 'learning_rate': 0.0009657640534945796, 'epoch': 0.14}
{'loss': 3.0596, 'grad_norm': 0.30499181151390076, 'learning_rate': 0.0009656914766934386, 'epoch': 0.15}
{'loss': 3.0007, 'grad_norm': 0.31848421692848206, 'learning_rate': 0.0009656188257788692, 'epoch': 0.15}
{'loss': 3.0893, 'grad_norm': 0.32257476449012756, 'learning_rate': 0.0009655461007624336, 'epoch': 0.15}
{'loss': 2.9627, 'grad_norm': 0.3085832893848419, 'learning_rate': 0.0009654733016557057, 'epoch': 0.15}
{'loss': 3.1821, 'grad_norm': 0.33549514412879944, 'learning_rate': 0.0009654004284702711, 'epoch': 0.15}
{'loss': 3.0508, 'grad_norm': 0.33645331859588623, 'learning_rate': 0.0009653274812177276, 'epoch': 0.15}
{'loss': 3.2287, 'grad_norm': 0.31892603635787964, 'learning_rate': 0.0009652544599096844, 'epoch': 0.15}
{'loss': 3.2036, 'grad_norm': 0.34135863184928894, 'learning_rate': 0.0009651813645577627, 'epoch': 0.15}
{'loss': 3.0896, 'grad_norm': 0.31734582781791687, 'learning_rate': 0.0009651081951735955, 'epoch': 0.15}
{'loss': 3.1299, 'grad_norm': 0.2943251132965088, 'learning_rate': 0.0009650349517688273, 'epoch': 0.15}
{'loss': 3.0631, 'grad_norm': 0.31221336126327515, 'learning_rate': 0.0009649616343551146, 'epoch': 0.15}
{'loss': 3.1234, 'grad_norm': 0.3108561038970947, 'learning_rate': 0.0009648882429441257, 'epoch': 0.15}
{'loss': 3.0237, 'grad_norm': 0.3337308466434479, 'learning_rate': 0.0009648147775475406, 'epoch': 0.15}
{'loss': 3.0602, 'grad_norm': 0.3092990815639496, 'learning_rate': 0.0009647412381770513, 'epoch': 0.15}
{'loss': 3.0916, 'grad_norm': 0.32551780343055725, 'learning_rate': 0.0009646676248443611, 'epoch': 0.15}
{'loss': 3.1382, 'grad_norm': 0.3094503581523895, 'learning_rate': 0.0009645939375611854, 'epoch': 0.15}
{'loss': 3.0276, 'grad_norm': 0.3122497498989105, 'learning_rate': 0.0009645201763392512, 'epoch': 0.15}
{'loss': 3.063, 'grad_norm': 0.3524494469165802, 'learning_rate': 0.0009644463411902979, 'epoch': 0.15}
{'loss': 3.0312, 'grad_norm': 0.34435123205184937, 'learning_rate': 0.0009643724321260756, 'epoch': 0.15}
{'loss': 3.0093, 'grad_norm': 0.3121275007724762, 'learning_rate': 0.0009642984491583468, 'epoch': 0.15}
{'loss': 3.1954, 'grad_norm': 0.3286348581314087, 'learning_rate': 0.000964224392298886, 'epoch': 0.15}
{'loss': 3.195, 'grad_norm': 0.32397258281707764, 'learning_rate': 0.0009641502615594788, 'epoch': 0.15}
{'loss': 3.1171, 'grad_norm': 0.31336620450019836, 'learning_rate': 0.000964076056951923, 'epoch': 0.15}
{'loss': 3.0817, 'grad_norm': 0.3698389530181885, 'learning_rate': 0.000964001778488028, 'epoch': 0.15}
{'loss': 3.2195, 'grad_norm': 0.32063546776771545, 'learning_rate': 0.0009639274261796152, 'epoch': 0.15}
{'loss': 3.2307, 'grad_norm': 0.3195948004722595, 'learning_rate': 0.000963853000038517, 'epoch': 0.15}
{'loss': 3.2218, 'grad_norm': 0.3249717950820923, 'learning_rate': 0.0009637785000765789, 'epoch': 0.15}
{'loss': 3.157, 'grad_norm': 0.321439266204834, 'learning_rate': 0.0009637039263056569, 'epoch': 0.15}
{'loss': 3.1644, 'grad_norm': 0.33214354515075684, 'learning_rate': 0.000963629278737619, 'epoch': 0.15}
{'loss': 3.127, 'grad_norm': 0.343787282705307, 'learning_rate': 0.0009635545573843454, 'epoch': 0.15}
{'loss': 3.0296, 'grad_norm': 0.3103531002998352, 'learning_rate': 0.0009634797622577279, 'epoch': 0.15}
{'loss': 3.1424, 'grad_norm': 0.3023085296154022, 'learning_rate': 0.0009634048933696698, 'epoch': 0.15}
{'loss': 3.2715, 'grad_norm': 0.31882232427597046, 'learning_rate': 0.0009633299507320861, 'epoch': 0.15}
{'loss': 3.1751, 'grad_norm': 0.3162232041358948, 'learning_rate': 0.0009632549343569039, 'epoch': 0.15}
{'loss': 3.0915, 'grad_norm': 0.33326253294944763, 'learning_rate': 0.0009631798442560619, 'epoch': 0.15}
{'loss': 3.1167, 'grad_norm': 0.2865752875804901, 'learning_rate': 0.0009631046804415102, 'epoch': 0.15}
{'loss': 3.0677, 'grad_norm': 0.31759461760520935, 'learning_rate': 0.0009630294429252111, 'epoch': 0.15}
{'loss': 3.0393, 'grad_norm': 0.31117233633995056, 'learning_rate': 0.0009629541317191383, 'epoch': 0.15}
{'loss': 3.0838, 'grad_norm': 0.3365987241268158, 'learning_rate': 0.0009628787468352777, 'epoch': 0.15}
{'loss': 3.0953, 'grad_norm': 0.31977489590644836, 'learning_rate': 0.0009628032882856261, 'epoch': 0.15}
{'loss': 3.0318, 'grad_norm': 0.340587317943573, 'learning_rate': 0.0009627277560821928, 'epoch': 0.15}
{'loss': 2.9897, 'grad_norm': 0.3330783247947693, 'learning_rate': 0.0009626521502369983, 'epoch': 0.15}
{'loss': 3.1244, 'grad_norm': 0.3278382420539856, 'learning_rate': 0.0009625764707620754, 'epoch': 0.15}
{'loss': 3.2192, 'grad_norm': 0.3106095492839813, 'learning_rate': 0.000962500717669468, 'epoch': 0.15}
{'loss': 3.2527, 'grad_norm': 0.30176255106925964, 'learning_rate': 0.000962424890971232, 'epoch': 0.15}
{'loss': 3.2262, 'grad_norm': 0.2959008514881134, 'learning_rate': 0.0009623489906794351, 'epoch': 0.15}
{'loss': 3.027, 'grad_norm': 0.289090633392334, 'learning_rate': 0.0009622730168061567, 'epoch': 0.15}
{'loss': 3.0356, 'grad_norm': 0.3087007701396942, 'learning_rate': 0.0009621969693634873, 'epoch': 0.15}
{'loss': 3.1836, 'grad_norm': 0.30375203490257263, 'learning_rate': 0.0009621208483635303, 'epoch': 0.15}
{'loss': 3.0797, 'grad_norm': 0.3125659227371216, 'learning_rate': 0.0009620446538183998, 'epoch': 0.15}
{'loss': 3.1465, 'grad_norm': 0.31892672181129456, 'learning_rate': 0.000961968385740222, 'epoch': 0.15}
{'loss': 3.0295, 'grad_norm': 0.33174359798431396, 'learning_rate': 0.0009618920441411345, 'epoch': 0.15}
{'loss': 3.0787, 'grad_norm': 0.30491623282432556, 'learning_rate': 0.0009618156290332871, 'epoch': 0.15}
{'loss': 3.0758, 'grad_norm': 0.356592059135437, 'learning_rate': 0.0009617391404288412, 'epoch': 0.15}
{'loss': 3.1053, 'grad_norm': 0.33282628655433655, 'learning_rate': 0.0009616625783399693, 'epoch': 0.15}
{'loss': 3.0994, 'grad_norm': 0.33145493268966675, 'learning_rate': 0.0009615859427788564, 'epoch': 0.15}
{'loss': 2.9184, 'grad_norm': 0.2835272550582886, 'learning_rate': 0.0009615092337576987, 'epoch': 0.15}
{'loss': 3.1732, 'grad_norm': 0.326628714799881, 'learning_rate': 0.000961432451288704, 'epoch': 0.15}
{'loss': 2.933, 'grad_norm': 0.33551135659217834, 'learning_rate': 0.0009613555953840925, 'epoch': 0.15}
{'loss': 3.087, 'grad_norm': 0.286888062953949, 'learning_rate': 0.000961278666056095, 'epoch': 0.15}
{'loss': 3.0923, 'grad_norm': 0.34414929151535034, 'learning_rate': 0.000961201663316955, 'epoch': 0.15}
{'loss': 3.2062, 'grad_norm': 0.33423295617103577, 'learning_rate': 0.0009611245871789272, 'epoch': 0.15}
{'loss': 3.213, 'grad_norm': 0.33380576968193054, 'learning_rate': 0.000961047437654278, 'epoch': 0.15}
{'loss': 3.0422, 'grad_norm': 0.2837221026420593, 'learning_rate': 0.0009609702147552852, 'epoch': 0.15}
{'loss': 3.1524, 'grad_norm': 0.2968064844608307, 'learning_rate': 0.0009608929184942391, 'epoch': 0.15}
{'loss': 3.2291, 'grad_norm': 0.32299014925956726, 'learning_rate': 0.0009608155488834409, 'epoch': 0.15}
{'loss': 3.2794, 'grad_norm': 0.30979955196380615, 'learning_rate': 0.0009607381059352038, 'epoch': 0.15}
{'loss': 3.2531, 'grad_norm': 0.3274741470813751, 'learning_rate': 0.0009606605896618528, 'epoch': 0.15}
{'loss': 3.0996, 'grad_norm': 0.3116644024848938, 'learning_rate': 0.0009605830000757239, 'epoch': 0.15}
{'loss': 3.1594, 'grad_norm': 0.33895769715309143, 'learning_rate': 0.0009605053371891658, 'epoch': 0.15}
{'loss': 3.0722, 'grad_norm': 0.27697983384132385, 'learning_rate': 0.000960427601014538, 'epoch': 0.15}
{'loss': 3.0421, 'grad_norm': 0.31800636649131775, 'learning_rate': 0.0009603497915642121, 'epoch': 0.15}
{'loss': 3.29, 'grad_norm': 0.35616281628608704, 'learning_rate': 0.0009602719088505711, 'epoch': 0.15}
{'loss': 3.1, 'grad_norm': 0.3442031443119049, 'learning_rate': 0.0009601939528860099, 'epoch': 0.15}
{'loss': 3.0256, 'grad_norm': 0.3299606740474701, 'learning_rate': 0.0009601159236829353, 'epoch': 0.15}
{'loss': 3.1125, 'grad_norm': 0.30312877893447876, 'learning_rate': 0.0009600378212537648, 'epoch': 0.15}
{'loss': 3.1794, 'grad_norm': 0.34147655963897705, 'learning_rate': 0.0009599596456109286, 'epoch': 0.15}
{'loss': 3.1435, 'grad_norm': 0.3043799102306366, 'learning_rate': 0.0009598813967668678, 'epoch': 0.15}
{'loss': 3.1677, 'grad_norm': 0.31308460235595703, 'learning_rate': 0.0009598030747340359, 'epoch': 0.15}
{'loss': 3.2342, 'grad_norm': 0.32445889711380005, 'learning_rate': 0.0009597246795248973, 'epoch': 0.15}
{'loss': 3.1612, 'grad_norm': 0.2970455288887024, 'learning_rate': 0.0009596462111519284, 'epoch': 0.15}
{'loss': 2.8964, 'grad_norm': 0.3006766736507416, 'learning_rate': 0.0009595676696276172, 'epoch': 0.16}
{'loss': 3.0957, 'grad_norm': 0.31093284487724304, 'learning_rate': 0.0009594890549644634, 'epoch': 0.16}
{'loss': 3.0752, 'grad_norm': 0.2925085425376892, 'learning_rate': 0.0009594103671749785, 'epoch': 0.16}
{'loss': 2.9929, 'grad_norm': 0.2949396073818207, 'learning_rate': 0.0009593316062716852, 'epoch': 0.16}
{'loss': 3.156, 'grad_norm': 0.29493239521980286, 'learning_rate': 0.000959252772267118, 'epoch': 0.16}
{'loss': 3.0828, 'grad_norm': 0.3373102843761444, 'learning_rate': 0.0009591738651738233, 'epoch': 0.16}
{'loss': 3.1467, 'grad_norm': 0.31420230865478516, 'learning_rate': 0.0009590948850043588, 'epoch': 0.16}
{'loss': 3.1658, 'grad_norm': 0.32167449593544006, 'learning_rate': 0.000959015831771294, 'epoch': 0.16}
{'loss': 3.0691, 'grad_norm': 0.3067043721675873, 'learning_rate': 0.0009589367054872101, 'epoch': 0.16}
{'loss': 3.0441, 'grad_norm': 0.2806037962436676, 'learning_rate': 0.0009588575061646996, 'epoch': 0.16}
{'loss': 2.9972, 'grad_norm': 0.3133006691932678, 'learning_rate': 0.0009587782338163668, 'epoch': 0.16}
{'loss': 3.1232, 'grad_norm': 0.3242279291152954, 'learning_rate': 0.000958698888454828, 'epoch': 0.16}
{'loss': 3.0753, 'grad_norm': 0.3220288157463074, 'learning_rate': 0.0009586194700927107, 'epoch': 0.16}
{'loss': 3.1066, 'grad_norm': 0.303371787071228, 'learning_rate': 0.0009585399787426537, 'epoch': 0.16}
{'loss': 2.9874, 'grad_norm': 0.320626825094223, 'learning_rate': 0.0009584604144173083, 'epoch': 0.16}
{'loss': 3.136, 'grad_norm': 0.31984516978263855, 'learning_rate': 0.0009583807771293365, 'epoch': 0.16}
{'loss': 3.0402, 'grad_norm': 0.3085227310657501, 'learning_rate': 0.0009583010668914127, 'epoch': 0.16}
{'loss': 3.0063, 'grad_norm': 0.2795499861240387, 'learning_rate': 0.0009582212837162225, 'epoch': 0.16}
{'loss': 3.1192, 'grad_norm': 0.2950761616230011, 'learning_rate': 0.000958141427616463, 'epoch': 0.16}
{'loss': 3.0198, 'grad_norm': 0.3214700222015381, 'learning_rate': 0.000958061498604843, 'epoch': 0.16}
{'loss': 3.1551, 'grad_norm': 0.2967927157878876, 'learning_rate': 0.0009579814966940833, 'epoch': 0.16}
{'loss': 3.0389, 'grad_norm': 0.3102110028266907, 'learning_rate': 0.0009579014218969158, 'epoch': 0.16}
{'loss': 3.0799, 'grad_norm': 0.3319246172904968, 'learning_rate': 0.0009578212742260839, 'epoch': 0.16}
{'loss': 3.0979, 'grad_norm': 0.2899000644683838, 'learning_rate': 0.0009577410536943433, 'epoch': 0.16}
{'loss': 3.1364, 'grad_norm': 0.3097319006919861, 'learning_rate': 0.0009576607603144606, 'epoch': 0.16}
{'loss': 3.1218, 'grad_norm': 0.28822919726371765, 'learning_rate': 0.0009575803940992143, 'epoch': 0.16}
{'loss': 3.138, 'grad_norm': 0.31705889105796814, 'learning_rate': 0.0009574999550613946, 'epoch': 0.16}
{'loss': 3.239, 'grad_norm': 0.29949039220809937, 'learning_rate': 0.0009574194432138028, 'epoch': 0.16}
{'loss': 3.122, 'grad_norm': 0.32069385051727295, 'learning_rate': 0.0009573388585692525, 'epoch': 0.16}
{'loss': 3.0616, 'grad_norm': 0.29311883449554443, 'learning_rate': 0.0009572582011405683, 'epoch': 0.16}
{'loss': 3.003, 'grad_norm': 0.29899436235427856, 'learning_rate': 0.0009571774709405866, 'epoch': 0.16}
{'loss': 3.2528, 'grad_norm': 0.2896868884563446, 'learning_rate': 0.0009570966679821554, 'epoch': 0.16}
{'loss': 3.0783, 'grad_norm': 0.31250709295272827, 'learning_rate': 0.0009570157922781342, 'epoch': 0.16}
{'loss': 3.1025, 'grad_norm': 0.3275502920150757, 'learning_rate': 0.0009569348438413944, 'epoch': 0.16}
{'loss': 3.1066, 'grad_norm': 0.28250446915626526, 'learning_rate': 0.0009568538226848184, 'epoch': 0.16}
{'loss': 3.0603, 'grad_norm': 0.2956317663192749, 'learning_rate': 0.0009567727288213005, 'epoch': 0.16}
{'loss': 3.0376, 'grad_norm': 0.29018551111221313, 'learning_rate': 0.0009566915622637467, 'epoch': 0.16}
{'loss': 3.1895, 'grad_norm': 0.3262529969215393, 'learning_rate': 0.0009566103230250742, 'epoch': 0.16}
[06:34:54.834573] Error: Error reading OpenGVLab/smit/S-MiT/videos/piloting/yt-tQohAcvlovE_18.mp4...
[06:34:54.834638] Failed to read video file: OpenGVLab/smit/S-MiT/videos/piloting/yt-tQohAcvlovE_18.mp4
[06:34:54.834655] [Try #0] Failed to fetch sample 301392. Exception: Error reading OpenGVLab/smit/S-MiT/videos/piloting/yt-tQohAcvlovE_18.mp4...
{'loss': 3.0425, 'grad_norm': 0.3244629204273224, 'learning_rate': 0.0009565290111182124, 'epoch': 0.16}
[06:34:55.836007] Error: Error reading OpenGVLab/smit/S-MiT/videos/piloting/yt-tQohAcvlovE_18.mp4...
[06:34:55.836056] Failed to read video file: OpenGVLab/smit/S-MiT/videos/piloting/yt-tQohAcvlovE_18.mp4
[06:34:55.836071] [Try #1] Failed to fetch sample 301392. Exception: Error reading OpenGVLab/smit/S-MiT/videos/piloting/yt-tQohAcvlovE_18.mp4...
{'loss': 3.3038, 'grad_norm': 0.3140680491924286, 'learning_rate': 0.0009564476265561013, 'epoch': 0.16}
{'loss': 3.0608, 'grad_norm': 0.3291257321834564, 'learning_rate': 0.0009563661693516934, 'epoch': 0.16}
{'loss': 3.2153, 'grad_norm': 0.3132801055908203, 'learning_rate': 0.0009562846395179523, 'epoch': 0.16}
{'loss': 3.0966, 'grad_norm': 0.3195485472679138, 'learning_rate': 0.0009562030370678532, 'epoch': 0.16}
{'loss': 3.2153, 'grad_norm': 0.3145131468772888, 'learning_rate': 0.0009561213620143828, 'epoch': 0.16}
{'loss': 3.0356, 'grad_norm': 0.2912163734436035, 'learning_rate': 0.0009560396143705396, 'epoch': 0.16}
{'loss': 3.1329, 'grad_norm': 0.33746808767318726, 'learning_rate': 0.0009559577941493333, 'epoch': 0.16}
{'loss': 2.9721, 'grad_norm': 0.2913866341114044, 'learning_rate': 0.0009558759013637857, 'epoch': 0.16}
{'loss': 3.3681, 'grad_norm': 0.30335867404937744, 'learning_rate': 0.0009557939360269294, 'epoch': 0.16}
{'loss': 3.1695, 'grad_norm': 0.30090323090553284, 'learning_rate': 0.0009557118981518093, 'epoch': 0.16}
{'loss': 3.11, 'grad_norm': 0.29416975378990173, 'learning_rate': 0.0009556297877514812, 'epoch': 0.16}
{'loss': 3.059, 'grad_norm': 0.30429837107658386, 'learning_rate': 0.0009555476048390128, 'epoch': 0.16}
{'loss': 3.1569, 'grad_norm': 0.3013473451137543, 'learning_rate': 0.0009554653494274832, 'epoch': 0.16}
{'loss': 3.1362, 'grad_norm': 0.29396867752075195, 'learning_rate': 0.0009553830215299835, 'epoch': 0.16}
{'loss': 3.1121, 'grad_norm': 0.29552289843559265, 'learning_rate': 0.0009553006211596154, 'epoch': 0.16}
{'loss': 3.1169, 'grad_norm': 0.29952821135520935, 'learning_rate': 0.0009552181483294931, 'epoch': 0.16}
{'loss': 3.003, 'grad_norm': 0.30106768012046814, 'learning_rate': 0.0009551356030527416, 'epoch': 0.16}
{'loss': 3.068, 'grad_norm': 0.2959183156490326, 'learning_rate': 0.0009550529853424979, 'epoch': 0.16}
{'loss': 3.1241, 'grad_norm': 0.3149920403957367, 'learning_rate': 0.0009549702952119103, 'epoch': 0.16}
{'loss': 3.0337, 'grad_norm': 0.3402986526489258, 'learning_rate': 0.0009548875326741388, 'epoch': 0.16}
{'loss': 3.1171, 'grad_norm': 0.31640374660491943, 'learning_rate': 0.0009548046977423547, 'epoch': 0.16}
{'loss': 3.1451, 'grad_norm': 0.3078954517841339, 'learning_rate': 0.000954721790429741, 'epoch': 0.16}
{'loss': 3.1681, 'grad_norm': 0.2914735972881317, 'learning_rate': 0.0009546388107494921, 'epoch': 0.16}
{'loss': 3.0052, 'grad_norm': 0.3300059139728546, 'learning_rate': 0.0009545557587148141, 'epoch': 0.16}
{'loss': 3.0731, 'grad_norm': 0.3051854968070984, 'learning_rate': 0.0009544726343389244, 'epoch': 0.16}
{'loss': 3.1171, 'grad_norm': 0.34058743715286255, 'learning_rate': 0.0009543894376350519, 'epoch': 0.16}
{'loss': 3.1129, 'grad_norm': 0.3004571795463562, 'learning_rate': 0.0009543061686164373, 'epoch': 0.16}
{'loss': 2.9923, 'grad_norm': 0.30437803268432617, 'learning_rate': 0.0009542228272963325, 'epoch': 0.16}
{'loss': 3.0416, 'grad_norm': 0.3182283341884613, 'learning_rate': 0.0009541394136880009, 'epoch': 0.16}
{'loss': 3.0663, 'grad_norm': 0.3094569742679596, 'learning_rate': 0.0009540559278047178, 'epoch': 0.16}
{'loss': 3.0893, 'grad_norm': 0.32180583477020264, 'learning_rate': 0.0009539723696597696, 'epoch': 0.16}
{'loss': 3.1286, 'grad_norm': 0.2990899384021759, 'learning_rate': 0.0009538887392664543, 'epoch': 0.16}
{'loss': 3.1541, 'grad_norm': 0.31361740827560425, 'learning_rate': 0.0009538050366380816, 'epoch': 0.16}
{'loss': 3.2667, 'grad_norm': 0.3061266243457794, 'learning_rate': 0.0009537212617879722, 'epoch': 0.16}
{'loss': 3.1517, 'grad_norm': 0.2877795100212097, 'learning_rate': 0.0009536374147294591, 'epoch': 0.16}
{'loss': 3.0067, 'grad_norm': 0.33611592650413513, 'learning_rate': 0.0009535534954758858, 'epoch': 0.16}
{'loss': 3.2077, 'grad_norm': 0.32429131865501404, 'learning_rate': 0.0009534695040406082, 'epoch': 0.16}
{'loss': 3.1684, 'grad_norm': 0.3150154948234558, 'learning_rate': 0.000953385440436993, 'epoch': 0.16}
{'loss': 3.1512, 'grad_norm': 0.3080536723136902, 'learning_rate': 0.0009533013046784189, 'epoch': 0.16}
{'loss': 3.1158, 'grad_norm': 0.3093370199203491, 'learning_rate': 0.0009532170967782756, 'epoch': 0.16}
{'loss': 3.1038, 'grad_norm': 0.31027987599372864, 'learning_rate': 0.0009531328167499648, 'epoch': 0.16}
{'loss': 3.0385, 'grad_norm': 0.31427279114723206, 'learning_rate': 0.0009530484646068996, 'epoch': 0.16}
{'loss': 3.0488, 'grad_norm': 0.31003338098526, 'learning_rate': 0.0009529640403625038, 'epoch': 0.17}
{'loss': 3.0733, 'grad_norm': 0.3563133180141449, 'learning_rate': 0.0009528795440302136, 'epoch': 0.17}
{'loss': 3.0029, 'grad_norm': 0.3207772672176361, 'learning_rate': 0.0009527949756234764, 'epoch': 0.17}
{'loss': 3.1024, 'grad_norm': 0.33552658557891846, 'learning_rate': 0.0009527103351557509, 'epoch': 0.17}
{'loss': 3.3187, 'grad_norm': 0.3218626379966736, 'learning_rate': 0.0009526256226405074, 'epoch': 0.17}
{'loss': 2.9897, 'grad_norm': 0.3436823785305023, 'learning_rate': 0.0009525408380912277, 'epoch': 0.17}
{'loss': 3.1641, 'grad_norm': 0.3112848103046417, 'learning_rate': 0.000952455981521405, 'epoch': 0.17}
{'loss': 3.0189, 'grad_norm': 0.31059691309928894, 'learning_rate': 0.000952371052944544, 'epoch': 0.17}
{'loss': 3.061, 'grad_norm': 0.3063645660877228, 'learning_rate': 0.0009522860523741608, 'epoch': 0.17}
{'loss': 3.1172, 'grad_norm': 0.30429092049598694, 'learning_rate': 0.0009522009798237828, 'epoch': 0.17}
{'loss': 3.2749, 'grad_norm': 0.3248581290245056, 'learning_rate': 0.0009521158353069494, 'epoch': 0.17}
{'loss': 3.3151, 'grad_norm': 0.29337701201438904, 'learning_rate': 0.0009520306188372107, 'epoch': 0.17}
{'loss': 3.0886, 'grad_norm': 0.3148893415927887, 'learning_rate': 0.0009519453304281291, 'epoch': 0.17}
{'loss': 3.2076, 'grad_norm': 0.3290063738822937, 'learning_rate': 0.0009518599700932777, 'epoch': 0.17}
{'loss': 3.0852, 'grad_norm': 0.29220688343048096, 'learning_rate': 0.0009517745378462416, 'epoch': 0.17}
{'loss': 3.094, 'grad_norm': 0.302046537399292, 'learning_rate': 0.0009516890337006168, 'epoch': 0.17}
{'loss': 3.1103, 'grad_norm': 0.31606802344322205, 'learning_rate': 0.000951603457670011, 'epoch': 0.17}
{'loss': 3.1847, 'grad_norm': 0.30881839990615845, 'learning_rate': 0.0009515178097680437, 'epoch': 0.17}
{'loss': 2.9742, 'grad_norm': 0.3203586935997009, 'learning_rate': 0.0009514320900083452, 'epoch': 0.17}
{'loss': 3.0316, 'grad_norm': 0.2950390875339508, 'learning_rate': 0.0009513462984045576, 'epoch': 0.17}
{'loss': 3.1678, 'grad_norm': 0.27698034048080444, 'learning_rate': 0.0009512604349703347, 'epoch': 0.17}
{'loss': 3.0127, 'grad_norm': 0.3147989511489868, 'learning_rate': 0.000951174499719341, 'epoch': 0.17}
{'loss': 3.0484, 'grad_norm': 0.3004063069820404, 'learning_rate': 0.0009510884926652531, 'epoch': 0.17}
{'loss': 3.1661, 'grad_norm': 0.3165160119533539, 'learning_rate': 0.0009510024138217587, 'epoch': 0.17}
{'loss': 3.1643, 'grad_norm': 0.2902580201625824, 'learning_rate': 0.000950916263202557, 'epoch': 0.17}
{'loss': 3.115, 'grad_norm': 0.3008763790130615, 'learning_rate': 0.0009508300408213584, 'epoch': 0.17}
{'loss': 3.1756, 'grad_norm': 0.29723459482192993, 'learning_rate': 0.0009507437466918854, 'epoch': 0.17}
{'loss': 2.9835, 'grad_norm': 0.3038652837276459, 'learning_rate': 0.000950657380827871, 'epoch': 0.17}
{'loss': 2.98, 'grad_norm': 0.32947981357574463, 'learning_rate': 0.0009505709432430602, 'epoch': 0.17}
{'loss': 3.0794, 'grad_norm': 0.30938103795051575, 'learning_rate': 0.0009504844339512095, 'epoch': 0.17}
{'loss': 3.1535, 'grad_norm': 0.28846484422683716, 'learning_rate': 0.0009503978529660865, 'epoch': 0.17}
{'loss': 2.9718, 'grad_norm': 0.2932317852973938, 'learning_rate': 0.0009503112003014702, 'epoch': 0.17}
{'loss': 3.1245, 'grad_norm': 0.3240284323692322, 'learning_rate': 0.0009502244759711511, 'epoch': 0.17}
{'loss': 3.1496, 'grad_norm': 0.2935098111629486, 'learning_rate': 0.0009501376799889314, 'epoch': 0.17}
{'loss': 3.0983, 'grad_norm': 0.29466167092323303, 'learning_rate': 0.000950050812368624, 'epoch': 0.17}
{'loss': 3.0352, 'grad_norm': 0.3056483864784241, 'learning_rate': 0.0009499638731240539, 'epoch': 0.17}
{'loss': 3.0419, 'grad_norm': 0.29121142625808716, 'learning_rate': 0.0009498768622690573, 'epoch': 0.17}
{'loss': 3.1003, 'grad_norm': 0.33047688007354736, 'learning_rate': 0.0009497897798174815, 'epoch': 0.17}
{'loss': 3.1276, 'grad_norm': 0.29643967747688293, 'learning_rate': 0.0009497026257831855, 'epoch': 0.17}
{'loss': 3.0706, 'grad_norm': 0.2856820225715637, 'learning_rate': 0.0009496154001800397, 'epoch': 0.17}
{'loss': 3.013, 'grad_norm': 0.2879013121128082, 'learning_rate': 0.0009495281030219256, 'epoch': 0.17}
{'loss': 3.2634, 'grad_norm': 0.31654077768325806, 'learning_rate': 0.0009494407343227365, 'epoch': 0.17}
{'loss': 3.1464, 'grad_norm': 0.32776930928230286, 'learning_rate': 0.0009493532940963767, 'epoch': 0.17}
{'loss': 3.2326, 'grad_norm': 0.315557062625885, 'learning_rate': 0.0009492657823567623, 'epoch': 0.17}
{'loss': 2.9903, 'grad_norm': 0.2900083661079407, 'learning_rate': 0.0009491781991178202, 'epoch': 0.17}
{'loss': 3.2296, 'grad_norm': 0.3520506024360657, 'learning_rate': 0.0009490905443934891, 'epoch': 0.17}
{'loss': 3.2142, 'grad_norm': 0.33894994854927063, 'learning_rate': 0.0009490028181977194, 'epoch': 0.17}
{'loss': 3.1447, 'grad_norm': 0.3116094172000885, 'learning_rate': 0.0009489150205444719, 'epoch': 0.17}
{'loss': 3.0003, 'grad_norm': 0.2929384112358093, 'learning_rate': 0.0009488271514477196, 'epoch': 0.17}
{'loss': 3.0327, 'grad_norm': 0.3083345293998718, 'learning_rate': 0.0009487392109214466, 'epoch': 0.17}
{'loss': 3.134, 'grad_norm': 0.2881362736225128, 'learning_rate': 0.0009486511989796484, 'epoch': 0.17}
{'loss': 3.1509, 'grad_norm': 0.2799782156944275, 'learning_rate': 0.0009485631156363318, 'epoch': 0.17}
{'loss': 3.0479, 'grad_norm': 0.299771249294281, 'learning_rate': 0.000948474960905515, 'epoch': 0.17}
{'loss': 3.1298, 'grad_norm': 0.3050583600997925, 'learning_rate': 0.0009483867348012276, 'epoch': 0.17}
{'loss': 3.0381, 'grad_norm': 0.3040696084499359, 'learning_rate': 0.0009482984373375104, 'epoch': 0.17}
{'loss': 3.0272, 'grad_norm': 0.30172276496887207, 'learning_rate': 0.0009482100685284158, 'epoch': 0.17}
{'loss': 3.0976, 'grad_norm': 0.3007338345050812, 'learning_rate': 0.0009481216283880075, 'epoch': 0.17}
{'loss': 3.0861, 'grad_norm': 0.30472779273986816, 'learning_rate': 0.0009480331169303604, 'epoch': 0.17}
{'loss': 3.1262, 'grad_norm': 0.2941754460334778, 'learning_rate': 0.0009479445341695607, 'epoch': 0.17}
{'loss': 2.9129, 'grad_norm': 0.3119790256023407, 'learning_rate': 0.0009478558801197064, 'epoch': 0.17}
{'loss': 3.076, 'grad_norm': 0.29161205887794495, 'learning_rate': 0.0009477671547949064, 'epoch': 0.17}
{'loss': 3.039, 'grad_norm': 0.30143412947654724, 'learning_rate': 0.0009476783582092809, 'epoch': 0.17}
{'loss': 3.0186, 'grad_norm': 0.3364831209182739, 'learning_rate': 0.0009475894903769618, 'epoch': 0.17}
{'loss': 2.9242, 'grad_norm': 0.31738609075546265, 'learning_rate': 0.000947500551312092, 'epoch': 0.17}
{'loss': 3.0511, 'grad_norm': 0.283434122800827, 'learning_rate': 0.0009474115410288262, 'epoch': 0.17}
{'loss': 3.0425, 'grad_norm': 0.3147066533565521, 'learning_rate': 0.0009473224595413298, 'epoch': 0.17}
{'loss': 2.9451, 'grad_norm': 0.3103514015674591, 'learning_rate': 0.00094723330686378, 'epoch': 0.17}
{'loss': 3.1666, 'grad_norm': 0.29521167278289795, 'learning_rate': 0.000947144083010365, 'epoch': 0.17}
{'loss': 2.9547, 'grad_norm': 0.3118840456008911, 'learning_rate': 0.0009470547879952849, 'epoch': 0.17}
{'loss': 3.2293, 'grad_norm': 0.3058055639266968, 'learning_rate': 0.0009469654218327504, 'epoch': 0.17}
{'loss': 3.0366, 'grad_norm': 0.26872992515563965, 'learning_rate': 0.0009468759845369841, 'epoch': 0.17}
{'loss': 3.0719, 'grad_norm': 0.2758582532405853, 'learning_rate': 0.0009467864761222195, 'epoch': 0.17}
{'loss': 2.9844, 'grad_norm': 0.2974057197570801, 'learning_rate': 0.0009466968966027016, 'epoch': 0.17}
{'loss': 3.0599, 'grad_norm': 0.27783820033073425, 'learning_rate': 0.0009466072459926869, 'epoch': 0.17}
{'loss': 3.0489, 'grad_norm': 0.30958178639411926, 'learning_rate': 0.0009465175243064428, 'epoch': 0.17}
{'loss': 3.215, 'grad_norm': 0.332760751247406, 'learning_rate': 0.0009464277315582483, 'epoch': 0.17}
{'loss': 3.1777, 'grad_norm': 0.30025774240493774, 'learning_rate': 0.0009463378677623937, 'epoch': 0.17}
{'loss': 3.1951, 'grad_norm': 0.327347069978714, 'learning_rate': 0.0009462479329331808, 'epoch': 0.17}
{'loss': 3.1008, 'grad_norm': 0.3135315775871277, 'learning_rate': 0.000946157927084922, 'epoch': 0.17}
{'loss': 3.0868, 'grad_norm': 0.2985076904296875, 'learning_rate': 0.0009460678502319418, 'epoch': 0.17}
{'loss': 3.195, 'grad_norm': 0.3305620849132538, 'learning_rate': 0.0009459777023885754, 'epoch': 0.17}
{'loss': 3.1157, 'grad_norm': 0.32598358392715454, 'learning_rate': 0.0009458874835691699, 'epoch': 0.18}
{'loss': 3.0388, 'grad_norm': 0.2929593622684479, 'learning_rate': 0.0009457971937880832, 'epoch': 0.18}
{'loss': 3.0905, 'grad_norm': 0.30295756459236145, 'learning_rate': 0.0009457068330596844, 'epoch': 0.18}
{'loss': 3.0561, 'grad_norm': 0.3198660612106323, 'learning_rate': 0.0009456164013983546, 'epoch': 0.18}
{'loss': 3.1215, 'grad_norm': 0.3427686095237732, 'learning_rate': 0.0009455258988184854, 'epoch': 0.18}
{'loss': 3.1077, 'grad_norm': 0.3071098029613495, 'learning_rate': 0.0009454353253344802, 'epoch': 0.18}
{'loss': 2.975, 'grad_norm': 0.3168599605560303, 'learning_rate': 0.0009453446809607534, 'epoch': 0.18}
{'loss': 3.0474, 'grad_norm': 0.31609758734703064, 'learning_rate': 0.0009452539657117307, 'epoch': 0.18}
{'loss': 3.1483, 'grad_norm': 0.29463037848472595, 'learning_rate': 0.0009451631796018494, 'epoch': 0.18}
{'loss': 3.1207, 'grad_norm': 0.30124029517173767, 'learning_rate': 0.0009450723226455578, 'epoch': 0.18}
{'loss': 3.0988, 'grad_norm': 0.3162398338317871, 'learning_rate': 0.0009449813948573154, 'epoch': 0.18}
{'loss': 3.0827, 'grad_norm': 0.2960800528526306, 'learning_rate': 0.0009448903962515932, 'epoch': 0.18}
{'loss': 3.1109, 'grad_norm': 0.2906576693058014, 'learning_rate': 0.000944799326842873, 'epoch': 0.18}
{'loss': 3.1798, 'grad_norm': 0.29968762397766113, 'learning_rate': 0.0009447081866456489, 'epoch': 0.18}
{'loss': 3.1144, 'grad_norm': 0.3095513582229614, 'learning_rate': 0.0009446169756744249, 'epoch': 0.18}
{'loss': 3.0794, 'grad_norm': 0.2989501655101776, 'learning_rate': 0.0009445256939437175, 'epoch': 0.18}
{'loss': 3.1806, 'grad_norm': 0.2736150622367859, 'learning_rate': 0.0009444343414680537, 'epoch': 0.18}
{'loss': 3.1365, 'grad_norm': 0.2942410409450531, 'learning_rate': 0.0009443429182619717, 'epoch': 0.18}
{'loss': 3.1176, 'grad_norm': 0.28335925936698914, 'learning_rate': 0.0009442514243400218, 'epoch': 0.18}
{'loss': 3.0975, 'grad_norm': 0.310903400182724, 'learning_rate': 0.0009441598597167644, 'epoch': 0.18}
{'loss': 3.1571, 'grad_norm': 0.3255614638328552, 'learning_rate': 0.0009440682244067723, 'epoch': 0.18}
{'loss': 3.098, 'grad_norm': 0.3158901035785675, 'learning_rate': 0.0009439765184246287, 'epoch': 0.18}
{'loss': 2.8885, 'grad_norm': 0.2955237925052643, 'learning_rate': 0.0009438847417849283, 'epoch': 0.18}
{'loss': 3.0554, 'grad_norm': 0.3201298415660858, 'learning_rate': 0.0009437928945022771, 'epoch': 0.18}
{'loss': 3.0852, 'grad_norm': 0.2975224554538727, 'learning_rate': 0.0009437009765912923, 'epoch': 0.18}
{'loss': 3.0588, 'grad_norm': 0.3123020529747009, 'learning_rate': 0.0009436089880666026, 'epoch': 0.18}
{'loss': 3.1659, 'grad_norm': 0.3028702437877655, 'learning_rate': 0.0009435169289428475, 'epoch': 0.18}
{'loss': 3.0314, 'grad_norm': 0.3077559769153595, 'learning_rate': 0.0009434247992346779, 'epoch': 0.18}
{'loss': 2.9625, 'grad_norm': 0.31695592403411865, 'learning_rate': 0.0009433325989567561, 'epoch': 0.18}
{'loss': 3.1078, 'grad_norm': 0.2781587839126587, 'learning_rate': 0.0009432403281237555, 'epoch': 0.18}
{'loss': 3.2637, 'grad_norm': 0.32477784156799316, 'learning_rate': 0.0009431479867503606, 'epoch': 0.18}
{'loss': 3.1017, 'grad_norm': 0.30716851353645325, 'learning_rate': 0.0009430555748512674, 'epoch': 0.18}
{'loss': 3.106, 'grad_norm': 0.301781564950943, 'learning_rate': 0.000942963092441183, 'epoch': 0.18}
{'loss': 3.0148, 'grad_norm': 0.31684815883636475, 'learning_rate': 0.0009428705395348254, 'epoch': 0.18}
{'loss': 3.1692, 'grad_norm': 0.2877435088157654, 'learning_rate': 0.0009427779161469245, 'epoch': 0.18}
{'loss': 3.2038, 'grad_norm': 0.30329033732414246, 'learning_rate': 0.0009426852222922208, 'epoch': 0.18}
{'loss': 3.1149, 'grad_norm': 0.3009515702724457, 'learning_rate': 0.0009425924579854664, 'epoch': 0.18}
{'loss': 2.9864, 'grad_norm': 0.31006911396980286, 'learning_rate': 0.0009424996232414245, 'epoch': 0.18}
{'loss': 3.1903, 'grad_norm': 0.30562496185302734, 'learning_rate': 0.0009424067180748692, 'epoch': 0.18}
{'loss': 3.0641, 'grad_norm': 0.28410065174102783, 'learning_rate': 0.0009423137425005864, 'epoch': 0.18}
{'loss': 3.0252, 'grad_norm': 0.3120432496070862, 'learning_rate': 0.0009422206965333728, 'epoch': 0.18}
{'loss': 3.0704, 'grad_norm': 0.29985731840133667, 'learning_rate': 0.0009421275801880362, 'epoch': 0.18}
{'loss': 2.9135, 'grad_norm': 0.2981405556201935, 'learning_rate': 0.000942034393479396, 'epoch': 0.18}
{'loss': 2.9284, 'grad_norm': 0.3088839054107666, 'learning_rate': 0.0009419411364222825, 'epoch': 0.18}
{'loss': 3.0288, 'grad_norm': 0.31819817423820496, 'learning_rate': 0.0009418478090315374, 'epoch': 0.18}
{'loss': 3.0125, 'grad_norm': 0.3134269416332245, 'learning_rate': 0.0009417544113220134, 'epoch': 0.18}
{'loss': 3.0118, 'grad_norm': 0.2856205403804779, 'learning_rate': 0.0009416609433085744, 'epoch': 0.18}
{'loss': 2.9677, 'grad_norm': 0.2963087856769562, 'learning_rate': 0.0009415674050060956, 'epoch': 0.18}
{'loss': 3.0343, 'grad_norm': 0.2597120702266693, 'learning_rate': 0.0009414737964294635, 'epoch': 0.18}
{'loss': 3.1324, 'grad_norm': 0.327117383480072, 'learning_rate': 0.0009413801175935754, 'epoch': 0.18}
{'loss': 3.0243, 'grad_norm': 0.32451480627059937, 'learning_rate': 0.0009412863685133401, 'epoch': 0.18}
{'loss': 3.124, 'grad_norm': 0.2916930615901947, 'learning_rate': 0.0009411925492036777, 'epoch': 0.18}
{'loss': 3.1486, 'grad_norm': 0.31094515323638916, 'learning_rate': 0.0009410986596795188, 'epoch': 0.18}
{'loss': 3.0566, 'grad_norm': 0.28517767786979675, 'learning_rate': 0.0009410046999558062, 'epoch': 0.18}
{'loss': 3.1292, 'grad_norm': 0.3169391453266144, 'learning_rate': 0.0009409106700474927, 'epoch': 0.18}
{'loss': 3.1502, 'grad_norm': 0.32537388801574707, 'learning_rate': 0.0009408165699695435, 'epoch': 0.18}
{'loss': 3.0766, 'grad_norm': 0.33262497186660767, 'learning_rate': 0.0009407223997369338, 'epoch': 0.18}
{'loss': 3.0733, 'grad_norm': 0.3158559799194336, 'learning_rate': 0.000940628159364651, 'epoch': 0.18}
{'loss': 3.0707, 'grad_norm': 0.3288451135158539, 'learning_rate': 0.0009405338488676928, 'epoch': 0.18}
{'loss': 3.0792, 'grad_norm': 0.32005834579467773, 'learning_rate': 0.0009404394682610689, 'epoch': 0.18}
{'loss': 3.174, 'grad_norm': 0.3243349492549896, 'learning_rate': 0.0009403450175597991, 'epoch': 0.18}
{'loss': 3.1639, 'grad_norm': 0.3080122172832489, 'learning_rate': 0.0009402504967789153, 'epoch': 0.18}
{'loss': 3.012, 'grad_norm': 0.2808719873428345, 'learning_rate': 0.0009401559059334601, 'epoch': 0.18}
{'loss': 3.0689, 'grad_norm': 0.2869507372379303, 'learning_rate': 0.0009400612450384874, 'epoch': 0.18}
{'loss': 3.1492, 'grad_norm': 0.31241440773010254, 'learning_rate': 0.0009399665141090623, 'epoch': 0.18}
{'loss': 3.2384, 'grad_norm': 0.2834503650665283, 'learning_rate': 0.0009398717131602608, 'epoch': 0.18}
{'loss': 3.0298, 'grad_norm': 0.2893944978713989, 'learning_rate': 0.0009397768422071702, 'epoch': 0.18}
{'loss': 3.1605, 'grad_norm': 0.27776089310646057, 'learning_rate': 0.000939681901264889, 'epoch': 0.18}
{'loss': 3.0642, 'grad_norm': 0.2894112765789032, 'learning_rate': 0.0009395868903485269, 'epoch': 0.18}
{'loss': 3.1657, 'grad_norm': 0.2773760259151459, 'learning_rate': 0.0009394918094732044, 'epoch': 0.18}
{'loss': 3.0658, 'grad_norm': 0.3615601062774658, 'learning_rate': 0.0009393966586540532, 'epoch': 0.18}
{'loss': 3.0147, 'grad_norm': 0.33357805013656616, 'learning_rate': 0.0009393014379062166, 'epoch': 0.18}
{'loss': 3.2925, 'grad_norm': 0.3134612739086151, 'learning_rate': 0.0009392061472448485, 'epoch': 0.18}
{'loss': 3.1214, 'grad_norm': 0.3251756727695465, 'learning_rate': 0.0009391107866851142, 'epoch': 0.18}
{'loss': 2.9345, 'grad_norm': 0.31345871090888977, 'learning_rate': 0.0009390153562421901, 'epoch': 0.18}
{'loss': 3.1163, 'grad_norm': 0.30706465244293213, 'learning_rate': 0.0009389198559312638, 'epoch': 0.18}
{'loss': 3.0787, 'grad_norm': 0.27925556898117065, 'learning_rate': 0.0009388242857675335, 'epoch': 0.18}
{'loss': 3.028, 'grad_norm': 0.3062713146209717, 'learning_rate': 0.0009387286457662092, 'epoch': 0.18}
{'loss': 3.0472, 'grad_norm': 0.30130621790885925, 'learning_rate': 0.0009386329359425117, 'epoch': 0.18}
{'loss': 3.2682, 'grad_norm': 0.29417917132377625, 'learning_rate': 0.0009385371563116728, 'epoch': 0.18}
{'loss': 2.9323, 'grad_norm': 0.29842880368232727, 'learning_rate': 0.0009384413068889357, 'epoch': 0.18}
{'loss': 3.0625, 'grad_norm': 0.3192749619483948, 'learning_rate': 0.0009383453876895544, 'epoch': 0.18}
{'loss': 3.0617, 'grad_norm': 0.3056480884552002, 'learning_rate': 0.0009382493987287944, 'epoch': 0.19}
{'loss': 3.2783, 'grad_norm': 0.3542548716068268, 'learning_rate': 0.0009381533400219318, 'epoch': 0.19}
{'loss': 3.1713, 'grad_norm': 0.3030015528202057, 'learning_rate': 0.0009380572115842543, 'epoch': 0.19}
{'loss': 3.1544, 'grad_norm': 0.3058454692363739, 'learning_rate': 0.0009379610134310602, 'epoch': 0.19}
{'loss': 3.2618, 'grad_norm': 0.2775207757949829, 'learning_rate': 0.0009378647455776593, 'epoch': 0.19}
{'loss': 3.0265, 'grad_norm': 0.29946407675743103, 'learning_rate': 0.0009377684080393723, 'epoch': 0.19}
{'loss': 3.0361, 'grad_norm': 0.3180401921272278, 'learning_rate': 0.0009376720008315311, 'epoch': 0.19}
{'loss': 3.0777, 'grad_norm': 0.2831832468509674, 'learning_rate': 0.0009375755239694787, 'epoch': 0.19}
{'loss': 2.9905, 'grad_norm': 0.2881116569042206, 'learning_rate': 0.0009374789774685689, 'epoch': 0.19}
{'loss': 3.1473, 'grad_norm': 0.2995978891849518, 'learning_rate': 0.0009373823613441669, 'epoch': 0.19}
{'loss': 3.2098, 'grad_norm': 0.3368907570838928, 'learning_rate': 0.0009372856756116488, 'epoch': 0.19}
{'loss': 3.1904, 'grad_norm': 0.3069813549518585, 'learning_rate': 0.000937188920286402, 'epoch': 0.19}
{'loss': 3.0792, 'grad_norm': 0.27834799885749817, 'learning_rate': 0.0009370920953838247, 'epoch': 0.19}
{'loss': 2.9478, 'grad_norm': 0.28120720386505127, 'learning_rate': 0.0009369952009193264, 'epoch': 0.19}
{'loss': 2.8208, 'grad_norm': 0.2949974834918976, 'learning_rate': 0.0009368982369083274, 'epoch': 0.19}
{'loss': 3.0432, 'grad_norm': 0.28014737367630005, 'learning_rate': 0.0009368012033662594, 'epoch': 0.19}
{'loss': 3.0156, 'grad_norm': 0.29167884588241577, 'learning_rate': 0.0009367041003085648, 'epoch': 0.19}
{'loss': 3.2105, 'grad_norm': 0.31630274653434753, 'learning_rate': 0.0009366069277506976, 'epoch': 0.19}
{'loss': 3.3242, 'grad_norm': 0.285687655210495, 'learning_rate': 0.0009365096857081223, 'epoch': 0.19}
{'loss': 2.9649, 'grad_norm': 0.2906356751918793, 'learning_rate': 0.0009364123741963146, 'epoch': 0.19}
{'loss': 3.0301, 'grad_norm': 0.29270026087760925, 'learning_rate': 0.0009363149932307617, 'epoch': 0.19}
{'loss': 3.1589, 'grad_norm': 0.31236186623573303, 'learning_rate': 0.000936217542826961, 'epoch': 0.19}
{'loss': 3.1832, 'grad_norm': 0.2932305634021759, 'learning_rate': 0.0009361200230004219, 'epoch': 0.19}
{'loss': 3.0345, 'grad_norm': 0.28741455078125, 'learning_rate': 0.0009360224337666641, 'epoch': 0.19}
{'loss': 3.0543, 'grad_norm': 0.30754178762435913, 'learning_rate': 0.0009359247751412188, 'epoch': 0.19}
{'loss': 3.1118, 'grad_norm': 0.31174367666244507, 'learning_rate': 0.0009358270471396279, 'epoch': 0.19}
{'loss': 2.9912, 'grad_norm': 0.3163456320762634, 'learning_rate': 0.0009357292497774447, 'epoch': 0.19}
{'loss': 3.0568, 'grad_norm': 0.32335031032562256, 'learning_rate': 0.0009356313830702332, 'epoch': 0.19}
{'loss': 2.9716, 'grad_norm': 0.2795467674732208, 'learning_rate': 0.0009355334470335688, 'epoch': 0.19}
{'loss': 3.0121, 'grad_norm': 0.27392953634262085, 'learning_rate': 0.0009354354416830378, 'epoch': 0.19}
{'loss': 3.1613, 'grad_norm': 0.30245131254196167, 'learning_rate': 0.0009353373670342372, 'epoch': 0.19}
{'loss': 2.9926, 'grad_norm': 0.3231405019760132, 'learning_rate': 0.0009352392231027751, 'epoch': 0.19}
{'loss': 3.0059, 'grad_norm': 0.30712902545928955, 'learning_rate': 0.0009351410099042714, 'epoch': 0.19}
{'loss': 3.1854, 'grad_norm': 0.32649534940719604, 'learning_rate': 0.0009350427274543561, 'epoch': 0.19}
{'loss': 3.1489, 'grad_norm': 0.30745574831962585, 'learning_rate': 0.0009349443757686706, 'epoch': 0.19}
{'loss': 3.056, 'grad_norm': 0.29367849230766296, 'learning_rate': 0.0009348459548628673, 'epoch': 0.19}
{'loss': 3.0451, 'grad_norm': 0.3051426112651825, 'learning_rate': 0.0009347474647526095, 'epoch': 0.19}
{'loss': 3.1424, 'grad_norm': 0.30667826533317566, 'learning_rate': 0.0009346489054535719, 'epoch': 0.19}
{'loss': 2.9953, 'grad_norm': 0.33526644110679626, 'learning_rate': 0.0009345502769814395, 'epoch': 0.19}
{'loss': 3.1429, 'grad_norm': 0.2961309254169464, 'learning_rate': 0.0009344515793519091, 'epoch': 0.19}
{'loss': 3.155, 'grad_norm': 0.30626851320266724, 'learning_rate': 0.0009343528125806879, 'epoch': 0.19}
{'loss': 3.0786, 'grad_norm': 0.29955822229385376, 'learning_rate': 0.0009342539766834945, 'epoch': 0.19}
{'loss': 3.0833, 'grad_norm': 0.3047560453414917, 'learning_rate': 0.0009341550716760583, 'epoch': 0.19}
{'loss': 3.0384, 'grad_norm': 0.31245487928390503, 'learning_rate': 0.0009340560975741197, 'epoch': 0.19}
{'loss': 3.0271, 'grad_norm': 0.338811457157135, 'learning_rate': 0.00093395705439343, 'epoch': 0.19}
{'loss': 3.0752, 'grad_norm': 0.2999756932258606, 'learning_rate': 0.000933857942149752, 'epoch': 0.19}
{'loss': 3.0183, 'grad_norm': 0.29087522625923157, 'learning_rate': 0.0009337587608588588, 'epoch': 0.19}
{'loss': 3.0229, 'grad_norm': 0.3035203814506531, 'learning_rate': 0.0009336595105365349, 'epoch': 0.19}
{'loss': 2.9719, 'grad_norm': 0.2810993492603302, 'learning_rate': 0.0009335601911985758, 'epoch': 0.19}
{'loss': 3.0206, 'grad_norm': 0.306122750043869, 'learning_rate': 0.0009334608028607877, 'epoch': 0.19}
{'loss': 2.8676, 'grad_norm': 0.2929643392562866, 'learning_rate': 0.0009333613455389882, 'epoch': 0.19}
{'loss': 2.9779, 'grad_norm': 0.4149826169013977, 'learning_rate': 0.0009332618192490053, 'epoch': 0.19}
{'loss': 3.1772, 'grad_norm': 0.26261213421821594, 'learning_rate': 0.0009331622240066786, 'epoch': 0.19}
{'loss': 3.0809, 'grad_norm': 0.31705087423324585, 'learning_rate': 0.0009330625598278584, 'epoch': 0.19}
{'loss': 3.1069, 'grad_norm': 0.3216798007488251, 'learning_rate': 0.0009329628267284059, 'epoch': 0.19}
{'loss': 2.9747, 'grad_norm': 0.30261337757110596, 'learning_rate': 0.0009328630247241929, 'epoch': 0.19}
{'loss': 3.152, 'grad_norm': 0.3375196158885956, 'learning_rate': 0.0009327631538311034, 'epoch': 0.19}
{'loss': 3.0859, 'grad_norm': 0.3088247776031494, 'learning_rate': 0.000932663214065031, 'epoch': 0.19}
{'loss': 3.153, 'grad_norm': 0.30691298842430115, 'learning_rate': 0.000932563205441881, 'epoch': 0.19}
{'loss': 2.9897, 'grad_norm': 0.32210978865623474, 'learning_rate': 0.0009324631279775694, 'epoch': 0.19}
{'loss': 3.1908, 'grad_norm': 0.3144298791885376, 'learning_rate': 0.0009323629816880232, 'epoch': 0.19}
{'loss': 3.0041, 'grad_norm': 0.28019818663597107, 'learning_rate': 0.0009322627665891807, 'epoch': 0.19}
{'loss': 3.1096, 'grad_norm': 0.28219297528266907, 'learning_rate': 0.0009321624826969904, 'epoch': 0.19}
{'loss': 3.1029, 'grad_norm': 0.28524571657180786, 'learning_rate': 0.0009320621300274124, 'epoch': 0.19}
{'loss': 3.1747, 'grad_norm': 0.2921200394630432, 'learning_rate': 0.0009319617085964176, 'epoch': 0.19}
{'loss': 3.0813, 'grad_norm': 0.3094468116760254, 'learning_rate': 0.0009318612184199877, 'epoch': 0.19}
{'loss': 3.0096, 'grad_norm': 0.27642765641212463, 'learning_rate': 0.0009317606595141155, 'epoch': 0.19}
{'loss': 3.0221, 'grad_norm': 0.2894834578037262, 'learning_rate': 0.0009316600318948046, 'epoch': 0.19}
{'loss': 3.0247, 'grad_norm': 0.2750602662563324, 'learning_rate': 0.0009315593355780692, 'epoch': 0.19}
{'loss': 3.1531, 'grad_norm': 0.28136029839515686, 'learning_rate': 0.0009314585705799354, 'epoch': 0.19}
{'loss': 3.0029, 'grad_norm': 0.26909786462783813, 'learning_rate': 0.0009313577369164394, 'epoch': 0.19}
{'loss': 3.028, 'grad_norm': 0.2854730784893036, 'learning_rate': 0.0009312568346036287, 'epoch': 0.19}
{'loss': 3.1262, 'grad_norm': 0.2867274880409241, 'learning_rate': 0.0009311558636575615, 'epoch': 0.19}
{'loss': 3.0614, 'grad_norm': 0.30564939975738525, 'learning_rate': 0.0009310548240943071, 'epoch': 0.19}
{'loss': 3.0667, 'grad_norm': 0.2889021933078766, 'learning_rate': 0.0009309537159299455, 'epoch': 0.19}
{'loss': 3.1244, 'grad_norm': 0.31866148114204407, 'learning_rate': 0.0009308525391805677, 'epoch': 0.19}
{'loss': 3.0415, 'grad_norm': 0.32100775837898254, 'learning_rate': 0.0009307512938622762, 'epoch': 0.19}
{'loss': 2.9261, 'grad_norm': 0.2820788323879242, 'learning_rate': 0.0009306499799911834, 'epoch': 0.19}
{'loss': 3.0764, 'grad_norm': 0.3347157835960388, 'learning_rate': 0.0009305485975834131, 'epoch': 0.19}
{'loss': 2.8753, 'grad_norm': 0.30873459577560425, 'learning_rate': 0.0009304471466551003, 'epoch': 0.19}
{'loss': 3.0514, 'grad_norm': 0.30768606066703796, 'learning_rate': 0.0009303456272223905, 'epoch': 0.19}
{'loss': 3.1455, 'grad_norm': 0.276228666305542, 'learning_rate': 0.0009302440393014402, 'epoch': 0.2}
{'loss': 3.0659, 'grad_norm': 0.30663496255874634, 'learning_rate': 0.0009301423829084168, 'epoch': 0.2}
{'loss': 3.0228, 'grad_norm': 0.2988729178905487, 'learning_rate': 0.0009300406580594985, 'epoch': 0.2}
{'loss': 3.1005, 'grad_norm': 0.3160613477230072, 'learning_rate': 0.0009299388647708748, 'epoch': 0.2}
{'loss': 3.1329, 'grad_norm': 0.2978256344795227, 'learning_rate': 0.0009298370030587455, 'epoch': 0.2}
{'loss': 3.0241, 'grad_norm': 0.3133174479007721, 'learning_rate': 0.0009297350729393219, 'epoch': 0.2}
{'loss': 2.9763, 'grad_norm': 0.3114542067050934, 'learning_rate': 0.0009296330744288256, 'epoch': 0.2}
{'loss': 3.1414, 'grad_norm': 0.3002893626689911, 'learning_rate': 0.0009295310075434895, 'epoch': 0.2}
{'loss': 3.1271, 'grad_norm': 0.3132075071334839, 'learning_rate': 0.0009294288722995572, 'epoch': 0.2}
{'loss': 3.164, 'grad_norm': 0.3104376792907715, 'learning_rate': 0.0009293266687132833, 'epoch': 0.2}
{'loss': 3.0027, 'grad_norm': 0.29083895683288574, 'learning_rate': 0.000929224396800933, 'epoch': 0.2}
{'loss': 2.9645, 'grad_norm': 0.29970449209213257, 'learning_rate': 0.0009291220565787829, 'epoch': 0.2}
{'loss': 3.0754, 'grad_norm': 0.27774298191070557, 'learning_rate': 0.0009290196480631199, 'epoch': 0.2}
{'loss': 3.1172, 'grad_norm': 0.2630889415740967, 'learning_rate': 0.000928917171270242, 'epoch': 0.2}
{'loss': 3.0571, 'grad_norm': 0.2995377480983734, 'learning_rate': 0.0009288146262164583, 'epoch': 0.2}
{'loss': 3.0679, 'grad_norm': 0.29534032940864563, 'learning_rate': 0.0009287120129180883, 'epoch': 0.2}
{'loss': 3.1814, 'grad_norm': 0.3053033947944641, 'learning_rate': 0.0009286093313914627, 'epoch': 0.2}
{'loss': 3.0971, 'grad_norm': 0.2921113073825836, 'learning_rate': 0.000928506581652923, 'epoch': 0.2}
{'loss': 3.2742, 'grad_norm': 0.3073316812515259, 'learning_rate': 0.0009284037637188214, 'epoch': 0.2}
{'loss': 3.0556, 'grad_norm': 0.3163225054740906, 'learning_rate': 0.0009283008776055213, 'epoch': 0.2}
{'loss': 3.0771, 'grad_norm': 0.2872121036052704, 'learning_rate': 0.0009281979233293964, 'epoch': 0.2}
{'loss': 3.0181, 'grad_norm': 0.29415181279182434, 'learning_rate': 0.0009280949009068321, 'epoch': 0.2}
{'loss': 2.9259, 'grad_norm': 0.31547248363494873, 'learning_rate': 0.0009279918103542236, 'epoch': 0.2}
{'loss': 3.0345, 'grad_norm': 0.2885376513004303, 'learning_rate': 0.0009278886516879774, 'epoch': 0.2}
{'loss': 3.0009, 'grad_norm': 0.27609530091285706, 'learning_rate': 0.0009277854249245112, 'epoch': 0.2}
{'loss': 2.989, 'grad_norm': 0.2866465747356415, 'learning_rate': 0.0009276821300802534, 'epoch': 0.2}
{'loss': 2.9832, 'grad_norm': 0.3110053539276123, 'learning_rate': 0.0009275787671716427, 'epoch': 0.2}
{'loss': 3.2517, 'grad_norm': 0.28318315744400024, 'learning_rate': 0.0009274753362151291, 'epoch': 0.2}
{'loss': 3.1733, 'grad_norm': 0.2919035255908966, 'learning_rate': 0.0009273718372271733, 'epoch': 0.2}
{'loss': 3.0782, 'grad_norm': 0.3215574026107788, 'learning_rate': 0.000927268270224247, 'epoch': 0.2}
{'loss': 3.0816, 'grad_norm': 0.278163343667984, 'learning_rate': 0.0009271646352228324, 'epoch': 0.2}
{'loss': 3.2522, 'grad_norm': 0.29958152770996094, 'learning_rate': 0.000927060932239423, 'epoch': 0.2}
{'loss': 3.0637, 'grad_norm': 0.30316978693008423, 'learning_rate': 0.0009269571612905226, 'epoch': 0.2}
{'loss': 3.1221, 'grad_norm': 0.3058415949344635, 'learning_rate': 0.0009268533223926459, 'epoch': 0.2}
{'loss': 3.2372, 'grad_norm': 0.28502216935157776, 'learning_rate': 0.0009267494155623189, 'epoch': 0.2}
{'loss': 3.003, 'grad_norm': 0.3185386061668396, 'learning_rate': 0.0009266454408160778, 'epoch': 0.2}
{'loss': 3.1317, 'grad_norm': 0.3166397213935852, 'learning_rate': 0.00092654139817047, 'epoch': 0.2}
{'loss': 3.1598, 'grad_norm': 0.3064710795879364, 'learning_rate': 0.0009264372876420537, 'epoch': 0.2}
{'loss': 3.3116, 'grad_norm': 0.2963370978832245, 'learning_rate': 0.0009263331092473975, 'epoch': 0.2}
{'loss': 3.0151, 'grad_norm': 0.3063217103481293, 'learning_rate': 0.0009262288630030813, 'epoch': 0.2}
{'loss': 2.9815, 'grad_norm': 0.3008885681629181, 'learning_rate': 0.0009261245489256954, 'epoch': 0.2}
{'loss': 3.0201, 'grad_norm': 0.3079284131526947, 'learning_rate': 0.0009260201670318413, 'epoch': 0.2}
{'loss': 3.0302, 'grad_norm': 0.3266136348247528, 'learning_rate': 0.000925915717338131, 'epoch': 0.2}
{'loss': 3.0216, 'grad_norm': 0.311048299074173, 'learning_rate': 0.0009258111998611871, 'epoch': 0.2}
{'loss': 2.9292, 'grad_norm': 0.29373639822006226, 'learning_rate': 0.0009257066146176436, 'epoch': 0.2}
{'loss': 2.897, 'grad_norm': 0.29396775364875793, 'learning_rate': 0.0009256019616241449, 'epoch': 0.2}
{'loss': 3.0493, 'grad_norm': 0.33495041728019714, 'learning_rate': 0.000925497240897346, 'epoch': 0.2}
{'loss': 3.1463, 'grad_norm': 0.3266029953956604, 'learning_rate': 0.000925392452453913, 'epoch': 0.2}
{'loss': 3.0391, 'grad_norm': 0.29668426513671875, 'learning_rate': 0.0009252875963105228, 'epoch': 0.2}
{'loss': 3.1208, 'grad_norm': 0.29713237285614014, 'learning_rate': 0.0009251826724838626, 'epoch': 0.2}
{'loss': 3.1742, 'grad_norm': 0.29288291931152344, 'learning_rate': 0.0009250776809906311, 'epoch': 0.2}
{'loss': 3.3404, 'grad_norm': 0.2886410057544708, 'learning_rate': 0.0009249726218475374, 'epoch': 0.2}
{'loss': 3.0948, 'grad_norm': 0.312112420797348, 'learning_rate': 0.000924867495071301, 'epoch': 0.2}
{'loss': 3.0049, 'grad_norm': 0.2761441767215729, 'learning_rate': 0.0009247623006786527, 'epoch': 0.2}
{'loss': 3.1662, 'grad_norm': 0.26242029666900635, 'learning_rate': 0.000924657038686334, 'epoch': 0.2}
{'loss': 3.2036, 'grad_norm': 0.29478922486305237, 'learning_rate': 0.0009245517091110969, 'epoch': 0.2}
{'loss': 2.9244, 'grad_norm': 0.3086652457714081, 'learning_rate': 0.0009244463119697042, 'epoch': 0.2}
{'loss': 2.9502, 'grad_norm': 0.2787390649318695, 'learning_rate': 0.0009243408472789298, 'epoch': 0.2}
{'loss': 3.0987, 'grad_norm': 0.3109857439994812, 'learning_rate': 0.0009242353150555578, 'epoch': 0.2}
{'loss': 2.9384, 'grad_norm': 0.28232476115226746, 'learning_rate': 0.0009241297153163837, 'epoch': 0.2}
{'loss': 3.1075, 'grad_norm': 0.2884066700935364, 'learning_rate': 0.0009240240480782129, 'epoch': 0.2}
{'loss': 3.0239, 'grad_norm': 0.3130680024623871, 'learning_rate': 0.0009239183133578626, 'epoch': 0.2}
{'loss': 3.057, 'grad_norm': 0.3042622208595276, 'learning_rate': 0.0009238125111721598, 'epoch': 0.2}
{'loss': 3.107, 'grad_norm': 0.2985151708126068, 'learning_rate': 0.0009237066415379427, 'epoch': 0.2}
{'loss': 3.063, 'grad_norm': 0.27492183446884155, 'learning_rate': 0.00092360070447206, 'epoch': 0.2}
{'loss': 3.1229, 'grad_norm': 0.32053810358047485, 'learning_rate': 0.0009234946999913716, 'epoch': 0.2}
{'loss': 3.1215, 'grad_norm': 0.3078973889350891, 'learning_rate': 0.0009233886281127475, 'epoch': 0.2}
{'loss': 3.0307, 'grad_norm': 0.31398341059684753, 'learning_rate': 0.0009232824888530689, 'epoch': 0.2}
{'loss': 3.0836, 'grad_norm': 0.31749919056892395, 'learning_rate': 0.0009231762822292276, 'epoch': 0.2}
{'loss': 3.0303, 'grad_norm': 0.27668827772140503, 'learning_rate': 0.0009230700082581257, 'epoch': 0.2}
{'loss': 2.925, 'grad_norm': 0.2937730848789215, 'learning_rate': 0.0009229636669566768, 'epoch': 0.2}
{'loss': 3.1409, 'grad_norm': 0.31594347953796387, 'learning_rate': 0.0009228572583418046, 'epoch': 0.2}
{'loss': 3.0984, 'grad_norm': 0.28830936551094055, 'learning_rate': 0.0009227507824304437, 'epoch': 0.2}
{'loss': 3.0819, 'grad_norm': 0.3008127510547638, 'learning_rate': 0.0009226442392395396, 'epoch': 0.2}
{'loss': 3.0239, 'grad_norm': 0.3050864636898041, 'learning_rate': 0.0009225376287860483, 'epoch': 0.2}
{'loss': 2.9839, 'grad_norm': 0.33128154277801514, 'learning_rate': 0.0009224309510869363, 'epoch': 0.2}
{'loss': 3.152, 'grad_norm': 0.3043467402458191, 'learning_rate': 0.0009223242061591813, 'epoch': 0.2}
{'loss': 3.1462, 'grad_norm': 0.3366217017173767, 'learning_rate': 0.0009222173940197714, 'epoch': 0.2}
{'loss': 3.0415, 'grad_norm': 0.2757328450679779, 'learning_rate': 0.0009221105146857054, 'epoch': 0.2}
{'loss': 3.0146, 'grad_norm': 0.29090046882629395, 'learning_rate': 0.0009220035681739928, 'epoch': 0.2}
{'loss': 3.1492, 'grad_norm': 0.27488064765930176, 'learning_rate': 0.0009218965545016538, 'epoch': 0.2}
{'loss': 3.0745, 'grad_norm': 0.3081563711166382, 'learning_rate': 0.0009217894736857195, 'epoch': 0.21}
{'loss': 3.025, 'grad_norm': 0.29900097846984863, 'learning_rate': 0.0009216823257432312, 'epoch': 0.21}
{'loss': 2.9827, 'grad_norm': 0.2890755236148834, 'learning_rate': 0.0009215751106912413, 'epoch': 0.21}
{'loss': 3.0211, 'grad_norm': 0.2847352623939514, 'learning_rate': 0.000921467828546813, 'epoch': 0.21}
{'loss': 3.1248, 'grad_norm': 0.31870004534721375, 'learning_rate': 0.0009213604793270196, 'epoch': 0.21}
{'loss': 2.9984, 'grad_norm': 0.29236412048339844, 'learning_rate': 0.0009212530630489455, 'epoch': 0.21}
{'loss': 3.0804, 'grad_norm': 0.2799859344959259, 'learning_rate': 0.000921145579729686, 'epoch': 0.21}
{'loss': 2.9673, 'grad_norm': 0.2887585163116455, 'learning_rate': 0.0009210380293863462, 'epoch': 0.21}
{'loss': 3.1961, 'grad_norm': 0.28638145327568054, 'learning_rate': 0.0009209304120360428, 'epoch': 0.21}
{'loss': 2.9185, 'grad_norm': 0.3087347149848938, 'learning_rate': 0.0009208227276959027, 'epoch': 0.21}
{'loss': 3.0622, 'grad_norm': 0.29513517022132874, 'learning_rate': 0.0009207149763830636, 'epoch': 0.21}
{'loss': 3.0075, 'grad_norm': 0.29606103897094727, 'learning_rate': 0.0009206071581146735, 'epoch': 0.21}
{'loss': 2.9701, 'grad_norm': 0.29789668321609497, 'learning_rate': 0.0009204992729078918, 'epoch': 0.21}
{'loss': 3.1216, 'grad_norm': 0.2837529480457306, 'learning_rate': 0.000920391320779888, 'epoch': 0.21}
{'loss': 3.2266, 'grad_norm': 0.2957080900669098, 'learning_rate': 0.0009202833017478421, 'epoch': 0.21}
{'loss': 3.113, 'grad_norm': 0.32391148805618286, 'learning_rate': 0.0009201752158289454, 'epoch': 0.21}
{'loss': 3.0006, 'grad_norm': 0.29663172364234924, 'learning_rate': 0.000920067063040399, 'epoch': 0.21}
{'loss': 3.0489, 'grad_norm': 0.2612832188606262, 'learning_rate': 0.0009199588433994155, 'epoch': 0.21}
{'loss': 3.1196, 'grad_norm': 0.3035397231578827, 'learning_rate': 0.0009198505569232176, 'epoch': 0.21}
{'loss': 3.118, 'grad_norm': 0.3045960068702698, 'learning_rate': 0.0009197422036290386, 'epoch': 0.21}
{'loss': 3.1511, 'grad_norm': 0.3154946267604828, 'learning_rate': 0.0009196337835341229, 'epoch': 0.21}
{'loss': 3.0961, 'grad_norm': 0.2802198529243469, 'learning_rate': 0.0009195252966557251, 'epoch': 0.21}
{'loss': 3.0955, 'grad_norm': 0.2956969738006592, 'learning_rate': 0.0009194167430111105, 'epoch': 0.21}
{'loss': 3.0463, 'grad_norm': 0.3262366056442261, 'learning_rate': 0.0009193081226175553, 'epoch': 0.21}
{'loss': 3.0007, 'grad_norm': 0.28714218735694885, 'learning_rate': 0.0009191994354923458, 'epoch': 0.21}
{'loss': 3.0813, 'grad_norm': 0.290435254573822, 'learning_rate': 0.0009190906816527796, 'epoch': 0.21}
{'loss': 3.0173, 'grad_norm': 0.3252050578594208, 'learning_rate': 0.0009189818611161642, 'epoch': 0.21}
{'loss': 3.0743, 'grad_norm': 0.31047487258911133, 'learning_rate': 0.0009188729738998183, 'epoch': 0.21}
{'loss': 2.9975, 'grad_norm': 0.3165571093559265, 'learning_rate': 0.0009187640200210709, 'epoch': 0.21}
{'loss': 3.0346, 'grad_norm': 0.28642237186431885, 'learning_rate': 0.0009186549994972617, 'epoch': 0.21}
{'loss': 3.0903, 'grad_norm': 0.2945030927658081, 'learning_rate': 0.000918545912345741, 'epoch': 0.21}
{'loss': 3.101, 'grad_norm': 0.318870484828949, 'learning_rate': 0.0009184367585838698, 'epoch': 0.21}
{'loss': 3.1228, 'grad_norm': 0.2943416237831116, 'learning_rate': 0.0009183275382290194, 'epoch': 0.21}
{'loss': 3.1304, 'grad_norm': 0.30114760994911194, 'learning_rate': 0.0009182182512985722, 'epoch': 0.21}
{'loss': 2.9648, 'grad_norm': 0.2887533903121948, 'learning_rate': 0.0009181088978099203, 'epoch': 0.21}
{'loss': 3.1022, 'grad_norm': 0.2964777946472168, 'learning_rate': 0.0009179994777804677, 'epoch': 0.21}
{'loss': 3.1509, 'grad_norm': 0.31924834847450256, 'learning_rate': 0.0009178899912276279, 'epoch': 0.21}
{'loss': 3.0643, 'grad_norm': 0.3262571394443512, 'learning_rate': 0.0009177804381688254, 'epoch': 0.21}
{'loss': 3.0824, 'grad_norm': 0.30222946405410767, 'learning_rate': 0.0009176708186214952, 'epoch': 0.21}
{'loss': 2.9706, 'grad_norm': 0.30444779992103577, 'learning_rate': 0.000917561132603083, 'epoch': 0.21}
{'loss': 3.2165, 'grad_norm': 0.2969416379928589, 'learning_rate': 0.0009174513801310451, 'epoch': 0.21}
{'loss': 2.981, 'grad_norm': 0.2736806571483612, 'learning_rate': 0.0009173415612228482, 'epoch': 0.21}
{'loss': 2.9575, 'grad_norm': 0.30221986770629883, 'learning_rate': 0.0009172316758959695, 'epoch': 0.21}
{'loss': 3.1281, 'grad_norm': 0.29252922534942627, 'learning_rate': 0.0009171217241678973, 'epoch': 0.21}
{'loss': 3.0574, 'grad_norm': 0.3111359179019928, 'learning_rate': 0.0009170117060561296, 'epoch': 0.21}
{'loss': 3.0972, 'grad_norm': 0.30516567826271057, 'learning_rate': 0.0009169016215781758, 'epoch': 0.21}
{'loss': 3.1041, 'grad_norm': 0.2915603220462799, 'learning_rate': 0.0009167914707515556, 'epoch': 0.21}
{'loss': 2.9931, 'grad_norm': 0.29967206716537476, 'learning_rate': 0.0009166812535937989, 'epoch': 0.21}
{'loss': 2.9556, 'grad_norm': 0.2630820870399475, 'learning_rate': 0.0009165709701224465, 'epoch': 0.21}
{'loss': 2.922, 'grad_norm': 0.2782852351665497, 'learning_rate': 0.0009164606203550497, 'epoch': 0.21}
{'loss': 3.1329, 'grad_norm': 0.2930852174758911, 'learning_rate': 0.0009163502043091705, 'epoch': 0.21}
{'loss': 3.0417, 'grad_norm': 0.2809057831764221, 'learning_rate': 0.0009162397220023813, 'epoch': 0.21}
{'loss': 3.0421, 'grad_norm': 0.272152304649353, 'learning_rate': 0.0009161291734522647, 'epoch': 0.21}
{'loss': 2.9952, 'grad_norm': 0.30486786365509033, 'learning_rate': 0.0009160185586764145, 'epoch': 0.21}
{'loss': 3.0456, 'grad_norm': 0.31267258524894714, 'learning_rate': 0.0009159078776924346, 'epoch': 0.21}
{'loss': 2.9929, 'grad_norm': 0.29905077815055847, 'learning_rate': 0.0009157971305179394, 'epoch': 0.21}
{'loss': 3.0956, 'grad_norm': 0.2993457615375519, 'learning_rate': 0.0009156863171705543, 'epoch': 0.21}
{'loss': 2.8982, 'grad_norm': 0.30910125374794006, 'learning_rate': 0.0009155754376679148, 'epoch': 0.21}
{'loss': 3.0122, 'grad_norm': 0.3388676047325134, 'learning_rate': 0.0009154644920276669, 'epoch': 0.21}
{'loss': 3.1325, 'grad_norm': 0.2969930171966553, 'learning_rate': 0.0009153534802674673, 'epoch': 0.21}
{'loss': 3.1576, 'grad_norm': 0.2943635582923889, 'learning_rate': 0.0009152424024049835, 'epoch': 0.21}
{'loss': 3.1681, 'grad_norm': 0.30538979172706604, 'learning_rate': 0.0009151312584578928, 'epoch': 0.21}
{'loss': 2.9383, 'grad_norm': 0.2911384403705597, 'learning_rate': 0.0009150200484438838, 'epoch': 0.21}
{'loss': 3.044, 'grad_norm': 0.27399829030036926, 'learning_rate': 0.0009149087723806549, 'epoch': 0.21}
{'loss': 3.261, 'grad_norm': 0.3193393349647522, 'learning_rate': 0.0009147974302859157, 'epoch': 0.21}
{'loss': 2.9574, 'grad_norm': 0.2820088267326355, 'learning_rate': 0.0009146860221773856, 'epoch': 0.21}
{'loss': 2.9959, 'grad_norm': 0.28523966670036316, 'learning_rate': 0.0009145745480727952, 'epoch': 0.21}
{'loss': 2.886, 'grad_norm': 0.2855329215526581, 'learning_rate': 0.000914463007989885, 'epoch': 0.21}
{'loss': 2.9401, 'grad_norm': 0.279233455657959, 'learning_rate': 0.0009143514019464065, 'epoch': 0.21}
{'loss': 3.242, 'grad_norm': 0.30219921469688416, 'learning_rate': 0.0009142397299601215, 'epoch': 0.21}
{'loss': 2.9816, 'grad_norm': 0.3038744330406189, 'learning_rate': 0.0009141279920488022, 'epoch': 0.21}
{'loss': 3.0355, 'grad_norm': 0.29522353410720825, 'learning_rate': 0.0009140161882302311, 'epoch': 0.21}
{'loss': 3.0287, 'grad_norm': 0.2995767295360565, 'learning_rate': 0.0009139043185222018, 'epoch': 0.21}
{'loss': 3.022, 'grad_norm': 0.2879212498664856, 'learning_rate': 0.0009137923829425178, 'epoch': 0.21}
{'loss': 3.0209, 'grad_norm': 0.28366851806640625, 'learning_rate': 0.0009136803815089936, 'epoch': 0.21}
{'loss': 3.3029, 'grad_norm': 0.3232012987136841, 'learning_rate': 0.0009135683142394535, 'epoch': 0.21}
{'loss': 3.1822, 'grad_norm': 0.30822256207466125, 'learning_rate': 0.000913456181151733, 'epoch': 0.21}
{'loss': 2.8166, 'grad_norm': 0.30506157875061035, 'learning_rate': 0.0009133439822636778, 'epoch': 0.21}
{'loss': 3.0793, 'grad_norm': 0.3024594485759735, 'learning_rate': 0.0009132317175931437, 'epoch': 0.21}
{'loss': 2.9734, 'grad_norm': 0.28151074051856995, 'learning_rate': 0.0009131193871579975, 'epoch': 0.21}
{'loss': 3.0379, 'grad_norm': 0.2728441059589386, 'learning_rate': 0.0009130069909761162, 'epoch': 0.21}
{'loss': 3.0198, 'grad_norm': 0.28422391414642334, 'learning_rate': 0.0009128945290653873, 'epoch': 0.22}
{'loss': 3.1455, 'grad_norm': 0.2923310399055481, 'learning_rate': 0.000912782001443709, 'epoch': 0.22}
{'loss': 3.086, 'grad_norm': 0.2901958227157593, 'learning_rate': 0.0009126694081289894, 'epoch': 0.22}
{'loss': 3.1988, 'grad_norm': 0.303859144449234, 'learning_rate': 0.0009125567491391475, 'epoch': 0.22}
{'loss': 3.0225, 'grad_norm': 0.3029049038887024, 'learning_rate': 0.000912444024492113, 'epoch': 0.22}
{'loss': 3.0589, 'grad_norm': 0.3092014789581299, 'learning_rate': 0.000912331234205825, 'epoch': 0.22}
{'loss': 3.094, 'grad_norm': 0.2791074216365814, 'learning_rate': 0.0009122183782982345, 'epoch': 0.22}
{'loss': 3.108, 'grad_norm': 0.2880813181400299, 'learning_rate': 0.0009121054567873017, 'epoch': 0.22}
{'loss': 3.2201, 'grad_norm': 0.2729525566101074, 'learning_rate': 0.0009119924696909978, 'epoch': 0.22}
{'loss': 3.074, 'grad_norm': 0.25233447551727295, 'learning_rate': 0.0009118794170273046, 'epoch': 0.22}
{'loss': 3.1036, 'grad_norm': 0.26502305269241333, 'learning_rate': 0.0009117662988142137, 'epoch': 0.22}
{'loss': 3.1584, 'grad_norm': 0.3063126504421234, 'learning_rate': 0.0009116531150697278, 'epoch': 0.22}
{'loss': 3.1166, 'grad_norm': 0.2772116959095001, 'learning_rate': 0.0009115398658118599, 'epoch': 0.22}
{'loss': 3.2179, 'grad_norm': 0.29337817430496216, 'learning_rate': 0.0009114265510586328, 'epoch': 0.22}
{'loss': 3.0863, 'grad_norm': 0.294366717338562, 'learning_rate': 0.0009113131708280807, 'epoch': 0.22}
{'loss': 2.9139, 'grad_norm': 0.27126145362854004, 'learning_rate': 0.0009111997251382475, 'epoch': 0.22}
{'loss': 2.857, 'grad_norm': 0.281572550535202, 'learning_rate': 0.0009110862140071878, 'epoch': 0.22}
{'loss': 3.2172, 'grad_norm': 0.27866971492767334, 'learning_rate': 0.0009109726374529665, 'epoch': 0.22}
{'loss': 3.0319, 'grad_norm': 0.2712680697441101, 'learning_rate': 0.0009108589954936591, 'epoch': 0.22}
{'loss': 2.9716, 'grad_norm': 0.33038005232810974, 'learning_rate': 0.0009107452881473513, 'epoch': 0.22}
{'loss': 3.159, 'grad_norm': 0.31341686844825745, 'learning_rate': 0.0009106315154321392, 'epoch': 0.22}
{'loss': 3.0845, 'grad_norm': 0.3011581599712372, 'learning_rate': 0.0009105176773661297, 'epoch': 0.22}
{'loss': 3.0988, 'grad_norm': 0.3279440104961395, 'learning_rate': 0.0009104037739674394, 'epoch': 0.22}
{'loss': 2.9351, 'grad_norm': 0.3049761652946472, 'learning_rate': 0.0009102898052541958, 'epoch': 0.22}
{'loss': 3.1593, 'grad_norm': 0.2746643126010895, 'learning_rate': 0.0009101757712445369, 'epoch': 0.22}
{'loss': 3.1159, 'grad_norm': 0.29543960094451904, 'learning_rate': 0.0009100616719566106, 'epoch': 0.22}
{'loss': 3.0408, 'grad_norm': 0.3407546281814575, 'learning_rate': 0.0009099475074085757, 'epoch': 0.22}
{'loss': 3.0236, 'grad_norm': 0.28209298849105835, 'learning_rate': 0.000909833277618601, 'epoch': 0.22}
{'loss': 3.0734, 'grad_norm': 0.3113178014755249, 'learning_rate': 0.000909718982604866, 'epoch': 0.22}
{'loss': 3.0741, 'grad_norm': 0.2784172594547272, 'learning_rate': 0.0009096046223855601, 'epoch': 0.22}
{'loss': 3.0944, 'grad_norm': 0.2680228352546692, 'learning_rate': 0.0009094901969788838, 'epoch': 0.22}
{'loss': 2.9724, 'grad_norm': 0.2840506136417389, 'learning_rate': 0.0009093757064030472, 'epoch': 0.22}
{'loss': 3.0033, 'grad_norm': 0.29096719622612, 'learning_rate': 0.0009092611506762714, 'epoch': 0.22}
{'loss': 3.0995, 'grad_norm': 0.3529736399650574, 'learning_rate': 0.0009091465298167876, 'epoch': 0.22}
{'loss': 3.1057, 'grad_norm': 0.28880828619003296, 'learning_rate': 0.0009090318438428371, 'epoch': 0.22}
{'loss': 2.9199, 'grad_norm': 0.27532172203063965, 'learning_rate': 0.0009089170927726722, 'epoch': 0.22}
{'loss': 3.0013, 'grad_norm': 0.29838472604751587, 'learning_rate': 0.0009088022766245548, 'epoch': 0.22}
{'loss': 3.0076, 'grad_norm': 0.29170316457748413, 'learning_rate': 0.0009086873954167579, 'epoch': 0.22}
{'loss': 3.0718, 'grad_norm': 0.27530279755592346, 'learning_rate': 0.0009085724491675642, 'epoch': 0.22}
{'loss': 3.1856, 'grad_norm': 0.28865501284599304, 'learning_rate': 0.0009084574378952675, 'epoch': 0.22}
{'loss': 3.0315, 'grad_norm': 0.29130688309669495, 'learning_rate': 0.000908342361618171, 'epoch': 0.22}
{'loss': 3.101, 'grad_norm': 0.29433807730674744, 'learning_rate': 0.000908227220354589, 'epoch': 0.22}
{'loss': 3.104, 'grad_norm': 0.2779855728149414, 'learning_rate': 0.0009081120141228461, 'epoch': 0.22}
{'loss': 3.1152, 'grad_norm': 0.2977651357650757, 'learning_rate': 0.0009079967429412765, 'epoch': 0.22}
{'loss': 2.9796, 'grad_norm': 0.26186659932136536, 'learning_rate': 0.0009078814068282258, 'epoch': 0.22}
{'loss': 3.0345, 'grad_norm': 0.28865790367126465, 'learning_rate': 0.0009077660058020491, 'epoch': 0.22}
{'loss': 2.9158, 'grad_norm': 0.2770763039588928, 'learning_rate': 0.0009076505398811122, 'epoch': 0.22}
{'loss': 3.0393, 'grad_norm': 0.3065333962440491, 'learning_rate': 0.0009075350090837912, 'epoch': 0.22}
{'loss': 3.1639, 'grad_norm': 0.3127005696296692, 'learning_rate': 0.0009074194134284726, 'epoch': 0.22}
{'loss': 2.8977, 'grad_norm': 0.28451621532440186, 'learning_rate': 0.0009073037529335526, 'epoch': 0.22}
{'loss': 3.0861, 'grad_norm': 0.2790011465549469, 'learning_rate': 0.0009071880276174389, 'epoch': 0.22}
{'loss': 3.0118, 'grad_norm': 0.29469752311706543, 'learning_rate': 0.0009070722374985485, 'epoch': 0.22}
{'loss': 2.9257, 'grad_norm': 0.3187321424484253, 'learning_rate': 0.000906956382595309, 'epoch': 0.22}
{'loss': 3.1263, 'grad_norm': 0.28168919682502747, 'learning_rate': 0.0009068404629261587, 'epoch': 0.22}
{'loss': 3.0015, 'grad_norm': 0.29399818181991577, 'learning_rate': 0.0009067244785095454, 'epoch': 0.22}
{'loss': 3.1218, 'grad_norm': 0.2692878544330597, 'learning_rate': 0.000906608429363928, 'epoch': 0.22}
{'loss': 2.9988, 'grad_norm': 0.28224673867225647, 'learning_rate': 0.0009064923155077753, 'epoch': 0.22}
{'loss': 2.9451, 'grad_norm': 0.3009134829044342, 'learning_rate': 0.0009063761369595665, 'epoch': 0.22}
{'loss': 2.9042, 'grad_norm': 0.41033032536506653, 'learning_rate': 0.0009062598937377911, 'epoch': 0.22}
{'loss': 2.9897, 'grad_norm': 0.2800542116165161, 'learning_rate': 0.0009061435858609486, 'epoch': 0.22}
{'loss': 2.9483, 'grad_norm': 0.2549544870853424, 'learning_rate': 0.0009060272133475495, 'epoch': 0.22}
{'loss': 3.0915, 'grad_norm': 0.27619433403015137, 'learning_rate': 0.0009059107762161139, 'epoch': 0.22}
{'loss': 3.0824, 'grad_norm': 0.3740551769733429, 'learning_rate': 0.0009057942744851722, 'epoch': 0.22}
{'loss': 3.0587, 'grad_norm': 0.30238857865333557, 'learning_rate': 0.0009056777081732659, 'epoch': 0.22}
{'loss': 3.186, 'grad_norm': 0.29266512393951416, 'learning_rate': 0.0009055610772989456, 'epoch': 0.22}
{'loss': 2.996, 'grad_norm': 0.29500147700309753, 'learning_rate': 0.000905444381880773, 'epoch': 0.22}
{'loss': 3.0524, 'grad_norm': 0.2790040075778961, 'learning_rate': 0.0009053276219373199, 'epoch': 0.22}
{'loss': 2.9247, 'grad_norm': 0.27275049686431885, 'learning_rate': 0.0009052107974871684, 'epoch': 0.22}
{'loss': 3.0932, 'grad_norm': 0.3038426339626312, 'learning_rate': 0.0009050939085489104, 'epoch': 0.22}
{'loss': 3.0625, 'grad_norm': 0.3702578842639923, 'learning_rate': 0.0009049769551411486, 'epoch': 0.22}
{'loss': 3.1294, 'grad_norm': 0.31101855635643005, 'learning_rate': 0.0009048599372824959, 'epoch': 0.22}
{'loss': 3.0499, 'grad_norm': 0.28731048107147217, 'learning_rate': 0.0009047428549915753, 'epoch': 0.22}
{'loss': 3.2135, 'grad_norm': 0.29550567269325256, 'learning_rate': 0.0009046257082870201, 'epoch': 0.22}
{'loss': 2.9463, 'grad_norm': 0.26935404539108276, 'learning_rate': 0.0009045084971874737, 'epoch': 0.22}
{'loss': 3.0985, 'grad_norm': 0.2934272587299347, 'learning_rate': 0.0009043912217115901, 'epoch': 0.22}
{'loss': 3.0293, 'grad_norm': 0.2801986038684845, 'learning_rate': 0.0009042738818780333, 'epoch': 0.22}
{'loss': 3.0205, 'grad_norm': 0.3006960153579712, 'learning_rate': 0.0009041564777054776, 'epoch': 0.22}
{'loss': 3.0289, 'grad_norm': 0.2968921959400177, 'learning_rate': 0.0009040390092126074, 'epoch': 0.22}
{'loss': 3.0561, 'grad_norm': 0.2949571907520294, 'learning_rate': 0.0009039214764181175, 'epoch': 0.22}
{'loss': 2.9658, 'grad_norm': 0.288298636674881, 'learning_rate': 0.0009038038793407131, 'epoch': 0.22}
{'loss': 3.1653, 'grad_norm': 0.302301824092865, 'learning_rate': 0.0009036862179991092, 'epoch': 0.22}
{'loss': 2.9639, 'grad_norm': 0.28686049580574036, 'learning_rate': 0.0009035684924120313, 'epoch': 0.23}
{'loss': 3.1726, 'grad_norm': 0.3091072738170624, 'learning_rate': 0.0009034507025982153, 'epoch': 0.23}
{'loss': 3.0363, 'grad_norm': 0.29417046904563904, 'learning_rate': 0.0009033328485764067, 'epoch': 0.23}
{'loss': 3.1702, 'grad_norm': 0.29672807455062866, 'learning_rate': 0.0009032149303653621, 'epoch': 0.23}
{'loss': 3.1325, 'grad_norm': 0.31020399928092957, 'learning_rate': 0.0009030969479838474, 'epoch': 0.23}
{'loss': 2.9878, 'grad_norm': 0.3142191767692566, 'learning_rate': 0.0009029789014506393, 'epoch': 0.23}
{'loss': 3.0989, 'grad_norm': 0.257021963596344, 'learning_rate': 0.0009028607907845247, 'epoch': 0.23}
{'loss': 3.1663, 'grad_norm': 0.29114991426467896, 'learning_rate': 0.0009027426160043004, 'epoch': 0.23}
{'loss': 2.9875, 'grad_norm': 0.31621477007865906, 'learning_rate': 0.0009026243771287736, 'epoch': 0.23}
{'loss': 3.1849, 'grad_norm': 0.2863085865974426, 'learning_rate': 0.0009025060741767617, 'epoch': 0.23}
{'loss': 3.1437, 'grad_norm': 0.30205386877059937, 'learning_rate': 0.0009023877071670923, 'epoch': 0.23}
{'loss': 2.976, 'grad_norm': 0.2768438458442688, 'learning_rate': 0.0009022692761186031, 'epoch': 0.23}
{'loss': 3.0774, 'grad_norm': 0.32766300439834595, 'learning_rate': 0.0009021507810501421, 'epoch': 0.23}
{'loss': 2.9593, 'grad_norm': 0.2969132661819458, 'learning_rate': 0.0009020322219805674, 'epoch': 0.23}
{'loss': 3.0711, 'grad_norm': 0.2868674695491791, 'learning_rate': 0.0009019135989287473, 'epoch': 0.23}
{'loss': 2.8315, 'grad_norm': 0.28091567754745483, 'learning_rate': 0.0009017949119135604, 'epoch': 0.23}
{'loss': 3.1668, 'grad_norm': 0.2902202606201172, 'learning_rate': 0.0009016761609538953, 'epoch': 0.23}
{'loss': 2.9912, 'grad_norm': 0.2895192503929138, 'learning_rate': 0.0009015573460686509, 'epoch': 0.23}
{'loss': 3.0762, 'grad_norm': 0.3227137327194214, 'learning_rate': 0.0009014384672767364, 'epoch': 0.23}
{'loss': 3.0461, 'grad_norm': 0.29846471548080444, 'learning_rate': 0.0009013195245970707, 'epoch': 0.23}
{'loss': 3.0366, 'grad_norm': 0.32548844814300537, 'learning_rate': 0.0009012005180485834, 'epoch': 0.23}
{'loss': 2.8628, 'grad_norm': 0.29437965154647827, 'learning_rate': 0.0009010814476502139, 'epoch': 0.23}
{'loss': 2.9165, 'grad_norm': 0.28451812267303467, 'learning_rate': 0.000900962313420912, 'epoch': 0.23}
{'loss': 2.9055, 'grad_norm': 0.3046988844871521, 'learning_rate': 0.0009008431153796375, 'epoch': 0.23}
{'loss': 2.9198, 'grad_norm': 0.3152669072151184, 'learning_rate': 0.0009007238535453606, 'epoch': 0.23}
{'loss': 3.0465, 'grad_norm': 0.2636614739894867, 'learning_rate': 0.0009006045279370612, 'epoch': 0.23}
{'loss': 3.047, 'grad_norm': 0.27827295660972595, 'learning_rate': 0.0009004851385737298, 'epoch': 0.23}
{'loss': 2.9681, 'grad_norm': 0.2858870029449463, 'learning_rate': 0.0009003656854743667, 'epoch': 0.23}
{'loss': 2.9863, 'grad_norm': 0.31773388385772705, 'learning_rate': 0.0009002461686579828, 'epoch': 0.23}
{'loss': 3.1064, 'grad_norm': 0.27731648087501526, 'learning_rate': 0.0009001265881435986, 'epoch': 0.23}
{'loss': 3.203, 'grad_norm': 0.29530659317970276, 'learning_rate': 0.0009000069439502451, 'epoch': 0.23}
{'loss': 3.0188, 'grad_norm': 0.3063749670982361, 'learning_rate': 0.0008998872360969632, 'epoch': 0.23}
{'loss': 3.1319, 'grad_norm': 0.3078155219554901, 'learning_rate': 0.0008997674646028042, 'epoch': 0.23}
{'loss': 3.0365, 'grad_norm': 0.2880740165710449, 'learning_rate': 0.0008996476294868294, 'epoch': 0.23}
{'loss': 2.9766, 'grad_norm': 0.2896917164325714, 'learning_rate': 0.0008995277307681099, 'epoch': 0.23}
{'loss': 3.2193, 'grad_norm': 0.3039705455303192, 'learning_rate': 0.0008994077684657275, 'epoch': 0.23}
{'loss': 3.0642, 'grad_norm': 0.29445865750312805, 'learning_rate': 0.0008992877425987738, 'epoch': 0.23}
{'loss': 3.0008, 'grad_norm': 0.28107813000679016, 'learning_rate': 0.0008991676531863507, 'epoch': 0.23}
{'loss': 2.9289, 'grad_norm': 0.3047807514667511, 'learning_rate': 0.00089904750024757, 'epoch': 0.23}
{'loss': 3.0847, 'grad_norm': 0.28754162788391113, 'learning_rate': 0.0008989272838015534, 'epoch': 0.23}
{'loss': 3.0224, 'grad_norm': 0.26149019598960876, 'learning_rate': 0.0008988070038674333, 'epoch': 0.23}
{'loss': 2.9718, 'grad_norm': 0.30054646730422974, 'learning_rate': 0.0008986866604643517, 'epoch': 0.23}
{'loss': 2.9992, 'grad_norm': 0.2785494029521942, 'learning_rate': 0.0008985662536114613, 'epoch': 0.23}
{'loss': 2.8979, 'grad_norm': 0.2913765013217926, 'learning_rate': 0.000898445783327924, 'epoch': 0.23}
{'loss': 3.024, 'grad_norm': 0.29633110761642456, 'learning_rate': 0.0008983252496329126, 'epoch': 0.23}
{'loss': 3.0648, 'grad_norm': 0.3229796588420868, 'learning_rate': 0.0008982046525456094, 'epoch': 0.23}
{'loss': 3.0376, 'grad_norm': 0.30139416456222534, 'learning_rate': 0.0008980839920852075, 'epoch': 0.23}
{'loss': 3.1146, 'grad_norm': 0.2783378064632416, 'learning_rate': 0.0008979632682709093, 'epoch': 0.23}
{'loss': 3.1083, 'grad_norm': 0.30834174156188965, 'learning_rate': 0.0008978424811219277, 'epoch': 0.23}
{'loss': 3.0817, 'grad_norm': 0.29095426201820374, 'learning_rate': 0.0008977216306574858, 'epoch': 0.23}
{'loss': 3.0671, 'grad_norm': 0.29180246591567993, 'learning_rate': 0.0008976007168968164, 'epoch': 0.23}
{'loss': 3.0473, 'grad_norm': 0.30719617009162903, 'learning_rate': 0.0008974797398591625, 'epoch': 0.23}
{'loss': 3.0983, 'grad_norm': 0.2906498610973358, 'learning_rate': 0.0008973586995637777, 'epoch': 0.23}
{'loss': 3.0428, 'grad_norm': 0.3099682033061981, 'learning_rate': 0.0008972375960299246, 'epoch': 0.23}
{'loss': 3.0913, 'grad_norm': 0.288875550031662, 'learning_rate': 0.0008971164292768768, 'epoch': 0.23}
{'loss': 3.1648, 'grad_norm': 0.324160635471344, 'learning_rate': 0.0008969951993239178, 'epoch': 0.23}
{'loss': 3.118, 'grad_norm': 0.30031833052635193, 'learning_rate': 0.0008968739061903406, 'epoch': 0.23}
{'loss': 2.9976, 'grad_norm': 0.2670729458332062, 'learning_rate': 0.0008967525498954487, 'epoch': 0.23}
{'loss': 3.0709, 'grad_norm': 0.2795923054218292, 'learning_rate': 0.0008966311304585559, 'epoch': 0.23}
{'loss': 3.165, 'grad_norm': 0.27748459577560425, 'learning_rate': 0.0008965096478989856, 'epoch': 0.23}
{'loss': 3.0482, 'grad_norm': 0.2834135890007019, 'learning_rate': 0.0008963881022360713, 'epoch': 0.23}
{'loss': 3.1611, 'grad_norm': 0.31925907731056213, 'learning_rate': 0.0008962664934891567, 'epoch': 0.23}
{'loss': 3.0061, 'grad_norm': 0.26458945870399475, 'learning_rate': 0.0008961448216775954, 'epoch': 0.23}
{'loss': 2.931, 'grad_norm': 0.28788408637046814, 'learning_rate': 0.0008960230868207511, 'epoch': 0.23}
{'loss': 2.9107, 'grad_norm': 0.2842561900615692, 'learning_rate': 0.0008959012889379978, 'epoch': 0.23}
{'loss': 3.0773, 'grad_norm': 0.30748507380485535, 'learning_rate': 0.0008957794280487191, 'epoch': 0.23}
{'loss': 3.101, 'grad_norm': 0.3169640600681305, 'learning_rate': 0.0008956575041723087, 'epoch': 0.23}
{'loss': 3.0835, 'grad_norm': 0.29020553827285767, 'learning_rate': 0.0008955355173281707, 'epoch': 0.23}
{'loss': 3.0433, 'grad_norm': 0.2992022633552551, 'learning_rate': 0.0008954134675357187, 'epoch': 0.23}
{'loss': 3.1121, 'grad_norm': 0.31121787428855896, 'learning_rate': 0.0008952913548143765, 'epoch': 0.23}
{'loss': 2.911, 'grad_norm': 0.2937832176685333, 'learning_rate': 0.0008951691791835783, 'epoch': 0.23}
{'loss': 2.9093, 'grad_norm': 0.28126391768455505, 'learning_rate': 0.0008950469406627677, 'epoch': 0.23}
{'loss': 3.0666, 'grad_norm': 0.27885666489601135, 'learning_rate': 0.0008949246392713987, 'epoch': 0.23}
{'loss': 3.0189, 'grad_norm': 0.2845142185688019, 'learning_rate': 0.0008948022750289353, 'epoch': 0.23}
{'loss': 3.0971, 'grad_norm': 0.29021796584129333, 'learning_rate': 0.0008946798479548512, 'epoch': 0.23}
{'loss': 2.9716, 'grad_norm': 0.283766508102417, 'learning_rate': 0.0008945573580686306, 'epoch': 0.23}
{'loss': 3.2278, 'grad_norm': 0.2975640296936035, 'learning_rate': 0.0008944348053897671, 'epoch': 0.23}
{'loss': 2.9597, 'grad_norm': 0.3030557334423065, 'learning_rate': 0.0008943121899377648, 'epoch': 0.23}
{'loss': 2.9829, 'grad_norm': 0.2687014639377594, 'learning_rate': 0.0008941895117321374, 'epoch': 0.23}
{'loss': 3.1625, 'grad_norm': 0.26992157101631165, 'learning_rate': 0.0008940667707924092, 'epoch': 0.23}
{'loss': 3.1198, 'grad_norm': 0.30797088146209717, 'learning_rate': 0.0008939439671381135, 'epoch': 0.23}
{'loss': 3.0406, 'grad_norm': 0.2793768048286438, 'learning_rate': 0.0008938211007887947, 'epoch': 0.23}
{'loss': 3.1532, 'grad_norm': 0.3093273639678955, 'learning_rate': 0.0008936981717640061, 'epoch': 0.24}
{'loss': 2.9554, 'grad_norm': 0.2810331881046295, 'learning_rate': 0.0008935751800833116, 'epoch': 0.24}
{'loss': 3.0636, 'grad_norm': 0.3295551836490631, 'learning_rate': 0.0008934521257662852, 'epoch': 0.24}
{'loss': 2.9959, 'grad_norm': 0.29549703001976013, 'learning_rate': 0.0008933290088325106, 'epoch': 0.24}
{'loss': 3.2408, 'grad_norm': 0.3325655162334442, 'learning_rate': 0.0008932058293015813, 'epoch': 0.24}
{'loss': 3.043, 'grad_norm': 0.2878448963165283, 'learning_rate': 0.0008930825871931012, 'epoch': 0.24}
{'loss': 3.0205, 'grad_norm': 0.27476128935813904, 'learning_rate': 0.0008929592825266837, 'epoch': 0.24}
{'loss': 3.0885, 'grad_norm': 0.3058360517024994, 'learning_rate': 0.0008928359153219524, 'epoch': 0.24}
{'loss': 2.9784, 'grad_norm': 0.27715641260147095, 'learning_rate': 0.0008927124855985409, 'epoch': 0.24}
{'loss': 2.8837, 'grad_norm': 0.29771581292152405, 'learning_rate': 0.0008925889933760928, 'epoch': 0.24}
{'loss': 3.1463, 'grad_norm': 0.28095725178718567, 'learning_rate': 0.0008924654386742613, 'epoch': 0.24}
{'loss': 2.9898, 'grad_norm': 0.27805596590042114, 'learning_rate': 0.0008923418215127098, 'epoch': 0.24}
{'loss': 2.9289, 'grad_norm': 0.3238471448421478, 'learning_rate': 0.0008922181419111117, 'epoch': 0.24}
{'loss': 2.9509, 'grad_norm': 0.2726293206214905, 'learning_rate': 0.0008920943998891503, 'epoch': 0.24}
{'loss': 2.8999, 'grad_norm': 0.2746375501155853, 'learning_rate': 0.0008919705954665187, 'epoch': 0.24}
{'loss': 2.8987, 'grad_norm': 0.28982728719711304, 'learning_rate': 0.0008918467286629199, 'epoch': 0.24}
{'loss': 3.0396, 'grad_norm': 0.31442734599113464, 'learning_rate': 0.0008917227994980671, 'epoch': 0.24}
{'loss': 2.9768, 'grad_norm': 0.29900893568992615, 'learning_rate': 0.0008915988079916833, 'epoch': 0.24}
{'loss': 3.1644, 'grad_norm': 0.3136817514896393, 'learning_rate': 0.0008914747541635011, 'epoch': 0.24}
{'loss': 2.9509, 'grad_norm': 0.29717910289764404, 'learning_rate': 0.0008913506380332634, 'epoch': 0.24}
{'loss': 3.0577, 'grad_norm': 0.30586913228034973, 'learning_rate': 0.0008912264596207233, 'epoch': 0.24}
{'loss': 3.087, 'grad_norm': 0.28305503726005554, 'learning_rate': 0.0008911022189456429, 'epoch': 0.24}
{'loss': 3.0673, 'grad_norm': 0.28433433175086975, 'learning_rate': 0.0008909779160277951, 'epoch': 0.24}
{'loss': 2.9124, 'grad_norm': 0.27418458461761475, 'learning_rate': 0.0008908535508869622, 'epoch': 0.24}
{'loss': 3.0862, 'grad_norm': 0.3029136061668396, 'learning_rate': 0.0008907291235429364, 'epoch': 0.24}
{'loss': 3.1, 'grad_norm': 0.32816505432128906, 'learning_rate': 0.0008906046340155202, 'epoch': 0.24}
{'loss': 2.9143, 'grad_norm': 0.2963213324546814, 'learning_rate': 0.0008904800823245257, 'epoch': 0.24}
{'loss': 3.0253, 'grad_norm': 0.3108510375022888, 'learning_rate': 0.0008903554684897748, 'epoch': 0.24}
{'loss': 3.0521, 'grad_norm': 0.31871864199638367, 'learning_rate': 0.0008902307925310998, 'epoch': 0.24}
{'loss': 3.0744, 'grad_norm': 0.27025529742240906, 'learning_rate': 0.0008901060544683418, 'epoch': 0.24}
{'loss': 3.0473, 'grad_norm': 0.3012189269065857, 'learning_rate': 0.0008899812543213531, 'epoch': 0.24}
{'loss': 2.956, 'grad_norm': 0.26920223236083984, 'learning_rate': 0.000889856392109995, 'epoch': 0.24}
{'loss': 2.9902, 'grad_norm': 0.28228989243507385, 'learning_rate': 0.0008897314678541393, 'epoch': 0.24}
{'loss': 2.9305, 'grad_norm': 0.30648964643478394, 'learning_rate': 0.0008896064815736667, 'epoch': 0.24}
{'loss': 3.0139, 'grad_norm': 0.34068530797958374, 'learning_rate': 0.0008894814332884691, 'epoch': 0.24}
{'loss': 3.069, 'grad_norm': 0.25846609473228455, 'learning_rate': 0.0008893563230184471, 'epoch': 0.24}
{'loss': 3.0283, 'grad_norm': 0.269866406917572, 'learning_rate': 0.0008892311507835117, 'epoch': 0.24}
{'loss': 2.9372, 'grad_norm': 0.30777040123939514, 'learning_rate': 0.0008891059166035839, 'epoch': 0.24}
{'loss': 3.1572, 'grad_norm': 0.27494895458221436, 'learning_rate': 0.0008889806204985942, 'epoch': 0.24}
{'loss': 3.0035, 'grad_norm': 0.2952450215816498, 'learning_rate': 0.0008888552624884829, 'epoch': 0.24}
{'loss': 3.0192, 'grad_norm': 0.2994691729545593, 'learning_rate': 0.0008887298425932009, 'epoch': 0.24}
{'loss': 2.9, 'grad_norm': 0.30834081768989563, 'learning_rate': 0.0008886043608327079, 'epoch': 0.24}
{'loss': 3.1398, 'grad_norm': 0.28512871265411377, 'learning_rate': 0.0008884788172269742, 'epoch': 0.24}
{'loss': 3.1526, 'grad_norm': 0.30765295028686523, 'learning_rate': 0.0008883532117959797, 'epoch': 0.24}
{'loss': 3.1277, 'grad_norm': 0.3166995048522949, 'learning_rate': 0.0008882275445597138, 'epoch': 0.24}
{'loss': 3.0228, 'grad_norm': 0.2822439670562744, 'learning_rate': 0.0008881018155381766, 'epoch': 0.24}
{'loss': 3.193, 'grad_norm': 0.2912135720252991, 'learning_rate': 0.000887976024751377, 'epoch': 0.24}
{'loss': 3.1116, 'grad_norm': 0.27671584486961365, 'learning_rate': 0.0008878501722193347, 'epoch': 0.24}
{'loss': 3.1547, 'grad_norm': 0.2914297878742218, 'learning_rate': 0.0008877242579620786, 'epoch': 0.24}
{'loss': 3.1447, 'grad_norm': 0.26394981145858765, 'learning_rate': 0.0008875982819996473, 'epoch': 0.24}
{'loss': 2.9792, 'grad_norm': 0.29234692454338074, 'learning_rate': 0.0008874722443520898, 'epoch': 0.24}
{'loss': 3.1174, 'grad_norm': 0.28168219327926636, 'learning_rate': 0.0008873461450394646, 'epoch': 0.24}
{'loss': 3.1453, 'grad_norm': 0.30678385496139526, 'learning_rate': 0.0008872199840818401, 'epoch': 0.24}
{'loss': 2.9984, 'grad_norm': 0.2822672128677368, 'learning_rate': 0.000887093761499294, 'epoch': 0.24}
{'loss': 3.1685, 'grad_norm': 0.2959803640842438, 'learning_rate': 0.0008869674773119147, 'epoch': 0.24}
{'loss': 3.1113, 'grad_norm': 0.30357715487480164, 'learning_rate': 0.0008868411315398, 'epoch': 0.24}
{'loss': 2.9603, 'grad_norm': 0.2638986110687256, 'learning_rate': 0.0008867147242030572, 'epoch': 0.24}
{'loss': 3.0959, 'grad_norm': 0.2696203291416168, 'learning_rate': 0.0008865882553218036, 'epoch': 0.24}
{'loss': 3.0989, 'grad_norm': 0.2888374924659729, 'learning_rate': 0.0008864617249161667, 'epoch': 0.24}
{'loss': 2.9442, 'grad_norm': 0.28922292590141296, 'learning_rate': 0.0008863351330062832, 'epoch': 0.24}
{'loss': 2.9138, 'grad_norm': 0.2993856370449066, 'learning_rate': 0.0008862084796122997, 'epoch': 0.24}
{'loss': 2.9793, 'grad_norm': 0.2968774735927582, 'learning_rate': 0.000886081764754373, 'epoch': 0.24}
{'loss': 2.9632, 'grad_norm': 0.27475056052207947, 'learning_rate': 0.0008859549884526694, 'epoch': 0.24}
{'loss': 3.0633, 'grad_norm': 0.2807067930698395, 'learning_rate': 0.0008858281507273648, 'epoch': 0.24}
{'loss': 3.2088, 'grad_norm': 0.30723729729652405, 'learning_rate': 0.0008857012515986452, 'epoch': 0.24}
{'loss': 2.8704, 'grad_norm': 0.3050678074359894, 'learning_rate': 0.0008855742910867059, 'epoch': 0.24}
{'loss': 3.1156, 'grad_norm': 0.3020508587360382, 'learning_rate': 0.0008854472692117525, 'epoch': 0.24}
{'loss': 3.1137, 'grad_norm': 0.2834537625312805, 'learning_rate': 0.0008853201859940005, 'epoch': 0.24}
{'loss': 3.1459, 'grad_norm': 0.3031746745109558, 'learning_rate': 0.0008851930414536742, 'epoch': 0.24}
{'loss': 3.0432, 'grad_norm': 0.2857774794101715, 'learning_rate': 0.0008850658356110088, 'epoch': 0.24}
{'loss': 2.9548, 'grad_norm': 0.31114041805267334, 'learning_rate': 0.0008849385684862484, 'epoch': 0.24}
{'loss': 3.0962, 'grad_norm': 0.2626548707485199, 'learning_rate': 0.0008848112400996473, 'epoch': 0.24}
{'loss': 3.0375, 'grad_norm': 0.2699059247970581, 'learning_rate': 0.0008846838504714693, 'epoch': 0.24}
{'loss': 2.9377, 'grad_norm': 0.29371434450149536, 'learning_rate': 0.0008845563996219885, 'epoch': 0.24}
{'loss': 3.0518, 'grad_norm': 0.3085191249847412, 'learning_rate': 0.0008844288875714881, 'epoch': 0.24}
{'loss': 3.1157, 'grad_norm': 0.26978933811187744, 'learning_rate': 0.000884301314340261, 'epoch': 0.24}
{'loss': 3.0805, 'grad_norm': 0.2971097528934479, 'learning_rate': 0.0008841736799486105, 'epoch': 0.24}
{'loss': 2.9675, 'grad_norm': 0.2847127616405487, 'learning_rate': 0.0008840459844168488, 'epoch': 0.24}
{'loss': 2.9833, 'grad_norm': 0.29990217089653015, 'learning_rate': 0.0008839182277652988, 'epoch': 0.24}
{'loss': 3.0321, 'grad_norm': 0.31009745597839355, 'learning_rate': 0.0008837904100142921, 'epoch': 0.24}
{'loss': 3.0459, 'grad_norm': 0.27306777238845825, 'learning_rate': 0.0008836625311841711, 'epoch': 0.24}
{'loss': 3.154, 'grad_norm': 0.31479594111442566, 'learning_rate': 0.0008835345912952866, 'epoch': 0.25}
{'loss': 3.092, 'grad_norm': 0.3005087375640869, 'learning_rate': 0.0008834065903680005, 'epoch': 0.25}
{'loss': 2.9684, 'grad_norm': 0.31760480999946594, 'learning_rate': 0.0008832785284226835, 'epoch': 0.25}
{'loss': 3.159, 'grad_norm': 0.29900699853897095, 'learning_rate': 0.0008831504054797162, 'epoch': 0.25}
{'loss': 2.8833, 'grad_norm': 0.29306843876838684, 'learning_rate': 0.000883022221559489, 'epoch': 0.25}
{'loss': 3.0586, 'grad_norm': 0.3413650691509247, 'learning_rate': 0.0008828939766824022, 'epoch': 0.25}
{'loss': 3.0384, 'grad_norm': 0.28994300961494446, 'learning_rate': 0.0008827656708688655, 'epoch': 0.25}
{'loss': 2.9612, 'grad_norm': 0.30735042691230774, 'learning_rate': 0.0008826373041392983, 'epoch': 0.25}
{'loss': 2.9347, 'grad_norm': 0.26270484924316406, 'learning_rate': 0.00088250887651413, 'epoch': 0.25}
{'loss': 3.0212, 'grad_norm': 0.2897645831108093, 'learning_rate': 0.0008823803880137993, 'epoch': 0.25}
{'loss': 3.0904, 'grad_norm': 0.30233028531074524, 'learning_rate': 0.0008822518386587546, 'epoch': 0.25}
{'loss': 2.9529, 'grad_norm': 0.2879253327846527, 'learning_rate': 0.0008821232284694545, 'epoch': 0.25}
{'loss': 2.9374, 'grad_norm': 0.36146652698516846, 'learning_rate': 0.0008819945574663668, 'epoch': 0.25}
{'loss': 3.0706, 'grad_norm': 0.26867178082466125, 'learning_rate': 0.000881865825669969, 'epoch': 0.25}
{'loss': 3.1675, 'grad_norm': 0.30402758717536926, 'learning_rate': 0.0008817370331007487, 'epoch': 0.25}
{'loss': 3.1093, 'grad_norm': 0.3057602345943451, 'learning_rate': 0.0008816081797792025, 'epoch': 0.25}
{'loss': 3.1483, 'grad_norm': 0.2978198826313019, 'learning_rate': 0.0008814792657258373, 'epoch': 0.25}
{'loss': 2.9244, 'grad_norm': 0.2888261675834656, 'learning_rate': 0.000881350290961169, 'epoch': 0.25}
{'loss': 3.0754, 'grad_norm': 0.2802751660346985, 'learning_rate': 0.000881221255505724, 'epoch': 0.25}
{'loss': 3.0426, 'grad_norm': 0.2850183844566345, 'learning_rate': 0.0008810921593800376, 'epoch': 0.25}
{'loss': 3.0965, 'grad_norm': 0.28106266260147095, 'learning_rate': 0.0008809630026046553, 'epoch': 0.25}
{'loss': 3.0651, 'grad_norm': 0.26844412088394165, 'learning_rate': 0.000880833785200132, 'epoch': 0.25}
{'loss': 2.9041, 'grad_norm': 0.29780569672584534, 'learning_rate': 0.0008807045071870321, 'epoch': 0.25}
{'loss': 3.0792, 'grad_norm': 0.27805081009864807, 'learning_rate': 0.0008805751685859298, 'epoch': 0.25}
{'loss': 2.9725, 'grad_norm': 0.26923292875289917, 'learning_rate': 0.0008804457694174093, 'epoch': 0.25}
{'loss': 3.0695, 'grad_norm': 0.2709594964981079, 'learning_rate': 0.0008803163097020637, 'epoch': 0.25}
{'loss': 3.0999, 'grad_norm': 0.2998751401901245, 'learning_rate': 0.0008801867894604962, 'epoch': 0.25}
{'loss': 3.0284, 'grad_norm': 0.2774397134780884, 'learning_rate': 0.0008800572087133198, 'epoch': 0.25}
{'loss': 2.9722, 'grad_norm': 0.29377079010009766, 'learning_rate': 0.0008799275674811569, 'epoch': 0.25}
{'loss': 3.1577, 'grad_norm': 0.30834802985191345, 'learning_rate': 0.0008797978657846391, 'epoch': 0.25}
{'loss': 3.0323, 'grad_norm': 0.28050416707992554, 'learning_rate': 0.0008796681036444084, 'epoch': 0.25}
{'loss': 3.0216, 'grad_norm': 0.30377304553985596, 'learning_rate': 0.000879538281081116, 'epoch': 0.25}
{'loss': 2.9658, 'grad_norm': 0.28252825140953064, 'learning_rate': 0.0008794083981154228, 'epoch': 0.25}
{'loss': 2.9039, 'grad_norm': 0.2636899948120117, 'learning_rate': 0.0008792784547679991, 'epoch': 0.25}
{'loss': 3.0123, 'grad_norm': 0.2953890562057495, 'learning_rate': 0.0008791484510595253, 'epoch': 0.25}
{'loss': 3.0512, 'grad_norm': 0.29469922184944153, 'learning_rate': 0.0008790183870106909, 'epoch': 0.25}
{'loss': 3.0903, 'grad_norm': 0.2659211754798889, 'learning_rate': 0.0008788882626421953, 'epoch': 0.25}
{'loss': 3.0442, 'grad_norm': 0.31793683767318726, 'learning_rate': 0.0008787580779747475, 'epoch': 0.25}
{'loss': 2.9528, 'grad_norm': 0.29483288526535034, 'learning_rate': 0.0008786278330290656, 'epoch': 0.25}
{'loss': 3.0297, 'grad_norm': 0.2878071963787079, 'learning_rate': 0.0008784975278258782, 'epoch': 0.25}
{'loss': 3.0831, 'grad_norm': 0.29475897550582886, 'learning_rate': 0.0008783671623859229, 'epoch': 0.25}
{'loss': 3.0857, 'grad_norm': 0.2954575717449188, 'learning_rate': 0.0008782367367299465, 'epoch': 0.25}
{'loss': 2.9992, 'grad_norm': 0.25631284713745117, 'learning_rate': 0.0008781062508787064, 'epoch': 0.25}
{'loss': 2.9927, 'grad_norm': 0.2796574831008911, 'learning_rate': 0.0008779757048529689, 'epoch': 0.25}
{'loss': 3.0722, 'grad_norm': 0.28549641370773315, 'learning_rate': 0.0008778450986735099, 'epoch': 0.25}
{'loss': 2.8288, 'grad_norm': 0.2598256468772888, 'learning_rate': 0.000877714432361115, 'epoch': 0.25}
{'loss': 3.0425, 'grad_norm': 0.27400168776512146, 'learning_rate': 0.0008775837059365795, 'epoch': 0.25}
{'loss': 3.1297, 'grad_norm': 0.2982975244522095, 'learning_rate': 0.0008774529194207081, 'epoch': 0.25}
{'loss': 3.0618, 'grad_norm': 0.29735493659973145, 'learning_rate': 0.000877322072834315, 'epoch': 0.25}
{'loss': 3.0952, 'grad_norm': 0.266345351934433, 'learning_rate': 0.0008771911661982241, 'epoch': 0.25}
{'loss': 3.0355, 'grad_norm': 0.2985233664512634, 'learning_rate': 0.0008770601995332686, 'epoch': 0.25}
{'loss': 3.1887, 'grad_norm': 0.29914459586143494, 'learning_rate': 0.0008769291728602919, 'epoch': 0.25}
{'loss': 2.9337, 'grad_norm': 0.3159528076648712, 'learning_rate': 0.0008767980862001461, 'epoch': 0.25}
{'loss': 2.9048, 'grad_norm': 0.2769686281681061, 'learning_rate': 0.0008766669395736935, 'epoch': 0.25}
{'loss': 3.1096, 'grad_norm': 0.3024079501628876, 'learning_rate': 0.0008765357330018055, 'epoch': 0.25}
{'loss': 2.9604, 'grad_norm': 0.279240220785141, 'learning_rate': 0.0008764044665053634, 'epoch': 0.25}
{'loss': 2.9771, 'grad_norm': 0.2787508964538574, 'learning_rate': 0.0008762731401052578, 'epoch': 0.25}
{'loss': 3.0071, 'grad_norm': 0.2743137776851654, 'learning_rate': 0.000876141753822389, 'epoch': 0.25}
{'loss': 3.0954, 'grad_norm': 0.3033551275730133, 'learning_rate': 0.0008760103076776666, 'epoch': 0.25}
{'loss': 3.0727, 'grad_norm': 0.30006685853004456, 'learning_rate': 0.00087587880169201, 'epoch': 0.25}
{'loss': 3.1253, 'grad_norm': 0.2670460641384125, 'learning_rate': 0.0008757472358863481, 'epoch': 0.25}
{'loss': 3.148, 'grad_norm': 0.2719496190547943, 'learning_rate': 0.0008756156102816188, 'epoch': 0.25}
{'loss': 2.9635, 'grad_norm': 0.3152046799659729, 'learning_rate': 0.0008754839248987702, 'epoch': 0.25}
{'loss': 3.0141, 'grad_norm': 0.2576836049556732, 'learning_rate': 0.0008753521797587598, 'epoch': 0.25}
{'loss': 3.0062, 'grad_norm': 0.2897549569606781, 'learning_rate': 0.0008752203748825542, 'epoch': 0.25}
{'loss': 3.0864, 'grad_norm': 0.2753472924232483, 'learning_rate': 0.0008750885102911298, 'epoch': 0.25}
{'loss': 3.1968, 'grad_norm': 0.27816852927207947, 'learning_rate': 0.0008749565860054724, 'epoch': 0.25}
{'loss': 2.9453, 'grad_norm': 0.2924824059009552, 'learning_rate': 0.0008748246020465776, 'epoch': 0.25}
{'loss': 3.0031, 'grad_norm': 0.3259016275405884, 'learning_rate': 0.00087469255843545, 'epoch': 0.25}
{'loss': 2.9147, 'grad_norm': 0.2600730359554291, 'learning_rate': 0.0008745604551931042, 'epoch': 0.25}
{'loss': 3.0411, 'grad_norm': 0.3002246022224426, 'learning_rate': 0.0008744282923405638, 'epoch': 0.25}
{'loss': 3.0748, 'grad_norm': 0.2969324588775635, 'learning_rate': 0.0008742960698988621, 'epoch': 0.25}
{'loss': 3.0495, 'grad_norm': 0.29248109459877014, 'learning_rate': 0.0008741637878890423, 'epoch': 0.25}
{'loss': 2.9863, 'grad_norm': 0.269079327583313, 'learning_rate': 0.0008740314463321563, 'epoch': 0.25}
{'loss': 3.064, 'grad_norm': 0.29471248388290405, 'learning_rate': 0.000873899045249266, 'epoch': 0.25}
{'loss': 2.9468, 'grad_norm': 0.29419028759002686, 'learning_rate': 0.0008737665846614426, 'epoch': 0.25}
{'loss': 3.0687, 'grad_norm': 0.2879708409309387, 'learning_rate': 0.000873634064589767, 'epoch': 0.25}
{'loss': 3.0275, 'grad_norm': 0.2888758182525635, 'learning_rate': 0.0008735014850553291, 'epoch': 0.25}
{'loss': 2.9803, 'grad_norm': 0.2829369306564331, 'learning_rate': 0.0008733688460792288, 'epoch': 0.25}
{'loss': 3.012, 'grad_norm': 0.3264763057231903, 'learning_rate': 0.000873236147682575, 'epoch': 0.25}
{'loss': 3.1679, 'grad_norm': 0.29926133155822754, 'learning_rate': 0.0008731033898864866, 'epoch': 0.25}
{'loss': 3.0775, 'grad_norm': 0.28761520981788635, 'learning_rate': 0.0008729705727120911, 'epoch': 0.26}
{'loss': 3.0228, 'grad_norm': 0.29500362277030945, 'learning_rate': 0.0008728376961805262, 'epoch': 0.26}
{'loss': 2.9104, 'grad_norm': 0.29720839858055115, 'learning_rate': 0.000872704760312939, 'epoch': 0.26}
{'loss': 2.922, 'grad_norm': 0.30703628063201904, 'learning_rate': 0.0008725717651304856, 'epoch': 0.26}
{'loss': 2.8369, 'grad_norm': 0.27398115396499634, 'learning_rate': 0.0008724387106543319, 'epoch': 0.26}
{'loss': 2.9271, 'grad_norm': 0.24567531049251556, 'learning_rate': 0.0008723055969056531, 'epoch': 0.26}
{'loss': 3.0969, 'grad_norm': 0.2832372486591339, 'learning_rate': 0.0008721724239056338, 'epoch': 0.26}
{'loss': 3.0155, 'grad_norm': 0.26248806715011597, 'learning_rate': 0.0008720391916754683, 'epoch': 0.26}
{'loss': 2.884, 'grad_norm': 0.274363249540329, 'learning_rate': 0.0008719059002363598, 'epoch': 0.26}
{'loss': 3.064, 'grad_norm': 0.278201162815094, 'learning_rate': 0.0008717725496095217, 'epoch': 0.26}
{'loss': 3.1474, 'grad_norm': 0.275795042514801, 'learning_rate': 0.0008716391398161758, 'epoch': 0.26}
{'loss': 2.9895, 'grad_norm': 0.2739351689815521, 'learning_rate': 0.0008715056708775542, 'epoch': 0.26}
{'loss': 3.0201, 'grad_norm': 0.289023220539093, 'learning_rate': 0.0008713721428148982, 'epoch': 0.26}
{'loss': 3.1834, 'grad_norm': 0.2840839624404907, 'learning_rate': 0.000871238555649458, 'epoch': 0.26}
{'loss': 2.9788, 'grad_norm': 0.25141626596450806, 'learning_rate': 0.0008711049094024941, 'epoch': 0.26}
{'loss': 3.1131, 'grad_norm': 0.281014621257782, 'learning_rate': 0.0008709712040952755, 'epoch': 0.26}
{'loss': 3.0139, 'grad_norm': 0.29377612471580505, 'learning_rate': 0.0008708374397490812, 'epoch': 0.26}
{'loss': 3.0908, 'grad_norm': 0.3028712868690491, 'learning_rate': 0.0008707036163851992, 'epoch': 0.26}
{'loss': 3.049, 'grad_norm': 0.27743399143218994, 'learning_rate': 0.0008705697340249275, 'epoch': 0.26}
{'loss': 3.0893, 'grad_norm': 0.28454726934432983, 'learning_rate': 0.0008704357926895728, 'epoch': 0.26}
{'loss': 2.8904, 'grad_norm': 0.2603807747364044, 'learning_rate': 0.0008703017924004512, 'epoch': 0.26}
{'loss': 2.981, 'grad_norm': 0.29271647334098816, 'learning_rate': 0.000870167733178889, 'epoch': 0.26}
{'loss': 3.1898, 'grad_norm': 0.28648850321769714, 'learning_rate': 0.0008700336150462212, 'epoch': 0.26}
{'loss': 3.0969, 'grad_norm': 0.2611808180809021, 'learning_rate': 0.000869899438023792, 'epoch': 0.26}
{'loss': 3.1217, 'grad_norm': 0.2757790982723236, 'learning_rate': 0.0008697652021329557, 'epoch': 0.26}
{'loss': 3.0821, 'grad_norm': 0.27519121766090393, 'learning_rate': 0.000869630907395075, 'epoch': 0.26}
{'loss': 2.9871, 'grad_norm': 0.28298112750053406, 'learning_rate': 0.0008694965538315232, 'epoch': 0.26}
{'loss': 3.1804, 'grad_norm': 0.30133792757987976, 'learning_rate': 0.0008693621414636816, 'epoch': 0.26}
{'loss': 2.9942, 'grad_norm': 0.26313066482543945, 'learning_rate': 0.0008692276703129421, 'epoch': 0.26}
{'loss': 3.1041, 'grad_norm': 0.2762245833873749, 'learning_rate': 0.0008690931404007048, 'epoch': 0.26}
{'loss': 3.3101, 'grad_norm': 0.298107385635376, 'learning_rate': 0.0008689585517483802, 'epoch': 0.26}
{'loss': 3.2083, 'grad_norm': 0.2943446636199951, 'learning_rate': 0.0008688239043773877, 'epoch': 0.26}
{'loss': 3.043, 'grad_norm': 0.2763085663318634, 'learning_rate': 0.0008686891983091558, 'epoch': 0.26}
{'loss': 3.0211, 'grad_norm': 0.2535090744495392, 'learning_rate': 0.0008685544335651225, 'epoch': 0.26}
{'loss': 2.9121, 'grad_norm': 0.3020836114883423, 'learning_rate': 0.0008684196101667357, 'epoch': 0.26}
{'loss': 3.0913, 'grad_norm': 0.26091480255126953, 'learning_rate': 0.0008682847281354517, 'epoch': 0.26}
{'loss': 3.0007, 'grad_norm': 0.27274999022483826, 'learning_rate': 0.0008681497874927366, 'epoch': 0.26}
{'loss': 2.9107, 'grad_norm': 0.2786934971809387, 'learning_rate': 0.000868014788260066, 'epoch': 0.26}
{'loss': 3.0323, 'grad_norm': 0.24878676235675812, 'learning_rate': 0.0008678797304589246, 'epoch': 0.26}
{'loss': 2.9523, 'grad_norm': 0.2606585621833801, 'learning_rate': 0.0008677446141108062, 'epoch': 0.26}
{'loss': 2.9605, 'grad_norm': 0.26476919651031494, 'learning_rate': 0.0008676094392372145, 'epoch': 0.26}
{'loss': 3.1985, 'grad_norm': 0.29626908898353577, 'learning_rate': 0.000867474205859662, 'epoch': 0.26}
{'loss': 3.0649, 'grad_norm': 0.27921536564826965, 'learning_rate': 0.0008673389139996708, 'epoch': 0.26}
{'loss': 3.1624, 'grad_norm': 0.33385172486305237, 'learning_rate': 0.000867203563678772, 'epoch': 0.26}
{'loss': 2.9272, 'grad_norm': 0.2808176577091217, 'learning_rate': 0.0008670681549185064, 'epoch': 0.26}
{'loss': 3.0909, 'grad_norm': 0.29558032751083374, 'learning_rate': 0.000866932687740424, 'epoch': 0.26}
{'loss': 2.9793, 'grad_norm': 0.2954716682434082, 'learning_rate': 0.0008667971621660837, 'epoch': 0.26}
{'loss': 2.9924, 'grad_norm': 0.303855836391449, 'learning_rate': 0.0008666615782170541, 'epoch': 0.26}
{'loss': 3.0801, 'grad_norm': 0.30326226353645325, 'learning_rate': 0.0008665259359149131, 'epoch': 0.26}
{'loss': 2.8689, 'grad_norm': 0.31305181980133057, 'learning_rate': 0.0008663902352812478, 'epoch': 0.26}
{'loss': 2.9983, 'grad_norm': 0.27408555150032043, 'learning_rate': 0.0008662544763376544, 'epoch': 0.26}
{'loss': 3.077, 'grad_norm': 0.3065853714942932, 'learning_rate': 0.0008661186591057387, 'epoch': 0.26}
{'loss': 2.8565, 'grad_norm': 0.27297040820121765, 'learning_rate': 0.0008659827836071153, 'epoch': 0.26}
{'loss': 3.1207, 'grad_norm': 0.28948208689689636, 'learning_rate': 0.0008658468498634088, 'epoch': 0.26}
{'loss': 3.0634, 'grad_norm': 0.27961236238479614, 'learning_rate': 0.0008657108578962524, 'epoch': 0.26}
{'loss': 3.0177, 'grad_norm': 0.2777482569217682, 'learning_rate': 0.0008655748077272888, 'epoch': 0.26}
{'loss': 2.9515, 'grad_norm': 0.3535878360271454, 'learning_rate': 0.0008654386993781702, 'epoch': 0.26}
{'loss': 3.0733, 'grad_norm': 0.2996788024902344, 'learning_rate': 0.0008653025328705574, 'epoch': 0.26}
{'loss': 3.0837, 'grad_norm': 0.2774950861930847, 'learning_rate': 0.0008651663082261216, 'epoch': 0.26}
{'loss': 3.0197, 'grad_norm': 0.2508920729160309, 'learning_rate': 0.000865030025466542, 'epoch': 0.26}
{'loss': 3.0104, 'grad_norm': 0.27694109082221985, 'learning_rate': 0.0008648936846135077, 'epoch': 0.26}
{'loss': 3.0639, 'grad_norm': 0.29472219944000244, 'learning_rate': 0.0008647572856887171, 'epoch': 0.26}
{'loss': 2.8981, 'grad_norm': 0.2868478000164032, 'learning_rate': 0.0008646208287138774, 'epoch': 0.26}
{'loss': 2.9928, 'grad_norm': 0.2727421224117279, 'learning_rate': 0.0008644843137107057, 'epoch': 0.26}
{'loss': 3.0318, 'grad_norm': 0.2653798758983612, 'learning_rate': 0.0008643477407009278, 'epoch': 0.26}
{'loss': 2.9813, 'grad_norm': 0.28289738297462463, 'learning_rate': 0.0008642111097062788, 'epoch': 0.26}
{'loss': 2.9693, 'grad_norm': 0.28610360622406006, 'learning_rate': 0.0008640744207485031, 'epoch': 0.26}
{'loss': 2.9794, 'grad_norm': 0.3093429207801819, 'learning_rate': 0.0008639376738493547, 'epoch': 0.26}
{'loss': 2.9351, 'grad_norm': 0.29812759160995483, 'learning_rate': 0.000863800869030596, 'epoch': 0.26}
{'loss': 3.1072, 'grad_norm': 0.2840644121170044, 'learning_rate': 0.0008636640063139993, 'epoch': 0.26}
{'loss': 2.9781, 'grad_norm': 0.3154394328594208, 'learning_rate': 0.0008635270857213459, 'epoch': 0.26}
{'loss': 3.0199, 'grad_norm': 0.26760393381118774, 'learning_rate': 0.0008633901072744263, 'epoch': 0.26}
{'loss': 3.0467, 'grad_norm': 0.29661011695861816, 'learning_rate': 0.0008632530709950403, 'epoch': 0.26}
{'loss': 2.9928, 'grad_norm': 0.2736217975616455, 'learning_rate': 0.0008631159769049966, 'epoch': 0.26}
{'loss': 3.0938, 'grad_norm': 0.2697660028934479, 'learning_rate': 0.0008629788250261134, 'epoch': 0.26}
{'loss': 3.264, 'grad_norm': 0.30049607157707214, 'learning_rate': 0.0008628416153802183, 'epoch': 0.26}
{'loss': 3.1275, 'grad_norm': 0.2914074957370758, 'learning_rate': 0.0008627043479891474, 'epoch': 0.26}
{'loss': 2.9669, 'grad_norm': 0.2673170268535614, 'learning_rate': 0.0008625670228747466, 'epoch': 0.26}
{'loss': 3.1415, 'grad_norm': 0.30820268392562866, 'learning_rate': 0.0008624296400588709, 'epoch': 0.26}
{'loss': 3.0119, 'grad_norm': 0.3070959448814392, 'learning_rate': 0.0008622921995633841, 'epoch': 0.26}
{'loss': 2.946, 'grad_norm': 0.2826118767261505, 'learning_rate': 0.0008621547014101597, 'epoch': 0.26}
{'loss': 3.1444, 'grad_norm': 0.30965256690979004, 'learning_rate': 0.0008620171456210799, 'epoch': 0.27}
{'loss': 3.1885, 'grad_norm': 0.2820958197116852, 'learning_rate': 0.0008618795322180366, 'epoch': 0.27}
{'loss': 2.9457, 'grad_norm': 0.28102734684944153, 'learning_rate': 0.0008617418612229303, 'epoch': 0.27}
{'loss': 3.0101, 'grad_norm': 0.3008713722229004, 'learning_rate': 0.0008616041326576711, 'epoch': 0.27}
{'loss': 3.0033, 'grad_norm': 0.29100820422172546, 'learning_rate': 0.0008614663465441779, 'epoch': 0.27}
{'loss': 3.0024, 'grad_norm': 0.3119136095046997, 'learning_rate': 0.0008613285029043791, 'epoch': 0.27}
{'loss': 3.0254, 'grad_norm': 0.2840632200241089, 'learning_rate': 0.000861190601760212, 'epoch': 0.27}
{'loss': 2.9399, 'grad_norm': 0.2628162205219269, 'learning_rate': 0.0008610526431336235, 'epoch': 0.27}
{'loss': 2.9561, 'grad_norm': 0.2809197008609772, 'learning_rate': 0.0008609146270465688, 'epoch': 0.27}
{'loss': 3.0862, 'grad_norm': 0.2902139723300934, 'learning_rate': 0.000860776553521013, 'epoch': 0.27}
{'loss': 2.9015, 'grad_norm': 0.2889479994773865, 'learning_rate': 0.0008606384225789303, 'epoch': 0.27}
{'loss': 3.0602, 'grad_norm': 0.2863345146179199, 'learning_rate': 0.0008605002342423036, 'epoch': 0.27}
{'loss': 2.9314, 'grad_norm': 0.29106366634368896, 'learning_rate': 0.0008603619885331251, 'epoch': 0.27}
{'loss': 3.1638, 'grad_norm': 0.28058671951293945, 'learning_rate': 0.0008602236854733963, 'epoch': 0.27}
{'loss': 2.9793, 'grad_norm': 0.29264456033706665, 'learning_rate': 0.0008600853250851277, 'epoch': 0.27}
{'loss': 3.1433, 'grad_norm': 0.31750866770744324, 'learning_rate': 0.0008599469073903391, 'epoch': 0.27}
{'loss': 3.056, 'grad_norm': 0.29750242829322815, 'learning_rate': 0.0008598084324110591, 'epoch': 0.27}
{'loss': 3.0329, 'grad_norm': 0.29010969400405884, 'learning_rate': 0.0008596699001693256, 'epoch': 0.27}
{'loss': 2.9781, 'grad_norm': 0.2628924250602722, 'learning_rate': 0.0008595313106871856, 'epoch': 0.27}
{'loss': 3.0812, 'grad_norm': 0.2630678415298462, 'learning_rate': 0.0008593926639866953, 'epoch': 0.27}
{'loss': 3.0694, 'grad_norm': 0.27579814195632935, 'learning_rate': 0.0008592539600899198, 'epoch': 0.27}
{'loss': 3.0819, 'grad_norm': 0.28051552176475525, 'learning_rate': 0.0008591151990189336, 'epoch': 0.27}
{'loss': 3.0272, 'grad_norm': 0.27396854758262634, 'learning_rate': 0.0008589763807958199, 'epoch': 0.27}
{'loss': 3.0152, 'grad_norm': 0.26602691411972046, 'learning_rate': 0.0008588375054426712, 'epoch': 0.27}
{'loss': 3.0279, 'grad_norm': 0.2686035633087158, 'learning_rate': 0.0008586985729815893, 'epoch': 0.27}
{'loss': 2.9827, 'grad_norm': 0.2707386016845703, 'learning_rate': 0.0008585595834346847, 'epoch': 0.27}
{'loss': 3.0308, 'grad_norm': 0.30537647008895874, 'learning_rate': 0.0008584205368240775, 'epoch': 0.27}
{'loss': 3.0483, 'grad_norm': 0.2997051179409027, 'learning_rate': 0.0008582814331718962, 'epoch': 0.27}
{'loss': 2.9961, 'grad_norm': 0.2740917205810547, 'learning_rate': 0.0008581422725002787, 'epoch': 0.27}
{'loss': 3.1309, 'grad_norm': 0.30313146114349365, 'learning_rate': 0.0008580030548313724, 'epoch': 0.27}
{'loss': 3.1246, 'grad_norm': 0.29772698879241943, 'learning_rate': 0.000857863780187333, 'epoch': 0.27}
{'loss': 2.8764, 'grad_norm': 0.3208176791667938, 'learning_rate': 0.0008577244485903259, 'epoch': 0.27}
{'loss': 3.0283, 'grad_norm': 0.2758093774318695, 'learning_rate': 0.0008575850600625253, 'epoch': 0.27}
{'loss': 3.015, 'grad_norm': 0.27688151597976685, 'learning_rate': 0.0008574456146261143, 'epoch': 0.27}
{'loss': 2.9404, 'grad_norm': 0.29270946979522705, 'learning_rate': 0.0008573061123032853, 'epoch': 0.27}
{'loss': 2.9804, 'grad_norm': 0.304002583026886, 'learning_rate': 0.0008571665531162398, 'epoch': 0.27}
{'loss': 2.9925, 'grad_norm': 0.29410260915756226, 'learning_rate': 0.0008570269370871881, 'epoch': 0.27}
{'loss': 3.0089, 'grad_norm': 0.29600802063941956, 'learning_rate': 0.0008568872642383497, 'epoch': 0.27}
{'loss': 2.9859, 'grad_norm': 0.2746642529964447, 'learning_rate': 0.0008567475345919532, 'epoch': 0.27}
{'loss': 3.0531, 'grad_norm': 0.29784706234931946, 'learning_rate': 0.0008566077481702362, 'epoch': 0.27}
{'loss': 3.0628, 'grad_norm': 0.25572994351387024, 'learning_rate': 0.000856467904995445, 'epoch': 0.27}
{'loss': 3.0231, 'grad_norm': 0.28006818890571594, 'learning_rate': 0.0008563280050898355, 'epoch': 0.27}
{'loss': 3.0583, 'grad_norm': 0.2856418490409851, 'learning_rate': 0.0008561880484756724, 'epoch': 0.27}
{'loss': 3.0704, 'grad_norm': 0.2737341821193695, 'learning_rate': 0.0008560480351752294, 'epoch': 0.27}
{'loss': 3.1337, 'grad_norm': 0.29099419713020325, 'learning_rate': 0.0008559079652107887, 'epoch': 0.27}
{'loss': 3.0721, 'grad_norm': 0.27388545870780945, 'learning_rate': 0.0008557678386046428, 'epoch': 0.27}
{'loss': 3.0431, 'grad_norm': 0.3065802752971649, 'learning_rate': 0.0008556276553790918, 'epoch': 0.27}
{'loss': 3.0445, 'grad_norm': 0.26093098521232605, 'learning_rate': 0.0008554874155564459, 'epoch': 0.27}
{'loss': 3.0573, 'grad_norm': 0.2851622998714447, 'learning_rate': 0.0008553471191590234, 'epoch': 0.27}
{'loss': 3.0413, 'grad_norm': 0.29372960329055786, 'learning_rate': 0.0008552067662091524, 'epoch': 0.27}
{'loss': 3.0731, 'grad_norm': 0.29729247093200684, 'learning_rate': 0.0008550663567291697, 'epoch': 0.27}
{'loss': 3.0816, 'grad_norm': 0.3124452531337738, 'learning_rate': 0.0008549258907414207, 'epoch': 0.27}
{'loss': 3.0106, 'grad_norm': 0.2864573001861572, 'learning_rate': 0.0008547853682682604, 'epoch': 0.27}
{'loss': 3.0463, 'grad_norm': 0.27913305163383484, 'learning_rate': 0.0008546447893320527, 'epoch': 0.27}
{'loss': 3.1665, 'grad_norm': 0.4037116765975952, 'learning_rate': 0.00085450415395517, 'epoch': 0.27}
{'loss': 2.8929, 'grad_norm': 0.2941305637359619, 'learning_rate': 0.0008543634621599943, 'epoch': 0.27}
{'loss': 3.1691, 'grad_norm': 0.2882072925567627, 'learning_rate': 0.0008542227139689159, 'epoch': 0.27}
{'loss': 3.109, 'grad_norm': 0.2941144108772278, 'learning_rate': 0.0008540819094043348, 'epoch': 0.27}
{'loss': 2.959, 'grad_norm': 0.2887392044067383, 'learning_rate': 0.0008539410484886595, 'epoch': 0.27}
{'loss': 2.9992, 'grad_norm': 0.29585978388786316, 'learning_rate': 0.0008538001312443077, 'epoch': 0.27}
{'loss': 3.0104, 'grad_norm': 0.31091398000717163, 'learning_rate': 0.0008536591576937057, 'epoch': 0.27}
{'loss': 2.9761, 'grad_norm': 0.31862837076187134, 'learning_rate': 0.0008535181278592894, 'epoch': 0.27}
{'loss': 2.8701, 'grad_norm': 0.27745699882507324, 'learning_rate': 0.0008533770417635029, 'epoch': 0.27}
{'loss': 3.0677, 'grad_norm': 0.30824294686317444, 'learning_rate': 0.0008532358994288001, 'epoch': 0.27}
{'loss': 3.1455, 'grad_norm': 0.3137361705303192, 'learning_rate': 0.0008530947008776428, 'epoch': 0.27}
{'loss': 2.9903, 'grad_norm': 0.3105551600456238, 'learning_rate': 0.0008529534461325028, 'epoch': 0.27}
{'loss': 2.9229, 'grad_norm': 0.24803930521011353, 'learning_rate': 0.0008528121352158604, 'epoch': 0.27}
{'loss': 3.0217, 'grad_norm': 0.30310171842575073, 'learning_rate': 0.0008526707681502044, 'epoch': 0.27}
{'loss': 3.0239, 'grad_norm': 0.2705046534538269, 'learning_rate': 0.0008525293449580334, 'epoch': 0.27}
{'loss': 3.0848, 'grad_norm': 0.28113704919815063, 'learning_rate': 0.000852387865661854, 'epoch': 0.27}
{'loss': 3.03, 'grad_norm': 0.2838008403778076, 'learning_rate': 0.0008522463302841828, 'epoch': 0.27}
{'loss': 3.043, 'grad_norm': 0.28908559679985046, 'learning_rate': 0.0008521047388475442, 'epoch': 0.27}
{'loss': 3.0883, 'grad_norm': 0.30174508690834045, 'learning_rate': 0.0008519630913744725, 'epoch': 0.27}
{'loss': 3.188, 'grad_norm': 0.31753653287887573, 'learning_rate': 0.0008518213878875102, 'epoch': 0.27}
{'loss': 3.1438, 'grad_norm': 0.2850562334060669, 'learning_rate': 0.0008516796284092089, 'epoch': 0.27}
{'loss': 3.01, 'grad_norm': 0.3047906756401062, 'learning_rate': 0.0008515378129621297, 'epoch': 0.27}
{'loss': 3.0898, 'grad_norm': 0.2849896550178528, 'learning_rate': 0.0008513959415688415, 'epoch': 0.27}
{'loss': 3.1415, 'grad_norm': 0.2647534906864166, 'learning_rate': 0.0008512540142519232, 'epoch': 0.27}
{'loss': 3.0492, 'grad_norm': 0.2720492482185364, 'learning_rate': 0.0008511120310339618, 'epoch': 0.27}
{'loss': 3.1194, 'grad_norm': 0.27964770793914795, 'learning_rate': 0.0008509699919375535, 'epoch': 0.27}
{'loss': 3.047, 'grad_norm': 0.27106425166130066, 'learning_rate': 0.0008508278969853037, 'epoch': 0.27}
{'loss': 3.1979, 'grad_norm': 0.306863933801651, 'learning_rate': 0.0008506857461998263, 'epoch': 0.28}
{'loss': 2.9972, 'grad_norm': 0.2661018967628479, 'learning_rate': 0.000850543539603744, 'epoch': 0.28}
{'loss': 3.1879, 'grad_norm': 0.2631585896015167, 'learning_rate': 0.0008504012772196885, 'epoch': 0.28}
{'loss': 3.1989, 'grad_norm': 0.30645111203193665, 'learning_rate': 0.0008502589590703009, 'epoch': 0.28}
{'loss': 3.023, 'grad_norm': 0.26781365275382996, 'learning_rate': 0.0008501165851782302, 'epoch': 0.28}
{'loss': 2.8784, 'grad_norm': 0.26728472113609314, 'learning_rate': 0.0008499741555661351, 'epoch': 0.28}
{'loss': 2.9066, 'grad_norm': 0.27262362837791443, 'learning_rate': 0.0008498316702566827, 'epoch': 0.28}
{'loss': 2.9188, 'grad_norm': 0.28883135318756104, 'learning_rate': 0.0008496891292725493, 'epoch': 0.28}
{'loss': 3.1626, 'grad_norm': 0.2765796184539795, 'learning_rate': 0.0008495465326364195, 'epoch': 0.28}
{'loss': 2.9172, 'grad_norm': 0.28830045461654663, 'learning_rate': 0.0008494038803709876, 'epoch': 0.28}
{'loss': 3.1404, 'grad_norm': 0.28648361563682556, 'learning_rate': 0.0008492611724989561, 'epoch': 0.28}
{'loss': 3.0584, 'grad_norm': 0.2628013491630554, 'learning_rate': 0.0008491184090430364, 'epoch': 0.28}
{'loss': 3.1439, 'grad_norm': 0.2743946611881256, 'learning_rate': 0.0008489755900259491, 'epoch': 0.28}
{'loss': 3.0421, 'grad_norm': 0.27915430068969727, 'learning_rate': 0.0008488327154704231, 'epoch': 0.28}
{'loss': 2.983, 'grad_norm': 0.3005421757698059, 'learning_rate': 0.0008486897853991971, 'epoch': 0.28}
{'loss': 2.9656, 'grad_norm': 0.2919159531593323, 'learning_rate': 0.0008485467998350174, 'epoch': 0.28}
{'loss': 3.0235, 'grad_norm': 0.27688607573509216, 'learning_rate': 0.0008484037588006397, 'epoch': 0.28}
{'loss': 2.9054, 'grad_norm': 0.2833726406097412, 'learning_rate': 0.0008482606623188289, 'epoch': 0.28}
{'loss': 3.1328, 'grad_norm': 0.30341827869415283, 'learning_rate': 0.0008481175104123584, 'epoch': 0.28}
{'loss': 3.0386, 'grad_norm': 0.27789658308029175, 'learning_rate': 0.0008479743031040102, 'epoch': 0.28}
{'loss': 3.2415, 'grad_norm': 0.2829482853412628, 'learning_rate': 0.0008478310404165754, 'epoch': 0.28}
{'loss': 3.1856, 'grad_norm': 0.2976076304912567, 'learning_rate': 0.0008476877223728539, 'epoch': 0.28}
{'loss': 2.9808, 'grad_norm': 0.285115122795105, 'learning_rate': 0.0008475443489956542, 'epoch': 0.28}
{'loss': 3.0327, 'grad_norm': 0.26003947854042053, 'learning_rate': 0.0008474009203077937, 'epoch': 0.28}
{'loss': 3.056, 'grad_norm': 0.2959226369857788, 'learning_rate': 0.000847257436332099, 'epoch': 0.28}
{'loss': 2.9165, 'grad_norm': 0.25492221117019653, 'learning_rate': 0.0008471138970914048, 'epoch': 0.28}
{'loss': 3.0345, 'grad_norm': 0.3223935067653656, 'learning_rate': 0.0008469703026085551, 'epoch': 0.28}
{'loss': 2.9768, 'grad_norm': 0.30426284670829773, 'learning_rate': 0.0008468266529064025, 'epoch': 0.28}
{'loss': 3.0278, 'grad_norm': 0.26242154836654663, 'learning_rate': 0.0008466829480078084, 'epoch': 0.28}
{'loss': 3.1234, 'grad_norm': 0.3112235367298126, 'learning_rate': 0.0008465391879356432, 'epoch': 0.28}
{'loss': 3.1613, 'grad_norm': 0.280584454536438, 'learning_rate': 0.0008463953727127858, 'epoch': 0.28}
{'loss': 3.0082, 'grad_norm': 0.2744062840938568, 'learning_rate': 0.0008462515023621237, 'epoch': 0.28}
{'loss': 3.0409, 'grad_norm': 0.25899291038513184, 'learning_rate': 0.0008461075769065537, 'epoch': 0.28}
{'loss': 2.99, 'grad_norm': 0.25426197052001953, 'learning_rate': 0.0008459635963689811, 'epoch': 0.28}
{'loss': 3.1243, 'grad_norm': 0.2978276014328003, 'learning_rate': 0.00084581956077232, 'epoch': 0.28}
{'loss': 2.9796, 'grad_norm': 0.29238417744636536, 'learning_rate': 0.0008456754701394934, 'epoch': 0.28}
{'loss': 3.1234, 'grad_norm': 0.30566802620887756, 'learning_rate': 0.0008455313244934324, 'epoch': 0.28}
{'loss': 2.9505, 'grad_norm': 0.2610953450202942, 'learning_rate': 0.0008453871238570778, 'epoch': 0.28}
{'loss': 2.9002, 'grad_norm': 0.30249691009521484, 'learning_rate': 0.0008452428682533783, 'epoch': 0.28}
{'loss': 3.1916, 'grad_norm': 0.30895888805389404, 'learning_rate': 0.0008450985577052923, 'epoch': 0.28}
{'loss': 3.1124, 'grad_norm': 0.26374098658561707, 'learning_rate': 0.0008449541922357861, 'epoch': 0.28}
{'loss': 3.0676, 'grad_norm': 0.2831347584724426, 'learning_rate': 0.0008448097718678349, 'epoch': 0.28}
{'loss': 2.9177, 'grad_norm': 0.2817680239677429, 'learning_rate': 0.000844665296624423, 'epoch': 0.28}
{'loss': 3.1419, 'grad_norm': 0.28547367453575134, 'learning_rate': 0.0008445207665285432, 'epoch': 0.28}
{'loss': 3.0639, 'grad_norm': 0.3174140751361847, 'learning_rate': 0.000844376181603197, 'epoch': 0.28}
{'loss': 2.9922, 'grad_norm': 0.27844923734664917, 'learning_rate': 0.0008442315418713945, 'epoch': 0.28}
{'loss': 2.9111, 'grad_norm': 0.3045985996723175, 'learning_rate': 0.0008440868473561549, 'epoch': 0.28}
{'loss': 2.9568, 'grad_norm': 0.28549742698669434, 'learning_rate': 0.0008439420980805058, 'epoch': 0.28}
{'loss': 3.1241, 'grad_norm': 0.32429802417755127, 'learning_rate': 0.0008437972940674838, 'epoch': 0.28}
{'loss': 3.0787, 'grad_norm': 0.3082382380962372, 'learning_rate': 0.0008436524353401338, 'epoch': 0.28}
{'loss': 3.0104, 'grad_norm': 0.3157106637954712, 'learning_rate': 0.0008435075219215096, 'epoch': 0.28}
{'loss': 3.0278, 'grad_norm': 0.27676957845687866, 'learning_rate': 0.000843362553834674, 'epoch': 0.28}
{'loss': 3.1868, 'grad_norm': 0.2878902852535248, 'learning_rate': 0.0008432175311026981, 'epoch': 0.28}
{'loss': 3.1458, 'grad_norm': 0.30109837651252747, 'learning_rate': 0.0008430724537486621, 'epoch': 0.28}
{'loss': 3.1428, 'grad_norm': 0.29448360204696655, 'learning_rate': 0.000842927321795654, 'epoch': 0.28}
{'loss': 2.9971, 'grad_norm': 0.2736503779888153, 'learning_rate': 0.0008427821352667718, 'epoch': 0.28}
{'loss': 2.9813, 'grad_norm': 0.26701390743255615, 'learning_rate': 0.0008426368941851211, 'epoch': 0.28}
{'loss': 3.073, 'grad_norm': 0.2748344838619232, 'learning_rate': 0.0008424915985738168, 'epoch': 0.28}
{'loss': 3.0927, 'grad_norm': 0.2686006426811218, 'learning_rate': 0.0008423462484559821, 'epoch': 0.28}
{'loss': 3.1232, 'grad_norm': 0.29908305406570435, 'learning_rate': 0.0008422008438547493, 'epoch': 0.28}
{'loss': 2.9146, 'grad_norm': 0.2801264226436615, 'learning_rate': 0.0008420553847932588, 'epoch': 0.28}
{'loss': 2.95, 'grad_norm': 0.26176345348358154, 'learning_rate': 0.00084190987129466, 'epoch': 0.28}
{'loss': 2.9431, 'grad_norm': 0.2594030201435089, 'learning_rate': 0.0008417643033821114, 'epoch': 0.28}
{'loss': 3.1017, 'grad_norm': 0.28591540455818176, 'learning_rate': 0.0008416186810787791, 'epoch': 0.28}
{'loss': 2.9317, 'grad_norm': 0.25797170400619507, 'learning_rate': 0.0008414730044078389, 'epoch': 0.28}
{'loss': 3.0143, 'grad_norm': 0.2929113805294037, 'learning_rate': 0.0008413272733924746, 'epoch': 0.28}
{'loss': 3.0829, 'grad_norm': 0.2548275291919708, 'learning_rate': 0.000841181488055879, 'epoch': 0.28}
{'loss': 3.0725, 'grad_norm': 0.27650895714759827, 'learning_rate': 0.0008410356484212532, 'epoch': 0.28}
{'loss': 3.0867, 'grad_norm': 0.2806223928928375, 'learning_rate': 0.0008408897545118072, 'epoch': 0.28}
{'loss': 3.024, 'grad_norm': 0.31649357080459595, 'learning_rate': 0.00084074380635076, 'epoch': 0.28}
{'loss': 3.0153, 'grad_norm': 0.2740706205368042, 'learning_rate': 0.0008405978039613383, 'epoch': 0.28}
{'loss': 3.0405, 'grad_norm': 0.32690107822418213, 'learning_rate': 0.0008404517473667779, 'epoch': 0.28}
{'loss': 3.2049, 'grad_norm': 0.2807468771934509, 'learning_rate': 0.0008403056365903237, 'epoch': 0.28}
{'loss': 2.9491, 'grad_norm': 0.2671506106853485, 'learning_rate': 0.0008401594716552287, 'epoch': 0.28}
{'loss': 3.1043, 'grad_norm': 0.2871290147304535, 'learning_rate': 0.0008400132525847544, 'epoch': 0.28}
{'loss': 2.923, 'grad_norm': 0.2984122931957245, 'learning_rate': 0.0008398669794021712, 'epoch': 0.28}
{'loss': 3.0222, 'grad_norm': 0.2800230085849762, 'learning_rate': 0.0008397206521307583, 'epoch': 0.28}
{'loss': 3.068, 'grad_norm': 0.2825498580932617, 'learning_rate': 0.000839574270793803, 'epoch': 0.28}
{'loss': 2.9118, 'grad_norm': 0.2818509638309479, 'learning_rate': 0.0008394278354146014, 'epoch': 0.28}
{'loss': 3.0669, 'grad_norm': 0.2656261920928955, 'learning_rate': 0.0008392813460164585, 'epoch': 0.28}
{'loss': 3.113, 'grad_norm': 0.2725400924682617, 'learning_rate': 0.0008391348026226876, 'epoch': 0.28}
{'loss': 3.0889, 'grad_norm': 0.2779448926448822, 'learning_rate': 0.0008389882052566105, 'epoch': 0.29}
{'loss': 3.1533, 'grad_norm': 0.28873616456985474, 'learning_rate': 0.0008388415539415578, 'epoch': 0.29}
{'loss': 3.0859, 'grad_norm': 0.2864377200603485, 'learning_rate': 0.0008386948487008687, 'epoch': 0.29}
{'loss': 3.098, 'grad_norm': 0.26785045862197876, 'learning_rate': 0.0008385480895578909, 'epoch': 0.29}
{'loss': 3.0248, 'grad_norm': 0.2639675438404083, 'learning_rate': 0.0008384012765359805, 'epoch': 0.29}
{'loss': 3.1674, 'grad_norm': 0.27991172671318054, 'learning_rate': 0.0008382544096585026, 'epoch': 0.29}
{'loss': 2.901, 'grad_norm': 0.2798396646976471, 'learning_rate': 0.0008381074889488305, 'epoch': 0.29}
{'loss': 3.0625, 'grad_norm': 0.25961819291114807, 'learning_rate': 0.0008379605144303464, 'epoch': 0.29}
{'loss': 2.9123, 'grad_norm': 0.27207762002944946, 'learning_rate': 0.0008378134861264406, 'epoch': 0.29}
{'loss': 3.1226, 'grad_norm': 0.2522306442260742, 'learning_rate': 0.0008376664040605122, 'epoch': 0.29}
{'loss': 3.0086, 'grad_norm': 0.2746666967868805, 'learning_rate': 0.0008375192682559691, 'epoch': 0.29}
{'loss': 3.0093, 'grad_norm': 0.26232948899269104, 'learning_rate': 0.0008373720787362276, 'epoch': 0.29}
{'loss': 3.0092, 'grad_norm': 0.2745357155799866, 'learning_rate': 0.000837224835524712, 'epoch': 0.29}
{'loss': 2.9996, 'grad_norm': 0.2525808811187744, 'learning_rate': 0.0008370775386448561, 'epoch': 0.29}
{'loss': 3.1098, 'grad_norm': 0.2669180631637573, 'learning_rate': 0.0008369301881201017, 'epoch': 0.29}
{'loss': 3.0621, 'grad_norm': 0.27524587512016296, 'learning_rate': 0.0008367827839738988, 'epoch': 0.29}
{'loss': 3.0781, 'grad_norm': 0.2772878408432007, 'learning_rate': 0.0008366353262297068, 'epoch': 0.29}
{'loss': 2.955, 'grad_norm': 0.2901831269264221, 'learning_rate': 0.0008364878149109931, 'epoch': 0.29}
{'loss': 3.0983, 'grad_norm': 0.269624263048172, 'learning_rate': 0.0008363402500412336, 'epoch': 0.29}
{'loss': 3.1358, 'grad_norm': 0.30629751086235046, 'learning_rate': 0.0008361926316439127, 'epoch': 0.29}
{'loss': 2.9132, 'grad_norm': 0.28418609499931335, 'learning_rate': 0.0008360449597425236, 'epoch': 0.29}
{'loss': 2.9579, 'grad_norm': 0.32052886486053467, 'learning_rate': 0.0008358972343605678, 'epoch': 0.29}
{'loss': 3.0684, 'grad_norm': 0.28187239170074463, 'learning_rate': 0.0008357494555215553, 'epoch': 0.29}
{'loss': 3.2102, 'grad_norm': 0.3235234022140503, 'learning_rate': 0.0008356016232490046, 'epoch': 0.29}
{'loss': 2.9374, 'grad_norm': 0.285119891166687, 'learning_rate': 0.0008354537375664431, 'epoch': 0.29}
{'loss': 3.3123, 'grad_norm': 0.27027690410614014, 'learning_rate': 0.0008353057984974062, 'epoch': 0.29}
{'loss': 2.9436, 'grad_norm': 0.27082523703575134, 'learning_rate': 0.0008351578060654378, 'epoch': 0.29}
{'loss': 3.1304, 'grad_norm': 0.2919251620769501, 'learning_rate': 0.0008350097602940905, 'epoch': 0.29}
{'loss': 3.0953, 'grad_norm': 0.2714802622795105, 'learning_rate': 0.0008348616612069256, 'epoch': 0.29}
{'loss': 3.0724, 'grad_norm': 0.2622438967227936, 'learning_rate': 0.0008347135088275125, 'epoch': 0.29}
{'loss': 2.9093, 'grad_norm': 0.2919740080833435, 'learning_rate': 0.0008345653031794292, 'epoch': 0.29}
{'loss': 3.103, 'grad_norm': 0.2811761796474457, 'learning_rate': 0.000834417044286262, 'epoch': 0.29}
{'loss': 3.0688, 'grad_norm': 0.2784492075443268, 'learning_rate': 0.0008342687321716061, 'epoch': 0.29}
{'loss': 3.062, 'grad_norm': 0.279788613319397, 'learning_rate': 0.0008341203668590651, 'epoch': 0.29}
{'loss': 3.0485, 'grad_norm': 0.2728915512561798, 'learning_rate': 0.0008339719483722505, 'epoch': 0.29}
{'loss': 2.9653, 'grad_norm': 0.2904885411262512, 'learning_rate': 0.0008338234767347829, 'epoch': 0.29}
{'loss': 3.0665, 'grad_norm': 0.2876565754413605, 'learning_rate': 0.0008336749519702911, 'epoch': 0.29}
{'loss': 3.1234, 'grad_norm': 0.3184281289577484, 'learning_rate': 0.0008335263741024123, 'epoch': 0.29}
{'loss': 3.0066, 'grad_norm': 0.2697499394416809, 'learning_rate': 0.0008333777431547922, 'epoch': 0.29}
{'loss': 3.0311, 'grad_norm': 0.287379652261734, 'learning_rate': 0.0008332290591510853, 'epoch': 0.29}
{'loss': 3.0579, 'grad_norm': 0.2852647602558136, 'learning_rate': 0.0008330803221149539, 'epoch': 0.29}
{'loss': 3.0052, 'grad_norm': 0.2839133143424988, 'learning_rate': 0.000832931532070069, 'epoch': 0.29}
{'loss': 2.9401, 'grad_norm': 0.31165626645088196, 'learning_rate': 0.0008327826890401105, 'epoch': 0.29}
{'loss': 3.1256, 'grad_norm': 0.3081546723842621, 'learning_rate': 0.0008326337930487658, 'epoch': 0.29}
{'loss': 3.0696, 'grad_norm': 0.27956917881965637, 'learning_rate': 0.0008324848441197317, 'epoch': 0.29}
{'loss': 3.0631, 'grad_norm': 0.2719436287879944, 'learning_rate': 0.0008323358422767129, 'epoch': 0.29}
{'loss': 3.0707, 'grad_norm': 0.2671215534210205, 'learning_rate': 0.0008321867875434224, 'epoch': 0.29}
{'loss': 2.9801, 'grad_norm': 0.3406837284564972, 'learning_rate': 0.000832037679943582, 'epoch': 0.29}
{'loss': 3.0912, 'grad_norm': 0.28056591749191284, 'learning_rate': 0.0008318885195009216, 'epoch': 0.29}
{'loss': 3.1538, 'grad_norm': 0.28343188762664795, 'learning_rate': 0.0008317393062391798, 'epoch': 0.29}
{'loss': 3.0142, 'grad_norm': 0.26552072167396545, 'learning_rate': 0.0008315900401821034, 'epoch': 0.29}
{'loss': 3.0155, 'grad_norm': 0.2930949330329895, 'learning_rate': 0.0008314407213534476, 'epoch': 0.29}
{'loss': 2.987, 'grad_norm': 0.2762974500656128, 'learning_rate': 0.0008312913497769761, 'epoch': 0.29}
{'loss': 2.9563, 'grad_norm': 0.2573285698890686, 'learning_rate': 0.000831141925476461, 'epoch': 0.29}
{'loss': 3.1255, 'grad_norm': 0.270829439163208, 'learning_rate': 0.0008309924484756826, 'epoch': 0.29}
{'loss': 3.0087, 'grad_norm': 0.2905900180339813, 'learning_rate': 0.0008308429187984297, 'epoch': 0.29}
{'loss': 3.0363, 'grad_norm': 0.26031526923179626, 'learning_rate': 0.0008306933364684996, 'epoch': 0.29}
{'loss': 3.0407, 'grad_norm': 0.28194698691368103, 'learning_rate': 0.0008305437015096982, 'epoch': 0.29}
{'loss': 3.0536, 'grad_norm': 0.25785040855407715, 'learning_rate': 0.0008303940139458389, 'epoch': 0.29}
{'loss': 2.9708, 'grad_norm': 0.30016249418258667, 'learning_rate': 0.0008302442738007443, 'epoch': 0.29}
{'loss': 3.0546, 'grad_norm': 0.27420976758003235, 'learning_rate': 0.0008300944810982452, 'epoch': 0.29}
{'loss': 3.0959, 'grad_norm': 0.2545129060745239, 'learning_rate': 0.0008299446358621805, 'epoch': 0.29}
{'loss': 3.046, 'grad_norm': 0.27215540409088135, 'learning_rate': 0.0008297947381163977, 'epoch': 0.29}
{'loss': 3.0641, 'grad_norm': 0.28652241826057434, 'learning_rate': 0.0008296447878847526, 'epoch': 0.29}
{'loss': 2.9506, 'grad_norm': 0.2977350652217865, 'learning_rate': 0.0008294947851911092, 'epoch': 0.29}
{'loss': 2.9582, 'grad_norm': 0.27133503556251526, 'learning_rate': 0.0008293447300593402, 'epoch': 0.29}
{'loss': 3.0808, 'grad_norm': 0.2864506244659424, 'learning_rate': 0.0008291946225133265, 'epoch': 0.29}
{'loss': 2.9557, 'grad_norm': 0.29054129123687744, 'learning_rate': 0.0008290444625769569, 'epoch': 0.29}
{'loss': 3.1878, 'grad_norm': 0.26961955428123474, 'learning_rate': 0.0008288942502741292, 'epoch': 0.29}
{'loss': 3.1163, 'grad_norm': 0.27734243869781494, 'learning_rate': 0.0008287439856287491, 'epoch': 0.29}
{'loss': 2.7877, 'grad_norm': 0.27220618724823, 'learning_rate': 0.0008285936686647309, 'epoch': 0.29}
{'loss': 3.0875, 'grad_norm': 0.28835296630859375, 'learning_rate': 0.000828443299405997, 'epoch': 0.29}
{'loss': 3.0422, 'grad_norm': 0.3056698143482208, 'learning_rate': 0.0008282928778764782, 'epoch': 0.29}
{'loss': 3.0497, 'grad_norm': 0.28694602847099304, 'learning_rate': 0.0008281424041001139, 'epoch': 0.29}
{'loss': 2.9774, 'grad_norm': 0.2722531259059906, 'learning_rate': 0.0008279918781008513, 'epoch': 0.29}
{'loss': 2.9501, 'grad_norm': 0.28842800855636597, 'learning_rate': 0.0008278412999026461, 'epoch': 0.29}
{'loss': 3.0174, 'grad_norm': 0.2780834436416626, 'learning_rate': 0.0008276906695294628, 'epoch': 0.29}
{'loss': 3.0291, 'grad_norm': 0.2855331599712372, 'learning_rate': 0.0008275399870052734, 'epoch': 0.29}
{'loss': 3.1599, 'grad_norm': 0.30734771490097046, 'learning_rate': 0.0008273892523540585, 'epoch': 0.29}
{'loss': 3.0832, 'grad_norm': 0.27178552746772766, 'learning_rate': 0.0008272384655998074, 'epoch': 0.29}
{'loss': 2.9217, 'grad_norm': 0.29968684911727905, 'learning_rate': 0.0008270876267665173, 'epoch': 0.29}
{'loss': 3.0367, 'grad_norm': 0.2872013747692108, 'learning_rate': 0.0008269367358781936, 'epoch': 0.29}
{'loss': 3.0229, 'grad_norm': 0.28685685992240906, 'learning_rate': 0.0008267857929588503, 'epoch': 0.3}
{'loss': 2.9173, 'grad_norm': 0.30570024251937866, 'learning_rate': 0.0008266347980325092, 'epoch': 0.3}
{'loss': 2.9904, 'grad_norm': 0.3007969558238983, 'learning_rate': 0.0008264837511232013, 'epoch': 0.3}
{'loss': 2.9433, 'grad_norm': 0.2840201258659363, 'learning_rate': 0.0008263326522549647, 'epoch': 0.3}
{'loss': 3.079, 'grad_norm': 0.3037603497505188, 'learning_rate': 0.0008261815014518466, 'epoch': 0.3}
{'loss': 2.9092, 'grad_norm': 0.2906404435634613, 'learning_rate': 0.0008260302987379021, 'epoch': 0.3}
{'loss': 2.9581, 'grad_norm': 0.2937982976436615, 'learning_rate': 0.0008258790441371948, 'epoch': 0.3}
{'loss': 3.0807, 'grad_norm': 0.2766682207584381, 'learning_rate': 0.0008257277376737963, 'epoch': 0.3}
{'loss': 3.1393, 'grad_norm': 0.28357720375061035, 'learning_rate': 0.0008255763793717868, 'epoch': 0.3}
{'loss': 3.051, 'grad_norm': 0.36548131704330444, 'learning_rate': 0.0008254249692552542, 'epoch': 0.3}
{'loss': 3.161, 'grad_norm': 0.2949528694152832, 'learning_rate': 0.0008252735073482952, 'epoch': 0.3}
{'loss': 2.9594, 'grad_norm': 0.29619288444519043, 'learning_rate': 0.0008251219936750144, 'epoch': 0.3}
{'loss': 3.1288, 'grad_norm': 0.29177406430244446, 'learning_rate': 0.0008249704282595248, 'epoch': 0.3}
{'loss': 3.0618, 'grad_norm': 0.27948132157325745, 'learning_rate': 0.0008248188111259478, 'epoch': 0.3}
{'loss': 2.8914, 'grad_norm': 0.28386953473091125, 'learning_rate': 0.0008246671422984125, 'epoch': 0.3}
{'loss': 3.0061, 'grad_norm': 0.279697060585022, 'learning_rate': 0.0008245154218010564, 'epoch': 0.3}
{'loss': 2.8637, 'grad_norm': 0.2623980939388275, 'learning_rate': 0.0008243636496580259, 'epoch': 0.3}
{'loss': 3.1647, 'grad_norm': 0.2806319296360016, 'learning_rate': 0.0008242118258934749, 'epoch': 0.3}
{'loss': 2.9825, 'grad_norm': 0.2879560887813568, 'learning_rate': 0.0008240599505315655, 'epoch': 0.3}
{'loss': 2.9406, 'grad_norm': 0.2605196237564087, 'learning_rate': 0.0008239080235964684, 'epoch': 0.3}
{'loss': 3.0686, 'grad_norm': 0.26542535424232483, 'learning_rate': 0.0008237560451123622, 'epoch': 0.3}
{'loss': 3.0018, 'grad_norm': 0.285054087638855, 'learning_rate': 0.0008236040151034339, 'epoch': 0.3}
{'loss': 2.9505, 'grad_norm': 0.27736207842826843, 'learning_rate': 0.0008234519335938787, 'epoch': 0.3}
{'loss': 2.8811, 'grad_norm': 0.2723539471626282, 'learning_rate': 0.0008232998006078997, 'epoch': 0.3}
{'loss': 3.0514, 'grad_norm': 0.27657192945480347, 'learning_rate': 0.0008231476161697089, 'epoch': 0.3}
{'loss': 3.1691, 'grad_norm': 0.28489258885383606, 'learning_rate': 0.0008229953803035255, 'epoch': 0.3}
{'loss': 3.3295, 'grad_norm': 0.29914557933807373, 'learning_rate': 0.0008228430930335776, 'epoch': 0.3}
{'loss': 2.9705, 'grad_norm': 0.2700697183609009, 'learning_rate': 0.0008226907543841011, 'epoch': 0.3}
{'loss': 2.9192, 'grad_norm': 0.28113189339637756, 'learning_rate': 0.0008225383643793404, 'epoch': 0.3}
{'loss': 2.9214, 'grad_norm': 0.25966084003448486, 'learning_rate': 0.0008223859230435482, 'epoch': 0.3}
{'loss': 2.9728, 'grad_norm': 0.2676193118095398, 'learning_rate': 0.0008222334304009844, 'epoch': 0.3}
{'loss': 3.0231, 'grad_norm': 0.27760031819343567, 'learning_rate': 0.0008220808864759184, 'epoch': 0.3}
{'loss': 3.0492, 'grad_norm': 0.27855271100997925, 'learning_rate': 0.0008219282912926269, 'epoch': 0.3}
{'loss': 2.933, 'grad_norm': 0.27991461753845215, 'learning_rate': 0.0008217756448753948, 'epoch': 0.3}
{'loss': 2.9485, 'grad_norm': 0.29590728878974915, 'learning_rate': 0.0008216229472485156, 'epoch': 0.3}
{'loss': 3.0217, 'grad_norm': 0.3099384307861328, 'learning_rate': 0.0008214701984362905, 'epoch': 0.3}
{'loss': 3.0854, 'grad_norm': 0.28325769305229187, 'learning_rate': 0.0008213173984630291, 'epoch': 0.3}
{'loss': 2.9223, 'grad_norm': 0.2830336391925812, 'learning_rate': 0.000821164547353049, 'epoch': 0.3}
{'loss': 2.9632, 'grad_norm': 0.27180492877960205, 'learning_rate': 0.0008210116451306762, 'epoch': 0.3}
{'loss': 3.0938, 'grad_norm': 0.3117619752883911, 'learning_rate': 0.0008208586918202443, 'epoch': 0.3}
{'loss': 3.0917, 'grad_norm': 0.27923718094825745, 'learning_rate': 0.0008207056874460955, 'epoch': 0.3}
{'loss': 3.1083, 'grad_norm': 0.2862122356891632, 'learning_rate': 0.0008205526320325802, 'epoch': 0.3}
{'loss': 2.9737, 'grad_norm': 0.2903008759021759, 'learning_rate': 0.0008203995256040565, 'epoch': 0.3}
{'loss': 3.1098, 'grad_norm': 0.2815614342689514, 'learning_rate': 0.0008202463681848911, 'epoch': 0.3}
{'loss': 3.0052, 'grad_norm': 0.29551592469215393, 'learning_rate': 0.0008200931597994581, 'epoch': 0.3}
{'loss': 3.0312, 'grad_norm': 0.28200921416282654, 'learning_rate': 0.0008199399004721405, 'epoch': 0.3}
{'loss': 2.9597, 'grad_norm': 0.2712746858596802, 'learning_rate': 0.000819786590227329, 'epoch': 0.3}
{'loss': 2.9025, 'grad_norm': 0.2766467034816742, 'learning_rate': 0.0008196332290894226, 'epoch': 0.3}
{'loss': 3.0239, 'grad_norm': 0.2910619378089905, 'learning_rate': 0.000819479817082828, 'epoch': 0.3}
{'loss': 3.1196, 'grad_norm': 0.2907690107822418, 'learning_rate': 0.0008193263542319605, 'epoch': 0.3}
{'loss': 3.2262, 'grad_norm': 0.28393325209617615, 'learning_rate': 0.0008191728405612431, 'epoch': 0.3}
{'loss': 3.0316, 'grad_norm': 0.2624964118003845, 'learning_rate': 0.0008190192760951072, 'epoch': 0.3}
{'loss': 3.134, 'grad_norm': 0.32944273948669434, 'learning_rate': 0.0008188656608579918, 'epoch': 0.3}
{'loss': 2.9905, 'grad_norm': 0.25973761081695557, 'learning_rate': 0.0008187119948743449, 'epoch': 0.3}
{'loss': 3.1044, 'grad_norm': 0.2921532988548279, 'learning_rate': 0.0008185582781686216, 'epoch': 0.3}
{'loss': 2.8652, 'grad_norm': 0.294426292181015, 'learning_rate': 0.0008184045107652853, 'epoch': 0.3}
{'loss': 3.0213, 'grad_norm': 0.2631720006465912, 'learning_rate': 0.0008182506926888081, 'epoch': 0.3}
{'loss': 3.1681, 'grad_norm': 0.27288347482681274, 'learning_rate': 0.0008180968239636694, 'epoch': 0.3}
{'loss': 2.9414, 'grad_norm': 0.27166715264320374, 'learning_rate': 0.0008179429046143569, 'epoch': 0.3}
{'loss': 2.8697, 'grad_norm': 0.26083946228027344, 'learning_rate': 0.0008177889346653665, 'epoch': 0.3}
{'loss': 3.0216, 'grad_norm': 0.28951695561408997, 'learning_rate': 0.0008176349141412022, 'epoch': 0.3}
{'loss': 3.1032, 'grad_norm': 0.24999280273914337, 'learning_rate': 0.0008174808430663757, 'epoch': 0.3}
{'loss': 3.0491, 'grad_norm': 0.26560866832733154, 'learning_rate': 0.0008173267214654071, 'epoch': 0.3}
{'loss': 3.0101, 'grad_norm': 0.28703123331069946, 'learning_rate': 0.0008171725493628243, 'epoch': 0.3}
{'loss': 3.1512, 'grad_norm': 0.2763201892375946, 'learning_rate': 0.0008170183267831634, 'epoch': 0.3}
{'loss': 2.9414, 'grad_norm': 0.29337748885154724, 'learning_rate': 0.0008168640537509683, 'epoch': 0.3}
{'loss': 3.0805, 'grad_norm': 0.2630450129508972, 'learning_rate': 0.0008167097302907916, 'epoch': 0.3}
{'loss': 3.0128, 'grad_norm': 0.25694069266319275, 'learning_rate': 0.0008165553564271928, 'epoch': 0.3}
{'loss': 2.9207, 'grad_norm': 0.2888837158679962, 'learning_rate': 0.0008164009321847405, 'epoch': 0.3}
{'loss': 2.9797, 'grad_norm': 0.28021514415740967, 'learning_rate': 0.0008162464575880106, 'epoch': 0.3}
{'loss': 3.0757, 'grad_norm': 0.2800528407096863, 'learning_rate': 0.0008160919326615873, 'epoch': 0.3}
{'loss': 3.0351, 'grad_norm': 0.2897096574306488, 'learning_rate': 0.000815937357430063, 'epoch': 0.3}
{'loss': 3.0818, 'grad_norm': 0.27700746059417725, 'learning_rate': 0.0008157827319180376, 'epoch': 0.3}
{'loss': 2.9277, 'grad_norm': 0.25884777307510376, 'learning_rate': 0.0008156280561501195, 'epoch': 0.3}
{'loss': 2.9735, 'grad_norm': 0.2796253263950348, 'learning_rate': 0.0008154733301509249, 'epoch': 0.3}
{'loss': 3.1638, 'grad_norm': 0.32755395770072937, 'learning_rate': 0.0008153185539450778, 'epoch': 0.3}
{'loss': 3.0217, 'grad_norm': 0.2924033999443054, 'learning_rate': 0.0008151637275572106, 'epoch': 0.3}
{'loss': 3.0756, 'grad_norm': 0.28118154406547546, 'learning_rate': 0.0008150088510119634, 'epoch': 0.3}
{'loss': 3.0807, 'grad_norm': 0.28872400522232056, 'learning_rate': 0.0008148539243339841, 'epoch': 0.3}
{'loss': 3.1905, 'grad_norm': 0.29056307673454285, 'learning_rate': 0.0008146989475479292, 'epoch': 0.3}
{'loss': 3.0781, 'grad_norm': 0.320955365896225, 'learning_rate': 0.0008145439206784627, 'epoch': 0.3}
{'loss': 3.0654, 'grad_norm': 0.2692716419696808, 'learning_rate': 0.0008143888437502565, 'epoch': 0.31}
{'loss': 3.0404, 'grad_norm': 0.2855871021747589, 'learning_rate': 0.0008142337167879905, 'epoch': 0.31}
{'loss': 2.9494, 'grad_norm': 0.280004620552063, 'learning_rate': 0.0008140785398163534, 'epoch': 0.31}
{'loss': 2.982, 'grad_norm': 0.30616796016693115, 'learning_rate': 0.0008139233128600404, 'epoch': 0.31}
{'loss': 3.0265, 'grad_norm': 0.2868438959121704, 'learning_rate': 0.0008137680359437558, 'epoch': 0.31}
{'loss': 3.0981, 'grad_norm': 0.27303317189216614, 'learning_rate': 0.0008136127090922114, 'epoch': 0.31}
{'loss': 3.101, 'grad_norm': 0.26893189549446106, 'learning_rate': 0.000813457332330127, 'epoch': 0.31}
{'loss': 3.1485, 'grad_norm': 0.2609878182411194, 'learning_rate': 0.0008133019056822303, 'epoch': 0.31}
{'loss': 3.0006, 'grad_norm': 0.2681063413619995, 'learning_rate': 0.0008131464291732571, 'epoch': 0.31}
{'loss': 3.0229, 'grad_norm': 0.2726587653160095, 'learning_rate': 0.0008129909028279508, 'epoch': 0.31}
{'loss': 3.1147, 'grad_norm': 0.30340978503227234, 'learning_rate': 0.0008128353266710633, 'epoch': 0.31}
{'loss': 2.9297, 'grad_norm': 0.2760474979877472, 'learning_rate': 0.0008126797007273538, 'epoch': 0.31}
{'loss': 3.0499, 'grad_norm': 0.24828213453292847, 'learning_rate': 0.00081252402502159, 'epoch': 0.31}
{'loss': 3.0967, 'grad_norm': 0.27335453033447266, 'learning_rate': 0.0008123682995785468, 'epoch': 0.31}
{'loss': 3.1467, 'grad_norm': 0.2783557176589966, 'learning_rate': 0.0008122125244230078, 'epoch': 0.31}
{'loss': 3.019, 'grad_norm': 0.2799576222896576, 'learning_rate': 0.0008120566995797643, 'epoch': 0.31}
{'loss': 3.1044, 'grad_norm': 0.2586607336997986, 'learning_rate': 0.0008119008250736148, 'epoch': 0.31}
{'loss': 3.0982, 'grad_norm': 0.27283188700675964, 'learning_rate': 0.0008117449009293668, 'epoch': 0.31}
{'loss': 3.069, 'grad_norm': 0.2948666214942932, 'learning_rate': 0.0008115889271718349, 'epoch': 0.31}
{'loss': 2.9929, 'grad_norm': 0.29568538069725037, 'learning_rate': 0.0008114329038258419, 'epoch': 0.31}
{'loss': 3.0891, 'grad_norm': 0.27407947182655334, 'learning_rate': 0.0008112768309162186, 'epoch': 0.31}
{'loss': 3.0823, 'grad_norm': 0.29691457748413086, 'learning_rate': 0.0008111207084678033, 'epoch': 0.31}
{'loss': 3.0327, 'grad_norm': 0.27132856845855713, 'learning_rate': 0.0008109645365054426, 'epoch': 0.31}
{'loss': 3.0893, 'grad_norm': 0.2952200770378113, 'learning_rate': 0.0008108083150539907, 'epoch': 0.31}
{'loss': 2.9045, 'grad_norm': 0.28781670331954956, 'learning_rate': 0.0008106520441383098, 'epoch': 0.31}
{'loss': 3.0223, 'grad_norm': 0.2746616005897522, 'learning_rate': 0.0008104957237832702, 'epoch': 0.31}
{'loss': 2.9849, 'grad_norm': 0.28107622265815735, 'learning_rate': 0.0008103393540137496, 'epoch': 0.31}
{'loss': 2.95, 'grad_norm': 0.28684675693511963, 'learning_rate': 0.0008101829348546337, 'epoch': 0.31}
{'loss': 3.0628, 'grad_norm': 0.3062416911125183, 'learning_rate': 0.0008100264663308163, 'epoch': 0.31}
{'loss': 3.017, 'grad_norm': 0.28357985615730286, 'learning_rate': 0.0008098699484671989, 'epoch': 0.31}
{'loss': 2.9618, 'grad_norm': 0.2713279724121094, 'learning_rate': 0.0008097133812886907, 'epoch': 0.31}
{'loss': 3.0528, 'grad_norm': 0.282028466463089, 'learning_rate': 0.0008095567648202093, 'epoch': 0.31}
{'loss': 2.8965, 'grad_norm': 0.2829573452472687, 'learning_rate': 0.0008094000990866794, 'epoch': 0.31}
{'loss': 2.9617, 'grad_norm': 0.28442615270614624, 'learning_rate': 0.000809243384113034, 'epoch': 0.31}
{'loss': 2.9811, 'grad_norm': 0.2816641330718994, 'learning_rate': 0.0008090866199242137, 'epoch': 0.31}
{'loss': 2.994, 'grad_norm': 0.28137513995170593, 'learning_rate': 0.0008089298065451672, 'epoch': 0.31}
{'loss': 2.9566, 'grad_norm': 0.28385716676712036, 'learning_rate': 0.0008087729440008509, 'epoch': 0.31}
{'loss': 3.0518, 'grad_norm': 0.2490747720003128, 'learning_rate': 0.0008086160323162289, 'epoch': 0.31}
{'loss': 2.9317, 'grad_norm': 0.2889921963214874, 'learning_rate': 0.0008084590715162732, 'epoch': 0.31}
{'loss': 2.8878, 'grad_norm': 0.29561659693717957, 'learning_rate': 0.000808302061625964, 'epoch': 0.31}
{'loss': 2.9672, 'grad_norm': 0.29394611716270447, 'learning_rate': 0.0008081450026702886, 'epoch': 0.31}
{'loss': 3.092, 'grad_norm': 0.28811970353126526, 'learning_rate': 0.0008079878946742425, 'epoch': 0.31}
{'loss': 3.1282, 'grad_norm': 0.3100561201572418, 'learning_rate': 0.0008078307376628291, 'epoch': 0.31}
{'loss': 2.9622, 'grad_norm': 0.2892686128616333, 'learning_rate': 0.0008076735316610595, 'epoch': 0.31}
{'loss': 2.9658, 'grad_norm': 0.27000078558921814, 'learning_rate': 0.0008075162766939526, 'epoch': 0.31}
{'loss': 3.0948, 'grad_norm': 0.2771027982234955, 'learning_rate': 0.0008073589727865347, 'epoch': 0.31}
{'loss': 3.1563, 'grad_norm': 0.2995680570602417, 'learning_rate': 0.0008072016199638407, 'epoch': 0.31}
{'loss': 3.0002, 'grad_norm': 0.2890731394290924, 'learning_rate': 0.0008070442182509126, 'epoch': 0.31}
{'loss': 3.0666, 'grad_norm': 0.2643260657787323, 'learning_rate': 0.0008068867676728005, 'epoch': 0.31}
{'loss': 2.9922, 'grad_norm': 0.28222525119781494, 'learning_rate': 0.0008067292682545622, 'epoch': 0.31}
{'loss': 3.0322, 'grad_norm': 0.2660628855228424, 'learning_rate': 0.0008065717200212633, 'epoch': 0.31}
{'loss': 3.0265, 'grad_norm': 0.2822168469429016, 'learning_rate': 0.0008064141229979769, 'epoch': 0.31}
{'loss': 3.0505, 'grad_norm': 0.2729942500591278, 'learning_rate': 0.0008062564772097845, 'epoch': 0.31}
{'loss': 3.0112, 'grad_norm': 0.28546571731567383, 'learning_rate': 0.0008060987826817745, 'epoch': 0.31}
{'loss': 3.0888, 'grad_norm': 0.26605308055877686, 'learning_rate': 0.0008059410394390441, 'epoch': 0.31}
{'loss': 2.9655, 'grad_norm': 0.2734498679637909, 'learning_rate': 0.0008057832475066971, 'epoch': 0.31}
{'loss': 3.0846, 'grad_norm': 0.27830445766448975, 'learning_rate': 0.0008056254069098459, 'epoch': 0.31}
{'loss': 3.0156, 'grad_norm': 0.2845633327960968, 'learning_rate': 0.0008054675176736104, 'epoch': 0.31}
{'loss': 3.0271, 'grad_norm': 0.24815087020397186, 'learning_rate': 0.000805309579823118, 'epoch': 0.31}
{'loss': 2.9891, 'grad_norm': 0.2784545123577118, 'learning_rate': 0.0008051515933835043, 'epoch': 0.31}
{'loss': 3.0777, 'grad_norm': 0.3116034269332886, 'learning_rate': 0.0008049935583799121, 'epoch': 0.31}
{'loss': 3.0794, 'grad_norm': 0.27737492322921753, 'learning_rate': 0.0008048354748374926, 'epoch': 0.31}
{'loss': 2.9332, 'grad_norm': 0.270833283662796, 'learning_rate': 0.0008046773427814041, 'epoch': 0.31}
{'loss': 3.1002, 'grad_norm': 0.27382221817970276, 'learning_rate': 0.0008045191622368128, 'epoch': 0.31}
{'loss': 2.8633, 'grad_norm': 0.28413230180740356, 'learning_rate': 0.0008043609332288926, 'epoch': 0.31}
{'loss': 3.0273, 'grad_norm': 0.27528008818626404, 'learning_rate': 0.0008042026557828255, 'epoch': 0.31}
{'loss': 3.058, 'grad_norm': 0.2898549735546112, 'learning_rate': 0.0008040443299238005, 'epoch': 0.31}
{'loss': 3.1599, 'grad_norm': 0.2558705508708954, 'learning_rate': 0.000803885955677015, 'epoch': 0.31}
{'loss': 2.932, 'grad_norm': 0.861857533454895, 'learning_rate': 0.0008037275330676736, 'epoch': 0.31}
{'loss': 3.0237, 'grad_norm': 0.2639274597167969, 'learning_rate': 0.000803569062120989, 'epoch': 0.31}
{'loss': 3.057, 'grad_norm': 0.2678942084312439, 'learning_rate': 0.0008034105428621812, 'epoch': 0.31}
{'loss': 3.0482, 'grad_norm': 0.28122180700302124, 'learning_rate': 0.000803251975316478, 'epoch': 0.31}
{'loss': 2.9865, 'grad_norm': 0.26480743288993835, 'learning_rate': 0.0008030933595091152, 'epoch': 0.31}
{'loss': 3.0275, 'grad_norm': 0.2772600054740906, 'learning_rate': 0.000802934695465336, 'epoch': 0.31}
{'loss': 3.0274, 'grad_norm': 0.2661193907260895, 'learning_rate': 0.0008027759832103912, 'epoch': 0.31}
{'loss': 3.0593, 'grad_norm': 0.2550295293331146, 'learning_rate': 0.0008026172227695392, 'epoch': 0.31}
{'loss': 3.2232, 'grad_norm': 0.2766483724117279, 'learning_rate': 0.0008024584141680468, 'epoch': 0.31}
{'loss': 3.14, 'grad_norm': 0.3016693890094757, 'learning_rate': 0.0008022995574311875, 'epoch': 0.31}
{'loss': 2.9906, 'grad_norm': 0.2958314120769501, 'learning_rate': 0.000802140652584243, 'epoch': 0.31}
{'loss': 2.9036, 'grad_norm': 0.2746283710002899, 'learning_rate': 0.0008019816996525025, 'epoch': 0.31}
{'loss': 3.1562, 'grad_norm': 0.2724374532699585, 'learning_rate': 0.0008018226986612628, 'epoch': 0.31}
{'loss': 3.0774, 'grad_norm': 0.27091288566589355, 'learning_rate': 0.0008016636496358288, 'epoch': 0.32}
{'loss': 2.921, 'grad_norm': 0.26386553049087524, 'learning_rate': 0.0008015045526015124, 'epoch': 0.32}
{'loss': 3.1169, 'grad_norm': 0.26811420917510986, 'learning_rate': 0.0008013454075836335, 'epoch': 0.32}
{'loss': 3.094, 'grad_norm': 0.27436119318008423, 'learning_rate': 0.0008011862146075193, 'epoch': 0.32}
{'loss': 2.9857, 'grad_norm': 0.29065245389938354, 'learning_rate': 0.0008010269736985054, 'epoch': 0.32}
{'loss': 3.0314, 'grad_norm': 0.2927185893058777, 'learning_rate': 0.0008008676848819341, 'epoch': 0.32}
{'loss': 2.9646, 'grad_norm': 0.26299795508384705, 'learning_rate': 0.0008007083481831559, 'epoch': 0.32}
{'loss': 2.9157, 'grad_norm': 0.2790415287017822, 'learning_rate': 0.0008005489636275288, 'epoch': 0.32}
{'loss': 2.9082, 'grad_norm': 0.30454641580581665, 'learning_rate': 0.0008003895312404184, 'epoch': 0.32}
{'loss': 3.1718, 'grad_norm': 0.28775060176849365, 'learning_rate': 0.0008002300510471978, 'epoch': 0.32}
{'loss': 2.852, 'grad_norm': 0.3095702826976776, 'learning_rate': 0.0008000705230732477, 'epoch': 0.32}
{'loss': 3.1149, 'grad_norm': 0.2691238522529602, 'learning_rate': 0.0007999109473439569, 'epoch': 0.32}
{'loss': 3.07, 'grad_norm': 0.29253849387168884, 'learning_rate': 0.0007997513238847209, 'epoch': 0.32}
{'loss': 3.0734, 'grad_norm': 0.3131963908672333, 'learning_rate': 0.0007995916527209439, 'epoch': 0.32}
{'loss': 3.1228, 'grad_norm': 0.26365286111831665, 'learning_rate': 0.0007994319338780365, 'epoch': 0.32}
{'loss': 3.107, 'grad_norm': 0.27310097217559814, 'learning_rate': 0.0007992721673814178, 'epoch': 0.32}
{'loss': 3.0537, 'grad_norm': 0.27336376905441284, 'learning_rate': 0.0007991123532565141, 'epoch': 0.32}
{'loss': 3.0412, 'grad_norm': 0.27155500650405884, 'learning_rate': 0.0007989524915287594, 'epoch': 0.32}
{'loss': 2.9145, 'grad_norm': 0.306416779756546, 'learning_rate': 0.0007987925822235953, 'epoch': 0.32}
{'loss': 3.0242, 'grad_norm': 0.2538563013076782, 'learning_rate': 0.0007986326253664706, 'epoch': 0.32}
{'loss': 3.0974, 'grad_norm': 0.26627203822135925, 'learning_rate': 0.0007984726209828422, 'epoch': 0.32}
{'loss': 3.1445, 'grad_norm': 0.28613296151161194, 'learning_rate': 0.0007983125690981743, 'epoch': 0.32}
{'loss': 3.1189, 'grad_norm': 0.29740139842033386, 'learning_rate': 0.0007981524697379385, 'epoch': 0.32}
{'loss': 2.9992, 'grad_norm': 0.2725124955177307, 'learning_rate': 0.0007979923229276145, 'epoch': 0.32}
{'loss': 3.1012, 'grad_norm': 0.2696053087711334, 'learning_rate': 0.000797832128692689, 'epoch': 0.32}
{'loss': 3.0544, 'grad_norm': 0.27197834849357605, 'learning_rate': 0.0007976718870586564, 'epoch': 0.32}
{'loss': 3.1047, 'grad_norm': 0.27713918685913086, 'learning_rate': 0.0007975115980510186, 'epoch': 0.32}
{'loss': 3.0053, 'grad_norm': 0.28826484084129333, 'learning_rate': 0.0007973512616952853, 'epoch': 0.32}
{'loss': 2.9898, 'grad_norm': 0.318634033203125, 'learning_rate': 0.0007971908780169735, 'epoch': 0.32}
{'loss': 2.9582, 'grad_norm': 0.3055463433265686, 'learning_rate': 0.0007970304470416078, 'epoch': 0.32}
{'loss': 3.103, 'grad_norm': 0.28177011013031006, 'learning_rate': 0.0007968699687947203, 'epoch': 0.32}
{'loss': 3.1013, 'grad_norm': 0.304979145526886, 'learning_rate': 0.0007967094433018508, 'epoch': 0.32}
{'loss': 2.9726, 'grad_norm': 0.2921743392944336, 'learning_rate': 0.0007965488705885462, 'epoch': 0.32}
{'loss': 3.1341, 'grad_norm': 0.274579256772995, 'learning_rate': 0.0007963882506803612, 'epoch': 0.32}
{'loss': 2.9603, 'grad_norm': 0.32057470083236694, 'learning_rate': 0.000796227583602858, 'epoch': 0.32}
{'loss': 3.2116, 'grad_norm': 0.28565090894699097, 'learning_rate': 0.0007960668693816066, 'epoch': 0.32}
{'loss': 2.9482, 'grad_norm': 0.26359960436820984, 'learning_rate': 0.0007959061080421839, 'epoch': 0.32}
{'loss': 3.0245, 'grad_norm': 0.28538161516189575, 'learning_rate': 0.0007957452996101746, 'epoch': 0.32}
{'loss': 2.8826, 'grad_norm': 0.2567136585712433, 'learning_rate': 0.000795584444111171, 'epoch': 0.32}
{'loss': 3.0204, 'grad_norm': 0.2703638970851898, 'learning_rate': 0.0007954235415707727, 'epoch': 0.32}
{'loss': 2.9553, 'grad_norm': 0.26822856068611145, 'learning_rate': 0.0007952625920145868, 'epoch': 0.32}
{'loss': 2.9382, 'grad_norm': 0.24530474841594696, 'learning_rate': 0.0007951015954682281, 'epoch': 0.32}
{'loss': 2.7914, 'grad_norm': 0.26217296719551086, 'learning_rate': 0.0007949405519573188, 'epoch': 0.32}
{'loss': 3.0022, 'grad_norm': 0.26727041602134705, 'learning_rate': 0.0007947794615074882, 'epoch': 0.32}
{'loss': 3.153, 'grad_norm': 0.2520725429058075, 'learning_rate': 0.0007946183241443736, 'epoch': 0.32}
{'loss': 2.9913, 'grad_norm': 0.27251049876213074, 'learning_rate': 0.0007944571398936193, 'epoch': 0.32}
{'loss': 3.1637, 'grad_norm': 0.32194867730140686, 'learning_rate': 0.0007942959087808777, 'epoch': 0.32}
{'loss': 3.0409, 'grad_norm': 0.3015405237674713, 'learning_rate': 0.0007941346308318081, 'epoch': 0.32}
{'loss': 2.8849, 'grad_norm': 0.2729285955429077, 'learning_rate': 0.0007939733060720771, 'epoch': 0.32}
{'loss': 3.0123, 'grad_norm': 0.27051615715026855, 'learning_rate': 0.0007938119345273593, 'epoch': 0.32}
{'loss': 3.1314, 'grad_norm': 0.28833845257759094, 'learning_rate': 0.0007936505162233368, 'epoch': 0.32}
{'loss': 2.9878, 'grad_norm': 0.28176069259643555, 'learning_rate': 0.0007934890511856982, 'epoch': 0.32}
{'loss': 3.1275, 'grad_norm': 0.2746942639350891, 'learning_rate': 0.0007933275394401407, 'epoch': 0.32}
{'loss': 3.1101, 'grad_norm': 0.28042325377464294, 'learning_rate': 0.0007931659810123682, 'epoch': 0.32}
{'loss': 3.0266, 'grad_norm': 0.27507284283638, 'learning_rate': 0.0007930043759280925, 'epoch': 0.32}
{'loss': 2.8665, 'grad_norm': 0.27256855368614197, 'learning_rate': 0.0007928427242130321, 'epoch': 0.32}
{'loss': 3.1175, 'grad_norm': 0.28428545594215393, 'learning_rate': 0.0007926810258929138, 'epoch': 0.32}
{'loss': 2.9763, 'grad_norm': 0.28834155201911926, 'learning_rate': 0.0007925192809934713, 'epoch': 0.32}
{'loss': 2.9394, 'grad_norm': 0.2761618494987488, 'learning_rate': 0.000792357489540446, 'epoch': 0.32}
{'loss': 2.9923, 'grad_norm': 0.2936702072620392, 'learning_rate': 0.0007921956515595861, 'epoch': 0.32}
{'loss': 3.2791, 'grad_norm': 0.2534513771533966, 'learning_rate': 0.000792033767076648, 'epoch': 0.32}
{'loss': 3.1684, 'grad_norm': 0.26107844710350037, 'learning_rate': 0.000791871836117395, 'epoch': 0.32}
{'loss': 2.9322, 'grad_norm': 0.2661372125148773, 'learning_rate': 0.0007917098587075979, 'epoch': 0.32}
{'loss': 3.031, 'grad_norm': 0.298024982213974, 'learning_rate': 0.000791547834873035, 'epoch': 0.32}
{'loss': 3.0479, 'grad_norm': 0.24441152811050415, 'learning_rate': 0.000791385764639492, 'epoch': 0.32}
{'loss': 2.9879, 'grad_norm': 0.3071398437023163, 'learning_rate': 0.0007912236480327619, 'epoch': 0.32}
{'loss': 3.1454, 'grad_norm': 0.27074873447418213, 'learning_rate': 0.0007910614850786447, 'epoch': 0.32}
{'loss': 2.853, 'grad_norm': 0.2695569694042206, 'learning_rate': 0.0007908992758029486, 'epoch': 0.32}
{'loss': 2.8582, 'grad_norm': 0.27071335911750793, 'learning_rate': 0.0007907370202314886, 'epoch': 0.32}
{'loss': 3.1077, 'grad_norm': 0.2718113362789154, 'learning_rate': 0.000790574718390087, 'epoch': 0.32}
{'loss': 3.1134, 'grad_norm': 0.28227245807647705, 'learning_rate': 0.0007904123703045741, 'epoch': 0.32}
{'loss': 2.9515, 'grad_norm': 0.2635064721107483, 'learning_rate': 0.0007902499760007867, 'epoch': 0.32}
{'loss': 2.9034, 'grad_norm': 0.2736094892024994, 'learning_rate': 0.0007900875355045696, 'epoch': 0.32}
{'loss': 2.9932, 'grad_norm': 0.2812364995479584, 'learning_rate': 0.0007899250488417746, 'epoch': 0.32}
{'loss': 3.0237, 'grad_norm': 0.29359039664268494, 'learning_rate': 0.0007897625160382611, 'epoch': 0.32}
{'loss': 3.1376, 'grad_norm': 0.2785848081111908, 'learning_rate': 0.0007895999371198957, 'epoch': 0.32}
{'loss': 3.0553, 'grad_norm': 0.29429832100868225, 'learning_rate': 0.000789437312112552, 'epoch': 0.32}
{'loss': 2.9079, 'grad_norm': 0.2661656439304352, 'learning_rate': 0.0007892746410421119, 'epoch': 0.32}
{'loss': 2.8759, 'grad_norm': 0.25742480158805847, 'learning_rate': 0.0007891119239344636, 'epoch': 0.32}
{'loss': 3.0094, 'grad_norm': 0.29904496669769287, 'learning_rate': 0.0007889491608155031, 'epoch': 0.32}
{'loss': 2.9951, 'grad_norm': 0.2767946124076843, 'learning_rate': 0.0007887863517111338, 'epoch': 0.32}
{'loss': 2.9616, 'grad_norm': 0.30047786235809326, 'learning_rate': 0.0007886234966472663, 'epoch': 0.33}
{'loss': 3.1023, 'grad_norm': 0.24457290768623352, 'learning_rate': 0.0007884605956498184, 'epoch': 0.33}
{'loss': 2.8368, 'grad_norm': 0.3001843988895416, 'learning_rate': 0.0007882976487447154, 'epoch': 0.33}
{'loss': 3.0546, 'grad_norm': 0.269866406917572, 'learning_rate': 0.0007881346559578895, 'epoch': 0.33}
{'loss': 2.9893, 'grad_norm': 0.2678491175174713, 'learning_rate': 0.000787971617315281, 'epoch': 0.33}
{'loss': 3.0734, 'grad_norm': 0.24916616082191467, 'learning_rate': 0.0007878085328428368, 'epoch': 0.33}
{'loss': 3.0719, 'grad_norm': 0.26164504885673523, 'learning_rate': 0.0007876454025665114, 'epoch': 0.33}
{'loss': 3.0462, 'grad_norm': 0.28129228949546814, 'learning_rate': 0.0007874822265122663, 'epoch': 0.33}
{'loss': 3.1423, 'grad_norm': 0.28641781210899353, 'learning_rate': 0.0007873190047060706, 'epoch': 0.33}
{'loss': 3.0122, 'grad_norm': 0.28185802698135376, 'learning_rate': 0.0007871557371739007, 'epoch': 0.33}
{'loss': 2.9606, 'grad_norm': 0.2492978572845459, 'learning_rate': 0.0007869924239417398, 'epoch': 0.33}
{'loss': 3.0869, 'grad_norm': 0.2833651304244995, 'learning_rate': 0.0007868290650355793, 'epoch': 0.33}
{'loss': 2.9623, 'grad_norm': 0.29726630449295044, 'learning_rate': 0.0007866656604814166, 'epoch': 0.33}
{'loss': 2.8344, 'grad_norm': 0.2721690833568573, 'learning_rate': 0.0007865022103052577, 'epoch': 0.33}
{'loss': 3.1429, 'grad_norm': 0.29806235432624817, 'learning_rate': 0.0007863387145331148, 'epoch': 0.33}
{'loss': 3.0504, 'grad_norm': 0.2744828760623932, 'learning_rate': 0.0007861751731910078, 'epoch': 0.33}
{'loss': 3.1959, 'grad_norm': 0.29460588097572327, 'learning_rate': 0.000786011586304964, 'epoch': 0.33}
{'loss': 2.9001, 'grad_norm': 0.2753150463104248, 'learning_rate': 0.0007858479539010177, 'epoch': 0.33}
{'loss': 2.8274, 'grad_norm': 0.2445211559534073, 'learning_rate': 0.0007856842760052104, 'epoch': 0.33}
{'loss': 3.1298, 'grad_norm': 0.25869274139404297, 'learning_rate': 0.0007855205526435911, 'epoch': 0.33}
{'loss': 3.1799, 'grad_norm': 0.26222023367881775, 'learning_rate': 0.000785356783842216, 'epoch': 0.33}
{'loss': 3.0634, 'grad_norm': 0.25830814242362976, 'learning_rate': 0.000785192969627148, 'epoch': 0.33}
{'loss': 2.9847, 'grad_norm': 0.25326043367385864, 'learning_rate': 0.000785029110024458, 'epoch': 0.33}
{'loss': 2.9473, 'grad_norm': 0.2545224726200104, 'learning_rate': 0.0007848652050602236, 'epoch': 0.33}
{'loss': 3.0226, 'grad_norm': 0.260041207075119, 'learning_rate': 0.0007847012547605301, 'epoch': 0.33}
{'loss': 2.9838, 'grad_norm': 0.29251226782798767, 'learning_rate': 0.0007845372591514695, 'epoch': 0.33}
{'loss': 2.902, 'grad_norm': 0.2978948950767517, 'learning_rate': 0.000784373218259141, 'epoch': 0.33}
{'loss': 3.0293, 'grad_norm': 0.26231521368026733, 'learning_rate': 0.0007842091321096515, 'epoch': 0.33}
{'loss': 2.9181, 'grad_norm': 0.2840713560581207, 'learning_rate': 0.0007840450007291149, 'epoch': 0.33}
{'loss': 2.9766, 'grad_norm': 0.2599116563796997, 'learning_rate': 0.0007838808241436519, 'epoch': 0.33}
{'loss': 3.1053, 'grad_norm': 0.2711440324783325, 'learning_rate': 0.0007837166023793909, 'epoch': 0.33}
{'loss': 3.0249, 'grad_norm': 0.2749379873275757, 'learning_rate': 0.0007835523354624676, 'epoch': 0.33}
{'loss': 3.0195, 'grad_norm': 0.25270119309425354, 'learning_rate': 0.0007833880234190241, 'epoch': 0.33}
{'loss': 3.0012, 'grad_norm': 0.28233516216278076, 'learning_rate': 0.0007832236662752103, 'epoch': 0.33}
{'loss': 3.0893, 'grad_norm': 0.2563130557537079, 'learning_rate': 0.0007830592640571834, 'epoch': 0.33}
{'loss': 2.9315, 'grad_norm': 0.2692321836948395, 'learning_rate': 0.0007828948167911073, 'epoch': 0.33}
{'loss': 2.7365, 'grad_norm': 0.5488606691360474, 'learning_rate': 0.0007827303245031534, 'epoch': 0.33}
{'loss': 3.056, 'grad_norm': 0.27629685401916504, 'learning_rate': 0.0007825657872195001, 'epoch': 0.33}
{'loss': 2.9515, 'grad_norm': 0.26835882663726807, 'learning_rate': 0.0007824012049663331, 'epoch': 0.33}
{'loss': 3.1444, 'grad_norm': 0.29966259002685547, 'learning_rate': 0.0007822365777698453, 'epoch': 0.33}
{'loss': 2.9751, 'grad_norm': 0.28979748487472534, 'learning_rate': 0.0007820719056562362, 'epoch': 0.33}
{'loss': 2.9488, 'grad_norm': 0.26372775435447693, 'learning_rate': 0.0007819071886517134, 'epoch': 0.33}
{'loss': 2.9024, 'grad_norm': 0.2941209375858307, 'learning_rate': 0.0007817424267824908, 'epoch': 0.33}
{'loss': 3.1996, 'grad_norm': 0.29858794808387756, 'learning_rate': 0.0007815776200747899, 'epoch': 0.33}
{'loss': 2.9811, 'grad_norm': 0.2817600965499878, 'learning_rate': 0.0007814127685548391, 'epoch': 0.33}
{'loss': 2.9191, 'grad_norm': 0.2679438292980194, 'learning_rate': 0.000781247872248874, 'epoch': 0.33}
{'loss': 2.9799, 'grad_norm': 0.2863786220550537, 'learning_rate': 0.0007810829311831378, 'epoch': 0.33}
{'loss': 3.1408, 'grad_norm': 0.2699628174304962, 'learning_rate': 0.0007809179453838797, 'epoch': 0.33}
{'loss': 3.0246, 'grad_norm': 0.31228354573249817, 'learning_rate': 0.0007807529148773573, 'epoch': 0.33}
{'loss': 3.0288, 'grad_norm': 0.2677563428878784, 'learning_rate': 0.0007805878396898343, 'epoch': 0.33}
{'loss': 2.9071, 'grad_norm': 0.27208611369132996, 'learning_rate': 0.0007804227198475822, 'epoch': 0.33}
{'loss': 3.1016, 'grad_norm': 0.24439604580402374, 'learning_rate': 0.0007802575553768791, 'epoch': 0.33}
{'loss': 3.0479, 'grad_norm': 0.2997977137565613, 'learning_rate': 0.0007800923463040106, 'epoch': 0.33}
{'loss': 3.0294, 'grad_norm': 0.2724653482437134, 'learning_rate': 0.0007799270926552693, 'epoch': 0.33}
{'loss': 2.9992, 'grad_norm': 0.2781637907028198, 'learning_rate': 0.0007797617944569546, 'epoch': 0.33}
{'loss': 3.0708, 'grad_norm': 0.28329479694366455, 'learning_rate': 0.0007795964517353734, 'epoch': 0.33}
{'loss': 3.0815, 'grad_norm': 0.29419901967048645, 'learning_rate': 0.0007794310645168395, 'epoch': 0.33}
{'loss': 3.1167, 'grad_norm': 0.3149394690990448, 'learning_rate': 0.000779265632827674, 'epoch': 0.33}
{'loss': 3.0704, 'grad_norm': 0.2835571765899658, 'learning_rate': 0.0007791001566942043, 'epoch': 0.33}
{'loss': 3.0676, 'grad_norm': 0.3379400670528412, 'learning_rate': 0.0007789346361427659, 'epoch': 0.33}
{'loss': 2.9838, 'grad_norm': 0.26563388109207153, 'learning_rate': 0.0007787690711997007, 'epoch': 0.33}
{'loss': 3.0747, 'grad_norm': 0.27949854731559753, 'learning_rate': 0.000778603461891358, 'epoch': 0.33}
{'loss': 2.9072, 'grad_norm': 0.2537321150302887, 'learning_rate': 0.000778437808244094, 'epoch': 0.33}
{'loss': 2.9201, 'grad_norm': 0.26626306772232056, 'learning_rate': 0.000778272110284272, 'epoch': 0.33}
{'loss': 3.0712, 'grad_norm': 0.26061129570007324, 'learning_rate': 0.0007781063680382623, 'epoch': 0.33}
{'loss': 3.0347, 'grad_norm': 0.28015589714050293, 'learning_rate': 0.0007779405815324423, 'epoch': 0.33}
{'loss': 2.9894, 'grad_norm': 0.26801130175590515, 'learning_rate': 0.0007777747507931965, 'epoch': 0.33}
{'loss': 2.8342, 'grad_norm': 0.2590900957584381, 'learning_rate': 0.0007776088758469162, 'epoch': 0.33}
{'loss': 3.1572, 'grad_norm': 0.29665377736091614, 'learning_rate': 0.0007774429567200001, 'epoch': 0.33}
{'loss': 3.1784, 'grad_norm': 0.29606783390045166, 'learning_rate': 0.0007772769934388537, 'epoch': 0.33}
{'loss': 3.068, 'grad_norm': 0.30591896176338196, 'learning_rate': 0.0007771109860298895, 'epoch': 0.33}
{'loss': 3.1012, 'grad_norm': 0.288882315158844, 'learning_rate': 0.0007769449345195271, 'epoch': 0.33}
{'loss': 3.0951, 'grad_norm': 0.2762707471847534, 'learning_rate': 0.0007767788389341932, 'epoch': 0.33}
{'loss': 3.0583, 'grad_norm': 0.27965182065963745, 'learning_rate': 0.0007766126993003213, 'epoch': 0.33}
{'loss': 3.0228, 'grad_norm': 0.28350040316581726, 'learning_rate': 0.0007764465156443521, 'epoch': 0.33}
{'loss': 3.0364, 'grad_norm': 0.288215696811676, 'learning_rate': 0.0007762802879927334, 'epoch': 0.33}
{'loss': 3.0498, 'grad_norm': 0.23930209875106812, 'learning_rate': 0.0007761140163719194, 'epoch': 0.33}
{'loss': 3.1396, 'grad_norm': 0.26877543330192566, 'learning_rate': 0.0007759477008083722, 'epoch': 0.33}
{'loss': 3.0776, 'grad_norm': 0.26862525939941406, 'learning_rate': 0.00077578134132856, 'epoch': 0.33}
{'loss': 2.8129, 'grad_norm': 0.28346332907676697, 'learning_rate': 0.000775614937958959, 'epoch': 0.33}
{'loss': 3.0574, 'grad_norm': 0.29377153515815735, 'learning_rate': 0.0007754484907260512, 'epoch': 0.33}
{'loss': 3.0978, 'grad_norm': 0.26511478424072266, 'learning_rate': 0.0007752819996563267, 'epoch': 0.34}
{'loss': 2.9982, 'grad_norm': 0.3051997721195221, 'learning_rate': 0.0007751154647762817, 'epoch': 0.34}
{'loss': 3.1649, 'grad_norm': 0.27442437410354614, 'learning_rate': 0.00077494888611242, 'epoch': 0.34}
{'loss': 3.0234, 'grad_norm': 0.3876666724681854, 'learning_rate': 0.0007747822636912518, 'epoch': 0.34}
{'loss': 3.1501, 'grad_norm': 0.3077111840248108, 'learning_rate': 0.0007746155975392948, 'epoch': 0.34}
{'loss': 3.052, 'grad_norm': 0.27268558740615845, 'learning_rate': 0.0007744488876830733, 'epoch': 0.34}
{'loss': 3.0102, 'grad_norm': 0.2714763879776001, 'learning_rate': 0.0007742821341491188, 'epoch': 0.34}
{'loss': 2.9615, 'grad_norm': 0.2623317539691925, 'learning_rate': 0.0007741153369639697, 'epoch': 0.34}
{'loss': 3.0464, 'grad_norm': 0.27228841185569763, 'learning_rate': 0.0007739484961541709, 'epoch': 0.34}
{'loss': 3.0207, 'grad_norm': 0.29999545216560364, 'learning_rate': 0.0007737816117462751, 'epoch': 0.34}
{'loss': 3.1118, 'grad_norm': 0.3005636930465698, 'learning_rate': 0.0007736146837668412, 'epoch': 0.34}
{'loss': 3.0892, 'grad_norm': 0.24918979406356812, 'learning_rate': 0.0007734477122424354, 'epoch': 0.34}
{'loss': 3.0376, 'grad_norm': 0.285785049200058, 'learning_rate': 0.0007732806971996306, 'epoch': 0.34}
{'loss': 3.0399, 'grad_norm': 0.2864442467689514, 'learning_rate': 0.0007731136386650068, 'epoch': 0.34}
{'loss': 3.1397, 'grad_norm': 0.3130545914173126, 'learning_rate': 0.000772946536665151, 'epoch': 0.34}
{'loss': 3.0254, 'grad_norm': 0.26650547981262207, 'learning_rate': 0.0007727793912266568, 'epoch': 0.34}
{'loss': 2.9834, 'grad_norm': 0.2853480279445648, 'learning_rate': 0.0007726122023761251, 'epoch': 0.34}
{'loss': 3.0142, 'grad_norm': 0.2905634045600891, 'learning_rate': 0.0007724449701401633, 'epoch': 0.34}
{'loss': 3.0974, 'grad_norm': 0.2887779474258423, 'learning_rate': 0.000772277694545386, 'epoch': 0.34}
{'loss': 2.9298, 'grad_norm': 0.2753242552280426, 'learning_rate': 0.0007721103756184146, 'epoch': 0.34}
{'loss': 3.1097, 'grad_norm': 0.2756883502006531, 'learning_rate': 0.0007719430133858778, 'epoch': 0.34}
{'loss': 2.9469, 'grad_norm': 0.28771349787712097, 'learning_rate': 0.0007717756078744102, 'epoch': 0.34}
{'loss': 3.0668, 'grad_norm': 0.27810361981391907, 'learning_rate': 0.0007716081591106541, 'epoch': 0.34}
{'loss': 3.0738, 'grad_norm': 0.26841649413108826, 'learning_rate': 0.0007714406671212588, 'epoch': 0.34}
{'loss': 3.0249, 'grad_norm': 0.3076901435852051, 'learning_rate': 0.0007712731319328797, 'epoch': 0.34}
{'loss': 3.0434, 'grad_norm': 0.26583346724510193, 'learning_rate': 0.0007711055535721799, 'epoch': 0.34}
{'loss': 2.9898, 'grad_norm': 0.2673369348049164, 'learning_rate': 0.0007709379320658287, 'epoch': 0.34}
{'loss': 3.1516, 'grad_norm': 0.2855514585971832, 'learning_rate': 0.0007707702674405026, 'epoch': 0.34}
{'loss': 3.1001, 'grad_norm': 0.2715972065925598, 'learning_rate': 0.0007706025597228851, 'epoch': 0.34}
{'loss': 2.9735, 'grad_norm': 0.2708437442779541, 'learning_rate': 0.0007704348089396665, 'epoch': 0.34}
{'loss': 3.0775, 'grad_norm': 0.2880411446094513, 'learning_rate': 0.0007702670151175434, 'epoch': 0.34}
{'loss': 2.9591, 'grad_norm': 0.2746919095516205, 'learning_rate': 0.0007700991782832203, 'epoch': 0.34}
{'loss': 2.9562, 'grad_norm': 0.2768985629081726, 'learning_rate': 0.0007699312984634075, 'epoch': 0.34}
{'loss': 3.0112, 'grad_norm': 0.25585463643074036, 'learning_rate': 0.0007697633756848226, 'epoch': 0.34}
{'loss': 2.9223, 'grad_norm': 0.29338040947914124, 'learning_rate': 0.0007695954099741901, 'epoch': 0.34}
{'loss': 3.1576, 'grad_norm': 0.2763667404651642, 'learning_rate': 0.0007694274013582412, 'epoch': 0.34}
{'loss': 3.0385, 'grad_norm': 0.2679626941680908, 'learning_rate': 0.0007692593498637142, 'epoch': 0.34}
{'loss': 3.0992, 'grad_norm': 0.2790071964263916, 'learning_rate': 0.0007690912555173535, 'epoch': 0.34}
{'loss': 3.0477, 'grad_norm': 0.2792041301727295, 'learning_rate': 0.0007689231183459114, 'epoch': 0.34}
{'loss': 3.1616, 'grad_norm': 0.27601051330566406, 'learning_rate': 0.0007687549383761462, 'epoch': 0.34}
{'loss': 2.9412, 'grad_norm': 0.26213836669921875, 'learning_rate': 0.0007685867156348231, 'epoch': 0.34}
{'loss': 3.1418, 'grad_norm': 0.25823691487312317, 'learning_rate': 0.0007684184501487144, 'epoch': 0.34}
{'loss': 2.9321, 'grad_norm': 0.24835039675235748, 'learning_rate': 0.0007682501419445991, 'epoch': 0.34}
{'loss': 3.0333, 'grad_norm': 0.2653723955154419, 'learning_rate': 0.0007680817910492629, 'epoch': 0.34}
{'loss': 3.1238, 'grad_norm': 0.2696026861667633, 'learning_rate': 0.0007679133974894983, 'epoch': 0.34}
{'loss': 2.9525, 'grad_norm': 0.26187726855278015, 'learning_rate': 0.0007677449612921047, 'epoch': 0.34}
{'loss': 2.9727, 'grad_norm': 0.2764715254306793, 'learning_rate': 0.0007675764824838882, 'epoch': 0.34}
{'loss': 2.9217, 'grad_norm': 0.27858489751815796, 'learning_rate': 0.0007674079610916618, 'epoch': 0.34}
{'loss': 3.1004, 'grad_norm': 0.2760542929172516, 'learning_rate': 0.0007672393971422448, 'epoch': 0.34}
{'loss': 2.8946, 'grad_norm': 0.26249250769615173, 'learning_rate': 0.0007670707906624643, 'epoch': 0.34}
{'loss': 3.0396, 'grad_norm': 0.2861161530017853, 'learning_rate': 0.0007669021416791533, 'epoch': 0.34}
{'loss': 3.1183, 'grad_norm': 0.274956077337265, 'learning_rate': 0.0007667334502191514, 'epoch': 0.34}
{'loss': 2.9909, 'grad_norm': 0.2874756157398224, 'learning_rate': 0.0007665647163093055, 'epoch': 0.34}
{'loss': 3.1711, 'grad_norm': 0.2817603349685669, 'learning_rate': 0.0007663959399764695, 'epoch': 0.34}
{'loss': 2.9826, 'grad_norm': 0.2638404965400696, 'learning_rate': 0.0007662271212475032, 'epoch': 0.34}
{'loss': 3.0169, 'grad_norm': 0.27947866916656494, 'learning_rate': 0.0007660582601492739, 'epoch': 0.34}
{'loss': 3.1203, 'grad_norm': 0.2783675193786621, 'learning_rate': 0.0007658893567086551, 'epoch': 0.34}
{'loss': 3.0079, 'grad_norm': 0.2892833650112152, 'learning_rate': 0.0007657204109525277, 'epoch': 0.34}
{'loss': 3.0238, 'grad_norm': 0.2550440728664398, 'learning_rate': 0.0007655514229077783, 'epoch': 0.34}
{'loss': 3.003, 'grad_norm': 0.2617000341415405, 'learning_rate': 0.0007653823926013015, 'epoch': 0.34}
{'loss': 3.0825, 'grad_norm': 0.27956753969192505, 'learning_rate': 0.0007652133200599974, 'epoch': 0.34}
{'loss': 2.9948, 'grad_norm': 0.2827739119529724, 'learning_rate': 0.0007650442053107738, 'epoch': 0.34}
{'loss': 3.1282, 'grad_norm': 0.2710103392601013, 'learning_rate': 0.0007648750483805446, 'epoch': 0.34}
{'loss': 2.8771, 'grad_norm': 0.2882518470287323, 'learning_rate': 0.0007647058492962309, 'epoch': 0.34}
{'loss': 3.0763, 'grad_norm': 0.2773505747318268, 'learning_rate': 0.0007645366080847598, 'epoch': 0.34}
{'loss': 2.962, 'grad_norm': 0.304526686668396, 'learning_rate': 0.0007643673247730658, 'epoch': 0.34}
{'loss': 2.9955, 'grad_norm': 0.2726958990097046, 'learning_rate': 0.00076419799938809, 'epoch': 0.34}
{'loss': 3.1643, 'grad_norm': 0.24855844676494598, 'learning_rate': 0.0007640286319567797, 'epoch': 0.34}
{'loss': 2.9897, 'grad_norm': 0.2756422460079193, 'learning_rate': 0.0007638592225060895, 'epoch': 0.34}
{'loss': 3.1232, 'grad_norm': 0.2986983358860016, 'learning_rate': 0.0007636897710629803, 'epoch': 0.34}
{'loss': 3.0146, 'grad_norm': 0.295188844203949, 'learning_rate': 0.0007635202776544198, 'epoch': 0.34}
{'loss': 3.2219, 'grad_norm': 0.3193545639514923, 'learning_rate': 0.0007633507423073823, 'epoch': 0.34}
{'loss': 3.0039, 'grad_norm': 0.29713109135627747, 'learning_rate': 0.000763181165048849, 'epoch': 0.34}
{'loss': 3.0309, 'grad_norm': 0.29095616936683655, 'learning_rate': 0.0007630115459058076, 'epoch': 0.34}
{'loss': 3.0807, 'grad_norm': 0.29264160990715027, 'learning_rate': 0.0007628418849052523, 'epoch': 0.34}
{'loss': 2.9767, 'grad_norm': 0.2738725543022156, 'learning_rate': 0.0007626721820741846, 'epoch': 0.34}
{'loss': 3.0717, 'grad_norm': 0.32083749771118164, 'learning_rate': 0.0007625024374396116, 'epoch': 0.34}
{'loss': 3.0598, 'grad_norm': 0.2888735234737396, 'learning_rate': 0.000762332651028548, 'epoch': 0.34}
{'loss': 2.9836, 'grad_norm': 0.2627982497215271, 'learning_rate': 0.0007621628228680148, 'epoch': 0.34}
{'loss': 3.0831, 'grad_norm': 0.27279236912727356, 'learning_rate': 0.0007619929529850397, 'epoch': 0.34}
{'loss': 2.8975, 'grad_norm': 0.25191983580589294, 'learning_rate': 0.0007618230414066567, 'epoch': 0.34}
{'loss': 3.0552, 'grad_norm': 0.2944077253341675, 'learning_rate': 0.000761653088159907, 'epoch': 0.34}
{'loss': 2.9919, 'grad_norm': 0.23425862193107605, 'learning_rate': 0.0007614830932718381, 'epoch': 0.35}
{'loss': 3.0504, 'grad_norm': 0.26416704058647156, 'learning_rate': 0.0007613130567695045, 'epoch': 0.35}
{'loss': 2.8214, 'grad_norm': 0.25079062581062317, 'learning_rate': 0.0007611429786799664, 'epoch': 0.35}
{'loss': 2.9178, 'grad_norm': 0.2840614318847656, 'learning_rate': 0.0007609728590302914, 'epoch': 0.35}
{'loss': 3.2118, 'grad_norm': 0.2762393057346344, 'learning_rate': 0.0007608026978475539, 'epoch': 0.35}
{'loss': 2.9976, 'grad_norm': 0.27321556210517883, 'learning_rate': 0.0007606324951588344, 'epoch': 0.35}
{'loss': 3.1124, 'grad_norm': 0.26448509097099304, 'learning_rate': 0.0007604622509912198, 'epoch': 0.35}
{'loss': 3.1672, 'grad_norm': 0.2597016990184784, 'learning_rate': 0.0007602919653718044, 'epoch': 0.35}
{'loss': 3.0056, 'grad_norm': 0.26577791571617126, 'learning_rate': 0.0007601216383276883, 'epoch': 0.35}
{'loss': 3.1154, 'grad_norm': 0.2619268298149109, 'learning_rate': 0.0007599512698859789, 'epoch': 0.35}
{'loss': 2.8554, 'grad_norm': 0.2563308775424957, 'learning_rate': 0.0007597808600737897, 'epoch': 0.35}
{'loss': 3.0328, 'grad_norm': 0.2620049715042114, 'learning_rate': 0.0007596104089182407, 'epoch': 0.35}
{'loss': 2.9375, 'grad_norm': 0.26839497685432434, 'learning_rate': 0.000759439916446459, 'epoch': 0.35}
{'loss': 3.0524, 'grad_norm': 0.29303354024887085, 'learning_rate': 0.0007592693826855779, 'epoch': 0.35}
{'loss': 3.0099, 'grad_norm': 0.28236639499664307, 'learning_rate': 0.0007590988076627372, 'epoch': 0.35}
{'loss': 3.1217, 'grad_norm': 0.28238239884376526, 'learning_rate': 0.0007589281914050836, 'epoch': 0.35}
{'loss': 2.9151, 'grad_norm': 0.29112449288368225, 'learning_rate': 0.0007587575339397701, 'epoch': 0.35}
{'loss': 3.0634, 'grad_norm': 0.2796883285045624, 'learning_rate': 0.0007585868352939563, 'epoch': 0.35}
{'loss': 3.0548, 'grad_norm': 0.28455808758735657, 'learning_rate': 0.0007584160954948085, 'epoch': 0.35}
{'loss': 3.0359, 'grad_norm': 0.30436286330223083, 'learning_rate': 0.0007582453145694992, 'epoch': 0.35}
{'loss': 3.0429, 'grad_norm': 0.30165719985961914, 'learning_rate': 0.000758074492545208, 'epoch': 0.35}
{'loss': 3.0169, 'grad_norm': 0.2768933176994324, 'learning_rate': 0.0007579036294491205, 'epoch': 0.35}
{'loss': 2.9876, 'grad_norm': 0.30107858777046204, 'learning_rate': 0.0007577327253084292, 'epoch': 0.35}
{'loss': 3.1144, 'grad_norm': 0.2821185290813446, 'learning_rate': 0.0007575617801503328, 'epoch': 0.35}
{'loss': 2.9753, 'grad_norm': 0.29402297735214233, 'learning_rate': 0.0007573907940020368, 'epoch': 0.35}
{'loss': 3.1619, 'grad_norm': 0.27718105912208557, 'learning_rate': 0.0007572197668907532, 'epoch': 0.35}
{'loss': 3.0331, 'grad_norm': 0.3117761015892029, 'learning_rate': 0.0007570486988437006, 'epoch': 0.35}
{'loss': 2.9928, 'grad_norm': 0.2886494994163513, 'learning_rate': 0.0007568775898881037, 'epoch': 0.35}
{'loss': 3.0573, 'grad_norm': 0.2834451198577881, 'learning_rate': 0.0007567064400511939, 'epoch': 0.35}
{'loss': 3.0126, 'grad_norm': 0.2886349856853485, 'learning_rate': 0.0007565352493602096, 'epoch': 0.35}
{'loss': 3.0128, 'grad_norm': 0.27992933988571167, 'learning_rate': 0.0007563640178423951, 'epoch': 0.35}
{'loss': 3.022, 'grad_norm': 0.2841629981994629, 'learning_rate': 0.0007561927455250013, 'epoch': 0.35}
{'loss': 2.9711, 'grad_norm': 0.27032068371772766, 'learning_rate': 0.0007560214324352858, 'epoch': 0.35}
{'loss': 3.0215, 'grad_norm': 0.25880300998687744, 'learning_rate': 0.0007558500786005125, 'epoch': 0.35}
{'loss': 3.0431, 'grad_norm': 0.26211661100387573, 'learning_rate': 0.0007556786840479519, 'epoch': 0.35}
{'loss': 3.0683, 'grad_norm': 0.28084132075309753, 'learning_rate': 0.0007555072488048811, 'epoch': 0.35}
{'loss': 3.063, 'grad_norm': 0.2594181001186371, 'learning_rate': 0.0007553357728985831, 'epoch': 0.35}
{'loss': 3.0025, 'grad_norm': 0.2739461660385132, 'learning_rate': 0.0007551642563563482, 'epoch': 0.35}
{'loss': 3.0173, 'grad_norm': 0.27396079897880554, 'learning_rate': 0.0007549926992054725, 'epoch': 0.35}
{'loss': 3.0664, 'grad_norm': 0.2813831567764282, 'learning_rate': 0.0007548211014732589, 'epoch': 0.35}
{'loss': 3.0225, 'grad_norm': 0.2628042697906494, 'learning_rate': 0.0007546494631870168, 'epoch': 0.35}
{'loss': 3.0291, 'grad_norm': 0.2791691720485687, 'learning_rate': 0.0007544777843740617, 'epoch': 0.35}
{'loss': 2.9709, 'grad_norm': 0.2884506285190582, 'learning_rate': 0.0007543060650617158, 'epoch': 0.35}
{'loss': 3.0493, 'grad_norm': 0.30699023604393005, 'learning_rate': 0.0007541343052773079, 'epoch': 0.35}
{'loss': 2.9903, 'grad_norm': 0.30229294300079346, 'learning_rate': 0.000753962505048173, 'epoch': 0.35}
{'loss': 3.0528, 'grad_norm': 0.2883284091949463, 'learning_rate': 0.0007537906644016526, 'epoch': 0.35}
{'loss': 2.9703, 'grad_norm': 0.2588373124599457, 'learning_rate': 0.0007536187833650946, 'epoch': 0.35}
{'loss': 3.0203, 'grad_norm': 0.29929137229919434, 'learning_rate': 0.0007534468619658534, 'epoch': 0.35}
{'loss': 2.9918, 'grad_norm': 0.268532931804657, 'learning_rate': 0.0007532749002312895, 'epoch': 0.35}
{'loss': 2.9123, 'grad_norm': 0.3021930158138275, 'learning_rate': 0.0007531028981887706, 'epoch': 0.35}
{'loss': 3.0207, 'grad_norm': 0.24433661997318268, 'learning_rate': 0.00075293085586567, 'epoch': 0.35}
{'loss': 3.1057, 'grad_norm': 0.2872079014778137, 'learning_rate': 0.0007527587732893679, 'epoch': 0.35}
{'loss': 2.9183, 'grad_norm': 0.252657026052475, 'learning_rate': 0.0007525866504872506, 'epoch': 0.35}
{'loss': 2.9706, 'grad_norm': 0.2585338056087494, 'learning_rate': 0.0007524144874867109, 'epoch': 0.35}
{'loss': 2.9348, 'grad_norm': 0.27279505133628845, 'learning_rate': 0.0007522422843151482, 'epoch': 0.35}
{'loss': 2.9773, 'grad_norm': 0.27742472290992737, 'learning_rate': 0.0007520700409999679, 'epoch': 0.35}
{'loss': 2.9404, 'grad_norm': 0.27572542428970337, 'learning_rate': 0.0007518977575685824, 'epoch': 0.35}
{'loss': 3.1556, 'grad_norm': 0.26206547021865845, 'learning_rate': 0.0007517254340484097, 'epoch': 0.35}
{'loss': 2.9675, 'grad_norm': 0.28594085574150085, 'learning_rate': 0.0007515530704668747, 'epoch': 0.35}
{'loss': 2.8373, 'grad_norm': 0.26308730244636536, 'learning_rate': 0.0007513806668514086, 'epoch': 0.35}
{'loss': 3.0819, 'grad_norm': 0.3034767508506775, 'learning_rate': 0.000751208223229449, 'epoch': 0.35}
{'loss': 3.0872, 'grad_norm': 0.27478429675102234, 'learning_rate': 0.0007510357396284397, 'epoch': 0.35}
{'loss': 3.0654, 'grad_norm': 0.2601265609264374, 'learning_rate': 0.000750863216075831, 'epoch': 0.35}
{'loss': 2.9241, 'grad_norm': 0.26864758133888245, 'learning_rate': 0.0007506906525990795, 'epoch': 0.35}
{'loss': 2.8967, 'grad_norm': 0.26918309926986694, 'learning_rate': 0.0007505180492256482, 'epoch': 0.35}
{'loss': 2.9816, 'grad_norm': 0.2762983441352844, 'learning_rate': 0.0007503454059830064, 'epoch': 0.35}
{'loss': 3.0549, 'grad_norm': 0.28517797589302063, 'learning_rate': 0.0007501727228986294, 'epoch': 0.35}
{'loss': 2.9786, 'grad_norm': 0.2887064814567566, 'learning_rate': 0.00075, 'epoch': 0.35}
{'loss': 3.0177, 'grad_norm': 0.28169846534729004, 'learning_rate': 0.000749827237314606, 'epoch': 0.35}
{'loss': 3.0034, 'grad_norm': 0.25433704257011414, 'learning_rate': 0.0007496544348699421, 'epoch': 0.35}
{'loss': 2.912, 'grad_norm': 0.25582075119018555, 'learning_rate': 0.0007494815926935093, 'epoch': 0.35}
{'loss': 3.0757, 'grad_norm': 0.30874791741371155, 'learning_rate': 0.0007493087108128151, 'epoch': 0.35}
{'loss': 2.9503, 'grad_norm': 0.28974100947380066, 'learning_rate': 0.0007491357892553729, 'epoch': 0.35}
{'loss': 3.0612, 'grad_norm': 0.2921290397644043, 'learning_rate': 0.000748962828048703, 'epoch': 0.35}
{'loss': 3.0677, 'grad_norm': 0.27815985679626465, 'learning_rate': 0.0007487898272203313, 'epoch': 0.35}
{'loss': 2.9882, 'grad_norm': 0.2685585618019104, 'learning_rate': 0.0007486167867977906, 'epoch': 0.35}
{'loss': 2.9851, 'grad_norm': 0.2821113169193268, 'learning_rate': 0.0007484437068086197, 'epoch': 0.35}
{'loss': 2.9884, 'grad_norm': 0.3168783187866211, 'learning_rate': 0.0007482705872803637, 'epoch': 0.35}
{'loss': 3.1436, 'grad_norm': 0.2968035042285919, 'learning_rate': 0.0007480974282405743, 'epoch': 0.35}
{'loss': 2.8722, 'grad_norm': 0.29102015495300293, 'learning_rate': 0.0007479242297168089, 'epoch': 0.35}
{'loss': 3.0844, 'grad_norm': 0.26406416296958923, 'learning_rate': 0.0007477509917366319, 'epoch': 0.35}
{'loss': 2.9675, 'grad_norm': 0.2875273525714874, 'learning_rate': 0.0007475777143276133, 'epoch': 0.36}
{'loss': 2.9851, 'grad_norm': 0.27922892570495605, 'learning_rate': 0.0007474043975173299, 'epoch': 0.36}
{'loss': 3.0288, 'grad_norm': 0.28560587763786316, 'learning_rate': 0.0007472310413333645, 'epoch': 0.36}
{'loss': 2.9941, 'grad_norm': 0.30964431166648865, 'learning_rate': 0.0007470576458033062, 'epoch': 0.36}
{'loss': 2.9961, 'grad_norm': 0.26738646626472473, 'learning_rate': 0.0007468842109547505, 'epoch': 0.36}
{'loss': 3.1007, 'grad_norm': 0.27113163471221924, 'learning_rate': 0.0007467107368152988, 'epoch': 0.36}
{'loss': 2.9537, 'grad_norm': 0.2612631618976593, 'learning_rate': 0.0007465372234125591, 'epoch': 0.36}
{'loss': 3.0453, 'grad_norm': 0.2659408152103424, 'learning_rate': 0.0007463636707741458, 'epoch': 0.36}
{'loss': 3.0444, 'grad_norm': 0.26458653807640076, 'learning_rate': 0.000746190078927679, 'epoch': 0.36}
{'loss': 3.0281, 'grad_norm': 0.24634970724582672, 'learning_rate': 0.0007460164479007854, 'epoch': 0.36}
{'loss': 2.961, 'grad_norm': 0.2717273235321045, 'learning_rate': 0.000745842777721098, 'epoch': 0.36}
{'loss': 2.886, 'grad_norm': 0.26522964239120483, 'learning_rate': 0.0007456690684162558, 'epoch': 0.36}
{'loss': 3.0383, 'grad_norm': 0.2720620930194855, 'learning_rate': 0.000745495320013904, 'epoch': 0.36}
{'loss': 2.9609, 'grad_norm': 0.26670801639556885, 'learning_rate': 0.0007453215325416943, 'epoch': 0.36}
{'loss': 3.1007, 'grad_norm': 0.31522783637046814, 'learning_rate': 0.0007451477060272843, 'epoch': 0.36}
{'loss': 3.0625, 'grad_norm': 0.28746694326400757, 'learning_rate': 0.0007449738404983384, 'epoch': 0.36}
{'loss': 3.0981, 'grad_norm': 0.2712973952293396, 'learning_rate': 0.0007447999359825263, 'epoch': 0.36}
{'loss': 3.0616, 'grad_norm': 0.27692487835884094, 'learning_rate': 0.0007446259925075246, 'epoch': 0.36}
{'loss': 3.0729, 'grad_norm': 0.31146788597106934, 'learning_rate': 0.0007444520101010157, 'epoch': 0.36}
{'loss': 2.9805, 'grad_norm': 0.24605663120746613, 'learning_rate': 0.0007442779887906889, 'epoch': 0.36}
{'loss': 3.0355, 'grad_norm': 0.2853548228740692, 'learning_rate': 0.0007441039286042387, 'epoch': 0.36}
{'loss': 2.9175, 'grad_norm': 0.26013121008872986, 'learning_rate': 0.0007439298295693664, 'epoch': 0.36}
{'loss': 3.1737, 'grad_norm': 0.2744816839694977, 'learning_rate': 0.0007437556917137792, 'epoch': 0.36}
{'loss': 3.1273, 'grad_norm': 0.27660879492759705, 'learning_rate': 0.0007435815150651911, 'epoch': 0.36}
{'loss': 3.0422, 'grad_norm': 0.28591087460517883, 'learning_rate': 0.0007434072996513214, 'epoch': 0.36}
{'loss': 3.1836, 'grad_norm': 0.27219918370246887, 'learning_rate': 0.0007432330454998959, 'epoch': 0.36}
{'loss': 2.9503, 'grad_norm': 0.2860383093357086, 'learning_rate': 0.0007430587526386469, 'epoch': 0.36}
{'loss': 3.0023, 'grad_norm': 0.2526877522468567, 'learning_rate': 0.0007428844210953126, 'epoch': 0.36}
{'loss': 2.953, 'grad_norm': 0.2745646834373474, 'learning_rate': 0.000742710050897637, 'epoch': 0.36}
{'loss': 2.9058, 'grad_norm': 0.26435402035713196, 'learning_rate': 0.000742535642073371, 'epoch': 0.36}
{'loss': 3.0015, 'grad_norm': 0.27457424998283386, 'learning_rate': 0.000742361194650271, 'epoch': 0.36}
{'loss': 3.0224, 'grad_norm': 0.27377772331237793, 'learning_rate': 0.0007421867086561001, 'epoch': 0.36}
{'loss': 2.8716, 'grad_norm': 0.24942637979984283, 'learning_rate': 0.0007420121841186268, 'epoch': 0.36}
{'loss': 2.998, 'grad_norm': 0.2604103982448578, 'learning_rate': 0.0007418376210656265, 'epoch': 0.36}
{'loss': 2.9214, 'grad_norm': 0.25539201498031616, 'learning_rate': 0.0007416630195248802, 'epoch': 0.36}
{'loss': 2.9405, 'grad_norm': 0.2642821967601776, 'learning_rate': 0.0007414883795241753, 'epoch': 0.36}
{'loss': 3.0447, 'grad_norm': 0.25401315093040466, 'learning_rate': 0.0007413137010913055, 'epoch': 0.36}
{'loss': 3.0853, 'grad_norm': 0.3197386562824249, 'learning_rate': 0.00074113898425407, 'epoch': 0.36}
{'loss': 3.14, 'grad_norm': 0.2693440914154053, 'learning_rate': 0.0007409642290402744, 'epoch': 0.36}
{'loss': 2.9909, 'grad_norm': 0.27163001894950867, 'learning_rate': 0.0007407894354777309, 'epoch': 0.36}
{'loss': 2.9856, 'grad_norm': 0.2810722291469574, 'learning_rate': 0.0007406146035942569, 'epoch': 0.36}
{'loss': 3.1114, 'grad_norm': 0.26519325375556946, 'learning_rate': 0.0007404397334176769, 'epoch': 0.36}
{'loss': 3.1244, 'grad_norm': 0.28275763988494873, 'learning_rate': 0.0007402648249758203, 'epoch': 0.36}
{'loss': 3.027, 'grad_norm': 0.25748324394226074, 'learning_rate': 0.0007400898782965239, 'epoch': 0.36}
{'loss': 2.9828, 'grad_norm': 0.27875611186027527, 'learning_rate': 0.0007399148934076297, 'epoch': 0.36}
{'loss': 2.9983, 'grad_norm': 0.2802371680736542, 'learning_rate': 0.0007397398703369862, 'epoch': 0.36}
{'loss': 3.1106, 'grad_norm': 0.28982433676719666, 'learning_rate': 0.0007395648091124475, 'epoch': 0.36}
{'loss': 2.9462, 'grad_norm': 0.253510445356369, 'learning_rate': 0.0007393897097618742, 'epoch': 0.36}
{'loss': 2.854, 'grad_norm': 0.2697170078754425, 'learning_rate': 0.000739214572313133, 'epoch': 0.36}
{'loss': 2.99, 'grad_norm': 0.2755727171897888, 'learning_rate': 0.0007390393967940962, 'epoch': 0.36}
{'loss': 3.0995, 'grad_norm': 0.2802375555038452, 'learning_rate': 0.0007388641832326426, 'epoch': 0.36}
{'loss': 2.9996, 'grad_norm': 0.28301066160202026, 'learning_rate': 0.000738688931656657, 'epoch': 0.36}
{'loss': 2.9779, 'grad_norm': 0.28161320090293884, 'learning_rate': 0.0007385136420940304, 'epoch': 0.36}
{'loss': 2.9065, 'grad_norm': 0.2826216220855713, 'learning_rate': 0.0007383383145726592, 'epoch': 0.36}
{'loss': 3.0683, 'grad_norm': 0.2783724069595337, 'learning_rate': 0.0007381629491204463, 'epoch': 0.36}
{'loss': 2.9133, 'grad_norm': 0.26881155371665955, 'learning_rate': 0.0007379875457653009, 'epoch': 0.36}
{'loss': 2.9792, 'grad_norm': 0.2806619703769684, 'learning_rate': 0.0007378121045351377, 'epoch': 0.36}
{'loss': 3.1396, 'grad_norm': 0.27323785424232483, 'learning_rate': 0.0007376366254578777, 'epoch': 0.36}
{'loss': 3.1189, 'grad_norm': 0.28591734170913696, 'learning_rate': 0.0007374611085614477, 'epoch': 0.36}
{'loss': 3.0088, 'grad_norm': 0.26549991965293884, 'learning_rate': 0.0007372855538737811, 'epoch': 0.36}
{'loss': 2.9963, 'grad_norm': 0.28435835242271423, 'learning_rate': 0.0007371099614228166, 'epoch': 0.36}
{'loss': 2.9882, 'grad_norm': 0.2752741277217865, 'learning_rate': 0.0007369343312364993, 'epoch': 0.36}
{'loss': 2.9058, 'grad_norm': 0.2954760193824768, 'learning_rate': 0.0007367586633427803, 'epoch': 0.36}
{'loss': 3.0894, 'grad_norm': 0.2717541456222534, 'learning_rate': 0.0007365829577696166, 'epoch': 0.36}
{'loss': 3.0878, 'grad_norm': 0.2820652425289154, 'learning_rate': 0.0007364072145449712, 'epoch': 0.36}
{'loss': 2.997, 'grad_norm': 0.27056148648262024, 'learning_rate': 0.000736231433696813, 'epoch': 0.36}
{'loss': 3.0262, 'grad_norm': 0.2645481824874878, 'learning_rate': 0.000736055615253117, 'epoch': 0.36}
{'loss': 2.9873, 'grad_norm': 0.2794595956802368, 'learning_rate': 0.0007358797592418645, 'epoch': 0.36}
{'loss': 2.9379, 'grad_norm': 0.2676527798175812, 'learning_rate': 0.0007357038656910423, 'epoch': 0.36}
{'loss': 3.124, 'grad_norm': 0.2527098059654236, 'learning_rate': 0.0007355279346286432, 'epoch': 0.36}
{'loss': 2.9676, 'grad_norm': 0.2783181667327881, 'learning_rate': 0.0007353519660826664, 'epoch': 0.36}
{'loss': 2.9791, 'grad_norm': 0.28432056307792664, 'learning_rate': 0.0007351759600811163, 'epoch': 0.36}
{'loss': 2.9222, 'grad_norm': 0.2856711745262146, 'learning_rate': 0.0007349999166520043, 'epoch': 0.36}
{'loss': 3.0719, 'grad_norm': 0.29160258173942566, 'learning_rate': 0.0007348238358233467, 'epoch': 0.36}
{'loss': 2.9535, 'grad_norm': 0.2741183340549469, 'learning_rate': 0.0007346477176231668, 'epoch': 0.36}
{'loss': 3.0807, 'grad_norm': 0.2680703103542328, 'learning_rate': 0.0007344715620794928, 'epoch': 0.36}
{'loss': 2.9811, 'grad_norm': 0.2650911808013916, 'learning_rate': 0.0007342953692203593, 'epoch': 0.36}
{'loss': 2.8041, 'grad_norm': 0.2879889905452728, 'learning_rate': 0.0007341191390738072, 'epoch': 0.36}
{'loss': 2.9974, 'grad_norm': 0.2700789272785187, 'learning_rate': 0.0007339428716678831, 'epoch': 0.36}
{'loss': 3.0558, 'grad_norm': 0.2778134346008301, 'learning_rate': 0.0007337665670306391, 'epoch': 0.36}
{'loss': 2.8356, 'grad_norm': 0.2760528028011322, 'learning_rate': 0.0007335902251901335, 'epoch': 0.36}
{'loss': 3.0983, 'grad_norm': 0.3030122220516205, 'learning_rate': 0.000733413846174431, 'epoch': 0.37}
{'loss': 3.0227, 'grad_norm': 0.2805054187774658, 'learning_rate': 0.0007332374300116016, 'epoch': 0.37}
{'loss': 2.8651, 'grad_norm': 0.27165737748146057, 'learning_rate': 0.0007330609767297213, 'epoch': 0.37}
{'loss': 3.1222, 'grad_norm': 0.2736617624759674, 'learning_rate': 0.0007328844863568721, 'epoch': 0.37}
{'loss': 2.9257, 'grad_norm': 0.29997947812080383, 'learning_rate': 0.0007327079589211422, 'epoch': 0.37}
{'loss': 2.9867, 'grad_norm': 0.3141607642173767, 'learning_rate': 0.0007325313944506253, 'epoch': 0.37}
{'loss': 3.051, 'grad_norm': 0.24490386247634888, 'learning_rate': 0.000732354792973421, 'epoch': 0.37}
{'loss': 2.973, 'grad_norm': 0.28552043437957764, 'learning_rate': 0.0007321781545176349, 'epoch': 0.37}
{'loss': 2.8023, 'grad_norm': 0.28478994965553284, 'learning_rate': 0.0007320014791113787, 'epoch': 0.37}
{'loss': 2.9111, 'grad_norm': 0.3027000427246094, 'learning_rate': 0.0007318247667827696, 'epoch': 0.37}
{'loss': 2.985, 'grad_norm': 0.27336743474006653, 'learning_rate': 0.0007316480175599309, 'epoch': 0.37}
{'loss': 3.0229, 'grad_norm': 0.28521642088890076, 'learning_rate': 0.0007314712314709917, 'epoch': 0.37}
{'loss': 2.8574, 'grad_norm': 0.27445054054260254, 'learning_rate': 0.000731294408544087, 'epoch': 0.37}
{'loss': 2.99, 'grad_norm': 0.25102365016937256, 'learning_rate': 0.0007311175488073576, 'epoch': 0.37}
{'loss': 3.1289, 'grad_norm': 0.27773523330688477, 'learning_rate': 0.0007309406522889503, 'epoch': 0.37}
{'loss': 3.0419, 'grad_norm': 0.2698175311088562, 'learning_rate': 0.0007307637190170175, 'epoch': 0.37}
{'loss': 2.9174, 'grad_norm': 0.2743985652923584, 'learning_rate': 0.0007305867490197179, 'epoch': 0.37}
{'loss': 3.0707, 'grad_norm': 0.2781146168708801, 'learning_rate': 0.0007304097423252155, 'epoch': 0.37}
{'loss': 3.1418, 'grad_norm': 0.2590477466583252, 'learning_rate': 0.0007302326989616805, 'epoch': 0.37}
{'loss': 2.9239, 'grad_norm': 0.24347050487995148, 'learning_rate': 0.0007300556189572887, 'epoch': 0.37}
{'loss': 2.9638, 'grad_norm': 0.28580471873283386, 'learning_rate': 0.000729878502340222, 'epoch': 0.37}
{'loss': 2.8449, 'grad_norm': 0.25659072399139404, 'learning_rate': 0.0007297013491386679, 'epoch': 0.37}
{'loss': 2.9433, 'grad_norm': 0.2641994059085846, 'learning_rate': 0.0007295241593808199, 'epoch': 0.37}
{'loss': 2.8974, 'grad_norm': 0.299476683139801, 'learning_rate': 0.0007293469330948775, 'epoch': 0.37}
{'loss': 3.059, 'grad_norm': 0.29228898882865906, 'learning_rate': 0.0007291696703090449, 'epoch': 0.37}
{'loss': 3.0355, 'grad_norm': 0.269912987947464, 'learning_rate': 0.0007289923710515338, 'epoch': 0.37}
{'loss': 2.8823, 'grad_norm': 0.28786394000053406, 'learning_rate': 0.0007288150353505604, 'epoch': 0.37}
{'loss': 2.9946, 'grad_norm': 0.2686963677406311, 'learning_rate': 0.0007286376632343474, 'epoch': 0.37}
{'loss': 2.9946, 'grad_norm': 0.2805190086364746, 'learning_rate': 0.0007284602547311229, 'epoch': 0.37}
{'loss': 2.8974, 'grad_norm': 0.2717345952987671, 'learning_rate': 0.000728282809869121, 'epoch': 0.37}
{'loss': 3.0875, 'grad_norm': 0.282354474067688, 'learning_rate': 0.0007281053286765816, 'epoch': 0.37}
{'loss': 2.9322, 'grad_norm': 0.2758471369743347, 'learning_rate': 0.0007279278111817501, 'epoch': 0.37}
{'loss': 3.0291, 'grad_norm': 0.27965909242630005, 'learning_rate': 0.0007277502574128779, 'epoch': 0.37}
{'loss': 3.0753, 'grad_norm': 0.27280059456825256, 'learning_rate': 0.0007275726673982224, 'epoch': 0.37}
{'loss': 2.8984, 'grad_norm': 0.26350125670433044, 'learning_rate': 0.0007273950411660465, 'epoch': 0.37}
{'loss': 3.0979, 'grad_norm': 0.29555559158325195, 'learning_rate': 0.0007272173787446187, 'epoch': 0.37}
{'loss': 2.9996, 'grad_norm': 0.2631756663322449, 'learning_rate': 0.0007270396801622134, 'epoch': 0.37}
{'loss': 3.1787, 'grad_norm': 0.2956627607345581, 'learning_rate': 0.0007268619454471112, 'epoch': 0.37}
{'loss': 3.0203, 'grad_norm': 0.2697629928588867, 'learning_rate': 0.0007266841746275977, 'epoch': 0.37}
{'loss': 3.0167, 'grad_norm': 0.2547835111618042, 'learning_rate': 0.0007265063677319647, 'epoch': 0.37}
{'loss': 2.9272, 'grad_norm': 0.2885517477989197, 'learning_rate': 0.0007263285247885097, 'epoch': 0.37}
{'loss': 3.127, 'grad_norm': 0.2740866243839264, 'learning_rate': 0.0007261506458255356, 'epoch': 0.37}
{'loss': 3.0672, 'grad_norm': 0.27172234654426575, 'learning_rate': 0.0007259727308713517, 'epoch': 0.37}
{'loss': 2.8911, 'grad_norm': 0.2818801701068878, 'learning_rate': 0.0007257947799542726, 'epoch': 0.37}
{'loss': 2.9276, 'grad_norm': 0.2570017874240875, 'learning_rate': 0.0007256167931026184, 'epoch': 0.37}
{'loss': 3.1146, 'grad_norm': 0.2832906246185303, 'learning_rate': 0.0007254387703447154, 'epoch': 0.37}
{'loss': 3.1942, 'grad_norm': 0.2830888032913208, 'learning_rate': 0.0007252607117088954, 'epoch': 0.37}
{'loss': 2.9324, 'grad_norm': 0.2608845829963684, 'learning_rate': 0.0007250826172234957, 'epoch': 0.37}
{'loss': 3.1872, 'grad_norm': 0.2833673655986786, 'learning_rate': 0.0007249044869168598, 'epoch': 0.37}
{'loss': 3.0035, 'grad_norm': 0.262298583984375, 'learning_rate': 0.0007247263208173363, 'epoch': 0.37}
{'loss': 3.1077, 'grad_norm': 0.2930583357810974, 'learning_rate': 0.00072454811895328, 'epoch': 0.37}
{'loss': 3.0567, 'grad_norm': 0.28897958993911743, 'learning_rate': 0.0007243698813530514, 'epoch': 0.37}
{'loss': 3.0967, 'grad_norm': 0.25774675607681274, 'learning_rate': 0.0007241916080450163, 'epoch': 0.37}
{'loss': 3.0736, 'grad_norm': 0.29873210191726685, 'learning_rate': 0.0007240132990575461, 'epoch': 0.37}
{'loss': 3.0623, 'grad_norm': 0.2848004400730133, 'learning_rate': 0.0007238349544190183, 'epoch': 0.37}
{'loss': 3.0671, 'grad_norm': 0.2671498656272888, 'learning_rate': 0.0007236565741578163, 'epoch': 0.37}
{'loss': 3.0446, 'grad_norm': 0.2929200828075409, 'learning_rate': 0.0007234781583023285, 'epoch': 0.37}
{'loss': 2.9919, 'grad_norm': 0.29811787605285645, 'learning_rate': 0.0007232997068809491, 'epoch': 0.37}
{'loss': 2.9588, 'grad_norm': 0.2711990177631378, 'learning_rate': 0.0007231212199220785, 'epoch': 0.37}
{'loss': 3.0049, 'grad_norm': 0.2985040843486786, 'learning_rate': 0.0007229426974541221, 'epoch': 0.37}
{'loss': 3.0318, 'grad_norm': 0.2822194993495941, 'learning_rate': 0.0007227641395054912, 'epoch': 0.37}
{'loss': 2.9395, 'grad_norm': 0.25917303562164307, 'learning_rate': 0.0007225855461046028, 'epoch': 0.37}
{'loss': 3.0441, 'grad_norm': 0.27797770500183105, 'learning_rate': 0.0007224069172798797, 'epoch': 0.37}
{'loss': 3.1313, 'grad_norm': 0.2911059856414795, 'learning_rate': 0.0007222282530597501, 'epoch': 0.37}
{'loss': 2.9496, 'grad_norm': 0.2725367546081543, 'learning_rate': 0.0007220495534726478, 'epoch': 0.37}
{'loss': 2.9065, 'grad_norm': 0.2552597224712372, 'learning_rate': 0.0007218708185470122, 'epoch': 0.37}
{'loss': 2.9483, 'grad_norm': 0.29320815205574036, 'learning_rate': 0.0007216920483112886, 'epoch': 0.37}
{'loss': 2.9769, 'grad_norm': 0.2648991644382477, 'learning_rate': 0.0007215132427939278, 'epoch': 0.37}
{'loss': 2.9657, 'grad_norm': 0.2680186629295349, 'learning_rate': 0.0007213344020233861, 'epoch': 0.37}
{'loss': 2.8502, 'grad_norm': 0.2987111806869507, 'learning_rate': 0.0007211555260281254, 'epoch': 0.37}
{'loss': 2.9392, 'grad_norm': 0.2880227267742157, 'learning_rate': 0.0007209766148366135, 'epoch': 0.37}
{'loss': 2.9786, 'grad_norm': 0.2800666391849518, 'learning_rate': 0.0007207976684773233, 'epoch': 0.37}
{'loss': 3.079, 'grad_norm': 0.26979151368141174, 'learning_rate': 0.0007206186869787338, 'epoch': 0.37}
{'loss': 2.9185, 'grad_norm': 0.2662738859653473, 'learning_rate': 0.0007204396703693293, 'epoch': 0.37}
{'loss': 3.2311, 'grad_norm': 0.2929571270942688, 'learning_rate': 0.0007202606186775998, 'epoch': 0.37}
{'loss': 2.9499, 'grad_norm': 0.2936371862888336, 'learning_rate': 0.0007200815319320409, 'epoch': 0.37}
{'loss': 2.8671, 'grad_norm': 0.26471200585365295, 'learning_rate': 0.0007199024101611535, 'epoch': 0.37}
{'loss': 2.972, 'grad_norm': 0.24961364269256592, 'learning_rate': 0.0007197232533934447, 'epoch': 0.37}
{'loss': 3.0072, 'grad_norm': 0.27255669236183167, 'learning_rate': 0.0007195440616574265, 'epoch': 0.37}
{'loss': 2.9848, 'grad_norm': 0.28880712389945984, 'learning_rate': 0.0007193648349816166, 'epoch': 0.37}
{'loss': 3.0059, 'grad_norm': 0.27279117703437805, 'learning_rate': 0.0007191855733945387, 'epoch': 0.37}
{'loss': 3.0166, 'grad_norm': 0.28082749247550964, 'learning_rate': 0.0007190062769247218, 'epoch': 0.38}
{'loss': 3.025, 'grad_norm': 0.2834984064102173, 'learning_rate': 0.0007188269456007, 'epoch': 0.38}
{'loss': 2.8404, 'grad_norm': 0.2752818763256073, 'learning_rate': 0.0007186475794510135, 'epoch': 0.38}
{'loss': 3.0184, 'grad_norm': 0.27032241225242615, 'learning_rate': 0.0007184681785042082, 'epoch': 0.38}
{'loss': 2.9307, 'grad_norm': 0.27799850702285767, 'learning_rate': 0.0007182887427888351, 'epoch': 0.38}
{'loss': 3.0995, 'grad_norm': 0.29361096024513245, 'learning_rate': 0.0007181092723334506, 'epoch': 0.38}
{'loss': 3.1306, 'grad_norm': 0.278283029794693, 'learning_rate': 0.0007179297671666171, 'epoch': 0.38}
{'loss': 3.0459, 'grad_norm': 0.2633829712867737, 'learning_rate': 0.0007177502273169024, 'epoch': 0.38}
{'loss': 2.9668, 'grad_norm': 0.3042164742946625, 'learning_rate': 0.0007175706528128795, 'epoch': 0.38}
{'loss': 2.9165, 'grad_norm': 0.28365960717201233, 'learning_rate': 0.0007173910436831274, 'epoch': 0.38}
{'loss': 3.0397, 'grad_norm': 0.27268585562705994, 'learning_rate': 0.0007172113999562302, 'epoch': 0.38}
{'loss': 3.1662, 'grad_norm': 0.2516103982925415, 'learning_rate': 0.0007170317216607778, 'epoch': 0.38}
{'loss': 2.9498, 'grad_norm': 0.2748373746871948, 'learning_rate': 0.0007168520088253654, 'epoch': 0.38}
{'loss': 3.0721, 'grad_norm': 0.2515299320220947, 'learning_rate': 0.0007166722614785937, 'epoch': 0.38}
{'loss': 2.8881, 'grad_norm': 0.27579113841056824, 'learning_rate': 0.0007164924796490688, 'epoch': 0.38}
{'loss': 2.9304, 'grad_norm': 0.2566085159778595, 'learning_rate': 0.0007163126633654032, 'epoch': 0.38}
{'loss': 3.1307, 'grad_norm': 0.2631511688232422, 'learning_rate': 0.0007161328126562132, 'epoch': 0.38}
{'loss': 3.084, 'grad_norm': 0.2628275156021118, 'learning_rate': 0.0007159529275501221, 'epoch': 0.38}
{'loss': 2.8712, 'grad_norm': 0.27810975909233093, 'learning_rate': 0.0007157730080757579, 'epoch': 0.38}
{'loss': 2.9785, 'grad_norm': 0.24136993288993835, 'learning_rate': 0.0007155930542617542, 'epoch': 0.38}
{'loss': 3.2772, 'grad_norm': 0.2707594931125641, 'learning_rate': 0.0007154130661367503, 'epoch': 0.38}
{'loss': 3.0765, 'grad_norm': 0.27186259627342224, 'learning_rate': 0.0007152330437293906, 'epoch': 0.38}
{'loss': 3.0481, 'grad_norm': 0.27800482511520386, 'learning_rate': 0.000715052987068325, 'epoch': 0.38}
{'loss': 3.0223, 'grad_norm': 0.28278884291648865, 'learning_rate': 0.0007148728961822096, 'epoch': 0.38}
{'loss': 3.1503, 'grad_norm': 0.26994580030441284, 'learning_rate': 0.0007146927710997047, 'epoch': 0.38}
{'loss': 3.0106, 'grad_norm': 0.26499074697494507, 'learning_rate': 0.0007145126118494768, 'epoch': 0.38}
{'loss': 3.1659, 'grad_norm': 0.2795402407646179, 'learning_rate': 0.000714332418460198, 'epoch': 0.38}
{'loss': 3.1598, 'grad_norm': 0.2533963620662689, 'learning_rate': 0.0007141521909605451, 'epoch': 0.38}
{'loss': 3.0179, 'grad_norm': 0.2421964704990387, 'learning_rate': 0.0007139719293792013, 'epoch': 0.38}
{'loss': 2.8889, 'grad_norm': 0.2699360251426697, 'learning_rate': 0.0007137916337448543, 'epoch': 0.38}
{'loss': 3.1045, 'grad_norm': 0.25844937562942505, 'learning_rate': 0.0007136113040861979, 'epoch': 0.38}
{'loss': 2.997, 'grad_norm': 0.2750999629497528, 'learning_rate': 0.0007134309404319308, 'epoch': 0.38}
{'loss': 2.8256, 'grad_norm': 0.2800981104373932, 'learning_rate': 0.0007132505428107574, 'epoch': 0.38}
{'loss': 3.0348, 'grad_norm': 0.29100027680397034, 'learning_rate': 0.0007130701112513876, 'epoch': 0.38}
{'loss': 3.1692, 'grad_norm': 0.2596342861652374, 'learning_rate': 0.0007128896457825364, 'epoch': 0.38}
{'loss': 2.9943, 'grad_norm': 0.2738012671470642, 'learning_rate': 0.0007127091464329243, 'epoch': 0.38}
{'loss': 3.1011, 'grad_norm': 0.2504010498523712, 'learning_rate': 0.0007125286132312774, 'epoch': 0.38}
{'loss': 3.1895, 'grad_norm': 0.2816544473171234, 'learning_rate': 0.0007123480462063271, 'epoch': 0.38}
{'loss': 3.0812, 'grad_norm': 0.2911403775215149, 'learning_rate': 0.0007121674453868097, 'epoch': 0.38}
{'loss': 2.9356, 'grad_norm': 0.2752724289894104, 'learning_rate': 0.0007119868108014677, 'epoch': 0.38}
{'loss': 3.0158, 'grad_norm': 0.30429139733314514, 'learning_rate': 0.0007118061424790484, 'epoch': 0.38}
{'loss': 3.0331, 'grad_norm': 0.2980610728263855, 'learning_rate': 0.0007116254404483048, 'epoch': 0.38}
{'loss': 3.1213, 'grad_norm': 0.30788105726242065, 'learning_rate': 0.0007114447047379946, 'epoch': 0.38}
{'loss': 2.8913, 'grad_norm': 0.29240718483924866, 'learning_rate': 0.0007112639353768819, 'epoch': 0.38}
{'loss': 3.0573, 'grad_norm': 0.2861398160457611, 'learning_rate': 0.0007110831323937356, 'epoch': 0.38}
{'loss': 3.0767, 'grad_norm': 0.2887115478515625, 'learning_rate': 0.0007109022958173296, 'epoch': 0.38}
{'loss': 3.0557, 'grad_norm': 0.26356470584869385, 'learning_rate': 0.0007107214256764438, 'epoch': 0.38}
{'loss': 2.9964, 'grad_norm': 0.2748400568962097, 'learning_rate': 0.0007105405219998629, 'epoch': 0.38}
{'loss': 3.0278, 'grad_norm': 0.26682543754577637, 'learning_rate': 0.0007103595848163774, 'epoch': 0.38}
{'loss': 2.9027, 'grad_norm': 0.2846169173717499, 'learning_rate': 0.0007101786141547828, 'epoch': 0.38}
{'loss': 2.9187, 'grad_norm': 0.2738521695137024, 'learning_rate': 0.0007099976100438801, 'epoch': 0.38}
{'loss': 2.9543, 'grad_norm': 0.26256686449050903, 'learning_rate': 0.0007098165725124755, 'epoch': 0.38}
{'loss': 3.0832, 'grad_norm': 0.2600206136703491, 'learning_rate': 0.0007096355015893809, 'epoch': 0.38}
{'loss': 3.0113, 'grad_norm': 0.2893153429031372, 'learning_rate': 0.0007094543973034129, 'epoch': 0.38}
{'loss': 3.0298, 'grad_norm': 0.2661435008049011, 'learning_rate': 0.0007092732596833937, 'epoch': 0.38}
{'loss': 3.1105, 'grad_norm': 0.27703699469566345, 'learning_rate': 0.0007090920887581507, 'epoch': 0.38}
{'loss': 2.9084, 'grad_norm': 0.2518295347690582, 'learning_rate': 0.0007089108845565172, 'epoch': 0.38}
{'loss': 3.1257, 'grad_norm': 0.2671407461166382, 'learning_rate': 0.000708729647107331, 'epoch': 0.38}
{'loss': 2.9504, 'grad_norm': 0.25699856877326965, 'learning_rate': 0.0007085483764394354, 'epoch': 0.38}
{'loss': 3.0201, 'grad_norm': 0.2591397762298584, 'learning_rate': 0.0007083670725816794, 'epoch': 0.38}
{'loss': 3.13, 'grad_norm': 0.276456743478775, 'learning_rate': 0.0007081857355629167, 'epoch': 0.38}
{'loss': 3.1407, 'grad_norm': 0.2683922052383423, 'learning_rate': 0.0007080043654120068, 'epoch': 0.38}
{'loss': 3.0011, 'grad_norm': 0.26714757084846497, 'learning_rate': 0.0007078229621578139, 'epoch': 0.38}
{'loss': 2.9074, 'grad_norm': 0.265065997838974, 'learning_rate': 0.0007076415258292081, 'epoch': 0.38}
{'loss': 3.0543, 'grad_norm': 0.3022342920303345, 'learning_rate': 0.0007074600564550643, 'epoch': 0.38}
{'loss': 2.9412, 'grad_norm': 0.2682487368583679, 'learning_rate': 0.0007072785540642629, 'epoch': 0.38}
{'loss': 3.0307, 'grad_norm': 0.27300357818603516, 'learning_rate': 0.0007070970186856893, 'epoch': 0.38}
{'loss': 3.0466, 'grad_norm': 0.25424814224243164, 'learning_rate': 0.0007069154503482346, 'epoch': 0.38}
{'loss': 2.8997, 'grad_norm': 0.2747171223163605, 'learning_rate': 0.0007067338490807947, 'epoch': 0.38}
{'loss': 2.9766, 'grad_norm': 0.2918039858341217, 'learning_rate': 0.000706552214912271, 'epoch': 0.38}
{'loss': 3.1738, 'grad_norm': 0.26941928267478943, 'learning_rate': 0.0007063705478715698, 'epoch': 0.38}
{'loss': 2.776, 'grad_norm': 0.2745799422264099, 'learning_rate': 0.000706188847987603, 'epoch': 0.38}
{'loss': 2.9099, 'grad_norm': 0.2698884606361389, 'learning_rate': 0.0007060071152892877, 'epoch': 0.38}
{'loss': 3.0675, 'grad_norm': 0.2826521098613739, 'learning_rate': 0.0007058253498055463, 'epoch': 0.38}
{'loss': 3.0758, 'grad_norm': 0.27529045939445496, 'learning_rate': 0.000705643551565306, 'epoch': 0.38}
{'loss': 3.1121, 'grad_norm': 0.269407719373703, 'learning_rate': 0.0007054617205974991, 'epoch': 0.38}
{'loss': 2.9165, 'grad_norm': 0.2892676293849945, 'learning_rate': 0.000705279856931064, 'epoch': 0.38}
{'loss': 2.8467, 'grad_norm': 0.25793391466140747, 'learning_rate': 0.0007050979605949436, 'epoch': 0.38}
{'loss': 3.1138, 'grad_norm': 0.2583988904953003, 'learning_rate': 0.0007049160316180863, 'epoch': 0.38}
{'loss': 3.103, 'grad_norm': 0.2741698622703552, 'learning_rate': 0.0007047340700294453, 'epoch': 0.38}
{'loss': 2.9378, 'grad_norm': 0.27904415130615234, 'learning_rate': 0.0007045520758579793, 'epoch': 0.38}
{'loss': 2.8744, 'grad_norm': 0.2550627589225769, 'learning_rate': 0.0007043700491326524, 'epoch': 0.39}
{'loss': 3.0629, 'grad_norm': 0.2563813328742981, 'learning_rate': 0.0007041879898824334, 'epoch': 0.39}
{'loss': 2.9694, 'grad_norm': 0.27744364738464355, 'learning_rate': 0.0007040058981362964, 'epoch': 0.39}
{'loss': 3.0227, 'grad_norm': 0.2806205153465271, 'learning_rate': 0.000703823773923221, 'epoch': 0.39}
{'loss': 3.0226, 'grad_norm': 0.2936048209667206, 'learning_rate': 0.0007036416172721916, 'epoch': 0.39}
{'loss': 2.8941, 'grad_norm': 0.30295586585998535, 'learning_rate': 0.0007034594282121979, 'epoch': 0.39}
{'loss': 3.1006, 'grad_norm': 0.27438661456108093, 'learning_rate': 0.0007032772067722348, 'epoch': 0.39}
{'loss': 2.8859, 'grad_norm': 0.27722465991973877, 'learning_rate': 0.0007030949529813022, 'epoch': 0.39}
{'loss': 2.9992, 'grad_norm': 0.26860299706459045, 'learning_rate': 0.0007029126668684055, 'epoch': 0.39}
{'loss': 2.9474, 'grad_norm': 0.2658069431781769, 'learning_rate': 0.0007027303484625546, 'epoch': 0.39}
{'loss': 3.0372, 'grad_norm': 0.2702927589416504, 'learning_rate': 0.0007025479977927654, 'epoch': 0.39}
{'loss': 2.9421, 'grad_norm': 0.281282514333725, 'learning_rate': 0.0007023656148880582, 'epoch': 0.39}
{'loss': 3.0733, 'grad_norm': 0.29020607471466064, 'learning_rate': 0.0007021831997774586, 'epoch': 0.39}
{'loss': 3.0977, 'grad_norm': 0.2740948796272278, 'learning_rate': 0.0007020007524899977, 'epoch': 0.39}
{'loss': 3.013, 'grad_norm': 0.26067593693733215, 'learning_rate': 0.0007018182730547112, 'epoch': 0.39}
{'loss': 3.044, 'grad_norm': 0.26301756501197815, 'learning_rate': 0.0007016357615006404, 'epoch': 0.39}
{'loss': 2.8881, 'grad_norm': 0.30324238538742065, 'learning_rate': 0.0007014532178568313, 'epoch': 0.39}
{'loss': 3.1509, 'grad_norm': 0.27319222688674927, 'learning_rate': 0.0007012706421523354, 'epoch': 0.39}
{'loss': 3.0592, 'grad_norm': 0.268396258354187, 'learning_rate': 0.0007010880344162087, 'epoch': 0.39}
{'loss': 3.0386, 'grad_norm': 0.2545813322067261, 'learning_rate': 0.0007009053946775131, 'epoch': 0.39}
{'loss': 2.9611, 'grad_norm': 0.2679121494293213, 'learning_rate': 0.0007007227229653149, 'epoch': 0.39}
{'loss': 3.014, 'grad_norm': 0.2738465368747711, 'learning_rate': 0.000700540019308686, 'epoch': 0.39}
{'loss': 2.9574, 'grad_norm': 0.2756713032722473, 'learning_rate': 0.0007003572837367029, 'epoch': 0.39}
{'loss': 3.0861, 'grad_norm': 0.28535977005958557, 'learning_rate': 0.0007001745162784476, 'epoch': 0.39}
{'loss': 3.0689, 'grad_norm': 0.2777963876724243, 'learning_rate': 0.0006999917169630068, 'epoch': 0.39}
{'loss': 2.9236, 'grad_norm': 0.26556912064552307, 'learning_rate': 0.0006998088858194727, 'epoch': 0.39}
{'loss': 3.0829, 'grad_norm': 0.2751805782318115, 'learning_rate': 0.0006996260228769424, 'epoch': 0.39}
{'loss': 3.0774, 'grad_norm': 0.264178991317749, 'learning_rate': 0.0006994431281645177, 'epoch': 0.39}
{'loss': 2.9393, 'grad_norm': 0.29173004627227783, 'learning_rate': 0.0006992602017113058, 'epoch': 0.39}
{'loss': 2.9295, 'grad_norm': 0.2944493591785431, 'learning_rate': 0.0006990772435464191, 'epoch': 0.39}
{'loss': 3.0889, 'grad_norm': 0.2682296633720398, 'learning_rate': 0.000698894253698975, 'epoch': 0.39}
{'loss': 3.0236, 'grad_norm': 0.29061293601989746, 'learning_rate': 0.0006987112321980953, 'epoch': 0.39}
{'loss': 2.9767, 'grad_norm': 0.28077736496925354, 'learning_rate': 0.0006985281790729076, 'epoch': 0.39}
{'loss': 3.0442, 'grad_norm': 0.2720712721347809, 'learning_rate': 0.0006983450943525445, 'epoch': 0.39}
{'loss': 3.0049, 'grad_norm': 0.2682758867740631, 'learning_rate': 0.0006981619780661429, 'epoch': 0.39}
{'loss': 2.9382, 'grad_norm': 0.2673008441925049, 'learning_rate': 0.0006979788302428455, 'epoch': 0.39}
{'loss': 3.0122, 'grad_norm': 0.3033745288848877, 'learning_rate': 0.0006977956509118, 'epoch': 0.39}
{'loss': 3.0093, 'grad_norm': 0.26034435629844666, 'learning_rate': 0.0006976124401021583, 'epoch': 0.39}
{'loss': 2.9426, 'grad_norm': 0.287445604801178, 'learning_rate': 0.0006974291978430782, 'epoch': 0.39}
{'loss': 2.9014, 'grad_norm': 0.28522446751594543, 'learning_rate': 0.0006972459241637221, 'epoch': 0.39}
{'loss': 2.8884, 'grad_norm': 0.2622576951980591, 'learning_rate': 0.0006970626190932574, 'epoch': 0.39}
{'loss': 3.0718, 'grad_norm': 0.2640816271305084, 'learning_rate': 0.0006968792826608567, 'epoch': 0.39}
{'loss': 3.0786, 'grad_norm': 0.2992318570613861, 'learning_rate': 0.0006966959148956974, 'epoch': 0.39}
{'loss': 3.0326, 'grad_norm': 0.2903360426425934, 'learning_rate': 0.0006965125158269618, 'epoch': 0.39}
{'loss': 2.9605, 'grad_norm': 0.28464269638061523, 'learning_rate': 0.0006963290854838375, 'epoch': 0.39}
{'loss': 3.079, 'grad_norm': 0.27511686086654663, 'learning_rate': 0.000696145623895517, 'epoch': 0.39}
{'loss': 2.8745, 'grad_norm': 0.26157644391059875, 'learning_rate': 0.0006959621310911973, 'epoch': 0.39}
{'loss': 2.9095, 'grad_norm': 0.28591322898864746, 'learning_rate': 0.000695778607100081, 'epoch': 0.39}
{'loss': 2.9896, 'grad_norm': 0.2629324197769165, 'learning_rate': 0.0006955950519513754, 'epoch': 0.39}
{'loss': 2.9137, 'grad_norm': 0.2669161856174469, 'learning_rate': 0.0006954114656742927, 'epoch': 0.39}
{'loss': 3.0134, 'grad_norm': 0.27664369344711304, 'learning_rate': 0.00069522784829805, 'epoch': 0.39}
{'loss': 2.9003, 'grad_norm': 0.2597144544124603, 'learning_rate': 0.0006950441998518699, 'epoch': 0.39}
{'loss': 3.0829, 'grad_norm': 0.2651215195655823, 'learning_rate': 0.0006948605203649791, 'epoch': 0.39}
{'loss': 3.0356, 'grad_norm': 0.29367172718048096, 'learning_rate': 0.0006946768098666096, 'epoch': 0.39}
{'loss': 3.1091, 'grad_norm': 0.3094136416912079, 'learning_rate': 0.0006944930683859987, 'epoch': 0.39}
{'loss': 3.1203, 'grad_norm': 0.28056037425994873, 'learning_rate': 0.000694309295952388, 'epoch': 0.39}
{'loss': 3.024, 'grad_norm': 0.25623345375061035, 'learning_rate': 0.0006941254925950247, 'epoch': 0.39}
{'loss': 2.9089, 'grad_norm': 0.30161380767822266, 'learning_rate': 0.0006939416583431603, 'epoch': 0.39}
{'loss': 2.9414, 'grad_norm': 0.32900136709213257, 'learning_rate': 0.0006937577932260515, 'epoch': 0.39}
{'loss': 2.9618, 'grad_norm': 0.2720243036746979, 'learning_rate': 0.0006935738972729601, 'epoch': 0.39}
{'loss': 3.0048, 'grad_norm': 0.2763693034648895, 'learning_rate': 0.0006933899705131522, 'epoch': 0.39}
{'loss': 3.0223, 'grad_norm': 0.266366571187973, 'learning_rate': 0.0006932060129758995, 'epoch': 0.39}
{'loss': 2.938, 'grad_norm': 0.28529879450798035, 'learning_rate': 0.0006930220246904782, 'epoch': 0.39}
{'loss': 3.0417, 'grad_norm': 0.28876665234565735, 'learning_rate': 0.0006928380056861698, 'epoch': 0.39}
{'loss': 3.1682, 'grad_norm': 0.2997724115848541, 'learning_rate': 0.0006926539559922599, 'epoch': 0.39}
{'loss': 2.8658, 'grad_norm': 0.2900238335132599, 'learning_rate': 0.0006924698756380398, 'epoch': 0.39}
{'loss': 3.1102, 'grad_norm': 0.27426716685295105, 'learning_rate': 0.000692285764652805, 'epoch': 0.39}
{'loss': 2.9759, 'grad_norm': 0.2704005241394043, 'learning_rate': 0.0006921016230658568, 'epoch': 0.39}
{'loss': 3.0673, 'grad_norm': 0.28861966729164124, 'learning_rate': 0.0006919174509065003, 'epoch': 0.39}
{'loss': 3.0333, 'grad_norm': 0.24367420375347137, 'learning_rate': 0.0006917332482040459, 'epoch': 0.39}
{'loss': 3.1219, 'grad_norm': 0.2702666223049164, 'learning_rate': 0.0006915490149878095, 'epoch': 0.39}
{'loss': 3.0214, 'grad_norm': 0.2584432363510132, 'learning_rate': 0.0006913647512871106, 'epoch': 0.39}
{'loss': 3.0026, 'grad_norm': 0.27408623695373535, 'learning_rate': 0.0006911804571312746, 'epoch': 0.39}
{'loss': 2.9515, 'grad_norm': 0.2616755962371826, 'learning_rate': 0.0006909961325496312, 'epoch': 0.39}
{'loss': 2.8862, 'grad_norm': 0.2758522629737854, 'learning_rate': 0.0006908117775715155, 'epoch': 0.39}
{'loss': 2.9647, 'grad_norm': 0.2571322023868561, 'learning_rate': 0.0006906273922262665, 'epoch': 0.39}
{'loss': 2.9644, 'grad_norm': 0.2887043058872223, 'learning_rate': 0.000690442976543229, 'epoch': 0.39}
{'loss': 2.932, 'grad_norm': 0.25422438979148865, 'learning_rate': 0.000690258530551752, 'epoch': 0.39}
{'loss': 2.949, 'grad_norm': 0.31108975410461426, 'learning_rate': 0.0006900740542811895, 'epoch': 0.39}
{'loss': 3.18, 'grad_norm': 0.29268091917037964, 'learning_rate': 0.0006898895477609006, 'epoch': 0.39}
{'loss': 3.0397, 'grad_norm': 0.30591487884521484, 'learning_rate': 0.0006897050110202487, 'epoch': 0.39}
{'loss': 2.9739, 'grad_norm': 0.26949673891067505, 'learning_rate': 0.0006895204440886026, 'epoch': 0.39}
{'loss': 3.114, 'grad_norm': 0.2636284828186035, 'learning_rate': 0.0006893358469953352, 'epoch': 0.4}
{'loss': 2.9943, 'grad_norm': 0.2562735080718994, 'learning_rate': 0.0006891512197698249, 'epoch': 0.4}
{'loss': 2.8887, 'grad_norm': 0.23712775111198425, 'learning_rate': 0.0006889665624414543, 'epoch': 0.4}
{'loss': 3.0105, 'grad_norm': 0.2611840069293976, 'learning_rate': 0.0006887818750396115, 'epoch': 0.4}
{'loss': 2.98, 'grad_norm': 0.2980828881263733, 'learning_rate': 0.0006885971575936883, 'epoch': 0.4}
{'loss': 3.2493, 'grad_norm': 0.2744896113872528, 'learning_rate': 0.0006884124101330826, 'epoch': 0.4}
{'loss': 3.2406, 'grad_norm': 0.258486270904541, 'learning_rate': 0.0006882276326871961, 'epoch': 0.4}
{'loss': 3.0828, 'grad_norm': 0.2856173515319824, 'learning_rate': 0.0006880428252854356, 'epoch': 0.4}
{'loss': 2.9425, 'grad_norm': 0.25267845392227173, 'learning_rate': 0.0006878579879572124, 'epoch': 0.4}
{'loss': 2.8187, 'grad_norm': 0.2692151963710785, 'learning_rate': 0.0006876731207319434, 'epoch': 0.4}
{'loss': 3.0816, 'grad_norm': 0.2741777002811432, 'learning_rate': 0.0006874882236390494, 'epoch': 0.4}
{'loss': 2.9355, 'grad_norm': 0.2708398103713989, 'learning_rate': 0.0006873032967079561, 'epoch': 0.4}
{'loss': 3.0832, 'grad_norm': 0.2788180112838745, 'learning_rate': 0.0006871183399680942, 'epoch': 0.4}
{'loss': 3.0976, 'grad_norm': 0.2846885621547699, 'learning_rate': 0.0006869333534488989, 'epoch': 0.4}
{'loss': 2.9089, 'grad_norm': 0.27659401297569275, 'learning_rate': 0.0006867483371798105, 'epoch': 0.4}
{'loss': 2.9758, 'grad_norm': 0.25751927495002747, 'learning_rate': 0.0006865632911902735, 'epoch': 0.4}
{'loss': 3.0938, 'grad_norm': 0.27480751276016235, 'learning_rate': 0.0006863782155097375, 'epoch': 0.4}
{'loss': 2.9519, 'grad_norm': 0.2600609362125397, 'learning_rate': 0.000686193110167657, 'epoch': 0.4}
{'loss': 2.9013, 'grad_norm': 0.29016920924186707, 'learning_rate': 0.0006860079751934908, 'epoch': 0.4}
{'loss': 2.8245, 'grad_norm': 0.264952152967453, 'learning_rate': 0.0006858228106167024, 'epoch': 0.4}
{'loss': 2.967, 'grad_norm': 0.26964059472084045, 'learning_rate': 0.0006856376164667606, 'epoch': 0.4}
{'loss': 2.919, 'grad_norm': 0.26805350184440613, 'learning_rate': 0.0006854523927731381, 'epoch': 0.4}
{'loss': 2.8042, 'grad_norm': 0.31023937463760376, 'learning_rate': 0.0006852671395653129, 'epoch': 0.4}
{'loss': 2.8352, 'grad_norm': 0.265146940946579, 'learning_rate': 0.0006850818568727677, 'epoch': 0.4}
{'loss': 2.9704, 'grad_norm': 0.2701186537742615, 'learning_rate': 0.0006848965447249893, 'epoch': 0.4}
{'loss': 2.8553, 'grad_norm': 0.27510738372802734, 'learning_rate': 0.0006847112031514698, 'epoch': 0.4}
{'loss': 3.0252, 'grad_norm': 0.26518261432647705, 'learning_rate': 0.0006845258321817058, 'epoch': 0.4}
{'loss': 2.9228, 'grad_norm': 0.27737730741500854, 'learning_rate': 0.0006843404318451984, 'epoch': 0.4}
{'loss': 3.047, 'grad_norm': 0.288077712059021, 'learning_rate': 0.0006841550021714535, 'epoch': 0.4}
{'loss': 2.8123, 'grad_norm': 0.2807536721229553, 'learning_rate': 0.0006839695431899819, 'epoch': 0.4}
{'loss': 2.9557, 'grad_norm': 0.2834117114543915, 'learning_rate': 0.0006837840549302987, 'epoch': 0.4}
{'loss': 2.9531, 'grad_norm': 0.3098970651626587, 'learning_rate': 0.000683598537421924, 'epoch': 0.4}
{'loss': 3.1416, 'grad_norm': 0.26314207911491394, 'learning_rate': 0.0006834129906943821, 'epoch': 0.4}
{'loss': 2.8563, 'grad_norm': 0.3000475764274597, 'learning_rate': 0.0006832274147772023, 'epoch': 0.4}
{'loss': 2.9577, 'grad_norm': 0.27997684478759766, 'learning_rate': 0.0006830418096999185, 'epoch': 0.4}
{'loss': 3.1989, 'grad_norm': 0.30450525879859924, 'learning_rate': 0.0006828561754920693, 'epoch': 0.4}
{'loss': 2.8302, 'grad_norm': 0.25791382789611816, 'learning_rate': 0.0006826705121831977, 'epoch': 0.4}
{'loss': 3.2028, 'grad_norm': 0.3058677911758423, 'learning_rate': 0.0006824848198028513, 'epoch': 0.4}
{'loss': 2.9406, 'grad_norm': 0.27319061756134033, 'learning_rate': 0.0006822990983805828, 'epoch': 0.4}
{'loss': 3.0635, 'grad_norm': 0.2685730457305908, 'learning_rate': 0.0006821133479459491, 'epoch': 0.4}
{'loss': 2.9957, 'grad_norm': 0.2763368487358093, 'learning_rate': 0.0006819275685285121, 'epoch': 0.4}
{'loss': 3.0419, 'grad_norm': 0.2551708221435547, 'learning_rate': 0.0006817417601578375, 'epoch': 0.4}
{'loss': 3.0017, 'grad_norm': 0.2682199478149414, 'learning_rate': 0.0006815559228634965, 'epoch': 0.4}
{'loss': 3.1324, 'grad_norm': 0.25868719816207886, 'learning_rate': 0.0006813700566750644, 'epoch': 0.4}
{'loss': 2.8498, 'grad_norm': 0.2820367217063904, 'learning_rate': 0.0006811841616221217, 'epoch': 0.4}
{'loss': 3.0467, 'grad_norm': 0.28107956051826477, 'learning_rate': 0.0006809982377342525, 'epoch': 0.4}
{'loss': 2.9866, 'grad_norm': 0.2652086615562439, 'learning_rate': 0.000680812285041046, 'epoch': 0.4}
{'loss': 3.0359, 'grad_norm': 0.26450231671333313, 'learning_rate': 0.0006806263035720968, 'epoch': 0.4}
{'loss': 2.9973, 'grad_norm': 0.29688385128974915, 'learning_rate': 0.0006804402933570026, 'epoch': 0.4}
{'loss': 2.9611, 'grad_norm': 0.26737695932388306, 'learning_rate': 0.0006802542544253664, 'epoch': 0.4}
{'loss': 2.999, 'grad_norm': 0.2540771961212158, 'learning_rate': 0.000680068186806796, 'epoch': 0.4}
{'loss': 3.0723, 'grad_norm': 0.2862105071544647, 'learning_rate': 0.0006798820905309036, 'epoch': 0.4}
{'loss': 2.9558, 'grad_norm': 0.27768072485923767, 'learning_rate': 0.0006796959656273055, 'epoch': 0.4}
{'loss': 3.0519, 'grad_norm': 0.27282261848449707, 'learning_rate': 0.0006795098121256232, 'epoch': 0.4}
{'loss': 2.9794, 'grad_norm': 0.27995848655700684, 'learning_rate': 0.0006793236300554824, 'epoch': 0.4}
{'loss': 3.0492, 'grad_norm': 0.28027230501174927, 'learning_rate': 0.0006791374194465135, 'epoch': 0.4}
{'loss': 3.0433, 'grad_norm': 0.28019556403160095, 'learning_rate': 0.0006789511803283511, 'epoch': 0.4}
{'loss': 3.0242, 'grad_norm': 0.27450600266456604, 'learning_rate': 0.000678764912730635, 'epoch': 0.4}
{'loss': 2.9076, 'grad_norm': 0.2813328504562378, 'learning_rate': 0.0006785786166830089, 'epoch': 0.4}
{'loss': 2.8593, 'grad_norm': 0.2798713445663452, 'learning_rate': 0.0006783922922151213, 'epoch': 0.4}
{'loss': 2.957, 'grad_norm': 0.25527504086494446, 'learning_rate': 0.0006782059393566253, 'epoch': 0.4}
{'loss': 2.9564, 'grad_norm': 0.2647871971130371, 'learning_rate': 0.0006780195581371784, 'epoch': 0.4}
{'loss': 2.9743, 'grad_norm': 0.28497210144996643, 'learning_rate': 0.0006778331485864424, 'epoch': 0.4}
{'loss': 3.0305, 'grad_norm': 0.27542728185653687, 'learning_rate': 0.0006776467107340842, 'epoch': 0.4}
{'loss': 3.1109, 'grad_norm': 0.2663131058216095, 'learning_rate': 0.0006774602446097744, 'epoch': 0.4}
{'loss': 3.0319, 'grad_norm': 0.23849405348300934, 'learning_rate': 0.0006772737502431889, 'epoch': 0.4}
{'loss': 3.0324, 'grad_norm': 0.2598174512386322, 'learning_rate': 0.0006770872276640075, 'epoch': 0.4}
{'loss': 3.0243, 'grad_norm': 0.26524269580841064, 'learning_rate': 0.0006769006769019148, 'epoch': 0.4}
{'loss': 2.872, 'grad_norm': 0.271543025970459, 'learning_rate': 0.0006767140979865998, 'epoch': 0.4}
{'loss': 2.8956, 'grad_norm': 0.24290940165519714, 'learning_rate': 0.000676527490947756, 'epoch': 0.4}
{'loss': 2.9426, 'grad_norm': 0.2641313970088959, 'learning_rate': 0.0006763408558150813, 'epoch': 0.4}
{'loss': 3.0641, 'grad_norm': 0.2712268531322479, 'learning_rate': 0.0006761541926182783, 'epoch': 0.4}
{'loss': 2.9573, 'grad_norm': 0.2641211152076721, 'learning_rate': 0.0006759675013870537, 'epoch': 0.4}
{'loss': 2.8314, 'grad_norm': 0.27322879433631897, 'learning_rate': 0.000675780782151119, 'epoch': 0.4}
{'loss': 2.9521, 'grad_norm': 0.26238855719566345, 'learning_rate': 0.00067559403494019, 'epoch': 0.4}
{'loss': 2.9731, 'grad_norm': 0.27198320627212524, 'learning_rate': 0.0006754072597839869, 'epoch': 0.4}
{'loss': 2.983, 'grad_norm': 0.307137131690979, 'learning_rate': 0.0006752204567122344, 'epoch': 0.4}
{'loss': 2.9071, 'grad_norm': 0.2901216149330139, 'learning_rate': 0.0006750336257546618, 'epoch': 0.4}
{'loss': 3.0742, 'grad_norm': 0.2831668555736542, 'learning_rate': 0.0006748467669410026, 'epoch': 0.4}
{'loss': 3.1023, 'grad_norm': 0.2782706916332245, 'learning_rate': 0.0006746598803009947, 'epoch': 0.4}
{'loss': 3.0374, 'grad_norm': 0.3050957918167114, 'learning_rate': 0.0006744729658643807, 'epoch': 0.4}
{'loss': 3.0992, 'grad_norm': 0.2695392966270447, 'learning_rate': 0.0006742860236609076, 'epoch': 0.41}
{'loss': 3.178, 'grad_norm': 0.2921255826950073, 'learning_rate': 0.0006740990537203266, 'epoch': 0.41}
{'loss': 2.9902, 'grad_norm': 0.2866671085357666, 'learning_rate': 0.0006739120560723933, 'epoch': 0.41}
{'loss': 2.9125, 'grad_norm': 0.2756926715373993, 'learning_rate': 0.000673725030746868, 'epoch': 0.41}
{'loss': 3.0501, 'grad_norm': 0.2743338346481323, 'learning_rate': 0.0006735379777735151, 'epoch': 0.41}
{'loss': 2.9682, 'grad_norm': 0.2767772674560547, 'learning_rate': 0.0006733508971821036, 'epoch': 0.41}
{'loss': 3.0367, 'grad_norm': 0.31580010056495667, 'learning_rate': 0.0006731637890024069, 'epoch': 0.41}
{'loss': 3.0503, 'grad_norm': 0.2845562696456909, 'learning_rate': 0.0006729766532642024, 'epoch': 0.41}
{'loss': 3.167, 'grad_norm': 0.24993988871574402, 'learning_rate': 0.0006727894899972726, 'epoch': 0.41}
{'loss': 2.9431, 'grad_norm': 0.2677043378353119, 'learning_rate': 0.0006726022992314037, 'epoch': 0.41}
{'loss': 2.9421, 'grad_norm': 0.28034499287605286, 'learning_rate': 0.0006724150809963867, 'epoch': 0.41}
{'loss': 3.0037, 'grad_norm': 0.2717476785182953, 'learning_rate': 0.0006722278353220169, 'epoch': 0.41}
{'loss': 3.1113, 'grad_norm': 0.2541778087615967, 'learning_rate': 0.0006720405622380937, 'epoch': 0.41}
{'loss': 3.0683, 'grad_norm': 0.2793412208557129, 'learning_rate': 0.0006718532617744212, 'epoch': 0.41}
{'loss': 3.0463, 'grad_norm': 0.28533121943473816, 'learning_rate': 0.0006716659339608077, 'epoch': 0.41}
{'loss': 2.9753, 'grad_norm': 0.2681651711463928, 'learning_rate': 0.0006714785788270658, 'epoch': 0.41}
{'loss': 3.01, 'grad_norm': 0.2661278247833252, 'learning_rate': 0.0006712911964030125, 'epoch': 0.41}
{'loss': 3.0176, 'grad_norm': 0.24762718379497528, 'learning_rate': 0.0006711037867184694, 'epoch': 0.41}
{'loss': 2.9384, 'grad_norm': 0.2861977815628052, 'learning_rate': 0.0006709163498032619, 'epoch': 0.41}
{'loss': 3.0464, 'grad_norm': 0.29467180371284485, 'learning_rate': 0.0006707288856872203, 'epoch': 0.41}
{'loss': 3.1013, 'grad_norm': 0.27506688237190247, 'learning_rate': 0.0006705413944001786, 'epoch': 0.41}
{'loss': 2.9605, 'grad_norm': 0.2920522391796112, 'learning_rate': 0.000670353875971976, 'epoch': 0.41}
{'loss': 2.8523, 'grad_norm': 0.3046080768108368, 'learning_rate': 0.000670166330432455, 'epoch': 0.41}
{'loss': 3.1363, 'grad_norm': 0.26589465141296387, 'learning_rate': 0.000669978757811463, 'epoch': 0.41}
{'loss': 2.8986, 'grad_norm': 0.27938538789749146, 'learning_rate': 0.0006697911581388519, 'epoch': 0.41}
{'loss': 2.9238, 'grad_norm': 0.29239699244499207, 'learning_rate': 0.0006696035314444777, 'epoch': 0.41}
{'loss': 2.9988, 'grad_norm': 0.2776508927345276, 'learning_rate': 0.0006694158777582004, 'epoch': 0.41}
{'loss': 2.9583, 'grad_norm': 0.280001699924469, 'learning_rate': 0.0006692281971098842, 'epoch': 0.41}
{'loss': 2.9277, 'grad_norm': 0.2584992051124573, 'learning_rate': 0.0006690404895293987, 'epoch': 0.41}
{'loss': 2.8218, 'grad_norm': 0.2618716359138489, 'learning_rate': 0.0006688527550466164, 'epoch': 0.41}
{'loss': 3.1007, 'grad_norm': 0.2721908390522003, 'learning_rate': 0.0006686649936914151, 'epoch': 0.41}
{'loss': 3.0344, 'grad_norm': 0.26281097531318665, 'learning_rate': 0.000668477205493676, 'epoch': 0.41}
{'loss': 2.9967, 'grad_norm': 0.29213380813598633, 'learning_rate': 0.0006682893904832855, 'epoch': 0.41}
{'loss': 3.0184, 'grad_norm': 0.2637379467487335, 'learning_rate': 0.0006681015486901335, 'epoch': 0.41}
{'loss': 2.9813, 'grad_norm': 0.2860843539237976, 'learning_rate': 0.0006679136801441147, 'epoch': 0.41}
{'loss': 2.9297, 'grad_norm': 0.282126784324646, 'learning_rate': 0.0006677257848751275, 'epoch': 0.41}
{'loss': 3.0839, 'grad_norm': 0.2864536643028259, 'learning_rate': 0.0006675378629130753, 'epoch': 0.41}
{'loss': 2.9899, 'grad_norm': 0.3019196391105652, 'learning_rate': 0.000667349914287865, 'epoch': 0.41}
{'loss': 2.972, 'grad_norm': 0.2896512448787689, 'learning_rate': 0.0006671619390294082, 'epoch': 0.41}
{'loss': 3.0659, 'grad_norm': 0.28218212723731995, 'learning_rate': 0.0006669739371676205, 'epoch': 0.41}
{'loss': 3.0656, 'grad_norm': 0.2897181212902069, 'learning_rate': 0.000666785908732422, 'epoch': 0.41}
{'loss': 3.0245, 'grad_norm': 0.28337547183036804, 'learning_rate': 0.0006665978537537369, 'epoch': 0.41}
{'loss': 3.0668, 'grad_norm': 0.26514625549316406, 'learning_rate': 0.0006664097722614933, 'epoch': 0.41}
{'loss': 2.9653, 'grad_norm': 0.2637557089328766, 'learning_rate': 0.0006662216642856243, 'epoch': 0.41}
{'loss': 3.0446, 'grad_norm': 0.27359631657600403, 'learning_rate': 0.0006660335298560662, 'epoch': 0.41}
{'loss': 2.9445, 'grad_norm': 0.2639288008213043, 'learning_rate': 0.0006658453690027604, 'epoch': 0.41}
{'loss': 2.8273, 'grad_norm': 0.27456581592559814, 'learning_rate': 0.0006656571817556519, 'epoch': 0.41}
{'loss': 2.8823, 'grad_norm': 0.2624150812625885, 'learning_rate': 0.0006654689681446904, 'epoch': 0.41}
{'loss': 3.0465, 'grad_norm': 0.26843729615211487, 'learning_rate': 0.0006652807281998294, 'epoch': 0.41}
{'loss': 2.8304, 'grad_norm': 0.24161100387573242, 'learning_rate': 0.0006650924619510267, 'epoch': 0.41}
{'loss': 3.0572, 'grad_norm': 0.25728127360343933, 'learning_rate': 0.0006649041694282446, 'epoch': 0.41}
{'loss': 2.9, 'grad_norm': 0.28669273853302, 'learning_rate': 0.000664715850661449, 'epoch': 0.41}
{'loss': 2.9913, 'grad_norm': 0.2711767256259918, 'learning_rate': 0.0006645275056806103, 'epoch': 0.41}
{'loss': 2.9656, 'grad_norm': 0.2793605327606201, 'learning_rate': 0.0006643391345157031, 'epoch': 0.41}
{'loss': 3.0221, 'grad_norm': 0.2828980088233948, 'learning_rate': 0.0006641507371967062, 'epoch': 0.41}
{'loss': 3.0485, 'grad_norm': 0.2996100187301636, 'learning_rate': 0.0006639623137536022, 'epoch': 0.41}
{'loss': 3.0858, 'grad_norm': 0.27745798230171204, 'learning_rate': 0.0006637738642163785, 'epoch': 0.41}
{'loss': 3.0335, 'grad_norm': 0.294045627117157, 'learning_rate': 0.0006635853886150261, 'epoch': 0.41}
{'loss': 3.0292, 'grad_norm': 0.25010842084884644, 'learning_rate': 0.0006633968869795404, 'epoch': 0.41}
{'loss': 2.8957, 'grad_norm': 0.2889515161514282, 'learning_rate': 0.0006632083593399209, 'epoch': 0.41}
{'loss': 3.1834, 'grad_norm': 0.2778238356113434, 'learning_rate': 0.0006630198057261709, 'epoch': 0.41}
{'loss': 3.0992, 'grad_norm': 0.2761008143424988, 'learning_rate': 0.0006628312261682986, 'epoch': 0.41}
{'loss': 2.7979, 'grad_norm': 0.2610752284526825, 'learning_rate': 0.0006626426206963157, 'epoch': 0.41}
{'loss': 2.9878, 'grad_norm': 0.26925384998321533, 'learning_rate': 0.0006624539893402382, 'epoch': 0.41}
{'loss': 3.1546, 'grad_norm': 0.2729533314704895, 'learning_rate': 0.0006622653321300863, 'epoch': 0.41}
{'loss': 3.0288, 'grad_norm': 0.2616236209869385, 'learning_rate': 0.0006620766490958842, 'epoch': 0.41}
{'loss': 2.879, 'grad_norm': 0.28077149391174316, 'learning_rate': 0.0006618879402676601, 'epoch': 0.41}
{'loss': 3.0311, 'grad_norm': 0.26855698227882385, 'learning_rate': 0.0006616992056754466, 'epoch': 0.41}
{'loss': 2.8384, 'grad_norm': 0.29349708557128906, 'learning_rate': 0.0006615104453492802, 'epoch': 0.41}
{'loss': 3.071, 'grad_norm': 0.27869197726249695, 'learning_rate': 0.0006613216593192016, 'epoch': 0.41}
{'loss': 2.9884, 'grad_norm': 0.27223920822143555, 'learning_rate': 0.0006611328476152556, 'epoch': 0.41}
{'loss': 3.0674, 'grad_norm': 0.27535152435302734, 'learning_rate': 0.0006609440102674909, 'epoch': 0.41}
{'loss': 3.0323, 'grad_norm': 0.2654918134212494, 'learning_rate': 0.0006607551473059605, 'epoch': 0.41}
{'loss': 2.9321, 'grad_norm': 0.2916063070297241, 'learning_rate': 0.0006605662587607213, 'epoch': 0.41}
{'loss': 3.0632, 'grad_norm': 0.26415032148361206, 'learning_rate': 0.0006603773446618344, 'epoch': 0.41}
{'loss': 2.9386, 'grad_norm': 0.27210891246795654, 'learning_rate': 0.0006601884050393648, 'epoch': 0.41}
{'loss': 2.9686, 'grad_norm': 0.2779831886291504, 'learning_rate': 0.000659999439923382, 'epoch': 0.41}
{'loss': 3.0021, 'grad_norm': 0.28140878677368164, 'learning_rate': 0.000659810449343959, 'epoch': 0.41}
{'loss': 2.889, 'grad_norm': 0.2588914632797241, 'learning_rate': 0.0006596214333311731, 'epoch': 0.41}
{'loss': 2.9327, 'grad_norm': 0.2717229723930359, 'learning_rate': 0.0006594323919151058, 'epoch': 0.41}
{'loss': 3.0955, 'grad_norm': 0.2624744772911072, 'learning_rate': 0.0006592433251258423, 'epoch': 0.41}
{'loss': 2.9133, 'grad_norm': 0.2548506259918213, 'learning_rate': 0.000659054232993472, 'epoch': 0.42}
{'loss': 2.9141, 'grad_norm': 0.29393458366394043, 'learning_rate': 0.0006588651155480886, 'epoch': 0.42}
{'loss': 2.9067, 'grad_norm': 0.27567991614341736, 'learning_rate': 0.0006586759728197893, 'epoch': 0.42}
{'loss': 2.9825, 'grad_norm': 0.2526482343673706, 'learning_rate': 0.000658486804838676, 'epoch': 0.42}
{'loss': 3.2225, 'grad_norm': 0.28786414861679077, 'learning_rate': 0.0006582976116348537, 'epoch': 0.42}
{'loss': 3.0596, 'grad_norm': 0.27786555886268616, 'learning_rate': 0.0006581083932384323, 'epoch': 0.42}
{'loss': 2.9691, 'grad_norm': 0.25083857774734497, 'learning_rate': 0.0006579191496795254, 'epoch': 0.42}
{'loss': 2.9676, 'grad_norm': 0.27682799100875854, 'learning_rate': 0.0006577298809882503, 'epoch': 0.42}
{'loss': 2.9449, 'grad_norm': 0.25485897064208984, 'learning_rate': 0.0006575405871947286, 'epoch': 0.42}
{'loss': 2.993, 'grad_norm': 0.2586964964866638, 'learning_rate': 0.000657351268329086, 'epoch': 0.42}
{'loss': 2.9033, 'grad_norm': 0.2735005021095276, 'learning_rate': 0.0006571619244214521, 'epoch': 0.42}
{'loss': 2.8304, 'grad_norm': 0.2579543888568878, 'learning_rate': 0.0006569725555019601, 'epoch': 0.42}
{'loss': 2.9202, 'grad_norm': 0.25412020087242126, 'learning_rate': 0.0006567831616007478, 'epoch': 0.42}
{'loss': 3.0905, 'grad_norm': 0.2542318105697632, 'learning_rate': 0.0006565937427479565, 'epoch': 0.42}
{'loss': 2.9501, 'grad_norm': 0.2873528003692627, 'learning_rate': 0.0006564042989737319, 'epoch': 0.42}
{'loss': 2.9902, 'grad_norm': 0.2531096339225769, 'learning_rate': 0.0006562148303082231, 'epoch': 0.42}
{'loss': 3.0162, 'grad_norm': 0.30081862211227417, 'learning_rate': 0.0006560253367815837, 'epoch': 0.42}
{'loss': 3.0548, 'grad_norm': 0.2552722096443176, 'learning_rate': 0.0006558358184239709, 'epoch': 0.42}
{'loss': 2.996, 'grad_norm': 0.24664299190044403, 'learning_rate': 0.0006556462752655462, 'epoch': 0.42}
{'loss': 2.9725, 'grad_norm': 0.2715263068675995, 'learning_rate': 0.0006554567073364747, 'epoch': 0.42}
{'loss': 2.8508, 'grad_norm': 0.27569085359573364, 'learning_rate': 0.0006552671146669254, 'epoch': 0.42}
{'loss': 2.8967, 'grad_norm': 0.2739509344100952, 'learning_rate': 0.0006550774972870718, 'epoch': 0.42}
{'loss': 3.0149, 'grad_norm': 0.28827330470085144, 'learning_rate': 0.0006548878552270906, 'epoch': 0.42}
{'loss': 3.0477, 'grad_norm': 0.26513099670410156, 'learning_rate': 0.000654698188517163, 'epoch': 0.42}
{'loss': 3.0298, 'grad_norm': 0.3145442008972168, 'learning_rate': 0.0006545084971874737, 'epoch': 0.42}
{'loss': 2.9882, 'grad_norm': 0.28530430793762207, 'learning_rate': 0.0006543187812682118, 'epoch': 0.42}
{'loss': 3.0744, 'grad_norm': 0.26479372382164, 'learning_rate': 0.0006541290407895697, 'epoch': 0.42}
{'loss': 2.9267, 'grad_norm': 0.2685927152633667, 'learning_rate': 0.0006539392757817443, 'epoch': 0.42}
{'loss': 3.0383, 'grad_norm': 0.274800181388855, 'learning_rate': 0.000653749486274936, 'epoch': 0.42}
{'loss': 2.9858, 'grad_norm': 0.25449782609939575, 'learning_rate': 0.0006535596722993493, 'epoch': 0.42}
{'loss': 3.0705, 'grad_norm': 0.36237746477127075, 'learning_rate': 0.0006533698338851926, 'epoch': 0.42}
{'loss': 2.9504, 'grad_norm': 0.2560727298259735, 'learning_rate': 0.0006531799710626779, 'epoch': 0.42}
{'loss': 2.9393, 'grad_norm': 0.2629554867744446, 'learning_rate': 0.0006529900838620217, 'epoch': 0.42}
{'loss': 3.0553, 'grad_norm': 0.26039496064186096, 'learning_rate': 0.0006528001723134435, 'epoch': 0.42}
{'loss': 3.0509, 'grad_norm': 0.25939708948135376, 'learning_rate': 0.0006526102364471675, 'epoch': 0.42}
{'loss': 3.0423, 'grad_norm': 0.27126356959342957, 'learning_rate': 0.0006524202762934213, 'epoch': 0.42}
{'loss': 3.0381, 'grad_norm': 0.27284708619117737, 'learning_rate': 0.0006522302918824367, 'epoch': 0.42}
{'loss': 2.9369, 'grad_norm': 0.2841336727142334, 'learning_rate': 0.0006520402832444487, 'epoch': 0.42}
{'loss': 3.0593, 'grad_norm': 0.2757974863052368, 'learning_rate': 0.0006518502504096971, 'epoch': 0.42}
{'loss': 2.9024, 'grad_norm': 0.30313894152641296, 'learning_rate': 0.000651660193408425, 'epoch': 0.42}
{'loss': 3.0764, 'grad_norm': 0.2945863902568817, 'learning_rate': 0.0006514701122708792, 'epoch': 0.42}
{'loss': 2.9221, 'grad_norm': 0.2824254631996155, 'learning_rate': 0.0006512800070273108, 'epoch': 0.42}
{'loss': 2.8392, 'grad_norm': 0.28690651059150696, 'learning_rate': 0.000651089877707974, 'epoch': 0.42}
{'loss': 3.0656, 'grad_norm': 0.24966931343078613, 'learning_rate': 0.0006508997243431279, 'epoch': 0.42}
{'loss': 3.0727, 'grad_norm': 0.2667193114757538, 'learning_rate': 0.0006507095469630346, 'epoch': 0.42}
{'loss': 3.047, 'grad_norm': 0.2781919836997986, 'learning_rate': 0.0006505193455979603, 'epoch': 0.42}
{'loss': 2.8908, 'grad_norm': 0.27592724561691284, 'learning_rate': 0.0006503291202781748, 'epoch': 0.42}
{'loss': 3.0314, 'grad_norm': 0.2773608863353729, 'learning_rate': 0.0006501388710339523, 'epoch': 0.42}
{'loss': 3.0306, 'grad_norm': 0.2725190222263336, 'learning_rate': 0.0006499485978955701, 'epoch': 0.42}
{'loss': 3.0151, 'grad_norm': 0.27174147963523865, 'learning_rate': 0.0006497583008933097, 'epoch': 0.42}
{'loss': 3.0024, 'grad_norm': 0.25174883008003235, 'learning_rate': 0.0006495679800574561, 'epoch': 0.42}
{'loss': 2.9036, 'grad_norm': 0.2497851699590683, 'learning_rate': 0.0006493776354182987, 'epoch': 0.42}
{'loss': 3.1222, 'grad_norm': 0.2868955731391907, 'learning_rate': 0.0006491872670061302, 'epoch': 0.42}
{'loss': 3.0325, 'grad_norm': 0.2564668357372284, 'learning_rate': 0.0006489968748512469, 'epoch': 0.42}
{'loss': 2.9389, 'grad_norm': 0.27604949474334717, 'learning_rate': 0.0006488064589839493, 'epoch': 0.42}
{'loss': 2.9392, 'grad_norm': 0.25452905893325806, 'learning_rate': 0.0006486160194345416, 'epoch': 0.42}
{'loss': 3.1242, 'grad_norm': 0.2358034998178482, 'learning_rate': 0.0006484255562333316, 'epoch': 0.42}
{'loss': 2.9923, 'grad_norm': 0.2900088131427765, 'learning_rate': 0.0006482350694106309, 'epoch': 0.42}
{'loss': 2.9363, 'grad_norm': 0.2582255005836487, 'learning_rate': 0.0006480445589967552, 'epoch': 0.42}
{'loss': 2.9398, 'grad_norm': 0.2932639420032501, 'learning_rate': 0.0006478540250220234, 'epoch': 0.42}
{'loss': 2.9569, 'grad_norm': 0.28638219833374023, 'learning_rate': 0.0006476634675167584, 'epoch': 0.42}
{'loss': 3.0455, 'grad_norm': 0.2658335566520691, 'learning_rate': 0.0006474728865112871, 'epoch': 0.42}
{'loss': 3.0248, 'grad_norm': 0.30483657121658325, 'learning_rate': 0.0006472822820359397, 'epoch': 0.42}
{'loss': 2.9512, 'grad_norm': 0.27650514245033264, 'learning_rate': 0.0006470916541210505, 'epoch': 0.42}
{'loss': 3.1861, 'grad_norm': 0.3165501058101654, 'learning_rate': 0.0006469010027969572, 'epoch': 0.42}
{'loss': 2.9159, 'grad_norm': 0.2560528516769409, 'learning_rate': 0.0006467103280940016, 'epoch': 0.42}
{'loss': 2.9384, 'grad_norm': 0.27949658036231995, 'learning_rate': 0.0006465196300425287, 'epoch': 0.42}
{'loss': 2.9853, 'grad_norm': 0.2774792015552521, 'learning_rate': 0.0006463289086728879, 'epoch': 0.42}
{'loss': 3.1141, 'grad_norm': 0.29854926466941833, 'learning_rate': 0.0006461381640154316, 'epoch': 0.42}
{'loss': 3.0143, 'grad_norm': 0.27036619186401367, 'learning_rate': 0.0006459473961005168, 'epoch': 0.42}
{'loss': 2.8764, 'grad_norm': 0.2762080729007721, 'learning_rate': 0.0006457566049585029, 'epoch': 0.42}
{'loss': 3.0795, 'grad_norm': 0.280917763710022, 'learning_rate': 0.0006455657906197543, 'epoch': 0.42}
{'loss': 3.0556, 'grad_norm': 0.25954046845436096, 'learning_rate': 0.0006453749531146383, 'epoch': 0.42}
{'loss': 2.8874, 'grad_norm': 0.2767622768878937, 'learning_rate': 0.0006451840924735264, 'epoch': 0.42}
{'loss': 2.9498, 'grad_norm': 0.2511022090911865, 'learning_rate': 0.0006449932087267931, 'epoch': 0.42}
{'loss': 2.954, 'grad_norm': 0.2528700530529022, 'learning_rate': 0.0006448023019048172, 'epoch': 0.42}
{'loss': 3.0283, 'grad_norm': 0.2691606879234314, 'learning_rate': 0.0006446113720379812, 'epoch': 0.42}
{'loss': 3.0417, 'grad_norm': 0.2605034410953522, 'learning_rate': 0.0006444204191566705, 'epoch': 0.42}
{'loss': 3.1375, 'grad_norm': 0.2830572724342346, 'learning_rate': 0.0006442294432912751, 'epoch': 0.42}
{'loss': 2.8937, 'grad_norm': 0.24079905450344086, 'learning_rate': 0.0006440384444721881, 'epoch': 0.42}
{'loss': 2.9345, 'grad_norm': 0.2618342638015747, 'learning_rate': 0.0006438474227298065, 'epoch': 0.42}
{'loss': 3.0225, 'grad_norm': 0.27488404512405396, 'learning_rate': 0.0006436563780945306, 'epoch': 0.43}
{'loss': 2.9814, 'grad_norm': 0.25117936730384827, 'learning_rate': 0.0006434653105967649, 'epoch': 0.43}
{'loss': 2.9372, 'grad_norm': 0.2665416896343231, 'learning_rate': 0.0006432742202669169, 'epoch': 0.43}
{'loss': 2.8873, 'grad_norm': 0.25766521692276, 'learning_rate': 0.0006430831071353984, 'epoch': 0.43}
{'loss': 3.02, 'grad_norm': 0.27274563908576965, 'learning_rate': 0.0006428919712326244, 'epoch': 0.43}
{'loss': 3.0542, 'grad_norm': 0.2559523582458496, 'learning_rate': 0.0006427008125890135, 'epoch': 0.43}
{'loss': 3.095, 'grad_norm': 0.27401816844940186, 'learning_rate': 0.0006425096312349881, 'epoch': 0.43}
{'loss': 3.1022, 'grad_norm': 0.2814647853374481, 'learning_rate': 0.0006423184272009742, 'epoch': 0.43}
{'loss': 2.96, 'grad_norm': 0.28589311242103577, 'learning_rate': 0.0006421272005174012, 'epoch': 0.43}
{'loss': 3.0375, 'grad_norm': 0.28454992175102234, 'learning_rate': 0.0006419359512147025, 'epoch': 0.43}
{'loss': 2.9827, 'grad_norm': 0.2670179009437561, 'learning_rate': 0.0006417446793233146, 'epoch': 0.43}
{'loss': 2.8655, 'grad_norm': 0.26572316884994507, 'learning_rate': 0.0006415533848736781, 'epoch': 0.43}
{'loss': 3.0432, 'grad_norm': 0.26705750823020935, 'learning_rate': 0.0006413620678962367, 'epoch': 0.43}
{'loss': 3.0111, 'grad_norm': 0.27782753109931946, 'learning_rate': 0.0006411707284214383, 'epoch': 0.43}
{'loss': 2.8595, 'grad_norm': 0.2922085225582123, 'learning_rate': 0.0006409793664797337, 'epoch': 0.43}
{'loss': 2.9528, 'grad_norm': 0.2663863003253937, 'learning_rate': 0.0006407879821015777, 'epoch': 0.43}
{'loss': 2.961, 'grad_norm': 0.3034668266773224, 'learning_rate': 0.0006405965753174284, 'epoch': 0.43}
{'loss': 2.9932, 'grad_norm': 0.2695602476596832, 'learning_rate': 0.0006404051461577479, 'epoch': 0.43}
{'loss': 2.9395, 'grad_norm': 0.26663339138031006, 'learning_rate': 0.0006402136946530014, 'epoch': 0.43}
{'loss': 2.9747, 'grad_norm': 0.2653166949748993, 'learning_rate': 0.0006400222208336579, 'epoch': 0.43}
{'loss': 2.9746, 'grad_norm': 0.285400390625, 'learning_rate': 0.00063983072473019, 'epoch': 0.43}
{'loss': 2.9617, 'grad_norm': 0.2560237944126129, 'learning_rate': 0.0006396392063730736, 'epoch': 0.43}
{'loss': 3.0459, 'grad_norm': 0.2716165781021118, 'learning_rate': 0.0006394476657927883, 'epoch': 0.43}
{'loss': 3.0184, 'grad_norm': 0.2641281485557556, 'learning_rate': 0.0006392561030198172, 'epoch': 0.43}
{'loss': 2.9103, 'grad_norm': 0.25582796335220337, 'learning_rate': 0.000639064518084647, 'epoch': 0.43}
{'loss': 2.9507, 'grad_norm': 0.263041228055954, 'learning_rate': 0.0006388729110177679, 'epoch': 0.43}
{'loss': 2.9888, 'grad_norm': 0.2782677114009857, 'learning_rate': 0.0006386812818496736, 'epoch': 0.43}
{'loss': 3.0366, 'grad_norm': 0.24575704336166382, 'learning_rate': 0.0006384896306108612, 'epoch': 0.43}
{'loss': 3.0621, 'grad_norm': 0.2751910090446472, 'learning_rate': 0.0006382979573318316, 'epoch': 0.43}
{'loss': 2.9056, 'grad_norm': 0.2628057897090912, 'learning_rate': 0.000638106262043089, 'epoch': 0.43}
{'loss': 3.034, 'grad_norm': 0.25119274854660034, 'learning_rate': 0.000637914544775141, 'epoch': 0.43}
{'loss': 2.9451, 'grad_norm': 0.28104424476623535, 'learning_rate': 0.0006377228055584989, 'epoch': 0.43}
{'loss': 3.07, 'grad_norm': 0.3075120449066162, 'learning_rate': 0.0006375310444236776, 'epoch': 0.43}
{'loss': 2.8604, 'grad_norm': 0.27764517068862915, 'learning_rate': 0.0006373392614011952, 'epoch': 0.43}
{'loss': 3.0823, 'grad_norm': 0.2758874297142029, 'learning_rate': 0.0006371474565215734, 'epoch': 0.43}
{'loss': 2.9727, 'grad_norm': 0.2794731557369232, 'learning_rate': 0.0006369556298153372, 'epoch': 0.43}
{'loss': 2.9639, 'grad_norm': 0.2794182300567627, 'learning_rate': 0.0006367637813130156, 'epoch': 0.43}
{'loss': 2.8981, 'grad_norm': 0.26871293783187866, 'learning_rate': 0.0006365719110451404, 'epoch': 0.43}
{'loss': 2.9895, 'grad_norm': 0.2732327878475189, 'learning_rate': 0.0006363800190422475, 'epoch': 0.43}
{'loss': 3.0556, 'grad_norm': 0.27380242943763733, 'learning_rate': 0.0006361881053348758, 'epoch': 0.43}
{'loss': 3.0388, 'grad_norm': 0.29374200105667114, 'learning_rate': 0.0006359961699535678, 'epoch': 0.43}
{'loss': 3.1916, 'grad_norm': 0.2774870991706848, 'learning_rate': 0.0006358042129288693, 'epoch': 0.43}
{'loss': 2.8816, 'grad_norm': 0.26508578658103943, 'learning_rate': 0.0006356122342913301, 'epoch': 0.43}
{'loss': 2.9282, 'grad_norm': 0.25808292627334595, 'learning_rate': 0.0006354202340715027, 'epoch': 0.43}
{'loss': 3.0917, 'grad_norm': 0.30223512649536133, 'learning_rate': 0.0006352282122999433, 'epoch': 0.43}
{'loss': 2.8806, 'grad_norm': 0.26360049843788147, 'learning_rate': 0.0006350361690072118, 'epoch': 0.43}
{'loss': 2.9632, 'grad_norm': 0.2685277760028839, 'learning_rate': 0.0006348441042238713, 'epoch': 0.43}
{'loss': 2.9804, 'grad_norm': 0.2964434027671814, 'learning_rate': 0.0006346520179804883, 'epoch': 0.43}
{'loss': 2.9943, 'grad_norm': 0.271133691072464, 'learning_rate': 0.0006344599103076329, 'epoch': 0.43}
{'loss': 3.0112, 'grad_norm': 0.26825883984565735, 'learning_rate': 0.0006342677812358783, 'epoch': 0.43}
{'loss': 2.8375, 'grad_norm': 0.27209681272506714, 'learning_rate': 0.0006340756307958012, 'epoch': 0.43}
{'loss': 2.9594, 'grad_norm': 0.26001277565956116, 'learning_rate': 0.0006338834590179822, 'epoch': 0.43}
{'loss': 2.9434, 'grad_norm': 0.2660221457481384, 'learning_rate': 0.0006336912659330042, 'epoch': 0.43}
{'loss': 2.9618, 'grad_norm': 0.31482693552970886, 'learning_rate': 0.0006334990515714547, 'epoch': 0.43}
{'loss': 2.93, 'grad_norm': 0.26875415444374084, 'learning_rate': 0.0006333068159639241, 'epoch': 0.43}
{'loss': 3.0462, 'grad_norm': 0.25105369091033936, 'learning_rate': 0.0006331145591410057, 'epoch': 0.43}
{'loss': 2.957, 'grad_norm': 0.25415992736816406, 'learning_rate': 0.0006329222811332967, 'epoch': 0.43}
{'loss': 3.071, 'grad_norm': 0.288394957780838, 'learning_rate': 0.0006327299819713979, 'epoch': 0.43}
{'loss': 2.9165, 'grad_norm': 0.2469390630722046, 'learning_rate': 0.0006325376616859131, 'epoch': 0.43}
{'loss': 2.8893, 'grad_norm': 0.2564588785171509, 'learning_rate': 0.0006323453203074492, 'epoch': 0.43}
{'loss': 3.0079, 'grad_norm': 0.2617270350456238, 'learning_rate': 0.0006321529578666168, 'epoch': 0.43}
{'loss': 2.9033, 'grad_norm': 0.27029773592948914, 'learning_rate': 0.0006319605743940302, 'epoch': 0.43}
{'loss': 2.8857, 'grad_norm': 0.27001264691352844, 'learning_rate': 0.0006317681699203063, 'epoch': 0.43}
{'loss': 3.0717, 'grad_norm': 0.24976149201393127, 'learning_rate': 0.000631575744476066, 'epoch': 0.43}
{'loss': 3.0062, 'grad_norm': 0.25325921177864075, 'learning_rate': 0.0006313832980919328, 'epoch': 0.43}
{'loss': 3.0092, 'grad_norm': 0.2931023836135864, 'learning_rate': 0.0006311908307985342, 'epoch': 0.43}
{'loss': 3.134, 'grad_norm': 0.27264633774757385, 'learning_rate': 0.000630998342626501, 'epoch': 0.43}
{'loss': 2.977, 'grad_norm': 0.25724080204963684, 'learning_rate': 0.000630805833606467, 'epoch': 0.43}
{'loss': 2.9252, 'grad_norm': 0.2748478055000305, 'learning_rate': 0.0006306133037690692, 'epoch': 0.43}
{'loss': 2.9072, 'grad_norm': 0.30266594886779785, 'learning_rate': 0.0006304207531449486, 'epoch': 0.43}
{'loss': 2.9824, 'grad_norm': 0.266863614320755, 'learning_rate': 0.0006302281817647486, 'epoch': 0.43}
{'loss': 3.0593, 'grad_norm': 0.2692263424396515, 'learning_rate': 0.0006300355896591168, 'epoch': 0.43}
{'loss': 3.0669, 'grad_norm': 0.3059198558330536, 'learning_rate': 0.0006298429768587033, 'epoch': 0.43}
{'loss': 3.0654, 'grad_norm': 0.2665631175041199, 'learning_rate': 0.0006296503433941621, 'epoch': 0.43}
{'loss': 2.9769, 'grad_norm': 0.2740805447101593, 'learning_rate': 0.0006294576892961503, 'epoch': 0.43}
{'loss': 2.8883, 'grad_norm': 0.2647334337234497, 'learning_rate': 0.0006292650145953279, 'epoch': 0.43}
{'loss': 2.8832, 'grad_norm': 0.2709150016307831, 'learning_rate': 0.0006290723193223589, 'epoch': 0.43}
{'loss': 2.9018, 'grad_norm': 0.25382018089294434, 'learning_rate': 0.0006288796035079098, 'epoch': 0.43}
{'loss': 3.0744, 'grad_norm': 0.26879236102104187, 'learning_rate': 0.0006286868671826513, 'epoch': 0.43}
{'loss': 2.8672, 'grad_norm': 0.2652240991592407, 'learning_rate': 0.0006284941103772561, 'epoch': 0.43}
{'loss': 2.9318, 'grad_norm': 0.2904336452484131, 'learning_rate': 0.0006283013331224017, 'epoch': 0.43}
{'loss': 2.9184, 'grad_norm': 0.2676525413990021, 'learning_rate': 0.0006281085354487671, 'epoch': 0.44}
{'loss': 3.029, 'grad_norm': 0.2829081416130066, 'learning_rate': 0.0006279157173870362, 'epoch': 0.44}
{'loss': 3.1809, 'grad_norm': 0.2643497586250305, 'learning_rate': 0.0006277228789678953, 'epoch': 0.44}
{'loss': 2.8016, 'grad_norm': 0.26829084753990173, 'learning_rate': 0.000627530020222034, 'epoch': 0.44}
{'loss': 3.0891, 'grad_norm': 0.28899914026260376, 'learning_rate': 0.000627337141180145, 'epoch': 0.44}
{'loss': 3.0985, 'grad_norm': 0.2749776244163513, 'learning_rate': 0.0006271442418729245, 'epoch': 0.44}
{'loss': 3.068, 'grad_norm': 0.2862679362297058, 'learning_rate': 0.0006269513223310724, 'epoch': 0.44}
{'loss': 3.1061, 'grad_norm': 0.25952985882759094, 'learning_rate': 0.0006267583825852905, 'epoch': 0.44}
{'loss': 2.877, 'grad_norm': 0.2809491753578186, 'learning_rate': 0.0006265654226662848, 'epoch': 0.44}
{'loss': 2.9392, 'grad_norm': 0.2669471502304077, 'learning_rate': 0.0006263724426047646, 'epoch': 0.44}
{'loss': 2.9941, 'grad_norm': 0.2773917019367218, 'learning_rate': 0.0006261794424314421, 'epoch': 0.44}
{'loss': 2.957, 'grad_norm': 0.27575162053108215, 'learning_rate': 0.0006259864221770324, 'epoch': 0.44}
{'loss': 3.0558, 'grad_norm': 0.2652607858181, 'learning_rate': 0.0006257933818722543, 'epoch': 0.44}
{'loss': 3.0433, 'grad_norm': 0.2787618339061737, 'learning_rate': 0.0006256003215478294, 'epoch': 0.44}
{'loss': 2.9055, 'grad_norm': 0.2626018524169922, 'learning_rate': 0.0006254072412344832, 'epoch': 0.44}
{'loss': 2.9736, 'grad_norm': 0.2733754515647888, 'learning_rate': 0.0006252141409629433, 'epoch': 0.44}
{'loss': 3.0551, 'grad_norm': 0.2577545642852783, 'learning_rate': 0.000625021020763941, 'epoch': 0.44}
{'loss': 2.9749, 'grad_norm': 0.25950029492378235, 'learning_rate': 0.0006248278806682114, 'epoch': 0.44}
{'loss': 3.1101, 'grad_norm': 0.2544042766094208, 'learning_rate': 0.0006246347207064918, 'epoch': 0.44}
{'loss': 2.8826, 'grad_norm': 0.26255303621292114, 'learning_rate': 0.0006244415409095229, 'epoch': 0.44}
{'loss': 3.0089, 'grad_norm': 0.28654253482818604, 'learning_rate': 0.000624248341308049, 'epoch': 0.44}
{'loss': 3.0976, 'grad_norm': 0.2790592312812805, 'learning_rate': 0.000624055121932817, 'epoch': 0.44}
{'loss': 2.9696, 'grad_norm': 0.26378321647644043, 'learning_rate': 0.0006238618828145775, 'epoch': 0.44}
{'loss': 3.0473, 'grad_norm': 0.2704268991947174, 'learning_rate': 0.0006236686239840836, 'epoch': 0.44}
{'loss': 2.9459, 'grad_norm': 0.2660549283027649, 'learning_rate': 0.000623475345472092, 'epoch': 0.44}
{'loss': 2.9699, 'grad_norm': 0.28561362624168396, 'learning_rate': 0.0006232820473093624, 'epoch': 0.44}
{'loss': 3.0296, 'grad_norm': 0.26918768882751465, 'learning_rate': 0.0006230887295266579, 'epoch': 0.44}
{'loss': 2.8973, 'grad_norm': 0.2660674750804901, 'learning_rate': 0.000622895392154744, 'epoch': 0.44}
{'loss': 3.1843, 'grad_norm': 0.3047182857990265, 'learning_rate': 0.0006227020352243902, 'epoch': 0.44}
{'loss': 2.9376, 'grad_norm': 0.2640203535556793, 'learning_rate': 0.0006225086587663682, 'epoch': 0.44}
{'loss': 3.0277, 'grad_norm': 0.2783612012863159, 'learning_rate': 0.0006223152628114537, 'epoch': 0.44}
{'loss': 2.9453, 'grad_norm': 0.2882281541824341, 'learning_rate': 0.000622121847390425, 'epoch': 0.44}
{'loss': 2.9198, 'grad_norm': 0.2738500237464905, 'learning_rate': 0.0006219284125340637, 'epoch': 0.44}
{'loss': 2.8861, 'grad_norm': 0.265470027923584, 'learning_rate': 0.000621734958273154, 'epoch': 0.44}
{'loss': 3.0381, 'grad_norm': 0.2890528440475464, 'learning_rate': 0.0006215414846384838, 'epoch': 0.44}
{'loss': 2.954, 'grad_norm': 0.3155898451805115, 'learning_rate': 0.0006213479916608441, 'epoch': 0.44}
{'loss': 2.9804, 'grad_norm': 0.27049291133880615, 'learning_rate': 0.0006211544793710285, 'epoch': 0.44}
{'loss': 3.0221, 'grad_norm': 0.2640201449394226, 'learning_rate': 0.0006209609477998338, 'epoch': 0.44}
{'loss': 2.897, 'grad_norm': 0.2759271562099457, 'learning_rate': 0.0006207673969780603, 'epoch': 0.44}
{'loss': 3.0757, 'grad_norm': 0.25538551807403564, 'learning_rate': 0.0006205738269365108, 'epoch': 0.44}
{'loss': 2.9783, 'grad_norm': 0.24626591801643372, 'learning_rate': 0.0006203802377059915, 'epoch': 0.44}
{'loss': 2.7994, 'grad_norm': 0.2597399055957794, 'learning_rate': 0.0006201866293173115, 'epoch': 0.44}
{'loss': 3.0504, 'grad_norm': 0.2677804231643677, 'learning_rate': 0.000619993001801283, 'epoch': 0.44}
{'loss': 3.0949, 'grad_norm': 0.2603521943092346, 'learning_rate': 0.0006197993551887213, 'epoch': 0.44}
{'loss': 2.9347, 'grad_norm': 0.27402424812316895, 'learning_rate': 0.0006196056895104447, 'epoch': 0.44}
{'loss': 3.0212, 'grad_norm': 0.25824689865112305, 'learning_rate': 0.0006194120047972744, 'epoch': 0.44}
{'loss': 3.0765, 'grad_norm': 0.2628890872001648, 'learning_rate': 0.0006192183010800349, 'epoch': 0.44}
{'loss': 2.9801, 'grad_norm': 0.2583600878715515, 'learning_rate': 0.0006190245783895536, 'epoch': 0.44}
{'loss': 2.8305, 'grad_norm': 0.2697243392467499, 'learning_rate': 0.0006188308367566607, 'epoch': 0.44}
{'loss': 2.9476, 'grad_norm': 0.26282814145088196, 'learning_rate': 0.0006186370762121898, 'epoch': 0.44}
{'loss': 3.0935, 'grad_norm': 0.2866023778915405, 'learning_rate': 0.0006184432967869771, 'epoch': 0.44}
{'loss': 3.0181, 'grad_norm': 0.2774941623210907, 'learning_rate': 0.0006182494985118624, 'epoch': 0.44}
{'loss': 3.0572, 'grad_norm': 0.2745012044906616, 'learning_rate': 0.0006180556814176877, 'epoch': 0.44}
{'loss': 3.0352, 'grad_norm': 0.25628143548965454, 'learning_rate': 0.0006178618455352988, 'epoch': 0.44}
{'loss': 2.8272, 'grad_norm': 0.27885177731513977, 'learning_rate': 0.0006176679908955438, 'epoch': 0.44}
{'loss': 2.8152, 'grad_norm': 0.26864367723464966, 'learning_rate': 0.0006174741175292743, 'epoch': 0.44}
{'loss': 3.0484, 'grad_norm': 0.249576136469841, 'learning_rate': 0.0006172802254673446, 'epoch': 0.44}
{'loss': 3.0911, 'grad_norm': 0.2793858051300049, 'learning_rate': 0.0006170863147406119, 'epoch': 0.44}
{'loss': 3.0122, 'grad_norm': 0.26666662096977234, 'learning_rate': 0.0006168923853799369, 'epoch': 0.44}
{'loss': 3.061, 'grad_norm': 0.279225617647171, 'learning_rate': 0.0006166984374161824, 'epoch': 0.44}
{'loss': 2.8854, 'grad_norm': 0.28857049345970154, 'learning_rate': 0.0006165044708802152, 'epoch': 0.44}
{'loss': 2.9862, 'grad_norm': 0.2917611598968506, 'learning_rate': 0.0006163104858029042, 'epoch': 0.44}
{'loss': 3.0493, 'grad_norm': 0.26365870237350464, 'learning_rate': 0.0006161164822151212, 'epoch': 0.44}
{'loss': 2.7961, 'grad_norm': 0.2636866271495819, 'learning_rate': 0.000615922460147742, 'epoch': 0.44}
{'loss': 3.0232, 'grad_norm': 0.26478949189186096, 'learning_rate': 0.0006157284196316442, 'epoch': 0.44}
{'loss': 2.8783, 'grad_norm': 0.275544673204422, 'learning_rate': 0.000615534360697709, 'epoch': 0.44}
{'loss': 2.8342, 'grad_norm': 0.2818887531757355, 'learning_rate': 0.00061534028337682, 'epoch': 0.44}
{'loss': 3.112, 'grad_norm': 0.26474541425704956, 'learning_rate': 0.0006151461876998643, 'epoch': 0.44}
{'loss': 3.2055, 'grad_norm': 0.2756102979183197, 'learning_rate': 0.0006149520736977316, 'epoch': 0.44}
{'loss': 3.0601, 'grad_norm': 0.26392239332199097, 'learning_rate': 0.0006147579414013147, 'epoch': 0.44}
{'loss': 2.9861, 'grad_norm': 0.27625760436058044, 'learning_rate': 0.000614563790841509, 'epoch': 0.44}
{'loss': 3.0351, 'grad_norm': 0.2727760076522827, 'learning_rate': 0.0006143696220492127, 'epoch': 0.44}
{'loss': 2.9128, 'grad_norm': 0.279499888420105, 'learning_rate': 0.0006141754350553279, 'epoch': 0.44}
{'loss': 3.0112, 'grad_norm': 0.24605506658554077, 'learning_rate': 0.0006139812298907584, 'epoch': 0.44}
{'loss': 3.0635, 'grad_norm': 0.31661051511764526, 'learning_rate': 0.0006137870065864115, 'epoch': 0.44}
{'loss': 2.9614, 'grad_norm': 0.2505697011947632, 'learning_rate': 0.0006135927651731972, 'epoch': 0.44}
{'loss': 2.8198, 'grad_norm': 0.2610560655593872, 'learning_rate': 0.0006133985056820286, 'epoch': 0.44}
{'loss': 3.0472, 'grad_norm': 0.28163009881973267, 'learning_rate': 0.0006132042281438213, 'epoch': 0.44}
{'loss': 2.8858, 'grad_norm': 0.30581262707710266, 'learning_rate': 0.0006130099325894942, 'epoch': 0.44}
{'loss': 2.8238, 'grad_norm': 0.2675494849681854, 'learning_rate': 0.0006128156190499688, 'epoch': 0.44}
{'loss': 2.882, 'grad_norm': 0.24800503253936768, 'learning_rate': 0.0006126212875561697, 'epoch': 0.44}
{'loss': 2.9056, 'grad_norm': 0.25344690680503845, 'learning_rate': 0.0006124269381390238, 'epoch': 0.44}
{'loss': 3.0229, 'grad_norm': 0.2805115878582001, 'learning_rate': 0.0006122325708294615, 'epoch': 0.45}
{'loss': 3.0672, 'grad_norm': 0.30905675888061523, 'learning_rate': 0.0006120381856584156, 'epoch': 0.45}
{'loss': 2.9369, 'grad_norm': 0.27732157707214355, 'learning_rate': 0.0006118437826568224, 'epoch': 0.45}
{'loss': 3.0967, 'grad_norm': 0.27527233958244324, 'learning_rate': 0.00061164936185562, 'epoch': 0.45}
{'loss': 2.9099, 'grad_norm': 0.28877851366996765, 'learning_rate': 0.0006114549232857503, 'epoch': 0.45}
{'loss': 2.9228, 'grad_norm': 0.2662828862667084, 'learning_rate': 0.0006112604669781572, 'epoch': 0.45}
{'loss': 2.9673, 'grad_norm': 0.2537800073623657, 'learning_rate': 0.0006110659929637883, 'epoch': 0.45}
{'loss': 2.8912, 'grad_norm': 0.2669679820537567, 'learning_rate': 0.0006108715012735933, 'epoch': 0.45}
{'loss': 2.9072, 'grad_norm': 0.28863218426704407, 'learning_rate': 0.0006106769919385251, 'epoch': 0.45}
{'loss': 3.2772, 'grad_norm': 0.29459989070892334, 'learning_rate': 0.0006104824649895391, 'epoch': 0.45}
{'loss': 2.9775, 'grad_norm': 0.2819458842277527, 'learning_rate': 0.0006102879204575941, 'epoch': 0.45}
{'loss': 2.9296, 'grad_norm': 0.26599055528640747, 'learning_rate': 0.0006100933583736508, 'epoch': 0.45}
{'loss': 2.9709, 'grad_norm': 0.24050450325012207, 'learning_rate': 0.0006098987787686735, 'epoch': 0.45}
{'loss': 2.9721, 'grad_norm': 0.24147266149520874, 'learning_rate': 0.0006097041816736288, 'epoch': 0.45}
{'loss': 2.9892, 'grad_norm': 0.2672176659107208, 'learning_rate': 0.0006095095671194864, 'epoch': 0.45}
{'loss': 2.9521, 'grad_norm': 0.2603641748428345, 'learning_rate': 0.0006093149351372185, 'epoch': 0.45}
{'loss': 3.0034, 'grad_norm': 0.28338873386383057, 'learning_rate': 0.0006091202857578006, 'epoch': 0.45}
{'loss': 2.9688, 'grad_norm': 0.26932650804519653, 'learning_rate': 0.0006089256190122098, 'epoch': 0.45}
{'loss': 2.8876, 'grad_norm': 0.2589849829673767, 'learning_rate': 0.0006087309349314273, 'epoch': 0.45}
{'loss': 3.0579, 'grad_norm': 0.29682356119155884, 'learning_rate': 0.0006085362335464365, 'epoch': 0.45}
{'loss': 3.078, 'grad_norm': 0.2770301103591919, 'learning_rate': 0.0006083415148882235, 'epoch': 0.45}
{'loss': 2.9597, 'grad_norm': 0.24001452326774597, 'learning_rate': 0.000608146778987777, 'epoch': 0.45}
{'loss': 3.0036, 'grad_norm': 0.26971301436424255, 'learning_rate': 0.0006079520258760887, 'epoch': 0.45}
{'loss': 2.9954, 'grad_norm': 0.2784118354320526, 'learning_rate': 0.0006077572555841533, 'epoch': 0.45}
{'loss': 2.8837, 'grad_norm': 0.28765347599983215, 'learning_rate': 0.0006075624681429677, 'epoch': 0.45}
{'loss': 3.0214, 'grad_norm': 0.2646959722042084, 'learning_rate': 0.0006073676635835317, 'epoch': 0.45}
{'loss': 2.9601, 'grad_norm': 0.26631030440330505, 'learning_rate': 0.0006071728419368477, 'epoch': 0.45}
{'loss': 2.8866, 'grad_norm': 0.27702197432518005, 'learning_rate': 0.0006069780032339215, 'epoch': 0.45}
{'loss': 2.8942, 'grad_norm': 0.28068143129348755, 'learning_rate': 0.0006067831475057607, 'epoch': 0.45}
{'loss': 3.1008, 'grad_norm': 0.27906718850135803, 'learning_rate': 0.0006065882747833761, 'epoch': 0.45}
{'loss': 3.0354, 'grad_norm': 0.26735299825668335, 'learning_rate': 0.0006063933850977811, 'epoch': 0.45}
{'loss': 3.0098, 'grad_norm': 0.2613056004047394, 'learning_rate': 0.000606198478479992, 'epoch': 0.45}
{'loss': 3.059, 'grad_norm': 0.28555071353912354, 'learning_rate': 0.0006060035549610275, 'epoch': 0.45}
{'loss': 2.951, 'grad_norm': 0.2679791748523712, 'learning_rate': 0.0006058086145719089, 'epoch': 0.45}
{'loss': 3.0019, 'grad_norm': 0.27758103609085083, 'learning_rate': 0.0006056136573436606, 'epoch': 0.45}
{'loss': 3.0112, 'grad_norm': 0.28384363651275635, 'learning_rate': 0.0006054186833073095, 'epoch': 0.45}
{'loss': 2.8956, 'grad_norm': 0.2972258925437927, 'learning_rate': 0.0006052236924938852, 'epoch': 0.45}
{'loss': 2.9909, 'grad_norm': 0.25094032287597656, 'learning_rate': 0.0006050286849344197, 'epoch': 0.45}
{'loss': 2.871, 'grad_norm': 0.27675047516822815, 'learning_rate': 0.000604833660659948, 'epoch': 0.45}
{'loss': 3.0794, 'grad_norm': 0.2845626473426819, 'learning_rate': 0.0006046386197015076, 'epoch': 0.45}
{'loss': 2.9375, 'grad_norm': 0.294556587934494, 'learning_rate': 0.0006044435620901387, 'epoch': 0.45}
{'loss': 2.9616, 'grad_norm': 0.26377516984939575, 'learning_rate': 0.0006042484878568843, 'epoch': 0.45}
{'loss': 2.8687, 'grad_norm': 0.26860511302948, 'learning_rate': 0.0006040533970327896, 'epoch': 0.45}
{'loss': 3.0339, 'grad_norm': 0.2739439904689789, 'learning_rate': 0.000603858289648903, 'epoch': 0.45}
{'loss': 2.9281, 'grad_norm': 0.2703498303890228, 'learning_rate': 0.0006036631657362751, 'epoch': 0.45}
{'loss': 3.0387, 'grad_norm': 0.28200453519821167, 'learning_rate': 0.0006034680253259593, 'epoch': 0.45}
{'loss': 3.0181, 'grad_norm': 0.27439504861831665, 'learning_rate': 0.0006032728684490118, 'epoch': 0.45}
{'loss': 3.0984, 'grad_norm': 0.2646517753601074, 'learning_rate': 0.0006030776951364909, 'epoch': 0.45}
{'loss': 2.9737, 'grad_norm': 0.27356451749801636, 'learning_rate': 0.0006028825054194582, 'epoch': 0.45}
{'loss': 3.0676, 'grad_norm': 0.2572147846221924, 'learning_rate': 0.0006026872993289776, 'epoch': 0.45}
{'loss': 2.971, 'grad_norm': 0.25478270649909973, 'learning_rate': 0.0006024920768961153, 'epoch': 0.45}
{'loss': 3.0095, 'grad_norm': 0.25380203127861023, 'learning_rate': 0.0006022968381519402, 'epoch': 0.45}
{'loss': 3.1823, 'grad_norm': 0.2834727466106415, 'learning_rate': 0.0006021015831275246, 'epoch': 0.45}
{'loss': 2.863, 'grad_norm': 0.2565704882144928, 'learning_rate': 0.0006019063118539426, 'epoch': 0.45}
{'loss': 2.8761, 'grad_norm': 0.28840380907058716, 'learning_rate': 0.0006017110243622704, 'epoch': 0.45}
{'loss': 3.1092, 'grad_norm': 0.2732473909854889, 'learning_rate': 0.0006015157206835881, 'epoch': 0.45}
{'loss': 3.0914, 'grad_norm': 0.2632592022418976, 'learning_rate': 0.0006013204008489774, 'epoch': 0.45}
{'loss': 3.0656, 'grad_norm': 0.2948065400123596, 'learning_rate': 0.0006011250648895233, 'epoch': 0.45}
{'loss': 3.0898, 'grad_norm': 0.2648658752441406, 'learning_rate': 0.0006009297128363125, 'epoch': 0.45}
{'loss': 3.0443, 'grad_norm': 0.27290078997612, 'learning_rate': 0.0006007343447204346, 'epoch': 0.45}
{'loss': 2.8636, 'grad_norm': 0.26196691393852234, 'learning_rate': 0.0006005389605729824, 'epoch': 0.45}
{'loss': 3.0344, 'grad_norm': 0.27556970715522766, 'learning_rate': 0.0006003435604250503, 'epoch': 0.45}
{'loss': 3.0394, 'grad_norm': 0.26826268434524536, 'learning_rate': 0.0006001481443077357, 'epoch': 0.45}
{'loss': 3.1131, 'grad_norm': 0.3133535087108612, 'learning_rate': 0.0005999527122521386, 'epoch': 0.45}
{'loss': 2.7875, 'grad_norm': 0.34399569034576416, 'learning_rate': 0.0005997572642893615, 'epoch': 0.45}
{'loss': 3.0098, 'grad_norm': 0.27356356382369995, 'learning_rate': 0.0005995618004505091, 'epoch': 0.45}
{'loss': 2.8587, 'grad_norm': 0.2795058786869049, 'learning_rate': 0.0005993663207666892, 'epoch': 0.45}
{'loss': 2.9473, 'grad_norm': 0.27322879433631897, 'learning_rate': 0.0005991708252690117, 'epoch': 0.45}
{'loss': 3.0519, 'grad_norm': 0.2615641951560974, 'learning_rate': 0.000598975313988589, 'epoch': 0.45}
{'loss': 2.8372, 'grad_norm': 0.2661224901676178, 'learning_rate': 0.0005987797869565363, 'epoch': 0.45}
{'loss': 3.012, 'grad_norm': 0.2605437934398651, 'learning_rate': 0.0005985842442039712, 'epoch': 0.45}
{'loss': 2.8805, 'grad_norm': 0.25406309962272644, 'learning_rate': 0.0005983886857620135, 'epoch': 0.45}
{'loss': 2.8758, 'grad_norm': 0.26229944825172424, 'learning_rate': 0.0005981931116617861, 'epoch': 0.45}
{'loss': 3.1356, 'grad_norm': 0.2800040543079376, 'learning_rate': 0.0005979975219344138, 'epoch': 0.45}
{'loss': 2.9122, 'grad_norm': 0.2780536413192749, 'learning_rate': 0.0005978019166110241, 'epoch': 0.45}
{'loss': 2.8954, 'grad_norm': 0.28610631823539734, 'learning_rate': 0.0005976062957227472, 'epoch': 0.45}
{'loss': 2.9179, 'grad_norm': 0.30856385827064514, 'learning_rate': 0.0005974106593007155, 'epoch': 0.45}
{'loss': 2.964, 'grad_norm': 0.26258283853530884, 'learning_rate': 0.0005972150073760639, 'epoch': 0.45}
{'loss': 2.9792, 'grad_norm': 0.25052791833877563, 'learning_rate': 0.0005970193399799299, 'epoch': 0.45}
{'loss': 2.9446, 'grad_norm': 0.27392107248306274, 'learning_rate': 0.0005968236571434534, 'epoch': 0.45}
{'loss': 2.9082, 'grad_norm': 0.3056062161922455, 'learning_rate': 0.0005966279588977767, 'epoch': 0.45}
{'loss': 2.8795, 'grad_norm': 0.25936198234558105, 'learning_rate': 0.0005964322452740445, 'epoch': 0.46}
{'loss': 3.0061, 'grad_norm': 0.27208417654037476, 'learning_rate': 0.0005962365163034044, 'epoch': 0.46}
{'loss': 3.0341, 'grad_norm': 0.2912985384464264, 'learning_rate': 0.0005960407720170058, 'epoch': 0.46}
{'loss': 3.0288, 'grad_norm': 0.2929047644138336, 'learning_rate': 0.0005958450124460006, 'epoch': 0.46}
{'loss': 2.8227, 'grad_norm': 0.28429290652275085, 'learning_rate': 0.0005956492376215439, 'epoch': 0.46}
{'loss': 3.056, 'grad_norm': 0.2864065170288086, 'learning_rate': 0.0005954534475747925, 'epoch': 0.46}
{'loss': 3.0807, 'grad_norm': 0.2643604576587677, 'learning_rate': 0.0005952576423369056, 'epoch': 0.46}
{'loss': 3.0312, 'grad_norm': 0.2921999394893646, 'learning_rate': 0.0005950618219390452, 'epoch': 0.46}
{'loss': 2.9402, 'grad_norm': 0.26837101578712463, 'learning_rate': 0.0005948659864123755, 'epoch': 0.46}
{'loss': 2.8762, 'grad_norm': 0.24856841564178467, 'learning_rate': 0.0005946701357880631, 'epoch': 0.46}
{'loss': 2.9399, 'grad_norm': 0.25332292914390564, 'learning_rate': 0.0005944742700972771, 'epoch': 0.46}
{'loss': 2.9316, 'grad_norm': 0.27792593836784363, 'learning_rate': 0.0005942783893711892, 'epoch': 0.46}
{'loss': 3.02, 'grad_norm': 0.29059988260269165, 'learning_rate': 0.0005940824936409726, 'epoch': 0.46}
{'loss': 2.7661, 'grad_norm': 0.27716726064682007, 'learning_rate': 0.0005938865829378043, 'epoch': 0.46}
{'loss': 3.0727, 'grad_norm': 0.2704150676727295, 'learning_rate': 0.0005936906572928624, 'epoch': 0.46}
{'loss': 2.9444, 'grad_norm': 0.27157795429229736, 'learning_rate': 0.000593494716737328, 'epoch': 0.46}
{'loss': 2.9778, 'grad_norm': 0.2744055688381195, 'learning_rate': 0.0005932987613023844, 'epoch': 0.46}
{'loss': 3.0215, 'grad_norm': 0.2405814528465271, 'learning_rate': 0.0005931027910192175, 'epoch': 0.46}
{'loss': 2.9472, 'grad_norm': 0.25025466084480286, 'learning_rate': 0.0005929068059190155, 'epoch': 0.46}
{'loss': 3.1438, 'grad_norm': 0.27347531914711, 'learning_rate': 0.0005927108060329684, 'epoch': 0.46}
{'loss': 2.9617, 'grad_norm': 0.2787644565105438, 'learning_rate': 0.0005925147913922694, 'epoch': 0.46}
{'loss': 3.0819, 'grad_norm': 0.2691347002983093, 'learning_rate': 0.0005923187620281136, 'epoch': 0.46}
{'loss': 3.0205, 'grad_norm': 0.2664414644241333, 'learning_rate': 0.0005921227179716982, 'epoch': 0.46}
{'loss': 2.9435, 'grad_norm': 0.2691176235675812, 'learning_rate': 0.0005919266592542234, 'epoch': 0.46}
{'loss': 2.8854, 'grad_norm': 0.2796015739440918, 'learning_rate': 0.0005917305859068912, 'epoch': 0.46}
{'loss': 2.9837, 'grad_norm': 0.3143825829029083, 'learning_rate': 0.0005915344979609061, 'epoch': 0.46}
{'loss': 3.0399, 'grad_norm': 0.28110644221305847, 'learning_rate': 0.0005913383954474751, 'epoch': 0.46}
{'loss': 2.8922, 'grad_norm': 0.2783766984939575, 'learning_rate': 0.0005911422783978071, 'epoch': 0.46}
{'loss': 2.8762, 'grad_norm': 0.28685462474823, 'learning_rate': 0.0005909461468431135, 'epoch': 0.46}
{'loss': 2.9533, 'grad_norm': 0.2787385880947113, 'learning_rate': 0.0005907500008146082, 'epoch': 0.46}
{'loss': 2.8933, 'grad_norm': 0.2709200084209442, 'learning_rate': 0.0005905538403435073, 'epoch': 0.46}
{'loss': 3.0212, 'grad_norm': 0.30051207542419434, 'learning_rate': 0.0005903576654610293, 'epoch': 0.46}
{'loss': 3.2257, 'grad_norm': 0.2840169668197632, 'learning_rate': 0.0005901614761983945, 'epoch': 0.46}
{'loss': 2.8817, 'grad_norm': 0.2635118067264557, 'learning_rate': 0.000589965272586826, 'epoch': 0.46}
{'loss': 3.0104, 'grad_norm': 0.31527072191238403, 'learning_rate': 0.0005897690546575491, 'epoch': 0.46}
{'loss': 2.9516, 'grad_norm': 0.2687692642211914, 'learning_rate': 0.0005895728224417912, 'epoch': 0.46}
{'loss': 3.0609, 'grad_norm': 0.2833395302295685, 'learning_rate': 0.0005893765759707821, 'epoch': 0.46}
{'loss': 2.982, 'grad_norm': 0.28411412239074707, 'learning_rate': 0.0005891803152757539, 'epoch': 0.46}
{'loss': 2.9866, 'grad_norm': 0.29888200759887695, 'learning_rate': 0.0005889840403879411, 'epoch': 0.46}
{'loss': 2.9533, 'grad_norm': 0.267425537109375, 'learning_rate': 0.0005887877513385799, 'epoch': 0.46}
{'loss': 3.0138, 'grad_norm': 0.2697254419326782, 'learning_rate': 0.0005885914481589091, 'epoch': 0.46}
{'loss': 2.9872, 'grad_norm': 0.27195218205451965, 'learning_rate': 0.0005883951308801701, 'epoch': 0.46}
{'loss': 3.0415, 'grad_norm': 0.25909632444381714, 'learning_rate': 0.0005881987995336063, 'epoch': 0.46}
{'loss': 3.0271, 'grad_norm': 0.2466897964477539, 'learning_rate': 0.0005880024541504628, 'epoch': 0.46}
{'loss': 3.1141, 'grad_norm': 0.24909979104995728, 'learning_rate': 0.0005878060947619876, 'epoch': 0.46}
{'loss': 3.0065, 'grad_norm': 0.25070226192474365, 'learning_rate': 0.0005876097213994306, 'epoch': 0.46}
{'loss': 2.8525, 'grad_norm': 0.2463962286710739, 'learning_rate': 0.0005874133340940446, 'epoch': 0.46}
{'loss': 3.0177, 'grad_norm': 0.2710897624492645, 'learning_rate': 0.0005872169328770835, 'epoch': 0.46}
{'loss': 3.0722, 'grad_norm': 0.24472346901893616, 'learning_rate': 0.000587020517779804, 'epoch': 0.46}
{'loss': 3.0847, 'grad_norm': 0.25929006934165955, 'learning_rate': 0.0005868240888334653, 'epoch': 0.46}
{'loss': 2.9222, 'grad_norm': 0.2374151647090912, 'learning_rate': 0.0005866276460693281, 'epoch': 0.46}
{'loss': 2.8862, 'grad_norm': 0.2636778950691223, 'learning_rate': 0.000586431189518656, 'epoch': 0.46}
{'loss': 2.8953, 'grad_norm': 0.27165675163269043, 'learning_rate': 0.0005862347192127142, 'epoch': 0.46}
{'loss': 2.9635, 'grad_norm': 0.24000492691993713, 'learning_rate': 0.0005860382351827707, 'epoch': 0.46}
{'loss': 3.0056, 'grad_norm': 0.28826144337654114, 'learning_rate': 0.0005858417374600952, 'epoch': 0.46}
{'loss': 2.7975, 'grad_norm': 0.2686588764190674, 'learning_rate': 0.0005856452260759596, 'epoch': 0.46}
{'loss': 3.1573, 'grad_norm': 0.28150129318237305, 'learning_rate': 0.0005854487010616383, 'epoch': 0.46}
{'loss': 2.9929, 'grad_norm': 0.26088643074035645, 'learning_rate': 0.0005852521624484078, 'epoch': 0.46}
{'loss': 3.0296, 'grad_norm': 0.26886293292045593, 'learning_rate': 0.0005850556102675461, 'epoch': 0.46}
{'loss': 3.0156, 'grad_norm': 0.2704257071018219, 'learning_rate': 0.0005848590445503344, 'epoch': 0.46}
{'loss': 3.1541, 'grad_norm': 0.2525453567504883, 'learning_rate': 0.0005846624653280557, 'epoch': 0.46}
{'loss': 2.944, 'grad_norm': 0.29001346230506897, 'learning_rate': 0.0005844658726319944, 'epoch': 0.46}
{'loss': 3.0893, 'grad_norm': 0.27292919158935547, 'learning_rate': 0.0005842692664934379, 'epoch': 0.46}
{'loss': 3.1288, 'grad_norm': 0.2745950520038605, 'learning_rate': 0.0005840726469436758, 'epoch': 0.46}
{'loss': 2.9571, 'grad_norm': 0.2713286280632019, 'learning_rate': 0.0005838760140139993, 'epoch': 0.46}
{'loss': 2.8527, 'grad_norm': 0.25502440333366394, 'learning_rate': 0.0005836793677357016, 'epoch': 0.46}
{'loss': 3.0243, 'grad_norm': 0.2680298984050751, 'learning_rate': 0.000583482708140079, 'epoch': 0.46}
{'loss': 2.8579, 'grad_norm': 0.26893192529678345, 'learning_rate': 0.0005832860352584288, 'epoch': 0.46}
{'loss': 2.8498, 'grad_norm': 0.2650721073150635, 'learning_rate': 0.0005830893491220513, 'epoch': 0.46}
{'loss': 2.9606, 'grad_norm': 0.2665601968765259, 'learning_rate': 0.0005828926497622483, 'epoch': 0.46}
{'loss': 2.9861, 'grad_norm': 0.27942174673080444, 'learning_rate': 0.0005826959372103239, 'epoch': 0.46}
{'loss': 2.8951, 'grad_norm': 0.263943612575531, 'learning_rate': 0.0005824992114975844, 'epoch': 0.46}
{'loss': 2.9723, 'grad_norm': 0.2681330144405365, 'learning_rate': 0.0005823024726553382, 'epoch': 0.46}
{'loss': 2.9584, 'grad_norm': 0.2925662398338318, 'learning_rate': 0.0005821057207148955, 'epoch': 0.46}
{'loss': 3.0253, 'grad_norm': 0.29536429047584534, 'learning_rate': 0.0005819089557075689, 'epoch': 0.46}
{'loss': 2.9488, 'grad_norm': 0.27524223923683167, 'learning_rate': 0.000581712177664673, 'epoch': 0.46}
{'loss': 2.9464, 'grad_norm': 0.2723326086997986, 'learning_rate': 0.0005815153866175245, 'epoch': 0.46}
{'loss': 2.8814, 'grad_norm': 0.2965433895587921, 'learning_rate': 0.0005813185825974419, 'epoch': 0.46}
{'loss': 3.0247, 'grad_norm': 0.2838943302631378, 'learning_rate': 0.0005811217656357461, 'epoch': 0.46}
{'loss': 2.9556, 'grad_norm': 0.2536754608154297, 'learning_rate': 0.00058092493576376, 'epoch': 0.46}
{'loss': 2.8911, 'grad_norm': 0.2616664171218872, 'learning_rate': 0.0005807280930128085, 'epoch': 0.46}
{'loss': 2.9674, 'grad_norm': 0.3074859082698822, 'learning_rate': 0.0005805312374142185, 'epoch': 0.47}
{'loss': 2.9506, 'grad_norm': 0.264939546585083, 'learning_rate': 0.0005803343689993189, 'epoch': 0.47}
{'loss': 2.9299, 'grad_norm': 0.28378531336784363, 'learning_rate': 0.000580137487799441, 'epoch': 0.47}
{'loss': 3.01, 'grad_norm': 0.28087499737739563, 'learning_rate': 0.0005799405938459175, 'epoch': 0.47}
{'loss': 2.9137, 'grad_norm': 0.261524498462677, 'learning_rate': 0.0005797436871700837, 'epoch': 0.47}
{'loss': 3.0841, 'grad_norm': 0.2727210223674774, 'learning_rate': 0.0005795467678032768, 'epoch': 0.47}
{'loss': 2.9268, 'grad_norm': 0.25310200452804565, 'learning_rate': 0.0005793498357768356, 'epoch': 0.47}
{'loss': 3.0184, 'grad_norm': 0.2656180262565613, 'learning_rate': 0.0005791528911221017, 'epoch': 0.47}
{'loss': 3.0165, 'grad_norm': 0.2511897087097168, 'learning_rate': 0.000578955933870418, 'epoch': 0.47}
{'loss': 3.0293, 'grad_norm': 0.2520972788333893, 'learning_rate': 0.0005787589640531297, 'epoch': 0.47}
{'loss': 3.0251, 'grad_norm': 0.2609567940235138, 'learning_rate': 0.000578561981701584, 'epoch': 0.47}
{'loss': 2.9518, 'grad_norm': 0.26093485951423645, 'learning_rate': 0.0005783649868471299, 'epoch': 0.47}
{'loss': 3.0379, 'grad_norm': 0.2643686830997467, 'learning_rate': 0.0005781679795211189, 'epoch': 0.47}
{'loss': 3.0578, 'grad_norm': 0.27074137330055237, 'learning_rate': 0.0005779709597549036, 'epoch': 0.47}
{'loss': 3.0191, 'grad_norm': 0.2900889813899994, 'learning_rate': 0.0005777739275798397, 'epoch': 0.47}
{'loss': 3.0, 'grad_norm': 0.2739409804344177, 'learning_rate': 0.0005775768830272841, 'epoch': 0.47}
{'loss': 3.0212, 'grad_norm': 0.27388450503349304, 'learning_rate': 0.0005773798261285957, 'epoch': 0.47}
{'loss': 2.949, 'grad_norm': 0.2635142207145691, 'learning_rate': 0.0005771827569151357, 'epoch': 0.47}
{'loss': 2.9705, 'grad_norm': 0.2793646454811096, 'learning_rate': 0.0005769856754182667, 'epoch': 0.47}
{'loss': 3.0995, 'grad_norm': 0.25129175186157227, 'learning_rate': 0.0005767885816693542, 'epoch': 0.47}
{'loss': 2.9633, 'grad_norm': 0.3027023673057556, 'learning_rate': 0.000576591475699765, 'epoch': 0.47}
{'loss': 3.0686, 'grad_norm': 0.2719306945800781, 'learning_rate': 0.0005763943575408675, 'epoch': 0.47}
{'loss': 3.2375, 'grad_norm': 0.27630168199539185, 'learning_rate': 0.0005761972272240327, 'epoch': 0.47}
{'loss': 2.9274, 'grad_norm': 0.27675366401672363, 'learning_rate': 0.0005760000847806337, 'epoch': 0.47}
{'loss': 3.1095, 'grad_norm': 0.27470287680625916, 'learning_rate': 0.0005758029302420446, 'epoch': 0.47}
{'loss': 2.9033, 'grad_norm': 0.2800167500972748, 'learning_rate': 0.0005756057636396422, 'epoch': 0.47}
{'loss': 2.9462, 'grad_norm': 0.26726239919662476, 'learning_rate': 0.0005754085850048046, 'epoch': 0.47}
{'loss': 2.9482, 'grad_norm': 0.27347463369369507, 'learning_rate': 0.000575211394368913, 'epoch': 0.47}
{'loss': 3.0526, 'grad_norm': 0.3010297119617462, 'learning_rate': 0.0005750141917633491, 'epoch': 0.47}
{'loss': 3.0223, 'grad_norm': 0.2653462886810303, 'learning_rate': 0.0005748169772194972, 'epoch': 0.47}
{'loss': 3.1677, 'grad_norm': 0.29311737418174744, 'learning_rate': 0.0005746197507687435, 'epoch': 0.47}
{'loss': 2.9158, 'grad_norm': 0.2729840576648712, 'learning_rate': 0.0005744225124424761, 'epoch': 0.47}
{'loss': 2.9454, 'grad_norm': 0.29501551389694214, 'learning_rate': 0.0005742252622720848, 'epoch': 0.47}
{'loss': 2.9403, 'grad_norm': 0.2673189640045166, 'learning_rate': 0.0005740280002889613, 'epoch': 0.47}
{'loss': 2.8785, 'grad_norm': 0.27253004908561707, 'learning_rate': 0.0005738307265244994, 'epoch': 0.47}
{'loss': 3.035, 'grad_norm': 0.25420665740966797, 'learning_rate': 0.0005736334410100945, 'epoch': 0.47}
{'loss': 2.8932, 'grad_norm': 0.28525903820991516, 'learning_rate': 0.0005734361437771441, 'epoch': 0.47}
{'loss': 3.0532, 'grad_norm': 0.267179399728775, 'learning_rate': 0.0005732388348570475, 'epoch': 0.47}
{'loss': 3.0153, 'grad_norm': 0.2603217661380768, 'learning_rate': 0.0005730415142812059, 'epoch': 0.47}
{'loss': 3.01, 'grad_norm': 0.2608233392238617, 'learning_rate': 0.0005728441820810221, 'epoch': 0.47}
{'loss': 2.9586, 'grad_norm': 0.2760632038116455, 'learning_rate': 0.000572646838287901, 'epoch': 0.47}
{'loss': 2.8325, 'grad_norm': 0.27844560146331787, 'learning_rate': 0.0005724494829332493, 'epoch': 0.47}
{'loss': 2.9271, 'grad_norm': 0.2812395691871643, 'learning_rate': 0.0005722521160484755, 'epoch': 0.47}
{'loss': 2.9771, 'grad_norm': 0.27012938261032104, 'learning_rate': 0.0005720547376649901, 'epoch': 0.47}
{'loss': 3.038, 'grad_norm': 0.2718203663825989, 'learning_rate': 0.0005718573478142051, 'epoch': 0.47}
{'loss': 3.0058, 'grad_norm': 0.3015826344490051, 'learning_rate': 0.0005716599465275347, 'epoch': 0.47}
{'loss': 2.9025, 'grad_norm': 0.2602290213108063, 'learning_rate': 0.0005714625338363947, 'epoch': 0.47}
{'loss': 3.1155, 'grad_norm': 0.2859380543231964, 'learning_rate': 0.0005712651097722023, 'epoch': 0.47}
{'loss': 2.9499, 'grad_norm': 0.25753888487815857, 'learning_rate': 0.0005710676743663776, 'epoch': 0.47}
{'loss': 3.0799, 'grad_norm': 0.27300283312797546, 'learning_rate': 0.0005708702276503418, 'epoch': 0.47}
{'loss': 3.0245, 'grad_norm': 0.27878132462501526, 'learning_rate': 0.0005706727696555175, 'epoch': 0.47}
{'loss': 3.1181, 'grad_norm': 0.2909890413284302, 'learning_rate': 0.0005704753004133298, 'epoch': 0.47}
{'loss': 3.0147, 'grad_norm': 0.27990394830703735, 'learning_rate': 0.0005702778199552054, 'epoch': 0.47}
{'loss': 2.9678, 'grad_norm': 0.26248475909233093, 'learning_rate': 0.0005700803283125729, 'epoch': 0.47}
{'loss': 2.9011, 'grad_norm': 0.27002567052841187, 'learning_rate': 0.0005698828255168623, 'epoch': 0.47}
{'loss': 2.9494, 'grad_norm': 0.2564123868942261, 'learning_rate': 0.0005696853115995054, 'epoch': 0.47}
{'loss': 2.9937, 'grad_norm': 0.2817835807800293, 'learning_rate': 0.0005694877865919363, 'epoch': 0.47}
{'loss': 2.9624, 'grad_norm': 0.2865903675556183, 'learning_rate': 0.0005692902505255905, 'epoch': 0.47}
{'loss': 2.9601, 'grad_norm': 0.2936876714229584, 'learning_rate': 0.000569092703431905, 'epoch': 0.47}
{'loss': 2.8855, 'grad_norm': 0.3810621201992035, 'learning_rate': 0.000568895145342319, 'epoch': 0.47}
{'loss': 2.9583, 'grad_norm': 0.27294912934303284, 'learning_rate': 0.0005686975762882735, 'epoch': 0.47}
{'loss': 2.8468, 'grad_norm': 0.269192099571228, 'learning_rate': 0.0005684999963012108, 'epoch': 0.47}
{'loss': 3.0565, 'grad_norm': 0.2854446768760681, 'learning_rate': 0.0005683024054125751, 'epoch': 0.47}
{'loss': 2.9299, 'grad_norm': 0.28142496943473816, 'learning_rate': 0.0005681048036538126, 'epoch': 0.47}
{'loss': 3.1629, 'grad_norm': 0.2837229073047638, 'learning_rate': 0.0005679071910563708, 'epoch': 0.47}
{'loss': 3.217, 'grad_norm': 0.29903149604797363, 'learning_rate': 0.0005677095676516994, 'epoch': 0.47}
{'loss': 2.9825, 'grad_norm': 0.28449639678001404, 'learning_rate': 0.0005675119334712497, 'epoch': 0.47}
{'loss': 3.0507, 'grad_norm': 0.2724650204181671, 'learning_rate': 0.0005673142885464741, 'epoch': 0.47}
{'loss': 3.0346, 'grad_norm': 0.2721719443798065, 'learning_rate': 0.0005671166329088278, 'epoch': 0.47}
{'loss': 2.8638, 'grad_norm': 0.25166672468185425, 'learning_rate': 0.0005669189665897667, 'epoch': 0.47}
{'loss': 3.07, 'grad_norm': 0.28079062700271606, 'learning_rate': 0.000566721289620749, 'epoch': 0.47}
{'loss': 3.0645, 'grad_norm': 0.2578657567501068, 'learning_rate': 0.0005665236020332342, 'epoch': 0.47}
{'loss': 2.9305, 'grad_norm': 0.28391459584236145, 'learning_rate': 0.000566325903858684, 'epoch': 0.47}
{'loss': 2.9308, 'grad_norm': 0.2585468888282776, 'learning_rate': 0.0005661281951285613, 'epoch': 0.47}
{'loss': 2.9165, 'grad_norm': 0.26627781987190247, 'learning_rate': 0.0005659304758743308, 'epoch': 0.47}
{'loss': 2.8669, 'grad_norm': 0.2769942581653595, 'learning_rate': 0.0005657327461274591, 'epoch': 0.47}
{'loss': 2.8288, 'grad_norm': 0.2781979739665985, 'learning_rate': 0.0005655350059194142, 'epoch': 0.47}
{'loss': 3.1137, 'grad_norm': 0.2692596912384033, 'learning_rate': 0.000565337255281666, 'epoch': 0.47}
{'loss': 2.892, 'grad_norm': 0.2539846897125244, 'learning_rate': 0.0005651394942456858, 'epoch': 0.47}
{'loss': 3.0166, 'grad_norm': 0.27309179306030273, 'learning_rate': 0.0005649417228429468, 'epoch': 0.47}
{'loss': 2.9746, 'grad_norm': 0.2778390944004059, 'learning_rate': 0.0005647439411049234, 'epoch': 0.47}
{'loss': 3.093, 'grad_norm': 0.2874855399131775, 'learning_rate': 0.0005645461490630926, 'epoch': 0.48}
{'loss': 2.9614, 'grad_norm': 0.3079259693622589, 'learning_rate': 0.0005643483467489319, 'epoch': 0.48}
{'loss': 2.9025, 'grad_norm': 0.28040945529937744, 'learning_rate': 0.0005641505341939211, 'epoch': 0.48}
{'loss': 2.9332, 'grad_norm': 0.30284544825553894, 'learning_rate': 0.0005639527114295415, 'epoch': 0.48}
{'loss': 3.0605, 'grad_norm': 0.273661732673645, 'learning_rate': 0.0005637548784872761, 'epoch': 0.48}
{'loss': 2.9838, 'grad_norm': 0.26903945207595825, 'learning_rate': 0.0005635570353986094, 'epoch': 0.48}
{'loss': 2.967, 'grad_norm': 0.2725669741630554, 'learning_rate': 0.0005633591821950273, 'epoch': 0.48}
{'loss': 2.977, 'grad_norm': 0.2866453528404236, 'learning_rate': 0.0005631613189080178, 'epoch': 0.48}
{'loss': 2.8851, 'grad_norm': 0.2705857753753662, 'learning_rate': 0.0005629634455690703, 'epoch': 0.48}
{'loss': 2.9652, 'grad_norm': 0.2699010372161865, 'learning_rate': 0.0005627655622096757, 'epoch': 0.48}
{'loss': 2.9454, 'grad_norm': 0.27746838331222534, 'learning_rate': 0.0005625676688613266, 'epoch': 0.48}
{'loss': 3.0223, 'grad_norm': 0.2814905345439911, 'learning_rate': 0.000562369765555517, 'epoch': 0.48}
{'loss': 2.9593, 'grad_norm': 0.2945460379123688, 'learning_rate': 0.0005621718523237427, 'epoch': 0.48}
{'loss': 2.9905, 'grad_norm': 0.26254281401634216, 'learning_rate': 0.0005619739291975009, 'epoch': 0.48}
{'loss': 3.2614, 'grad_norm': 0.29716458916664124, 'learning_rate': 0.0005617759962082907, 'epoch': 0.48}
{'loss': 2.8952, 'grad_norm': 0.26793530583381653, 'learning_rate': 0.0005615780533876124, 'epoch': 0.48}
{'loss': 3.2105, 'grad_norm': 0.27659663558006287, 'learning_rate': 0.0005613801007669681, 'epoch': 0.48}
{'loss': 3.0909, 'grad_norm': 0.2561895549297333, 'learning_rate': 0.0005611821383778614, 'epoch': 0.48}
{'loss': 3.0137, 'grad_norm': 0.2537272572517395, 'learning_rate': 0.0005609841662517973, 'epoch': 0.48}
{'loss': 2.8136, 'grad_norm': 0.2784402072429657, 'learning_rate': 0.0005607861844202825, 'epoch': 0.48}
{'loss': 2.9335, 'grad_norm': 0.275307834148407, 'learning_rate': 0.0005605881929148253, 'epoch': 0.48}
{'loss': 2.9025, 'grad_norm': 0.282575398683548, 'learning_rate': 0.0005603901917669355, 'epoch': 0.48}
{'loss': 2.9755, 'grad_norm': 0.26630160212516785, 'learning_rate': 0.0005601921810081243, 'epoch': 0.48}
{'loss': 3.029, 'grad_norm': 0.2855568528175354, 'learning_rate': 0.0005599941606699046, 'epoch': 0.48}
{'loss': 3.0124, 'grad_norm': 0.27324366569519043, 'learning_rate': 0.0005597961307837908, 'epoch': 0.48}
{'loss': 2.934, 'grad_norm': 0.2688295543193817, 'learning_rate': 0.0005595980913812986, 'epoch': 0.48}
{'loss': 3.0786, 'grad_norm': 0.2646801173686981, 'learning_rate': 0.0005594000424939456, 'epoch': 0.48}
{'loss': 3.015, 'grad_norm': 0.29795223474502563, 'learning_rate': 0.0005592019841532506, 'epoch': 0.48}
{'loss': 3.1531, 'grad_norm': 0.2981787919998169, 'learning_rate': 0.0005590039163907338, 'epoch': 0.48}
{'loss': 2.7994, 'grad_norm': 0.2729780077934265, 'learning_rate': 0.0005588058392379174, 'epoch': 0.48}
{'loss': 3.068, 'grad_norm': 0.29535332322120667, 'learning_rate': 0.0005586077527263247, 'epoch': 0.48}
{'loss': 2.9684, 'grad_norm': 0.29762524366378784, 'learning_rate': 0.0005584096568874807, 'epoch': 0.48}
{'loss': 3.1463, 'grad_norm': 0.3050305247306824, 'learning_rate': 0.0005582115517529113, 'epoch': 0.48}
{'loss': 3.0599, 'grad_norm': 0.2734988331794739, 'learning_rate': 0.000558013437354145, 'epoch': 0.48}
{'loss': 3.0021, 'grad_norm': 0.27920642495155334, 'learning_rate': 0.0005578153137227109, 'epoch': 0.48}
{'loss': 2.8947, 'grad_norm': 0.2815946936607361, 'learning_rate': 0.0005576171808901396, 'epoch': 0.48}
{'loss': 3.0049, 'grad_norm': 0.3033211827278137, 'learning_rate': 0.0005574190388879633, 'epoch': 0.48}
{'loss': 2.8262, 'grad_norm': 0.27776673436164856, 'learning_rate': 0.0005572208877477159, 'epoch': 0.48}
{'loss': 3.0358, 'grad_norm': 0.29485875368118286, 'learning_rate': 0.0005570227275009329, 'epoch': 0.48}
{'loss': 2.8971, 'grad_norm': 0.2919248044490814, 'learning_rate': 0.0005568245581791504, 'epoch': 0.48}
{'loss': 3.0333, 'grad_norm': 0.30423495173454285, 'learning_rate': 0.0005566263798139065, 'epoch': 0.48}
{'loss': 3.0349, 'grad_norm': 0.2886560559272766, 'learning_rate': 0.0005564281924367408, 'epoch': 0.48}
{'loss': 2.785, 'grad_norm': 0.3033738434314728, 'learning_rate': 0.0005562299960791946, 'epoch': 0.48}
{'loss': 2.9875, 'grad_norm': 0.30084195733070374, 'learning_rate': 0.0005560317907728098, 'epoch': 0.48}
{'loss': 3.0929, 'grad_norm': 0.2997555136680603, 'learning_rate': 0.0005558335765491302, 'epoch': 0.48}
{'loss': 3.0194, 'grad_norm': 0.28000903129577637, 'learning_rate': 0.0005556353534397013, 'epoch': 0.48}
{'loss': 2.9647, 'grad_norm': 0.26755291223526, 'learning_rate': 0.0005554371214760695, 'epoch': 0.48}
{'loss': 2.9107, 'grad_norm': 0.24540650844573975, 'learning_rate': 0.000555238880689783, 'epoch': 0.48}
{'loss': 3.0072, 'grad_norm': 0.28013432025909424, 'learning_rate': 0.0005550406311123911, 'epoch': 0.48}
{'loss': 2.9742, 'grad_norm': 0.2796293795108795, 'learning_rate': 0.0005548423727754447, 'epoch': 0.48}
{'loss': 2.9998, 'grad_norm': 0.2751181423664093, 'learning_rate': 0.000554644105710496, 'epoch': 0.48}
{'loss': 3.1112, 'grad_norm': 0.28607988357543945, 'learning_rate': 0.0005544458299490987, 'epoch': 0.48}
{'loss': 3.1143, 'grad_norm': 0.2729164958000183, 'learning_rate': 0.0005542475455228076, 'epoch': 0.48}
{'loss': 3.0454, 'grad_norm': 0.2615431249141693, 'learning_rate': 0.0005540492524631793, 'epoch': 0.48}
{'loss': 2.8653, 'grad_norm': 0.2725675404071808, 'learning_rate': 0.0005538509508017715, 'epoch': 0.48}
{'loss': 3.0503, 'grad_norm': 0.2814566195011139, 'learning_rate': 0.0005536526405701433, 'epoch': 0.48}
{'loss': 3.0632, 'grad_norm': 0.2785568833351135, 'learning_rate': 0.0005534543217998553, 'epoch': 0.48}
{'loss': 3.0117, 'grad_norm': 0.29340341687202454, 'learning_rate': 0.0005532559945224692, 'epoch': 0.48}
{'loss': 2.9351, 'grad_norm': 0.2569945752620697, 'learning_rate': 0.0005530576587695481, 'epoch': 0.48}
{'loss': 2.969, 'grad_norm': 0.2612333297729492, 'learning_rate': 0.0005528593145726568, 'epoch': 0.48}
{'loss': 2.939, 'grad_norm': 0.2643511891365051, 'learning_rate': 0.0005526609619633612, 'epoch': 0.48}
{'loss': 2.8538, 'grad_norm': 0.2616845369338989, 'learning_rate': 0.0005524626009732282, 'epoch': 0.48}
{'loss': 3.0531, 'grad_norm': 0.25938141345977783, 'learning_rate': 0.0005522642316338268, 'epoch': 0.48}
{'loss': 2.8634, 'grad_norm': 0.25046512484550476, 'learning_rate': 0.0005520658539767266, 'epoch': 0.48}
{'loss': 2.9108, 'grad_norm': 0.30186009407043457, 'learning_rate': 0.0005518674680334989, 'epoch': 0.48}
{'loss': 3.052, 'grad_norm': 0.28309136629104614, 'learning_rate': 0.0005516690738357163, 'epoch': 0.48}
{'loss': 2.8973, 'grad_norm': 0.2823292911052704, 'learning_rate': 0.0005514706714149526, 'epoch': 0.48}
{'loss': 3.0611, 'grad_norm': 0.2777232825756073, 'learning_rate': 0.0005512722608027829, 'epoch': 0.48}
{'loss': 2.9951, 'grad_norm': 0.2678667902946472, 'learning_rate': 0.000551073842030784, 'epoch': 0.48}
{'loss': 2.977, 'grad_norm': 0.2646157443523407, 'learning_rate': 0.0005508754151305332, 'epoch': 0.48}
{'loss': 3.0191, 'grad_norm': 0.2964889407157898, 'learning_rate': 0.0005506769801336096, 'epoch': 0.48}
{'loss': 2.8236, 'grad_norm': 0.2820630371570587, 'learning_rate': 0.000550478537071594, 'epoch': 0.48}
{'loss': 3.0649, 'grad_norm': 0.27573418617248535, 'learning_rate': 0.0005502800859760676, 'epoch': 0.48}
{'loss': 2.8961, 'grad_norm': 0.28678420186042786, 'learning_rate': 0.0005500816268786134, 'epoch': 0.48}
{'loss': 2.889, 'grad_norm': 0.2660374045372009, 'learning_rate': 0.0005498831598108157, 'epoch': 0.48}
{'loss': 3.043, 'grad_norm': 0.2956028878688812, 'learning_rate': 0.0005496846848042598, 'epoch': 0.48}
{'loss': 2.8959, 'grad_norm': 0.27558794617652893, 'learning_rate': 0.0005494862018905326, 'epoch': 0.48}
{'loss': 2.9527, 'grad_norm': 0.2851231098175049, 'learning_rate': 0.0005492877111012218, 'epoch': 0.48}
{'loss': 2.9604, 'grad_norm': 0.2683525085449219, 'learning_rate': 0.0005490892124679167, 'epoch': 0.48}
{'loss': 2.9345, 'grad_norm': 0.2756226062774658, 'learning_rate': 0.0005488907060222082, 'epoch': 0.48}
{'loss': 2.9413, 'grad_norm': 0.25933128595352173, 'learning_rate': 0.0005486921917956874, 'epoch': 0.48}
{'loss': 2.9657, 'grad_norm': 0.27889904379844666, 'learning_rate': 0.0005484936698199476, 'epoch': 0.49}
{'loss': 2.9802, 'grad_norm': 0.29266300797462463, 'learning_rate': 0.0005482951401265829, 'epoch': 0.49}
{'loss': 3.0631, 'grad_norm': 0.27333971858024597, 'learning_rate': 0.0005480966027471888, 'epoch': 0.49}
{'loss': 3.2258, 'grad_norm': 0.2805340588092804, 'learning_rate': 0.0005478980577133619, 'epoch': 0.49}
{'loss': 3.059, 'grad_norm': 0.26305416226387024, 'learning_rate': 0.0005476995050566999, 'epoch': 0.49}
{'loss': 3.0081, 'grad_norm': 0.27033498883247375, 'learning_rate': 0.0005475009448088021, 'epoch': 0.49}
{'loss': 3.0275, 'grad_norm': 0.29390162229537964, 'learning_rate': 0.0005473023770012686, 'epoch': 0.49}
{'loss': 2.9964, 'grad_norm': 0.261913925409317, 'learning_rate': 0.000547103801665701, 'epoch': 0.49}
{'loss': 2.9617, 'grad_norm': 0.28569793701171875, 'learning_rate': 0.0005469052188337019, 'epoch': 0.49}
{'loss': 2.9541, 'grad_norm': 0.28335651755332947, 'learning_rate': 0.0005467066285368753, 'epoch': 0.49}
{'loss': 2.8629, 'grad_norm': 0.27902013063430786, 'learning_rate': 0.0005465080308068261, 'epoch': 0.49}
{'loss': 2.9545, 'grad_norm': 0.26070207357406616, 'learning_rate': 0.0005463094256751607, 'epoch': 0.49}
{'loss': 2.8121, 'grad_norm': 0.2618185877799988, 'learning_rate': 0.0005461108131734866, 'epoch': 0.49}
{'loss': 2.9314, 'grad_norm': 0.2620104253292084, 'learning_rate': 0.0005459121933334118, 'epoch': 0.49}
{'loss': 2.9062, 'grad_norm': 0.2709893584251404, 'learning_rate': 0.0005457135661865467, 'epoch': 0.49}
{'loss': 3.1208, 'grad_norm': 0.2560485303401947, 'learning_rate': 0.0005455149317645021, 'epoch': 0.49}
{'loss': 3.0152, 'grad_norm': 0.2699283957481384, 'learning_rate': 0.0005453162900988901, 'epoch': 0.49}
{'loss': 2.9657, 'grad_norm': 0.30546072125434875, 'learning_rate': 0.0005451176412213238, 'epoch': 0.49}
{'loss': 2.8518, 'grad_norm': 0.27681592106819153, 'learning_rate': 0.0005449189851634176, 'epoch': 0.49}
{'loss': 3.0616, 'grad_norm': 0.29893752932548523, 'learning_rate': 0.0005447203219567869, 'epoch': 0.49}
{'loss': 2.9486, 'grad_norm': 0.2756933867931366, 'learning_rate': 0.0005445216516330488, 'epoch': 0.49}
{'loss': 2.9975, 'grad_norm': 0.2784578502178192, 'learning_rate': 0.0005443229742238207, 'epoch': 0.49}
{'loss': 3.0379, 'grad_norm': 0.29606977105140686, 'learning_rate': 0.0005441242897607215, 'epoch': 0.49}
{'loss': 2.9023, 'grad_norm': 0.27976980805397034, 'learning_rate': 0.0005439255982753717, 'epoch': 0.49}
{'loss': 2.912, 'grad_norm': 0.26384004950523376, 'learning_rate': 0.0005437268997993919, 'epoch': 0.49}
{'loss': 3.0241, 'grad_norm': 0.2725917398929596, 'learning_rate': 0.0005435281943644048, 'epoch': 0.49}
{'loss': 3.1175, 'grad_norm': 0.24758249521255493, 'learning_rate': 0.0005433294820020335, 'epoch': 0.49}
{'loss': 2.9945, 'grad_norm': 0.2866755425930023, 'learning_rate': 0.0005431307627439027, 'epoch': 0.49}
{'loss': 2.8822, 'grad_norm': 0.2977965176105499, 'learning_rate': 0.0005429320366216379, 'epoch': 0.49}
{'loss': 2.9754, 'grad_norm': 0.27303674817085266, 'learning_rate': 0.0005427333036668658, 'epoch': 0.49}
{'loss': 3.0716, 'grad_norm': 0.2448992282152176, 'learning_rate': 0.0005425345639112141, 'epoch': 0.49}
{'loss': 2.8401, 'grad_norm': 0.2575790584087372, 'learning_rate': 0.0005423358173863116, 'epoch': 0.49}
{'loss': 2.9262, 'grad_norm': 0.26421910524368286, 'learning_rate': 0.0005421370641237885, 'epoch': 0.49}
{'loss': 3.0282, 'grad_norm': 0.27674829959869385, 'learning_rate': 0.0005419383041552755, 'epoch': 0.49}
{'loss': 2.9272, 'grad_norm': 0.266422301530838, 'learning_rate': 0.0005417395375124048, 'epoch': 0.49}
{'loss': 3.1137, 'grad_norm': 0.25923851132392883, 'learning_rate': 0.0005415407642268094, 'epoch': 0.49}
{'loss': 3.0443, 'grad_norm': 0.27758634090423584, 'learning_rate': 0.0005413419843301237, 'epoch': 0.49}
{'loss': 3.0144, 'grad_norm': 0.28768789768218994, 'learning_rate': 0.0005411431978539828, 'epoch': 0.49}
{'loss': 2.8827, 'grad_norm': 0.27822452783584595, 'learning_rate': 0.000540944404830023, 'epoch': 0.49}
{'loss': 2.9439, 'grad_norm': 0.28566503524780273, 'learning_rate': 0.0005407456052898816, 'epoch': 0.49}
{'loss': 2.95, 'grad_norm': 0.26159653067588806, 'learning_rate': 0.000540546799265197, 'epoch': 0.49}
{'loss': 3.0407, 'grad_norm': 0.28512343764305115, 'learning_rate': 0.0005403479867876087, 'epoch': 0.49}
{'loss': 3.094, 'grad_norm': 0.26395902037620544, 'learning_rate': 0.0005401491678887569, 'epoch': 0.49}
{'loss': 3.0091, 'grad_norm': 0.2824447751045227, 'learning_rate': 0.0005399503426002831, 'epoch': 0.49}
{'loss': 3.0352, 'grad_norm': 0.2589699327945709, 'learning_rate': 0.0005397515109538299, 'epoch': 0.49}
{'loss': 2.9733, 'grad_norm': 0.2933017909526825, 'learning_rate': 0.0005395526729810407, 'epoch': 0.49}
{'loss': 2.9989, 'grad_norm': 0.29472652077674866, 'learning_rate': 0.00053935382871356, 'epoch': 0.49}
{'loss': 3.014, 'grad_norm': 0.2674850821495056, 'learning_rate': 0.000539154978183033, 'epoch': 0.49}
{'loss': 2.8653, 'grad_norm': 0.2852953374385834, 'learning_rate': 0.0005389561214211065, 'epoch': 0.49}
{'loss': 3.027, 'grad_norm': 0.2695896029472351, 'learning_rate': 0.0005387572584594282, 'epoch': 0.49}
{'loss': 2.9288, 'grad_norm': 0.2857930660247803, 'learning_rate': 0.0005385583893296458, 'epoch': 0.49}
{'loss': 3.1188, 'grad_norm': 0.2737119495868683, 'learning_rate': 0.0005383595140634093, 'epoch': 0.49}
{'loss': 3.0323, 'grad_norm': 0.26664993166923523, 'learning_rate': 0.0005381606326923691, 'epoch': 0.49}
{'loss': 2.9397, 'grad_norm': 0.2605905532836914, 'learning_rate': 0.0005379617452481764, 'epoch': 0.49}
{'loss': 2.9591, 'grad_norm': 0.2538449764251709, 'learning_rate': 0.0005377628517624838, 'epoch': 0.49}
{'loss': 3.131, 'grad_norm': 0.28783583641052246, 'learning_rate': 0.0005375639522669441, 'epoch': 0.49}
{'loss': 2.9476, 'grad_norm': 0.26197928190231323, 'learning_rate': 0.0005373650467932121, 'epoch': 0.49}
{'loss': 2.9896, 'grad_norm': 0.26684990525245667, 'learning_rate': 0.0005371661353729429, 'epoch': 0.49}
{'loss': 3.0091, 'grad_norm': 0.2543571889400482, 'learning_rate': 0.0005369672180377925, 'epoch': 0.49}
{'loss': 2.9235, 'grad_norm': 0.27406540513038635, 'learning_rate': 0.000536768294819418, 'epoch': 0.49}
{'loss': 2.8968, 'grad_norm': 0.284171998500824, 'learning_rate': 0.0005365693657494779, 'epoch': 0.49}
{'loss': 2.951, 'grad_norm': 0.27177998423576355, 'learning_rate': 0.0005363704308596305, 'epoch': 0.49}
{'loss': 3.0966, 'grad_norm': 0.2720927596092224, 'learning_rate': 0.0005361714901815362, 'epoch': 0.49}
{'loss': 2.8663, 'grad_norm': 0.27670928835868835, 'learning_rate': 0.0005359725437468556, 'epoch': 0.49}
{'loss': 3.0414, 'grad_norm': 0.255843847990036, 'learning_rate': 0.0005357735915872505, 'epoch': 0.49}
{'loss': 2.9032, 'grad_norm': 0.2763209939002991, 'learning_rate': 0.0005355746337343836, 'epoch': 0.49}
{'loss': 2.9324, 'grad_norm': 0.24685020744800568, 'learning_rate': 0.0005353756702199181, 'epoch': 0.49}
{'loss': 2.9764, 'grad_norm': 0.2574595808982849, 'learning_rate': 0.0005351767010755191, 'epoch': 0.49}
{'loss': 2.9196, 'grad_norm': 0.2836221754550934, 'learning_rate': 0.0005349777263328515, 'epoch': 0.49}
{'loss': 3.0389, 'grad_norm': 0.2925618588924408, 'learning_rate': 0.0005347787460235816, 'epoch': 0.49}
{'loss': 3.0728, 'grad_norm': 0.28442633152008057, 'learning_rate': 0.0005345797601793767, 'epoch': 0.49}
{'loss': 2.9841, 'grad_norm': 0.3099350333213806, 'learning_rate': 0.0005343807688319047, 'epoch': 0.49}
{'loss': 2.9057, 'grad_norm': 0.2938731610774994, 'learning_rate': 0.0005341817720128343, 'epoch': 0.49}
{'loss': 2.97, 'grad_norm': 0.23847880959510803, 'learning_rate': 0.0005339827697538357, 'epoch': 0.49}
{'loss': 2.9189, 'grad_norm': 0.2633822560310364, 'learning_rate': 0.0005337837620865791, 'epoch': 0.49}
{'loss': 3.0636, 'grad_norm': 0.2845134735107422, 'learning_rate': 0.0005335847490427364, 'epoch': 0.49}
{'loss': 2.94, 'grad_norm': 0.2989819049835205, 'learning_rate': 0.0005333857306539793, 'epoch': 0.49}
{'loss': 3.0241, 'grad_norm': 0.28876200318336487, 'learning_rate': 0.0005331867069519816, 'epoch': 0.49}
{'loss': 3.053, 'grad_norm': 0.2986433804035187, 'learning_rate': 0.0005329876779684171, 'epoch': 0.49}
{'loss': 3.1299, 'grad_norm': 0.26767122745513916, 'learning_rate': 0.0005327886437349608, 'epoch': 0.49}
{'loss': 3.0657, 'grad_norm': 0.29122740030288696, 'learning_rate': 0.0005325896042832882, 'epoch': 0.49}
{'loss': 3.0752, 'grad_norm': 0.2638668715953827, 'learning_rate': 0.0005323905596450759, 'epoch': 0.49}
{'loss': 3.0759, 'grad_norm': 0.27947962284088135, 'learning_rate': 0.0005321915098520014, 'epoch': 0.5}
{'loss': 3.0231, 'grad_norm': 0.2506435215473175, 'learning_rate': 0.000531992454935743, 'epoch': 0.5}
{'loss': 3.0238, 'grad_norm': 0.28801780939102173, 'learning_rate': 0.0005317933949279792, 'epoch': 0.5}
{'loss': 2.9683, 'grad_norm': 0.27765223383903503, 'learning_rate': 0.0005315943298603902, 'epoch': 0.5}
{'loss': 2.9541, 'grad_norm': 0.271781325340271, 'learning_rate': 0.0005313952597646568, 'epoch': 0.5}
{'loss': 3.1032, 'grad_norm': 0.2836061418056488, 'learning_rate': 0.00053119618467246, 'epoch': 0.5}
{'loss': 3.0684, 'grad_norm': 0.2530634105205536, 'learning_rate': 0.000530997104615482, 'epoch': 0.5}
{'loss': 2.991, 'grad_norm': 0.25464940071105957, 'learning_rate': 0.0005307980196254062, 'epoch': 0.5}
{'loss': 2.8556, 'grad_norm': 0.26423171162605286, 'learning_rate': 0.0005305989297339163, 'epoch': 0.5}
{'loss': 2.8503, 'grad_norm': 0.28990304470062256, 'learning_rate': 0.0005303998349726966, 'epoch': 0.5}
{'loss': 2.9213, 'grad_norm': 0.2831941545009613, 'learning_rate': 0.0005302007353734326, 'epoch': 0.5}
{'loss': 2.9943, 'grad_norm': 0.29009249806404114, 'learning_rate': 0.0005300016309678104, 'epoch': 0.5}
{'loss': 3.0963, 'grad_norm': 0.29380762577056885, 'learning_rate': 0.000529802521787517, 'epoch': 0.5}
{'loss': 2.996, 'grad_norm': 0.2626684904098511, 'learning_rate': 0.0005296034078642398, 'epoch': 0.5}
{'loss': 2.9, 'grad_norm': 0.2671600878238678, 'learning_rate': 0.0005294042892296675, 'epoch': 0.5}
{'loss': 2.9914, 'grad_norm': 0.290558785200119, 'learning_rate': 0.0005292051659154889, 'epoch': 0.5}
{'loss': 2.9881, 'grad_norm': 0.2643068730831146, 'learning_rate': 0.0005290060379533941, 'epoch': 0.5}
{'loss': 3.0882, 'grad_norm': 0.3162890076637268, 'learning_rate': 0.0005288069053750737, 'epoch': 0.5}
{'loss': 3.0568, 'grad_norm': 0.2523520886898041, 'learning_rate': 0.0005286077682122192, 'epoch': 0.5}
{'loss': 3.0461, 'grad_norm': 0.29153305292129517, 'learning_rate': 0.0005284086264965224, 'epoch': 0.5}
{'loss': 2.9399, 'grad_norm': 0.25901755690574646, 'learning_rate': 0.0005282094802596763, 'epoch': 0.5}
{'loss': 3.118, 'grad_norm': 0.29146280884742737, 'learning_rate': 0.0005280103295333743, 'epoch': 0.5}
{'loss': 2.9631, 'grad_norm': 0.2744845151901245, 'learning_rate': 0.0005278111743493109, 'epoch': 0.5}
{'loss': 3.0269, 'grad_norm': 0.2597489356994629, 'learning_rate': 0.000527612014739181, 'epoch': 0.5}
{'loss': 2.938, 'grad_norm': 0.27601203322410583, 'learning_rate': 0.0005274128507346801, 'epoch': 0.5}
{'loss': 3.0537, 'grad_norm': 0.2661040425300598, 'learning_rate': 0.0005272136823675045, 'epoch': 0.5}
{'loss': 2.9089, 'grad_norm': 0.25829726457595825, 'learning_rate': 0.0005270145096693517, 'epoch': 0.5}
{'loss': 3.0147, 'grad_norm': 0.26544129848480225, 'learning_rate': 0.0005268153326719189, 'epoch': 0.5}
{'loss': 2.8323, 'grad_norm': 0.2790180742740631, 'learning_rate': 0.000526616151406905, 'epoch': 0.5}
{'loss': 2.9439, 'grad_norm': 0.25751811265945435, 'learning_rate': 0.0005264169659060088, 'epoch': 0.5}
{'loss': 2.9426, 'grad_norm': 0.2815285325050354, 'learning_rate': 0.0005262177762009303, 'epoch': 0.5}
{'loss': 3.0349, 'grad_norm': 0.26920461654663086, 'learning_rate': 0.0005260185823233696, 'epoch': 0.5}
{'loss': 2.896, 'grad_norm': 0.25449901819229126, 'learning_rate': 0.0005258193843050283, 'epoch': 0.5}
{'loss': 3.0645, 'grad_norm': 0.28705617785453796, 'learning_rate': 0.000525620182177608, 'epoch': 0.5}
{'loss': 3.0105, 'grad_norm': 0.2680581510066986, 'learning_rate': 0.0005254209759728109, 'epoch': 0.5}
{'loss': 3.0054, 'grad_norm': 0.2653150260448456, 'learning_rate': 0.0005252217657223402, 'epoch': 0.5}
{'loss': 3.022, 'grad_norm': 0.24202947318553925, 'learning_rate': 0.0005250225514578998, 'epoch': 0.5}
{'loss': 3.0275, 'grad_norm': 0.2534404695034027, 'learning_rate': 0.0005248233332111941, 'epoch': 0.5}
{'loss': 3.0578, 'grad_norm': 0.250643789768219, 'learning_rate': 0.0005246241110139278, 'epoch': 0.5}
{'loss': 3.061, 'grad_norm': 0.33245640993118286, 'learning_rate': 0.0005244248848978067, 'epoch': 0.5}
{'loss': 3.008, 'grad_norm': 0.25523489713668823, 'learning_rate': 0.0005242256548945368, 'epoch': 0.5}
{'loss': 3.0527, 'grad_norm': 0.2696596086025238, 'learning_rate': 0.0005240264210358257, 'epoch': 0.5}
{'loss': 3.0258, 'grad_norm': 0.26192840933799744, 'learning_rate': 0.0005238271833533799, 'epoch': 0.5}
{'loss': 3.0561, 'grad_norm': 0.26076996326446533, 'learning_rate': 0.0005236279418789082, 'epoch': 0.5}
{'loss': 2.9582, 'grad_norm': 0.28292059898376465, 'learning_rate': 0.0005234286966441191, 'epoch': 0.5}
{'loss': 2.8674, 'grad_norm': 0.2760777175426483, 'learning_rate': 0.0005232294476807218, 'epoch': 0.5}
{'loss': 3.0478, 'grad_norm': 0.2946450114250183, 'learning_rate': 0.0005230301950204262, 'epoch': 0.5}
{'loss': 2.9386, 'grad_norm': 0.26748931407928467, 'learning_rate': 0.0005228309386949428, 'epoch': 0.5}
{'loss': 2.9235, 'grad_norm': 0.28971779346466064, 'learning_rate': 0.0005226316787359827, 'epoch': 0.5}
{'loss': 2.9542, 'grad_norm': 0.2816286087036133, 'learning_rate': 0.0005224324151752575, 'epoch': 0.5}
{'loss': 2.9295, 'grad_norm': 0.2823876738548279, 'learning_rate': 0.0005222331480444794, 'epoch': 0.5}
{'loss': 2.95, 'grad_norm': 0.2740325927734375, 'learning_rate': 0.0005220338773753613, 'epoch': 0.5}
{'loss': 3.0374, 'grad_norm': 0.2945641577243805, 'learning_rate': 0.0005218346031996164, 'epoch': 0.5}
{'loss': 2.8844, 'grad_norm': 0.2937932014465332, 'learning_rate': 0.0005216353255489586, 'epoch': 0.5}
{'loss': 2.9699, 'grad_norm': 0.2887328863143921, 'learning_rate': 0.0005214360444551024, 'epoch': 0.5}
{'loss': 3.1393, 'grad_norm': 0.2859410345554352, 'learning_rate': 0.0005212367599497628, 'epoch': 0.5}
{'loss': 2.8441, 'grad_norm': 0.27075356245040894, 'learning_rate': 0.0005210374720646553, 'epoch': 0.5}
{'loss': 2.8053, 'grad_norm': 0.2650463879108429, 'learning_rate': 0.0005208381808314961, 'epoch': 0.5}
{'loss': 2.8383, 'grad_norm': 0.27501338720321655, 'learning_rate': 0.0005206388862820015, 'epoch': 0.5}
{'loss': 2.9153, 'grad_norm': 0.28284281492233276, 'learning_rate': 0.0005204395884478892, 'epoch': 0.5}
{'loss': 3.026, 'grad_norm': 0.27287954092025757, 'learning_rate': 0.0005202402873608762, 'epoch': 0.5}
{'loss': 2.9376, 'grad_norm': 0.2880030572414398, 'learning_rate': 0.0005200409830526812, 'epoch': 0.5}
{'loss': 2.9243, 'grad_norm': 0.30074167251586914, 'learning_rate': 0.0005198416755550227, 'epoch': 0.5}
{'loss': 2.87, 'grad_norm': 0.27432090044021606, 'learning_rate': 0.00051964236489962, 'epoch': 0.5}
{'loss': 3.0611, 'grad_norm': 0.2813108563423157, 'learning_rate': 0.0005194430511181924, 'epoch': 0.5}
{'loss': 2.9887, 'grad_norm': 0.28291600942611694, 'learning_rate': 0.0005192437342424607, 'epoch': 0.5}
{'loss': 3.1135, 'grad_norm': 0.2930701673030853, 'learning_rate': 0.0005190444143041453, 'epoch': 0.5}
{'loss': 3.0505, 'grad_norm': 0.2698620855808258, 'learning_rate': 0.0005188450913349674, 'epoch': 0.5}
{'loss': 2.9239, 'grad_norm': 0.2924720048904419, 'learning_rate': 0.0005186457653666485, 'epoch': 0.5}
{'loss': 3.0974, 'grad_norm': 0.27107152342796326, 'learning_rate': 0.0005184464364309109, 'epoch': 0.5}
{'loss': 2.9275, 'grad_norm': 0.23573483526706696, 'learning_rate': 0.0005182471045594774, 'epoch': 0.5}
{'loss': 2.7566, 'grad_norm': 0.2704724371433258, 'learning_rate': 0.0005180477697840708, 'epoch': 0.5}
{'loss': 3.1163, 'grad_norm': 0.2955562174320221, 'learning_rate': 0.0005178484321364147, 'epoch': 0.5}
{'loss': 2.9702, 'grad_norm': 0.2520360052585602, 'learning_rate': 0.0005176490916482331, 'epoch': 0.5}
{'loss': 3.0117, 'grad_norm': 0.27303627133369446, 'learning_rate': 0.0005174497483512506, 'epoch': 0.5}
{'loss': 3.0603, 'grad_norm': 0.266327440738678, 'learning_rate': 0.0005172504022771919, 'epoch': 0.5}
{'loss': 3.0939, 'grad_norm': 0.25303220748901367, 'learning_rate': 0.0005170510534577824, 'epoch': 0.5}
{'loss': 2.9129, 'grad_norm': 0.25775018334388733, 'learning_rate': 0.000516851701924748, 'epoch': 0.5}
{'loss': 2.9712, 'grad_norm': 0.26026004552841187, 'learning_rate': 0.0005166523477098148, 'epoch': 0.5}
{'loss': 3.0344, 'grad_norm': 0.25630345940589905, 'learning_rate': 0.0005164529908447093, 'epoch': 0.5}
{'loss': 2.8864, 'grad_norm': 0.2355583906173706, 'learning_rate': 0.0005162536313611589, 'epoch': 0.5}
{'loss': 3.1821, 'grad_norm': 0.25924721360206604, 'learning_rate': 0.0005160542692908909, 'epoch': 0.51}
{'loss': 2.8634, 'grad_norm': 0.28535574674606323, 'learning_rate': 0.000515854904665633, 'epoch': 0.51}
{'loss': 2.9176, 'grad_norm': 0.28790199756622314, 'learning_rate': 0.0005156555375171138, 'epoch': 0.51}
{'loss': 2.8601, 'grad_norm': 0.3042064309120178, 'learning_rate': 0.0005154561678770618, 'epoch': 0.51}
{'loss': 3.1793, 'grad_norm': 0.26046326756477356, 'learning_rate': 0.0005152567957772061, 'epoch': 0.51}
{'loss': 2.9542, 'grad_norm': 0.2717724144458771, 'learning_rate': 0.0005150574212492763, 'epoch': 0.51}
{'loss': 2.8544, 'grad_norm': 0.2599838674068451, 'learning_rate': 0.0005148580443250023, 'epoch': 0.51}
{'loss': 3.0402, 'grad_norm': 0.28015148639678955, 'learning_rate': 0.0005146586650361143, 'epoch': 0.51}
{'loss': 2.9494, 'grad_norm': 0.30309516191482544, 'learning_rate': 0.0005144592834143427, 'epoch': 0.51}
{'loss': 2.9072, 'grad_norm': 0.2678603529930115, 'learning_rate': 0.0005142598994914187, 'epoch': 0.51}
{'loss': 2.9578, 'grad_norm': 0.27710503339767456, 'learning_rate': 0.0005140605132990737, 'epoch': 0.51}
{'loss': 2.9348, 'grad_norm': 0.26325783133506775, 'learning_rate': 0.0005138611248690395, 'epoch': 0.51}
{'loss': 3.0304, 'grad_norm': 0.27170056104660034, 'learning_rate': 0.0005136617342330477, 'epoch': 0.51}
{'loss': 3.0505, 'grad_norm': 0.26913920044898987, 'learning_rate': 0.0005134623414228314, 'epoch': 0.51}
{'loss': 2.9316, 'grad_norm': 0.25433874130249023, 'learning_rate': 0.000513262946470123, 'epoch': 0.51}
{'loss': 2.919, 'grad_norm': 0.2859553396701813, 'learning_rate': 0.0005130635494066558, 'epoch': 0.51}
{'loss': 2.975, 'grad_norm': 0.2611629068851471, 'learning_rate': 0.000512864150264163, 'epoch': 0.51}
{'loss': 2.8791, 'grad_norm': 0.2714231312274933, 'learning_rate': 0.0005126647490743784, 'epoch': 0.51}
{'loss': 2.9895, 'grad_norm': 0.2703912556171417, 'learning_rate': 0.0005124653458690365, 'epoch': 0.51}
{'loss': 3.1159, 'grad_norm': 0.2566111385822296, 'learning_rate': 0.0005122659406798714, 'epoch': 0.51}
{'loss': 3.0622, 'grad_norm': 0.26340773701667786, 'learning_rate': 0.0005120665335386178, 'epoch': 0.51}
{'loss': 2.9415, 'grad_norm': 0.2603529393672943, 'learning_rate': 0.000511867124477011, 'epoch': 0.51}
{'loss': 2.986, 'grad_norm': 0.26430121064186096, 'learning_rate': 0.0005116677135267863, 'epoch': 0.51}
{'loss': 2.9064, 'grad_norm': 0.2637571096420288, 'learning_rate': 0.0005114683007196794, 'epoch': 0.51}
{'loss': 2.9755, 'grad_norm': 0.2633093595504761, 'learning_rate': 0.0005112688860874259, 'epoch': 0.51}
{'loss': 2.9572, 'grad_norm': 0.28395137190818787, 'learning_rate': 0.0005110694696617623, 'epoch': 0.51}
{'loss': 3.0183, 'grad_norm': 0.3108246922492981, 'learning_rate': 0.0005108700514744256, 'epoch': 0.51}
{'loss': 3.2579, 'grad_norm': 0.2839595675468445, 'learning_rate': 0.0005106706315571519, 'epoch': 0.51}
{'loss': 3.0084, 'grad_norm': 0.266530305147171, 'learning_rate': 0.0005104712099416785, 'epoch': 0.51}
{'loss': 2.9803, 'grad_norm': 0.3188520669937134, 'learning_rate': 0.000510271786659743, 'epoch': 0.51}
{'loss': 2.8453, 'grad_norm': 0.2619575262069702, 'learning_rate': 0.0005100723617430828, 'epoch': 0.51}
{'loss': 2.9791, 'grad_norm': 0.26286834478378296, 'learning_rate': 0.0005098729352234359, 'epoch': 0.51}
{'loss': 3.0055, 'grad_norm': 0.2704339325428009, 'learning_rate': 0.0005096735071325404, 'epoch': 0.51}
{'loss': 3.0425, 'grad_norm': 0.2608789801597595, 'learning_rate': 0.0005094740775021347, 'epoch': 0.51}
{'loss': 3.0863, 'grad_norm': 0.2847670614719391, 'learning_rate': 0.0005092746463639574, 'epoch': 0.51}
{'loss': 2.9856, 'grad_norm': 0.2905893325805664, 'learning_rate': 0.0005090752137497474, 'epoch': 0.51}
{'loss': 2.858, 'grad_norm': 0.2749197483062744, 'learning_rate': 0.0005088757796912439, 'epoch': 0.51}
{'loss': 3.0535, 'grad_norm': 0.27151384949684143, 'learning_rate': 0.0005086763442201861, 'epoch': 0.51}
{'loss': 2.9873, 'grad_norm': 0.2808128297328949, 'learning_rate': 0.0005084769073683137, 'epoch': 0.51}
{'loss': 2.9315, 'grad_norm': 0.2603170871734619, 'learning_rate': 0.0005082774691673665, 'epoch': 0.51}
{'loss': 3.0584, 'grad_norm': 0.2697555124759674, 'learning_rate': 0.0005080780296490843, 'epoch': 0.51}
{'loss': 2.9436, 'grad_norm': 0.2614898085594177, 'learning_rate': 0.0005078785888452075, 'epoch': 0.51}
{'loss': 2.957, 'grad_norm': 0.26825636625289917, 'learning_rate': 0.0005076791467874765, 'epoch': 0.51}
{'loss': 3.1, 'grad_norm': 0.2694098949432373, 'learning_rate': 0.0005074797035076318, 'epoch': 0.51}
{'loss': 3.1037, 'grad_norm': 0.26468247175216675, 'learning_rate': 0.0005072802590374145, 'epoch': 0.51}
{'loss': 2.9534, 'grad_norm': 0.2775557339191437, 'learning_rate': 0.0005070808134085651, 'epoch': 0.51}
{'loss': 2.8333, 'grad_norm': 0.24857433140277863, 'learning_rate': 0.0005068813666528251, 'epoch': 0.51}
{'loss': 2.9966, 'grad_norm': 0.27000272274017334, 'learning_rate': 0.000506681918801936, 'epoch': 0.51}
{'loss': 2.9255, 'grad_norm': 0.2759510278701782, 'learning_rate': 0.0005064824698876393, 'epoch': 0.51}
{'loss': 3.0059, 'grad_norm': 0.2532113790512085, 'learning_rate': 0.0005062830199416764, 'epoch': 0.51}
{'loss': 2.9165, 'grad_norm': 0.2771337926387787, 'learning_rate': 0.0005060835689957892, 'epoch': 0.51}
{'loss': 2.8778, 'grad_norm': 0.25554415583610535, 'learning_rate': 0.0005058841170817201, 'epoch': 0.51}
{'loss': 2.9427, 'grad_norm': 0.3204506039619446, 'learning_rate': 0.0005056846642312112, 'epoch': 0.51}
{'loss': 3.0517, 'grad_norm': 0.27659863233566284, 'learning_rate': 0.0005054852104760046, 'epoch': 0.51}
{'loss': 3.0167, 'grad_norm': 0.27205631136894226, 'learning_rate': 0.0005052857558478427, 'epoch': 0.51}
{'loss': 2.8996, 'grad_norm': 0.3025585412979126, 'learning_rate': 0.0005050863003784686, 'epoch': 0.51}
{'loss': 2.8558, 'grad_norm': 0.27668651938438416, 'learning_rate': 0.0005048868440996246, 'epoch': 0.51}
{'loss': 3.0259, 'grad_norm': 0.3055901527404785, 'learning_rate': 0.0005046873870430537, 'epoch': 0.51}
{'loss': 3.0804, 'grad_norm': 0.25435298681259155, 'learning_rate': 0.0005044879292404989, 'epoch': 0.51}
{'loss': 2.8498, 'grad_norm': 0.29305917024612427, 'learning_rate': 0.0005042884707237037, 'epoch': 0.51}
{'loss': 2.8643, 'grad_norm': 0.29878512024879456, 'learning_rate': 0.0005040890115244106, 'epoch': 0.51}
{'loss': 2.9983, 'grad_norm': 0.2843970060348511, 'learning_rate': 0.0005038895516743635, 'epoch': 0.51}
{'loss': 3.0791, 'grad_norm': 0.2845947742462158, 'learning_rate': 0.0005036900912053058, 'epoch': 0.51}
{'loss': 3.0673, 'grad_norm': 0.27171486616134644, 'learning_rate': 0.0005034906301489807, 'epoch': 0.51}
{'loss': 3.0543, 'grad_norm': 0.2868642210960388, 'learning_rate': 0.0005032911685371323, 'epoch': 0.51}
{'loss': 2.9562, 'grad_norm': 0.2777263820171356, 'learning_rate': 0.000503091706401504, 'epoch': 0.51}
{'loss': 3.0616, 'grad_norm': 0.2705591320991516, 'learning_rate': 0.0005028922437738398, 'epoch': 0.51}
{'loss': 3.0622, 'grad_norm': 0.256700336933136, 'learning_rate': 0.0005026927806858836, 'epoch': 0.51}
{'loss': 2.9237, 'grad_norm': 0.27249184250831604, 'learning_rate': 0.0005024933171693791, 'epoch': 0.51}
{'loss': 2.9851, 'grad_norm': 0.2537456154823303, 'learning_rate': 0.0005022938532560705, 'epoch': 0.51}
{'loss': 3.0027, 'grad_norm': 0.2602199614048004, 'learning_rate': 0.000502094388977702, 'epoch': 0.51}
{'loss': 3.012, 'grad_norm': 0.28924569487571716, 'learning_rate': 0.0005018949243660176, 'epoch': 0.51}
{'loss': 3.0082, 'grad_norm': 0.2970310151576996, 'learning_rate': 0.0005016954594527616, 'epoch': 0.51}
{'loss': 3.0025, 'grad_norm': 0.29183048009872437, 'learning_rate': 0.0005014959942696782, 'epoch': 0.51}
{'loss': 2.939, 'grad_norm': 0.25400716066360474, 'learning_rate': 0.0005012965288485118, 'epoch': 0.51}
{'loss': 2.9417, 'grad_norm': 0.2751508355140686, 'learning_rate': 0.0005010970632210064, 'epoch': 0.51}
{'loss': 2.899, 'grad_norm': 0.27379071712493896, 'learning_rate': 0.0005008975974189067, 'epoch': 0.51}
{'loss': 2.9154, 'grad_norm': 0.2738911509513855, 'learning_rate': 0.0005006981314739573, 'epoch': 0.51}
{'loss': 2.9235, 'grad_norm': 0.29232630133628845, 'learning_rate': 0.000500498665417902, 'epoch': 0.51}
{'loss': 2.9838, 'grad_norm': 0.2688477337360382, 'learning_rate': 0.0005002991992824855, 'epoch': 0.51}
{'loss': 3.0402, 'grad_norm': 0.27814286947250366, 'learning_rate': 0.0005000997330994525, 'epoch': 0.51}
{'loss': 2.9901, 'grad_norm': 0.28334811329841614, 'learning_rate': 0.0004999002669005473, 'epoch': 0.52}
{'loss': 2.8329, 'grad_norm': 0.2926025986671448, 'learning_rate': 0.0004997008007175145, 'epoch': 0.52}
{'loss': 3.0149, 'grad_norm': 0.26662716269493103, 'learning_rate': 0.0004995013345820981, 'epoch': 0.52}
{'loss': 2.8967, 'grad_norm': 0.28235796093940735, 'learning_rate': 0.0004993018685260428, 'epoch': 0.52}
{'loss': 2.9983, 'grad_norm': 0.2690863013267517, 'learning_rate': 0.0004991024025810933, 'epoch': 0.52}
{'loss': 2.9452, 'grad_norm': 0.3030768036842346, 'learning_rate': 0.0004989029367789935, 'epoch': 0.52}
[08:11:53.943054] Error: Error reading OpenGVLab/smit/S-MiT/videos/taping/yt-eCTsN2aWH3I_130.mp4...
[08:11:53.943121] Failed to read video file: OpenGVLab/smit/S-MiT/videos/taping/yt-eCTsN2aWH3I_130.mp4
[08:11:53.943136] [Try #0] Failed to fetch sample 201020. Exception: Error reading OpenGVLab/smit/S-MiT/videos/taping/yt-eCTsN2aWH3I_130.mp4...
[08:11:54.944500] Error: Error reading OpenGVLab/smit/S-MiT/videos/taping/yt-eCTsN2aWH3I_130.mp4...
[08:11:54.944561] Failed to read video file: OpenGVLab/smit/S-MiT/videos/taping/yt-eCTsN2aWH3I_130.mp4
[08:11:54.944582] [Try #1] Failed to fetch sample 201020. Exception: Error reading OpenGVLab/smit/S-MiT/videos/taping/yt-eCTsN2aWH3I_130.mp4...
{'loss': 2.8921, 'grad_norm': 0.26900988817214966, 'learning_rate': 0.0004987034711514883, 'epoch': 0.52}
{'loss': 2.9738, 'grad_norm': 0.27302783727645874, 'learning_rate': 0.0004985040057303219, 'epoch': 0.52}
{'loss': 2.8979, 'grad_norm': 0.25710999965667725, 'learning_rate': 0.0004983045405472385, 'epoch': 0.52}
{'loss': 2.9238, 'grad_norm': 0.25378021597862244, 'learning_rate': 0.0004981050756339825, 'epoch': 0.52}
{'loss': 3.0111, 'grad_norm': 0.27572759985923767, 'learning_rate': 0.0004979056110222982, 'epoch': 0.52}
{'loss': 3.0233, 'grad_norm': 0.2914399802684784, 'learning_rate': 0.0004977061467439294, 'epoch': 0.52}
{'loss': 2.9879, 'grad_norm': 0.28361430764198303, 'learning_rate': 0.000497506682830621, 'epoch': 0.52}
{'loss': 2.7819, 'grad_norm': 0.26285457611083984, 'learning_rate': 0.0004973072193141167, 'epoch': 0.52}
{'loss': 2.9474, 'grad_norm': 0.27872711420059204, 'learning_rate': 0.0004971077562261602, 'epoch': 0.52}
{'loss': 2.9923, 'grad_norm': 0.26853513717651367, 'learning_rate': 0.000496908293598496, 'epoch': 0.52}
{'loss': 2.9452, 'grad_norm': 0.28847572207450867, 'learning_rate': 0.0004967088314628676, 'epoch': 0.52}
{'loss': 2.8813, 'grad_norm': 0.2827088534832001, 'learning_rate': 0.0004965093698510193, 'epoch': 0.52}
{'loss': 2.9795, 'grad_norm': 0.27643895149230957, 'learning_rate': 0.0004963099087946942, 'epoch': 0.52}
{'loss': 3.0258, 'grad_norm': 0.27267032861709595, 'learning_rate': 0.0004961104483256364, 'epoch': 0.52}
{'loss': 3.0227, 'grad_norm': 0.281157910823822, 'learning_rate': 0.0004959109884755894, 'epoch': 0.52}
{'loss': 3.1242, 'grad_norm': 0.25380226969718933, 'learning_rate': 0.0004957115292762966, 'epoch': 0.52}
{'loss': 3.1013, 'grad_norm': 0.30047717690467834, 'learning_rate': 0.000495512070759501, 'epoch': 0.52}
{'loss': 2.8519, 'grad_norm': 0.28611788153648376, 'learning_rate': 0.0004953126129569463, 'epoch': 0.52}
{'loss': 3.1026, 'grad_norm': 0.29257604479789734, 'learning_rate': 0.0004951131559003756, 'epoch': 0.52}
{'loss': 3.0967, 'grad_norm': 0.2811034619808197, 'learning_rate': 0.0004949136996215315, 'epoch': 0.52}
{'loss': 2.83, 'grad_norm': 0.28518155217170715, 'learning_rate': 0.0004947142441521574, 'epoch': 0.52}
{'loss': 3.0237, 'grad_norm': 0.27782341837882996, 'learning_rate': 0.0004945147895239955, 'epoch': 0.52}
{'loss': 3.0141, 'grad_norm': 0.29663434624671936, 'learning_rate': 0.0004943153357687889, 'epoch': 0.52}
{'loss': 3.0954, 'grad_norm': 0.26482638716697693, 'learning_rate': 0.00049411588291828, 'epoch': 0.52}
{'loss': 3.0241, 'grad_norm': 0.29799994826316833, 'learning_rate': 0.0004939164310042107, 'epoch': 0.52}
{'loss': 3.0755, 'grad_norm': 0.29949134588241577, 'learning_rate': 0.0004937169800583236, 'epoch': 0.52}
{'loss': 2.9796, 'grad_norm': 0.29965800046920776, 'learning_rate': 0.0004935175301123609, 'epoch': 0.52}
{'loss': 2.8706, 'grad_norm': 0.2710854113101959, 'learning_rate': 0.000493318081198064, 'epoch': 0.52}
{'loss': 3.0285, 'grad_norm': 0.25362202525138855, 'learning_rate': 0.0004931186333471749, 'epoch': 0.52}
{'loss': 2.9496, 'grad_norm': 0.2633123993873596, 'learning_rate': 0.000492919186591435, 'epoch': 0.52}
{'loss': 2.823, 'grad_norm': 0.28467029333114624, 'learning_rate': 0.0004927197409625856, 'epoch': 0.52}
{'loss': 2.9118, 'grad_norm': 0.27122369408607483, 'learning_rate': 0.0004925202964923683, 'epoch': 0.52}
{'loss': 2.8626, 'grad_norm': 0.27865463495254517, 'learning_rate': 0.0004923208532125235, 'epoch': 0.52}
{'loss': 2.9385, 'grad_norm': 0.2670213580131531, 'learning_rate': 0.0004921214111547926, 'epoch': 0.52}
{'loss': 3.0083, 'grad_norm': 0.2613966763019562, 'learning_rate': 0.0004919219703509158, 'epoch': 0.52}
{'loss': 2.9901, 'grad_norm': 0.3007850646972656, 'learning_rate': 0.0004917225308326335, 'epoch': 0.52}
{'loss': 2.9965, 'grad_norm': 0.260501891374588, 'learning_rate': 0.0004915230926316864, 'epoch': 0.52}
{'loss': 3.0471, 'grad_norm': 0.27969005703926086, 'learning_rate': 0.000491323655779814, 'epoch': 0.52}
{'loss': 3.1143, 'grad_norm': 0.285467267036438, 'learning_rate': 0.0004911242203087561, 'epoch': 0.52}
{'loss': 3.1286, 'grad_norm': 0.2596372365951538, 'learning_rate': 0.0004909247862502526, 'epoch': 0.52}
{'loss': 3.044, 'grad_norm': 0.27307942509651184, 'learning_rate': 0.0004907253536360428, 'epoch': 0.52}
{'loss': 2.9838, 'grad_norm': 0.27801451086997986, 'learning_rate': 0.0004905259224978654, 'epoch': 0.52}
{'loss': 2.8748, 'grad_norm': 0.24944724142551422, 'learning_rate': 0.0004903264928674598, 'epoch': 0.52}
{'loss': 2.8402, 'grad_norm': 0.2681529223918915, 'learning_rate': 0.0004901270647765641, 'epoch': 0.52}
{'loss': 3.1405, 'grad_norm': 0.24633261561393738, 'learning_rate': 0.0004899276382569173, 'epoch': 0.52}
{'loss': 2.871, 'grad_norm': 0.2605367600917816, 'learning_rate': 0.0004897282133402571, 'epoch': 0.52}
{'loss': 3.0938, 'grad_norm': 0.25858309864997864, 'learning_rate': 0.0004895287900583215, 'epoch': 0.52}
{'loss': 2.8955, 'grad_norm': 0.26739269495010376, 'learning_rate': 0.0004893293684428482, 'epoch': 0.52}
{'loss': 2.9238, 'grad_norm': 0.2563573718070984, 'learning_rate': 0.0004891299485255746, 'epoch': 0.52}
{'loss': 3.0087, 'grad_norm': 0.27141594886779785, 'learning_rate': 0.0004889305303382376, 'epoch': 0.52}
{'loss': 3.0022, 'grad_norm': 0.2859768569469452, 'learning_rate': 0.0004887311139125742, 'epoch': 0.52}
{'loss': 2.9706, 'grad_norm': 0.29603439569473267, 'learning_rate': 0.0004885316992803209, 'epoch': 0.52}
{'loss': 3.0116, 'grad_norm': 0.28986573219299316, 'learning_rate': 0.0004883322864732137, 'epoch': 0.52}
{'loss': 3.0592, 'grad_norm': 0.27222976088523865, 'learning_rate': 0.00048813287552298913, 'epoch': 0.52}
{'loss': 2.9856, 'grad_norm': 0.28574439883232117, 'learning_rate': 0.0004879334664613822, 'epoch': 0.52}
{'loss': 2.9617, 'grad_norm': 0.25835347175598145, 'learning_rate': 0.0004877340593201287, 'epoch': 0.52}
{'loss': 2.9644, 'grad_norm': 0.27084410190582275, 'learning_rate': 0.00048753465413096367, 'epoch': 0.52}
{'loss': 3.0461, 'grad_norm': 0.29035627841949463, 'learning_rate': 0.0004873352509256215, 'epoch': 0.52}
{'loss': 2.883, 'grad_norm': 0.2842179238796234, 'learning_rate': 0.00048713584973583706, 'epoch': 0.52}
{'loss': 2.8512, 'grad_norm': 0.27029016613960266, 'learning_rate': 0.0004869364505933444, 'epoch': 0.52}
{'loss': 2.9738, 'grad_norm': 0.27823296189308167, 'learning_rate': 0.000486737053529877, 'epoch': 0.52}
{'loss': 3.0191, 'grad_norm': 0.29119110107421875, 'learning_rate': 0.0004865376585771687, 'epoch': 0.52}
{'loss': 2.9302, 'grad_norm': 0.2749425172805786, 'learning_rate': 0.0004863382657669523, 'epoch': 0.52}
{'loss': 3.0539, 'grad_norm': 0.30345407128334045, 'learning_rate': 0.0004861388751309606, 'epoch': 0.52}
{'loss': 2.9935, 'grad_norm': 0.281380295753479, 'learning_rate': 0.0004859394867009264, 'epoch': 0.52}
{'loss': 2.9933, 'grad_norm': 0.26090526580810547, 'learning_rate': 0.00048574010050858124, 'epoch': 0.52}
{'loss': 2.9092, 'grad_norm': 0.26975932717323303, 'learning_rate': 0.0004855407165856575, 'epoch': 0.52}
{'loss': 3.1219, 'grad_norm': 0.28548040986061096, 'learning_rate': 0.00048534133496388587, 'epoch': 0.52}
{'loss': 3.0218, 'grad_norm': 0.28084275126457214, 'learning_rate': 0.00048514195567499766, 'epoch': 0.52}
{'loss': 2.9287, 'grad_norm': 0.26497772336006165, 'learning_rate': 0.00048494257875072365, 'epoch': 0.52}
{'loss': 2.8317, 'grad_norm': 0.2747005820274353, 'learning_rate': 0.0004847432042227939, 'epoch': 0.52}
{'loss': 3.0683, 'grad_norm': 0.28418800234794617, 'learning_rate': 0.0004845438321229382, 'epoch': 0.52}
{'loss': 2.8836, 'grad_norm': 0.2825523912906647, 'learning_rate': 0.00048434446248288635, 'epoch': 0.52}
{'loss': 3.0302, 'grad_norm': 0.30330076813697815, 'learning_rate': 0.0004841450953343672, 'epoch': 0.52}
{'loss': 2.9517, 'grad_norm': 0.28449082374572754, 'learning_rate': 0.00048394573070910927, 'epoch': 0.52}
{'loss': 3.0821, 'grad_norm': 0.2878175377845764, 'learning_rate': 0.0004837463686388412, 'epoch': 0.53}
{'loss': 2.9919, 'grad_norm': 0.28582581877708435, 'learning_rate': 0.0004835470091552906, 'epoch': 0.53}
{'loss': 3.0658, 'grad_norm': 0.27809005975723267, 'learning_rate': 0.00048334765229018537, 'epoch': 0.53}
{'loss': 2.9482, 'grad_norm': 0.26786333322525024, 'learning_rate': 0.00048314829807525223, 'epoch': 0.53}
{'loss': 2.8742, 'grad_norm': 0.2705211937427521, 'learning_rate': 0.0004829489465422177, 'epoch': 0.53}
{'loss': 2.9502, 'grad_norm': 0.2843463718891144, 'learning_rate': 0.0004827495977228082, 'epoch': 0.53}
{'loss': 2.7868, 'grad_norm': 0.27152302861213684, 'learning_rate': 0.0004825502516487497, 'epoch': 0.53}
{'loss': 2.7869, 'grad_norm': 0.2517682611942291, 'learning_rate': 0.000482350908351767, 'epoch': 0.53}
{'loss': 2.9153, 'grad_norm': 0.27985629439353943, 'learning_rate': 0.00048215156786358536, 'epoch': 0.53}
{'loss': 2.891, 'grad_norm': 0.2528849244117737, 'learning_rate': 0.00048195223021592945, 'epoch': 0.53}
{'loss': 2.9537, 'grad_norm': 0.2590164840221405, 'learning_rate': 0.0004817528954405227, 'epoch': 0.53}
{'loss': 2.9152, 'grad_norm': 0.31552284955978394, 'learning_rate': 0.0004815535635690892, 'epoch': 0.53}
{'loss': 2.9118, 'grad_norm': 0.30560949444770813, 'learning_rate': 0.00048135423463335157, 'epoch': 0.53}
{'loss': 2.9906, 'grad_norm': 0.2865559458732605, 'learning_rate': 0.0004811549086650327, 'epoch': 0.53}
{'loss': 2.9272, 'grad_norm': 0.2563713788986206, 'learning_rate': 0.00048095558569585486, 'epoch': 0.53}
{'loss': 2.9335, 'grad_norm': 0.2726995050907135, 'learning_rate': 0.0004807562657575393, 'epoch': 0.53}
{'loss': 2.7909, 'grad_norm': 0.25578054785728455, 'learning_rate': 0.00048055694888180764, 'epoch': 0.53}
{'loss': 2.9581, 'grad_norm': 0.26156556606292725, 'learning_rate': 0.0004803576351003802, 'epoch': 0.53}
{'loss': 3.0897, 'grad_norm': 0.26579904556274414, 'learning_rate': 0.00048015832444497724, 'epoch': 0.53}
{'loss': 2.7641, 'grad_norm': 0.26339298486709595, 'learning_rate': 0.00047995901694731884, 'epoch': 0.53}
{'loss': 2.7961, 'grad_norm': 0.2351691722869873, 'learning_rate': 0.00047975971263912383, 'epoch': 0.53}
{'loss': 3.0176, 'grad_norm': 0.2525705099105835, 'learning_rate': 0.0004795604115521109, 'epoch': 0.53}
{'loss': 2.8567, 'grad_norm': 0.26233959197998047, 'learning_rate': 0.0004793611137179985, 'epoch': 0.53}
{'loss': 3.0381, 'grad_norm': 0.2611890733242035, 'learning_rate': 0.000479161819168504, 'epoch': 0.53}
{'loss': 2.9432, 'grad_norm': 0.26002368330955505, 'learning_rate': 0.00047896252793534484, 'epoch': 0.53}
{'loss': 2.9508, 'grad_norm': 0.28949469327926636, 'learning_rate': 0.00047876324005023733, 'epoch': 0.53}
{'loss': 3.0943, 'grad_norm': 0.291832834482193, 'learning_rate': 0.00047856395554489765, 'epoch': 0.53}
{'loss': 2.9514, 'grad_norm': 0.27523645758628845, 'learning_rate': 0.0004783646744510415, 'epoch': 0.53}
{'loss': 2.9974, 'grad_norm': 0.311347097158432, 'learning_rate': 0.00047816539680038374, 'epoch': 0.53}
{'loss': 3.1383, 'grad_norm': 0.283355712890625, 'learning_rate': 0.00047796612262463877, 'epoch': 0.53}
{'loss': 3.1278, 'grad_norm': 0.25832077860832214, 'learning_rate': 0.0004777668519555207, 'epoch': 0.53}
{'loss': 3.0423, 'grad_norm': 0.29711586236953735, 'learning_rate': 0.0004775675848247427, 'epoch': 0.53}
{'loss': 2.8281, 'grad_norm': 0.2798360288143158, 'learning_rate': 0.00047736832126401744, 'epoch': 0.53}
{'loss': 3.0029, 'grad_norm': 0.27173134684562683, 'learning_rate': 0.0004771690613050573, 'epoch': 0.53}
{'loss': 2.8332, 'grad_norm': 0.27713271975517273, 'learning_rate': 0.0004769698049795738, 'epoch': 0.53}
{'loss': 3.0668, 'grad_norm': 0.2618173658847809, 'learning_rate': 0.00047677055231927837, 'epoch': 0.53}
{'loss': 2.8432, 'grad_norm': 0.2771250605583191, 'learning_rate': 0.0004765713033558811, 'epoch': 0.53}
{'loss': 2.9143, 'grad_norm': 0.2647246718406677, 'learning_rate': 0.0004763720581210918, 'epoch': 0.53}
{'loss': 2.8573, 'grad_norm': 0.2906467616558075, 'learning_rate': 0.0004761728166466201, 'epoch': 0.53}
{'loss': 2.8383, 'grad_norm': 0.2782549262046814, 'learning_rate': 0.0004759735789641746, 'epoch': 0.53}
{'loss': 2.8244, 'grad_norm': 0.2980835735797882, 'learning_rate': 0.0004757743451054631, 'epoch': 0.53}
{'loss': 3.0463, 'grad_norm': 0.2710554301738739, 'learning_rate': 0.00047557511510219335, 'epoch': 0.53}
{'loss': 2.9418, 'grad_norm': 0.25499799847602844, 'learning_rate': 0.00047537588898607236, 'epoch': 0.53}
{'loss': 2.9443, 'grad_norm': 0.2921408712863922, 'learning_rate': 0.0004751766667888059, 'epoch': 0.53}
{'loss': 3.099, 'grad_norm': 0.24739079177379608, 'learning_rate': 0.00047497744854210023, 'epoch': 0.53}
{'loss': 3.0082, 'grad_norm': 0.2588937282562256, 'learning_rate': 0.00047477823427765974, 'epoch': 0.53}
{'loss': 3.0993, 'grad_norm': 0.26323604583740234, 'learning_rate': 0.0004745790240271892, 'epoch': 0.53}
{'loss': 3.0356, 'grad_norm': 0.26929375529289246, 'learning_rate': 0.00047437981782239225, 'epoch': 0.53}
{'loss': 2.868, 'grad_norm': 0.27465760707855225, 'learning_rate': 0.0004741806156949717, 'epoch': 0.53}
{'loss': 3.0878, 'grad_norm': 0.26300445199012756, 'learning_rate': 0.0004739814176766304, 'epoch': 0.53}
{'loss': 2.9921, 'grad_norm': 0.27022260427474976, 'learning_rate': 0.0004737822237990699, 'epoch': 0.53}
{'loss': 2.9679, 'grad_norm': 0.2919144332408905, 'learning_rate': 0.0004735830340939912, 'epoch': 0.53}
{'loss': 2.9076, 'grad_norm': 0.2373005449771881, 'learning_rate': 0.0004733838485930951, 'epoch': 0.53}
{'loss': 2.9903, 'grad_norm': 0.252657413482666, 'learning_rate': 0.0004731846673280811, 'epoch': 0.53}
{'loss': 3.1179, 'grad_norm': 0.31795215606689453, 'learning_rate': 0.00047298549033064836, 'epoch': 0.53}
{'loss': 3.0099, 'grad_norm': 0.25028741359710693, 'learning_rate': 0.0004727863176324955, 'epoch': 0.53}
{'loss': 3.0942, 'grad_norm': 0.2775594890117645, 'learning_rate': 0.00047258714926531995, 'epoch': 0.53}
{'loss': 3.0521, 'grad_norm': 0.25219354033470154, 'learning_rate': 0.00047238798526081917, 'epoch': 0.53}
{'loss': 3.0641, 'grad_norm': 0.274496465921402, 'learning_rate': 0.00047218882565068916, 'epoch': 0.53}
{'loss': 3.0399, 'grad_norm': 0.27107980847358704, 'learning_rate': 0.0004719896704666256, 'epoch': 0.53}
{'loss': 3.0008, 'grad_norm': 0.2720831036567688, 'learning_rate': 0.00047179051974032384, 'epoch': 0.53}
{'loss': 2.8898, 'grad_norm': 0.2999003231525421, 'learning_rate': 0.00047159137350347787, 'epoch': 0.53}
{'loss': 3.0145, 'grad_norm': 0.2492976039648056, 'learning_rate': 0.000471392231787781, 'epoch': 0.53}
{'loss': 2.923, 'grad_norm': 0.25628843903541565, 'learning_rate': 0.0004711930946249264, 'epoch': 0.53}
{'loss': 2.854, 'grad_norm': 0.28039219975471497, 'learning_rate': 0.0004709939620466061, 'epoch': 0.53}
{'loss': 2.8847, 'grad_norm': 0.26552078127861023, 'learning_rate': 0.0004707948340845112, 'epoch': 0.53}
{'loss': 2.9281, 'grad_norm': 0.2530549168586731, 'learning_rate': 0.0004705957107703327, 'epoch': 0.53}
{'loss': 2.8542, 'grad_norm': 0.2658362090587616, 'learning_rate': 0.0004703965921357601, 'epoch': 0.53}
{'loss': 3.0224, 'grad_norm': 0.2724459767341614, 'learning_rate': 0.0004701974782124832, 'epoch': 0.53}
{'loss': 2.9289, 'grad_norm': 0.27472344040870667, 'learning_rate': 0.0004699983690321898, 'epoch': 0.53}
{'loss': 2.964, 'grad_norm': 0.3112233579158783, 'learning_rate': 0.0004697992646265675, 'epoch': 0.53}
{'loss': 2.8008, 'grad_norm': 0.2848433256149292, 'learning_rate': 0.00046960016502730354, 'epoch': 0.53}
{'loss': 2.882, 'grad_norm': 0.25889334082603455, 'learning_rate': 0.0004694010702660839, 'epoch': 0.53}
{'loss': 2.945, 'grad_norm': 0.29073530435562134, 'learning_rate': 0.00046920198037459377, 'epoch': 0.53}
{'loss': 3.0014, 'grad_norm': 0.3164792060852051, 'learning_rate': 0.0004690028953845181, 'epoch': 0.53}
{'loss': 2.781, 'grad_norm': 0.2939015030860901, 'learning_rate': 0.00046880381532754024, 'epoch': 0.53}
{'loss': 2.7837, 'grad_norm': 0.28593364357948303, 'learning_rate': 0.0004686047402353433, 'epoch': 0.53}
{'loss': 2.8726, 'grad_norm': 0.27356913685798645, 'learning_rate': 0.00046840567013960985, 'epoch': 0.53}
{'loss': 2.9442, 'grad_norm': 0.2936045229434967, 'learning_rate': 0.0004682066050720208, 'epoch': 0.53}
{'loss': 2.9694, 'grad_norm': 0.26466846466064453, 'learning_rate': 0.0004680075450642571, 'epoch': 0.53}
{'loss': 2.8859, 'grad_norm': 0.3007988929748535, 'learning_rate': 0.00046780849014799864, 'epoch': 0.53}
{'loss': 2.7609, 'grad_norm': 0.2459816038608551, 'learning_rate': 0.00046760944035492404, 'epoch': 0.54}
{'loss': 3.0616, 'grad_norm': 0.25101378560066223, 'learning_rate': 0.000467410395716712, 'epoch': 0.54}
{'loss': 3.0906, 'grad_norm': 0.28468868136405945, 'learning_rate': 0.00046721135626503937, 'epoch': 0.54}
{'loss': 2.9588, 'grad_norm': 0.26706913113594055, 'learning_rate': 0.0004670123220315828, 'epoch': 0.54}
{'loss': 2.989, 'grad_norm': 0.28355661034584045, 'learning_rate': 0.00046681329304801853, 'epoch': 0.54}
{'loss': 3.1447, 'grad_norm': 0.2791278064250946, 'learning_rate': 0.00046661426934602076, 'epoch': 0.54}
{'loss': 2.916, 'grad_norm': 0.2724517583847046, 'learning_rate': 0.0004664152509572638, 'epoch': 0.54}
{'loss': 2.8838, 'grad_norm': 0.2765739858150482, 'learning_rate': 0.000466216237913421, 'epoch': 0.54}
{'loss': 3.0565, 'grad_norm': 0.2688773274421692, 'learning_rate': 0.0004660172302461643, 'epoch': 0.54}
{'loss': 2.8854, 'grad_norm': 0.2796798646450043, 'learning_rate': 0.0004658182279871657, 'epoch': 0.54}
{'loss': 2.9113, 'grad_norm': 0.2739628553390503, 'learning_rate': 0.0004656192311680955, 'epoch': 0.54}
{'loss': 2.9706, 'grad_norm': 0.2869199216365814, 'learning_rate': 0.00046542023982062324, 'epoch': 0.54}
{'loss': 2.8831, 'grad_norm': 0.2588055431842804, 'learning_rate': 0.0004652212539764184, 'epoch': 0.54}
{'loss': 2.9172, 'grad_norm': 0.277397483587265, 'learning_rate': 0.00046502227366714867, 'epoch': 0.54}
{'loss': 2.9519, 'grad_norm': 0.27365729212760925, 'learning_rate': 0.000464823298924481, 'epoch': 0.54}
{'loss': 2.8437, 'grad_norm': 0.27805399894714355, 'learning_rate': 0.00046462432978008184, 'epoch': 0.54}
{'loss': 3.0479, 'grad_norm': 0.2772539258003235, 'learning_rate': 0.0004644253662656167, 'epoch': 0.54}
{'loss': 3.0126, 'grad_norm': 0.26749908924102783, 'learning_rate': 0.0004642264084127496, 'epoch': 0.54}
{'loss': 2.9599, 'grad_norm': 0.27345505356788635, 'learning_rate': 0.0004640274562531445, 'epoch': 0.54}
{'loss': 2.9133, 'grad_norm': 0.2937229871749878, 'learning_rate': 0.0004638285098184638, 'epoch': 0.54}
{'loss': 3.0461, 'grad_norm': 0.2959214150905609, 'learning_rate': 0.0004636295691403695, 'epoch': 0.54}
{'loss': 2.9894, 'grad_norm': 0.28125688433647156, 'learning_rate': 0.00046343063425052235, 'epoch': 0.54}
{'loss': 2.9911, 'grad_norm': 0.28350892663002014, 'learning_rate': 0.0004632317051805819, 'epoch': 0.54}
{'loss': 3.033, 'grad_norm': 0.2726283073425293, 'learning_rate': 0.00046303278196220755, 'epoch': 0.54}
{'loss': 3.0345, 'grad_norm': 0.25960731506347656, 'learning_rate': 0.0004628338646270573, 'epoch': 0.54}
{'loss': 3.0824, 'grad_norm': 0.2903904914855957, 'learning_rate': 0.0004626349532067879, 'epoch': 0.54}
{'loss': 2.852, 'grad_norm': 0.25558024644851685, 'learning_rate': 0.000462436047733056, 'epoch': 0.54}
{'loss': 2.9868, 'grad_norm': 0.26540955901145935, 'learning_rate': 0.00046223714823751645, 'epoch': 0.54}
{'loss': 2.8871, 'grad_norm': 0.24526925384998322, 'learning_rate': 0.0004620382547518236, 'epoch': 0.54}
{'loss': 3.029, 'grad_norm': 0.2897413372993469, 'learning_rate': 0.00046183936730763105, 'epoch': 0.54}
{'loss': 2.8248, 'grad_norm': 0.2778875231742859, 'learning_rate': 0.0004616404859365907, 'epoch': 0.54}
{'loss': 2.916, 'grad_norm': 0.2481054663658142, 'learning_rate': 0.0004614416106703542, 'epoch': 0.54}
{'loss': 2.968, 'grad_norm': 0.27207493782043457, 'learning_rate': 0.0004612427415405721, 'epoch': 0.54}
{'loss': 2.9795, 'grad_norm': 0.2665987014770508, 'learning_rate': 0.00046104387857889346, 'epoch': 0.54}
{'loss': 2.9981, 'grad_norm': 0.2508711516857147, 'learning_rate': 0.0004608450218169671, 'epoch': 0.54}
{'loss': 2.8928, 'grad_norm': 0.26490694284439087, 'learning_rate': 0.00046064617128644027, 'epoch': 0.54}
{'loss': 3.1684, 'grad_norm': 0.29175156354904175, 'learning_rate': 0.00046044732701895933, 'epoch': 0.54}
{'loss': 2.9558, 'grad_norm': 0.2954673767089844, 'learning_rate': 0.00046024848904617017, 'epoch': 0.54}
{'loss': 3.0664, 'grad_norm': 0.2543887495994568, 'learning_rate': 0.00046004965739971705, 'epoch': 0.54}
{'loss': 2.8291, 'grad_norm': 0.2792394757270813, 'learning_rate': 0.00045985083211124323, 'epoch': 0.54}
{'loss': 2.8349, 'grad_norm': 0.30190032720565796, 'learning_rate': 0.0004596520132123914, 'epoch': 0.54}
{'loss': 3.0756, 'grad_norm': 0.259337455034256, 'learning_rate': 0.0004594532007348029, 'epoch': 0.54}
{'loss': 2.9645, 'grad_norm': 0.27989035844802856, 'learning_rate': 0.0004592543947101184, 'epoch': 0.54}
{'loss': 2.9783, 'grad_norm': 0.2670761048793793, 'learning_rate': 0.0004590555951699771, 'epoch': 0.54}
{'loss': 2.9453, 'grad_norm': 0.32642874121665955, 'learning_rate': 0.00045885680214601714, 'epoch': 0.54}
{'loss': 2.7973, 'grad_norm': 0.27453646063804626, 'learning_rate': 0.00045865801566987634, 'epoch': 0.54}
{'loss': 2.9626, 'grad_norm': 0.24170058965682983, 'learning_rate': 0.0004584592357731908, 'epoch': 0.54}
{'loss': 3.0059, 'grad_norm': 0.2720097601413727, 'learning_rate': 0.00045826046248759536, 'epoch': 0.54}
{'loss': 3.014, 'grad_norm': 0.26716360449790955, 'learning_rate': 0.0004580616958447246, 'epoch': 0.54}
{'loss': 3.0318, 'grad_norm': 0.2994459569454193, 'learning_rate': 0.0004578629358762118, 'epoch': 0.54}
{'loss': 2.9872, 'grad_norm': 0.2757962644100189, 'learning_rate': 0.0004576641826136884, 'epoch': 0.54}
{'loss': 3.0486, 'grad_norm': 0.2833799123764038, 'learning_rate': 0.000457465436088786, 'epoch': 0.54}
{'loss': 2.9037, 'grad_norm': 0.27849775552749634, 'learning_rate': 0.0004572666963331343, 'epoch': 0.54}
{'loss': 3.0182, 'grad_norm': 0.29573720693588257, 'learning_rate': 0.00045706796337836213, 'epoch': 0.54}
{'loss': 2.9853, 'grad_norm': 0.2922753393650055, 'learning_rate': 0.0004568692372560974, 'epoch': 0.54}
{'loss': 2.9794, 'grad_norm': 0.2829955518245697, 'learning_rate': 0.0004566705179979665, 'epoch': 0.54}
{'loss': 2.8163, 'grad_norm': 0.2808001637458801, 'learning_rate': 0.00045647180563559525, 'epoch': 0.54}
{'loss': 2.9446, 'grad_norm': 0.2954629063606262, 'learning_rate': 0.00045627310020060827, 'epoch': 0.54}
{'loss': 2.9521, 'grad_norm': 0.27784955501556396, 'learning_rate': 0.00045607440172462844, 'epoch': 0.54}
{'loss': 2.8676, 'grad_norm': 0.28142544627189636, 'learning_rate': 0.00045587571023927853, 'epoch': 0.54}
{'loss': 2.9815, 'grad_norm': 0.27309396862983704, 'learning_rate': 0.00045567702577617935, 'epoch': 0.54}
{'loss': 2.9372, 'grad_norm': 0.2762676775455475, 'learning_rate': 0.00045547834836695127, 'epoch': 0.54}
{'loss': 3.0331, 'grad_norm': 0.27824869751930237, 'learning_rate': 0.0004552796780432131, 'epoch': 0.54}
{'loss': 3.0192, 'grad_norm': 0.2524108588695526, 'learning_rate': 0.00045508101483658246, 'epoch': 0.54}
{'loss': 2.9409, 'grad_norm': 0.292562872171402, 'learning_rate': 0.00045488235877867624, 'epoch': 0.54}
{'loss': 2.9314, 'grad_norm': 0.32389724254608154, 'learning_rate': 0.00045468370990111, 'epoch': 0.54}
{'loss': 2.9885, 'grad_norm': 0.2800639867782593, 'learning_rate': 0.0004544850682354978, 'epoch': 0.54}
{'loss': 3.0129, 'grad_norm': 0.2715461254119873, 'learning_rate': 0.0004542864338134533, 'epoch': 0.54}
{'loss': 2.9793, 'grad_norm': 0.2589140832424164, 'learning_rate': 0.0004540878066665882, 'epoch': 0.54}
{'loss': 2.9621, 'grad_norm': 0.2806270122528076, 'learning_rate': 0.0004538891868265136, 'epoch': 0.54}
{'loss': 2.8632, 'grad_norm': 0.27915385365486145, 'learning_rate': 0.0004536905743248394, 'epoch': 0.54}
{'loss': 2.9449, 'grad_norm': 0.2781563103199005, 'learning_rate': 0.00045349196919317384, 'epoch': 0.54}
{'loss': 3.0979, 'grad_norm': 0.29178133606910706, 'learning_rate': 0.00045329337146312476, 'epoch': 0.54}
{'loss': 2.9108, 'grad_norm': 0.27713820338249207, 'learning_rate': 0.0004530947811662982, 'epoch': 0.54}
{'loss': 2.9429, 'grad_norm': 0.277439147233963, 'learning_rate': 0.00045289619833429896, 'epoch': 0.54}
{'loss': 2.9196, 'grad_norm': 0.2879256010055542, 'learning_rate': 0.00045269762299873144, 'epoch': 0.54}
{'loss': 2.9744, 'grad_norm': 0.3162796199321747, 'learning_rate': 0.000452499055191198, 'epoch': 0.54}
{'loss': 2.9807, 'grad_norm': 0.28479868173599243, 'learning_rate': 0.00045230049494330004, 'epoch': 0.54}
{'loss': 2.8686, 'grad_norm': 0.2791595458984375, 'learning_rate': 0.0004521019422866382, 'epoch': 0.54}
{'loss': 3.0409, 'grad_norm': 0.2813246250152588, 'learning_rate': 0.0004519033972528114, 'epoch': 0.54}
{'loss': 2.9715, 'grad_norm': 0.2608279883861542, 'learning_rate': 0.0004517048598734171, 'epoch': 0.54}
{'loss': 3.0069, 'grad_norm': 0.2702138423919678, 'learning_rate': 0.0004515063301800524, 'epoch': 0.55}
{'loss': 2.9325, 'grad_norm': 0.29072096943855286, 'learning_rate': 0.0004513078082043125, 'epoch': 0.55}
{'loss': 2.7705, 'grad_norm': 0.25979137420654297, 'learning_rate': 0.00045110929397779186, 'epoch': 0.55}
{'loss': 3.0265, 'grad_norm': 0.26459893584251404, 'learning_rate': 0.00045091078753208333, 'epoch': 0.55}
{'loss': 2.8765, 'grad_norm': 0.28356245160102844, 'learning_rate': 0.00045071228889877825, 'epoch': 0.55}
{'loss': 3.0121, 'grad_norm': 0.2574651837348938, 'learning_rate': 0.0004505137981094675, 'epoch': 0.55}
{'loss': 2.8636, 'grad_norm': 0.28181543946266174, 'learning_rate': 0.00045031531519574034, 'epoch': 0.55}
{'loss': 2.9303, 'grad_norm': 0.29406046867370605, 'learning_rate': 0.00045011684018918436, 'epoch': 0.55}
{'loss': 2.943, 'grad_norm': 0.28672805428504944, 'learning_rate': 0.0004499183731213866, 'epoch': 0.55}
{'loss': 3.0534, 'grad_norm': 0.2890797555446625, 'learning_rate': 0.0004497199140239326, 'epoch': 0.55}
{'loss': 3.0576, 'grad_norm': 0.29140612483024597, 'learning_rate': 0.0004495214629284061, 'epoch': 0.55}
{'loss': 2.8736, 'grad_norm': 0.2832616865634918, 'learning_rate': 0.00044932301986639044, 'epoch': 0.55}
{'loss': 3.0096, 'grad_norm': 0.2613002359867096, 'learning_rate': 0.0004491245848694669, 'epoch': 0.55}
{'loss': 3.0036, 'grad_norm': 0.2697216272354126, 'learning_rate': 0.0004489261579692161, 'epoch': 0.55}
{'loss': 2.961, 'grad_norm': 0.27767735719680786, 'learning_rate': 0.0004487277391972171, 'epoch': 0.55}
{'loss': 2.8189, 'grad_norm': 0.270756334066391, 'learning_rate': 0.0004485293285850474, 'epoch': 0.55}
{'loss': 3.0042, 'grad_norm': 0.26111674308776855, 'learning_rate': 0.00044833092616428376, 'epoch': 0.55}
{'loss': 2.9935, 'grad_norm': 0.28769224882125854, 'learning_rate': 0.0004481325319665012, 'epoch': 0.55}
{'loss': 2.9731, 'grad_norm': 0.2806321978569031, 'learning_rate': 0.0004479341460232734, 'epoch': 0.55}
{'loss': 2.904, 'grad_norm': 0.30283430218696594, 'learning_rate': 0.00044773576836617336, 'epoch': 0.55}
{'loss': 2.8175, 'grad_norm': 0.2860087454319, 'learning_rate': 0.0004475373990267719, 'epoch': 0.55}
{'loss': 2.9011, 'grad_norm': 0.2609180212020874, 'learning_rate': 0.0004473390380366389, 'epoch': 0.55}
{'loss': 3.0221, 'grad_norm': 0.27009883522987366, 'learning_rate': 0.0004471406854273433, 'epoch': 0.55}
{'loss': 2.9415, 'grad_norm': 0.2586193382740021, 'learning_rate': 0.00044694234123045186, 'epoch': 0.55}
{'loss': 2.9465, 'grad_norm': 0.24369178712368011, 'learning_rate': 0.00044674400547753103, 'epoch': 0.55}
{'loss': 3.082, 'grad_norm': 0.27825143933296204, 'learning_rate': 0.0004465456782001449, 'epoch': 0.55}
{'loss': 2.9068, 'grad_norm': 0.2592476010322571, 'learning_rate': 0.00044634735942985663, 'epoch': 0.55}
{'loss': 3.0506, 'grad_norm': 0.2716134190559387, 'learning_rate': 0.00044614904919822857, 'epoch': 0.55}
{'loss': 3.0414, 'grad_norm': 0.27342814207077026, 'learning_rate': 0.0004459507475368207, 'epoch': 0.55}
{'loss': 3.1028, 'grad_norm': 0.2566267251968384, 'learning_rate': 0.0004457524544771925, 'epoch': 0.55}
{'loss': 2.8859, 'grad_norm': 0.2840140461921692, 'learning_rate': 0.00044555417005090144, 'epoch': 0.55}
{'loss': 2.9286, 'grad_norm': 0.26785385608673096, 'learning_rate': 0.0004453558942895042, 'epoch': 0.55}
{'loss': 2.9834, 'grad_norm': 0.2807804346084595, 'learning_rate': 0.0004451576272245554, 'epoch': 0.55}
{'loss': 3.021, 'grad_norm': 0.28411608934402466, 'learning_rate': 0.000444959368887609, 'epoch': 0.55}
{'loss': 3.0507, 'grad_norm': 0.26348111033439636, 'learning_rate': 0.000444761119310217, 'epoch': 0.55}
{'loss': 3.0667, 'grad_norm': 0.2940211594104767, 'learning_rate': 0.0004445628785239306, 'epoch': 0.55}
{'loss': 2.8913, 'grad_norm': 0.25299668312072754, 'learning_rate': 0.0004443646465602989, 'epoch': 0.55}
{'loss': 2.9988, 'grad_norm': 0.2817715108394623, 'learning_rate': 0.00044416642345086987, 'epoch': 0.55}
{'loss': 2.9793, 'grad_norm': 0.28124478459358215, 'learning_rate': 0.0004439682092271904, 'epoch': 0.55}
{'loss': 3.0762, 'grad_norm': 0.2507476210594177, 'learning_rate': 0.00044377000392080564, 'epoch': 0.55}
{'loss': 3.0098, 'grad_norm': 0.2554032802581787, 'learning_rate': 0.00044357180756325913, 'epoch': 0.55}
{'loss': 2.9284, 'grad_norm': 0.3018505275249481, 'learning_rate': 0.0004433736201860936, 'epoch': 0.55}
{'loss': 2.8029, 'grad_norm': 0.288225382566452, 'learning_rate': 0.0004431754418208499, 'epoch': 0.55}
{'loss': 2.9932, 'grad_norm': 0.26793667674064636, 'learning_rate': 0.0004429772724990672, 'epoch': 0.55}
{'loss': 2.9632, 'grad_norm': 0.26100826263427734, 'learning_rate': 0.0004427791122522841, 'epoch': 0.55}
{'loss': 2.8727, 'grad_norm': 0.28598928451538086, 'learning_rate': 0.0004425809611120367, 'epoch': 0.55}
{'loss': 3.1206, 'grad_norm': 0.2748069167137146, 'learning_rate': 0.00044238281910986057, 'epoch': 0.55}
{'loss': 3.1267, 'grad_norm': 0.2778918445110321, 'learning_rate': 0.0004421846862772893, 'epoch': 0.55}
{'loss': 2.7886, 'grad_norm': 0.2633044421672821, 'learning_rate': 0.0004419865626458549, 'epoch': 0.55}
{'loss': 3.003, 'grad_norm': 0.2624402642250061, 'learning_rate': 0.0004417884482470886, 'epoch': 0.55}
{'loss': 2.9533, 'grad_norm': 0.2751094400882721, 'learning_rate': 0.0004415903431125195, 'epoch': 0.55}
{'loss': 2.9692, 'grad_norm': 0.2816685438156128, 'learning_rate': 0.00044139224727367525, 'epoch': 0.55}
{'loss': 3.0879, 'grad_norm': 0.27662062644958496, 'learning_rate': 0.0004411941607620827, 'epoch': 0.55}
{'loss': 3.1091, 'grad_norm': 0.2997167110443115, 'learning_rate': 0.0004409960836092663, 'epoch': 0.55}
{'loss': 3.0591, 'grad_norm': 0.27133435010910034, 'learning_rate': 0.0004407980158467495, 'epoch': 0.55}
{'loss': 3.1125, 'grad_norm': 0.2968485951423645, 'learning_rate': 0.00044059995750605455, 'epoch': 0.55}
{'loss': 3.113, 'grad_norm': 0.2816101014614105, 'learning_rate': 0.0004404019086187013, 'epoch': 0.55}
{'loss': 2.8712, 'grad_norm': 0.2732395529747009, 'learning_rate': 0.00044020386921620933, 'epoch': 0.55}
{'loss': 3.0946, 'grad_norm': 0.26100724935531616, 'learning_rate': 0.00044000583933009543, 'epoch': 0.55}
{'loss': 2.9557, 'grad_norm': 0.2556080222129822, 'learning_rate': 0.00043980781899187563, 'epoch': 0.55}
{'loss': 3.1186, 'grad_norm': 0.28316357731819153, 'learning_rate': 0.00043960980823306455, 'epoch': 0.55}
{'loss': 3.0185, 'grad_norm': 0.3081152141094208, 'learning_rate': 0.00043941180708517485, 'epoch': 0.55}
{'loss': 2.9806, 'grad_norm': 0.3014708459377289, 'learning_rate': 0.00043921381557971757, 'epoch': 0.55}
{'loss': 2.9311, 'grad_norm': 0.24263115227222443, 'learning_rate': 0.00043901583374820287, 'epoch': 0.55}
{'loss': 3.0304, 'grad_norm': 0.26619359850883484, 'learning_rate': 0.00043881786162213885, 'epoch': 0.55}
{'loss': 3.0959, 'grad_norm': 0.2713771164417267, 'learning_rate': 0.00043861989923303196, 'epoch': 0.55}
{'loss': 2.8664, 'grad_norm': 0.27175310254096985, 'learning_rate': 0.00043842194661238763, 'epoch': 0.55}
{'loss': 2.9233, 'grad_norm': 0.2693779170513153, 'learning_rate': 0.00043822400379170927, 'epoch': 0.55}
{'loss': 2.8433, 'grad_norm': 0.27238577604293823, 'learning_rate': 0.0004380260708024991, 'epoch': 0.55}
{'loss': 2.8652, 'grad_norm': 0.2625831961631775, 'learning_rate': 0.0004378281476762576, 'epoch': 0.55}
{'loss': 2.8045, 'grad_norm': 0.26973792910575867, 'learning_rate': 0.0004376302344444831, 'epoch': 0.55}
{'loss': 3.0183, 'grad_norm': 0.24876335263252258, 'learning_rate': 0.00043743233113867347, 'epoch': 0.55}
{'loss': 2.7954, 'grad_norm': 0.2747725248336792, 'learning_rate': 0.00043723443779032433, 'epoch': 0.55}
{'loss': 2.965, 'grad_norm': 0.26980870962142944, 'learning_rate': 0.0004370365544309296, 'epoch': 0.55}
{'loss': 2.9309, 'grad_norm': 0.26034295558929443, 'learning_rate': 0.00043683868109198223, 'epoch': 0.55}
{'loss': 2.9464, 'grad_norm': 0.2614109218120575, 'learning_rate': 0.0004366408178049728, 'epoch': 0.55}
{'loss': 2.9136, 'grad_norm': 0.2713569402694702, 'learning_rate': 0.0004364429646013907, 'epoch': 0.55}
{'loss': 2.8506, 'grad_norm': 0.2574142813682556, 'learning_rate': 0.000436245121512724, 'epoch': 0.55}
{'loss': 2.943, 'grad_norm': 0.29724493622779846, 'learning_rate': 0.0004360472885704585, 'epoch': 0.55}
{'loss': 2.8935, 'grad_norm': 0.29365333914756775, 'learning_rate': 0.0004358494658060789, 'epoch': 0.55}
{'loss': 3.1313, 'grad_norm': 0.25929662585258484, 'learning_rate': 0.00043565165325106826, 'epoch': 0.55}
{'loss': 2.8767, 'grad_norm': 0.2840059697628021, 'learning_rate': 0.0004354538509369075, 'epoch': 0.55}
{'loss': 2.993, 'grad_norm': 0.2678488492965698, 'learning_rate': 0.00043525605889507655, 'epoch': 0.56}
{'loss': 3.0311, 'grad_norm': 0.27795955538749695, 'learning_rate': 0.0004350582771570534, 'epoch': 0.56}
{'loss': 2.9823, 'grad_norm': 0.2790695130825043, 'learning_rate': 0.0004348605057543142, 'epoch': 0.56}
{'loss': 3.0193, 'grad_norm': 0.29350897669792175, 'learning_rate': 0.00043466274471833414, 'epoch': 0.56}
{'loss': 2.9971, 'grad_norm': 0.2733234167098999, 'learning_rate': 0.0004344649940805858, 'epoch': 0.56}
{'loss': 2.9356, 'grad_norm': 0.26785528659820557, 'learning_rate': 0.00043426725387254094, 'epoch': 0.56}
{'loss': 2.9852, 'grad_norm': 0.2736341059207916, 'learning_rate': 0.0004340695241256692, 'epoch': 0.56}
{'loss': 3.043, 'grad_norm': 0.27648264169692993, 'learning_rate': 0.0004338718048714387, 'epoch': 0.56}
{'loss': 3.0175, 'grad_norm': 0.2732127904891968, 'learning_rate': 0.00043367409614131615, 'epoch': 0.56}
{'loss': 3.0885, 'grad_norm': 0.2661554217338562, 'learning_rate': 0.00043347639796676585, 'epoch': 0.56}
{'loss': 3.027, 'grad_norm': 0.29524022340774536, 'learning_rate': 0.000433278710379251, 'epoch': 0.56}
{'loss': 2.9268, 'grad_norm': 0.2722947299480438, 'learning_rate': 0.00043308103341023344, 'epoch': 0.56}
{'loss': 2.9778, 'grad_norm': 0.2871728539466858, 'learning_rate': 0.0004328833670911724, 'epoch': 0.56}
{'loss': 2.9146, 'grad_norm': 0.2827966511249542, 'learning_rate': 0.00043268571145352585, 'epoch': 0.56}
{'loss': 3.1351, 'grad_norm': 0.2627345025539398, 'learning_rate': 0.00043248806652875047, 'epoch': 0.56}
{'loss': 2.9803, 'grad_norm': 0.2944256365299225, 'learning_rate': 0.00043229043234830066, 'epoch': 0.56}
{'loss': 2.9751, 'grad_norm': 0.2781032621860504, 'learning_rate': 0.00043209280894362923, 'epoch': 0.56}
{'loss': 2.9265, 'grad_norm': 0.25972670316696167, 'learning_rate': 0.0004318951963461876, 'epoch': 0.56}
{'loss': 2.9598, 'grad_norm': 0.2905547022819519, 'learning_rate': 0.0004316975945874249, 'epoch': 0.56}
{'loss': 3.0022, 'grad_norm': 0.28132933378219604, 'learning_rate': 0.0004315000036987894, 'epoch': 0.56}
{'loss': 3.058, 'grad_norm': 0.28712722659111023, 'learning_rate': 0.0004313024237117267, 'epoch': 0.56}
{'loss': 3.0687, 'grad_norm': 0.2593727111816406, 'learning_rate': 0.000431104854657681, 'epoch': 0.56}
{'loss': 3.0134, 'grad_norm': 0.306059330701828, 'learning_rate': 0.0004309072965680951, 'epoch': 0.56}
{'loss': 2.9645, 'grad_norm': 0.27789679169654846, 'learning_rate': 0.0004307097494744097, 'epoch': 0.56}
{'loss': 2.9024, 'grad_norm': 0.29155686497688293, 'learning_rate': 0.00043051221340806366, 'epoch': 0.56}
{'loss': 2.9323, 'grad_norm': 0.2749868631362915, 'learning_rate': 0.0004303146884004947, 'epoch': 0.56}
{'loss': 2.9116, 'grad_norm': 0.2717539668083191, 'learning_rate': 0.00043011717448313794, 'epoch': 0.56}
{'loss': 2.8691, 'grad_norm': 0.2485945075750351, 'learning_rate': 0.00042991967168742705, 'epoch': 0.56}
{'loss': 2.9117, 'grad_norm': 0.27805736660957336, 'learning_rate': 0.00042972218004479456, 'epoch': 0.56}
{'loss': 3.0607, 'grad_norm': 0.2938324809074402, 'learning_rate': 0.00042952469958667015, 'epoch': 0.56}
{'loss': 2.9354, 'grad_norm': 0.26328614354133606, 'learning_rate': 0.0004293272303444825, 'epoch': 0.56}
{'loss': 2.9934, 'grad_norm': 0.2704421877861023, 'learning_rate': 0.0004291297723496584, 'epoch': 0.56}
{'loss': 3.0219, 'grad_norm': 0.285904198884964, 'learning_rate': 0.00042893232563362226, 'epoch': 0.56}
{'loss': 3.0257, 'grad_norm': 0.2806335985660553, 'learning_rate': 0.00042873489022779773, 'epoch': 0.56}
{'loss': 2.9074, 'grad_norm': 0.2504967451095581, 'learning_rate': 0.00042853746616360554, 'epoch': 0.56}
{'loss': 2.8804, 'grad_norm': 0.3051595985889435, 'learning_rate': 0.0004283400534724653, 'epoch': 0.56}
{'loss': 3.045, 'grad_norm': 0.28591176867485046, 'learning_rate': 0.00042814265218579496, 'epoch': 0.56}
{'loss': 2.9029, 'grad_norm': 0.25020527839660645, 'learning_rate': 0.0004279452623350101, 'epoch': 0.56}
{'loss': 2.9818, 'grad_norm': 0.24421821534633636, 'learning_rate': 0.0004277478839515245, 'epoch': 0.56}
{'loss': 2.8526, 'grad_norm': 0.24869076907634735, 'learning_rate': 0.0004275505170667508, 'epoch': 0.56}
{'loss': 2.8886, 'grad_norm': 0.2761066257953644, 'learning_rate': 0.00042735316171209906, 'epoch': 0.56}
{'loss': 3.1241, 'grad_norm': 0.2940768897533417, 'learning_rate': 0.00042715581791897807, 'epoch': 0.56}
{'loss': 3.0693, 'grad_norm': 0.25070860981941223, 'learning_rate': 0.00042695848571879425, 'epoch': 0.56}
{'loss': 2.9254, 'grad_norm': 0.2540031373500824, 'learning_rate': 0.00042676116514295243, 'epoch': 0.56}
{'loss': 2.9165, 'grad_norm': 0.2470984011888504, 'learning_rate': 0.00042656385622285594, 'epoch': 0.56}
{'loss': 2.9041, 'grad_norm': 0.26311489939689636, 'learning_rate': 0.00042636655898990565, 'epoch': 0.56}
{'loss': 2.9662, 'grad_norm': 0.2626294791698456, 'learning_rate': 0.0004261692734755007, 'epoch': 0.56}
{'loss': 3.0057, 'grad_norm': 0.27017056941986084, 'learning_rate': 0.00042597199971103876, 'epoch': 0.56}
{'loss': 2.9765, 'grad_norm': 0.2748079001903534, 'learning_rate': 0.0004257747377279154, 'epoch': 0.56}
{'loss': 2.9345, 'grad_norm': 0.26387548446655273, 'learning_rate': 0.0004255774875575239, 'epoch': 0.56}
{'loss': 2.8897, 'grad_norm': 0.28628304600715637, 'learning_rate': 0.00042538024923125656, 'epoch': 0.56}
{'loss': 3.0209, 'grad_norm': 0.28781071305274963, 'learning_rate': 0.0004251830227805028, 'epoch': 0.56}
{'loss': 2.9733, 'grad_norm': 0.2646777927875519, 'learning_rate': 0.000424985808236651, 'epoch': 0.56}
{'loss': 2.9404, 'grad_norm': 0.305305153131485, 'learning_rate': 0.00042478860563108716, 'epoch': 0.56}
{'loss': 3.0377, 'grad_norm': 0.2749249041080475, 'learning_rate': 0.0004245914149951953, 'epoch': 0.56}
{'loss': 2.9987, 'grad_norm': 0.26593342423439026, 'learning_rate': 0.000424394236360358, 'epoch': 0.56}
{'loss': 3.0078, 'grad_norm': 0.29197120666503906, 'learning_rate': 0.00042419706975795567, 'epoch': 0.56}
{'loss': 2.9632, 'grad_norm': 0.2792630195617676, 'learning_rate': 0.00042399991521936643, 'epoch': 0.56}
{'loss': 3.0035, 'grad_norm': 0.2810088098049164, 'learning_rate': 0.00042380277277596733, 'epoch': 0.56}
{'loss': 2.9625, 'grad_norm': 0.26156431436538696, 'learning_rate': 0.0004236056424591326, 'epoch': 0.56}
{'loss': 3.066, 'grad_norm': 0.27113524079322815, 'learning_rate': 0.0004234085243002351, 'epoch': 0.56}
{'loss': 2.9397, 'grad_norm': 0.2775537669658661, 'learning_rate': 0.0004232114183306458, 'epoch': 0.56}
{'loss': 3.0781, 'grad_norm': 0.2554723918437958, 'learning_rate': 0.00042301432458173317, 'epoch': 0.56}
{'loss': 3.0919, 'grad_norm': 0.2860279381275177, 'learning_rate': 0.0004228172430848644, 'epoch': 0.56}
{'loss': 2.8642, 'grad_norm': 0.25901299715042114, 'learning_rate': 0.00042262017387140443, 'epoch': 0.56}
{'loss': 3.0276, 'grad_norm': 0.28943881392478943, 'learning_rate': 0.0004224231169727159, 'epoch': 0.56}
{'loss': 3.0653, 'grad_norm': 0.25846752524375916, 'learning_rate': 0.0004222260724201603, 'epoch': 0.56}
{'loss': 3.0158, 'grad_norm': 0.2808448374271393, 'learning_rate': 0.00042202904024509635, 'epoch': 0.56}
{'loss': 2.9123, 'grad_norm': 0.271179735660553, 'learning_rate': 0.0004218320204788812, 'epoch': 0.56}
{'loss': 3.0249, 'grad_norm': 0.2871266007423401, 'learning_rate': 0.0004216350131528702, 'epoch': 0.56}
{'loss': 2.9808, 'grad_norm': 0.27305179834365845, 'learning_rate': 0.00042143801829841633, 'epoch': 0.56}
{'loss': 2.968, 'grad_norm': 0.28478607535362244, 'learning_rate': 0.00042124103594687047, 'epoch': 0.56}
{'loss': 3.0296, 'grad_norm': 0.27361658215522766, 'learning_rate': 0.00042104406612958215, 'epoch': 0.56}
{'loss': 2.7741, 'grad_norm': 0.28036680817604065, 'learning_rate': 0.0004208471088778983, 'epoch': 0.56}
{'loss': 2.9672, 'grad_norm': 0.27078738808631897, 'learning_rate': 0.0004206501642231644, 'epoch': 0.56}
{'loss': 2.8809, 'grad_norm': 0.26623615622520447, 'learning_rate': 0.0004204532321967234, 'epoch': 0.56}
{'loss': 3.0152, 'grad_norm': 0.27285927534103394, 'learning_rate': 0.00042025631282991625, 'epoch': 0.56}
{'loss': 2.9709, 'grad_norm': 0.27252456545829773, 'learning_rate': 0.0004200594061540826, 'epoch': 0.56}
{'loss': 2.9588, 'grad_norm': 0.2807267904281616, 'learning_rate': 0.00041986251220055927, 'epoch': 0.56}
{'loss': 3.1212, 'grad_norm': 0.2648202180862427, 'learning_rate': 0.0004196656310006811, 'epoch': 0.56}
{'loss': 2.9725, 'grad_norm': 0.26895543932914734, 'learning_rate': 0.0004194687625857816, 'epoch': 0.56}
{'loss': 2.9136, 'grad_norm': 0.28073567152023315, 'learning_rate': 0.00041927190698719165, 'epoch': 0.57}
{'loss': 3.0694, 'grad_norm': 0.2537039816379547, 'learning_rate': 0.00041907506423624, 'epoch': 0.57}
{'loss': 3.0852, 'grad_norm': 0.27576202154159546, 'learning_rate': 0.00041887823436425405, 'epoch': 0.57}
{'loss': 2.9253, 'grad_norm': 0.25992095470428467, 'learning_rate': 0.0004186814174025582, 'epoch': 0.57}
{'loss': 2.9939, 'grad_norm': 0.26655277609825134, 'learning_rate': 0.00041848461338247567, 'epoch': 0.57}
{'loss': 2.7777, 'grad_norm': 0.26268863677978516, 'learning_rate': 0.0004182878223353272, 'epoch': 0.57}
{'loss': 3.0367, 'grad_norm': 0.29452481865882874, 'learning_rate': 0.00041809104429243115, 'epoch': 0.57}
{'loss': 2.9206, 'grad_norm': 0.26119524240493774, 'learning_rate': 0.00041789427928510457, 'epoch': 0.57}
{'loss': 2.9874, 'grad_norm': 0.27582913637161255, 'learning_rate': 0.000417697527344662, 'epoch': 0.57}
{'loss': 3.1114, 'grad_norm': 0.27359047532081604, 'learning_rate': 0.00041750078850241555, 'epoch': 0.57}
{'loss': 2.9952, 'grad_norm': 0.2606692314147949, 'learning_rate': 0.0004173040627896762, 'epoch': 0.57}
{'loss': 2.9605, 'grad_norm': 0.26153478026390076, 'learning_rate': 0.00041710735023775184, 'epoch': 0.57}
{'loss': 2.9236, 'grad_norm': 0.28796708583831787, 'learning_rate': 0.00041691065087794864, 'epoch': 0.57}
{'loss': 2.8695, 'grad_norm': 0.2842884659767151, 'learning_rate': 0.00041671396474157117, 'epoch': 0.57}
{'loss': 2.8889, 'grad_norm': 0.25383979082107544, 'learning_rate': 0.00041651729185992103, 'epoch': 0.57}
{'loss': 2.9686, 'grad_norm': 0.2675713002681732, 'learning_rate': 0.00041632063226429845, 'epoch': 0.57}
{'loss': 2.8397, 'grad_norm': 0.28346142172813416, 'learning_rate': 0.000416123985986001, 'epoch': 0.57}
{'loss': 2.9286, 'grad_norm': 0.27256524562835693, 'learning_rate': 0.0004159273530563242, 'epoch': 0.57}
{'loss': 2.8724, 'grad_norm': 0.25705593824386597, 'learning_rate': 0.0004157307335065621, 'epoch': 0.57}
{'loss': 3.0412, 'grad_norm': 0.27708956599235535, 'learning_rate': 0.0004155341273680058, 'epoch': 0.57}
{'loss': 3.0106, 'grad_norm': 0.2632359564304352, 'learning_rate': 0.0004153375346719444, 'epoch': 0.57}
{'loss': 3.0471, 'grad_norm': 0.29935336112976074, 'learning_rate': 0.00041514095544966555, 'epoch': 0.57}
{'loss': 2.9514, 'grad_norm': 0.2741824686527252, 'learning_rate': 0.0004149443897324538, 'epoch': 0.57}
{'loss': 3.0173, 'grad_norm': 0.2659708261489868, 'learning_rate': 0.0004147478375515924, 'epoch': 0.57}
{'loss': 2.966, 'grad_norm': 0.28923895955085754, 'learning_rate': 0.00041455129893836173, 'epoch': 0.57}
{'loss': 3.0201, 'grad_norm': 0.2938249111175537, 'learning_rate': 0.00041435477392404033, 'epoch': 0.57}
{'loss': 2.9446, 'grad_norm': 0.2621728181838989, 'learning_rate': 0.0004141582625399049, 'epoch': 0.57}
{'loss': 3.147, 'grad_norm': 0.2818640470504761, 'learning_rate': 0.00041396176481722937, 'epoch': 0.57}
{'loss': 3.1255, 'grad_norm': 0.26789990067481995, 'learning_rate': 0.0004137652807872858, 'epoch': 0.57}
{'loss': 2.9733, 'grad_norm': 0.28321316838264465, 'learning_rate': 0.00041356881048134416, 'epoch': 0.57}
{'loss': 3.0056, 'grad_norm': 0.2734394967556, 'learning_rate': 0.00041337235393067205, 'epoch': 0.57}
{'loss': 2.9269, 'grad_norm': 0.27089279890060425, 'learning_rate': 0.00041317591116653486, 'epoch': 0.57}
{'loss': 3.0159, 'grad_norm': 0.27899032831192017, 'learning_rate': 0.000412979482220196, 'epoch': 0.57}
{'loss': 2.9294, 'grad_norm': 0.26836422085762024, 'learning_rate': 0.00041278306712291645, 'epoch': 0.57}
{'loss': 2.9873, 'grad_norm': 0.2661485970020294, 'learning_rate': 0.0004125866659059554, 'epoch': 0.57}
{'loss': 3.0129, 'grad_norm': 0.26738792657852173, 'learning_rate': 0.0004123902786005693, 'epoch': 0.57}
{'loss': 2.9789, 'grad_norm': 0.2819662094116211, 'learning_rate': 0.0004121939052380124, 'epoch': 0.57}
{'loss': 2.8735, 'grad_norm': 0.2886519134044647, 'learning_rate': 0.00041199754584953733, 'epoch': 0.57}
{'loss': 2.7448, 'grad_norm': 0.2646797299385071, 'learning_rate': 0.0004118012004663939, 'epoch': 0.57}
{'loss': 2.8487, 'grad_norm': 0.26729077100753784, 'learning_rate': 0.00041160486911982985, 'epoch': 0.57}
{'loss': 3.0907, 'grad_norm': 0.2954659163951874, 'learning_rate': 0.0004114085518410909, 'epoch': 0.57}
{'loss': 3.0456, 'grad_norm': 0.29595574736595154, 'learning_rate': 0.0004112122486614204, 'epoch': 0.57}
{'loss': 2.919, 'grad_norm': 0.2602287232875824, 'learning_rate': 0.000411015959612059, 'epoch': 0.57}
{'loss': 2.8516, 'grad_norm': 0.25925204157829285, 'learning_rate': 0.00041081968472424615, 'epoch': 0.57}
{'loss': 2.8751, 'grad_norm': 0.2571575343608856, 'learning_rate': 0.00041062342402921787, 'epoch': 0.57}
{'loss': 2.939, 'grad_norm': 0.26349687576293945, 'learning_rate': 0.00041042717755820885, 'epoch': 0.57}
{'loss': 2.9154, 'grad_norm': 0.2819615304470062, 'learning_rate': 0.0004102309453424511, 'epoch': 0.57}
{'loss': 2.9196, 'grad_norm': 0.2537514567375183, 'learning_rate': 0.00041003472741317406, 'epoch': 0.57}
{'loss': 2.8067, 'grad_norm': 0.2689013183116913, 'learning_rate': 0.0004098385238016057, 'epoch': 0.57}
{'loss': 2.8892, 'grad_norm': 0.2781791687011719, 'learning_rate': 0.00040964233453897095, 'epoch': 0.57}
{'loss': 3.0713, 'grad_norm': 0.2750261723995209, 'learning_rate': 0.0004094461596564926, 'epoch': 0.57}
{'loss': 3.0331, 'grad_norm': 0.2745212912559509, 'learning_rate': 0.00040924999918539185, 'epoch': 0.57}
{'loss': 2.8917, 'grad_norm': 0.26758164167404175, 'learning_rate': 0.00040905385315688665, 'epoch': 0.57}
{'loss': 2.8008, 'grad_norm': 0.28553149104118347, 'learning_rate': 0.00040885772160219303, 'epoch': 0.57}
{'loss': 2.9479, 'grad_norm': 0.25124597549438477, 'learning_rate': 0.0004086616045525251, 'epoch': 0.57}
{'loss': 2.9909, 'grad_norm': 0.2654508054256439, 'learning_rate': 0.00040846550203909384, 'epoch': 0.57}
{'loss': 2.8651, 'grad_norm': 0.2698383927345276, 'learning_rate': 0.0004082694140931089, 'epoch': 0.57}
{'loss': 2.8053, 'grad_norm': 0.25287628173828125, 'learning_rate': 0.00040807334074577665, 'epoch': 0.57}
{'loss': 2.8636, 'grad_norm': 0.25207340717315674, 'learning_rate': 0.00040787728202830177, 'epoch': 0.57}
{'loss': 2.9872, 'grad_norm': 0.27292197942733765, 'learning_rate': 0.0004076812379718866, 'epoch': 0.57}
{'loss': 3.09, 'grad_norm': 0.24108003079891205, 'learning_rate': 0.0004074852086077308, 'epoch': 0.57}
{'loss': 3.1118, 'grad_norm': 0.2804689109325409, 'learning_rate': 0.0004072891939670317, 'epoch': 0.57}
{'loss': 2.8818, 'grad_norm': 0.24810729920864105, 'learning_rate': 0.00040709319408098465, 'epoch': 0.57}
{'loss': 3.1219, 'grad_norm': 0.26084890961647034, 'learning_rate': 0.0004068972089807826, 'epoch': 0.57}
{'loss': 2.9754, 'grad_norm': 0.2605752646923065, 'learning_rate': 0.0004067012386976156, 'epoch': 0.57}
{'loss': 3.0081, 'grad_norm': 0.2707749605178833, 'learning_rate': 0.0004065052832626721, 'epoch': 0.57}
{'loss': 3.0024, 'grad_norm': 0.28711646795272827, 'learning_rate': 0.0004063093427071376, 'epoch': 0.57}
{'loss': 2.883, 'grad_norm': 0.2749050557613373, 'learning_rate': 0.0004061134170621958, 'epoch': 0.57}
{'loss': 2.9039, 'grad_norm': 0.2639259696006775, 'learning_rate': 0.0004059175063590274, 'epoch': 0.57}
{'loss': 2.9771, 'grad_norm': 0.2768095135688782, 'learning_rate': 0.00040572161062881097, 'epoch': 0.57}
{'loss': 2.831, 'grad_norm': 0.2805532217025757, 'learning_rate': 0.00040552572990272285, 'epoch': 0.57}
{'loss': 2.7729, 'grad_norm': 0.2448091059923172, 'learning_rate': 0.000405329864211937, 'epoch': 0.57}
{'loss': 2.8434, 'grad_norm': 0.2601362466812134, 'learning_rate': 0.0004051340135876246, 'epoch': 0.57}
{'loss': 2.8745, 'grad_norm': 0.25086402893066406, 'learning_rate': 0.000404938178060955, 'epoch': 0.57}
{'loss': 2.9946, 'grad_norm': 0.29907622933387756, 'learning_rate': 0.0004047423576630946, 'epoch': 0.57}
{'loss': 2.8833, 'grad_norm': 0.2745918333530426, 'learning_rate': 0.0004045465524252076, 'epoch': 0.57}
{'loss': 2.9834, 'grad_norm': 0.2698780596256256, 'learning_rate': 0.0004043507623784562, 'epoch': 0.57}
{'loss': 2.9116, 'grad_norm': 0.29255104064941406, 'learning_rate': 0.00040415498755399934, 'epoch': 0.57}
{'loss': 3.0534, 'grad_norm': 0.253847599029541, 'learning_rate': 0.0004039592279829943, 'epoch': 0.57}
{'loss': 2.8141, 'grad_norm': 0.2810581624507904, 'learning_rate': 0.00040376348369659576, 'epoch': 0.57}
{'loss': 3.0211, 'grad_norm': 0.24796372652053833, 'learning_rate': 0.0004035677547259554, 'epoch': 0.57}
{'loss': 2.9823, 'grad_norm': 0.2664351761341095, 'learning_rate': 0.0004033720411022235, 'epoch': 0.58}
{'loss': 2.9846, 'grad_norm': 0.2667900621891022, 'learning_rate': 0.00040317634285654675, 'epoch': 0.58}
{'loss': 2.9122, 'grad_norm': 0.28700095415115356, 'learning_rate': 0.00040298066002007006, 'epoch': 0.58}
{'loss': 3.0183, 'grad_norm': 0.28267359733581543, 'learning_rate': 0.0004027849926239362, 'epoch': 0.58}
{'loss': 3.0631, 'grad_norm': 0.28034839034080505, 'learning_rate': 0.0004025893406992846, 'epoch': 0.58}
{'loss': 2.9745, 'grad_norm': 0.25586047768592834, 'learning_rate': 0.00040239370427725286, 'epoch': 0.58}
{'loss': 3.1318, 'grad_norm': 0.2998705506324768, 'learning_rate': 0.00040219808338897594, 'epoch': 0.58}
{'loss': 2.935, 'grad_norm': 0.2740357220172882, 'learning_rate': 0.0004020024780655862, 'epoch': 0.58}
{'loss': 2.9957, 'grad_norm': 0.2692330479621887, 'learning_rate': 0.000401806888338214, 'epoch': 0.58}
{'loss': 2.9484, 'grad_norm': 0.26503491401672363, 'learning_rate': 0.0004016113142379865, 'epoch': 0.58}
{'loss': 2.9175, 'grad_norm': 0.2881237268447876, 'learning_rate': 0.0004014157557960288, 'epoch': 0.58}
{'loss': 2.9844, 'grad_norm': 0.2742518186569214, 'learning_rate': 0.0004012202130434637, 'epoch': 0.58}
{'loss': 2.9189, 'grad_norm': 0.2784985303878784, 'learning_rate': 0.0004010246860114112, 'epoch': 0.58}
{'loss': 3.0484, 'grad_norm': 0.27578526735305786, 'learning_rate': 0.0004008291747309885, 'epoch': 0.58}
{'loss': 3.0024, 'grad_norm': 0.2809917628765106, 'learning_rate': 0.00040063367923331083, 'epoch': 0.58}
{'loss': 2.987, 'grad_norm': 0.2936672866344452, 'learning_rate': 0.000400438199549491, 'epoch': 0.58}
{'loss': 2.9727, 'grad_norm': 0.2928493618965149, 'learning_rate': 0.0004002427357106386, 'epoch': 0.58}
{'loss': 2.8078, 'grad_norm': 0.2534763216972351, 'learning_rate': 0.0004000472877478614, 'epoch': 0.58}
{'loss': 2.9402, 'grad_norm': 0.26647114753723145, 'learning_rate': 0.00039985185569226423, 'epoch': 0.58}
{'loss': 2.864, 'grad_norm': 0.2629583775997162, 'learning_rate': 0.0003996564395749498, 'epoch': 0.58}
{'loss': 3.0491, 'grad_norm': 0.27640488743782043, 'learning_rate': 0.0003994610394270178, 'epoch': 0.58}
{'loss': 2.8852, 'grad_norm': 0.2916649878025055, 'learning_rate': 0.00039926565527956536, 'epoch': 0.58}
{'loss': 3.0239, 'grad_norm': 0.2948819696903229, 'learning_rate': 0.00039907028716368764, 'epoch': 0.58}
{'loss': 2.995, 'grad_norm': 0.2766154706478119, 'learning_rate': 0.0003988749351104769, 'epoch': 0.58}
{'loss': 3.0752, 'grad_norm': 0.2599101960659027, 'learning_rate': 0.00039867959915102245, 'epoch': 0.58}
{'loss': 3.0131, 'grad_norm': 0.26889029145240784, 'learning_rate': 0.000398484279316412, 'epoch': 0.58}
{'loss': 2.9486, 'grad_norm': 0.2758009135723114, 'learning_rate': 0.0003982889756377297, 'epoch': 0.58}
{'loss': 2.9497, 'grad_norm': 0.32616519927978516, 'learning_rate': 0.00039809368814605763, 'epoch': 0.58}
{'loss': 2.9129, 'grad_norm': 0.25840771198272705, 'learning_rate': 0.00039789841687247544, 'epoch': 0.58}
{'loss': 2.9168, 'grad_norm': 0.28874945640563965, 'learning_rate': 0.00039770316184805965, 'epoch': 0.58}
{'loss': 2.9477, 'grad_norm': 0.25356683135032654, 'learning_rate': 0.00039750792310388485, 'epoch': 0.58}
{'loss': 2.8939, 'grad_norm': 0.2651064097881317, 'learning_rate': 0.0003973127006710226, 'epoch': 0.58}
{'loss': 3.0925, 'grad_norm': 0.31170448660850525, 'learning_rate': 0.00039711749458054167, 'epoch': 0.58}
{'loss': 2.9391, 'grad_norm': 0.2902553379535675, 'learning_rate': 0.00039692230486350913, 'epoch': 0.58}
{'loss': 2.9628, 'grad_norm': 0.275265634059906, 'learning_rate': 0.0003967271315509884, 'epoch': 0.58}
{'loss': 2.8621, 'grad_norm': 0.24657994508743286, 'learning_rate': 0.0003965319746740407, 'epoch': 0.58}
{'loss': 2.7919, 'grad_norm': 0.25938162207603455, 'learning_rate': 0.000396336834263725, 'epoch': 0.58}
{'loss': 3.0056, 'grad_norm': 0.29407840967178345, 'learning_rate': 0.00039614171035109725, 'epoch': 0.58}
{'loss': 3.0577, 'grad_norm': 0.27810436487197876, 'learning_rate': 0.00039594660296721044, 'epoch': 0.58}
{'loss': 2.932, 'grad_norm': 0.27036044001579285, 'learning_rate': 0.00039575151214311585, 'epoch': 0.58}
{'loss': 2.9713, 'grad_norm': 0.2866264581680298, 'learning_rate': 0.00039555643790986124, 'epoch': 0.58}
{'loss': 2.9152, 'grad_norm': 0.28071480989456177, 'learning_rate': 0.00039536138029849246, 'epoch': 0.58}
{'loss': 3.0488, 'grad_norm': 0.24841904640197754, 'learning_rate': 0.00039516633934005206, 'epoch': 0.58}
{'loss': 3.0624, 'grad_norm': 0.26685819029808044, 'learning_rate': 0.00039497131506558027, 'epoch': 0.58}
{'loss': 2.9037, 'grad_norm': 0.27227669954299927, 'learning_rate': 0.0003947763075061149, 'epoch': 0.58}
{'loss': 2.9444, 'grad_norm': 0.3117595911026001, 'learning_rate': 0.0003945813166926906, 'epoch': 0.58}
{'loss': 3.0497, 'grad_norm': 0.2701244652271271, 'learning_rate': 0.00039438634265633943, 'epoch': 0.58}
{'loss': 2.8784, 'grad_norm': 0.2741014361381531, 'learning_rate': 0.0003941913854280912, 'epoch': 0.58}
{'loss': 2.8196, 'grad_norm': 0.2647693157196045, 'learning_rate': 0.0003939964450389728, 'epoch': 0.58}
{'loss': 3.0487, 'grad_norm': 0.24536634981632233, 'learning_rate': 0.00039380152152000816, 'epoch': 0.58}
{'loss': 3.0048, 'grad_norm': 0.31100812554359436, 'learning_rate': 0.00039360661490221905, 'epoch': 0.58}
{'loss': 2.8911, 'grad_norm': 0.26846426725387573, 'learning_rate': 0.000393411725216624, 'epoch': 0.58}
{'loss': 2.8497, 'grad_norm': 0.2670285701751709, 'learning_rate': 0.00039321685249423937, 'epoch': 0.58}
{'loss': 2.966, 'grad_norm': 0.2770191431045532, 'learning_rate': 0.0003930219967660787, 'epoch': 0.58}
{'loss': 2.9787, 'grad_norm': 0.33456483483314514, 'learning_rate': 0.00039282715806315225, 'epoch': 0.58}
{'loss': 2.8779, 'grad_norm': 0.2708454132080078, 'learning_rate': 0.0003926323364164684, 'epoch': 0.58}
{'loss': 3.0555, 'grad_norm': 0.2778615653514862, 'learning_rate': 0.00039243753185703247, 'epoch': 0.58}
{'loss': 3.0061, 'grad_norm': 0.2734450399875641, 'learning_rate': 0.0003922427444158466, 'epoch': 0.58}
{'loss': 3.0791, 'grad_norm': 0.28702086210250854, 'learning_rate': 0.0003920479741239112, 'epoch': 0.58}
{'loss': 3.0642, 'grad_norm': 0.30922427773475647, 'learning_rate': 0.00039185322101222307, 'epoch': 0.58}
{'loss': 3.0172, 'grad_norm': 0.2717989385128021, 'learning_rate': 0.00039165848511177656, 'epoch': 0.58}
{'loss': 2.8421, 'grad_norm': 0.2584802508354187, 'learning_rate': 0.0003914637664535636, 'epoch': 0.58}
{'loss': 2.8347, 'grad_norm': 0.2672162652015686, 'learning_rate': 0.0003912690650685726, 'epoch': 0.58}
{'loss': 3.0522, 'grad_norm': 0.2732243239879608, 'learning_rate': 0.0003910743809877902, 'epoch': 0.58}
{'loss': 3.01, 'grad_norm': 0.284864217042923, 'learning_rate': 0.0003908797142421997, 'epoch': 0.58}
{'loss': 2.8712, 'grad_norm': 0.2754789888858795, 'learning_rate': 0.0003906850648627814, 'epoch': 0.58}
{'loss': 2.9362, 'grad_norm': 0.2880639433860779, 'learning_rate': 0.00039049043288051367, 'epoch': 0.58}
{'loss': 2.9563, 'grad_norm': 0.29589176177978516, 'learning_rate': 0.00039029581832637127, 'epoch': 0.58}
{'loss': 2.7995, 'grad_norm': 0.2416854202747345, 'learning_rate': 0.0003901012212313265, 'epoch': 0.58}
{'loss': 2.9894, 'grad_norm': 0.2826896607875824, 'learning_rate': 0.00038990664162634925, 'epoch': 0.58}
{'loss': 2.9654, 'grad_norm': 0.2913888990879059, 'learning_rate': 0.00038971207954240615, 'epoch': 0.58}
{'loss': 2.9798, 'grad_norm': 0.27691978216171265, 'learning_rate': 0.0003895175350104609, 'epoch': 0.58}
{'loss': 2.7747, 'grad_norm': 0.27434831857681274, 'learning_rate': 0.000389323008061475, 'epoch': 0.58}
{'loss': 3.0682, 'grad_norm': 0.2639177143573761, 'learning_rate': 0.00038912849872640667, 'epoch': 0.58}
{'loss': 3.0549, 'grad_norm': 0.26448965072631836, 'learning_rate': 0.0003889340070362118, 'epoch': 0.58}
{'loss': 3.1401, 'grad_norm': 0.2861686050891876, 'learning_rate': 0.00038873953302184284, 'epoch': 0.58}
{'loss': 3.0252, 'grad_norm': 0.2635916471481323, 'learning_rate': 0.00038854507671424977, 'epoch': 0.58}
{'loss': 3.0284, 'grad_norm': 0.2743610441684723, 'learning_rate': 0.00038835063814438004, 'epoch': 0.58}
{'loss': 2.9752, 'grad_norm': 0.3070475459098816, 'learning_rate': 0.0003881562173431778, 'epoch': 0.58}
{'loss': 2.9361, 'grad_norm': 0.25954172015190125, 'learning_rate': 0.00038796181434158427, 'epoch': 0.58}
{'loss': 2.861, 'grad_norm': 0.3008144199848175, 'learning_rate': 0.0003877674291705386, 'epoch': 0.58}
{'loss': 3.1178, 'grad_norm': 0.269989013671875, 'learning_rate': 0.0003875730618609764, 'epoch': 0.59}
{'loss': 2.8351, 'grad_norm': 0.26242658495903015, 'learning_rate': 0.00038737871244383046, 'epoch': 0.59}
{'loss': 2.8981, 'grad_norm': 0.2524653673171997, 'learning_rate': 0.0003871843809500313, 'epoch': 0.59}
{'loss': 2.912, 'grad_norm': 0.31005898118019104, 'learning_rate': 0.0003869900674105058, 'epoch': 0.59}
{'loss': 2.8932, 'grad_norm': 0.2878735661506653, 'learning_rate': 0.0003867957718561787, 'epoch': 0.59}
{'loss': 2.9956, 'grad_norm': 0.2791156470775604, 'learning_rate': 0.00038660149431797157, 'epoch': 0.59}
{'loss': 2.9633, 'grad_norm': 0.29522159695625305, 'learning_rate': 0.0003864072348268028, 'epoch': 0.59}
{'loss': 3.0713, 'grad_norm': 0.29335451126098633, 'learning_rate': 0.00038621299341358857, 'epoch': 0.59}
{'loss': 3.0155, 'grad_norm': 0.2758563756942749, 'learning_rate': 0.00038601877010924175, 'epoch': 0.59}
{'loss': 3.0813, 'grad_norm': 0.2777843177318573, 'learning_rate': 0.0003858245649446721, 'epoch': 0.59}
{'loss': 2.9448, 'grad_norm': 0.2543770372867584, 'learning_rate': 0.0003856303779507873, 'epoch': 0.59}
{'loss': 2.9715, 'grad_norm': 0.27396491169929504, 'learning_rate': 0.00038543620915849127, 'epoch': 0.59}
{'loss': 2.943, 'grad_norm': 0.2707535922527313, 'learning_rate': 0.0003852420585986853, 'epoch': 0.59}
{'loss': 2.9688, 'grad_norm': 0.3073596954345703, 'learning_rate': 0.0003850479263022684, 'epoch': 0.59}
{'loss': 3.0093, 'grad_norm': 0.3126601278781891, 'learning_rate': 0.0003848538123001356, 'epoch': 0.59}
{'loss': 2.9611, 'grad_norm': 0.2669200897216797, 'learning_rate': 0.00038465971662318005, 'epoch': 0.59}
{'loss': 2.9692, 'grad_norm': 0.28526943922042847, 'learning_rate': 0.0003844656393022912, 'epoch': 0.59}
{'loss': 2.7913, 'grad_norm': 0.29085907340049744, 'learning_rate': 0.00038427158036835574, 'epoch': 0.59}
{'loss': 2.8251, 'grad_norm': 0.25159376859664917, 'learning_rate': 0.0003840775398522581, 'epoch': 0.59}
{'loss': 3.0735, 'grad_norm': 0.30573570728302, 'learning_rate': 0.0003838835177848788, 'epoch': 0.59}
{'loss': 3.0853, 'grad_norm': 0.28765183687210083, 'learning_rate': 0.0003836895141970959, 'epoch': 0.59}
{'loss': 3.0811, 'grad_norm': 0.2636493146419525, 'learning_rate': 0.0003834955291197849, 'epoch': 0.59}
{'loss': 3.0657, 'grad_norm': 0.3039467930793762, 'learning_rate': 0.00038330156258381765, 'epoch': 0.59}
{'loss': 3.0134, 'grad_norm': 0.27579087018966675, 'learning_rate': 0.0003831076146200632, 'epoch': 0.59}
{'loss': 2.935, 'grad_norm': 0.26661622524261475, 'learning_rate': 0.0003829136852593881, 'epoch': 0.59}
{'loss': 2.8734, 'grad_norm': 0.28558897972106934, 'learning_rate': 0.00038271977453265547, 'epoch': 0.59}
{'loss': 2.9994, 'grad_norm': 0.2791302502155304, 'learning_rate': 0.00038252588247072577, 'epoch': 0.59}
{'loss': 2.9665, 'grad_norm': 0.2635631561279297, 'learning_rate': 0.00038233200910445627, 'epoch': 0.59}
{'loss': 2.949, 'grad_norm': 0.30888593196868896, 'learning_rate': 0.0003821381544647013, 'epoch': 0.59}
{'loss': 2.9889, 'grad_norm': 0.27198973298072815, 'learning_rate': 0.0003819443185823123, 'epoch': 0.59}
{'loss': 3.0092, 'grad_norm': 0.2648765444755554, 'learning_rate': 0.0003817505014881378, 'epoch': 0.59}
{'loss': 2.915, 'grad_norm': 0.2485804408788681, 'learning_rate': 0.0003815567032130229, 'epoch': 0.59}
{'loss': 2.9612, 'grad_norm': 0.23082496225833893, 'learning_rate': 0.0003813629237878103, 'epoch': 0.59}
{'loss': 2.8726, 'grad_norm': 0.2711866796016693, 'learning_rate': 0.00038116916324333947, 'epoch': 0.59}
{'loss': 3.0191, 'grad_norm': 0.2817918062210083, 'learning_rate': 0.0003809754216104465, 'epoch': 0.59}
{'loss': 2.9538, 'grad_norm': 0.26332634687423706, 'learning_rate': 0.0003807816989199652, 'epoch': 0.59}
{'loss': 3.0007, 'grad_norm': 0.27978000044822693, 'learning_rate': 0.0003805879952027256, 'epoch': 0.59}
{'loss': 3.1445, 'grad_norm': 0.28779101371765137, 'learning_rate': 0.00038039431048955533, 'epoch': 0.59}
{'loss': 3.0425, 'grad_norm': 0.2825704514980316, 'learning_rate': 0.0003802006448112789, 'epoch': 0.59}
{'loss': 2.8386, 'grad_norm': 0.26636016368865967, 'learning_rate': 0.00038000699819871705, 'epoch': 0.59}
{'loss': 2.9351, 'grad_norm': 0.26792532205581665, 'learning_rate': 0.00037981337068268854, 'epoch': 0.59}
{'loss': 2.9004, 'grad_norm': 0.26849737763404846, 'learning_rate': 0.0003796197622940086, 'epoch': 0.59}
{'loss': 2.9402, 'grad_norm': 0.2670339345932007, 'learning_rate': 0.0003794261730634892, 'epoch': 0.59}
{'loss': 3.0559, 'grad_norm': 0.2875962257385254, 'learning_rate': 0.0003792326030219398, 'epoch': 0.59}
{'loss': 2.9988, 'grad_norm': 0.24580234289169312, 'learning_rate': 0.0003790390522001662, 'epoch': 0.59}
{'loss': 2.9832, 'grad_norm': 0.2844698429107666, 'learning_rate': 0.0003788455206289715, 'epoch': 0.59}
{'loss': 2.9691, 'grad_norm': 0.2965872287750244, 'learning_rate': 0.000378652008339156, 'epoch': 0.59}
{'loss': 2.9922, 'grad_norm': 0.28289079666137695, 'learning_rate': 0.0003784585153615161, 'epoch': 0.59}
{'loss': 2.796, 'grad_norm': 0.27295929193496704, 'learning_rate': 0.0003782650417268462, 'epoch': 0.59}
{'loss': 3.1619, 'grad_norm': 0.26144057512283325, 'learning_rate': 0.0003780715874659366, 'epoch': 0.59}
{'loss': 2.898, 'grad_norm': 0.29204612970352173, 'learning_rate': 0.00037787815260957505, 'epoch': 0.59}
{'loss': 3.031, 'grad_norm': 0.31070154905319214, 'learning_rate': 0.0003776847371885464, 'epoch': 0.59}
{'loss': 2.9927, 'grad_norm': 0.28484007716178894, 'learning_rate': 0.00037749134123363194, 'epoch': 0.59}
{'loss': 3.0169, 'grad_norm': 0.2838650941848755, 'learning_rate': 0.00037729796477560995, 'epoch': 0.59}
{'loss': 2.9708, 'grad_norm': 0.26641812920570374, 'learning_rate': 0.00037710460784525613, 'epoch': 0.59}
{'loss': 2.9236, 'grad_norm': 0.2953893542289734, 'learning_rate': 0.0003769112704733424, 'epoch': 0.59}
{'loss': 2.9354, 'grad_norm': 0.29012227058410645, 'learning_rate': 0.00037671795269063763, 'epoch': 0.59}
{'loss': 2.998, 'grad_norm': 0.27885526418685913, 'learning_rate': 0.00037652465452790815, 'epoch': 0.59}
{'loss': 3.0519, 'grad_norm': 0.24690905213356018, 'learning_rate': 0.0003763313760159164, 'epoch': 0.59}
{'loss': 3.0271, 'grad_norm': 0.27008071541786194, 'learning_rate': 0.0003761381171854227, 'epoch': 0.59}
{'loss': 2.8567, 'grad_norm': 0.2743712365627289, 'learning_rate': 0.00037594487806718316, 'epoch': 0.59}
{'loss': 2.9113, 'grad_norm': 0.2803649604320526, 'learning_rate': 0.00037575165869195115, 'epoch': 0.59}
{'loss': 2.9222, 'grad_norm': 0.27442216873168945, 'learning_rate': 0.0003755584590904772, 'epoch': 0.59}
{'loss': 2.8585, 'grad_norm': 0.2740591764450073, 'learning_rate': 0.0003753652792935085, 'epoch': 0.59}
{'loss': 3.0046, 'grad_norm': 0.2667768895626068, 'learning_rate': 0.0003751721193317887, 'epoch': 0.59}
{'loss': 2.8363, 'grad_norm': 0.291014164686203, 'learning_rate': 0.0003749789792360589, 'epoch': 0.59}
{'loss': 2.8815, 'grad_norm': 0.31116077303886414, 'learning_rate': 0.00037478585903705697, 'epoch': 0.59}
{'loss': 3.0151, 'grad_norm': 0.27612730860710144, 'learning_rate': 0.000374592758765517, 'epoch': 0.59}
{'loss': 3.0037, 'grad_norm': 0.3034552037715912, 'learning_rate': 0.0003743996784521706, 'epoch': 0.59}
{'loss': 2.9337, 'grad_norm': 0.2673163115978241, 'learning_rate': 0.00037420661812774574, 'epoch': 0.59}
{'loss': 3.1507, 'grad_norm': 0.28434160351753235, 'learning_rate': 0.0003740135778229676, 'epoch': 0.59}
{'loss': 3.0711, 'grad_norm': 0.2954768240451813, 'learning_rate': 0.000373820557568558, 'epoch': 0.59}
{'loss': 2.8068, 'grad_norm': 0.2918069362640381, 'learning_rate': 0.00037362755739523535, 'epoch': 0.59}
{'loss': 2.8828, 'grad_norm': 0.27742132544517517, 'learning_rate': 0.0003734345773337153, 'epoch': 0.59}
{'loss': 2.895, 'grad_norm': 0.26830750703811646, 'learning_rate': 0.00037324161741470976, 'epoch': 0.59}
{'loss': 2.9579, 'grad_norm': 0.2855648994445801, 'learning_rate': 0.0003730486776689278, 'epoch': 0.59}
{'loss': 3.0552, 'grad_norm': 0.289180189371109, 'learning_rate': 0.0003728557581270755, 'epoch': 0.59}
{'loss': 2.9186, 'grad_norm': 0.2768694758415222, 'learning_rate': 0.0003726628588198551, 'epoch': 0.59}
{'loss': 2.8419, 'grad_norm': 0.2701675295829773, 'learning_rate': 0.00037246997977796617, 'epoch': 0.59}
{'loss': 2.9536, 'grad_norm': 0.2843906879425049, 'learning_rate': 0.0003722771210321048, 'epoch': 0.59}
{'loss': 2.9682, 'grad_norm': 0.28900519013404846, 'learning_rate': 0.0003720842826129637, 'epoch': 0.59}
{'loss': 2.9981, 'grad_norm': 0.33510622382164, 'learning_rate': 0.0003718914645512329, 'epoch': 0.6}
{'loss': 2.9684, 'grad_norm': 0.259824275970459, 'learning_rate': 0.00037169866687759856, 'epoch': 0.6}
{'loss': 2.9288, 'grad_norm': 0.2815743684768677, 'learning_rate': 0.0003715058896227438, 'epoch': 0.6}
{'loss': 2.8961, 'grad_norm': 0.2890562415122986, 'learning_rate': 0.00037131313281734893, 'epoch': 0.6}
{'loss': 3.0224, 'grad_norm': 0.25985047221183777, 'learning_rate': 0.00037112039649209015, 'epoch': 0.6}
{'loss': 2.7441, 'grad_norm': 0.28415676951408386, 'learning_rate': 0.0003709276806776412, 'epoch': 0.6}
{'loss': 2.8698, 'grad_norm': 0.298204630613327, 'learning_rate': 0.0003707349854046721, 'epoch': 0.6}
{'loss': 2.9371, 'grad_norm': 0.27535003423690796, 'learning_rate': 0.0003705423107038497, 'epoch': 0.6}
{'loss': 2.9338, 'grad_norm': 0.2789234519004822, 'learning_rate': 0.0003703496566058379, 'epoch': 0.6}
{'loss': 2.9973, 'grad_norm': 0.27560049295425415, 'learning_rate': 0.00037015702314129674, 'epoch': 0.6}
{'loss': 2.9348, 'grad_norm': 0.29386773705482483, 'learning_rate': 0.00036996441034088326, 'epoch': 0.6}
{'loss': 2.9053, 'grad_norm': 0.2849447429180145, 'learning_rate': 0.0003697718182352514, 'epoch': 0.6}
{'loss': 2.9518, 'grad_norm': 0.27624011039733887, 'learning_rate': 0.0003695792468550517, 'epoch': 0.6}
{'loss': 3.0169, 'grad_norm': 0.27416694164276123, 'learning_rate': 0.00036938669623093085, 'epoch': 0.6}
{'loss': 3.0024, 'grad_norm': 0.2655252516269684, 'learning_rate': 0.0003691941663935332, 'epoch': 0.6}
{'loss': 3.0663, 'grad_norm': 0.2676890790462494, 'learning_rate': 0.0003690016573734992, 'epoch': 0.6}
{'loss': 2.9289, 'grad_norm': 0.2772515118122101, 'learning_rate': 0.0003688091692014658, 'epoch': 0.6}
{'loss': 3.0778, 'grad_norm': 0.24701444804668427, 'learning_rate': 0.00036861670190806736, 'epoch': 0.6}
{'loss': 2.776, 'grad_norm': 0.2603651285171509, 'learning_rate': 0.0003684242555239342, 'epoch': 0.6}
{'loss': 2.8837, 'grad_norm': 0.32099252939224243, 'learning_rate': 0.00036823183007969373, 'epoch': 0.6}
{'loss': 2.9748, 'grad_norm': 0.3314363360404968, 'learning_rate': 0.0003680394256059699, 'epoch': 0.6}
{'loss': 3.0748, 'grad_norm': 0.2819664478302002, 'learning_rate': 0.0003678470421333832, 'epoch': 0.6}
{'loss': 2.9031, 'grad_norm': 0.2708091139793396, 'learning_rate': 0.00036765467969255086, 'epoch': 0.6}
{'loss': 3.0126, 'grad_norm': 0.27072668075561523, 'learning_rate': 0.000367462338314087, 'epoch': 0.6}
{'loss': 3.0686, 'grad_norm': 0.2808685898780823, 'learning_rate': 0.00036727001802860205, 'epoch': 0.6}
{'loss': 3.0272, 'grad_norm': 0.27851492166519165, 'learning_rate': 0.0003670777188667033, 'epoch': 0.6}
{'loss': 2.919, 'grad_norm': 0.2739361524581909, 'learning_rate': 0.00036688544085899445, 'epoch': 0.6}
{'loss': 2.8285, 'grad_norm': 0.26295265555381775, 'learning_rate': 0.000366693184036076, 'epoch': 0.6}
{'loss': 2.7246, 'grad_norm': 0.24836838245391846, 'learning_rate': 0.0003665009484285453, 'epoch': 0.6}
{'loss': 2.8003, 'grad_norm': 0.273406445980072, 'learning_rate': 0.00036630873406699575, 'epoch': 0.6}
{'loss': 3.0947, 'grad_norm': 0.27151045203208923, 'learning_rate': 0.00036611654098201796, 'epoch': 0.6}
{'loss': 3.2093, 'grad_norm': 0.26888468861579895, 'learning_rate': 0.00036592436920419885, 'epoch': 0.6}
{'loss': 3.0068, 'grad_norm': 0.27324387431144714, 'learning_rate': 0.0003657322187641218, 'epoch': 0.6}
{'loss': 2.939, 'grad_norm': 0.3052253723144531, 'learning_rate': 0.00036554008969236717, 'epoch': 0.6}
{'loss': 2.8961, 'grad_norm': 0.2859397232532501, 'learning_rate': 0.0003653479820195117, 'epoch': 0.6}
{'loss': 2.9991, 'grad_norm': 0.27983352541923523, 'learning_rate': 0.0003651558957761286, 'epoch': 0.6}
{'loss': 2.9294, 'grad_norm': 0.282213032245636, 'learning_rate': 0.0003649638309927883, 'epoch': 0.6}
{'loss': 2.9958, 'grad_norm': 0.266461580991745, 'learning_rate': 0.00036477178770005694, 'epoch': 0.6}
{'loss': 2.9257, 'grad_norm': 0.28182676434516907, 'learning_rate': 0.0003645797659284975, 'epoch': 0.6}
{'loss': 2.985, 'grad_norm': 0.289888471364975, 'learning_rate': 0.00036438776570867006, 'epoch': 0.6}
{'loss': 3.0022, 'grad_norm': 0.2933115065097809, 'learning_rate': 0.00036419578707113054, 'epoch': 0.6}
{'loss': 3.0414, 'grad_norm': 0.2545558214187622, 'learning_rate': 0.0003640038300464323, 'epoch': 0.6}
{'loss': 2.9128, 'grad_norm': 0.28395357728004456, 'learning_rate': 0.00036381189466512423, 'epoch': 0.6}
{'loss': 2.871, 'grad_norm': 0.27146053314208984, 'learning_rate': 0.0003636199809577524, 'epoch': 0.6}
{'loss': 2.891, 'grad_norm': 0.25916245579719543, 'learning_rate': 0.0003634280889548596, 'epoch': 0.6}
{'loss': 2.8888, 'grad_norm': 0.29470378160476685, 'learning_rate': 0.0003632362186869846, 'epoch': 0.6}
{'loss': 2.9373, 'grad_norm': 0.26215580105781555, 'learning_rate': 0.00036304437018466285, 'epoch': 0.6}
{'loss': 2.9272, 'grad_norm': 0.26834872364997864, 'learning_rate': 0.0003628525434784268, 'epoch': 0.6}
{'loss': 2.938, 'grad_norm': 0.2803906500339508, 'learning_rate': 0.000362660738598805, 'epoch': 0.6}
{'loss': 2.8314, 'grad_norm': 0.28839975595474243, 'learning_rate': 0.0003624689555763224, 'epoch': 0.6}
{'loss': 3.0462, 'grad_norm': 0.279249370098114, 'learning_rate': 0.0003622771944415012, 'epoch': 0.6}
{'loss': 3.1509, 'grad_norm': 0.2744005024433136, 'learning_rate': 0.0003620854552248591, 'epoch': 0.6}
{'loss': 3.0094, 'grad_norm': 0.2823013663291931, 'learning_rate': 0.0003618937379569111, 'epoch': 0.6}
{'loss': 2.971, 'grad_norm': 0.26090824604034424, 'learning_rate': 0.0003617020426681685, 'epoch': 0.6}
{'loss': 2.9307, 'grad_norm': 0.28251969814300537, 'learning_rate': 0.00036151036938913885, 'epoch': 0.6}
{'loss': 3.0134, 'grad_norm': 0.2816492021083832, 'learning_rate': 0.0003613187181503265, 'epoch': 0.6}
{'loss': 2.9758, 'grad_norm': 0.28855541348457336, 'learning_rate': 0.0003611270889822322, 'epoch': 0.6}
{'loss': 2.9223, 'grad_norm': 0.2684035897254944, 'learning_rate': 0.000360935481915353, 'epoch': 0.6}
{'loss': 2.9251, 'grad_norm': 0.26193612813949585, 'learning_rate': 0.00036074389698018296, 'epoch': 0.6}
{'loss': 2.9218, 'grad_norm': 0.2911776006221771, 'learning_rate': 0.0003605523342072119, 'epoch': 0.6}
{'loss': 2.9373, 'grad_norm': 0.27964702248573303, 'learning_rate': 0.0003603607936269265, 'epoch': 0.6}
{'loss': 3.0455, 'grad_norm': 0.27682843804359436, 'learning_rate': 0.0003601692752698101, 'epoch': 0.6}
{'loss': 2.8199, 'grad_norm': 0.2746843099594116, 'learning_rate': 0.00035997777916634206, 'epoch': 0.6}
{'loss': 3.0067, 'grad_norm': 0.28494787216186523, 'learning_rate': 0.0003597863053469987, 'epoch': 0.6}
{'loss': 2.9463, 'grad_norm': 0.2840310037136078, 'learning_rate': 0.0003595948538422522, 'epoch': 0.6}
{'loss': 3.0046, 'grad_norm': 0.27139803767204285, 'learning_rate': 0.0003594034246825716, 'epoch': 0.6}
{'loss': 2.9086, 'grad_norm': 0.27992188930511475, 'learning_rate': 0.0003592120178984225, 'epoch': 0.6}
{'loss': 2.9577, 'grad_norm': 0.2690975069999695, 'learning_rate': 0.0003590206335202665, 'epoch': 0.6}
{'loss': 3.0048, 'grad_norm': 0.2662700116634369, 'learning_rate': 0.0003588292715785617, 'epoch': 0.6}
{'loss': 2.9491, 'grad_norm': 0.2707335352897644, 'learning_rate': 0.0003586379321037633, 'epoch': 0.6}
{'loss': 2.9877, 'grad_norm': 0.2744573950767517, 'learning_rate': 0.00035844661512632217, 'epoch': 0.6}
{'loss': 3.0555, 'grad_norm': 0.28196513652801514, 'learning_rate': 0.0003582553206766855, 'epoch': 0.6}
{'loss': 3.057, 'grad_norm': 0.2675284743309021, 'learning_rate': 0.00035806404878529764, 'epoch': 0.6}
{'loss': 3.0159, 'grad_norm': 0.26405882835388184, 'learning_rate': 0.00035787279948259874, 'epoch': 0.6}
{'loss': 3.0601, 'grad_norm': 0.26931941509246826, 'learning_rate': 0.0003576815727990259, 'epoch': 0.6}
{'loss': 2.9387, 'grad_norm': 0.25743985176086426, 'learning_rate': 0.00035749036876501193, 'epoch': 0.6}
{'loss': 2.9791, 'grad_norm': 0.27646857500076294, 'learning_rate': 0.0003572991874109864, 'epoch': 0.6}
{'loss': 3.1812, 'grad_norm': 0.26188695430755615, 'learning_rate': 0.0003571080287673757, 'epoch': 0.6}
{'loss': 2.9357, 'grad_norm': 0.24749819934368134, 'learning_rate': 0.00035691689286460173, 'epoch': 0.6}
{'loss': 3.1108, 'grad_norm': 0.2774295508861542, 'learning_rate': 0.00035672577973308307, 'epoch': 0.6}
{'loss': 3.0273, 'grad_norm': 0.26953935623168945, 'learning_rate': 0.00035653468940323517, 'epoch': 0.6}
{'loss': 3.0655, 'grad_norm': 0.27819302678108215, 'learning_rate': 0.0003563436219054695, 'epoch': 0.6}
{'loss': 2.8652, 'grad_norm': 0.25914621353149414, 'learning_rate': 0.00035615257727019366, 'epoch': 0.61}
{'loss': 3.0223, 'grad_norm': 0.2731216847896576, 'learning_rate': 0.0003559615555278121, 'epoch': 0.61}
{'loss': 2.8893, 'grad_norm': 0.26958587765693665, 'learning_rate': 0.00035577055670872495, 'epoch': 0.61}
{'loss': 2.9059, 'grad_norm': 0.25568121671676636, 'learning_rate': 0.0003555795808433295, 'epoch': 0.61}
{'loss': 2.9449, 'grad_norm': 0.28700923919677734, 'learning_rate': 0.000355388627962019, 'epoch': 0.61}
{'loss': 3.2024, 'grad_norm': 0.2939507067203522, 'learning_rate': 0.00035519769809518276, 'epoch': 0.61}
{'loss': 3.0824, 'grad_norm': 0.27333396673202515, 'learning_rate': 0.0003550067912732069, 'epoch': 0.61}
{'loss': 2.9655, 'grad_norm': 0.25308889150619507, 'learning_rate': 0.0003548159075264738, 'epoch': 0.61}
{'loss': 3.1333, 'grad_norm': 0.2594890594482422, 'learning_rate': 0.00035462504688536166, 'epoch': 0.61}
{'loss': 2.8372, 'grad_norm': 0.28880396485328674, 'learning_rate': 0.0003544342093802458, 'epoch': 0.61}
{'loss': 3.0173, 'grad_norm': 0.2838258743286133, 'learning_rate': 0.00035424339504149714, 'epoch': 0.61}
{'loss': 2.847, 'grad_norm': 0.2624138295650482, 'learning_rate': 0.00035405260389948336, 'epoch': 0.61}
{'loss': 3.0949, 'grad_norm': 0.30194291472435, 'learning_rate': 0.0003538618359845684, 'epoch': 0.61}
{'loss': 2.966, 'grad_norm': 0.2857811450958252, 'learning_rate': 0.0003536710913271121, 'epoch': 0.61}
{'loss': 3.1296, 'grad_norm': 0.2858792245388031, 'learning_rate': 0.0003534803699574713, 'epoch': 0.61}
{'loss': 2.896, 'grad_norm': 0.2879643440246582, 'learning_rate': 0.00035328967190599857, 'epoch': 0.61}
{'loss': 3.0294, 'grad_norm': 0.2852625846862793, 'learning_rate': 0.0003530989972030428, 'epoch': 0.61}
{'loss': 2.9838, 'grad_norm': 0.2863379716873169, 'learning_rate': 0.0003529083458789496, 'epoch': 0.61}
{'loss': 2.9481, 'grad_norm': 0.25433701276779175, 'learning_rate': 0.0003527177179640604, 'epoch': 0.61}
{'loss': 3.001, 'grad_norm': 0.2956494390964508, 'learning_rate': 0.00035252711348871283, 'epoch': 0.61}
{'loss': 3.0257, 'grad_norm': 0.2735661566257477, 'learning_rate': 0.0003523365324832416, 'epoch': 0.61}
{'loss': 2.9927, 'grad_norm': 0.28817591071128845, 'learning_rate': 0.0003521459749779768, 'epoch': 0.61}
{'loss': 3.0759, 'grad_norm': 0.28194278478622437, 'learning_rate': 0.00035195544100324487, 'epoch': 0.61}
{'loss': 2.838, 'grad_norm': 0.26733532547950745, 'learning_rate': 0.0003517649305893691, 'epoch': 0.61}
{'loss': 2.951, 'grad_norm': 0.2937973141670227, 'learning_rate': 0.0003515744437666684, 'epoch': 0.61}
{'loss': 2.8432, 'grad_norm': 0.29651039838790894, 'learning_rate': 0.0003513839805654585, 'epoch': 0.61}
{'loss': 2.9306, 'grad_norm': 0.2862826883792877, 'learning_rate': 0.00035119354101605083, 'epoch': 0.61}
{'loss': 3.0995, 'grad_norm': 0.2922379970550537, 'learning_rate': 0.0003510031251487532, 'epoch': 0.61}
{'loss': 3.0485, 'grad_norm': 0.28243488073349, 'learning_rate': 0.0003508127329938699, 'epoch': 0.61}
{'loss': 3.0511, 'grad_norm': 0.2753064036369324, 'learning_rate': 0.0003506223645817014, 'epoch': 0.61}
{'loss': 2.9018, 'grad_norm': 0.2972203493118286, 'learning_rate': 0.0003504320199425438, 'epoch': 0.61}
{'loss': 2.8361, 'grad_norm': 0.2846778631210327, 'learning_rate': 0.0003502416991066904, 'epoch': 0.61}
{'loss': 2.9103, 'grad_norm': 0.2680579423904419, 'learning_rate': 0.0003500514021044301, 'epoch': 0.61}
{'loss': 2.931, 'grad_norm': 0.2770369052886963, 'learning_rate': 0.0003498611289660478, 'epoch': 0.61}
{'loss': 3.1272, 'grad_norm': 0.27982017397880554, 'learning_rate': 0.0003496708797218253, 'epoch': 0.61}
{'loss': 2.7667, 'grad_norm': 0.30003052949905396, 'learning_rate': 0.0003494806544020398, 'epoch': 0.61}
{'loss': 2.9569, 'grad_norm': 0.26922133564949036, 'learning_rate': 0.0003492904530369655, 'epoch': 0.61}
{'loss': 2.9846, 'grad_norm': 0.29573726654052734, 'learning_rate': 0.0003491002756568722, 'epoch': 0.61}
{'loss': 3.0326, 'grad_norm': 0.29335322976112366, 'learning_rate': 0.000348910122292026, 'epoch': 0.61}
{'loss': 2.9295, 'grad_norm': 0.26910558342933655, 'learning_rate': 0.0003487199929726894, 'epoch': 0.61}
{'loss': 2.9661, 'grad_norm': 0.2854810655117035, 'learning_rate': 0.00034852988772912094, 'epoch': 0.61}
{'loss': 2.9764, 'grad_norm': 0.2563663423061371, 'learning_rate': 0.000348339806591575, 'epoch': 0.61}
{'loss': 2.869, 'grad_norm': 0.273056298494339, 'learning_rate': 0.00034814974959030293, 'epoch': 0.61}
{'loss': 2.7753, 'grad_norm': 0.30240023136138916, 'learning_rate': 0.00034795971675555135, 'epoch': 0.61}
{'loss': 2.8731, 'grad_norm': 0.25637882947921753, 'learning_rate': 0.00034776970811756344, 'epoch': 0.61}
{'loss': 3.0323, 'grad_norm': 0.2782772481441498, 'learning_rate': 0.0003475797237065788, 'epoch': 0.61}
{'loss': 3.0472, 'grad_norm': 0.25638166069984436, 'learning_rate': 0.00034738976355283254, 'epoch': 0.61}
{'loss': 2.885, 'grad_norm': 0.28648999333381653, 'learning_rate': 0.00034719982768655663, 'epoch': 0.61}
{'loss': 3.0343, 'grad_norm': 0.260405570268631, 'learning_rate': 0.0003470099161379785, 'epoch': 0.61}
{'loss': 3.0579, 'grad_norm': 0.2737659811973572, 'learning_rate': 0.000346820028937322, 'epoch': 0.61}
{'loss': 2.868, 'grad_norm': 0.2707032561302185, 'learning_rate': 0.0003466301661148075, 'epoch': 0.61}
{'loss': 2.8648, 'grad_norm': 0.2906644940376282, 'learning_rate': 0.00034644032770065074, 'epoch': 0.61}
{'loss': 2.8041, 'grad_norm': 0.2594122290611267, 'learning_rate': 0.00034625051372506394, 'epoch': 0.61}
{'loss': 3.0705, 'grad_norm': 0.30366355180740356, 'learning_rate': 0.00034606072421825576, 'epoch': 0.61}
{'loss': 2.9715, 'grad_norm': 0.2836500406265259, 'learning_rate': 0.00034587095921043045, 'epoch': 0.61}
{'loss': 2.8677, 'grad_norm': 0.2797766327857971, 'learning_rate': 0.0003456812187317883, 'epoch': 0.61}
{'loss': 3.0882, 'grad_norm': 0.2781856954097748, 'learning_rate': 0.00034549150281252633, 'epoch': 0.61}
{'loss': 2.9907, 'grad_norm': 0.28942036628723145, 'learning_rate': 0.000345301811482837, 'epoch': 0.61}
{'loss': 3.0108, 'grad_norm': 0.28697285056114197, 'learning_rate': 0.0003451121447729095, 'epoch': 0.61}
{'loss': 2.9656, 'grad_norm': 0.3163944482803345, 'learning_rate': 0.0003449225027129284, 'epoch': 0.61}
{'loss': 2.9412, 'grad_norm': 0.30189430713653564, 'learning_rate': 0.00034473288533307464, 'epoch': 0.61}
{'loss': 2.8103, 'grad_norm': 0.2719593048095703, 'learning_rate': 0.0003445432926635254, 'epoch': 0.61}
{'loss': 2.9226, 'grad_norm': 0.29975107312202454, 'learning_rate': 0.0003443537247344539, 'epoch': 0.61}
{'loss': 2.9827, 'grad_norm': 0.28512781858444214, 'learning_rate': 0.00034416418157602905, 'epoch': 0.61}
{'loss': 2.7663, 'grad_norm': 0.2653878331184387, 'learning_rate': 0.0003439746632184163, 'epoch': 0.61}
{'loss': 2.9487, 'grad_norm': 0.27693209052085876, 'learning_rate': 0.00034378516969177706, 'epoch': 0.61}
{'loss': 3.0492, 'grad_norm': 0.2836698889732361, 'learning_rate': 0.0003435957010262682, 'epoch': 0.61}
{'loss': 2.874, 'grad_norm': 0.26878538727760315, 'learning_rate': 0.0003434062572520436, 'epoch': 0.61}
{'loss': 3.0814, 'grad_norm': 0.27800628542900085, 'learning_rate': 0.0003432168383992523, 'epoch': 0.61}
{'loss': 2.9895, 'grad_norm': 0.2785090208053589, 'learning_rate': 0.0003430274444980399, 'epoch': 0.61}
{'loss': 2.9202, 'grad_norm': 0.2980163097381592, 'learning_rate': 0.0003428380755785481, 'epoch': 0.61}
{'loss': 2.9262, 'grad_norm': 0.2781839668750763, 'learning_rate': 0.00034264873167091404, 'epoch': 0.61}
{'loss': 2.9777, 'grad_norm': 0.2791171669960022, 'learning_rate': 0.0003424594128052715, 'epoch': 0.61}
{'loss': 2.9797, 'grad_norm': 0.28067559003829956, 'learning_rate': 0.0003422701190117499, 'epoch': 0.61}
{'loss': 3.0184, 'grad_norm': 0.288219690322876, 'learning_rate': 0.0003420808503204747, 'epoch': 0.61}
{'loss': 2.8003, 'grad_norm': 0.2789922058582306, 'learning_rate': 0.00034189160676156784, 'epoch': 0.61}
{'loss': 2.9907, 'grad_norm': 0.2855643033981323, 'learning_rate': 0.00034170238836514645, 'epoch': 0.61}
{'loss': 2.8803, 'grad_norm': 0.2782121002674103, 'learning_rate': 0.0003415131951613241, 'epoch': 0.61}
{'loss': 3.0291, 'grad_norm': 0.27794691920280457, 'learning_rate': 0.0003413240271802107, 'epoch': 0.61}
{'loss': 2.9995, 'grad_norm': 0.2794310748577118, 'learning_rate': 0.00034113488445191144, 'epoch': 0.61}
{'loss': 3.0127, 'grad_norm': 0.31941232085227966, 'learning_rate': 0.00034094576700652806, 'epoch': 0.61}
{'loss': 2.9047, 'grad_norm': 0.2591216564178467, 'learning_rate': 0.00034075667487415786, 'epoch': 0.62}
{'loss': 2.9725, 'grad_norm': 0.289984792470932, 'learning_rate': 0.00034056760808489424, 'epoch': 0.62}
{'loss': 2.8917, 'grad_norm': 0.2733282446861267, 'learning_rate': 0.00034037856666882695, 'epoch': 0.62}
{'loss': 2.9421, 'grad_norm': 0.27752959728240967, 'learning_rate': 0.0003401895506560411, 'epoch': 0.62}
{'loss': 2.8928, 'grad_norm': 0.29082074761390686, 'learning_rate': 0.0003400005600766181, 'epoch': 0.62}
{'loss': 2.8977, 'grad_norm': 0.26234012842178345, 'learning_rate': 0.0003398115949606352, 'epoch': 0.62}
{'loss': 2.9233, 'grad_norm': 0.295835018157959, 'learning_rate': 0.0003396226553381658, 'epoch': 0.62}
{'loss': 2.8434, 'grad_norm': 0.2924816906452179, 'learning_rate': 0.0003394337412392788, 'epoch': 0.62}
{'loss': 2.7873, 'grad_norm': 0.2703827917575836, 'learning_rate': 0.00033924485269403966, 'epoch': 0.62}
{'loss': 2.9485, 'grad_norm': 0.2725072503089905, 'learning_rate': 0.00033905598973250906, 'epoch': 0.62}
{'loss': 3.076, 'grad_norm': 0.29343974590301514, 'learning_rate': 0.00033886715238474455, 'epoch': 0.62}
{'loss': 2.9851, 'grad_norm': 0.25142261385917664, 'learning_rate': 0.00033867834068079854, 'epoch': 0.62}
{'loss': 2.8249, 'grad_norm': 0.2847255766391754, 'learning_rate': 0.00033848955465071986, 'epoch': 0.62}
{'loss': 2.9794, 'grad_norm': 0.2554113566875458, 'learning_rate': 0.00033830079432455354, 'epoch': 0.62}
{'loss': 3.0674, 'grad_norm': 0.28451287746429443, 'learning_rate': 0.0003381120597323401, 'epoch': 0.62}
{'loss': 2.885, 'grad_norm': 0.316608190536499, 'learning_rate': 0.00033792335090411594, 'epoch': 0.62}
{'loss': 2.9166, 'grad_norm': 0.26893317699432373, 'learning_rate': 0.00033773466786991374, 'epoch': 0.62}
{'loss': 2.7854, 'grad_norm': 0.2791716158390045, 'learning_rate': 0.00033754601065976185, 'epoch': 0.62}
{'loss': 2.8801, 'grad_norm': 0.30493634939193726, 'learning_rate': 0.00033735737930368426, 'epoch': 0.62}
{'loss': 2.8385, 'grad_norm': 0.3141508996486664, 'learning_rate': 0.0003371687738317015, 'epoch': 0.62}
{'loss': 3.1234, 'grad_norm': 0.2749732434749603, 'learning_rate': 0.0003369801942738291, 'epoch': 0.62}
{'loss': 2.8487, 'grad_norm': 0.282332181930542, 'learning_rate': 0.00033679164066007926, 'epoch': 0.62}
{'loss': 2.8975, 'grad_norm': 0.2694845497608185, 'learning_rate': 0.0003366031130204598, 'epoch': 0.62}
{'loss': 3.0078, 'grad_norm': 0.2943309247493744, 'learning_rate': 0.00033641461138497395, 'epoch': 0.62}
{'loss': 3.0246, 'grad_norm': 0.2674243748188019, 'learning_rate': 0.0003362261357836216, 'epoch': 0.62}
{'loss': 3.0426, 'grad_norm': 0.2999902665615082, 'learning_rate': 0.00033603768624639784, 'epoch': 0.62}
{'loss': 3.029, 'grad_norm': 0.28969255089759827, 'learning_rate': 0.0003358492628032939, 'epoch': 0.62}
{'loss': 3.016, 'grad_norm': 0.27459517121315, 'learning_rate': 0.00033566086548429707, 'epoch': 0.62}
{'loss': 3.0465, 'grad_norm': 0.26591384410858154, 'learning_rate': 0.00033547249431938985, 'epoch': 0.62}
{'loss': 2.9477, 'grad_norm': 0.2878453731536865, 'learning_rate': 0.000335284149338551, 'epoch': 0.62}
{'loss': 2.9079, 'grad_norm': 0.2680736482143402, 'learning_rate': 0.00033509583057175546, 'epoch': 0.62}
{'loss': 2.8823, 'grad_norm': 0.28499147295951843, 'learning_rate': 0.0003349075380489731, 'epoch': 0.62}
{'loss': 2.8051, 'grad_norm': 0.27532753348350525, 'learning_rate': 0.00033471927180017056, 'epoch': 0.62}
{'loss': 2.9204, 'grad_norm': 0.27584850788116455, 'learning_rate': 0.0003345310318553096, 'epoch': 0.62}
{'loss': 2.7631, 'grad_norm': 0.25717300176620483, 'learning_rate': 0.000334342818244348, 'epoch': 0.62}
{'loss': 3.0035, 'grad_norm': 0.277750700712204, 'learning_rate': 0.00033415463099723973, 'epoch': 0.62}
{'loss': 2.9657, 'grad_norm': 0.2957432270050049, 'learning_rate': 0.000333966470143934, 'epoch': 0.62}
{'loss': 2.9242, 'grad_norm': 0.25930866599082947, 'learning_rate': 0.00033377833571437586, 'epoch': 0.62}
{'loss': 2.8522, 'grad_norm': 0.2613964378833771, 'learning_rate': 0.00033359022773850675, 'epoch': 0.62}
{'loss': 2.8925, 'grad_norm': 0.2950189411640167, 'learning_rate': 0.00033340214624626315, 'epoch': 0.62}
{'loss': 2.9222, 'grad_norm': 0.27442246675491333, 'learning_rate': 0.00033321409126757805, 'epoch': 0.62}
{'loss': 2.9876, 'grad_norm': 0.268461138010025, 'learning_rate': 0.0003330260628323796, 'epoch': 0.62}
{'loss': 2.9864, 'grad_norm': 0.30743715167045593, 'learning_rate': 0.0003328380609705918, 'epoch': 0.62}
{'loss': 3.0963, 'grad_norm': 0.2871822118759155, 'learning_rate': 0.0003326500857121351, 'epoch': 0.62}
{'loss': 2.9453, 'grad_norm': 0.268731027841568, 'learning_rate': 0.000332462137086925, 'epoch': 0.62}
{'loss': 2.9712, 'grad_norm': 0.26002785563468933, 'learning_rate': 0.00033227421512487253, 'epoch': 0.62}
{'loss': 2.9956, 'grad_norm': 0.29706817865371704, 'learning_rate': 0.0003320863198558854, 'epoch': 0.62}
{'loss': 2.9774, 'grad_norm': 0.3048999607563019, 'learning_rate': 0.0003318984513098666, 'epoch': 0.62}
{'loss': 2.8151, 'grad_norm': 0.27096429467201233, 'learning_rate': 0.00033171060951671453, 'epoch': 0.62}
{'loss': 2.9055, 'grad_norm': 0.26472207903862, 'learning_rate': 0.00033152279450632407, 'epoch': 0.62}
{'loss': 3.0496, 'grad_norm': 0.2720254063606262, 'learning_rate': 0.00033133500630858504, 'epoch': 0.62}
{'loss': 2.9123, 'grad_norm': 0.281230092048645, 'learning_rate': 0.00033114724495338354, 'epoch': 0.62}
{'loss': 3.0012, 'grad_norm': 0.2670150101184845, 'learning_rate': 0.00033095951047060147, 'epoch': 0.62}
{'loss': 2.9557, 'grad_norm': 0.26752549409866333, 'learning_rate': 0.00033077180289011566, 'epoch': 0.62}
{'loss': 2.9304, 'grad_norm': 0.27844929695129395, 'learning_rate': 0.0003305841222417998, 'epoch': 0.62}
{'loss': 2.9478, 'grad_norm': 0.25531041622161865, 'learning_rate': 0.0003303964685555224, 'epoch': 0.62}
{'loss': 2.8982, 'grad_norm': 0.2829759418964386, 'learning_rate': 0.000330208841861148, 'epoch': 0.62}
{'loss': 2.9567, 'grad_norm': 0.27161169052124023, 'learning_rate': 0.000330021242188537, 'epoch': 0.62}
{'loss': 2.9658, 'grad_norm': 0.2821442484855652, 'learning_rate': 0.00032983366956754526, 'epoch': 0.62}
{'loss': 3.1038, 'grad_norm': 0.26440081000328064, 'learning_rate': 0.0003296461240280242, 'epoch': 0.62}
{'loss': 2.9436, 'grad_norm': 0.27427420020103455, 'learning_rate': 0.0003294586055998215, 'epoch': 0.62}
{'loss': 3.153, 'grad_norm': 0.28453725576400757, 'learning_rate': 0.0003292711143127798, 'epoch': 0.62}
{'loss': 3.0128, 'grad_norm': 0.28500664234161377, 'learning_rate': 0.00032908365019673817, 'epoch': 0.62}
{'loss': 2.9768, 'grad_norm': 0.28990912437438965, 'learning_rate': 0.00032889621328153075, 'epoch': 0.62}
{'loss': 2.8833, 'grad_norm': 0.27807703614234924, 'learning_rate': 0.0003287088035969874, 'epoch': 0.62}
{'loss': 2.8934, 'grad_norm': 0.25868162512779236, 'learning_rate': 0.00032852142117293433, 'epoch': 0.62}
{'loss': 3.014, 'grad_norm': 0.2881069481372833, 'learning_rate': 0.0003283340660391924, 'epoch': 0.62}
{'loss': 2.9269, 'grad_norm': 0.27616024017333984, 'learning_rate': 0.0003281467382255788, 'epoch': 0.62}
{'loss': 2.7763, 'grad_norm': 0.2712301015853882, 'learning_rate': 0.0003279594377619064, 'epoch': 0.62}
{'loss': 2.873, 'grad_norm': 0.2573321461677551, 'learning_rate': 0.0003277721646779833, 'epoch': 0.62}
{'loss': 2.8012, 'grad_norm': 0.2874671518802643, 'learning_rate': 0.0003275849190036133, 'epoch': 0.62}
{'loss': 2.9911, 'grad_norm': 0.2858087718486786, 'learning_rate': 0.0003273977007685963, 'epoch': 0.62}
{'loss': 2.9067, 'grad_norm': 0.28647172451019287, 'learning_rate': 0.00032721051000272737, 'epoch': 0.62}
{'loss': 2.9695, 'grad_norm': 0.2904077172279358, 'learning_rate': 0.00032702334673579764, 'epoch': 0.62}
{'loss': 2.9842, 'grad_norm': 0.2881653904914856, 'learning_rate': 0.0003268362109975933, 'epoch': 0.62}
{'loss': 2.9302, 'grad_norm': 0.2658950984477997, 'learning_rate': 0.0003266491028178964, 'epoch': 0.62}
{'loss': 2.9949, 'grad_norm': 0.27054911851882935, 'learning_rate': 0.00032646202222648494, 'epoch': 0.62}
{'loss': 2.8936, 'grad_norm': 0.25396162271499634, 'learning_rate': 0.00032627496925313217, 'epoch': 0.62}
{'loss': 2.9726, 'grad_norm': 0.26977425813674927, 'learning_rate': 0.0003260879439276068, 'epoch': 0.62}
{'loss': 2.8351, 'grad_norm': 0.2624433934688568, 'learning_rate': 0.0003259009462796735, 'epoch': 0.62}
{'loss': 2.936, 'grad_norm': 0.2503194212913513, 'learning_rate': 0.0003257139763390925, 'epoch': 0.62}
{'loss': 2.8691, 'grad_norm': 0.27965694665908813, 'learning_rate': 0.00032552703413561923, 'epoch': 0.63}
{'loss': 3.0818, 'grad_norm': 0.26973748207092285, 'learning_rate': 0.00032534011969900545, 'epoch': 0.63}
{'loss': 2.9663, 'grad_norm': 0.2701967656612396, 'learning_rate': 0.0003251532330589975, 'epoch': 0.63}
{'loss': 2.8593, 'grad_norm': 0.29666227102279663, 'learning_rate': 0.00032496637424533827, 'epoch': 0.63}
{'loss': 3.0316, 'grad_norm': 0.27915921807289124, 'learning_rate': 0.0003247795432877657, 'epoch': 0.63}
{'loss': 3.0122, 'grad_norm': 0.2692781090736389, 'learning_rate': 0.00032459274021601317, 'epoch': 0.63}
{'loss': 2.9167, 'grad_norm': 0.2903926968574524, 'learning_rate': 0.00032440596505981, 'epoch': 0.63}
{'loss': 2.9135, 'grad_norm': 0.2876967191696167, 'learning_rate': 0.00032421921784888107, 'epoch': 0.63}
{'loss': 3.0315, 'grad_norm': 0.3133101761341095, 'learning_rate': 0.00032403249861294626, 'epoch': 0.63}
{'loss': 2.8486, 'grad_norm': 0.2644841969013214, 'learning_rate': 0.0003238458073817218, 'epoch': 0.63}
{'loss': 2.8728, 'grad_norm': 0.2614353895187378, 'learning_rate': 0.00032365914418491885, 'epoch': 0.63}
{'loss': 2.9894, 'grad_norm': 0.2927517294883728, 'learning_rate': 0.00032347250905224404, 'epoch': 0.63}
{'loss': 3.014, 'grad_norm': 0.29677337408065796, 'learning_rate': 0.00032328590201340037, 'epoch': 0.63}
{'loss': 2.8655, 'grad_norm': 0.25633934140205383, 'learning_rate': 0.00032309932309808526, 'epoch': 0.63}
{'loss': 2.967, 'grad_norm': 0.2801126539707184, 'learning_rate': 0.0003229127723359927, 'epoch': 0.63}
{'loss': 2.89, 'grad_norm': 0.26013243198394775, 'learning_rate': 0.00032272624975681133, 'epoch': 0.63}
{'loss': 3.0939, 'grad_norm': 0.29983943700790405, 'learning_rate': 0.00032253975539022563, 'epoch': 0.63}
{'loss': 2.9345, 'grad_norm': 0.2805797755718231, 'learning_rate': 0.000322353289265916, 'epoch': 0.63}
{'loss': 2.8103, 'grad_norm': 0.26484984159469604, 'learning_rate': 0.00032216685141355764, 'epoch': 0.63}
{'loss': 2.7917, 'grad_norm': 0.27971452474594116, 'learning_rate': 0.0003219804418628216, 'epoch': 0.63}
{'loss': 3.009, 'grad_norm': 0.2736915349960327, 'learning_rate': 0.0003217940606433747, 'epoch': 0.63}
{'loss': 2.947, 'grad_norm': 0.2765767574310303, 'learning_rate': 0.0003216077077848788, 'epoch': 0.63}
{'loss': 2.9862, 'grad_norm': 0.27575716376304626, 'learning_rate': 0.0003214213833169911, 'epoch': 0.63}
{'loss': 3.004, 'grad_norm': 0.3014366328716278, 'learning_rate': 0.0003212350872693651, 'epoch': 0.63}
{'loss': 3.0536, 'grad_norm': 0.27635085582733154, 'learning_rate': 0.00032104881967164885, 'epoch': 0.63}
{'loss': 2.9999, 'grad_norm': 0.27663856744766235, 'learning_rate': 0.00032086258055348673, 'epoch': 0.63}
{'loss': 2.9557, 'grad_norm': 0.2612162232398987, 'learning_rate': 0.0003206763699445179, 'epoch': 0.63}
{'loss': 2.943, 'grad_norm': 0.2700788080692291, 'learning_rate': 0.0003204901878743769, 'epoch': 0.63}
{'loss': 2.9155, 'grad_norm': 0.27449360489845276, 'learning_rate': 0.0003203040343726946, 'epoch': 0.63}
{'loss': 2.8523, 'grad_norm': 0.2561750113964081, 'learning_rate': 0.0003201179094690967, 'epoch': 0.63}
{'loss': 3.0114, 'grad_norm': 0.2592282295227051, 'learning_rate': 0.000319931813193204, 'epoch': 0.63}
{'loss': 2.9016, 'grad_norm': 0.2963545620441437, 'learning_rate': 0.00031974574557463363, 'epoch': 0.63}
{'loss': 2.8341, 'grad_norm': 0.28810814023017883, 'learning_rate': 0.0003195597066429976, 'epoch': 0.63}
{'loss': 2.9404, 'grad_norm': 0.27453309297561646, 'learning_rate': 0.00031937369642790327, 'epoch': 0.63}
{'loss': 3.0163, 'grad_norm': 0.2716939449310303, 'learning_rate': 0.00031918771495895393, 'epoch': 0.63}
{'loss': 2.8205, 'grad_norm': 0.27351582050323486, 'learning_rate': 0.0003190017622657476, 'epoch': 0.63}
{'loss': 2.8597, 'grad_norm': 0.3014387786388397, 'learning_rate': 0.0003188158383778784, 'epoch': 0.63}
{'loss': 2.9466, 'grad_norm': 0.29795750975608826, 'learning_rate': 0.00031862994332493565, 'epoch': 0.63}
{'loss': 3.084, 'grad_norm': 0.26679015159606934, 'learning_rate': 0.0003184440771365036, 'epoch': 0.63}
{'loss': 2.9387, 'grad_norm': 0.25698134303092957, 'learning_rate': 0.0003182582398421626, 'epoch': 0.63}
{'loss': 3.0152, 'grad_norm': 0.28652337193489075, 'learning_rate': 0.00031807243147148823, 'epoch': 0.63}
{'loss': 2.9654, 'grad_norm': 0.2810688316822052, 'learning_rate': 0.00031788665205405086, 'epoch': 0.63}
{'loss': 3.1584, 'grad_norm': 0.3143363296985626, 'learning_rate': 0.00031770090161941733, 'epoch': 0.63}
{'loss': 2.9579, 'grad_norm': 0.2705458998680115, 'learning_rate': 0.00031751518019714885, 'epoch': 0.63}
{'loss': 2.7959, 'grad_norm': 0.2783832848072052, 'learning_rate': 0.0003173294878168025, 'epoch': 0.63}
{'loss': 2.9196, 'grad_norm': 0.29949355125427246, 'learning_rate': 0.0003171438245079309, 'epoch': 0.63}
{'loss': 2.8974, 'grad_norm': 0.29899653792381287, 'learning_rate': 0.0003169581903000815, 'epoch': 0.63}
{'loss': 2.9695, 'grad_norm': 0.2950661778450012, 'learning_rate': 0.00031677258522279784, 'epoch': 0.63}
{'loss': 2.9836, 'grad_norm': 0.31897810101509094, 'learning_rate': 0.000316587009305618, 'epoch': 0.63}
{'loss': 2.9051, 'grad_norm': 0.2627241611480713, 'learning_rate': 0.000316401462578076, 'epoch': 0.63}
{'loss': 2.9412, 'grad_norm': 0.3078608810901642, 'learning_rate': 0.0003162159450697013, 'epoch': 0.63}
{'loss': 3.0715, 'grad_norm': 0.2924201786518097, 'learning_rate': 0.0003160304568100181, 'epoch': 0.63}
{'loss': 3.0262, 'grad_norm': 0.3004559576511383, 'learning_rate': 0.0003158449978285464, 'epoch': 0.63}
{'loss': 2.9519, 'grad_norm': 0.2694847285747528, 'learning_rate': 0.0003156595681548017, 'epoch': 0.63}
{'loss': 2.9531, 'grad_norm': 0.28009575605392456, 'learning_rate': 0.00031547416781829447, 'epoch': 0.63}
{'loss': 2.856, 'grad_norm': 0.2700071334838867, 'learning_rate': 0.0003152887968485303, 'epoch': 0.63}
{'loss': 2.8654, 'grad_norm': 0.3344196081161499, 'learning_rate': 0.00031510345527501084, 'epoch': 0.63}
{'loss': 2.9579, 'grad_norm': 0.2729279398918152, 'learning_rate': 0.0003149181431272323, 'epoch': 0.63}
{'loss': 2.8114, 'grad_norm': 0.29473382234573364, 'learning_rate': 0.00031473286043468706, 'epoch': 0.63}
{'loss': 3.1183, 'grad_norm': 0.27273663878440857, 'learning_rate': 0.00031454760722686204, 'epoch': 0.63}
{'loss': 2.9252, 'grad_norm': 0.25808587670326233, 'learning_rate': 0.00031436238353323956, 'epoch': 0.63}
{'loss': 3.1655, 'grad_norm': 0.24466760456562042, 'learning_rate': 0.00031417718938329763, 'epoch': 0.63}
{'loss': 2.9217, 'grad_norm': 0.2721463441848755, 'learning_rate': 0.00031399202480650947, 'epoch': 0.63}
{'loss': 3.2235, 'grad_norm': 0.28063395619392395, 'learning_rate': 0.0003138068898323431, 'epoch': 0.63}
{'loss': 2.9654, 'grad_norm': 0.28335797786712646, 'learning_rate': 0.00031362178449026245, 'epoch': 0.63}
{'loss': 2.7439, 'grad_norm': 0.2658795714378357, 'learning_rate': 0.00031343670880972673, 'epoch': 0.63}
{'loss': 2.86, 'grad_norm': 0.2556362450122833, 'learning_rate': 0.0003132516628201897, 'epoch': 0.63}
{'loss': 3.1059, 'grad_norm': 0.43281200528144836, 'learning_rate': 0.00031306664655110126, 'epoch': 0.63}
{'loss': 2.9137, 'grad_norm': 0.2708982229232788, 'learning_rate': 0.0003128816600319059, 'epoch': 0.63}
{'loss': 2.877, 'grad_norm': 0.29333990812301636, 'learning_rate': 0.00031269670329204396, 'epoch': 0.63}
{'loss': 2.8194, 'grad_norm': 0.27880027890205383, 'learning_rate': 0.00031251177636095075, 'epoch': 0.63}
{'loss': 2.9532, 'grad_norm': 0.28967270255088806, 'learning_rate': 0.00031232687926805656, 'epoch': 0.63}
{'loss': 2.8474, 'grad_norm': 0.2732957899570465, 'learning_rate': 0.00031214201204278756, 'epoch': 0.63}
{'loss': 3.0455, 'grad_norm': 0.26902756094932556, 'learning_rate': 0.0003119571747145646, 'epoch': 0.63}
{'loss': 2.7357, 'grad_norm': 0.27027183771133423, 'learning_rate': 0.000311772367312804, 'epoch': 0.63}
{'loss': 3.0283, 'grad_norm': 0.293969988822937, 'learning_rate': 0.00031158758986691757, 'epoch': 0.63}
{'loss': 2.9122, 'grad_norm': 0.28944674134254456, 'learning_rate': 0.00031140284240631177, 'epoch': 0.63}
{'loss': 2.8646, 'grad_norm': 0.2960215210914612, 'learning_rate': 0.0003112181249603886, 'epoch': 0.63}
{'loss': 3.0508, 'grad_norm': 0.27796849608421326, 'learning_rate': 0.0003110334375585457, 'epoch': 0.63}
{'loss': 3.0249, 'grad_norm': 0.27800115942955017, 'learning_rate': 0.00031084878023017513, 'epoch': 0.63}
{'loss': 2.9462, 'grad_norm': 0.30044496059417725, 'learning_rate': 0.00031066415300466487, 'epoch': 0.63}
{'loss': 2.9863, 'grad_norm': 0.2877311110496521, 'learning_rate': 0.00031047955591139754, 'epoch': 0.64}
{'loss': 2.8854, 'grad_norm': 0.28838232159614563, 'learning_rate': 0.00031029498897975125, 'epoch': 0.64}
{'loss': 2.9734, 'grad_norm': 0.26507511734962463, 'learning_rate': 0.0003101104522390995, 'epoch': 0.64}
{'loss': 2.9949, 'grad_norm': 0.26340410113334656, 'learning_rate': 0.00030992594571881057, 'epoch': 0.64}
{'loss': 2.9108, 'grad_norm': 0.2743702232837677, 'learning_rate': 0.00030974146944824817, 'epoch': 0.64}
{'loss': 2.8319, 'grad_norm': 0.29618749022483826, 'learning_rate': 0.00030955702345677116, 'epoch': 0.64}
{'loss': 2.972, 'grad_norm': 0.29298755526542664, 'learning_rate': 0.00030937260777373366, 'epoch': 0.64}
{'loss': 3.0164, 'grad_norm': 0.2896116077899933, 'learning_rate': 0.00030918822242848466, 'epoch': 0.64}
{'loss': 2.8874, 'grad_norm': 0.28673988580703735, 'learning_rate': 0.0003090038674503688, 'epoch': 0.64}
{'loss': 2.9896, 'grad_norm': 0.28141453862190247, 'learning_rate': 0.0003088195428687254, 'epoch': 0.64}
{'loss': 2.8821, 'grad_norm': 0.2951091527938843, 'learning_rate': 0.0003086352487128895, 'epoch': 0.64}
{'loss': 2.9449, 'grad_norm': 0.2761372923851013, 'learning_rate': 0.00030845098501219083, 'epoch': 0.64}
{'loss': 2.9743, 'grad_norm': 0.27812743186950684, 'learning_rate': 0.00030826675179595407, 'epoch': 0.64}
{'loss': 2.8688, 'grad_norm': 0.2743174433708191, 'learning_rate': 0.0003080825490934999, 'epoch': 0.64}
{'loss': 3.0019, 'grad_norm': 0.2724114656448364, 'learning_rate': 0.0003078983769341435, 'epoch': 0.64}
{'loss': 2.9733, 'grad_norm': 0.2694986164569855, 'learning_rate': 0.00030771423534719497, 'epoch': 0.64}
{'loss': 2.9244, 'grad_norm': 0.29421818256378174, 'learning_rate': 0.0003075301243619603, 'epoch': 0.64}
{'loss': 2.7604, 'grad_norm': 0.281251460313797, 'learning_rate': 0.0003073460440077402, 'epoch': 0.64}
{'loss': 2.9338, 'grad_norm': 0.29555070400238037, 'learning_rate': 0.0003071619943138303, 'epoch': 0.64}
{'loss': 2.8566, 'grad_norm': 0.2868635356426239, 'learning_rate': 0.00030697797530952184, 'epoch': 0.64}
{'loss': 2.8458, 'grad_norm': 0.2940625548362732, 'learning_rate': 0.0003067939870241005, 'epoch': 0.64}
{'loss': 2.8669, 'grad_norm': 0.27587637305259705, 'learning_rate': 0.0003066100294868478, 'epoch': 0.64}
{'loss': 3.0544, 'grad_norm': 0.2942008376121521, 'learning_rate': 0.00030642610272704014, 'epoch': 0.64}
{'loss': 2.9493, 'grad_norm': 0.29440221190452576, 'learning_rate': 0.0003062422067739485, 'epoch': 0.64}
{'loss': 2.8523, 'grad_norm': 0.2828617990016937, 'learning_rate': 0.0003060583416568398, 'epoch': 0.64}
{'loss': 3.0137, 'grad_norm': 0.29363948106765747, 'learning_rate': 0.00030587450740497544, 'epoch': 0.64}
{'loss': 2.9945, 'grad_norm': 0.2820422351360321, 'learning_rate': 0.0003056907040476119, 'epoch': 0.64}
{'loss': 3.0814, 'grad_norm': 0.29309988021850586, 'learning_rate': 0.0003055069316140014, 'epoch': 0.64}
{'loss': 2.8887, 'grad_norm': 0.27132266759872437, 'learning_rate': 0.0003053231901333905, 'epoch': 0.64}
{'loss': 3.0874, 'grad_norm': 0.30772316455841064, 'learning_rate': 0.000305139479635021, 'epoch': 0.64}
{'loss': 2.9659, 'grad_norm': 0.27455148100852966, 'learning_rate': 0.0003049558001481302, 'epoch': 0.64}
{'loss': 2.8653, 'grad_norm': 0.28049319982528687, 'learning_rate': 0.0003047721517019498, 'epoch': 0.64}
{'loss': 2.8773, 'grad_norm': 0.2661183178424835, 'learning_rate': 0.0003045885343257074, 'epoch': 0.64}
{'loss': 2.97, 'grad_norm': 0.2953546941280365, 'learning_rate': 0.00030440494804862467, 'epoch': 0.64}
{'loss': 2.9395, 'grad_norm': 0.28859516978263855, 'learning_rate': 0.00030422139289991895, 'epoch': 0.64}
{'loss': 3.0274, 'grad_norm': 0.27946463227272034, 'learning_rate': 0.0003040378689088028, 'epoch': 0.64}
{'loss': 2.8603, 'grad_norm': 0.2714252769947052, 'learning_rate': 0.0003038543761044832, 'epoch': 0.64}
{'loss': 2.9355, 'grad_norm': 0.2755245566368103, 'learning_rate': 0.00030367091451616253, 'epoch': 0.64}
{'loss': 3.0539, 'grad_norm': 0.2970040738582611, 'learning_rate': 0.0003034874841730382, 'epoch': 0.64}
{'loss': 3.0341, 'grad_norm': 0.28313687443733215, 'learning_rate': 0.00030330408510430285, 'epoch': 0.64}
{'loss': 2.9016, 'grad_norm': 0.2842211127281189, 'learning_rate': 0.00030312071733914337, 'epoch': 0.64}
{'loss': 3.0785, 'grad_norm': 0.27795127034187317, 'learning_rate': 0.0003029373809067426, 'epoch': 0.64}
{'loss': 3.0138, 'grad_norm': 0.2969052791595459, 'learning_rate': 0.00030275407583627787, 'epoch': 0.64}
{'loss': 2.9679, 'grad_norm': 0.28034311532974243, 'learning_rate': 0.0003025708021569219, 'epoch': 0.64}
{'loss': 2.936, 'grad_norm': 0.2746785879135132, 'learning_rate': 0.0003023875598978419, 'epoch': 0.64}
{'loss': 3.0448, 'grad_norm': 0.28169146180152893, 'learning_rate': 0.00030220434908820017, 'epoch': 0.64}
{'loss': 3.0631, 'grad_norm': 0.27308112382888794, 'learning_rate': 0.00030202116975715443, 'epoch': 0.64}
{'loss': 2.9122, 'grad_norm': 0.2804141640663147, 'learning_rate': 0.00030183802193385726, 'epoch': 0.64}
{'loss': 2.9056, 'grad_norm': 0.2796929180622101, 'learning_rate': 0.0003016549056474557, 'epoch': 0.64}
{'loss': 3.0532, 'grad_norm': 0.2986701428890228, 'learning_rate': 0.00030147182092709246, 'epoch': 0.64}
{'loss': 2.8286, 'grad_norm': 0.34771010279655457, 'learning_rate': 0.0003012887678019048, 'epoch': 0.64}
{'loss': 2.9507, 'grad_norm': 0.27115398645401, 'learning_rate': 0.0003011057463010252, 'epoch': 0.64}
{'loss': 3.1013, 'grad_norm': 0.27830952405929565, 'learning_rate': 0.00030092275645358094, 'epoch': 0.64}
{'loss': 2.9095, 'grad_norm': 0.28201061487197876, 'learning_rate': 0.00030073979828869416, 'epoch': 0.64}
{'loss': 2.9293, 'grad_norm': 0.28551799058914185, 'learning_rate': 0.0003005568718354824, 'epoch': 0.64}
{'loss': 3.0232, 'grad_norm': 0.2512575387954712, 'learning_rate': 0.0003003739771230578, 'epoch': 0.64}
{'loss': 2.878, 'grad_norm': 0.2766171395778656, 'learning_rate': 0.0003001911141805273, 'epoch': 0.64}
{'loss': 2.8243, 'grad_norm': 0.27008238434791565, 'learning_rate': 0.00030000828303699336, 'epoch': 0.64}
{'loss': 2.8598, 'grad_norm': 0.2832587659358978, 'learning_rate': 0.0002998254837215526, 'epoch': 0.64}
{'loss': 2.8685, 'grad_norm': 0.27279070019721985, 'learning_rate': 0.00029964271626329713, 'epoch': 0.64}
{'loss': 2.9934, 'grad_norm': 0.27379703521728516, 'learning_rate': 0.0002994599806913142, 'epoch': 0.64}
{'loss': 2.891, 'grad_norm': 0.296801894903183, 'learning_rate': 0.00029927727703468515, 'epoch': 0.64}
{'loss': 2.9005, 'grad_norm': 0.26058849692344666, 'learning_rate': 0.000299094605322487, 'epoch': 0.64}
{'loss': 3.0202, 'grad_norm': 0.27084383368492126, 'learning_rate': 0.0002989119655837913, 'epoch': 0.64}
{'loss': 2.9566, 'grad_norm': 0.2484777718782425, 'learning_rate': 0.00029872935784766466, 'epoch': 0.64}
{'loss': 2.9455, 'grad_norm': 0.2909797430038452, 'learning_rate': 0.0002985467821431687, 'epoch': 0.64}
{'loss': 2.9345, 'grad_norm': 0.2924550175666809, 'learning_rate': 0.00029836423849935966, 'epoch': 0.64}
{'loss': 2.8959, 'grad_norm': 0.26808109879493713, 'learning_rate': 0.0002981817269452887, 'epoch': 0.64}
{'loss': 2.9425, 'grad_norm': 0.30045878887176514, 'learning_rate': 0.0002979992475100024, 'epoch': 0.64}
{'loss': 3.0619, 'grad_norm': 0.31676846742630005, 'learning_rate': 0.00029781680022254156, 'epoch': 0.64}
{'loss': 2.924, 'grad_norm': 0.2721942961215973, 'learning_rate': 0.000297634385111942, 'epoch': 0.64}
{'loss': 2.9493, 'grad_norm': 0.25786256790161133, 'learning_rate': 0.0002974520022072347, 'epoch': 0.64}
{'loss': 2.8895, 'grad_norm': 0.3073093891143799, 'learning_rate': 0.0002972696515374455, 'epoch': 0.64}
{'loss': 3.0342, 'grad_norm': 0.28069648146629333, 'learning_rate': 0.00029708733313159465, 'epoch': 0.64}
{'loss': 2.8386, 'grad_norm': 0.2972021698951721, 'learning_rate': 0.00029690504701869783, 'epoch': 0.64}
{'loss': 3.0174, 'grad_norm': 0.2611030638217926, 'learning_rate': 0.0002967227932277652, 'epoch': 0.64}
{'loss': 2.9787, 'grad_norm': 0.28213024139404297, 'learning_rate': 0.00029654057178780214, 'epoch': 0.64}
{'loss': 2.9604, 'grad_norm': 0.2814220190048218, 'learning_rate': 0.0002963583827278086, 'epoch': 0.64}
{'loss': 2.9437, 'grad_norm': 0.267483115196228, 'learning_rate': 0.0002961762260767791, 'epoch': 0.64}
{'loss': 2.8978, 'grad_norm': 0.2886148691177368, 'learning_rate': 0.0002959941018637036, 'epoch': 0.64}
{'loss': 2.9072, 'grad_norm': 0.2781268060207367, 'learning_rate': 0.00029581201011756673, 'epoch': 0.64}
{'loss': 3.1026, 'grad_norm': 0.28727486729621887, 'learning_rate': 0.0002956299508673477, 'epoch': 0.65}
{'loss': 2.9955, 'grad_norm': 0.2882032096385956, 'learning_rate': 0.0002954479241420208, 'epoch': 0.65}
{'loss': 3.0146, 'grad_norm': 0.28821879625320435, 'learning_rate': 0.00029526592997055484, 'epoch': 0.65}
{'loss': 3.0039, 'grad_norm': 0.3004423677921295, 'learning_rate': 0.00029508396838191374, 'epoch': 0.65}
{'loss': 2.9678, 'grad_norm': 0.2677568793296814, 'learning_rate': 0.00029490203940505646, 'epoch': 0.65}
{'loss': 3.0855, 'grad_norm': 0.2972608208656311, 'learning_rate': 0.00029472014306893604, 'epoch': 0.65}
{'loss': 2.9641, 'grad_norm': 0.26282691955566406, 'learning_rate': 0.00029453827940250087, 'epoch': 0.65}
{'loss': 3.0181, 'grad_norm': 0.26988160610198975, 'learning_rate': 0.00029435644843469434, 'epoch': 0.65}
{'loss': 3.0251, 'grad_norm': 0.2620363235473633, 'learning_rate': 0.0002941746501944538, 'epoch': 0.65}
{'loss': 2.9044, 'grad_norm': 0.2805114984512329, 'learning_rate': 0.00029399288471071227, 'epoch': 0.65}
{'loss': 3.0062, 'grad_norm': 0.28899523615837097, 'learning_rate': 0.0002938111520123971, 'epoch': 0.65}
{'loss': 2.9266, 'grad_norm': 0.2883918881416321, 'learning_rate': 0.00029362945212843024, 'epoch': 0.65}
{'loss': 2.9509, 'grad_norm': 0.2740938365459442, 'learning_rate': 0.00029344778508772916, 'epoch': 0.65}
{'loss': 2.9652, 'grad_norm': 0.28413474559783936, 'learning_rate': 0.0002932661509192053, 'epoch': 0.65}
{'loss': 2.9937, 'grad_norm': 0.2863021492958069, 'learning_rate': 0.00029308454965176544, 'epoch': 0.65}
{'loss': 2.9738, 'grad_norm': 0.28742101788520813, 'learning_rate': 0.0002929029813143107, 'epoch': 0.65}
{'loss': 2.8647, 'grad_norm': 0.29999715089797974, 'learning_rate': 0.00029272144593573714, 'epoch': 0.65}
{'loss': 2.936, 'grad_norm': 0.2770954966545105, 'learning_rate': 0.00029253994354493573, 'epoch': 0.65}
{'loss': 3.1311, 'grad_norm': 0.2479487657546997, 'learning_rate': 0.000292358474170792, 'epoch': 0.65}
{'loss': 3.0611, 'grad_norm': 0.2708674967288971, 'learning_rate': 0.00029217703784218605, 'epoch': 0.65}
{'loss': 3.0178, 'grad_norm': 0.30280882120132446, 'learning_rate': 0.00029199563458799334, 'epoch': 0.65}
{'loss': 2.9496, 'grad_norm': 0.27257534861564636, 'learning_rate': 0.0002918142644370834, 'epoch': 0.65}
{'loss': 2.9644, 'grad_norm': 0.2827942967414856, 'learning_rate': 0.0002916329274183206, 'epoch': 0.65}
{'loss': 2.8725, 'grad_norm': 0.27397289872169495, 'learning_rate': 0.0002914516235605646, 'epoch': 0.65}
{'loss': 3.0682, 'grad_norm': 0.2543945014476776, 'learning_rate': 0.000291270352892669, 'epoch': 0.65}
{'loss': 3.0774, 'grad_norm': 0.28920701146125793, 'learning_rate': 0.0002910891154434828, 'epoch': 0.65}
{'loss': 3.0556, 'grad_norm': 0.293179988861084, 'learning_rate': 0.00029090791124184936, 'epoch': 0.65}
{'loss': 3.0947, 'grad_norm': 0.27371683716773987, 'learning_rate': 0.00029072674031660646, 'epoch': 0.65}
{'loss': 2.8273, 'grad_norm': 0.2856225371360779, 'learning_rate': 0.00029054560269658737, 'epoch': 0.65}
{'loss': 2.8968, 'grad_norm': 0.27191174030303955, 'learning_rate': 0.0002903644984106192, 'epoch': 0.65}
{'loss': 2.9138, 'grad_norm': 0.2789531946182251, 'learning_rate': 0.00029018342748752434, 'epoch': 0.65}
{'loss': 3.0249, 'grad_norm': 0.28904128074645996, 'learning_rate': 0.00029000238995611995, 'epoch': 0.65}
{'loss': 3.0699, 'grad_norm': 0.291960209608078, 'learning_rate': 0.0002898213858452173, 'epoch': 0.65}
{'loss': 2.9583, 'grad_norm': 0.29380354285240173, 'learning_rate': 0.0002896404151836227, 'epoch': 0.65}
{'loss': 2.9808, 'grad_norm': 0.2812535762786865, 'learning_rate': 0.0002894594780001373, 'epoch': 0.65}
{'loss': 2.9248, 'grad_norm': 0.2852562963962555, 'learning_rate': 0.0002892785743235563, 'epoch': 0.65}
{'loss': 2.8435, 'grad_norm': 0.2619061768054962, 'learning_rate': 0.00028909770418267055, 'epoch': 0.65}
{'loss': 2.8471, 'grad_norm': 0.2541073262691498, 'learning_rate': 0.00028891686760626446, 'epoch': 0.65}
{'loss': 2.8813, 'grad_norm': 0.2684422731399536, 'learning_rate': 0.00028873606462311783, 'epoch': 0.65}
{'loss': 2.9912, 'grad_norm': 0.27880895137786865, 'learning_rate': 0.0002885552952620053, 'epoch': 0.65}
{'loss': 2.9729, 'grad_norm': 0.29293590784072876, 'learning_rate': 0.00028837455955169544, 'epoch': 0.65}
{'loss': 2.9966, 'grad_norm': 0.26337265968322754, 'learning_rate': 0.0002881938575209516, 'epoch': 0.65}
{'loss': 2.8977, 'grad_norm': 0.2842271327972412, 'learning_rate': 0.0002880131891985324, 'epoch': 0.65}
{'loss': 3.0876, 'grad_norm': 0.2805567979812622, 'learning_rate': 0.00028783255461319046, 'epoch': 0.65}
{'loss': 2.9888, 'grad_norm': 0.27339598536491394, 'learning_rate': 0.0002876519537936731, 'epoch': 0.65}
{'loss': 2.9923, 'grad_norm': 0.27559053897857666, 'learning_rate': 0.00028747138676872254, 'epoch': 0.65}
{'loss': 2.9386, 'grad_norm': 0.28321829438209534, 'learning_rate': 0.00028729085356707574, 'epoch': 0.65}
{'loss': 2.8335, 'grad_norm': 0.2913571298122406, 'learning_rate': 0.00028711035421746366, 'epoch': 0.65}
{'loss': 3.0893, 'grad_norm': 0.27786633372306824, 'learning_rate': 0.00028692988874861247, 'epoch': 0.65}
{'loss': 2.7894, 'grad_norm': 0.2866058349609375, 'learning_rate': 0.00028674945718924256, 'epoch': 0.65}
{'loss': 2.968, 'grad_norm': 0.2938827872276306, 'learning_rate': 0.0002865690595680693, 'epoch': 0.65}
{'loss': 2.944, 'grad_norm': 0.2592604160308838, 'learning_rate': 0.00028638869591380233, 'epoch': 0.65}
{'loss': 2.8904, 'grad_norm': 0.24490654468536377, 'learning_rate': 0.0002862083662551457, 'epoch': 0.65}
{'loss': 2.9524, 'grad_norm': 0.2933638095855713, 'learning_rate': 0.0002860280706207989, 'epoch': 0.65}
{'loss': 2.9079, 'grad_norm': 0.26633408665657043, 'learning_rate': 0.0002858478090394549, 'epoch': 0.65}
{'loss': 2.9164, 'grad_norm': 0.2740795314311981, 'learning_rate': 0.00028566758153980213, 'epoch': 0.65}
{'loss': 3.0542, 'grad_norm': 0.26498615741729736, 'learning_rate': 0.00028548738815052335, 'epoch': 0.65}
{'loss': 2.8611, 'grad_norm': 0.2651693522930145, 'learning_rate': 0.00028530722890029536, 'epoch': 0.65}
{'loss': 2.9095, 'grad_norm': 0.285189151763916, 'learning_rate': 0.0002851271038177906, 'epoch': 0.65}
{'loss': 2.9301, 'grad_norm': 0.28868812322616577, 'learning_rate': 0.000284947012931675, 'epoch': 0.65}
{'loss': 2.9779, 'grad_norm': 0.28388074040412903, 'learning_rate': 0.00028476695627060956, 'epoch': 0.65}
{'loss': 2.9147, 'grad_norm': 0.2700381875038147, 'learning_rate': 0.00028458693386324994, 'epoch': 0.65}
{'loss': 2.8921, 'grad_norm': 0.2815505266189575, 'learning_rate': 0.00028440694573824587, 'epoch': 0.65}
{'loss': 2.9157, 'grad_norm': 0.2950744032859802, 'learning_rate': 0.00028422699192424207, 'epoch': 0.65}
{'loss': 2.9613, 'grad_norm': 0.2941175699234009, 'learning_rate': 0.0002840470724498779, 'epoch': 0.65}
{'loss': 2.9403, 'grad_norm': 0.29679596424102783, 'learning_rate': 0.0002838671873437869, 'epoch': 0.65}
{'loss': 2.9669, 'grad_norm': 0.26274770498275757, 'learning_rate': 0.00028368733663459696, 'epoch': 0.65}
{'loss': 2.8855, 'grad_norm': 0.2775459587574005, 'learning_rate': 0.0002835075203509312, 'epoch': 0.65}
{'loss': 2.8259, 'grad_norm': 0.2988494634628296, 'learning_rate': 0.0002833277385214064, 'epoch': 0.65}
{'loss': 2.9045, 'grad_norm': 0.26252421736717224, 'learning_rate': 0.00028314799117463486, 'epoch': 0.65}
{'loss': 2.9323, 'grad_norm': 0.257172554731369, 'learning_rate': 0.0002829682783392223, 'epoch': 0.65}
{'loss': 2.9566, 'grad_norm': 0.2822766900062561, 'learning_rate': 0.00028278860004376973, 'epoch': 0.65}
{'loss': 3.0037, 'grad_norm': 0.28453776240348816, 'learning_rate': 0.00028260895631687264, 'epoch': 0.65}
{'loss': 2.9675, 'grad_norm': 0.3066219389438629, 'learning_rate': 0.0002824293471871206, 'epoch': 0.65}
{'loss': 3.0295, 'grad_norm': 0.2862769365310669, 'learning_rate': 0.0002822497726830977, 'epoch': 0.65}
{'loss': 2.9769, 'grad_norm': 0.2838985323905945, 'learning_rate': 0.000282070232833383, 'epoch': 0.65}
{'loss': 2.9894, 'grad_norm': 0.2923545241355896, 'learning_rate': 0.00028189072766654966, 'epoch': 0.65}
{'loss': 2.9379, 'grad_norm': 0.2637339234352112, 'learning_rate': 0.0002817112572111651, 'epoch': 0.65}
{'loss': 2.9246, 'grad_norm': 0.28590691089630127, 'learning_rate': 0.0002815318214957919, 'epoch': 0.65}
{'loss': 2.8667, 'grad_norm': 0.2776930034160614, 'learning_rate': 0.0002813524205489865, 'epoch': 0.65}
{'loss': 3.0381, 'grad_norm': 0.31522443890571594, 'learning_rate': 0.0002811730543993001, 'epoch': 0.65}
{'loss': 2.937, 'grad_norm': 0.2893558740615845, 'learning_rate': 0.0002809937230752784, 'epoch': 0.65}
{'loss': 2.8174, 'grad_norm': 0.2786940932273865, 'learning_rate': 0.00028081442660546124, 'epoch': 0.66}
{'loss': 2.8695, 'grad_norm': 0.27199316024780273, 'learning_rate': 0.00028063516501838345, 'epoch': 0.66}
{'loss': 2.9754, 'grad_norm': 0.2898164391517639, 'learning_rate': 0.00028045593834257376, 'epoch': 0.66}
{'loss': 2.9797, 'grad_norm': 0.28323468565940857, 'learning_rate': 0.00028027674660655537, 'epoch': 0.66}
{'loss': 2.8863, 'grad_norm': 0.27181586623191833, 'learning_rate': 0.0002800975898388466, 'epoch': 0.66}
{'loss': 3.046, 'grad_norm': 0.27154019474983215, 'learning_rate': 0.00027991846806795916, 'epoch': 0.66}
{'loss': 2.9326, 'grad_norm': 0.293088436126709, 'learning_rate': 0.0002797393813224002, 'epoch': 0.66}
{'loss': 2.9948, 'grad_norm': 0.2883847653865814, 'learning_rate': 0.0002795603296306708, 'epoch': 0.66}
{'loss': 2.8183, 'grad_norm': 0.2848063111305237, 'learning_rate': 0.0002793813130212662, 'epoch': 0.66}
{'loss': 2.9702, 'grad_norm': 0.2965136170387268, 'learning_rate': 0.0002792023315226768, 'epoch': 0.66}
{'loss': 2.9441, 'grad_norm': 0.27951204776763916, 'learning_rate': 0.00027902338516338674, 'epoch': 0.66}
{'loss': 2.908, 'grad_norm': 0.2574983835220337, 'learning_rate': 0.00027884447397187465, 'epoch': 0.66}
{'loss': 2.9314, 'grad_norm': 0.2851322591304779, 'learning_rate': 0.00027866559797661407, 'epoch': 0.66}
{'loss': 2.8993, 'grad_norm': 0.291904091835022, 'learning_rate': 0.0002784867572060722, 'epoch': 0.66}
{'loss': 2.9495, 'grad_norm': 0.2700718641281128, 'learning_rate': 0.0002783079516887113, 'epoch': 0.66}
{'loss': 3.0949, 'grad_norm': 0.27126604318618774, 'learning_rate': 0.00027812918145298784, 'epoch': 0.66}
{'loss': 2.9042, 'grad_norm': 0.2663525938987732, 'learning_rate': 0.00027795044652735237, 'epoch': 0.66}
{'loss': 2.8878, 'grad_norm': 0.2937576472759247, 'learning_rate': 0.00027777174694024995, 'epoch': 0.66}
{'loss': 3.0035, 'grad_norm': 0.2857220768928528, 'learning_rate': 0.00027759308272012033, 'epoch': 0.66}
{'loss': 2.8289, 'grad_norm': 0.26914915442466736, 'learning_rate': 0.00027741445389539715, 'epoch': 0.66}
{'loss': 2.9627, 'grad_norm': 0.28533583879470825, 'learning_rate': 0.000277235860494509, 'epoch': 0.66}
{'loss': 2.9487, 'grad_norm': 0.2842455506324768, 'learning_rate': 0.00027705730254587804, 'epoch': 0.66}
{'loss': 2.9299, 'grad_norm': 0.25327518582344055, 'learning_rate': 0.00027687878007792146, 'epoch': 0.66}
{'loss': 2.9104, 'grad_norm': 0.2896054685115814, 'learning_rate': 0.00027670029311905085, 'epoch': 0.66}
{'loss': 3.0969, 'grad_norm': 0.29919689893722534, 'learning_rate': 0.00027652184169767163, 'epoch': 0.66}
{'loss': 2.9609, 'grad_norm': 0.2725611925125122, 'learning_rate': 0.00027634342584218364, 'epoch': 0.66}
{'loss': 3.0216, 'grad_norm': 0.30463913083076477, 'learning_rate': 0.0002761650455809817, 'epoch': 0.66}
{'loss': 3.0035, 'grad_norm': 0.3067971467971802, 'learning_rate': 0.00027598670094245413, 'epoch': 0.66}
{'loss': 2.7915, 'grad_norm': 0.255363792181015, 'learning_rate': 0.000275808391954984, 'epoch': 0.66}
{'loss': 3.0881, 'grad_norm': 0.259830504655838, 'learning_rate': 0.0002756301186469488, 'epoch': 0.66}
{'loss': 2.9569, 'grad_norm': 0.2765352129936218, 'learning_rate': 0.0002754518810467199, 'epoch': 0.66}
{'loss': 2.9441, 'grad_norm': 0.28724396228790283, 'learning_rate': 0.00027527367918266365, 'epoch': 0.66}
{'loss': 2.9904, 'grad_norm': 0.2853207290172577, 'learning_rate': 0.0002750955130831403, 'epoch': 0.66}
{'loss': 2.9728, 'grad_norm': 0.27394506335258484, 'learning_rate': 0.00027491738277650424, 'epoch': 0.66}
{'loss': 2.9849, 'grad_norm': 0.29644355177879333, 'learning_rate': 0.0002747392882911047, 'epoch': 0.66}
{'loss': 2.9133, 'grad_norm': 0.26589077711105347, 'learning_rate': 0.00027456122965528474, 'epoch': 0.66}
{'loss': 2.7883, 'grad_norm': 0.2782612144947052, 'learning_rate': 0.00027438320689738167, 'epoch': 0.66}
{'loss': 2.8689, 'grad_norm': 0.28992584347724915, 'learning_rate': 0.00027420522004572765, 'epoch': 0.66}
{'loss': 3.0387, 'grad_norm': 0.3056621253490448, 'learning_rate': 0.0002740272691286483, 'epoch': 0.66}
{'loss': 3.0226, 'grad_norm': 0.3043336868286133, 'learning_rate': 0.00027384935417446433, 'epoch': 0.66}
{'loss': 3.0112, 'grad_norm': 0.2912898063659668, 'learning_rate': 0.0002736714752114905, 'epoch': 0.66}
{'loss': 2.9057, 'grad_norm': 0.26771432161331177, 'learning_rate': 0.0002734936322680354, 'epoch': 0.66}
{'loss': 2.9385, 'grad_norm': 0.28488126397132874, 'learning_rate': 0.0002733158253724024, 'epoch': 0.66}
{'loss': 2.7905, 'grad_norm': 0.2769506275653839, 'learning_rate': 0.000273138054552889, 'epoch': 0.66}
{'loss': 2.9683, 'grad_norm': 0.28200608491897583, 'learning_rate': 0.00027296031983778656, 'epoch': 0.66}
{'loss': 3.0567, 'grad_norm': 0.29879385232925415, 'learning_rate': 0.0002727826212553815, 'epoch': 0.66}
{'loss': 2.9991, 'grad_norm': 0.2983056902885437, 'learning_rate': 0.0002726049588339536, 'epoch': 0.66}
{'loss': 3.0293, 'grad_norm': 0.2876667380332947, 'learning_rate': 0.0002724273326017775, 'epoch': 0.66}
{'loss': 3.0002, 'grad_norm': 0.2802002727985382, 'learning_rate': 0.00027224974258712207, 'epoch': 0.66}
{'loss': 2.8756, 'grad_norm': 0.2903800904750824, 'learning_rate': 0.00027207218881825015, 'epoch': 0.66}
{'loss': 3.1736, 'grad_norm': 0.2780120074748993, 'learning_rate': 0.0002718946713234185, 'epoch': 0.66}
{'loss': 2.8018, 'grad_norm': 0.2768310010433197, 'learning_rate': 0.0002717171901308791, 'epoch': 0.66}
{'loss': 3.022, 'grad_norm': 0.29651200771331787, 'learning_rate': 0.0002715397452688771, 'epoch': 0.66}
{'loss': 2.922, 'grad_norm': 0.2525002360343933, 'learning_rate': 0.00027136233676565267, 'epoch': 0.66}
{'loss': 3.0604, 'grad_norm': 0.2805590033531189, 'learning_rate': 0.00027118496464943975, 'epoch': 0.66}
{'loss': 2.8974, 'grad_norm': 0.2928726077079773, 'learning_rate': 0.0002710076289484663, 'epoch': 0.66}
{'loss': 2.8406, 'grad_norm': 0.28188034892082214, 'learning_rate': 0.00027083032969095505, 'epoch': 0.66}
{'loss': 2.8829, 'grad_norm': 0.28980210423469543, 'learning_rate': 0.0002706530669051228, 'epoch': 0.66}
{'loss': 2.851, 'grad_norm': 0.2841234803199768, 'learning_rate': 0.00027047584061918, 'epoch': 0.66}
{'loss': 2.927, 'grad_norm': 0.24584642052650452, 'learning_rate': 0.0002702986508613321, 'epoch': 0.66}
{'loss': 2.9584, 'grad_norm': 0.299537718296051, 'learning_rate': 0.00027012149765977825, 'epoch': 0.66}
{'loss': 2.9772, 'grad_norm': 0.2628788650035858, 'learning_rate': 0.0002699443810427114, 'epoch': 0.66}
{'loss': 2.9268, 'grad_norm': 0.28322190046310425, 'learning_rate': 0.0002697673010383198, 'epoch': 0.66}
{'loss': 2.8754, 'grad_norm': 0.27120232582092285, 'learning_rate': 0.0002695902576747846, 'epoch': 0.66}
{'loss': 2.8962, 'grad_norm': 0.2869202196598053, 'learning_rate': 0.00026941325098028205, 'epoch': 0.66}
{'loss': 2.9348, 'grad_norm': 0.2903484106063843, 'learning_rate': 0.0002692362809829825, 'epoch': 0.66}
{'loss': 2.8813, 'grad_norm': 0.26246678829193115, 'learning_rate': 0.00026905934771104966, 'epoch': 0.66}
{'loss': 2.9418, 'grad_norm': 0.27470457553863525, 'learning_rate': 0.00026888245119264246, 'epoch': 0.66}
{'loss': 2.8923, 'grad_norm': 0.24886935949325562, 'learning_rate': 0.0002687055914559132, 'epoch': 0.66}
{'loss': 2.9565, 'grad_norm': 0.27982813119888306, 'learning_rate': 0.00026852876852900836, 'epoch': 0.66}
{'loss': 3.0376, 'grad_norm': 0.3203229606151581, 'learning_rate': 0.00026835198244006924, 'epoch': 0.66}
{'loss': 2.9673, 'grad_norm': 0.2867814004421234, 'learning_rate': 0.00026817523321723047, 'epoch': 0.66}
{'loss': 3.0777, 'grad_norm': 0.27179181575775146, 'learning_rate': 0.0002679985208886213, 'epoch': 0.66}
{'loss': 2.9417, 'grad_norm': 0.28649067878723145, 'learning_rate': 0.0002678218454823651, 'epoch': 0.66}
{'loss': 3.0214, 'grad_norm': 0.2588774263858795, 'learning_rate': 0.000267645207026579, 'epoch': 0.66}
{'loss': 2.8618, 'grad_norm': 0.2872113585472107, 'learning_rate': 0.0002674686055493748, 'epoch': 0.66}
{'loss': 2.7924, 'grad_norm': 0.3023642599582672, 'learning_rate': 0.00026729204107885785, 'epoch': 0.66}
{'loss': 2.985, 'grad_norm': 0.30261075496673584, 'learning_rate': 0.0002671155136431279, 'epoch': 0.66}
{'loss': 3.0319, 'grad_norm': 0.27718621492385864, 'learning_rate': 0.0002669390232702789, 'epoch': 0.66}
{'loss': 2.8382, 'grad_norm': 0.29025736451148987, 'learning_rate': 0.00026676256998839847, 'epoch': 0.66}
{'loss': 2.917, 'grad_norm': 0.3038240671157837, 'learning_rate': 0.00026658615382556895, 'epoch': 0.66}
{'loss': 3.0695, 'grad_norm': 0.3066313564777374, 'learning_rate': 0.00026640977480986644, 'epoch': 0.67}
{'loss': 3.0992, 'grad_norm': 0.2695377469062805, 'learning_rate': 0.0002662334329693611, 'epoch': 0.67}
{'loss': 2.855, 'grad_norm': 0.26584506034851074, 'learning_rate': 0.000266057128332117, 'epoch': 0.67}
{'loss': 3.0126, 'grad_norm': 0.3038099408149719, 'learning_rate': 0.00026588086092619277, 'epoch': 0.67}
{'loss': 2.8818, 'grad_norm': 0.2680066227912903, 'learning_rate': 0.00026570463077964067, 'epoch': 0.67}
{'loss': 2.9084, 'grad_norm': 0.2592385411262512, 'learning_rate': 0.0002655284379205075, 'epoch': 0.67}
{'loss': 2.8754, 'grad_norm': 0.27565234899520874, 'learning_rate': 0.0002653522823768335, 'epoch': 0.67}
{'loss': 2.8369, 'grad_norm': 0.27506527304649353, 'learning_rate': 0.0002651761641766533, 'epoch': 0.67}
{'loss': 3.1363, 'grad_norm': 0.29795339703559875, 'learning_rate': 0.00026500008334799576, 'epoch': 0.67}
{'loss': 2.8673, 'grad_norm': 0.2864171862602234, 'learning_rate': 0.0002648240399188837, 'epoch': 0.67}
{'loss': 2.8329, 'grad_norm': 0.286423921585083, 'learning_rate': 0.0002646480339173337, 'epoch': 0.67}
{'loss': 2.9745, 'grad_norm': 0.2729063332080841, 'learning_rate': 0.00026447206537135684, 'epoch': 0.67}
{'loss': 2.8668, 'grad_norm': 0.28821009397506714, 'learning_rate': 0.00026429613430895785, 'epoch': 0.67}
{'loss': 2.8124, 'grad_norm': 0.2626773715019226, 'learning_rate': 0.0002641202407581355, 'epoch': 0.67}
{'loss': 2.9478, 'grad_norm': 0.26668721437454224, 'learning_rate': 0.00026394438474688307, 'epoch': 0.67}
{'loss': 2.8653, 'grad_norm': 0.26730701327323914, 'learning_rate': 0.0002637685663031871, 'epoch': 0.67}
{'loss': 3.0851, 'grad_norm': 0.2749151885509491, 'learning_rate': 0.00026359278545502886, 'epoch': 0.67}
{'loss': 2.9539, 'grad_norm': 0.3010231852531433, 'learning_rate': 0.00026341704223038347, 'epoch': 0.67}
{'loss': 2.9357, 'grad_norm': 0.2874256372451782, 'learning_rate': 0.0002632413366572196, 'epoch': 0.67}
{'loss': 2.9385, 'grad_norm': 0.27494359016418457, 'learning_rate': 0.0002630656687635007, 'epoch': 0.67}
{'loss': 2.9627, 'grad_norm': 0.297572523355484, 'learning_rate': 0.00026289003857718355, 'epoch': 0.67}
{'loss': 2.8551, 'grad_norm': 0.28444936871528625, 'learning_rate': 0.00026271444612621897, 'epoch': 0.67}
{'loss': 2.7633, 'grad_norm': 0.28659766912460327, 'learning_rate': 0.00026253889143855236, 'epoch': 0.67}
{'loss': 2.9597, 'grad_norm': 0.2869376242160797, 'learning_rate': 0.00026236337454212246, 'epoch': 0.67}
{'loss': 2.9574, 'grad_norm': 0.2840460240840912, 'learning_rate': 0.00026218789546486235, 'epoch': 0.67}
{'loss': 3.0011, 'grad_norm': 0.2670654356479645, 'learning_rate': 0.0002620124542346992, 'epoch': 0.67}
{'loss': 3.0722, 'grad_norm': 0.3053242266178131, 'learning_rate': 0.0002618370508795536, 'epoch': 0.67}
{'loss': 3.0801, 'grad_norm': 0.29708629846572876, 'learning_rate': 0.0002616616854273409, 'epoch': 0.67}
{'loss': 2.9952, 'grad_norm': 0.2765742838382721, 'learning_rate': 0.0002614863579059698, 'epoch': 0.67}
{'loss': 2.857, 'grad_norm': 0.29142138361930847, 'learning_rate': 0.00026131106834334294, 'epoch': 0.67}
{'loss': 3.121, 'grad_norm': 0.2853536605834961, 'learning_rate': 0.00026113581676735754, 'epoch': 0.67}
{'loss': 3.0177, 'grad_norm': 0.2897239923477173, 'learning_rate': 0.0002609606032059039, 'epoch': 0.67}
{'loss': 2.9085, 'grad_norm': 0.29133141040802, 'learning_rate': 0.0002607854276868673, 'epoch': 0.67}
{'loss': 2.8896, 'grad_norm': 0.2890412211418152, 'learning_rate': 0.0002606102902381259, 'epoch': 0.67}
{'loss': 3.0591, 'grad_norm': 0.3316696584224701, 'learning_rate': 0.0002604351908875526, 'epoch': 0.67}
{'loss': 2.8487, 'grad_norm': 0.2759549021720886, 'learning_rate': 0.00026026012966301384, 'epoch': 0.67}
{'loss': 3.0604, 'grad_norm': 0.2827434241771698, 'learning_rate': 0.00026008510659237025, 'epoch': 0.67}
{'loss': 3.0759, 'grad_norm': 0.2673529088497162, 'learning_rate': 0.000259910121703476, 'epoch': 0.67}
{'loss': 2.9987, 'grad_norm': 0.2517700493335724, 'learning_rate': 0.00025973517502417964, 'epoch': 0.67}
{'loss': 2.8685, 'grad_norm': 0.27948909997940063, 'learning_rate': 0.0002595602665823235, 'epoch': 0.67}
{'loss': 2.819, 'grad_norm': 0.26361098885536194, 'learning_rate': 0.00025938539640574313, 'epoch': 0.67}
{'loss': 2.9399, 'grad_norm': 0.27819621562957764, 'learning_rate': 0.0002592105645222692, 'epoch': 0.67}
{'loss': 2.9384, 'grad_norm': 0.2824361026287079, 'learning_rate': 0.00025903577095972566, 'epoch': 0.67}
{'loss': 2.9824, 'grad_norm': 0.29092374444007874, 'learning_rate': 0.00025886101574593015, 'epoch': 0.67}
{'loss': 2.9432, 'grad_norm': 0.272383451461792, 'learning_rate': 0.00025868629890869467, 'epoch': 0.67}
{'loss': 3.0526, 'grad_norm': 0.2685781717300415, 'learning_rate': 0.00025851162047582475, 'epoch': 0.67}
{'loss': 3.137, 'grad_norm': 0.274290531873703, 'learning_rate': 0.00025833698047511984, 'epoch': 0.67}
{'loss': 3.0301, 'grad_norm': 0.29567599296569824, 'learning_rate': 0.00025816237893437367, 'epoch': 0.67}
{'loss': 2.8542, 'grad_norm': 0.2832135558128357, 'learning_rate': 0.00025798781588137325, 'epoch': 0.67}
{'loss': 2.9733, 'grad_norm': 0.28770163655281067, 'learning_rate': 0.0002578132913439, 'epoch': 0.67}
{'loss': 2.9103, 'grad_norm': 0.26536595821380615, 'learning_rate': 0.00025763880534972905, 'epoch': 0.67}
{'loss': 3.0677, 'grad_norm': 0.2781848907470703, 'learning_rate': 0.000257464357926629, 'epoch': 0.67}
{'loss': 2.9289, 'grad_norm': 0.29214972257614136, 'learning_rate': 0.000257289949102363, 'epoch': 0.67}
{'loss': 2.9634, 'grad_norm': 0.2985457181930542, 'learning_rate': 0.0002571155789046877, 'epoch': 0.67}
{'loss': 3.0283, 'grad_norm': 0.3042253255844116, 'learning_rate': 0.00025694124736135314, 'epoch': 0.67}
{'loss': 2.9569, 'grad_norm': 0.3213335871696472, 'learning_rate': 0.00025676695450010424, 'epoch': 0.67}
{'loss': 2.9487, 'grad_norm': 0.28426647186279297, 'learning_rate': 0.0002565927003486788, 'epoch': 0.67}
{'loss': 3.0352, 'grad_norm': 0.29376736283302307, 'learning_rate': 0.0002564184849348089, 'epoch': 0.67}
{'loss': 3.0016, 'grad_norm': 0.28544509410858154, 'learning_rate': 0.0002562443082862207, 'epoch': 0.67}
{'loss': 3.0076, 'grad_norm': 0.30861416459083557, 'learning_rate': 0.0002560701704306336, 'epoch': 0.67}
{'loss': 2.8002, 'grad_norm': 0.2928523123264313, 'learning_rate': 0.00025589607139576135, 'epoch': 0.67}
{'loss': 2.847, 'grad_norm': 0.3767441511154175, 'learning_rate': 0.00025572201120931126, 'epoch': 0.67}
{'loss': 2.9006, 'grad_norm': 0.2817627787590027, 'learning_rate': 0.0002555479898989842, 'epoch': 0.67}
{'loss': 2.9696, 'grad_norm': 0.26024144887924194, 'learning_rate': 0.0002553740074924756, 'epoch': 0.67}
{'loss': 2.8292, 'grad_norm': 0.2679976224899292, 'learning_rate': 0.00025520006401747396, 'epoch': 0.67}
{'loss': 2.981, 'grad_norm': 0.2840067446231842, 'learning_rate': 0.0002550261595016618, 'epoch': 0.67}
{'loss': 2.9284, 'grad_norm': 0.3093276917934418, 'learning_rate': 0.00025485229397271566, 'epoch': 0.67}
{'loss': 2.8781, 'grad_norm': 0.2908768951892853, 'learning_rate': 0.00025467846745830567, 'epoch': 0.67}
{'loss': 3.0686, 'grad_norm': 0.30886310338974, 'learning_rate': 0.00025450467998609604, 'epoch': 0.67}
{'loss': 3.0465, 'grad_norm': 0.27953842282295227, 'learning_rate': 0.0002543309315837444, 'epoch': 0.67}
{'loss': 2.9018, 'grad_norm': 0.2938620448112488, 'learning_rate': 0.000254157222278902, 'epoch': 0.67}
{'loss': 2.9267, 'grad_norm': 0.2967020869255066, 'learning_rate': 0.00025398355209921465, 'epoch': 0.67}
{'loss': 2.9841, 'grad_norm': 0.25581133365631104, 'learning_rate': 0.00025380992107232114, 'epoch': 0.67}
{'loss': 2.8811, 'grad_norm': 0.27649420499801636, 'learning_rate': 0.00025363632922585427, 'epoch': 0.67}
{'loss': 2.8563, 'grad_norm': 0.27795475721359253, 'learning_rate': 0.0002534627765874408, 'epoch': 0.67}
{'loss': 2.9957, 'grad_norm': 0.27832984924316406, 'learning_rate': 0.0002532892631847014, 'epoch': 0.67}
{'loss': 2.9464, 'grad_norm': 0.26697853207588196, 'learning_rate': 0.00025311578904524954, 'epoch': 0.67}
{'loss': 3.0074, 'grad_norm': 0.29047784209251404, 'learning_rate': 0.0002529423541966939, 'epoch': 0.67}
{'loss': 3.0166, 'grad_norm': 0.2865477502346039, 'learning_rate': 0.0002527689586666355, 'epoch': 0.67}
{'loss': 2.8196, 'grad_norm': 0.28590482473373413, 'learning_rate': 0.00025259560248267024, 'epoch': 0.67}
{'loss': 2.8765, 'grad_norm': 0.26432761549949646, 'learning_rate': 0.00025242228567238687, 'epoch': 0.67}
{'loss': 3.1188, 'grad_norm': 0.29927849769592285, 'learning_rate': 0.00025224900826336825, 'epoch': 0.68}
{'loss': 2.7492, 'grad_norm': 0.2687629163265228, 'learning_rate': 0.00025207577028319106, 'epoch': 0.68}
{'loss': 2.9701, 'grad_norm': 0.2961084246635437, 'learning_rate': 0.00025190257175942586, 'epoch': 0.68}
{'loss': 2.807, 'grad_norm': 0.2944646179676056, 'learning_rate': 0.0002517294127196362, 'epoch': 0.68}
{'loss': 3.0606, 'grad_norm': 0.2919478118419647, 'learning_rate': 0.0002515562931913804, 'epoch': 0.68}
{'loss': 2.906, 'grad_norm': 0.28490257263183594, 'learning_rate': 0.00025138321320220956, 'epoch': 0.68}
{'loss': 2.8705, 'grad_norm': 0.2880370318889618, 'learning_rate': 0.00025121017277966875, 'epoch': 0.68}
{'loss': 2.9052, 'grad_norm': 0.2776767313480377, 'learning_rate': 0.0002510371719512972, 'epoch': 0.68}
{'loss': 3.0388, 'grad_norm': 0.27105435729026794, 'learning_rate': 0.00025086421074462705, 'epoch': 0.68}
{'loss': 3.0141, 'grad_norm': 0.30028027296066284, 'learning_rate': 0.0002506912891871851, 'epoch': 0.68}
{'loss': 3.0218, 'grad_norm': 0.27041202783584595, 'learning_rate': 0.0002505184073064907, 'epoch': 0.68}
{'loss': 2.829, 'grad_norm': 0.26331016421318054, 'learning_rate': 0.0002503455651300579, 'epoch': 0.68}
{'loss': 2.8467, 'grad_norm': 0.2980557978153229, 'learning_rate': 0.00025017276268539406, 'epoch': 0.68}
{'loss': 3.0119, 'grad_norm': 0.2836545407772064, 'learning_rate': 0.0002500000000000001, 'epoch': 0.68}
{'loss': 2.9953, 'grad_norm': 0.29164063930511475, 'learning_rate': 0.00024982727710137043, 'epoch': 0.68}
{'loss': 2.967, 'grad_norm': 0.2810283899307251, 'learning_rate': 0.00024965459401699383, 'epoch': 0.68}
{'loss': 2.9938, 'grad_norm': 0.28285151720046997, 'learning_rate': 0.00024948195077435206, 'epoch': 0.68}
{'loss': 2.824, 'grad_norm': 0.27582651376724243, 'learning_rate': 0.0002493093474009206, 'epoch': 0.68}
{'loss': 2.9341, 'grad_norm': 0.26424697041511536, 'learning_rate': 0.000249136783924169, 'epoch': 0.68}
{'loss': 2.8899, 'grad_norm': 0.2561439275741577, 'learning_rate': 0.00024896426037156015, 'epoch': 0.68}
{'loss': 2.7997, 'grad_norm': 0.2816285789012909, 'learning_rate': 0.000248791776770551, 'epoch': 0.68}
{'loss': 2.8904, 'grad_norm': 0.28086820244789124, 'learning_rate': 0.00024861933314859145, 'epoch': 0.68}
{'loss': 3.0161, 'grad_norm': 0.28665411472320557, 'learning_rate': 0.0002484469295331253, 'epoch': 0.68}
{'loss': 3.0382, 'grad_norm': 0.2867436110973358, 'learning_rate': 0.0002482745659515905, 'epoch': 0.68}
{'loss': 2.8424, 'grad_norm': 0.30653414130210876, 'learning_rate': 0.00024810224243141787, 'epoch': 0.68}
{'loss': 2.908, 'grad_norm': 0.27738192677497864, 'learning_rate': 0.0002479299590000322, 'epoch': 0.68}
{'loss': 2.9178, 'grad_norm': 0.27542567253112793, 'learning_rate': 0.00024775771568485186, 'epoch': 0.68}
{'loss': 2.9335, 'grad_norm': 0.2559037506580353, 'learning_rate': 0.0002475855125132892, 'epoch': 0.68}
{'loss': 2.884, 'grad_norm': 0.26145198941230774, 'learning_rate': 0.00024741334951274946, 'epoch': 0.68}
{'loss': 3.042, 'grad_norm': 0.26434919238090515, 'learning_rate': 0.0002472412267106322, 'epoch': 0.68}
{'loss': 2.9449, 'grad_norm': 0.2710838317871094, 'learning_rate': 0.00024706914413432995, 'epoch': 0.68}
{'loss': 2.9538, 'grad_norm': 0.27790889143943787, 'learning_rate': 0.0002468971018112294, 'epoch': 0.68}
{'loss': 3.1357, 'grad_norm': 0.2859801650047302, 'learning_rate': 0.0002467250997687106, 'epoch': 0.68}
{'loss': 2.9207, 'grad_norm': 0.2988717555999756, 'learning_rate': 0.00024655313803414677, 'epoch': 0.68}
{'loss': 2.8108, 'grad_norm': 0.2747572958469391, 'learning_rate': 0.00024638121663490543, 'epoch': 0.68}
{'loss': 2.8927, 'grad_norm': 0.28042516112327576, 'learning_rate': 0.00024620933559834745, 'epoch': 0.68}
{'loss': 2.8181, 'grad_norm': 0.27958106994628906, 'learning_rate': 0.0002460374949518269, 'epoch': 0.68}
{'loss': 2.8839, 'grad_norm': 0.28313499689102173, 'learning_rate': 0.0002458656947226921, 'epoch': 0.68}
{'loss': 3.0143, 'grad_norm': 0.27416282892227173, 'learning_rate': 0.0002456939349382843, 'epoch': 0.68}
{'loss': 2.8798, 'grad_norm': 0.27406030893325806, 'learning_rate': 0.0002455222156259384, 'epoch': 0.68}
{'loss': 3.0762, 'grad_norm': 0.26059964299201965, 'learning_rate': 0.0002453505368129834, 'epoch': 0.68}
{'loss': 2.9726, 'grad_norm': 0.28700605034828186, 'learning_rate': 0.00024517889852674116, 'epoch': 0.68}
{'loss': 2.9326, 'grad_norm': 0.3003600835800171, 'learning_rate': 0.0002450073007945277, 'epoch': 0.68}
{'loss': 2.8803, 'grad_norm': 0.2854389548301697, 'learning_rate': 0.0002448357436436519, 'epoch': 0.68}
{'loss': 3.0116, 'grad_norm': 0.30063366889953613, 'learning_rate': 0.00024466422710141684, 'epoch': 0.68}
{'loss': 2.9434, 'grad_norm': 0.2709450125694275, 'learning_rate': 0.00024449275119511904, 'epoch': 0.68}
{'loss': 3.0807, 'grad_norm': 0.2898513674736023, 'learning_rate': 0.0002443213159520482, 'epoch': 0.68}
{'loss': 2.9913, 'grad_norm': 0.31300675868988037, 'learning_rate': 0.0002441499213994875, 'epoch': 0.68}
{'loss': 3.0241, 'grad_norm': 0.2941434383392334, 'learning_rate': 0.0002439785675647143, 'epoch': 0.68}
{'loss': 2.9885, 'grad_norm': 0.25873127579689026, 'learning_rate': 0.0002438072544749989, 'epoch': 0.68}
{'loss': 2.9094, 'grad_norm': 0.26576587557792664, 'learning_rate': 0.00024363598215760502, 'epoch': 0.68}
{'loss': 2.8668, 'grad_norm': 0.2685219943523407, 'learning_rate': 0.0002434647506397904, 'epoch': 0.68}
{'loss': 2.9169, 'grad_norm': 0.2869911193847656, 'learning_rate': 0.00024329355994880597, 'epoch': 0.68}
{'loss': 3.149, 'grad_norm': 0.29769662022590637, 'learning_rate': 0.0002431224101118964, 'epoch': 0.68}
{'loss': 2.8965, 'grad_norm': 0.2786726653575897, 'learning_rate': 0.0002429513011562996, 'epoch': 0.68}
{'loss': 3.1279, 'grad_norm': 0.27422788739204407, 'learning_rate': 0.00024278023310924675, 'epoch': 0.68}
{'loss': 3.0405, 'grad_norm': 0.28558239340782166, 'learning_rate': 0.00024260920599796326, 'epoch': 0.68}
{'loss': 2.9082, 'grad_norm': 0.25218454003334045, 'learning_rate': 0.0002424382198496674, 'epoch': 0.68}
{'loss': 2.8764, 'grad_norm': 0.28725945949554443, 'learning_rate': 0.00024226727469157095, 'epoch': 0.68}
{'loss': 2.9571, 'grad_norm': 0.2805068790912628, 'learning_rate': 0.00024209637055087947, 'epoch': 0.68}
{'loss': 2.8246, 'grad_norm': 0.273173987865448, 'learning_rate': 0.0002419255074547921, 'epoch': 0.68}
{'loss': 2.8907, 'grad_norm': 0.27932071685791016, 'learning_rate': 0.00024175468543050072, 'epoch': 0.68}
{'loss': 2.9335, 'grad_norm': 0.3116239905357361, 'learning_rate': 0.00024158390450519158, 'epoch': 0.68}
{'loss': 2.9902, 'grad_norm': 0.2876318693161011, 'learning_rate': 0.00024141316470604362, 'epoch': 0.68}
{'loss': 2.949, 'grad_norm': 0.2782655954360962, 'learning_rate': 0.00024124246606022998, 'epoch': 0.68}
{'loss': 2.8713, 'grad_norm': 0.2730403244495392, 'learning_rate': 0.00024107180859491657, 'epoch': 0.68}
{'loss': 3.0573, 'grad_norm': 0.2837248742580414, 'learning_rate': 0.00024090119233726283, 'epoch': 0.68}
{'loss': 2.989, 'grad_norm': 0.2797425389289856, 'learning_rate': 0.0002407306173144223, 'epoch': 0.68}
{'loss': 2.9599, 'grad_norm': 0.30804115533828735, 'learning_rate': 0.00024056008355354108, 'epoch': 0.68}
{'loss': 3.004, 'grad_norm': 0.3106292188167572, 'learning_rate': 0.00024038959108175928, 'epoch': 0.68}
{'loss': 2.9697, 'grad_norm': 0.27830156683921814, 'learning_rate': 0.00024021913992621047, 'epoch': 0.68}
{'loss': 2.969, 'grad_norm': 0.29734694957733154, 'learning_rate': 0.00024004873011402127, 'epoch': 0.68}
{'loss': 2.9947, 'grad_norm': 0.297126829624176, 'learning_rate': 0.00023987836167231174, 'epoch': 0.68}
{'loss': 2.9349, 'grad_norm': 0.25696077942848206, 'learning_rate': 0.00023970803462819583, 'epoch': 0.68}
{'loss': 2.9983, 'grad_norm': 0.28122469782829285, 'learning_rate': 0.00023953774900878027, 'epoch': 0.68}
{'loss': 3.0212, 'grad_norm': 0.2641770839691162, 'learning_rate': 0.00023936750484116587, 'epoch': 0.68}
{'loss': 2.8938, 'grad_norm': 0.31166043877601624, 'learning_rate': 0.00023919730215244612, 'epoch': 0.68}
{'loss': 3.0327, 'grad_norm': 0.27826568484306335, 'learning_rate': 0.00023902714096970845, 'epoch': 0.68}
{'loss': 2.8048, 'grad_norm': 0.2813069522380829, 'learning_rate': 0.00023885702132003366, 'epoch': 0.68}
{'loss': 2.8737, 'grad_norm': 0.28931885957717896, 'learning_rate': 0.00023868694323049571, 'epoch': 0.68}
{'loss': 2.8404, 'grad_norm': 0.26369500160217285, 'learning_rate': 0.0002385169067281618, 'epoch': 0.68}
{'loss': 2.8295, 'grad_norm': 0.28704777359962463, 'learning_rate': 0.000238346911840093, 'epoch': 0.69}
{'loss': 2.7915, 'grad_norm': 0.2842581272125244, 'learning_rate': 0.00023817695859334347, 'epoch': 0.69}
{'loss': 2.8852, 'grad_norm': 0.286920964717865, 'learning_rate': 0.00023800704701496051, 'epoch': 0.69}
{'loss': 2.8809, 'grad_norm': 0.2947281002998352, 'learning_rate': 0.0002378371771319852, 'epoch': 0.69}
{'loss': 2.9679, 'grad_norm': 0.2752610445022583, 'learning_rate': 0.00023766734897145191, 'epoch': 0.69}
{'loss': 2.8652, 'grad_norm': 0.29822850227355957, 'learning_rate': 0.00023749756256038847, 'epoch': 0.69}
{'loss': 2.9699, 'grad_norm': 0.2870323956012726, 'learning_rate': 0.00023732781792581566, 'epoch': 0.69}
{'loss': 3.0308, 'grad_norm': 0.29290106892585754, 'learning_rate': 0.0002371581150947476, 'epoch': 0.69}
{'loss': 2.9676, 'grad_norm': 0.27698156237602234, 'learning_rate': 0.00023698845409419252, 'epoch': 0.69}
{'loss': 2.9782, 'grad_norm': 0.2925782799720764, 'learning_rate': 0.00023681883495115113, 'epoch': 0.69}
{'loss': 2.9453, 'grad_norm': 0.2732456922531128, 'learning_rate': 0.00023664925769261775, 'epoch': 0.69}
{'loss': 2.9592, 'grad_norm': 0.2987940013408661, 'learning_rate': 0.00023647972234558018, 'epoch': 0.69}
{'loss': 2.832, 'grad_norm': 0.2513573467731476, 'learning_rate': 0.00023631022893701975, 'epoch': 0.69}
{'loss': 2.9223, 'grad_norm': 0.2856861352920532, 'learning_rate': 0.00023614077749391045, 'epoch': 0.69}
{'loss': 3.003, 'grad_norm': 0.26600632071495056, 'learning_rate': 0.00023597136804322027, 'epoch': 0.69}
{'loss': 2.9594, 'grad_norm': 0.2784711718559265, 'learning_rate': 0.00023580200061190998, 'epoch': 0.69}
{'loss': 2.9696, 'grad_norm': 0.26105621457099915, 'learning_rate': 0.00023563267522693415, 'epoch': 0.69}
{'loss': 2.8317, 'grad_norm': 0.2632425129413605, 'learning_rate': 0.00023546339191524035, 'epoch': 0.69}
{'loss': 3.0536, 'grad_norm': 0.2497255802154541, 'learning_rate': 0.00023529415070376925, 'epoch': 0.69}
{'loss': 2.9162, 'grad_norm': 0.272182434797287, 'learning_rate': 0.0002351249516194555, 'epoch': 0.69}
{'loss': 2.9469, 'grad_norm': 0.28774943947792053, 'learning_rate': 0.00023495579468922628, 'epoch': 0.69}
{'loss': 3.0282, 'grad_norm': 0.3025130331516266, 'learning_rate': 0.0002347866799400026, 'epoch': 0.69}
{'loss': 2.8332, 'grad_norm': 0.2829606235027313, 'learning_rate': 0.00023461760739869865, 'epoch': 0.69}
{'loss': 2.9241, 'grad_norm': 0.2913532257080078, 'learning_rate': 0.00023444857709222178, 'epoch': 0.69}
{'loss': 2.9607, 'grad_norm': 0.2611384391784668, 'learning_rate': 0.00023427958904747242, 'epoch': 0.69}
{'loss': 3.0217, 'grad_norm': 0.28603050112724304, 'learning_rate': 0.00023411064329134496, 'epoch': 0.69}
{'loss': 3.0383, 'grad_norm': 0.2672273814678192, 'learning_rate': 0.00023394173985072614, 'epoch': 0.69}
{'loss': 3.0767, 'grad_norm': 0.28926149010658264, 'learning_rate': 0.00023377287875249691, 'epoch': 0.69}
{'loss': 2.9094, 'grad_norm': 0.2798304259777069, 'learning_rate': 0.00023360406002353057, 'epoch': 0.69}
{'loss': 2.9592, 'grad_norm': 0.30787408351898193, 'learning_rate': 0.00023343528369069438, 'epoch': 0.69}
{'loss': 2.9176, 'grad_norm': 0.2782752215862274, 'learning_rate': 0.0002332665497808487, 'epoch': 0.69}
{'loss': 2.8668, 'grad_norm': 0.27989813685417175, 'learning_rate': 0.00023309785832084697, 'epoch': 0.69}
{'loss': 3.1703, 'grad_norm': 0.29173141717910767, 'learning_rate': 0.00023292920933753563, 'epoch': 0.69}
{'loss': 3.151, 'grad_norm': 0.3021165430545807, 'learning_rate': 0.00023276060285775513, 'epoch': 0.69}
{'loss': 2.7854, 'grad_norm': 0.32542911171913147, 'learning_rate': 0.0002325920389083384, 'epoch': 0.69}
{'loss': 2.8379, 'grad_norm': 0.2818400263786316, 'learning_rate': 0.00023242351751611185, 'epoch': 0.69}
{'loss': 2.9748, 'grad_norm': 0.29142725467681885, 'learning_rate': 0.00023225503870789527, 'epoch': 0.69}
{'loss': 2.9458, 'grad_norm': 0.2757812440395355, 'learning_rate': 0.00023208660251050156, 'epoch': 0.69}
{'loss': 2.9128, 'grad_norm': 0.29057374596595764, 'learning_rate': 0.00023191820895073707, 'epoch': 0.69}
{'loss': 2.8635, 'grad_norm': 0.2746346592903137, 'learning_rate': 0.00023174985805540094, 'epoch': 0.69}
{'loss': 2.9984, 'grad_norm': 0.29508131742477417, 'learning_rate': 0.00023158154985128553, 'epoch': 0.69}
{'loss': 3.0426, 'grad_norm': 0.2953517436981201, 'learning_rate': 0.00023141328436517694, 'epoch': 0.69}
{'loss': 2.9879, 'grad_norm': 0.2670382857322693, 'learning_rate': 0.000231245061623854, 'epoch': 0.69}
{'loss': 2.9165, 'grad_norm': 0.27839580178260803, 'learning_rate': 0.00023107688165408864, 'epoch': 0.69}
{'loss': 2.9888, 'grad_norm': 0.26487448811531067, 'learning_rate': 0.00023090874448264637, 'epoch': 0.69}
{'loss': 2.8424, 'grad_norm': 0.2594672739505768, 'learning_rate': 0.00023074065013628598, 'epoch': 0.69}
{'loss': 2.8874, 'grad_norm': 0.30539819598197937, 'learning_rate': 0.0002305725986417588, 'epoch': 0.69}
{'loss': 3.104, 'grad_norm': 0.2716064155101776, 'learning_rate': 0.00023040459002581, 'epoch': 0.69}
{'loss': 2.96, 'grad_norm': 0.2740211486816406, 'learning_rate': 0.0002302366243151774, 'epoch': 0.69}
{'loss': 2.9253, 'grad_norm': 0.29283407330513, 'learning_rate': 0.0002300687015365926, 'epoch': 0.69}
{'loss': 2.9852, 'grad_norm': 0.2640356421470642, 'learning_rate': 0.00022990082171677983, 'epoch': 0.69}
{'loss': 3.118, 'grad_norm': 0.3008958399295807, 'learning_rate': 0.00022973298488245648, 'epoch': 0.69}
{'loss': 2.9371, 'grad_norm': 0.28367823362350464, 'learning_rate': 0.00022956519106033364, 'epoch': 0.69}
{'loss': 2.9024, 'grad_norm': 0.26920732855796814, 'learning_rate': 0.00022939744027711484, 'epoch': 0.69}
{'loss': 2.9394, 'grad_norm': 0.26957783102989197, 'learning_rate': 0.0002292297325594973, 'epoch': 0.69}
{'loss': 2.8, 'grad_norm': 0.29548531770706177, 'learning_rate': 0.0002290620679341714, 'epoch': 0.69}
{'loss': 3.0498, 'grad_norm': 0.26652610301971436, 'learning_rate': 0.00022889444642782032, 'epoch': 0.69}
{'loss': 2.8947, 'grad_norm': 0.2679468095302582, 'learning_rate': 0.00022872686806712033, 'epoch': 0.69}
{'loss': 2.8874, 'grad_norm': 0.27771487832069397, 'learning_rate': 0.00022855933287874137, 'epoch': 0.69}
{'loss': 2.9917, 'grad_norm': 0.2828262448310852, 'learning_rate': 0.00022839184088934583, 'epoch': 0.69}
{'loss': 3.0556, 'grad_norm': 0.2921209931373596, 'learning_rate': 0.00022822439212558994, 'epoch': 0.69}
{'loss': 3.08, 'grad_norm': 0.31435272097587585, 'learning_rate': 0.00022805698661412227, 'epoch': 0.69}
{'loss': 2.978, 'grad_norm': 0.2663179039955139, 'learning_rate': 0.00022788962438158517, 'epoch': 0.69}
{'loss': 3.1025, 'grad_norm': 0.27300599217414856, 'learning_rate': 0.00022772230545461397, 'epoch': 0.69}
{'loss': 3.1698, 'grad_norm': 0.2748449742794037, 'learning_rate': 0.00022755502985983682, 'epoch': 0.69}
{'loss': 2.9413, 'grad_norm': 0.2852447032928467, 'learning_rate': 0.00022738779762387497, 'epoch': 0.69}
{'loss': 2.8343, 'grad_norm': 0.26226964592933655, 'learning_rate': 0.00022722060877334332, 'epoch': 0.69}
{'loss': 2.9242, 'grad_norm': 0.26875200867652893, 'learning_rate': 0.00022705346333484923, 'epoch': 0.69}
{'loss': 2.9908, 'grad_norm': 0.2841474115848541, 'learning_rate': 0.0002268863613349933, 'epoch': 0.69}
{'loss': 2.8527, 'grad_norm': 0.2666570544242859, 'learning_rate': 0.0002267193028003694, 'epoch': 0.69}
{'loss': 2.8261, 'grad_norm': 0.28261101245880127, 'learning_rate': 0.00022655228775756453, 'epoch': 0.69}
{'loss': 2.8314, 'grad_norm': 0.2829621434211731, 'learning_rate': 0.00022638531623315878, 'epoch': 0.69}
{'loss': 3.1162, 'grad_norm': 0.25377264618873596, 'learning_rate': 0.00022621838825372491, 'epoch': 0.69}
{'loss': 3.0287, 'grad_norm': 0.2763134837150574, 'learning_rate': 0.000226051503845829, 'epoch': 0.69}
{'loss': 3.041, 'grad_norm': 0.27901217341423035, 'learning_rate': 0.00022588466303603044, 'epoch': 0.69}
{'loss': 2.9512, 'grad_norm': 0.2897195816040039, 'learning_rate': 0.00022571786585088134, 'epoch': 0.69}
{'loss': 2.9795, 'grad_norm': 0.28250110149383545, 'learning_rate': 0.00022555111231692678, 'epoch': 0.69}
{'loss': 2.9315, 'grad_norm': 0.2863188683986664, 'learning_rate': 0.0002253844024607054, 'epoch': 0.69}
{'loss': 3.0101, 'grad_norm': 0.2811540961265564, 'learning_rate': 0.00022521773630874832, 'epoch': 0.69}
{'loss': 2.9037, 'grad_norm': 0.2737160623073578, 'learning_rate': 0.0002250511138875801, 'epoch': 0.69}
{'loss': 2.9328, 'grad_norm': 0.26351213455200195, 'learning_rate': 0.00022488453522371838, 'epoch': 0.69}
{'loss': 3.0005, 'grad_norm': 0.2798551321029663, 'learning_rate': 0.00022471800034367328, 'epoch': 0.7}
{'loss': 2.9298, 'grad_norm': 0.2723580002784729, 'learning_rate': 0.0002245515092739488, 'epoch': 0.7}
{'loss': 2.8633, 'grad_norm': 0.28659486770629883, 'learning_rate': 0.0002243850620410412, 'epoch': 0.7}
{'loss': 3.0475, 'grad_norm': 0.2757842540740967, 'learning_rate': 0.00022421865867143997, 'epoch': 0.7}
{'loss': 2.8596, 'grad_norm': 0.2660169005393982, 'learning_rate': 0.00022405229919162807, 'epoch': 0.7}
{'loss': 2.9634, 'grad_norm': 0.2746782600879669, 'learning_rate': 0.0002238859836280807, 'epoch': 0.7}
{'loss': 2.9959, 'grad_norm': 0.2763890326023102, 'learning_rate': 0.0002237197120072667, 'epoch': 0.7}
{'loss': 3.0363, 'grad_norm': 0.29125097393989563, 'learning_rate': 0.000223553484355648, 'epoch': 0.7}
{'loss': 2.887, 'grad_norm': 0.2726532518863678, 'learning_rate': 0.00022338730069967888, 'epoch': 0.7}
{'loss': 3.0017, 'grad_norm': 0.2507546842098236, 'learning_rate': 0.00022322116106580691, 'epoch': 0.7}
{'loss': 2.8539, 'grad_norm': 0.26770830154418945, 'learning_rate': 0.00022305506548047304, 'epoch': 0.7}
{'loss': 2.9802, 'grad_norm': 0.26838356256484985, 'learning_rate': 0.00022288901397011056, 'epoch': 0.7}
{'loss': 2.885, 'grad_norm': 0.2740270793437958, 'learning_rate': 0.00022272300656114646, 'epoch': 0.7}
{'loss': 2.9244, 'grad_norm': 0.27163365483283997, 'learning_rate': 0.00022255704327999994, 'epoch': 0.7}
{'loss': 2.96, 'grad_norm': 0.2881163954734802, 'learning_rate': 0.0002223911241530837, 'epoch': 0.7}
{'loss': 3.0007, 'grad_norm': 0.2919788658618927, 'learning_rate': 0.0002222252492068036, 'epoch': 0.7}
{'loss': 2.941, 'grad_norm': 0.25957047939300537, 'learning_rate': 0.00022205941846755784, 'epoch': 0.7}
{'loss': 2.96, 'grad_norm': 0.2898053824901581, 'learning_rate': 0.00022189363196173774, 'epoch': 0.7}
{'loss': 2.8946, 'grad_norm': 0.2761872708797455, 'learning_rate': 0.0002217278897157281, 'epoch': 0.7}
{'loss': 3.022, 'grad_norm': 0.27830174565315247, 'learning_rate': 0.0002215621917559062, 'epoch': 0.7}
{'loss': 2.9912, 'grad_norm': 0.2683883607387543, 'learning_rate': 0.00022139653810864207, 'epoch': 0.7}
{'loss': 2.9559, 'grad_norm': 0.300691157579422, 'learning_rate': 0.00022123092880029928, 'epoch': 0.7}
{'loss': 2.9425, 'grad_norm': 0.28103622794151306, 'learning_rate': 0.00022106536385723424, 'epoch': 0.7}
{'loss': 2.901, 'grad_norm': 0.289350301027298, 'learning_rate': 0.0002208998433057957, 'epoch': 0.7}
{'loss': 2.9253, 'grad_norm': 0.2747756540775299, 'learning_rate': 0.00022073436717232625, 'epoch': 0.7}
{'loss': 2.8286, 'grad_norm': 0.28577592968940735, 'learning_rate': 0.00022056893548316042, 'epoch': 0.7}
{'loss': 2.9773, 'grad_norm': 0.2778357267379761, 'learning_rate': 0.00022040354826462666, 'epoch': 0.7}
{'loss': 3.0482, 'grad_norm': 0.2813331186771393, 'learning_rate': 0.00022023820554304557, 'epoch': 0.7}
{'loss': 2.924, 'grad_norm': 0.2847984731197357, 'learning_rate': 0.0002200729073447309, 'epoch': 0.7}
{'loss': 2.9261, 'grad_norm': 0.28893592953681946, 'learning_rate': 0.00021990765369598965, 'epoch': 0.7}
{'loss': 3.0931, 'grad_norm': 0.2852752208709717, 'learning_rate': 0.00021974244462312105, 'epoch': 0.7}
{'loss': 2.9907, 'grad_norm': 0.2702808380126953, 'learning_rate': 0.0002195772801524179, 'epoch': 0.7}
{'loss': 2.9533, 'grad_norm': 0.26851585507392883, 'learning_rate': 0.0002194121603101658, 'epoch': 0.7}
{'loss': 3.1678, 'grad_norm': 0.25467637181282043, 'learning_rate': 0.0002192470851226428, 'epoch': 0.7}
{'loss': 2.8802, 'grad_norm': 0.29181426763534546, 'learning_rate': 0.00021908205461612036, 'epoch': 0.7}
{'loss': 2.8348, 'grad_norm': 0.29353803396224976, 'learning_rate': 0.0002189170688168624, 'epoch': 0.7}
{'loss': 2.9123, 'grad_norm': 0.2748351991176605, 'learning_rate': 0.0002187521277511259, 'epoch': 0.7}
{'loss': 2.9153, 'grad_norm': 0.2761302888393402, 'learning_rate': 0.000218587231445161, 'epoch': 0.7}
{'loss': 3.0733, 'grad_norm': 0.2748599052429199, 'learning_rate': 0.00021842237992521012, 'epoch': 0.7}
{'loss': 3.0047, 'grad_norm': 0.26945340633392334, 'learning_rate': 0.0002182575732175091, 'epoch': 0.7}
{'loss': 2.9882, 'grad_norm': 0.29303866624832153, 'learning_rate': 0.00021809281134828662, 'epoch': 0.7}
{'loss': 2.8711, 'grad_norm': 0.288074791431427, 'learning_rate': 0.00021792809434376364, 'epoch': 0.7}
{'loss': 3.0698, 'grad_norm': 0.3042609989643097, 'learning_rate': 0.00021776342223015478, 'epoch': 0.7}
{'loss': 2.9223, 'grad_norm': 0.28637978434562683, 'learning_rate': 0.00021759879503366697, 'epoch': 0.7}
{'loss': 2.9751, 'grad_norm': 0.2742442190647125, 'learning_rate': 0.00021743421278049992, 'epoch': 0.7}
{'loss': 2.8399, 'grad_norm': 0.2530555725097656, 'learning_rate': 0.00021726967549684674, 'epoch': 0.7}
{'loss': 2.9732, 'grad_norm': 0.28336280584335327, 'learning_rate': 0.0002171051832088928, 'epoch': 0.7}
{'loss': 2.9544, 'grad_norm': 0.2601233720779419, 'learning_rate': 0.0002169407359428166, 'epoch': 0.7}
{'loss': 2.8207, 'grad_norm': 0.27881285548210144, 'learning_rate': 0.00021677633372478979, 'epoch': 0.7}
{'loss': 2.9071, 'grad_norm': 0.26782891154289246, 'learning_rate': 0.00021661197658097615, 'epoch': 0.7}
{'loss': 2.9238, 'grad_norm': 0.26097384095191956, 'learning_rate': 0.00021644766453753257, 'epoch': 0.7}
{'loss': 2.8565, 'grad_norm': 0.2778530418872833, 'learning_rate': 0.00021628339762060916, 'epoch': 0.7}
{'loss': 2.8998, 'grad_norm': 0.24901366233825684, 'learning_rate': 0.00021611917585634817, 'epoch': 0.7}
{'loss': 3.0822, 'grad_norm': 0.2691846489906311, 'learning_rate': 0.0002159549992708853, 'epoch': 0.7}
{'loss': 3.0643, 'grad_norm': 0.32507118582725525, 'learning_rate': 0.0002157908678903487, 'epoch': 0.7}
{'loss': 2.8889, 'grad_norm': 0.26514407992362976, 'learning_rate': 0.0002156267817408591, 'epoch': 0.7}
{'loss': 3.0034, 'grad_norm': 0.2792496681213379, 'learning_rate': 0.0002154627408485306, 'epoch': 0.7}
{'loss': 2.896, 'grad_norm': 0.292054146528244, 'learning_rate': 0.00021529874523946996, 'epoch': 0.7}
{'loss': 2.9479, 'grad_norm': 0.27595779299736023, 'learning_rate': 0.00021513479493977627, 'epoch': 0.7}
{'loss': 3.0318, 'grad_norm': 0.2706049382686615, 'learning_rate': 0.00021497088997554208, 'epoch': 0.7}
{'loss': 2.75, 'grad_norm': 0.29250067472457886, 'learning_rate': 0.0002148070303728522, 'epoch': 0.7}
{'loss': 2.8726, 'grad_norm': 0.28883063793182373, 'learning_rate': 0.0002146432161577842, 'epoch': 0.7}
{'loss': 3.0004, 'grad_norm': 0.25644198060035706, 'learning_rate': 0.00021447944735640906, 'epoch': 0.7}
{'loss': 2.9854, 'grad_norm': 0.26798757910728455, 'learning_rate': 0.00021431572399478965, 'epoch': 0.7}
{'loss': 3.0736, 'grad_norm': 0.29288849234580994, 'learning_rate': 0.0002141520460989823, 'epoch': 0.7}
{'loss': 2.9873, 'grad_norm': 0.2871676981449127, 'learning_rate': 0.00021398841369503602, 'epoch': 0.7}
{'loss': 2.9294, 'grad_norm': 0.2761229872703552, 'learning_rate': 0.0002138248268089921, 'epoch': 0.7}
{'loss': 2.9652, 'grad_norm': 0.28839489817619324, 'learning_rate': 0.0002136612854668853, 'epoch': 0.7}
{'loss': 2.9235, 'grad_norm': 0.2739817202091217, 'learning_rate': 0.00021349778969474248, 'epoch': 0.7}
{'loss': 3.1474, 'grad_norm': 0.28195443749427795, 'learning_rate': 0.00021333433951858333, 'epoch': 0.7}
{'loss': 2.8978, 'grad_norm': 0.3016996681690216, 'learning_rate': 0.00021317093496442093, 'epoch': 0.7}
{'loss': 3.0274, 'grad_norm': 0.2693771719932556, 'learning_rate': 0.00021300757605826015, 'epoch': 0.7}
{'loss': 3.0391, 'grad_norm': 0.290718674659729, 'learning_rate': 0.0002128442628260993, 'epoch': 0.7}
{'loss': 2.9767, 'grad_norm': 0.2776312828063965, 'learning_rate': 0.00021268099529392942, 'epoch': 0.7}
{'loss': 2.9951, 'grad_norm': 0.23918655514717102, 'learning_rate': 0.0002125177734877337, 'epoch': 0.7}
{'loss': 2.959, 'grad_norm': 0.28786569833755493, 'learning_rate': 0.00021235459743348871, 'epoch': 0.7}
{'loss': 3.0223, 'grad_norm': 0.28716936707496643, 'learning_rate': 0.0002121914671571633, 'epoch': 0.7}
{'loss': 2.853, 'grad_norm': 0.28518372774124146, 'learning_rate': 0.00021202838268471902, 'epoch': 0.7}
{'loss': 3.0119, 'grad_norm': 0.2631818950176239, 'learning_rate': 0.0002118653440421106, 'epoch': 0.7}
{'loss': 2.8702, 'grad_norm': 0.2935708463191986, 'learning_rate': 0.00021170235125528476, 'epoch': 0.7}
{'loss': 2.7713, 'grad_norm': 0.30585572123527527, 'learning_rate': 0.0002115394043501816, 'epoch': 0.7}
{'loss': 2.9382, 'grad_norm': 0.2817753255367279, 'learning_rate': 0.00021137650335273378, 'epoch': 0.7}
{'loss': 2.8776, 'grad_norm': 0.29185524582862854, 'learning_rate': 0.0002112136482888663, 'epoch': 0.71}
{'loss': 2.8211, 'grad_norm': 0.2819456160068512, 'learning_rate': 0.0002110508391844969, 'epoch': 0.71}
{'loss': 2.8842, 'grad_norm': 0.28535914421081543, 'learning_rate': 0.00021088807606553655, 'epoch': 0.71}
{'loss': 3.0008, 'grad_norm': 0.25509029626846313, 'learning_rate': 0.0002107253589578882, 'epoch': 0.71}
{'loss': 2.776, 'grad_norm': 0.2642361521720886, 'learning_rate': 0.00021056268788744803, 'epoch': 0.71}
{'loss': 2.8385, 'grad_norm': 0.27833977341651917, 'learning_rate': 0.00021040006288010465, 'epoch': 0.71}
{'loss': 2.8762, 'grad_norm': 0.2785513401031494, 'learning_rate': 0.00021023748396173904, 'epoch': 0.71}
{'loss': 2.7345, 'grad_norm': 0.23776377737522125, 'learning_rate': 0.00021007495115822538, 'epoch': 0.71}
{'loss': 2.946, 'grad_norm': 0.2839875817298889, 'learning_rate': 0.0002099124644954305, 'epoch': 0.71}
{'loss': 2.9173, 'grad_norm': 0.29039090871810913, 'learning_rate': 0.00020975002399921324, 'epoch': 0.71}
{'loss': 3.1147, 'grad_norm': 0.283511757850647, 'learning_rate': 0.00020958762969542594, 'epoch': 0.71}
{'loss': 3.0474, 'grad_norm': 0.27874547243118286, 'learning_rate': 0.00020942528160991302, 'epoch': 0.71}
{'loss': 2.856, 'grad_norm': 0.2648690342903137, 'learning_rate': 0.00020926297976851148, 'epoch': 0.71}
{'loss': 2.8774, 'grad_norm': 0.26901400089263916, 'learning_rate': 0.00020910072419705152, 'epoch': 0.71}
{'loss': 2.9917, 'grad_norm': 0.29376259446144104, 'learning_rate': 0.00020893851492135535, 'epoch': 0.71}
{'loss': 2.9486, 'grad_norm': 0.2733941376209259, 'learning_rate': 0.0002087763519672382, 'epoch': 0.71}
{'loss': 2.856, 'grad_norm': 0.2967260479927063, 'learning_rate': 0.00020861423536050805, 'epoch': 0.71}
{'loss': 3.1289, 'grad_norm': 0.2746143639087677, 'learning_rate': 0.00020845216512696492, 'epoch': 0.71}
{'loss': 3.0604, 'grad_norm': 0.28085002303123474, 'learning_rate': 0.00020829014129240215, 'epoch': 0.71}
{'loss': 3.0784, 'grad_norm': 0.2677417993545532, 'learning_rate': 0.00020812816388260518, 'epoch': 0.71}
{'loss': 2.8781, 'grad_norm': 0.27967333793640137, 'learning_rate': 0.0002079662329233521, 'epoch': 0.71}
{'loss': 2.9205, 'grad_norm': 0.27662527561187744, 'learning_rate': 0.00020780434844041402, 'epoch': 0.71}
{'loss': 2.9115, 'grad_norm': 0.26900020241737366, 'learning_rate': 0.00020764251045955412, 'epoch': 0.71}
{'loss': 2.9965, 'grad_norm': 0.2887653112411499, 'learning_rate': 0.0002074807190065286, 'epoch': 0.71}
{'loss': 3.0268, 'grad_norm': 0.26928016543388367, 'learning_rate': 0.00020731897410708615, 'epoch': 0.71}
{'loss': 2.952, 'grad_norm': 0.3045441508293152, 'learning_rate': 0.0002071572757869678, 'epoch': 0.71}
{'loss': 2.9845, 'grad_norm': 0.2785125970840454, 'learning_rate': 0.00020699562407190764, 'epoch': 0.71}
{'loss': 2.8636, 'grad_norm': 0.2968719005584717, 'learning_rate': 0.00020683401898763187, 'epoch': 0.71}
{'loss': 3.0639, 'grad_norm': 0.2688084542751312, 'learning_rate': 0.00020667246055985938, 'epoch': 0.71}
{'loss': 3.009, 'grad_norm': 0.28844988346099854, 'learning_rate': 0.00020651094881430195, 'epoch': 0.71}
{'loss': 2.9561, 'grad_norm': 0.2563876807689667, 'learning_rate': 0.00020634948377666357, 'epoch': 0.71}
{'loss': 3.0891, 'grad_norm': 0.27756354212760925, 'learning_rate': 0.0002061880654726408, 'epoch': 0.71}
{'loss': 2.7696, 'grad_norm': 0.2662970721721649, 'learning_rate': 0.000206026693927923, 'epoch': 0.71}
{'loss': 3.004, 'grad_norm': 0.2493666261434555, 'learning_rate': 0.00020586536916819215, 'epoch': 0.71}
{'loss': 2.962, 'grad_norm': 0.3060694634914398, 'learning_rate': 0.0002057040912191223, 'epoch': 0.71}
{'loss': 2.8627, 'grad_norm': 0.28412556648254395, 'learning_rate': 0.00020554286010638075, 'epoch': 0.71}
{'loss': 2.9259, 'grad_norm': 0.26827749609947205, 'learning_rate': 0.00020538167585562646, 'epoch': 0.71}
{'loss': 2.8236, 'grad_norm': 0.2670601010322571, 'learning_rate': 0.00020522053849251194, 'epoch': 0.71}
{'loss': 2.8109, 'grad_norm': 0.2803916335105896, 'learning_rate': 0.00020505944804268146, 'epoch': 0.71}
{'loss': 2.8984, 'grad_norm': 0.2620345652103424, 'learning_rate': 0.00020489840453177195, 'epoch': 0.71}
{'loss': 2.8391, 'grad_norm': 0.27452659606933594, 'learning_rate': 0.00020473740798541317, 'epoch': 0.71}
{'loss': 2.9336, 'grad_norm': 0.3004261255264282, 'learning_rate': 0.0002045764584292274, 'epoch': 0.71}
{'loss': 2.9694, 'grad_norm': 0.26757821440696716, 'learning_rate': 0.00020441555588882897, 'epoch': 0.71}
{'loss': 2.9786, 'grad_norm': 0.2694644033908844, 'learning_rate': 0.00020425470038982547, 'epoch': 0.71}
{'loss': 2.9544, 'grad_norm': 0.2848280966281891, 'learning_rate': 0.00020409389195781625, 'epoch': 0.71}
{'loss': 2.9826, 'grad_norm': 0.280021607875824, 'learning_rate': 0.0002039331306183934, 'epoch': 0.71}
{'loss': 2.9321, 'grad_norm': 0.27423861622810364, 'learning_rate': 0.00020377241639714201, 'epoch': 0.71}
{'loss': 2.9621, 'grad_norm': 0.28928041458129883, 'learning_rate': 0.0002036117493196389, 'epoch': 0.71}
{'loss': 3.0959, 'grad_norm': 0.3015861511230469, 'learning_rate': 0.00020345112941145383, 'epoch': 0.71}
{'loss': 2.8616, 'grad_norm': 0.29481127858161926, 'learning_rate': 0.00020329055669814934, 'epoch': 0.71}
{'loss': 2.9376, 'grad_norm': 0.26328161358833313, 'learning_rate': 0.00020313003120527961, 'epoch': 0.71}
{'loss': 2.8801, 'grad_norm': 0.30825483798980713, 'learning_rate': 0.0002029695529583922, 'epoch': 0.71}
{'loss': 2.812, 'grad_norm': 0.317009299993515, 'learning_rate': 0.0002028091219830266, 'epoch': 0.71}
{'loss': 2.8393, 'grad_norm': 0.2909829914569855, 'learning_rate': 0.00020264873830471474, 'epoch': 0.71}
{'loss': 3.0791, 'grad_norm': 0.324606329202652, 'learning_rate': 0.00020248840194898155, 'epoch': 0.71}
{'loss': 2.8538, 'grad_norm': 0.25130990147590637, 'learning_rate': 0.00020232811294134374, 'epoch': 0.71}
{'loss': 2.9507, 'grad_norm': 0.3161170780658722, 'learning_rate': 0.000202167871307311, 'epoch': 0.71}
{'loss': 3.0046, 'grad_norm': 0.2706517279148102, 'learning_rate': 0.0002020076770723855, 'epoch': 0.71}
{'loss': 2.8149, 'grad_norm': 0.29236337542533875, 'learning_rate': 0.00020184753026206132, 'epoch': 0.71}
{'loss': 2.9949, 'grad_norm': 0.2960987091064453, 'learning_rate': 0.00020168743090182573, 'epoch': 0.71}
{'loss': 3.0886, 'grad_norm': 0.27364063262939453, 'learning_rate': 0.0002015273790171579, 'epoch': 0.71}
{'loss': 2.9947, 'grad_norm': 0.26983097195625305, 'learning_rate': 0.00020136737463352945, 'epoch': 0.71}
{'loss': 2.9789, 'grad_norm': 0.29751354455947876, 'learning_rate': 0.0002012074177764049, 'epoch': 0.71}
{'loss': 2.9502, 'grad_norm': 0.2785415053367615, 'learning_rate': 0.00020104750847124077, 'epoch': 0.71}
{'loss': 3.0356, 'grad_norm': 0.28810083866119385, 'learning_rate': 0.00020088764674348593, 'epoch': 0.71}
{'loss': 2.8434, 'grad_norm': 0.27896931767463684, 'learning_rate': 0.00020072783261858217, 'epoch': 0.71}
{'loss': 3.1121, 'grad_norm': 0.30201393365859985, 'learning_rate': 0.0002005680661219636, 'epoch': 0.71}
{'loss': 2.9728, 'grad_norm': 0.26904433965682983, 'learning_rate': 0.00020040834727905616, 'epoch': 0.71}
{'loss': 2.9824, 'grad_norm': 0.26746007800102234, 'learning_rate': 0.0002002486761152791, 'epoch': 0.71}
{'loss': 2.9184, 'grad_norm': 0.26265430450439453, 'learning_rate': 0.00020008905265604316, 'epoch': 0.71}
{'loss': 2.9591, 'grad_norm': 0.31044483184814453, 'learning_rate': 0.0001999294769267523, 'epoch': 0.71}
{'loss': 3.1177, 'grad_norm': 0.278641939163208, 'learning_rate': 0.00019976994895280244, 'epoch': 0.71}
{'loss': 2.9735, 'grad_norm': 0.28700539469718933, 'learning_rate': 0.0001996104687595817, 'epoch': 0.71}
{'loss': 3.0332, 'grad_norm': 0.25073155760765076, 'learning_rate': 0.00019945103637247118, 'epoch': 0.71}
{'loss': 2.9104, 'grad_norm': 0.3033570945262909, 'learning_rate': 0.00019929165181684417, 'epoch': 0.71}
{'loss': 2.7968, 'grad_norm': 0.2778189480304718, 'learning_rate': 0.0001991323151180659, 'epoch': 0.71}
{'loss': 2.8441, 'grad_norm': 0.2539540231227875, 'learning_rate': 0.00019897302630149472, 'epoch': 0.71}
{'loss': 2.9833, 'grad_norm': 0.28938227891921997, 'learning_rate': 0.00019881378539248078, 'epoch': 0.71}
{'loss': 2.9, 'grad_norm': 0.26783642172813416, 'learning_rate': 0.00019865459241636668, 'epoch': 0.71}
{'loss': 2.9351, 'grad_norm': 0.25719699263572693, 'learning_rate': 0.00019849544739848778, 'epoch': 0.71}
{'loss': 2.7597, 'grad_norm': 0.2636691629886627, 'learning_rate': 0.00019833635036417124, 'epoch': 0.71}
{'loss': 2.9054, 'grad_norm': 0.30298954248428345, 'learning_rate': 0.00019817730133873707, 'epoch': 0.72}
{'loss': 2.7622, 'grad_norm': 0.291591614484787, 'learning_rate': 0.00019801830034749763, 'epoch': 0.72}
{'loss': 2.9833, 'grad_norm': 0.29625028371810913, 'learning_rate': 0.00019785934741575701, 'epoch': 0.72}
{'loss': 2.9888, 'grad_norm': 0.302883118391037, 'learning_rate': 0.00019770044256881258, 'epoch': 0.72}
{'loss': 3.05, 'grad_norm': 0.3109568953514099, 'learning_rate': 0.00019754158583195337, 'epoch': 0.72}
{'loss': 2.7887, 'grad_norm': 0.2884119153022766, 'learning_rate': 0.00019738277723046078, 'epoch': 0.72}
{'loss': 2.9798, 'grad_norm': 0.2881629467010498, 'learning_rate': 0.00019722401678960906, 'epoch': 0.72}
{'loss': 2.8355, 'grad_norm': 0.2827337384223938, 'learning_rate': 0.0001970653045346641, 'epoch': 0.72}
{'loss': 3.0052, 'grad_norm': 0.2879924178123474, 'learning_rate': 0.0001969066404908849, 'epoch': 0.72}
{'loss': 2.9789, 'grad_norm': 0.3042873442173004, 'learning_rate': 0.00019674802468352205, 'epoch': 0.72}
{'loss': 2.9453, 'grad_norm': 0.2952251434326172, 'learning_rate': 0.00019658945713781883, 'epoch': 0.72}
{'loss': 2.9424, 'grad_norm': 0.2980215847492218, 'learning_rate': 0.00019643093787901107, 'epoch': 0.72}
{'loss': 2.8936, 'grad_norm': 0.28823891282081604, 'learning_rate': 0.00019627246693232648, 'epoch': 0.72}
{'loss': 2.8629, 'grad_norm': 0.2776448726654053, 'learning_rate': 0.000196114044322985, 'epoch': 0.72}
{'loss': 2.8166, 'grad_norm': 0.2957170307636261, 'learning_rate': 0.00019595567007619957, 'epoch': 0.72}
{'loss': 3.1624, 'grad_norm': 0.30303677916526794, 'learning_rate': 0.00019579734421717478, 'epoch': 0.72}
{'loss': 2.8872, 'grad_norm': 0.28863492608070374, 'learning_rate': 0.00019563906677110744, 'epoch': 0.72}
{'loss': 2.9896, 'grad_norm': 0.28801825642585754, 'learning_rate': 0.00019548083776318726, 'epoch': 0.72}
{'loss': 2.9244, 'grad_norm': 0.2790243923664093, 'learning_rate': 0.00019532265721859598, 'epoch': 0.72}
{'loss': 2.9505, 'grad_norm': 0.2837841212749481, 'learning_rate': 0.00019516452516250732, 'epoch': 0.72}
{'loss': 2.8622, 'grad_norm': 0.28207921981811523, 'learning_rate': 0.00019500644162008784, 'epoch': 0.72}
{'loss': 2.9638, 'grad_norm': 0.25860071182250977, 'learning_rate': 0.00019484840661649567, 'epoch': 0.72}
{'loss': 3.0306, 'grad_norm': 0.2627039849758148, 'learning_rate': 0.00019469042017688205, 'epoch': 0.72}
{'loss': 2.899, 'grad_norm': 0.30807238817214966, 'learning_rate': 0.00019453248232638987, 'epoch': 0.72}
{'loss': 2.9392, 'grad_norm': 0.2732473909854889, 'learning_rate': 0.00019437459309015425, 'epoch': 0.72}
{'loss': 2.93, 'grad_norm': 0.28335875272750854, 'learning_rate': 0.00019421675249330295, 'epoch': 0.72}
{'loss': 2.893, 'grad_norm': 0.2665616571903229, 'learning_rate': 0.00019405896056095612, 'epoch': 0.72}
{'loss': 2.8539, 'grad_norm': 0.2724470794200897, 'learning_rate': 0.00019390121731822547, 'epoch': 0.72}
{'loss': 2.8774, 'grad_norm': 0.2637632191181183, 'learning_rate': 0.00019374352279021568, 'epoch': 0.72}
{'loss': 2.8978, 'grad_norm': 0.2671685516834259, 'learning_rate': 0.0001935858770020233, 'epoch': 0.72}
{'loss': 2.9449, 'grad_norm': 0.3079981803894043, 'learning_rate': 0.0001934282799787369, 'epoch': 0.72}
{'loss': 2.8461, 'grad_norm': 0.28302085399627686, 'learning_rate': 0.00019327073174543803, 'epoch': 0.72}
{'loss': 2.9388, 'grad_norm': 0.26305466890335083, 'learning_rate': 0.00019311323232719957, 'epoch': 0.72}
{'loss': 3.0305, 'grad_norm': 0.2826520502567291, 'learning_rate': 0.0001929557817490874, 'epoch': 0.72}
{'loss': 3.0308, 'grad_norm': 0.2646240293979645, 'learning_rate': 0.0001927983800361594, 'epoch': 0.72}
{'loss': 2.8698, 'grad_norm': 0.25678691267967224, 'learning_rate': 0.00019264102721346527, 'epoch': 0.72}
{'loss': 3.097, 'grad_norm': 0.29737064242362976, 'learning_rate': 0.00019248372330604756, 'epoch': 0.72}
{'loss': 2.885, 'grad_norm': 0.26511645317077637, 'learning_rate': 0.00019232646833894064, 'epoch': 0.72}
{'loss': 2.7794, 'grad_norm': 0.2805684208869934, 'learning_rate': 0.00019216926233717085, 'epoch': 0.72}
{'loss': 2.9518, 'grad_norm': 0.25929662585258484, 'learning_rate': 0.0001920121053257576, 'epoch': 0.72}
{'loss': 2.8439, 'grad_norm': 0.30358174443244934, 'learning_rate': 0.0001918549973297116, 'epoch': 0.72}
{'loss': 2.9639, 'grad_norm': 0.2928010821342468, 'learning_rate': 0.00019169793837403614, 'epoch': 0.72}
{'loss': 2.7888, 'grad_norm': 0.273849219083786, 'learning_rate': 0.00019154092848372672, 'epoch': 0.72}
{'loss': 2.8411, 'grad_norm': 0.29326531291007996, 'learning_rate': 0.00019138396768377103, 'epoch': 0.72}
{'loss': 3.0021, 'grad_norm': 0.28320738673210144, 'learning_rate': 0.0001912270559991492, 'epoch': 0.72}
{'loss': 2.9709, 'grad_norm': 0.29418322443962097, 'learning_rate': 0.0001910701934548329, 'epoch': 0.72}
{'loss': 2.9843, 'grad_norm': 0.2767554819583893, 'learning_rate': 0.00019091338007578635, 'epoch': 0.72}
{'loss': 3.0549, 'grad_norm': 0.2564660608768463, 'learning_rate': 0.0001907566158869662, 'epoch': 0.72}
{'loss': 2.8524, 'grad_norm': 0.2775329649448395, 'learning_rate': 0.0001905999009133208, 'epoch': 0.72}
{'loss': 2.9537, 'grad_norm': 0.29888227581977844, 'learning_rate': 0.00019044323517979078, 'epoch': 0.72}
{'loss': 2.8889, 'grad_norm': 0.2848926782608032, 'learning_rate': 0.00019028661871130914, 'epoch': 0.72}
{'loss': 2.8764, 'grad_norm': 0.3296012580394745, 'learning_rate': 0.00019013005153280116, 'epoch': 0.72}
{'loss': 2.921, 'grad_norm': 0.2804506719112396, 'learning_rate': 0.00018997353366918368, 'epoch': 0.72}
{'loss': 3.0058, 'grad_norm': 0.29787734150886536, 'learning_rate': 0.0001898170651453664, 'epoch': 0.72}
{'loss': 2.8813, 'grad_norm': 0.2826109528541565, 'learning_rate': 0.0001896606459862505, 'epoch': 0.72}
{'loss': 2.838, 'grad_norm': 0.28683584928512573, 'learning_rate': 0.0001895042762167299, 'epoch': 0.72}
{'loss': 3.0259, 'grad_norm': 0.2905554473400116, 'learning_rate': 0.00018934795586169028, 'epoch': 0.72}
{'loss': 2.9171, 'grad_norm': 0.2919408977031708, 'learning_rate': 0.0001891916849460094, 'epoch': 0.72}
{'loss': 2.9815, 'grad_norm': 0.2637460231781006, 'learning_rate': 0.00018903546349455748, 'epoch': 0.72}
{'loss': 2.9527, 'grad_norm': 0.26889893412590027, 'learning_rate': 0.00018887929153219685, 'epoch': 0.72}
{'loss': 2.9186, 'grad_norm': 0.29433152079582214, 'learning_rate': 0.0001887231690837815, 'epoch': 0.72}
{'loss': 2.8504, 'grad_norm': 0.26146969199180603, 'learning_rate': 0.00018856709617415818, 'epoch': 0.72}
{'loss': 2.8819, 'grad_norm': 0.286457896232605, 'learning_rate': 0.00018841107282816527, 'epoch': 0.72}
{'loss': 2.8785, 'grad_norm': 0.26451343297958374, 'learning_rate': 0.00018825509907063325, 'epoch': 0.72}
{'loss': 3.1753, 'grad_norm': 0.2831662595272064, 'learning_rate': 0.00018809917492638528, 'epoch': 0.72}
{'loss': 2.8625, 'grad_norm': 0.28088638186454773, 'learning_rate': 0.00018794330042023582, 'epoch': 0.72}
{'loss': 2.9445, 'grad_norm': 0.27058902382850647, 'learning_rate': 0.00018778747557699223, 'epoch': 0.72}
{'loss': 2.841, 'grad_norm': 0.2607433497905731, 'learning_rate': 0.00018763170042145316, 'epoch': 0.72}
{'loss': 2.9366, 'grad_norm': 0.29572683572769165, 'learning_rate': 0.00018747597497841, 'epoch': 0.72}
{'loss': 2.8561, 'grad_norm': 0.2767641842365265, 'learning_rate': 0.0001873202992726462, 'epoch': 0.72}
{'loss': 3.0306, 'grad_norm': 0.2730109691619873, 'learning_rate': 0.00018716467332893682, 'epoch': 0.72}
{'loss': 2.936, 'grad_norm': 0.27414610981941223, 'learning_rate': 0.00018700909717204916, 'epoch': 0.72}
{'loss': 2.9047, 'grad_norm': 0.2794264256954193, 'learning_rate': 0.0001868535708267431, 'epoch': 0.72}
{'loss': 3.0292, 'grad_norm': 0.2790624499320984, 'learning_rate': 0.0001866980943177699, 'epoch': 0.72}
{'loss': 2.9244, 'grad_norm': 0.28356659412384033, 'learning_rate': 0.00018654266766987316, 'epoch': 0.72}
{'loss': 2.8646, 'grad_norm': 0.2711196839809418, 'learning_rate': 0.00018638729090778865, 'epoch': 0.72}
{'loss': 2.841, 'grad_norm': 0.2892366945743561, 'learning_rate': 0.00018623196405624415, 'epoch': 0.72}
{'loss': 2.815, 'grad_norm': 0.2894284427165985, 'learning_rate': 0.00018607668713995962, 'epoch': 0.72}
{'loss': 3.0721, 'grad_norm': 0.2678596079349518, 'learning_rate': 0.0001859214601836468, 'epoch': 0.72}
{'loss': 2.8067, 'grad_norm': 0.28516700863838196, 'learning_rate': 0.0001857662832120094, 'epoch': 0.72}
{'loss': 2.8754, 'grad_norm': 0.2815171480178833, 'learning_rate': 0.00018561115624974372, 'epoch': 0.72}
{'loss': 2.9517, 'grad_norm': 0.29383033514022827, 'learning_rate': 0.00018545607932153764, 'epoch': 0.73}
{'loss': 2.9417, 'grad_norm': 0.29237043857574463, 'learning_rate': 0.00018530105245207092, 'epoch': 0.73}
{'loss': 2.9784, 'grad_norm': 0.3278122544288635, 'learning_rate': 0.00018514607566601587, 'epoch': 0.73}
{'loss': 2.9455, 'grad_norm': 0.27227264642715454, 'learning_rate': 0.00018499114898803666, 'epoch': 0.73}
{'loss': 2.876, 'grad_norm': 0.2708314061164856, 'learning_rate': 0.00018483627244278946, 'epoch': 0.73}
{'loss': 2.9602, 'grad_norm': 0.30652251839637756, 'learning_rate': 0.00018468144605492226, 'epoch': 0.73}
{'loss': 2.8699, 'grad_norm': 0.269641637802124, 'learning_rate': 0.00018452666984907518, 'epoch': 0.73}
{'loss': 2.913, 'grad_norm': 0.3056136667728424, 'learning_rate': 0.0001843719438498806, 'epoch': 0.73}
{'loss': 2.9167, 'grad_norm': 0.2785380482673645, 'learning_rate': 0.00018421726808196253, 'epoch': 0.73}
{'loss': 2.8816, 'grad_norm': 0.26841261982917786, 'learning_rate': 0.00018406264256993715, 'epoch': 0.73}
{'loss': 2.9524, 'grad_norm': 0.2821076810359955, 'learning_rate': 0.00018390806733841264, 'epoch': 0.73}
{'loss': 2.9644, 'grad_norm': 0.28183940052986145, 'learning_rate': 0.0001837535424119895, 'epoch': 0.73}
{'loss': 3.0058, 'grad_norm': 0.266380250453949, 'learning_rate': 0.00018359906781525954, 'epoch': 0.73}
{'loss': 3.0351, 'grad_norm': 0.29737919569015503, 'learning_rate': 0.00018344464357280722, 'epoch': 0.73}
{'loss': 2.9599, 'grad_norm': 0.286718487739563, 'learning_rate': 0.00018329026970920843, 'epoch': 0.73}
{'loss': 2.7837, 'grad_norm': 0.27609455585479736, 'learning_rate': 0.00018313594624903156, 'epoch': 0.73}
{'loss': 2.8706, 'grad_norm': 0.29738256335258484, 'learning_rate': 0.00018298167321683672, 'epoch': 0.73}
{'loss': 2.9139, 'grad_norm': 0.254239022731781, 'learning_rate': 0.00018282745063717576, 'epoch': 0.73}
{'loss': 2.9638, 'grad_norm': 0.2812126576900482, 'learning_rate': 0.00018267327853459305, 'epoch': 0.73}
{'loss': 2.9388, 'grad_norm': 0.2958957254886627, 'learning_rate': 0.00018251915693362437, 'epoch': 0.73}
{'loss': 2.8628, 'grad_norm': 0.2589661478996277, 'learning_rate': 0.0001823650858587978, 'epoch': 0.73}
{'loss': 2.7595, 'grad_norm': 0.2717219591140747, 'learning_rate': 0.0001822110653346335, 'epoch': 0.73}
{'loss': 2.9786, 'grad_norm': 0.2592281401157379, 'learning_rate': 0.00018205709538564324, 'epoch': 0.73}
{'loss': 2.9249, 'grad_norm': 0.27993181347846985, 'learning_rate': 0.00018190317603633072, 'epoch': 0.73}
{'loss': 3.0061, 'grad_norm': 0.2737630307674408, 'learning_rate': 0.00018174930731119205, 'epoch': 0.73}
{'loss': 2.9107, 'grad_norm': 0.299559086561203, 'learning_rate': 0.00018159548923471464, 'epoch': 0.73}
{'loss': 2.8619, 'grad_norm': 0.2888927757740021, 'learning_rate': 0.0001814417218313786, 'epoch': 0.73}
{'loss': 2.8843, 'grad_norm': 0.29437288641929626, 'learning_rate': 0.00018128800512565513, 'epoch': 0.73}
{'loss': 2.882, 'grad_norm': 0.29135239124298096, 'learning_rate': 0.00018113433914200805, 'epoch': 0.73}
{'loss': 2.9455, 'grad_norm': 0.26493266224861145, 'learning_rate': 0.00018098072390489294, 'epoch': 0.73}
{'loss': 3.0081, 'grad_norm': 0.26479724049568176, 'learning_rate': 0.00018082715943875706, 'epoch': 0.73}
{'loss': 3.0721, 'grad_norm': 0.27746161818504333, 'learning_rate': 0.00018067364576803958, 'epoch': 0.73}
{'loss': 3.0084, 'grad_norm': 0.27658042311668396, 'learning_rate': 0.00018052018291717214, 'epoch': 0.73}
{'loss': 3.0712, 'grad_norm': 0.2573218047618866, 'learning_rate': 0.00018036677091057762, 'epoch': 0.73}
{'loss': 2.9404, 'grad_norm': 0.29191598296165466, 'learning_rate': 0.00018021340977267104, 'epoch': 0.73}
{'loss': 3.005, 'grad_norm': 0.2985992431640625, 'learning_rate': 0.0001800600995278595, 'epoch': 0.73}
{'loss': 2.9256, 'grad_norm': 0.3014168441295624, 'learning_rate': 0.0001799068402005418, 'epoch': 0.73}
{'loss': 2.8786, 'grad_norm': 0.28315410017967224, 'learning_rate': 0.00017975363181510902, 'epoch': 0.73}
{'loss': 2.8374, 'grad_norm': 0.26452478766441345, 'learning_rate': 0.0001796004743959435, 'epoch': 0.73}
{'loss': 3.0613, 'grad_norm': 0.2909649908542633, 'learning_rate': 0.00017944736796741978, 'epoch': 0.73}
{'loss': 2.9112, 'grad_norm': 0.2713061273097992, 'learning_rate': 0.00017929431255390456, 'epoch': 0.73}
{'loss': 2.8813, 'grad_norm': 0.27833351492881775, 'learning_rate': 0.00017914130817975592, 'epoch': 0.73}
{'loss': 2.788, 'grad_norm': 0.2891816198825836, 'learning_rate': 0.00017898835486932396, 'epoch': 0.73}
{'loss': 2.8369, 'grad_norm': 0.261336088180542, 'learning_rate': 0.00017883545264695095, 'epoch': 0.73}
{'loss': 2.9385, 'grad_norm': 0.28507211804389954, 'learning_rate': 0.00017868260153697097, 'epoch': 0.73}
{'loss': 2.6335, 'grad_norm': 0.2810119688510895, 'learning_rate': 0.00017852980156370945, 'epoch': 0.73}
{'loss': 2.8972, 'grad_norm': 0.27710217237472534, 'learning_rate': 0.00017837705275148446, 'epoch': 0.73}
{'loss': 2.8545, 'grad_norm': 0.25937724113464355, 'learning_rate': 0.00017822435512460512, 'epoch': 0.73}
{'loss': 2.8143, 'grad_norm': 0.29772114753723145, 'learning_rate': 0.00017807170870737317, 'epoch': 0.73}
{'loss': 2.8076, 'grad_norm': 0.24523499608039856, 'learning_rate': 0.0001779191135240817, 'epoch': 0.73}
{'loss': 2.9061, 'grad_norm': 0.2471250295639038, 'learning_rate': 0.00017776656959901554, 'epoch': 0.73}
{'loss': 2.821, 'grad_norm': 0.26937517523765564, 'learning_rate': 0.00017761407695645205, 'epoch': 0.73}
{'loss': 3.0175, 'grad_norm': 0.2701495587825775, 'learning_rate': 0.00017746163562065953, 'epoch': 0.73}
{'loss': 2.919, 'grad_norm': 0.3051052391529083, 'learning_rate': 0.00017730924561589883, 'epoch': 0.73}
{'loss': 2.8641, 'grad_norm': 0.26960504055023193, 'learning_rate': 0.0001771569069664225, 'epoch': 0.73}
{'loss': 2.9208, 'grad_norm': 0.2639368772506714, 'learning_rate': 0.0001770046196964747, 'epoch': 0.73}
{'loss': 3.0383, 'grad_norm': 0.27423688769340515, 'learning_rate': 0.00017685238383029117, 'epoch': 0.73}
{'loss': 3.0421, 'grad_norm': 0.29190096259117126, 'learning_rate': 0.00017670019939210026, 'epoch': 0.73}
{'loss': 2.791, 'grad_norm': 0.3073050379753113, 'learning_rate': 0.0001765480664061213, 'epoch': 0.73}
{'loss': 2.9393, 'grad_norm': 0.2829936444759369, 'learning_rate': 0.00017639598489656617, 'epoch': 0.73}
{'loss': 2.942, 'grad_norm': 0.28619176149368286, 'learning_rate': 0.00017624395488763785, 'epoch': 0.73}
{'loss': 2.9295, 'grad_norm': 0.2883297801017761, 'learning_rate': 0.0001760919764035316, 'epoch': 0.73}
{'loss': 3.013, 'grad_norm': 0.26627087593078613, 'learning_rate': 0.00017594004946843456, 'epoch': 0.73}
{'loss': 2.995, 'grad_norm': 0.2913767099380493, 'learning_rate': 0.00017578817410652525, 'epoch': 0.73}
{'loss': 2.8689, 'grad_norm': 0.29256030917167664, 'learning_rate': 0.00017563635034197406, 'epoch': 0.73}
{'loss': 2.9308, 'grad_norm': 0.2752883732318878, 'learning_rate': 0.0001754845781989436, 'epoch': 0.73}
{'loss': 2.9652, 'grad_norm': 0.26916301250457764, 'learning_rate': 0.0001753328577015878, 'epoch': 0.73}
{'loss': 3.0269, 'grad_norm': 0.2791014313697815, 'learning_rate': 0.0001751811888740524, 'epoch': 0.73}
{'loss': 2.9426, 'grad_norm': 0.282242089509964, 'learning_rate': 0.00017502957174047513, 'epoch': 0.73}
{'loss': 2.8681, 'grad_norm': 0.2695513367652893, 'learning_rate': 0.00017487800632498546, 'epoch': 0.73}
{'loss': 2.9723, 'grad_norm': 0.3005661070346832, 'learning_rate': 0.00017472649265170483, 'epoch': 0.73}
{'loss': 3.0221, 'grad_norm': 0.2712565064430237, 'learning_rate': 0.00017457503074474583, 'epoch': 0.73}
{'loss': 2.9865, 'grad_norm': 0.24911606311798096, 'learning_rate': 0.0001744236206282132, 'epoch': 0.73}
{'loss': 2.8457, 'grad_norm': 0.2796340584754944, 'learning_rate': 0.0001742722623262037, 'epoch': 0.73}
{'loss': 3.1036, 'grad_norm': 0.269069641828537, 'learning_rate': 0.0001741209558628053, 'epoch': 0.73}
{'loss': 2.9156, 'grad_norm': 0.2622247338294983, 'learning_rate': 0.00017396970126209792, 'epoch': 0.73}
{'loss': 2.7781, 'grad_norm': 0.2800101935863495, 'learning_rate': 0.00017381849854815356, 'epoch': 0.73}
{'loss': 3.0084, 'grad_norm': 0.27908915281295776, 'learning_rate': 0.0001736673477450354, 'epoch': 0.73}
{'loss': 3.0273, 'grad_norm': 0.28738847374916077, 'learning_rate': 0.00017351624887679872, 'epoch': 0.73}
{'loss': 2.8925, 'grad_norm': 0.28187796473503113, 'learning_rate': 0.00017336520196749078, 'epoch': 0.73}
{'loss': 3.0333, 'grad_norm': 0.2437610626220703, 'learning_rate': 0.00017321420704114975, 'epoch': 0.73}
{'loss': 2.8998, 'grad_norm': 0.2906779646873474, 'learning_rate': 0.0001730632641218065, 'epoch': 0.74}
{'loss': 2.9173, 'grad_norm': 0.2793857753276825, 'learning_rate': 0.00017291237323348286, 'epoch': 0.74}
{'loss': 2.8497, 'grad_norm': 0.3089400827884674, 'learning_rate': 0.0001727615344001926, 'epoch': 0.74}
{'loss': 3.1849, 'grad_norm': 0.3156411647796631, 'learning_rate': 0.0001726107476459416, 'epoch': 0.74}
{'loss': 3.0918, 'grad_norm': 0.3010152280330658, 'learning_rate': 0.00017246001299472675, 'epoch': 0.74}
{'loss': 2.912, 'grad_norm': 0.31279924511909485, 'learning_rate': 0.0001723093304705372, 'epoch': 0.74}
{'loss': 3.0064, 'grad_norm': 0.2806888222694397, 'learning_rate': 0.00017215870009735384, 'epoch': 0.74}
{'loss': 2.9407, 'grad_norm': 0.305197149515152, 'learning_rate': 0.0001720081218991489, 'epoch': 0.74}
{'loss': 2.9669, 'grad_norm': 0.30114510655403137, 'learning_rate': 0.0001718575958998862, 'epoch': 0.74}
{'loss': 2.8677, 'grad_norm': 0.2818503975868225, 'learning_rate': 0.00017170712212352185, 'epoch': 0.74}
{'loss': 2.9337, 'grad_norm': 0.29067596793174744, 'learning_rate': 0.00017155670059400307, 'epoch': 0.74}
{'loss': 2.9735, 'grad_norm': 0.2799358069896698, 'learning_rate': 0.00017140633133526929, 'epoch': 0.74}
{'loss': 2.9938, 'grad_norm': 0.27355489134788513, 'learning_rate': 0.000171256014371251, 'epoch': 0.74}
{'loss': 2.9751, 'grad_norm': 0.2628713846206665, 'learning_rate': 0.00017110574972587083, 'epoch': 0.74}
{'loss': 2.9107, 'grad_norm': 0.2537387013435364, 'learning_rate': 0.00017095553742304314, 'epoch': 0.74}
{'loss': 2.9684, 'grad_norm': 0.2715233564376831, 'learning_rate': 0.00017080537748667368, 'epoch': 0.74}
{'loss': 2.941, 'grad_norm': 0.2780052721500397, 'learning_rate': 0.00017065526994065972, 'epoch': 0.74}
{'loss': 3.0581, 'grad_norm': 0.2820601761341095, 'learning_rate': 0.0001705052148088908, 'epoch': 0.74}
{'loss': 3.0535, 'grad_norm': 0.2672203481197357, 'learning_rate': 0.00017035521211524756, 'epoch': 0.74}
{'loss': 2.9782, 'grad_norm': 0.3265565037727356, 'learning_rate': 0.0001702052618836024, 'epoch': 0.74}
{'loss': 2.9948, 'grad_norm': 0.2993932366371155, 'learning_rate': 0.00017005536413781952, 'epoch': 0.74}
{'loss': 2.8765, 'grad_norm': 0.300100177526474, 'learning_rate': 0.00016990551890175488, 'epoch': 0.74}
{'loss': 2.9447, 'grad_norm': 0.279035747051239, 'learning_rate': 0.00016975572619925565, 'epoch': 0.74}
{'loss': 2.9483, 'grad_norm': 0.2942100763320923, 'learning_rate': 0.00016960598605416117, 'epoch': 0.74}
{'loss': 2.9942, 'grad_norm': 0.28939616680145264, 'learning_rate': 0.00016945629849030185, 'epoch': 0.74}
{'loss': 2.9742, 'grad_norm': 0.2755643129348755, 'learning_rate': 0.00016930666353150031, 'epoch': 0.74}
{'loss': 2.9366, 'grad_norm': 0.26316139101982117, 'learning_rate': 0.00016915708120157042, 'epoch': 0.74}
{'loss': 2.9184, 'grad_norm': 0.31326282024383545, 'learning_rate': 0.00016900755152431752, 'epoch': 0.74}
{'loss': 2.9576, 'grad_norm': 0.27106204628944397, 'learning_rate': 0.00016885807452353925, 'epoch': 0.74}
{'loss': 2.7662, 'grad_norm': 0.261438250541687, 'learning_rate': 0.00016870865022302394, 'epoch': 0.74}
{'loss': 2.88, 'grad_norm': 0.2817728817462921, 'learning_rate': 0.0001685592786465524, 'epoch': 0.74}
{'loss': 2.8427, 'grad_norm': 0.27637848258018494, 'learning_rate': 0.0001684099598178967, 'epoch': 0.74}
{'loss': 3.0118, 'grad_norm': 0.2891690731048584, 'learning_rate': 0.00016826069376082016, 'epoch': 0.74}
{'loss': 2.7726, 'grad_norm': 0.24294109642505646, 'learning_rate': 0.00016811148049907844, 'epoch': 0.74}
{'loss': 2.9399, 'grad_norm': 0.25913384556770325, 'learning_rate': 0.00016796232005641815, 'epoch': 0.74}
{'loss': 2.9816, 'grad_norm': 0.2801433205604553, 'learning_rate': 0.00016781321245657767, 'epoch': 0.74}
{'loss': 3.0567, 'grad_norm': 0.28007492423057556, 'learning_rate': 0.0001676641577232873, 'epoch': 0.74}
{'loss': 2.8893, 'grad_norm': 0.28673550486564636, 'learning_rate': 0.00016751515588026827, 'epoch': 0.74}
{'loss': 2.9229, 'grad_norm': 0.29305678606033325, 'learning_rate': 0.0001673662069512341, 'epoch': 0.74}
{'loss': 3.0647, 'grad_norm': 0.28099626302719116, 'learning_rate': 0.00016721731095988961, 'epoch': 0.74}
{'loss': 2.9904, 'grad_norm': 0.2625088691711426, 'learning_rate': 0.00016706846792993108, 'epoch': 0.74}
{'loss': 2.8911, 'grad_norm': 0.2898724675178528, 'learning_rate': 0.00016691967788504618, 'epoch': 0.74}
{'loss': 3.0266, 'grad_norm': 0.2864559590816498, 'learning_rate': 0.00016677094084891487, 'epoch': 0.74}
{'loss': 2.8013, 'grad_norm': 0.2944936156272888, 'learning_rate': 0.00016662225684520776, 'epoch': 0.74}
{'loss': 3.0378, 'grad_norm': 0.28946390748023987, 'learning_rate': 0.00016647362589758784, 'epoch': 0.74}
{'loss': 3.1556, 'grad_norm': 0.2716067135334015, 'learning_rate': 0.000166325048029709, 'epoch': 0.74}
{'loss': 2.8972, 'grad_norm': 0.29224273562431335, 'learning_rate': 0.00016617652326521705, 'epoch': 0.74}
{'loss': 2.9492, 'grad_norm': 0.30315884947776794, 'learning_rate': 0.00016602805162774952, 'epoch': 0.74}
{'loss': 2.8823, 'grad_norm': 0.31502658128738403, 'learning_rate': 0.00016587963314093507, 'epoch': 0.74}
{'loss': 3.0954, 'grad_norm': 0.2984853684902191, 'learning_rate': 0.0001657312678283938, 'epoch': 0.74}
{'loss': 2.9343, 'grad_norm': 0.3084642291069031, 'learning_rate': 0.00016558295571373805, 'epoch': 0.74}
{'loss': 2.767, 'grad_norm': 0.2637714743614197, 'learning_rate': 0.00016543469682057105, 'epoch': 0.74}
{'loss': 3.1239, 'grad_norm': 0.2947092354297638, 'learning_rate': 0.00016528649117248756, 'epoch': 0.74}
{'loss': 2.9816, 'grad_norm': 0.3223142921924591, 'learning_rate': 0.0001651383387930745, 'epoch': 0.74}
{'loss': 2.8453, 'grad_norm': 0.2816402316093445, 'learning_rate': 0.00016499023970590948, 'epoch': 0.74}
{'loss': 2.8685, 'grad_norm': 0.26041069626808167, 'learning_rate': 0.00016484219393456223, 'epoch': 0.74}
{'loss': 2.9422, 'grad_norm': 0.26921433210372925, 'learning_rate': 0.00016469420150259397, 'epoch': 0.74}
{'loss': 2.8905, 'grad_norm': 0.28098157048225403, 'learning_rate': 0.00016454626243355685, 'epoch': 0.74}
{'loss': 2.8906, 'grad_norm': 0.2933400869369507, 'learning_rate': 0.0001643983767509954, 'epoch': 0.74}
{'loss': 2.8275, 'grad_norm': 0.3163464665412903, 'learning_rate': 0.0001642505444784449, 'epoch': 0.74}
{'loss': 3.0102, 'grad_norm': 0.2935522496700287, 'learning_rate': 0.00016410276563943232, 'epoch': 0.74}
{'loss': 2.9819, 'grad_norm': 0.31059131026268005, 'learning_rate': 0.0001639550402574766, 'epoch': 0.74}
{'loss': 2.9743, 'grad_norm': 0.2884560227394104, 'learning_rate': 0.00016380736835608738, 'epoch': 0.74}
{'loss': 3.0215, 'grad_norm': 0.2962827682495117, 'learning_rate': 0.00016365974995876642, 'epoch': 0.74}
{'loss': 2.9093, 'grad_norm': 0.2781048119068146, 'learning_rate': 0.00016351218508900694, 'epoch': 0.74}
{'loss': 2.9362, 'grad_norm': 0.2782003581523895, 'learning_rate': 0.00016336467377029307, 'epoch': 0.74}
{'loss': 2.9256, 'grad_norm': 0.29031896591186523, 'learning_rate': 0.00016321721602610117, 'epoch': 0.74}
{'loss': 2.864, 'grad_norm': 0.2890772521495819, 'learning_rate': 0.00016306981187989855, 'epoch': 0.74}
{'loss': 2.8718, 'grad_norm': 0.27856239676475525, 'learning_rate': 0.00016292246135514394, 'epoch': 0.74}
{'loss': 2.8936, 'grad_norm': 0.2734905779361725, 'learning_rate': 0.00016277516447528806, 'epoch': 0.74}
{'loss': 2.9936, 'grad_norm': 0.30538418889045715, 'learning_rate': 0.00016262792126377258, 'epoch': 0.74}
{'loss': 2.9096, 'grad_norm': 0.26960450410842896, 'learning_rate': 0.00016248073174403082, 'epoch': 0.74}
{'loss': 2.8534, 'grad_norm': 0.2774686813354492, 'learning_rate': 0.00016233359593948777, 'epoch': 0.74}
{'loss': 2.9054, 'grad_norm': 0.28326401114463806, 'learning_rate': 0.0001621865138735596, 'epoch': 0.74}
{'loss': 2.8042, 'grad_norm': 0.28453031182289124, 'learning_rate': 0.0001620394855696537, 'epoch': 0.74}
{'loss': 2.9261, 'grad_norm': 0.2991715669631958, 'learning_rate': 0.00016189251105116952, 'epoch': 0.74}
{'loss': 2.8649, 'grad_norm': 0.27267733216285706, 'learning_rate': 0.0001617455903414974, 'epoch': 0.74}
{'loss': 2.8894, 'grad_norm': 0.2753007709980011, 'learning_rate': 0.00016159872346401962, 'epoch': 0.74}
{'loss': 2.8709, 'grad_norm': 0.28506338596343994, 'learning_rate': 0.00016145191044210922, 'epoch': 0.74}
{'loss': 3.1298, 'grad_norm': 0.2801017761230469, 'learning_rate': 0.00016130515129913141, 'epoch': 0.74}
{'loss': 2.9518, 'grad_norm': 0.28458279371261597, 'learning_rate': 0.00016115844605844222, 'epoch': 0.74}
{'loss': 2.8755, 'grad_norm': 0.2729104459285736, 'learning_rate': 0.00016101179474338966, 'epoch': 0.75}
{'loss': 3.0319, 'grad_norm': 0.28685998916625977, 'learning_rate': 0.0001608651973773125, 'epoch': 0.75}
{'loss': 3.0004, 'grad_norm': 0.2703954577445984, 'learning_rate': 0.00016071865398354157, 'epoch': 0.75}
{'loss': 2.8617, 'grad_norm': 0.2573753595352173, 'learning_rate': 0.0001605721645853987, 'epoch': 0.75}
{'loss': 2.8778, 'grad_norm': 0.2658890187740326, 'learning_rate': 0.00016042572920619714, 'epoch': 0.75}
{'loss': 2.8698, 'grad_norm': 0.3088208734989166, 'learning_rate': 0.00016027934786924186, 'epoch': 0.75}
{'loss': 2.9372, 'grad_norm': 0.2825169265270233, 'learning_rate': 0.0001601330205978288, 'epoch': 0.75}
{'loss': 2.9119, 'grad_norm': 0.2894587516784668, 'learning_rate': 0.00015998674741524562, 'epoch': 0.75}
{'loss': 3.0575, 'grad_norm': 0.2796471416950226, 'learning_rate': 0.00015984052834477143, 'epoch': 0.75}
{'loss': 2.8153, 'grad_norm': 0.2706395983695984, 'learning_rate': 0.00015969436340967626, 'epoch': 0.75}
{'loss': 2.9262, 'grad_norm': 0.26190727949142456, 'learning_rate': 0.00015954825263322215, 'epoch': 0.75}
{'loss': 2.9027, 'grad_norm': 0.26682353019714355, 'learning_rate': 0.000159402196038662, 'epoch': 0.75}
{'loss': 2.97, 'grad_norm': 0.28590527176856995, 'learning_rate': 0.00015925619364924015, 'epoch': 0.75}
{'loss': 2.8735, 'grad_norm': 0.31531286239624023, 'learning_rate': 0.0001591102454881928, 'epoch': 0.75}
{'loss': 3.0467, 'grad_norm': 0.2719913125038147, 'learning_rate': 0.0001589643515787469, 'epoch': 0.75}
{'loss': 3.1401, 'grad_norm': 0.2996918857097626, 'learning_rate': 0.00015881851194412107, 'epoch': 0.75}
{'loss': 3.0178, 'grad_norm': 0.3207111060619354, 'learning_rate': 0.00015867272660752545, 'epoch': 0.75}
{'loss': 2.8804, 'grad_norm': 0.2736783027648926, 'learning_rate': 0.00015852699559216105, 'epoch': 0.75}
{'loss': 3.0203, 'grad_norm': 0.28652140498161316, 'learning_rate': 0.00015838131892122087, 'epoch': 0.75}
{'loss': 3.0, 'grad_norm': 0.30776694416999817, 'learning_rate': 0.00015823569661788879, 'epoch': 0.75}
{'loss': 2.8047, 'grad_norm': 0.28880220651626587, 'learning_rate': 0.00015809012870533995, 'epoch': 0.75}
{'loss': 3.1042, 'grad_norm': 0.2828637659549713, 'learning_rate': 0.00015794461520674135, 'epoch': 0.75}
{'loss': 2.8158, 'grad_norm': 0.28383883833885193, 'learning_rate': 0.0001577991561452508, 'epoch': 0.75}
{'loss': 2.9512, 'grad_norm': 0.2645043730735779, 'learning_rate': 0.00015765375154401783, 'epoch': 0.75}
{'loss': 3.0512, 'grad_norm': 0.2922217845916748, 'learning_rate': 0.00015750840142618328, 'epoch': 0.75}
{'loss': 2.9029, 'grad_norm': 0.25278717279434204, 'learning_rate': 0.000157363105814879, 'epoch': 0.75}
{'loss': 2.9983, 'grad_norm': 0.2615133225917816, 'learning_rate': 0.00015721786473322824, 'epoch': 0.75}
{'loss': 2.9485, 'grad_norm': 0.28177884221076965, 'learning_rate': 0.00015707267820434605, 'epoch': 0.75}
{'loss': 2.9584, 'grad_norm': 0.27618208527565, 'learning_rate': 0.00015692754625133804, 'epoch': 0.75}
{'loss': 2.9402, 'grad_norm': 0.26063498854637146, 'learning_rate': 0.0001567824688973019, 'epoch': 0.75}
{'loss': 3.0187, 'grad_norm': 0.309562623500824, 'learning_rate': 0.0001566374461653261, 'epoch': 0.75}
{'loss': 2.8236, 'grad_norm': 0.2735842168331146, 'learning_rate': 0.00015649247807849044, 'epoch': 0.75}
{'loss': 2.8144, 'grad_norm': 0.2811284065246582, 'learning_rate': 0.00015634756465986627, 'epoch': 0.75}
{'loss': 3.1144, 'grad_norm': 0.2880844473838806, 'learning_rate': 0.00015620270593251633, 'epoch': 0.75}
{'loss': 2.918, 'grad_norm': 0.30001193284988403, 'learning_rate': 0.0001560579019194942, 'epoch': 0.75}
{'loss': 2.8984, 'grad_norm': 0.28433480858802795, 'learning_rate': 0.0001559131526438452, 'epoch': 0.75}
{'loss': 2.9807, 'grad_norm': 0.2851356863975525, 'learning_rate': 0.0001557684581286057, 'epoch': 0.75}
{'loss': 2.9717, 'grad_norm': 0.2944091260433197, 'learning_rate': 0.00015562381839680318, 'epoch': 0.75}
{'loss': 2.956, 'grad_norm': 0.2913852334022522, 'learning_rate': 0.000155479233471457, 'epoch': 0.75}
{'loss': 2.9171, 'grad_norm': 0.25666090846061707, 'learning_rate': 0.00015533470337557705, 'epoch': 0.75}
{'loss': 3.081, 'grad_norm': 0.3167024850845337, 'learning_rate': 0.0001551902281321651, 'epoch': 0.75}
{'loss': 2.9536, 'grad_norm': 0.29510971903800964, 'learning_rate': 0.000155045807764214, 'epoch': 0.75}
{'loss': 2.8239, 'grad_norm': 0.2779065668582916, 'learning_rate': 0.00015490144229470765, 'epoch': 0.75}
{'loss': 2.9197, 'grad_norm': 0.2676234245300293, 'learning_rate': 0.00015475713174662164, 'epoch': 0.75}
{'loss': 2.7331, 'grad_norm': 0.27639099955558777, 'learning_rate': 0.00015461287614292247, 'epoch': 0.75}
{'loss': 3.0654, 'grad_norm': 0.3243473470211029, 'learning_rate': 0.00015446867550656767, 'epoch': 0.75}
{'loss': 2.8708, 'grad_norm': 0.28891509771347046, 'learning_rate': 0.00015432452986050688, 'epoch': 0.75}
{'loss': 3.0396, 'grad_norm': 0.2529948353767395, 'learning_rate': 0.00015418043922768, 'epoch': 0.75}
{'loss': 2.9432, 'grad_norm': 0.2799416482448578, 'learning_rate': 0.00015403640363101877, 'epoch': 0.75}
{'loss': 2.905, 'grad_norm': 0.2745755910873413, 'learning_rate': 0.0001538924230934463, 'epoch': 0.75}
{'loss': 2.8914, 'grad_norm': 0.29168078303337097, 'learning_rate': 0.0001537484976378763, 'epoch': 0.75}
{'loss': 2.9302, 'grad_norm': 0.28376567363739014, 'learning_rate': 0.00015360462728721436, 'epoch': 0.75}
{'loss': 2.9554, 'grad_norm': 0.29129284620285034, 'learning_rate': 0.0001534608120643569, 'epoch': 0.75}
{'loss': 2.8605, 'grad_norm': 0.30244362354278564, 'learning_rate': 0.00015331705199219154, 'epoch': 0.75}
{'loss': 2.8678, 'grad_norm': 0.30698755383491516, 'learning_rate': 0.0001531733470935976, 'epoch': 0.75}
{'loss': 3.0129, 'grad_norm': 0.2948033809661865, 'learning_rate': 0.00015302969739144497, 'epoch': 0.75}
{'loss': 2.887, 'grad_norm': 0.30798789858818054, 'learning_rate': 0.00015288610290859516, 'epoch': 0.75}
{'loss': 2.9624, 'grad_norm': 0.2925688624382019, 'learning_rate': 0.00015274256366790107, 'epoch': 0.75}
{'loss': 2.8482, 'grad_norm': 0.3038707673549652, 'learning_rate': 0.0001525990796922062, 'epoch': 0.75}
{'loss': 3.0006, 'grad_norm': 0.2788321077823639, 'learning_rate': 0.00015245565100434588, 'epoch': 0.75}
{'loss': 2.9297, 'grad_norm': 0.2837512195110321, 'learning_rate': 0.00015231227762714628, 'epoch': 0.75}
{'loss': 2.8998, 'grad_norm': 0.3022368848323822, 'learning_rate': 0.00015216895958342457, 'epoch': 0.75}
{'loss': 2.7916, 'grad_norm': 0.26784613728523254, 'learning_rate': 0.00015202569689598989, 'epoch': 0.75}
{'loss': 2.9575, 'grad_norm': 0.2775290310382843, 'learning_rate': 0.00015188248958764172, 'epoch': 0.75}
{'loss': 2.9856, 'grad_norm': 0.26845985651016235, 'learning_rate': 0.0001517393376811711, 'epoch': 0.75}
{'loss': 2.9468, 'grad_norm': 0.26540234684944153, 'learning_rate': 0.00015159624119936028, 'epoch': 0.75}
{'loss': 2.8566, 'grad_norm': 0.29094767570495605, 'learning_rate': 0.00015145320016498283, 'epoch': 0.75}
{'loss': 2.7746, 'grad_norm': 0.25900664925575256, 'learning_rate': 0.00015131021460080296, 'epoch': 0.75}
{'loss': 3.0378, 'grad_norm': 0.2787078022956848, 'learning_rate': 0.00015116728452957683, 'epoch': 0.75}
{'loss': 2.96, 'grad_norm': 0.31100669503211975, 'learning_rate': 0.00015102440997405092, 'epoch': 0.75}
{'loss': 2.8203, 'grad_norm': 0.33847489953041077, 'learning_rate': 0.00015088159095696363, 'epoch': 0.75}
{'loss': 2.9006, 'grad_norm': 0.3029961585998535, 'learning_rate': 0.00015073882750104407, 'epoch': 0.75}
{'loss': 2.8834, 'grad_norm': 0.24226799607276917, 'learning_rate': 0.00015059611962901242, 'epoch': 0.75}
{'loss': 2.8955, 'grad_norm': 0.2918654978275299, 'learning_rate': 0.0001504534673635804, 'epoch': 0.75}
{'loss': 2.9315, 'grad_norm': 0.2995118796825409, 'learning_rate': 0.00015031087072745082, 'epoch': 0.75}
{'loss': 2.9824, 'grad_norm': 0.31359148025512695, 'learning_rate': 0.00015016832974331724, 'epoch': 0.75}
{'loss': 2.8601, 'grad_norm': 0.286215215921402, 'learning_rate': 0.00015002584443386496, 'epoch': 0.75}
{'loss': 2.9834, 'grad_norm': 0.26049286127090454, 'learning_rate': 0.0001498834148217699, 'epoch': 0.75}
{'loss': 2.8205, 'grad_norm': 0.2931945323944092, 'learning_rate': 0.0001497410409296992, 'epoch': 0.75}
{'loss': 2.9368, 'grad_norm': 0.27624815702438354, 'learning_rate': 0.00014959872278031157, 'epoch': 0.75}
{'loss': 2.9544, 'grad_norm': 0.2984783351421356, 'learning_rate': 0.0001494564603962561, 'epoch': 0.75}
{'loss': 2.8135, 'grad_norm': 0.2903496325016022, 'learning_rate': 0.00014931425380017372, 'epoch': 0.75}
{'loss': 2.9241, 'grad_norm': 0.2757701277732849, 'learning_rate': 0.00014917210301469632, 'epoch': 0.76}
{'loss': 2.9058, 'grad_norm': 0.27701470255851746, 'learning_rate': 0.00014903000806244638, 'epoch': 0.76}
{'loss': 3.026, 'grad_norm': 0.2893672287464142, 'learning_rate': 0.0001488879689660383, 'epoch': 0.76}
{'loss': 3.1217, 'grad_norm': 0.2921639680862427, 'learning_rate': 0.00014874598574807696, 'epoch': 0.76}
{'loss': 2.9805, 'grad_norm': 0.2836059033870697, 'learning_rate': 0.00014860405843115847, 'epoch': 0.76}
{'loss': 3.0342, 'grad_norm': 0.29602622985839844, 'learning_rate': 0.00014846218703787046, 'epoch': 0.76}
{'loss': 3.0002, 'grad_norm': 0.29111364483833313, 'learning_rate': 0.00014832037159079114, 'epoch': 0.76}
{'loss': 2.9318, 'grad_norm': 0.25633788108825684, 'learning_rate': 0.00014817861211248996, 'epoch': 0.76}
{'loss': 2.8972, 'grad_norm': 0.29490238428115845, 'learning_rate': 0.00014803690862552754, 'epoch': 0.76}
{'loss': 2.8685, 'grad_norm': 0.2777833044528961, 'learning_rate': 0.00014789526115245566, 'epoch': 0.76}
{'loss': 2.9754, 'grad_norm': 0.2917778193950653, 'learning_rate': 0.0001477536697158172, 'epoch': 0.76}
{'loss': 2.9018, 'grad_norm': 0.28758034110069275, 'learning_rate': 0.00014761213433814598, 'epoch': 0.76}
{'loss': 2.8894, 'grad_norm': 0.2766226828098297, 'learning_rate': 0.00014747065504196665, 'epoch': 0.76}
{'loss': 3.0481, 'grad_norm': 0.2659865915775299, 'learning_rate': 0.00014732923184979563, 'epoch': 0.76}
{'loss': 2.9374, 'grad_norm': 0.2784871757030487, 'learning_rate': 0.00014718786478413982, 'epoch': 0.76}
{'loss': 3.0368, 'grad_norm': 0.30300846695899963, 'learning_rate': 0.00014704655386749716, 'epoch': 0.76}
{'loss': 3.0224, 'grad_norm': 0.28316694498062134, 'learning_rate': 0.0001469052991223571, 'epoch': 0.76}
{'loss': 2.8867, 'grad_norm': 0.29361677169799805, 'learning_rate': 0.00014676410057120004, 'epoch': 0.76}
{'loss': 3.05, 'grad_norm': 0.2838281989097595, 'learning_rate': 0.00014662295823649702, 'epoch': 0.76}
{'loss': 2.9289, 'grad_norm': 0.2937345802783966, 'learning_rate': 0.00014648187214071073, 'epoch': 0.76}
{'loss': 2.8907, 'grad_norm': 0.2952600121498108, 'learning_rate': 0.00014634084230629425, 'epoch': 0.76}
{'loss': 2.9883, 'grad_norm': 0.30904680490493774, 'learning_rate': 0.00014619986875569245, 'epoch': 0.76}
{'loss': 2.9392, 'grad_norm': 0.3041273355484009, 'learning_rate': 0.00014605895151134063, 'epoch': 0.76}
{'loss': 2.9168, 'grad_norm': 0.2808742821216583, 'learning_rate': 0.0001459180905956653, 'epoch': 0.76}
{'loss': 2.9357, 'grad_norm': 0.2586193382740021, 'learning_rate': 0.00014577728603108408, 'epoch': 0.76}
{'loss': 2.8989, 'grad_norm': 0.28767046332359314, 'learning_rate': 0.00014563653784000586, 'epoch': 0.76}
{'loss': 2.9784, 'grad_norm': 0.2681357264518738, 'learning_rate': 0.00014549584604482997, 'epoch': 0.76}
{'loss': 3.0746, 'grad_norm': 0.2908329665660858, 'learning_rate': 0.00014535521066794737, 'epoch': 0.76}
{'loss': 2.813, 'grad_norm': 0.2723304033279419, 'learning_rate': 0.00014521463173173966, 'epoch': 0.76}
{'loss': 2.9348, 'grad_norm': 0.2946666479110718, 'learning_rate': 0.0001450741092585794, 'epoch': 0.76}
{'loss': 2.903, 'grad_norm': 0.3024120628833771, 'learning_rate': 0.0001449336432708306, 'epoch': 0.76}
{'loss': 2.9016, 'grad_norm': 0.27913835644721985, 'learning_rate': 0.00014479323379084768, 'epoch': 0.76}
{'loss': 3.0708, 'grad_norm': 0.25792646408081055, 'learning_rate': 0.0001446528808409766, 'epoch': 0.76}
{'loss': 2.9781, 'grad_norm': 0.282558411359787, 'learning_rate': 0.0001445125844435543, 'epoch': 0.76}
{'loss': 2.9852, 'grad_norm': 0.318296879529953, 'learning_rate': 0.0001443723446209082, 'epoch': 0.76}
{'loss': 3.1737, 'grad_norm': 0.3020934760570526, 'learning_rate': 0.00014423216139535734, 'epoch': 0.76}
{'loss': 2.9969, 'grad_norm': 0.30602219700813293, 'learning_rate': 0.00014409203478921135, 'epoch': 0.76}
{'loss': 2.8082, 'grad_norm': 0.25648605823516846, 'learning_rate': 0.0001439519648247708, 'epoch': 0.76}
{'loss': 2.8918, 'grad_norm': 0.3005215525627136, 'learning_rate': 0.00014381195152432768, 'epoch': 0.76}
{'loss': 2.8048, 'grad_norm': 0.3112839162349701, 'learning_rate': 0.0001436719949101646, 'epoch': 0.76}
{'loss': 2.8764, 'grad_norm': 0.30673277378082275, 'learning_rate': 0.00014353209500455504, 'epoch': 0.76}
{'loss': 2.9743, 'grad_norm': 0.2830152213573456, 'learning_rate': 0.0001433922518297639, 'epoch': 0.76}
{'loss': 2.8749, 'grad_norm': 0.27602243423461914, 'learning_rate': 0.0001432524654080467, 'epoch': 0.76}
{'loss': 2.816, 'grad_norm': 0.2702620029449463, 'learning_rate': 0.0001431127357616503, 'epoch': 0.76}
{'loss': 2.7158, 'grad_norm': 0.3021736145019531, 'learning_rate': 0.000142973062912812, 'epoch': 0.76}
{'loss': 2.997, 'grad_norm': 0.28894108533859253, 'learning_rate': 0.0001428334468837602, 'epoch': 0.76}
{'loss': 2.7543, 'grad_norm': 0.28628668189048767, 'learning_rate': 0.00014269388769671477, 'epoch': 0.76}
{'loss': 3.1017, 'grad_norm': 0.2898644208908081, 'learning_rate': 0.00014255438537388588, 'epoch': 0.76}
{'loss': 2.8077, 'grad_norm': 0.29971638321876526, 'learning_rate': 0.00014241493993747477, 'epoch': 0.76}
{'loss': 2.9035, 'grad_norm': 0.2798363268375397, 'learning_rate': 0.00014227555140967403, 'epoch': 0.76}
{'loss': 2.9551, 'grad_norm': 0.27527377009391785, 'learning_rate': 0.000142136219812667, 'epoch': 0.76}
{'loss': 3.0049, 'grad_norm': 0.30349791049957275, 'learning_rate': 0.0001419969451686276, 'epoch': 0.76}
{'loss': 2.9413, 'grad_norm': 0.30617988109588623, 'learning_rate': 0.0001418577274997213, 'epoch': 0.76}
{'loss': 3.0252, 'grad_norm': 0.28837698698043823, 'learning_rate': 0.00014171856682810386, 'epoch': 0.76}
{'loss': 2.8726, 'grad_norm': 0.30476921796798706, 'learning_rate': 0.00014157946317592263, 'epoch': 0.76}
{'loss': 2.9944, 'grad_norm': 0.2925136089324951, 'learning_rate': 0.00014144041656531536, 'epoch': 0.76}
{'loss': 2.9416, 'grad_norm': 0.2754330039024353, 'learning_rate': 0.00014130142701841077, 'epoch': 0.76}
{'loss': 3.0373, 'grad_norm': 0.2840422987937927, 'learning_rate': 0.00014116249455732878, 'epoch': 0.76}
{'loss': 2.9481, 'grad_norm': 0.2770719826221466, 'learning_rate': 0.00014102361920418022, 'epoch': 0.76}
{'loss': 2.8793, 'grad_norm': 0.2681880593299866, 'learning_rate': 0.00014088480098106644, 'epoch': 0.76}
{'loss': 2.8785, 'grad_norm': 0.28965097665786743, 'learning_rate': 0.00014074603991008023, 'epoch': 0.76}
{'loss': 2.7234, 'grad_norm': 0.2718242108821869, 'learning_rate': 0.00014060733601330483, 'epoch': 0.76}
{'loss': 2.7584, 'grad_norm': 0.2956545352935791, 'learning_rate': 0.0001404686893128144, 'epoch': 0.76}
{'loss': 3.0466, 'grad_norm': 0.25794506072998047, 'learning_rate': 0.00014033009983067452, 'epoch': 0.76}
{'loss': 2.873, 'grad_norm': 0.32881981134414673, 'learning_rate': 0.00014019156758894098, 'epoch': 0.76}
{'loss': 2.9352, 'grad_norm': 0.28204545378685, 'learning_rate': 0.00014005309260966102, 'epoch': 0.76}
{'loss': 2.7967, 'grad_norm': 0.268861323595047, 'learning_rate': 0.0001399146749148723, 'epoch': 0.76}
{'loss': 2.8945, 'grad_norm': 0.27668774127960205, 'learning_rate': 0.00013977631452660367, 'epoch': 0.76}
{'loss': 2.9194, 'grad_norm': 0.2842050790786743, 'learning_rate': 0.00013963801146687498, 'epoch': 0.76}
{'loss': 3.0056, 'grad_norm': 0.3060249090194702, 'learning_rate': 0.00013949976575769663, 'epoch': 0.76}
{'loss': 2.7463, 'grad_norm': 0.27624136209487915, 'learning_rate': 0.00013936157742106976, 'epoch': 0.76}
{'loss': 2.9098, 'grad_norm': 0.30193808674812317, 'learning_rate': 0.00013922344647898706, 'epoch': 0.76}
{'loss': 2.9075, 'grad_norm': 0.292832612991333, 'learning_rate': 0.00013908537295343143, 'epoch': 0.76}
{'loss': 3.0002, 'grad_norm': 0.273830771446228, 'learning_rate': 0.00013894735686637672, 'epoch': 0.76}
{'loss': 3.0063, 'grad_norm': 0.3093365430831909, 'learning_rate': 0.000138809398239788, 'epoch': 0.76}
{'loss': 2.9437, 'grad_norm': 0.26280540227890015, 'learning_rate': 0.0001386714970956209, 'epoch': 0.76}
{'loss': 2.8034, 'grad_norm': 0.2969849705696106, 'learning_rate': 0.00013853365345582215, 'epoch': 0.76}
{'loss': 2.8757, 'grad_norm': 0.2570866644382477, 'learning_rate': 0.00013839586734232907, 'epoch': 0.76}
{'loss': 2.9336, 'grad_norm': 0.29509037733078003, 'learning_rate': 0.00013825813877706971, 'epoch': 0.76}
{'loss': 2.8886, 'grad_norm': 0.29305681586265564, 'learning_rate': 0.00013812046778196346, 'epoch': 0.76}
{'loss': 3.0018, 'grad_norm': 0.26661017537117004, 'learning_rate': 0.00013798285437892016, 'epoch': 0.76}
{'loss': 2.9769, 'grad_norm': 0.27129417657852173, 'learning_rate': 0.00013784529858984035, 'epoch': 0.77}
{'loss': 2.9498, 'grad_norm': 0.28125810623168945, 'learning_rate': 0.00013770780043661585, 'epoch': 0.77}
{'loss': 2.8735, 'grad_norm': 0.28973785042762756, 'learning_rate': 0.00013757035994112915, 'epoch': 0.77}
{'loss': 3.0511, 'grad_norm': 0.29194265604019165, 'learning_rate': 0.00013743297712525332, 'epoch': 0.77}
{'loss': 3.0217, 'grad_norm': 0.2614297866821289, 'learning_rate': 0.00013729565201085265, 'epoch': 0.77}
{'loss': 2.9923, 'grad_norm': 0.26919713616371155, 'learning_rate': 0.0001371583846197817, 'epoch': 0.77}
{'loss': 2.9192, 'grad_norm': 0.2778469920158386, 'learning_rate': 0.00013702117497388656, 'epoch': 0.77}
{'loss': 2.8965, 'grad_norm': 0.2776660919189453, 'learning_rate': 0.00013688402309500352, 'epoch': 0.77}
{'loss': 2.9675, 'grad_norm': 0.282633900642395, 'learning_rate': 0.00013674692900495983, 'epoch': 0.77}
{'loss': 2.8772, 'grad_norm': 0.28003376722335815, 'learning_rate': 0.00013660989272557366, 'epoch': 0.77}
{'loss': 2.9477, 'grad_norm': 0.27400100231170654, 'learning_rate': 0.00013647291427865417, 'epoch': 0.77}
{'loss': 2.9883, 'grad_norm': 0.27742770314216614, 'learning_rate': 0.00013633599368600069, 'epoch': 0.77}
{'loss': 2.9942, 'grad_norm': 0.2806967794895172, 'learning_rate': 0.00013619913096940407, 'epoch': 0.77}
{'loss': 2.8811, 'grad_norm': 0.31292206048965454, 'learning_rate': 0.00013606232615064544, 'epoch': 0.77}
{'loss': 2.9742, 'grad_norm': 0.30286693572998047, 'learning_rate': 0.00013592557925149685, 'epoch': 0.77}
{'loss': 2.8608, 'grad_norm': 0.2685685455799103, 'learning_rate': 0.00013578889029372134, 'epoch': 0.77}
{'loss': 2.7979, 'grad_norm': 0.2747618854045868, 'learning_rate': 0.0001356522592990722, 'epoch': 0.77}
{'loss': 2.9415, 'grad_norm': 0.28504014015197754, 'learning_rate': 0.00013551568628929433, 'epoch': 0.77}
{'loss': 3.028, 'grad_norm': 0.2688979208469391, 'learning_rate': 0.00013537917128612253, 'epoch': 0.77}
{'loss': 2.9868, 'grad_norm': 0.30124810338020325, 'learning_rate': 0.00013524271431128288, 'epoch': 0.77}
{'loss': 2.953, 'grad_norm': 0.2830158472061157, 'learning_rate': 0.00013510631538649233, 'epoch': 0.77}
{'loss': 3.0541, 'grad_norm': 0.3101750612258911, 'learning_rate': 0.0001349699745334581, 'epoch': 0.77}
{'loss': 2.9682, 'grad_norm': 0.27558696269989014, 'learning_rate': 0.00013483369177387844, 'epoch': 0.77}
{'loss': 2.9128, 'grad_norm': 0.29217132925987244, 'learning_rate': 0.00013469746712944252, 'epoch': 0.77}
{'loss': 3.0842, 'grad_norm': 0.2857920229434967, 'learning_rate': 0.00013456130062183003, 'epoch': 0.77}
{'loss': 2.956, 'grad_norm': 0.2949189841747284, 'learning_rate': 0.00013442519227271126, 'epoch': 0.77}
{'loss': 2.8665, 'grad_norm': 0.2725868225097656, 'learning_rate': 0.00013428914210374766, 'epoch': 0.77}
{'loss': 2.7597, 'grad_norm': 0.3019688129425049, 'learning_rate': 0.00013415315013659118, 'epoch': 0.77}
{'loss': 2.9369, 'grad_norm': 0.2722255289554596, 'learning_rate': 0.00013401721639288468, 'epoch': 0.77}
{'loss': 2.9611, 'grad_norm': 0.29320719838142395, 'learning_rate': 0.00013388134089426147, 'epoch': 0.77}
{'loss': 3.0957, 'grad_norm': 0.32016313076019287, 'learning_rate': 0.0001337455236623456, 'epoch': 0.77}
{'loss': 2.8051, 'grad_norm': 0.2795998454093933, 'learning_rate': 0.00013360976471875224, 'epoch': 0.77}
{'loss': 2.9073, 'grad_norm': 0.28978973627090454, 'learning_rate': 0.00013347406408508694, 'epoch': 0.77}
{'loss': 2.9305, 'grad_norm': 0.28509923815727234, 'learning_rate': 0.0001333384217829459, 'epoch': 0.77}
{'loss': 2.8873, 'grad_norm': 0.3000759184360504, 'learning_rate': 0.00013320283783391636, 'epoch': 0.77}
{'loss': 3.0913, 'grad_norm': 0.292276531457901, 'learning_rate': 0.00013306731225957614, 'epoch': 0.77}
{'loss': 2.9366, 'grad_norm': 0.31382042169570923, 'learning_rate': 0.00013293184508149353, 'epoch': 0.77}
{'loss': 2.8282, 'grad_norm': 0.25650754570961, 'learning_rate': 0.00013279643632122806, 'epoch': 0.77}
{'loss': 2.9623, 'grad_norm': 0.2776218354701996, 'learning_rate': 0.0001326610860003293, 'epoch': 0.77}
{'loss': 2.9827, 'grad_norm': 0.29026684165000916, 'learning_rate': 0.0001325257941403381, 'epoch': 0.77}
{'loss': 2.9257, 'grad_norm': 0.2901286780834198, 'learning_rate': 0.00013239056076278565, 'epoch': 0.77}
{'loss': 3.0911, 'grad_norm': 0.31031206250190735, 'learning_rate': 0.00013225538588919382, 'epoch': 0.77}
{'loss': 2.831, 'grad_norm': 0.2867657542228699, 'learning_rate': 0.00013212026954107563, 'epoch': 0.77}
{'loss': 3.0227, 'grad_norm': 0.29919910430908203, 'learning_rate': 0.00013198521173993406, 'epoch': 0.77}
{'loss': 2.8904, 'grad_norm': 0.27120399475097656, 'learning_rate': 0.00013185021250726337, 'epoch': 0.77}
{'loss': 2.8025, 'grad_norm': 0.2911953330039978, 'learning_rate': 0.0001317152718645484, 'epoch': 0.77}
{'loss': 2.7958, 'grad_norm': 0.29407137632369995, 'learning_rate': 0.00013158038983326442, 'epoch': 0.77}
{'loss': 2.885, 'grad_norm': 0.28695088624954224, 'learning_rate': 0.00013144556643487744, 'epoch': 0.77}
{'loss': 3.0927, 'grad_norm': 0.2995925843715668, 'learning_rate': 0.00013131080169084437, 'epoch': 0.77}
{'loss': 2.7847, 'grad_norm': 0.2761174738407135, 'learning_rate': 0.00013117609562261233, 'epoch': 0.77}
{'loss': 3.045, 'grad_norm': 0.2765822112560272, 'learning_rate': 0.00013104144825161983, 'epoch': 0.77}
{'loss': 2.8163, 'grad_norm': 0.3310158848762512, 'learning_rate': 0.00013090685959929522, 'epoch': 0.77}
{'loss': 2.8907, 'grad_norm': 0.3212590515613556, 'learning_rate': 0.00013077232968705804, 'epoch': 0.77}
{'loss': 2.9532, 'grad_norm': 0.28062325716018677, 'learning_rate': 0.0001306378585363185, 'epoch': 0.77}
{'loss': 2.9829, 'grad_norm': 0.2900543510913849, 'learning_rate': 0.00013050344616847705, 'epoch': 0.77}
{'loss': 2.9438, 'grad_norm': 0.30382612347602844, 'learning_rate': 0.00013036909260492497, 'epoch': 0.77}
{'loss': 2.9676, 'grad_norm': 0.29554927349090576, 'learning_rate': 0.0001302347978670445, 'epoch': 0.77}
{'loss': 2.9556, 'grad_norm': 0.26840588450431824, 'learning_rate': 0.00013010056197620813, 'epoch': 0.77}
{'loss': 3.0122, 'grad_norm': 0.29561200737953186, 'learning_rate': 0.00012996638495377895, 'epoch': 0.77}
{'loss': 2.9298, 'grad_norm': 0.27747735381126404, 'learning_rate': 0.00012983226682111094, 'epoch': 0.77}
{'loss': 2.9382, 'grad_norm': 0.2707377076148987, 'learning_rate': 0.00012969820759954864, 'epoch': 0.77}
{'loss': 2.9601, 'grad_norm': 0.29305633902549744, 'learning_rate': 0.00012956420731042735, 'epoch': 0.77}
{'loss': 2.9271, 'grad_norm': 0.2844354510307312, 'learning_rate': 0.00012943026597507268, 'epoch': 0.77}
{'loss': 3.0323, 'grad_norm': 0.2894975244998932, 'learning_rate': 0.00012929638361480078, 'epoch': 0.77}
{'loss': 2.9138, 'grad_norm': 0.25443506240844727, 'learning_rate': 0.000129162560250919, 'epoch': 0.77}
{'loss': 2.9767, 'grad_norm': 0.2871916890144348, 'learning_rate': 0.00012902879590472472, 'epoch': 0.77}
{'loss': 2.8423, 'grad_norm': 0.27717629075050354, 'learning_rate': 0.00012889509059750602, 'epoch': 0.77}
{'loss': 2.8476, 'grad_norm': 0.28280898928642273, 'learning_rate': 0.00012876144435054193, 'epoch': 0.77}
{'loss': 2.8096, 'grad_norm': 0.2919791042804718, 'learning_rate': 0.00012862785718510195, 'epoch': 0.77}
{'loss': 2.7936, 'grad_norm': 0.27669790387153625, 'learning_rate': 0.00012849432912244573, 'epoch': 0.77}
{'loss': 2.9253, 'grad_norm': 0.29077038168907166, 'learning_rate': 0.00012836086018382426, 'epoch': 0.77}
{'loss': 2.8481, 'grad_norm': 0.2733057141304016, 'learning_rate': 0.0001282274503904784, 'epoch': 0.77}
{'loss': 2.9166, 'grad_norm': 0.28548160195350647, 'learning_rate': 0.00012809409976364018, 'epoch': 0.77}
{'loss': 2.8542, 'grad_norm': 0.3185385763645172, 'learning_rate': 0.00012796080832453184, 'epoch': 0.77}
{'loss': 2.9679, 'grad_norm': 0.29162299633026123, 'learning_rate': 0.00012782757609436618, 'epoch': 0.77}
{'loss': 3.0896, 'grad_norm': 0.2736492156982422, 'learning_rate': 0.000127694403094347, 'epoch': 0.77}
{'loss': 2.9409, 'grad_norm': 0.2891247570514679, 'learning_rate': 0.00012756128934566813, 'epoch': 0.77}
{'loss': 2.9887, 'grad_norm': 0.28284919261932373, 'learning_rate': 0.0001274282348695143, 'epoch': 0.77}
{'loss': 2.9095, 'grad_norm': 0.27964338660240173, 'learning_rate': 0.00012729523968706103, 'epoch': 0.77}
{'loss': 2.9402, 'grad_norm': 0.30374523997306824, 'learning_rate': 0.00012716230381947387, 'epoch': 0.77}
{'loss': 2.8993, 'grad_norm': 0.29303887486457825, 'learning_rate': 0.00012702942728790896, 'epoch': 0.77}
{'loss': 2.8522, 'grad_norm': 0.2879488170146942, 'learning_rate': 0.00012689661011351362, 'epoch': 0.78}
{'loss': 2.9405, 'grad_norm': 0.2866595983505249, 'learning_rate': 0.00012676385231742492, 'epoch': 0.78}
{'loss': 2.9604, 'grad_norm': 0.30252066254615784, 'learning_rate': 0.0001266311539207713, 'epoch': 0.78}
{'loss': 2.9937, 'grad_norm': 0.2911754250526428, 'learning_rate': 0.00012649851494467084, 'epoch': 0.78}
{'loss': 2.8865, 'grad_norm': 0.2915705144405365, 'learning_rate': 0.000126365935410233, 'epoch': 0.78}
{'loss': 2.9818, 'grad_norm': 0.295053094625473, 'learning_rate': 0.00012623341533855737, 'epoch': 0.78}
{'loss': 2.9405, 'grad_norm': 0.29858919978141785, 'learning_rate': 0.00012610095475073412, 'epoch': 0.78}
{'loss': 2.864, 'grad_norm': 0.2921147346496582, 'learning_rate': 0.00012596855366784376, 'epoch': 0.78}
{'loss': 2.8613, 'grad_norm': 0.2793559432029724, 'learning_rate': 0.00012583621211095786, 'epoch': 0.78}
{'loss': 2.9563, 'grad_norm': 0.29561859369277954, 'learning_rate': 0.00012570393010113807, 'epoch': 0.78}
{'loss': 2.9944, 'grad_norm': 0.28998488187789917, 'learning_rate': 0.00012557170765943636, 'epoch': 0.78}
{'loss': 2.9263, 'grad_norm': 0.2790556848049164, 'learning_rate': 0.0001254395448068959, 'epoch': 0.78}
{'loss': 3.0422, 'grad_norm': 0.29339131712913513, 'learning_rate': 0.00012530744156454994, 'epoch': 0.78}
{'loss': 2.9102, 'grad_norm': 0.304261177778244, 'learning_rate': 0.0001251753979534225, 'epoch': 0.78}
{'loss': 2.9921, 'grad_norm': 0.26270607113838196, 'learning_rate': 0.00012504341399452768, 'epoch': 0.78}
{'loss': 3.0133, 'grad_norm': 0.3068156838417053, 'learning_rate': 0.00012491148970887023, 'epoch': 0.78}
{'loss': 3.0348, 'grad_norm': 0.29115137457847595, 'learning_rate': 0.0001247796251174459, 'epoch': 0.78}
{'loss': 3.0846, 'grad_norm': 0.3267141878604889, 'learning_rate': 0.00012464782024124033, 'epoch': 0.78}
{'loss': 2.9142, 'grad_norm': 0.2501293122768402, 'learning_rate': 0.00012451607510122976, 'epoch': 0.78}
{'loss': 2.98, 'grad_norm': 0.29109981656074524, 'learning_rate': 0.00012438438971838116, 'epoch': 0.78}
{'loss': 2.9767, 'grad_norm': 0.27617147564888, 'learning_rate': 0.000124252764113652, 'epoch': 0.78}
{'loss': 3.028, 'grad_norm': 0.3006788194179535, 'learning_rate': 0.00012412119830798992, 'epoch': 0.78}
{'loss': 2.996, 'grad_norm': 0.2920330762863159, 'learning_rate': 0.00012398969232233338, 'epoch': 0.78}
{'loss': 2.9842, 'grad_norm': 0.2715001702308655, 'learning_rate': 0.00012385824617761092, 'epoch': 0.78}
{'loss': 3.0207, 'grad_norm': 0.27442991733551025, 'learning_rate': 0.0001237268598947422, 'epoch': 0.78}
{'loss': 3.0289, 'grad_norm': 0.2850303649902344, 'learning_rate': 0.0001235955334946367, 'epoch': 0.78}
{'loss': 2.9915, 'grad_norm': 0.2712932825088501, 'learning_rate': 0.00012346426699819457, 'epoch': 0.78}
{'loss': 3.0012, 'grad_norm': 0.2660747468471527, 'learning_rate': 0.00012333306042630672, 'epoch': 0.78}
{'loss': 2.7443, 'grad_norm': 0.27077797055244446, 'learning_rate': 0.00012320191379985396, 'epoch': 0.78}
{'loss': 2.9534, 'grad_norm': 0.24854999780654907, 'learning_rate': 0.00012307082713970812, 'epoch': 0.78}
{'loss': 2.9271, 'grad_norm': 0.27744153141975403, 'learning_rate': 0.00012293980046673136, 'epoch': 0.78}
{'loss': 2.9518, 'grad_norm': 0.2860864996910095, 'learning_rate': 0.00012280883380177594, 'epoch': 0.78}
{'loss': 2.9815, 'grad_norm': 0.2988895773887634, 'learning_rate': 0.00012267792716568504, 'epoch': 0.78}
{'loss': 2.8171, 'grad_norm': 0.3085494041442871, 'learning_rate': 0.00012254708057929197, 'epoch': 0.78}
{'loss': 2.827, 'grad_norm': 0.2967696785926819, 'learning_rate': 0.00012241629406342048, 'epoch': 0.78}
{'loss': 2.8881, 'grad_norm': 0.27496427297592163, 'learning_rate': 0.00012228556763888503, 'epoch': 0.78}
{'loss': 2.9333, 'grad_norm': 0.29866793751716614, 'learning_rate': 0.00012215490132649017, 'epoch': 0.78}
{'loss': 2.9769, 'grad_norm': 0.26458683609962463, 'learning_rate': 0.00012202429514703107, 'epoch': 0.78}
{'loss': 2.9707, 'grad_norm': 0.28628313541412354, 'learning_rate': 0.00012189374912129358, 'epoch': 0.78}
{'loss': 2.8559, 'grad_norm': 0.28640782833099365, 'learning_rate': 0.00012176326327005355, 'epoch': 0.78}
{'loss': 2.934, 'grad_norm': 0.27436426281929016, 'learning_rate': 0.00012163283761407729, 'epoch': 0.78}
{'loss': 2.9544, 'grad_norm': 0.2987091541290283, 'learning_rate': 0.00012150247217412185, 'epoch': 0.78}
{'loss': 3.0038, 'grad_norm': 0.32454630732536316, 'learning_rate': 0.00012137216697093434, 'epoch': 0.78}
{'loss': 2.844, 'grad_norm': 0.28227582573890686, 'learning_rate': 0.0001212419220252527, 'epoch': 0.78}
{'loss': 2.8816, 'grad_norm': 0.2729516625404358, 'learning_rate': 0.00012111173735780467, 'epoch': 0.78}
{'loss': 2.9902, 'grad_norm': 0.2829420268535614, 'learning_rate': 0.00012098161298930898, 'epoch': 0.78}
{'loss': 3.0438, 'grad_norm': 0.29399174451828003, 'learning_rate': 0.00012085154894047467, 'epoch': 0.78}
{'loss': 2.9802, 'grad_norm': 0.28575363755226135, 'learning_rate': 0.0001207215452320009, 'epoch': 0.78}
{'loss': 2.8168, 'grad_norm': 0.2876417934894562, 'learning_rate': 0.00012059160188457724, 'epoch': 0.78}
{'loss': 2.8185, 'grad_norm': 0.2931051552295685, 'learning_rate': 0.00012046171891888408, 'epoch': 0.78}
{'loss': 3.15, 'grad_norm': 0.3027109205722809, 'learning_rate': 0.00012033189635559177, 'epoch': 0.78}
{'loss': 3.0246, 'grad_norm': 0.2799484431743622, 'learning_rate': 0.00012020213421536102, 'epoch': 0.78}
{'loss': 2.9591, 'grad_norm': 0.27156785130500793, 'learning_rate': 0.00012007243251884337, 'epoch': 0.78}
{'loss': 2.8076, 'grad_norm': 0.3060273230075836, 'learning_rate': 0.00011994279128668023, 'epoch': 0.78}
{'loss': 2.8251, 'grad_norm': 0.26648855209350586, 'learning_rate': 0.00011981321053950373, 'epoch': 0.78}
{'loss': 3.0388, 'grad_norm': 0.30123165249824524, 'learning_rate': 0.0001196836902979364, 'epoch': 0.78}
{'loss': 2.8542, 'grad_norm': 0.3334834575653076, 'learning_rate': 0.0001195542305825908, 'epoch': 0.78}
{'loss': 3.0145, 'grad_norm': 0.2914067506790161, 'learning_rate': 0.00011942483141407024, 'epoch': 0.78}
{'loss': 3.0824, 'grad_norm': 0.2994888126850128, 'learning_rate': 0.00011929549281296809, 'epoch': 0.78}
{'loss': 3.0394, 'grad_norm': 0.2807884216308594, 'learning_rate': 0.00011916621479986811, 'epoch': 0.78}
{'loss': 2.9277, 'grad_norm': 0.3072057366371155, 'learning_rate': 0.0001190369973953448, 'epoch': 0.78}
{'loss': 2.9526, 'grad_norm': 0.28701916337013245, 'learning_rate': 0.0001189078406199624, 'epoch': 0.78}
{'loss': 2.8247, 'grad_norm': 0.29310059547424316, 'learning_rate': 0.00011877874449427601, 'epoch': 0.78}
{'loss': 2.869, 'grad_norm': 0.28336015343666077, 'learning_rate': 0.00011864970903883105, 'epoch': 0.78}
{'loss': 2.9597, 'grad_norm': 0.28899192810058594, 'learning_rate': 0.00011852073427416282, 'epoch': 0.78}
{'loss': 2.9399, 'grad_norm': 0.302530437707901, 'learning_rate': 0.00011839182022079758, 'epoch': 0.78}
{'loss': 2.9621, 'grad_norm': 0.31685566902160645, 'learning_rate': 0.00011826296689925142, 'epoch': 0.78}
{'loss': 2.9973, 'grad_norm': 0.270291805267334, 'learning_rate': 0.00011813417433003092, 'epoch': 0.78}
{'loss': 2.8403, 'grad_norm': 0.28296971321105957, 'learning_rate': 0.00011800544253363327, 'epoch': 0.78}
{'loss': 2.9824, 'grad_norm': 0.28491443395614624, 'learning_rate': 0.00011787677153054549, 'epoch': 0.78}
{'loss': 2.892, 'grad_norm': 0.2990671694278717, 'learning_rate': 0.00011774816134124533, 'epoch': 0.78}
{'loss': 2.7803, 'grad_norm': 0.301482617855072, 'learning_rate': 0.0001176196119862008, 'epoch': 0.78}
{'loss': 2.994, 'grad_norm': 0.2893376350402832, 'learning_rate': 0.00011749112348587009, 'epoch': 0.78}
{'loss': 2.9567, 'grad_norm': 0.2890063226222992, 'learning_rate': 0.00011736269586070164, 'epoch': 0.78}
{'loss': 2.8806, 'grad_norm': 0.28363287448883057, 'learning_rate': 0.00011723432913113457, 'epoch': 0.78}
{'loss': 2.8514, 'grad_norm': 0.27514761686325073, 'learning_rate': 0.00011710602331759778, 'epoch': 0.78}
{'loss': 2.8077, 'grad_norm': 0.2938487231731415, 'learning_rate': 0.00011697777844051105, 'epoch': 0.78}
{'loss': 2.8399, 'grad_norm': 0.2813798189163208, 'learning_rate': 0.00011684959452028388, 'epoch': 0.78}
{'loss': 2.7263, 'grad_norm': 0.2447897493839264, 'learning_rate': 0.00011672147157731672, 'epoch': 0.78}
{'loss': 2.8207, 'grad_norm': 0.29892000555992126, 'learning_rate': 0.00011659340963199954, 'epoch': 0.78}
{'loss': 2.8687, 'grad_norm': 0.30278992652893066, 'learning_rate': 0.00011646540870471345, 'epoch': 0.78}
{'loss': 2.8642, 'grad_norm': 0.29474014043807983, 'learning_rate': 0.00011633746881582902, 'epoch': 0.79}
{'loss': 2.8066, 'grad_norm': 0.296737402677536, 'learning_rate': 0.00011620958998570791, 'epoch': 0.79}
{'loss': 2.7939, 'grad_norm': 0.2720593810081482, 'learning_rate': 0.0001160817722347014, 'epoch': 0.79}
{'loss': 2.9427, 'grad_norm': 0.2686489522457123, 'learning_rate': 0.00011595401558315122, 'epoch': 0.79}
{'loss': 2.7185, 'grad_norm': 0.28685036301612854, 'learning_rate': 0.00011582632005138977, 'epoch': 0.79}
{'loss': 2.9648, 'grad_norm': 0.2832713723182678, 'learning_rate': 0.00011569868565973913, 'epoch': 0.79}
{'loss': 2.9743, 'grad_norm': 0.3119661808013916, 'learning_rate': 0.00011557111242851198, 'epoch': 0.79}
{'loss': 2.8352, 'grad_norm': 0.2653043270111084, 'learning_rate': 0.00011544360037801155, 'epoch': 0.79}
{'loss': 2.8248, 'grad_norm': 0.3102220594882965, 'learning_rate': 0.00011531614952853054, 'epoch': 0.79}
{'loss': 2.9093, 'grad_norm': 0.30756792426109314, 'learning_rate': 0.00011518875990035278, 'epoch': 0.79}
{'loss': 2.7953, 'grad_norm': 0.3162021040916443, 'learning_rate': 0.00011506143151375176, 'epoch': 0.79}
{'loss': 2.8967, 'grad_norm': 0.2830132246017456, 'learning_rate': 0.00011493416438899129, 'epoch': 0.79}
{'loss': 2.8418, 'grad_norm': 0.2584342658519745, 'learning_rate': 0.00011480695854632589, 'epoch': 0.79}
{'loss': 2.9069, 'grad_norm': 0.27436548471450806, 'learning_rate': 0.00011467981400599964, 'epoch': 0.79}
{'loss': 2.9354, 'grad_norm': 0.2863633930683136, 'learning_rate': 0.00011455273078824735, 'epoch': 0.79}
{'loss': 2.9005, 'grad_norm': 0.28908899426460266, 'learning_rate': 0.00011442570891329419, 'epoch': 0.79}
{'loss': 2.993, 'grad_norm': 0.2732577919960022, 'learning_rate': 0.0001142987484013549, 'epoch': 0.79}
{'loss': 3.0503, 'grad_norm': 0.3140062689781189, 'learning_rate': 0.00011417184927263524, 'epoch': 0.79}
{'loss': 2.9423, 'grad_norm': 0.2721491754055023, 'learning_rate': 0.00011404501154733072, 'epoch': 0.79}
{'loss': 2.9883, 'grad_norm': 0.273942232131958, 'learning_rate': 0.00011391823524562695, 'epoch': 0.79}
{'loss': 2.919, 'grad_norm': 0.2957485318183899, 'learning_rate': 0.00011379152038770029, 'epoch': 0.79}
{'loss': 2.9636, 'grad_norm': 0.3103363811969757, 'learning_rate': 0.00011366486699371687, 'epoch': 0.79}
{'loss': 2.8201, 'grad_norm': 0.29307982325553894, 'learning_rate': 0.0001135382750838333, 'epoch': 0.79}
{'loss': 2.9854, 'grad_norm': 0.2732970118522644, 'learning_rate': 0.00011341174467819637, 'epoch': 0.79}
{'loss': 2.8295, 'grad_norm': 0.2846904993057251, 'learning_rate': 0.00011328527579694298, 'epoch': 0.79}
{'loss': 3.01, 'grad_norm': 0.27340200543403625, 'learning_rate': 0.00011315886846020007, 'epoch': 0.79}
{'loss': 2.9464, 'grad_norm': 0.2678438425064087, 'learning_rate': 0.00011303252268808534, 'epoch': 0.79}
{'loss': 2.7748, 'grad_norm': 0.29422417283058167, 'learning_rate': 0.00011290623850070602, 'epoch': 0.79}
{'loss': 3.0111, 'grad_norm': 0.3014397621154785, 'learning_rate': 0.00011278001591816017, 'epoch': 0.79}
{'loss': 2.8693, 'grad_norm': 0.2913014590740204, 'learning_rate': 0.00011265385496053553, 'epoch': 0.79}
{'loss': 2.9194, 'grad_norm': 0.2942183017730713, 'learning_rate': 0.00011252775564791024, 'epoch': 0.79}
{'loss': 2.844, 'grad_norm': 0.2996753454208374, 'learning_rate': 0.0001124017180003527, 'epoch': 0.79}
{'loss': 2.8728, 'grad_norm': 0.2861177623271942, 'learning_rate': 0.00011227574203792156, 'epoch': 0.79}
{'loss': 2.9995, 'grad_norm': 0.25244027376174927, 'learning_rate': 0.00011214982778066529, 'epoch': 0.79}
{'loss': 2.8886, 'grad_norm': 0.29833000898361206, 'learning_rate': 0.00011202397524862296, 'epoch': 0.79}
{'loss': 3.0246, 'grad_norm': 0.277802973985672, 'learning_rate': 0.00011189818446182359, 'epoch': 0.79}
{'loss': 2.8806, 'grad_norm': 0.29085850715637207, 'learning_rate': 0.00011177245544028625, 'epoch': 0.79}
{'loss': 2.8869, 'grad_norm': 0.26253288984298706, 'learning_rate': 0.00011164678820402057, 'epoch': 0.79}
{'loss': 2.8467, 'grad_norm': 0.2859717607498169, 'learning_rate': 0.00011152118277302593, 'epoch': 0.79}
{'loss': 3.0749, 'grad_norm': 0.28991997241973877, 'learning_rate': 0.00011139563916729212, 'epoch': 0.79}
{'loss': 2.9472, 'grad_norm': 0.2709593176841736, 'learning_rate': 0.00011127015740679925, 'epoch': 0.79}
{'loss': 2.9944, 'grad_norm': 0.2849763035774231, 'learning_rate': 0.00011114473751151699, 'epoch': 0.79}
{'loss': 2.8521, 'grad_norm': 0.2965608537197113, 'learning_rate': 0.00011101937950140594, 'epoch': 0.79}
{'loss': 3.0272, 'grad_norm': 0.2784090042114258, 'learning_rate': 0.00011089408339641626, 'epoch': 0.79}
{'loss': 2.8313, 'grad_norm': 0.2660159468650818, 'learning_rate': 0.00011076884921648833, 'epoch': 0.79}
{'loss': 2.8812, 'grad_norm': 0.2831077575683594, 'learning_rate': 0.00011064367698155303, 'epoch': 0.79}
{'loss': 3.0769, 'grad_norm': 0.2866467833518982, 'learning_rate': 0.00011051856671153099, 'epoch': 0.79}
{'loss': 2.9058, 'grad_norm': 0.2840522527694702, 'learning_rate': 0.00011039351842633317, 'epoch': 0.79}
{'loss': 2.7498, 'grad_norm': 0.30903521180152893, 'learning_rate': 0.00011026853214586086, 'epoch': 0.79}
{'loss': 2.9303, 'grad_norm': 0.2816546559333801, 'learning_rate': 0.00011014360789000489, 'epoch': 0.79}
{'loss': 3.0002, 'grad_norm': 0.2941628694534302, 'learning_rate': 0.00011001874567864695, 'epoch': 0.79}
{'loss': 2.8409, 'grad_norm': 0.28953447937965393, 'learning_rate': 0.00010989394553165833, 'epoch': 0.79}
{'loss': 2.8509, 'grad_norm': 0.275471568107605, 'learning_rate': 0.0001097692074689004, 'epoch': 0.79}
{'loss': 2.9958, 'grad_norm': 0.25899025797843933, 'learning_rate': 0.00010964453151022525, 'epoch': 0.79}
{'loss': 2.9195, 'grad_norm': 0.2760738432407379, 'learning_rate': 0.00010951991767547431, 'epoch': 0.79}
{'loss': 2.9313, 'grad_norm': 0.3024244010448456, 'learning_rate': 0.00010939536598447986, 'epoch': 0.79}
{'loss': 2.9474, 'grad_norm': 0.29235318303108215, 'learning_rate': 0.00010927087645706357, 'epoch': 0.79}
{'loss': 2.8885, 'grad_norm': 0.29502081871032715, 'learning_rate': 0.00010914644911303801, 'epoch': 0.79}
{'loss': 2.8897, 'grad_norm': 0.31543731689453125, 'learning_rate': 0.00010902208397220498, 'epoch': 0.79}
{'loss': 2.9496, 'grad_norm': 0.30321237444877625, 'learning_rate': 0.00010889778105435716, 'epoch': 0.79}
{'loss': 2.8638, 'grad_norm': 0.30020564794540405, 'learning_rate': 0.00010877354037927678, 'epoch': 0.79}
{'loss': 2.8761, 'grad_norm': 0.28066232800483704, 'learning_rate': 0.00010864936196673658, 'epoch': 0.79}
{'loss': 2.9197, 'grad_norm': 0.2724635899066925, 'learning_rate': 0.00010852524583649909, 'epoch': 0.79}
{'loss': 2.9242, 'grad_norm': 0.2562602758407593, 'learning_rate': 0.00010840119200831689, 'epoch': 0.79}
{'loss': 2.8481, 'grad_norm': 0.2759630084037781, 'learning_rate': 0.00010827720050193291, 'epoch': 0.79}
{'loss': 2.7779, 'grad_norm': 0.2756825387477875, 'learning_rate': 0.00010815327133708014, 'epoch': 0.79}
{'loss': 3.0066, 'grad_norm': 0.27846401929855347, 'learning_rate': 0.00010802940453348132, 'epoch': 0.79}
{'loss': 2.7964, 'grad_norm': 0.3604031503200531, 'learning_rate': 0.00010790560011084972, 'epoch': 0.79}
{'loss': 2.7091, 'grad_norm': 0.3235558867454529, 'learning_rate': 0.00010778185808888835, 'epoch': 0.79}
{'loss': 2.9713, 'grad_norm': 0.3027205169200897, 'learning_rate': 0.0001076581784872902, 'epoch': 0.79}
{'loss': 2.8228, 'grad_norm': 0.265240877866745, 'learning_rate': 0.00010753456132573885, 'epoch': 0.79}
{'loss': 2.8715, 'grad_norm': 0.279923677444458, 'learning_rate': 0.00010741100662390729, 'epoch': 0.79}
{'loss': 2.8754, 'grad_norm': 0.2868424952030182, 'learning_rate': 0.00010728751440145907, 'epoch': 0.79}
{'loss': 3.0577, 'grad_norm': 0.29876989126205444, 'learning_rate': 0.00010716408467804767, 'epoch': 0.79}
{'loss': 2.962, 'grad_norm': 0.2996656894683838, 'learning_rate': 0.00010704071747331635, 'epoch': 0.79}
{'loss': 2.9125, 'grad_norm': 0.303251177072525, 'learning_rate': 0.00010691741280689893, 'epoch': 0.79}
{'loss': 2.9097, 'grad_norm': 0.28880658745765686, 'learning_rate': 0.00010679417069841879, 'epoch': 0.79}
{'loss': 3.0094, 'grad_norm': 0.26899397373199463, 'learning_rate': 0.00010667099116748947, 'epoch': 0.79}
{'loss': 3.0249, 'grad_norm': 0.31528860330581665, 'learning_rate': 0.00010654787423371487, 'epoch': 0.79}
{'loss': 2.7946, 'grad_norm': 0.274408221244812, 'learning_rate': 0.0001064248199166884, 'epoch': 0.79}
{'loss': 3.0181, 'grad_norm': 0.275233656167984, 'learning_rate': 0.00010630182823599399, 'epoch': 0.79}
{'loss': 2.9588, 'grad_norm': 0.315335750579834, 'learning_rate': 0.0001061788992112055, 'epoch': 0.8}
{'loss': 2.9474, 'grad_norm': 0.27897319197654724, 'learning_rate': 0.00010605603286188642, 'epoch': 0.8}
{'loss': 2.9537, 'grad_norm': 0.269610732793808, 'learning_rate': 0.00010593322920759091, 'epoch': 0.8}
{'loss': 3.1468, 'grad_norm': 0.2856656610965729, 'learning_rate': 0.0001058104882678626, 'epoch': 0.8}
{'loss': 2.9643, 'grad_norm': 0.3094644248485565, 'learning_rate': 0.00010568781006223527, 'epoch': 0.8}
{'loss': 2.9636, 'grad_norm': 0.2959975302219391, 'learning_rate': 0.00010556519461023301, 'epoch': 0.8}
{'loss': 2.8069, 'grad_norm': 0.286417156457901, 'learning_rate': 0.00010544264193136966, 'epoch': 0.8}
{'loss': 3.0989, 'grad_norm': 0.304797887802124, 'learning_rate': 0.00010532015204514889, 'epoch': 0.8}
{'loss': 2.9137, 'grad_norm': 0.32398131489753723, 'learning_rate': 0.00010519772497106483, 'epoch': 0.8}
{'loss': 2.8037, 'grad_norm': 0.2852425277233124, 'learning_rate': 0.00010507536072860141, 'epoch': 0.8}
{'loss': 3.0565, 'grad_norm': 0.28333941102027893, 'learning_rate': 0.00010495305933723238, 'epoch': 0.8}
{'loss': 2.8539, 'grad_norm': 0.30292028188705444, 'learning_rate': 0.00010483082081642187, 'epoch': 0.8}
{'loss': 2.8555, 'grad_norm': 0.2597740590572357, 'learning_rate': 0.0001047086451856235, 'epoch': 0.8}
{'loss': 2.8626, 'grad_norm': 0.27836450934410095, 'learning_rate': 0.00010458653246428145, 'epoch': 0.8}
{'loss': 2.9097, 'grad_norm': 0.2807748317718506, 'learning_rate': 0.00010446448267182951, 'epoch': 0.8}
{'loss': 2.9172, 'grad_norm': 0.2982768714427948, 'learning_rate': 0.00010434249582769128, 'epoch': 0.8}
{'loss': 2.9178, 'grad_norm': 0.2923060357570648, 'learning_rate': 0.00010422057195128088, 'epoch': 0.8}
{'loss': 2.9811, 'grad_norm': 0.30241629481315613, 'learning_rate': 0.0001040987110620022, 'epoch': 0.8}
{'loss': 2.9431, 'grad_norm': 0.2770518660545349, 'learning_rate': 0.0001039769131792488, 'epoch': 0.8}
{'loss': 2.932, 'grad_norm': 0.28209707140922546, 'learning_rate': 0.00010385517832240471, 'epoch': 0.8}
{'loss': 3.0882, 'grad_norm': 0.27318280935287476, 'learning_rate': 0.00010373350651084351, 'epoch': 0.8}
{'loss': 2.9379, 'grad_norm': 0.2859540581703186, 'learning_rate': 0.00010361189776392883, 'epoch': 0.8}
{'loss': 2.8618, 'grad_norm': 0.2727743983268738, 'learning_rate': 0.00010349035210101459, 'epoch': 0.8}
{'loss': 3.0883, 'grad_norm': 0.31352269649505615, 'learning_rate': 0.00010336886954144414, 'epoch': 0.8}
{'loss': 3.0055, 'grad_norm': 0.2955641448497772, 'learning_rate': 0.00010324745010455121, 'epoch': 0.8}
{'loss': 3.0268, 'grad_norm': 0.2967577874660492, 'learning_rate': 0.00010312609380965953, 'epoch': 0.8}
{'loss': 2.9181, 'grad_norm': 0.28785941004753113, 'learning_rate': 0.00010300480067608231, 'epoch': 0.8}
{'loss': 2.8595, 'grad_norm': 0.291344553232193, 'learning_rate': 0.0001028835707231232, 'epoch': 0.8}
{'loss': 2.9962, 'grad_norm': 0.28897202014923096, 'learning_rate': 0.00010276240397007552, 'epoch': 0.8}
{'loss': 2.9043, 'grad_norm': 0.28541168570518494, 'learning_rate': 0.00010264130043622244, 'epoch': 0.8}
{'loss': 2.901, 'grad_norm': 0.2862616181373596, 'learning_rate': 0.00010252026014083754, 'epoch': 0.8}
{'loss': 2.9694, 'grad_norm': 0.283862441778183, 'learning_rate': 0.0001023992831031837, 'epoch': 0.8}
{'loss': 3.0059, 'grad_norm': 0.2800745368003845, 'learning_rate': 0.00010227836934251423, 'epoch': 0.8}
{'loss': 2.9699, 'grad_norm': 0.2996824085712433, 'learning_rate': 0.00010215751887807228, 'epoch': 0.8}
{'loss': 2.8765, 'grad_norm': 0.2962196171283722, 'learning_rate': 0.00010203673172909067, 'epoch': 0.8}
{'loss': 2.9615, 'grad_norm': 0.27534884214401245, 'learning_rate': 0.00010191600791479255, 'epoch': 0.8}
{'loss': 2.9184, 'grad_norm': 0.294933021068573, 'learning_rate': 0.00010179534745439061, 'epoch': 0.8}
{'loss': 2.987, 'grad_norm': 0.2889338731765747, 'learning_rate': 0.00010167475036708745, 'epoch': 0.8}
{'loss': 2.9183, 'grad_norm': 0.30056652426719666, 'learning_rate': 0.0001015542166720761, 'epoch': 0.8}
{'loss': 2.9058, 'grad_norm': 0.28890088200569153, 'learning_rate': 0.00010143374638853892, 'epoch': 0.8}
{'loss': 2.9264, 'grad_norm': 0.2825454771518707, 'learning_rate': 0.00010131333953564825, 'epoch': 0.8}
{'loss': 2.8969, 'grad_norm': 0.23891690373420715, 'learning_rate': 0.00010119299613256672, 'epoch': 0.8}
{'loss': 2.921, 'grad_norm': 0.2855394780635834, 'learning_rate': 0.00010107271619844666, 'epoch': 0.8}
{'loss': 2.9919, 'grad_norm': 0.2880934774875641, 'learning_rate': 0.00010095249975243009, 'epoch': 0.8}
{'loss': 2.9633, 'grad_norm': 0.3106752038002014, 'learning_rate': 0.00010083234681364933, 'epoch': 0.8}
{'loss': 2.9589, 'grad_norm': 0.30104634165763855, 'learning_rate': 0.00010071225740122609, 'epoch': 0.8}
{'loss': 3.0013, 'grad_norm': 0.2721678912639618, 'learning_rate': 0.0001005922315342725, 'epoch': 0.8}
{'loss': 3.0486, 'grad_norm': 0.29251691699028015, 'learning_rate': 0.00010047226923189024, 'epoch': 0.8}
{'loss': 2.8742, 'grad_norm': 0.2828357517719269, 'learning_rate': 0.00010035237051317081, 'epoch': 0.8}
{'loss': 2.7605, 'grad_norm': 0.2598339021205902, 'learning_rate': 0.00010023253539719579, 'epoch': 0.8}
{'loss': 2.8649, 'grad_norm': 0.29716965556144714, 'learning_rate': 0.00010011276390303686, 'epoch': 0.8}
{'loss': 2.8674, 'grad_norm': 0.28533267974853516, 'learning_rate': 9.999305604975496e-05, 'epoch': 0.8}
{'loss': 2.9278, 'grad_norm': 0.2674057185649872, 'learning_rate': 9.987341185640148e-05, 'epoch': 0.8}
{'loss': 2.9307, 'grad_norm': 0.27661994099617004, 'learning_rate': 9.975383134201733e-05, 'epoch': 0.8}
{'loss': 2.9885, 'grad_norm': 0.287987619638443, 'learning_rate': 9.963431452563332e-05, 'epoch': 0.8}
{'loss': 3.0399, 'grad_norm': 0.3139575123786926, 'learning_rate': 9.951486142627036e-05, 'epoch': 0.8}
{'loss': 2.908, 'grad_norm': 0.27500155568122864, 'learning_rate': 9.939547206293886e-05, 'epoch': 0.8}
{'loss': 2.7572, 'grad_norm': 0.29017406702041626, 'learning_rate': 9.927614645463945e-05, 'epoch': 0.8}
{'loss': 2.8818, 'grad_norm': 0.2801343500614166, 'learning_rate': 9.915688462036254e-05, 'epoch': 0.8}
{'loss': 2.8264, 'grad_norm': 0.2752743661403656, 'learning_rate': 9.903768657908801e-05, 'epoch': 0.8}
{'loss': 2.86, 'grad_norm': 0.29548683762550354, 'learning_rate': 9.891855234978619e-05, 'epoch': 0.8}
{'loss': 2.918, 'grad_norm': 0.2568422555923462, 'learning_rate': 9.87994819514168e-05, 'epoch': 0.8}
{'loss': 2.9658, 'grad_norm': 0.29965266585350037, 'learning_rate': 9.868047540292941e-05, 'epoch': 0.8}
{'loss': 2.8176, 'grad_norm': 0.30548611283302307, 'learning_rate': 9.85615327232638e-05, 'epoch': 0.8}
{'loss': 2.9164, 'grad_norm': 0.26579549908638, 'learning_rate': 9.844265393134927e-05, 'epoch': 0.8}
{'loss': 2.8899, 'grad_norm': 0.29291608929634094, 'learning_rate': 9.832383904610481e-05, 'epoch': 0.8}
{'loss': 2.837, 'grad_norm': 0.3070618510246277, 'learning_rate': 9.820508808643963e-05, 'epoch': 0.8}
{'loss': 2.8746, 'grad_norm': 0.28473201394081116, 'learning_rate': 9.808640107125266e-05, 'epoch': 0.8}
{'loss': 2.8526, 'grad_norm': 0.2963699400424957, 'learning_rate': 9.796777801943268e-05, 'epoch': 0.8}
{'loss': 2.9666, 'grad_norm': 0.29004380106925964, 'learning_rate': 9.784921894985799e-05, 'epoch': 0.8}
{'loss': 3.0713, 'grad_norm': 0.2813522219657898, 'learning_rate': 9.773072388139692e-05, 'epoch': 0.8}
{'loss': 2.8359, 'grad_norm': 0.2991386353969574, 'learning_rate': 9.761229283290778e-05, 'epoch': 0.8}
{'loss': 3.0038, 'grad_norm': 0.2840355634689331, 'learning_rate': 9.749392582323841e-05, 'epoch': 0.8}
{'loss': 3.0188, 'grad_norm': 0.2857452929019928, 'learning_rate': 9.737562287122647e-05, 'epoch': 0.8}
{'loss': 2.8719, 'grad_norm': 0.2837742567062378, 'learning_rate': 9.725738399569967e-05, 'epoch': 0.8}
{'loss': 2.9324, 'grad_norm': 0.2865986227989197, 'learning_rate': 9.713920921547531e-05, 'epoch': 0.8}
{'loss': 2.8565, 'grad_norm': 0.2866438329219818, 'learning_rate': 9.70210985493607e-05, 'epoch': 0.8}
{'loss': 2.9683, 'grad_norm': 0.3090607821941376, 'learning_rate': 9.690305201615274e-05, 'epoch': 0.8}
{'loss': 2.8815, 'grad_norm': 0.2890349328517914, 'learning_rate': 9.678506963463801e-05, 'epoch': 0.8}
{'loss': 2.9977, 'grad_norm': 0.280498206615448, 'learning_rate': 9.666715142359334e-05, 'epoch': 0.8}
{'loss': 2.9866, 'grad_norm': 0.26941072940826416, 'learning_rate': 9.654929740178492e-05, 'epoch': 0.8}
{'loss': 2.902, 'grad_norm': 0.30148157477378845, 'learning_rate': 9.64315075879687e-05, 'epoch': 0.81}
{'loss': 2.8206, 'grad_norm': 0.2735973298549652, 'learning_rate': 9.63137820008908e-05, 'epoch': 0.81}
{'loss': 2.8224, 'grad_norm': 0.27361705899238586, 'learning_rate': 9.619612065928702e-05, 'epoch': 0.81}
{'loss': 2.9912, 'grad_norm': 0.2853008806705475, 'learning_rate': 9.607852358188246e-05, 'epoch': 0.81}
{'loss': 2.9392, 'grad_norm': 0.28609728813171387, 'learning_rate': 9.596099078739273e-05, 'epoch': 0.81}
{'loss': 2.8803, 'grad_norm': 0.31695523858070374, 'learning_rate': 9.584352229452247e-05, 'epoch': 0.81}
{'loss': 2.8256, 'grad_norm': 0.27083152532577515, 'learning_rate': 9.572611812196674e-05, 'epoch': 0.81}
{'loss': 2.7794, 'grad_norm': 0.29133525490760803, 'learning_rate': 9.560877828840997e-05, 'epoch': 0.81}
{'loss': 2.969, 'grad_norm': 0.28835389018058777, 'learning_rate': 9.549150281252633e-05, 'epoch': 0.81}
{'loss': 2.9153, 'grad_norm': 0.2669449746608734, 'learning_rate': 9.53742917129799e-05, 'epoch': 0.81}
{'loss': 2.8336, 'grad_norm': 0.2779991626739502, 'learning_rate': 9.52571450084247e-05, 'epoch': 0.81}
{'loss': 3.0371, 'grad_norm': 0.28788140416145325, 'learning_rate': 9.514006271750403e-05, 'epoch': 0.81}
{'loss': 2.6828, 'grad_norm': 0.2845383286476135, 'learning_rate': 9.502304485885138e-05, 'epoch': 0.81}
{'loss': 2.9957, 'grad_norm': 0.2915111780166626, 'learning_rate': 9.490609145108975e-05, 'epoch': 0.81}
{'loss': 2.8202, 'grad_norm': 0.2904544770717621, 'learning_rate': 9.478920251283169e-05, 'epoch': 0.81}
{'loss': 2.9839, 'grad_norm': 0.2839677333831787, 'learning_rate': 9.467237806268008e-05, 'epoch': 0.81}
{'loss': 2.9873, 'grad_norm': 0.27779629826545715, 'learning_rate': 9.455561811922698e-05, 'epoch': 0.81}
{'loss': 2.9257, 'grad_norm': 0.2861928641796112, 'learning_rate': 9.443892270105447e-05, 'epoch': 0.81}
{'loss': 2.9816, 'grad_norm': 0.29230454564094543, 'learning_rate': 9.432229182673419e-05, 'epoch': 0.81}
{'loss': 2.8089, 'grad_norm': 0.27635490894317627, 'learning_rate': 9.42057255148277e-05, 'epoch': 0.81}
{'loss': 2.8713, 'grad_norm': 0.2904065251350403, 'learning_rate': 9.408922378388624e-05, 'epoch': 0.81}
{'loss': 2.9091, 'grad_norm': 0.2928134799003601, 'learning_rate': 9.397278665245063e-05, 'epoch': 0.81}
{'loss': 2.8551, 'grad_norm': 0.3160304129123688, 'learning_rate': 9.385641413905138e-05, 'epoch': 0.81}
{'loss': 3.0863, 'grad_norm': 0.27672848105430603, 'learning_rate': 9.374010626220908e-05, 'epoch': 0.81}
{'loss': 2.9948, 'grad_norm': 0.3127344846725464, 'learning_rate': 9.362386304043368e-05, 'epoch': 0.81}
{'loss': 2.876, 'grad_norm': 0.2835550308227539, 'learning_rate': 9.35076844922248e-05, 'epoch': 0.81}
{'loss': 2.8887, 'grad_norm': 0.2751225531101227, 'learning_rate': 9.3391570636072e-05, 'epoch': 0.81}
{'loss': 2.8553, 'grad_norm': 0.2918775975704193, 'learning_rate': 9.327552149045454e-05, 'epoch': 0.81}
{'loss': 2.9692, 'grad_norm': 0.29418209195137024, 'learning_rate': 9.31595370738414e-05, 'epoch': 0.81}
{'loss': 2.8502, 'grad_norm': 0.3100988268852234, 'learning_rate': 9.304361740469102e-05, 'epoch': 0.81}
{'loss': 2.9524, 'grad_norm': 0.3042151927947998, 'learning_rate': 9.292776250145152e-05, 'epoch': 0.81}
{'loss': 3.0207, 'grad_norm': 0.29887157678604126, 'learning_rate': 9.281197238256117e-05, 'epoch': 0.81}
{'loss': 2.9425, 'grad_norm': 0.30009907484054565, 'learning_rate': 9.269624706644741e-05, 'epoch': 0.81}
{'loss': 3.0213, 'grad_norm': 0.28555741906166077, 'learning_rate': 9.258058657152762e-05, 'epoch': 0.81}
{'loss': 3.0206, 'grad_norm': 0.2883197069168091, 'learning_rate': 9.24649909162088e-05, 'epoch': 0.81}
{'loss': 2.8289, 'grad_norm': 0.2700325846672058, 'learning_rate': 9.234946011888783e-05, 'epoch': 0.81}
{'loss': 2.8828, 'grad_norm': 0.29953259229660034, 'learning_rate': 9.223399419795092e-05, 'epoch': 0.81}
{'loss': 3.0519, 'grad_norm': 0.29658254981040955, 'learning_rate': 9.211859317177429e-05, 'epoch': 0.81}
{'loss': 2.8383, 'grad_norm': 0.27550822496414185, 'learning_rate': 9.200325705872342e-05, 'epoch': 0.81}
{'loss': 2.9224, 'grad_norm': 0.3013077974319458, 'learning_rate': 9.188798587715403e-05, 'epoch': 0.81}
{'loss': 2.8842, 'grad_norm': 0.2961444854736328, 'learning_rate': 9.177277964541103e-05, 'epoch': 0.81}
{'loss': 2.9416, 'grad_norm': 0.2940504848957062, 'learning_rate': 9.165763838182905e-05, 'epoch': 0.81}
{'loss': 2.9193, 'grad_norm': 0.29879412055015564, 'learning_rate': 9.154256210473266e-05, 'epoch': 0.81}
{'loss': 2.9486, 'grad_norm': 0.30942243337631226, 'learning_rate': 9.142755083243575e-05, 'epoch': 0.81}
{'loss': 2.855, 'grad_norm': 0.27116072177886963, 'learning_rate': 9.131260458324215e-05, 'epoch': 0.81}
{'loss': 2.848, 'grad_norm': 0.2693405747413635, 'learning_rate': 9.119772337544524e-05, 'epoch': 0.81}
{'loss': 3.024, 'grad_norm': 0.2721094489097595, 'learning_rate': 9.108290722732798e-05, 'epoch': 0.81}
{'loss': 2.9928, 'grad_norm': 0.27277225255966187, 'learning_rate': 9.096815615716291e-05, 'epoch': 0.81}
{'loss': 2.959, 'grad_norm': 0.27740055322647095, 'learning_rate': 9.085347018321255e-05, 'epoch': 0.81}
{'loss': 2.8947, 'grad_norm': 0.26106828451156616, 'learning_rate': 9.073884932372856e-05, 'epoch': 0.81}
{'loss': 2.8859, 'grad_norm': 0.30178630352020264, 'learning_rate': 9.062429359695278e-05, 'epoch': 0.81}
{'loss': 2.8815, 'grad_norm': 0.30571693181991577, 'learning_rate': 9.050980302111622e-05, 'epoch': 0.81}
{'loss': 2.8532, 'grad_norm': 0.2844415605068207, 'learning_rate': 9.039537761443978e-05, 'epoch': 0.81}
{'loss': 2.8911, 'grad_norm': 0.2840098738670349, 'learning_rate': 9.028101739513405e-05, 'epoch': 0.81}
{'loss': 2.8471, 'grad_norm': 0.2931864857673645, 'learning_rate': 9.016672238139906e-05, 'epoch': 0.81}
{'loss': 2.9425, 'grad_norm': 0.3234456181526184, 'learning_rate': 9.005249259142434e-05, 'epoch': 0.81}
{'loss': 2.9612, 'grad_norm': 0.3239857256412506, 'learning_rate': 8.993832804338947e-05, 'epoch': 0.81}
{'loss': 2.8041, 'grad_norm': 0.33013224601745605, 'learning_rate': 8.982422875546332e-05, 'epoch': 0.81}
{'loss': 2.9481, 'grad_norm': 0.2774754464626312, 'learning_rate': 8.971019474580427e-05, 'epoch': 0.81}
{'loss': 2.8184, 'grad_norm': 0.2838640511035919, 'learning_rate': 8.959622603256074e-05, 'epoch': 0.81}
{'loss': 3.0433, 'grad_norm': 0.2887662947177887, 'learning_rate': 8.948232263387035e-05, 'epoch': 0.81}
{'loss': 3.0172, 'grad_norm': 0.3068072199821472, 'learning_rate': 8.936848456786079e-05, 'epoch': 0.81}
{'loss': 2.9936, 'grad_norm': 0.31975892186164856, 'learning_rate': 8.925471185264878e-05, 'epoch': 0.81}
{'loss': 3.0603, 'grad_norm': 0.27886006236076355, 'learning_rate': 8.914100450634089e-05, 'epoch': 0.81}
{'loss': 2.8501, 'grad_norm': 0.31166955828666687, 'learning_rate': 8.902736254703348e-05, 'epoch': 0.81}
{'loss': 3.0263, 'grad_norm': 0.3205583691596985, 'learning_rate': 8.89137859928123e-05, 'epoch': 0.81}
{'loss': 3.0048, 'grad_norm': 0.2931179404258728, 'learning_rate': 8.880027486175252e-05, 'epoch': 0.81}
{'loss': 2.927, 'grad_norm': 0.28776052594184875, 'learning_rate': 8.868682917191922e-05, 'epoch': 0.81}
{'loss': 2.9064, 'grad_norm': 0.28812655806541443, 'learning_rate': 8.857344894136715e-05, 'epoch': 0.81}
{'loss': 2.9577, 'grad_norm': 0.2915550768375397, 'learning_rate': 8.846013418814014e-05, 'epoch': 0.81}
{'loss': 2.8111, 'grad_norm': 0.27060192823410034, 'learning_rate': 8.834688493027215e-05, 'epoch': 0.81}
{'loss': 2.8767, 'grad_norm': 0.3040215075016022, 'learning_rate': 8.823370118578628e-05, 'epoch': 0.81}
{'loss': 2.7944, 'grad_norm': 0.3044012486934662, 'learning_rate': 8.812058297269554e-05, 'epoch': 0.81}
{'loss': 2.8996, 'grad_norm': 0.31034597754478455, 'learning_rate': 8.800753030900228e-05, 'epoch': 0.81}
{'loss': 2.9379, 'grad_norm': 0.31501778960227966, 'learning_rate': 8.789454321269836e-05, 'epoch': 0.81}
{'loss': 3.0546, 'grad_norm': 0.2965141534805298, 'learning_rate': 8.778162170176562e-05, 'epoch': 0.81}
{'loss': 2.8568, 'grad_norm': 0.3129527270793915, 'learning_rate': 8.766876579417493e-05, 'epoch': 0.81}
{'loss': 2.8533, 'grad_norm': 0.2762564718723297, 'learning_rate': 8.755597550788707e-05, 'epoch': 0.81}
{'loss': 2.9417, 'grad_norm': 0.28494587540626526, 'learning_rate': 8.744325086085247e-05, 'epoch': 0.81}
{'loss': 2.962, 'grad_norm': 0.29759588837623596, 'learning_rate': 8.733059187101072e-05, 'epoch': 0.81}
{'loss': 2.8319, 'grad_norm': 0.3851065933704376, 'learning_rate': 8.72179985562911e-05, 'epoch': 0.81}
{'loss': 2.8516, 'grad_norm': 0.3127743899822235, 'learning_rate': 8.710547093461274e-05, 'epoch': 0.81}
{'loss': 3.0316, 'grad_norm': 0.2765710651874542, 'learning_rate': 8.699300902388385e-05, 'epoch': 0.82}
{'loss': 3.1386, 'grad_norm': 0.2877412438392639, 'learning_rate': 8.688061284200266e-05, 'epoch': 0.82}
{'loss': 2.9246, 'grad_norm': 0.27215376496315, 'learning_rate': 8.676828240685636e-05, 'epoch': 0.82}
{'loss': 2.8988, 'grad_norm': 0.2972603142261505, 'learning_rate': 8.665601773632226e-05, 'epoch': 0.82}
{'loss': 2.835, 'grad_norm': 0.2938106656074524, 'learning_rate': 8.654381884826696e-05, 'epoch': 0.82}
{'loss': 2.9341, 'grad_norm': 0.2637017071247101, 'learning_rate': 8.643168576054655e-05, 'epoch': 0.82}
{'loss': 2.9106, 'grad_norm': 0.29678964614868164, 'learning_rate': 8.63196184910065e-05, 'epoch': 0.82}
{'loss': 2.9635, 'grad_norm': 0.297996461391449, 'learning_rate': 8.620761705748226e-05, 'epoch': 0.82}
{'loss': 3.0025, 'grad_norm': 0.2916750907897949, 'learning_rate': 8.60956814777984e-05, 'epoch': 0.82}
{'loss': 2.8931, 'grad_norm': 0.29590940475463867, 'learning_rate': 8.598381176976899e-05, 'epoch': 0.82}
{'loss': 2.9058, 'grad_norm': 0.29925692081451416, 'learning_rate': 8.587200795119792e-05, 'epoch': 0.82}
{'loss': 3.1452, 'grad_norm': 0.3309532701969147, 'learning_rate': 8.57602700398784e-05, 'epoch': 0.82}
{'loss': 2.8439, 'grad_norm': 0.28105035424232483, 'learning_rate': 8.564859805359343e-05, 'epoch': 0.82}
{'loss': 3.0211, 'grad_norm': 0.28594207763671875, 'learning_rate': 8.5536992010115e-05, 'epoch': 0.82}
{'loss': 2.8944, 'grad_norm': 0.2763579487800598, 'learning_rate': 8.542545192720485e-05, 'epoch': 0.82}
{'loss': 2.824, 'grad_norm': 0.2799748182296753, 'learning_rate': 8.531397782261447e-05, 'epoch': 0.82}
{'loss': 2.7804, 'grad_norm': 0.3134153187274933, 'learning_rate': 8.520256971408452e-05, 'epoch': 0.82}
{'loss': 2.8484, 'grad_norm': 0.29779618978500366, 'learning_rate': 8.509122761934518e-05, 'epoch': 0.82}
{'loss': 2.9985, 'grad_norm': 0.31723228096961975, 'learning_rate': 8.497995155611637e-05, 'epoch': 0.82}
{'loss': 2.8957, 'grad_norm': 0.2703183889389038, 'learning_rate': 8.486874154210722e-05, 'epoch': 0.82}
{'loss': 2.7403, 'grad_norm': 0.29056859016418457, 'learning_rate': 8.475759759501655e-05, 'epoch': 0.82}
{'loss': 2.946, 'grad_norm': 0.2933157980442047, 'learning_rate': 8.464651973253268e-05, 'epoch': 0.82}
{'loss': 2.9101, 'grad_norm': 0.2881130576133728, 'learning_rate': 8.453550797233317e-05, 'epoch': 0.82}
{'loss': 2.8364, 'grad_norm': 0.2924898564815521, 'learning_rate': 8.442456233208535e-05, 'epoch': 0.82}
{'loss': 2.8893, 'grad_norm': 0.310911625623703, 'learning_rate': 8.431368282944585e-05, 'epoch': 0.82}
{'loss': 3.0033, 'grad_norm': 0.2744535505771637, 'learning_rate': 8.420286948206063e-05, 'epoch': 0.82}
{'loss': 3.0006, 'grad_norm': 0.3013094961643219, 'learning_rate': 8.409212230756563e-05, 'epoch': 0.82}
{'loss': 2.9066, 'grad_norm': 0.27803051471710205, 'learning_rate': 8.39814413235856e-05, 'epoch': 0.82}
{'loss': 3.0882, 'grad_norm': 0.2613637149333954, 'learning_rate': 8.38708265477353e-05, 'epoch': 0.82}
{'loss': 2.9307, 'grad_norm': 0.2814094126224518, 'learning_rate': 8.376027799761882e-05, 'epoch': 0.82}
{'loss': 2.8982, 'grad_norm': 0.27824461460113525, 'learning_rate': 8.364979569082953e-05, 'epoch': 0.82}
{'loss': 2.8531, 'grad_norm': 0.29554784297943115, 'learning_rate': 8.353937964495028e-05, 'epoch': 0.82}
{'loss': 2.9662, 'grad_norm': 0.27716875076293945, 'learning_rate': 8.342902987755363e-05, 'epoch': 0.82}
{'loss': 2.9642, 'grad_norm': 0.29112759232521057, 'learning_rate': 8.331874640620119e-05, 'epoch': 0.82}
{'loss': 2.8428, 'grad_norm': 0.2870200276374817, 'learning_rate': 8.320852924844457e-05, 'epoch': 0.82}
{'loss': 2.8584, 'grad_norm': 0.29925328493118286, 'learning_rate': 8.309837842182416e-05, 'epoch': 0.82}
{'loss': 2.8864, 'grad_norm': 0.2966707944869995, 'learning_rate': 8.29882939438703e-05, 'epoch': 0.82}
{'loss': 3.0576, 'grad_norm': 0.2628832161426544, 'learning_rate': 8.287827583210278e-05, 'epoch': 0.82}
{'loss': 2.9908, 'grad_norm': 0.2847546935081482, 'learning_rate': 8.276832410403051e-05, 'epoch': 0.82}
{'loss': 2.7696, 'grad_norm': 0.2769748270511627, 'learning_rate': 8.265843877715184e-05, 'epoch': 0.82}
{'loss': 2.9432, 'grad_norm': 0.25703340768814087, 'learning_rate': 8.25486198689549e-05, 'epoch': 0.82}
{'loss': 2.9045, 'grad_norm': 0.28727954626083374, 'learning_rate': 8.243886739691703e-05, 'epoch': 0.82}
{'loss': 2.9823, 'grad_norm': 0.2880108058452606, 'learning_rate': 8.232918137850482e-05, 'epoch': 0.82}
{'loss': 2.7719, 'grad_norm': 0.3149828016757965, 'learning_rate': 8.221956183117462e-05, 'epoch': 0.82}
{'loss': 2.9176, 'grad_norm': 0.2851930260658264, 'learning_rate': 8.211000877237207e-05, 'epoch': 0.82}
{'loss': 2.9618, 'grad_norm': 0.2787245810031891, 'learning_rate': 8.200052221953231e-05, 'epoch': 0.82}
{'loss': 2.9598, 'grad_norm': 0.28578436374664307, 'learning_rate': 8.189110219007967e-05, 'epoch': 0.82}
{'loss': 2.8245, 'grad_norm': 0.28254634141921997, 'learning_rate': 8.178174870142796e-05, 'epoch': 0.82}
{'loss': 2.903, 'grad_norm': 0.277233362197876, 'learning_rate': 8.167246177098064e-05, 'epoch': 0.82}
{'loss': 2.8196, 'grad_norm': 0.27702197432518005, 'learning_rate': 8.156324141613036e-05, 'epoch': 0.82}
{'loss': 2.7683, 'grad_norm': 0.2717277407646179, 'learning_rate': 8.1454087654259e-05, 'epoch': 0.82}
{'loss': 2.9064, 'grad_norm': 0.2746638059616089, 'learning_rate': 8.134500050273841e-05, 'epoch': 0.82}
{'loss': 2.9751, 'grad_norm': 0.29412540793418884, 'learning_rate': 8.123597997892917e-05, 'epoch': 0.82}
{'loss': 2.8031, 'grad_norm': 0.3146650791168213, 'learning_rate': 8.112702610018175e-05, 'epoch': 0.82}
{'loss': 3.0329, 'grad_norm': 0.29079559445381165, 'learning_rate': 8.101813888383591e-05, 'epoch': 0.82}
{'loss': 2.807, 'grad_norm': 0.29671773314476013, 'learning_rate': 8.090931834722049e-05, 'epoch': 0.82}
{'loss': 2.9203, 'grad_norm': 0.30747923254966736, 'learning_rate': 8.080056450765427e-05, 'epoch': 0.82}
{'loss': 2.8312, 'grad_norm': 0.2779858410358429, 'learning_rate': 8.069187738244494e-05, 'epoch': 0.82}
{'loss': 2.9512, 'grad_norm': 0.2884465456008911, 'learning_rate': 8.058325698888952e-05, 'epoch': 0.82}
{'loss': 2.9499, 'grad_norm': 0.29080355167388916, 'learning_rate': 8.047470334427504e-05, 'epoch': 0.82}
{'loss': 2.9825, 'grad_norm': 0.29568585753440857, 'learning_rate': 8.036621646587716e-05, 'epoch': 0.82}
{'loss': 2.866, 'grad_norm': 0.3137587904930115, 'learning_rate': 8.025779637096136e-05, 'epoch': 0.82}
{'loss': 2.9775, 'grad_norm': 0.2795088291168213, 'learning_rate': 8.014944307678252e-05, 'epoch': 0.82}
{'loss': 3.0518, 'grad_norm': 0.2925191819667816, 'learning_rate': 8.004115660058458e-05, 'epoch': 0.82}
{'loss': 2.7544, 'grad_norm': 0.288661926984787, 'learning_rate': 7.993293695960102e-05, 'epoch': 0.82}
{'loss': 2.865, 'grad_norm': 0.2770046889781952, 'learning_rate': 7.982478417105476e-05, 'epoch': 0.82}
{'loss': 2.8328, 'grad_norm': 0.2756009101867676, 'learning_rate': 7.971669825215788e-05, 'epoch': 0.82}
{'loss': 2.9683, 'grad_norm': 0.26018860936164856, 'learning_rate': 7.960867922011211e-05, 'epoch': 0.82}
{'loss': 2.8866, 'grad_norm': 0.32512280344963074, 'learning_rate': 7.950072709210815e-05, 'epoch': 0.82}
{'loss': 2.9156, 'grad_norm': 0.26781830191612244, 'learning_rate': 7.939284188532636e-05, 'epoch': 0.82}
{'loss': 2.8972, 'grad_norm': 0.326284795999527, 'learning_rate': 7.928502361693652e-05, 'epoch': 0.82}
{'loss': 2.9699, 'grad_norm': 0.28138118982315063, 'learning_rate': 7.917727230409738e-05, 'epoch': 0.82}
{'loss': 2.8501, 'grad_norm': 0.28133559226989746, 'learning_rate': 7.906958796395725e-05, 'epoch': 0.82}
{'loss': 2.9034, 'grad_norm': 0.29554903507232666, 'learning_rate': 7.89619706136539e-05, 'epoch': 0.82}
{'loss': 2.9446, 'grad_norm': 0.3058026432991028, 'learning_rate': 7.885442027031425e-05, 'epoch': 0.82}
{'loss': 2.9417, 'grad_norm': 0.2572770118713379, 'learning_rate': 7.874693695105451e-05, 'epoch': 0.82}
{'loss': 2.9915, 'grad_norm': 0.31482791900634766, 'learning_rate': 7.863952067298042e-05, 'epoch': 0.82}
{'loss': 2.7571, 'grad_norm': 0.2698119580745697, 'learning_rate': 7.853217145318708e-05, 'epoch': 0.82}
{'loss': 2.8096, 'grad_norm': 0.2948656678199768, 'learning_rate': 7.842488930875863e-05, 'epoch': 0.82}
{'loss': 3.1777, 'grad_norm': 0.30365216732025146, 'learning_rate': 7.831767425676888e-05, 'epoch': 0.82}
{'loss': 2.9084, 'grad_norm': 0.2929370701313019, 'learning_rate': 7.821052631428061e-05, 'epoch': 0.82}
{'loss': 2.9773, 'grad_norm': 0.31659188866615295, 'learning_rate': 7.810344549834624e-05, 'epoch': 0.83}
{'loss': 2.7966, 'grad_norm': 0.29901984333992004, 'learning_rate': 7.799643182600736e-05, 'epoch': 0.83}
{'loss': 2.9063, 'grad_norm': 0.296590656042099, 'learning_rate': 7.788948531429468e-05, 'epoch': 0.83}
{'loss': 2.9014, 'grad_norm': 0.28700271248817444, 'learning_rate': 7.778260598022868e-05, 'epoch': 0.83}
{'loss': 2.8327, 'grad_norm': 0.27297839522361755, 'learning_rate': 7.767579384081869e-05, 'epoch': 0.83}
{'loss': 2.9472, 'grad_norm': 0.34156784415245056, 'learning_rate': 7.756904891306365e-05, 'epoch': 0.83}
{'loss': 2.8611, 'grad_norm': 0.2850048542022705, 'learning_rate': 7.746237121395183e-05, 'epoch': 0.83}
{'loss': 2.9807, 'grad_norm': 0.306914746761322, 'learning_rate': 7.735576076046036e-05, 'epoch': 0.83}
{'loss': 3.0239, 'grad_norm': 0.2890467941761017, 'learning_rate': 7.724921756955633e-05, 'epoch': 0.83}
{'loss': 3.0251, 'grad_norm': 0.3025546371936798, 'learning_rate': 7.714274165819557e-05, 'epoch': 0.83}
{'loss': 2.9953, 'grad_norm': 0.29681503772735596, 'learning_rate': 7.70363330433233e-05, 'epoch': 0.83}
{'loss': 2.8993, 'grad_norm': 0.2730105519294739, 'learning_rate': 7.692999174187442e-05, 'epoch': 0.83}
{'loss': 2.7393, 'grad_norm': 0.293621689081192, 'learning_rate': 7.682371777077257e-05, 'epoch': 0.83}
{'loss': 3.0639, 'grad_norm': 0.30585673451423645, 'learning_rate': 7.671751114693105e-05, 'epoch': 0.83}
{'loss': 2.9931, 'grad_norm': 0.2865121364593506, 'learning_rate': 7.661137188725248e-05, 'epoch': 0.83}
{'loss': 2.8169, 'grad_norm': 0.2864419221878052, 'learning_rate': 7.650530000862848e-05, 'epoch': 0.83}
{'loss': 2.9241, 'grad_norm': 0.2684939503669739, 'learning_rate': 7.639929552793995e-05, 'epoch': 0.83}
{'loss': 2.8745, 'grad_norm': 0.29085737466812134, 'learning_rate': 7.629335846205742e-05, 'epoch': 0.83}
{'loss': 2.9096, 'grad_norm': 0.28406643867492676, 'learning_rate': 7.61874888278402e-05, 'epoch': 0.83}
{'loss': 2.9466, 'grad_norm': 0.28065961599349976, 'learning_rate': 7.60816866421375e-05, 'epoch': 0.83}
{'loss': 2.9823, 'grad_norm': 0.30043214559555054, 'learning_rate': 7.597595192178702e-05, 'epoch': 0.83}
{'loss': 2.9701, 'grad_norm': 0.2831558585166931, 'learning_rate': 7.587028468361634e-05, 'epoch': 0.83}
{'loss': 2.9033, 'grad_norm': 0.31880074739456177, 'learning_rate': 7.576468494444222e-05, 'epoch': 0.83}
{'loss': 2.8584, 'grad_norm': 0.2930639982223511, 'learning_rate': 7.565915272107033e-05, 'epoch': 0.83}
{'loss': 2.7589, 'grad_norm': 0.2696593999862671, 'learning_rate': 7.555368803029584e-05, 'epoch': 0.83}
{'loss': 2.986, 'grad_norm': 0.30492329597473145, 'learning_rate': 7.544829088890326e-05, 'epoch': 0.83}
{'loss': 3.0212, 'grad_norm': 0.30213552713394165, 'learning_rate': 7.534296131366619e-05, 'epoch': 0.83}
{'loss': 2.995, 'grad_norm': 0.294092059135437, 'learning_rate': 7.523769932134738e-05, 'epoch': 0.83}
{'loss': 2.9608, 'grad_norm': 0.2588679790496826, 'learning_rate': 7.513250492869917e-05, 'epoch': 0.83}
{'loss': 2.9372, 'grad_norm': 0.2742297649383545, 'learning_rate': 7.502737815246274e-05, 'epoch': 0.83}
{'loss': 2.8044, 'grad_norm': 0.30546385049819946, 'learning_rate': 7.492231900936886e-05, 'epoch': 0.83}
{'loss': 3.1125, 'grad_norm': 0.3313768208026886, 'learning_rate': 7.48173275161374e-05, 'epoch': 0.83}
{'loss': 2.7514, 'grad_norm': 0.2977564036846161, 'learning_rate': 7.47124036894773e-05, 'epoch': 0.83}
{'loss': 2.8854, 'grad_norm': 0.2897346615791321, 'learning_rate': 7.460754754608706e-05, 'epoch': 0.83}
{'loss': 2.9612, 'grad_norm': 0.2749198377132416, 'learning_rate': 7.450275910265413e-05, 'epoch': 0.83}
{'loss': 2.9414, 'grad_norm': 0.29878944158554077, 'learning_rate': 7.439803837585524e-05, 'epoch': 0.83}
{'loss': 2.9682, 'grad_norm': 0.2844479978084564, 'learning_rate': 7.429338538235647e-05, 'epoch': 0.83}
{'loss': 2.85, 'grad_norm': 0.2923814654350281, 'learning_rate': 7.41888001388129e-05, 'epoch': 0.83}
{'loss': 2.9202, 'grad_norm': 0.3022547960281372, 'learning_rate': 7.408428266186912e-05, 'epoch': 0.83}
{'loss': 2.9807, 'grad_norm': 0.267311692237854, 'learning_rate': 7.397983296815874e-05, 'epoch': 0.83}
{'loss': 2.9738, 'grad_norm': 0.2740691900253296, 'learning_rate': 7.387545107430454e-05, 'epoch': 0.83}
{'loss': 2.8987, 'grad_norm': 0.28424251079559326, 'learning_rate': 7.377113699691878e-05, 'epoch': 0.83}
{'loss': 2.9787, 'grad_norm': 0.2821420133113861, 'learning_rate': 7.366689075260257e-05, 'epoch': 0.83}
{'loss': 2.924, 'grad_norm': 0.2913700044155121, 'learning_rate': 7.356271235794636e-05, 'epoch': 0.83}
{'loss': 2.8355, 'grad_norm': 0.3137272894382477, 'learning_rate': 7.345860182953002e-05, 'epoch': 0.83}
{'loss': 3.0089, 'grad_norm': 0.2634384334087372, 'learning_rate': 7.335455918392219e-05, 'epoch': 0.83}
{'loss': 3.0138, 'grad_norm': 0.2978207767009735, 'learning_rate': 7.325058443768106e-05, 'epoch': 0.83}
{'loss': 2.9035, 'grad_norm': 0.28912097215652466, 'learning_rate': 7.31466776073541e-05, 'epoch': 0.83}
{'loss': 2.8308, 'grad_norm': 0.28828638792037964, 'learning_rate': 7.304283870947748e-05, 'epoch': 0.83}
{'loss': 3.1087, 'grad_norm': 0.2911277115345001, 'learning_rate': 7.293906776057707e-05, 'epoch': 0.83}
{'loss': 2.9697, 'grad_norm': 0.2866164445877075, 'learning_rate': 7.283536477716762e-05, 'epoch': 0.83}
{'loss': 2.9783, 'grad_norm': 0.30052319169044495, 'learning_rate': 7.273172977575304e-05, 'epoch': 0.83}
{'loss': 2.9338, 'grad_norm': 0.30650490522384644, 'learning_rate': 7.26281627728268e-05, 'epoch': 0.83}
{'loss': 3.0041, 'grad_norm': 0.2956162691116333, 'learning_rate': 7.2524663784871e-05, 'epoch': 0.83}
{'loss': 2.7537, 'grad_norm': 0.2887929081916809, 'learning_rate': 7.24212328283575e-05, 'epoch': 0.83}
{'loss': 2.9985, 'grad_norm': 0.28941810131073, 'learning_rate': 7.23178699197467e-05, 'epoch': 0.83}
{'loss': 2.8643, 'grad_norm': 0.2999272346496582, 'learning_rate': 7.221457507548879e-05, 'epoch': 0.83}
{'loss': 2.8736, 'grad_norm': 0.27000856399536133, 'learning_rate': 7.211134831202259e-05, 'epoch': 0.83}
{'loss': 2.8434, 'grad_norm': 0.2833027243614197, 'learning_rate': 7.20081896457766e-05, 'epoch': 0.83}
{'loss': 2.8566, 'grad_norm': 0.30438777804374695, 'learning_rate': 7.190509909316801e-05, 'epoch': 0.83}
{'loss': 2.8311, 'grad_norm': 0.29683738946914673, 'learning_rate': 7.180207667060352e-05, 'epoch': 0.83}
{'loss': 2.9635, 'grad_norm': 0.29843971133232117, 'learning_rate': 7.16991223944788e-05, 'epoch': 0.83}
{'loss': 2.9048, 'grad_norm': 0.2711155116558075, 'learning_rate': 7.159623628117857e-05, 'epoch': 0.83}
{'loss': 2.9686, 'grad_norm': 0.30780738592147827, 'learning_rate': 7.1493418347077e-05, 'epoch': 0.83}
{'loss': 2.9851, 'grad_norm': 0.27129560708999634, 'learning_rate': 7.139066860853733e-05, 'epoch': 0.83}
{'loss': 2.6698, 'grad_norm': 0.2927086353302002, 'learning_rate': 7.12879870819117e-05, 'epoch': 0.83}
{'loss': 2.9368, 'grad_norm': 0.3412110209465027, 'learning_rate': 7.118537378354179e-05, 'epoch': 0.83}
{'loss': 2.7501, 'grad_norm': 0.28330737352371216, 'learning_rate': 7.108282872975807e-05, 'epoch': 0.83}
{'loss': 2.8512, 'grad_norm': 0.2787227928638458, 'learning_rate': 7.098035193688018e-05, 'epoch': 0.83}
{'loss': 2.9265, 'grad_norm': 0.2968074083328247, 'learning_rate': 7.087794342121723e-05, 'epoch': 0.83}
{'loss': 3.1436, 'grad_norm': 0.25609663128852844, 'learning_rate': 7.077560319906695e-05, 'epoch': 0.83}
{'loss': 2.9823, 'grad_norm': 0.28678953647613525, 'learning_rate': 7.06733312867167e-05, 'epoch': 0.83}
{'loss': 2.7987, 'grad_norm': 0.27623721957206726, 'learning_rate': 7.057112770044283e-05, 'epoch': 0.83}
{'loss': 2.879, 'grad_norm': 0.3093050718307495, 'learning_rate': 7.04689924565105e-05, 'epoch': 0.83}
{'loss': 2.8679, 'grad_norm': 0.29516956210136414, 'learning_rate': 7.036692557117447e-05, 'epoch': 0.83}
{'loss': 2.8252, 'grad_norm': 0.2853670120239258, 'learning_rate': 7.026492706067821e-05, 'epoch': 0.83}
{'loss': 2.7994, 'grad_norm': 0.2872101962566376, 'learning_rate': 7.01629969412545e-05, 'epoch': 0.83}
{'loss': 2.8425, 'grad_norm': 0.3079181909561157, 'learning_rate': 7.006113522912533e-05, 'epoch': 0.83}
{'loss': 3.0531, 'grad_norm': 0.28510770201683044, 'learning_rate': 6.995934194050147e-05, 'epoch': 0.83}
{'loss': 2.9916, 'grad_norm': 0.3060087263584137, 'learning_rate': 6.985761709158323e-05, 'epoch': 0.83}
{'loss': 2.7977, 'grad_norm': 0.2809979021549225, 'learning_rate': 6.975596069855983e-05, 'epoch': 0.83}
{'loss': 2.9134, 'grad_norm': 0.268252968788147, 'learning_rate': 6.965437277760945e-05, 'epoch': 0.84}
{'loss': 2.9924, 'grad_norm': 0.3113149404525757, 'learning_rate': 6.955285334489964e-05, 'epoch': 0.84}
{'loss': 3.0194, 'grad_norm': 0.29544031620025635, 'learning_rate': 6.945140241658688e-05, 'epoch': 0.84}
{'loss': 2.9288, 'grad_norm': 0.29970526695251465, 'learning_rate': 6.935002000881668e-05, 'epoch': 0.84}
{'loss': 2.9443, 'grad_norm': 0.2902659475803375, 'learning_rate': 6.924870613772388e-05, 'epoch': 0.84}
{'loss': 2.9469, 'grad_norm': 0.2833610475063324, 'learning_rate': 6.914746081943229e-05, 'epoch': 0.84}
{'loss': 2.8166, 'grad_norm': 0.2791672646999359, 'learning_rate': 6.904628407005459e-05, 'epoch': 0.84}
{'loss': 2.9909, 'grad_norm': 0.2971249520778656, 'learning_rate': 6.894517590569299e-05, 'epoch': 0.84}
{'loss': 2.896, 'grad_norm': 0.3267575204372406, 'learning_rate': 6.884413634243853e-05, 'epoch': 0.84}
{'loss': 2.9266, 'grad_norm': 0.2768309414386749, 'learning_rate': 6.874316539637127e-05, 'epoch': 0.84}
{'loss': 2.8718, 'grad_norm': 0.29633188247680664, 'learning_rate': 6.864226308356059e-05, 'epoch': 0.84}
{'loss': 2.9758, 'grad_norm': 0.2988935708999634, 'learning_rate': 6.854142942006452e-05, 'epoch': 0.84}
{'loss': 2.8088, 'grad_norm': 0.27825188636779785, 'learning_rate': 6.84406644219308e-05, 'epoch': 0.84}
{'loss': 2.7562, 'grad_norm': 0.2673386335372925, 'learning_rate': 6.833996810519571e-05, 'epoch': 0.84}
{'loss': 2.9589, 'grad_norm': 0.29111820459365845, 'learning_rate': 6.82393404858846e-05, 'epoch': 0.84}
{'loss': 2.9688, 'grad_norm': 0.29718974232673645, 'learning_rate': 6.813878158001225e-05, 'epoch': 0.84}
{'loss': 2.813, 'grad_norm': 0.27072280645370483, 'learning_rate': 6.803829140358236e-05, 'epoch': 0.84}
{'loss': 2.8673, 'grad_norm': 0.29372987151145935, 'learning_rate': 6.79378699725875e-05, 'epoch': 0.84}
{'loss': 2.9732, 'grad_norm': 0.2757740914821625, 'learning_rate': 6.783751730300963e-05, 'epoch': 0.84}
{'loss': 3.0159, 'grad_norm': 0.30584025382995605, 'learning_rate': 6.773723341081945e-05, 'epoch': 0.84}
{'loss': 2.8766, 'grad_norm': 0.30073997378349304, 'learning_rate': 6.763701831197678e-05, 'epoch': 0.84}
{'loss': 3.0568, 'grad_norm': 0.2994072437286377, 'learning_rate': 6.753687202243069e-05, 'epoch': 0.84}
{'loss': 2.8329, 'grad_norm': 0.2763386368751526, 'learning_rate': 6.743679455811907e-05, 'epoch': 0.84}
{'loss': 2.9494, 'grad_norm': 0.2686978578567505, 'learning_rate': 6.733678593496901e-05, 'epoch': 0.84}
{'loss': 3.083, 'grad_norm': 0.27547186613082886, 'learning_rate': 6.723684616889663e-05, 'epoch': 0.84}
{'loss': 2.9403, 'grad_norm': 0.28025883436203003, 'learning_rate': 6.713697527580697e-05, 'epoch': 0.84}
{'loss': 2.9143, 'grad_norm': 0.30473414063453674, 'learning_rate': 6.703717327159431e-05, 'epoch': 0.84}
{'loss': 2.8655, 'grad_norm': 0.29151418805122375, 'learning_rate': 6.693744017214171e-05, 'epoch': 0.84}
{'loss': 3.0144, 'grad_norm': 0.29764458537101746, 'learning_rate': 6.683777599332136e-05, 'epoch': 0.84}
{'loss': 2.8886, 'grad_norm': 0.2870728373527527, 'learning_rate': 6.673818075099475e-05, 'epoch': 0.84}
{'loss': 2.8292, 'grad_norm': 0.29995083808898926, 'learning_rate': 6.663865446101192e-05, 'epoch': 0.84}
{'loss': 2.9896, 'grad_norm': 0.28468719124794006, 'learning_rate': 6.653919713921237e-05, 'epoch': 0.84}
{'loss': 3.0043, 'grad_norm': 0.2979620099067688, 'learning_rate': 6.643980880142425e-05, 'epoch': 0.84}
{'loss': 2.957, 'grad_norm': 0.2849462032318115, 'learning_rate': 6.634048946346504e-05, 'epoch': 0.84}
{'loss': 2.8901, 'grad_norm': 0.2691003680229187, 'learning_rate': 6.624123914114122e-05, 'epoch': 0.84}
{'loss': 2.9162, 'grad_norm': 0.283509761095047, 'learning_rate': 6.614205785024813e-05, 'epoch': 0.84}
{'loss': 2.9602, 'grad_norm': 0.2740876376628876, 'learning_rate': 6.604294560656998e-05, 'epoch': 0.84}
{'loss': 2.8832, 'grad_norm': 0.26886308193206787, 'learning_rate': 6.594390242588044e-05, 'epoch': 0.84}
{'loss': 3.0178, 'grad_norm': 0.28056755661964417, 'learning_rate': 6.58449283239419e-05, 'epoch': 0.84}
{'loss': 2.9878, 'grad_norm': 0.2894333302974701, 'learning_rate': 6.574602331650559e-05, 'epoch': 0.84}
{'loss': 2.8906, 'grad_norm': 0.3012336492538452, 'learning_rate': 6.564718741931214e-05, 'epoch': 0.84}
{'loss': 2.9277, 'grad_norm': 0.3146526515483856, 'learning_rate': 6.554842064809103e-05, 'epoch': 0.84}
{'loss': 3.1556, 'grad_norm': 0.315788209438324, 'learning_rate': 6.54497230185605e-05, 'epoch': 0.84}
{'loss': 3.0001, 'grad_norm': 0.2898189127445221, 'learning_rate': 6.53510945464283e-05, 'epoch': 0.84}
{'loss': 3.0866, 'grad_norm': 0.30528950691223145, 'learning_rate': 6.52525352473905e-05, 'epoch': 0.84}
{'loss': 2.8661, 'grad_norm': 0.28289076685905457, 'learning_rate': 6.51540451371328e-05, 'epoch': 0.84}
{'loss': 3.0593, 'grad_norm': 0.28963446617126465, 'learning_rate': 6.505562423132954e-05, 'epoch': 0.84}
{'loss': 2.7805, 'grad_norm': 0.28341010212898254, 'learning_rate': 6.495727254564398e-05, 'epoch': 0.84}
{'loss': 2.9472, 'grad_norm': 0.2971442937850952, 'learning_rate': 6.48589900957286e-05, 'epoch': 0.84}
{'loss': 2.7758, 'grad_norm': 0.2829541265964508, 'learning_rate': 6.476077689722487e-05, 'epoch': 0.84}
{'loss': 3.0267, 'grad_norm': 0.2878872752189636, 'learning_rate': 6.466263296576297e-05, 'epoch': 0.84}
{'loss': 2.9079, 'grad_norm': 0.2818407416343689, 'learning_rate': 6.456455831696234e-05, 'epoch': 0.84}
{'loss': 2.9147, 'grad_norm': 0.28967681527137756, 'learning_rate': 6.446655296643122e-05, 'epoch': 0.84}
{'loss': 2.9309, 'grad_norm': 0.2772288918495178, 'learning_rate': 6.436861692976681e-05, 'epoch': 0.84}
{'loss': 2.8572, 'grad_norm': 0.3097897171974182, 'learning_rate': 6.427075022255546e-05, 'epoch': 0.84}
{'loss': 2.8983, 'grad_norm': 0.3029099702835083, 'learning_rate': 6.417295286037217e-05, 'epoch': 0.84}
{'loss': 2.9082, 'grad_norm': 0.278435617685318, 'learning_rate': 6.407522485878125e-05, 'epoch': 0.84}
{'loss': 2.9383, 'grad_norm': 0.27610349655151367, 'learning_rate': 6.397756623333595e-05, 'epoch': 0.84}
{'loss': 2.8924, 'grad_norm': 0.2717702388763428, 'learning_rate': 6.387997699957815e-05, 'epoch': 0.84}
{'loss': 3.0299, 'grad_norm': 0.2876182794570923, 'learning_rate': 6.378245717303899e-05, 'epoch': 0.84}
{'loss': 2.9491, 'grad_norm': 0.28726643323898315, 'learning_rate': 6.368500676923845e-05, 'epoch': 0.84}
{'loss': 2.9732, 'grad_norm': 0.2577967941761017, 'learning_rate': 6.358762580368532e-05, 'epoch': 0.84}
{'loss': 2.7655, 'grad_norm': 0.2896445393562317, 'learning_rate': 6.349031429187779e-05, 'epoch': 0.84}
{'loss': 2.9997, 'grad_norm': 0.2841695249080658, 'learning_rate': 6.339307224930252e-05, 'epoch': 0.84}
{'loss': 2.9074, 'grad_norm': 0.281341552734375, 'learning_rate': 6.329589969143517e-05, 'epoch': 0.84}
{'loss': 3.0648, 'grad_norm': 0.29314714670181274, 'learning_rate': 6.319879663374068e-05, 'epoch': 0.84}
{'loss': 2.7223, 'grad_norm': 0.27702218294143677, 'learning_rate': 6.310176309167259e-05, 'epoch': 0.84}
{'loss': 2.8383, 'grad_norm': 0.2835237383842468, 'learning_rate': 6.30047990806737e-05, 'epoch': 0.84}
{'loss': 3.0534, 'grad_norm': 0.2753470540046692, 'learning_rate': 6.290790461617534e-05, 'epoch': 0.84}
{'loss': 2.9471, 'grad_norm': 0.2870306670665741, 'learning_rate': 6.2811079713598e-05, 'epoch': 0.84}
{'loss': 3.0397, 'grad_norm': 0.2813735008239746, 'learning_rate': 6.271432438835123e-05, 'epoch': 0.84}
{'loss': 2.9056, 'grad_norm': 0.28122490644454956, 'learning_rate': 6.261763865583326e-05, 'epoch': 0.84}
{'loss': 2.9804, 'grad_norm': 0.28708353638648987, 'learning_rate': 6.252102253143121e-05, 'epoch': 0.84}
{'loss': 2.8851, 'grad_norm': 0.2910642623901367, 'learning_rate': 6.242447603052131e-05, 'epoch': 0.84}
{'loss': 2.8987, 'grad_norm': 0.2790001928806305, 'learning_rate': 6.232799916846887e-05, 'epoch': 0.84}
{'loss': 2.9488, 'grad_norm': 0.2906609773635864, 'learning_rate': 6.223159196062766e-05, 'epoch': 0.84}
{'loss': 2.8466, 'grad_norm': 0.27487289905548096, 'learning_rate': 6.213525442234075e-05, 'epoch': 0.84}
{'loss': 2.9147, 'grad_norm': 0.2987078130245209, 'learning_rate': 6.203898656893986e-05, 'epoch': 0.84}
{'loss': 2.8101, 'grad_norm': 0.303917795419693, 'learning_rate': 6.194278841574585e-05, 'epoch': 0.84}
{'loss': 2.9034, 'grad_norm': 0.2760014235973358, 'learning_rate': 6.184665997806832e-05, 'epoch': 0.84}
{'loss': 2.9962, 'grad_norm': 0.29358533024787903, 'learning_rate': 6.175060127120569e-05, 'epoch': 0.84}
{'loss': 2.971, 'grad_norm': 0.2867342233657837, 'learning_rate': 6.165461231044555e-05, 'epoch': 0.85}
{'loss': 3.038, 'grad_norm': 0.2747795879840851, 'learning_rate': 6.155869311106437e-05, 'epoch': 0.85}
{'loss': 3.0208, 'grad_norm': 0.27735188603401184, 'learning_rate': 6.146284368832722e-05, 'epoch': 0.85}
{'loss': 2.7789, 'grad_norm': 0.2912541627883911, 'learning_rate': 6.136706405748837e-05, 'epoch': 0.85}
{'loss': 2.9424, 'grad_norm': 0.28319063782691956, 'learning_rate': 6.127135423379088e-05, 'epoch': 0.85}
{'loss': 2.9304, 'grad_norm': 0.3145735263824463, 'learning_rate': 6.117571423246654e-05, 'epoch': 0.85}
{'loss': 2.9406, 'grad_norm': 0.3087318539619446, 'learning_rate': 6.108014406873636e-05, 'epoch': 0.85}
{'loss': 3.0408, 'grad_norm': 0.2773479223251343, 'learning_rate': 6.098464375780982e-05, 'epoch': 0.85}
{'loss': 3.084, 'grad_norm': 0.3010411858558655, 'learning_rate': 6.088921331488567e-05, 'epoch': 0.85}
{'loss': 2.8682, 'grad_norm': 0.28317511081695557, 'learning_rate': 6.079385275515153e-05, 'epoch': 0.85}
{'loss': 3.0444, 'grad_norm': 0.28850269317626953, 'learning_rate': 6.069856209378344e-05, 'epoch': 0.85}
{'loss': 3.0726, 'grad_norm': 0.27800166606903076, 'learning_rate': 6.060334134594686e-05, 'epoch': 0.85}
{'loss': 3.1236, 'grad_norm': 0.29461124539375305, 'learning_rate': 6.050819052679585e-05, 'epoch': 0.85}
{'loss': 3.056, 'grad_norm': 0.2900000810623169, 'learning_rate': 6.0413109651473176e-05, 'epoch': 0.85}
{'loss': 2.9284, 'grad_norm': 0.27776867151260376, 'learning_rate': 6.031809873511102e-05, 'epoch': 0.85}
{'loss': 2.8444, 'grad_norm': 0.27379798889160156, 'learning_rate': 6.0223157792829885e-05, 'epoch': 0.85}
{'loss': 2.9102, 'grad_norm': 0.3106606602668762, 'learning_rate': 6.0128286839739255e-05, 'epoch': 0.85}
{'loss': 2.8842, 'grad_norm': 0.2725711464881897, 'learning_rate': 6.0033485890937714e-05, 'epoch': 0.85}
{'loss': 3.0102, 'grad_norm': 0.30626073479652405, 'learning_rate': 5.9938754961512523e-05, 'epoch': 0.85}
{'loss': 2.8741, 'grad_norm': 0.2853572964668274, 'learning_rate': 5.98440940665399e-05, 'epoch': 0.85}
{'loss': 2.8445, 'grad_norm': 0.2862754166126251, 'learning_rate': 5.97495032210848e-05, 'epoch': 0.85}
{'loss': 2.6769, 'grad_norm': 0.2921295762062073, 'learning_rate': 5.965498244020096e-05, 'epoch': 0.85}
{'loss': 2.9278, 'grad_norm': 0.2719551622867584, 'learning_rate': 5.956053173893128e-05, 'epoch': 0.85}
{'loss': 3.0396, 'grad_norm': 0.2930372357368469, 'learning_rate': 5.9466151132307186e-05, 'epoch': 0.85}
{'loss': 2.9104, 'grad_norm': 0.2825218141078949, 'learning_rate': 5.937184063534901e-05, 'epoch': 0.85}
{'loss': 2.914, 'grad_norm': 0.28166624903678894, 'learning_rate': 5.9277600263066055e-05, 'epoch': 0.85}
{'loss': 2.9085, 'grad_norm': 0.2885861098766327, 'learning_rate': 5.918343003045656e-05, 'epoch': 0.85}
{'loss': 2.7305, 'grad_norm': 0.26800933480262756, 'learning_rate': 5.908932995250721e-05, 'epoch': 0.85}
{'loss': 2.9027, 'grad_norm': 0.29068341851234436, 'learning_rate': 5.899530004419396e-05, 'epoch': 0.85}
{'loss': 3.0942, 'grad_norm': 0.2963527739048004, 'learning_rate': 5.890134032048111e-05, 'epoch': 0.85}
{'loss': 2.9543, 'grad_norm': 0.2869627773761749, 'learning_rate': 5.880745079632244e-05, 'epoch': 0.85}
{'loss': 2.9508, 'grad_norm': 0.2724516689777374, 'learning_rate': 5.8713631486659925e-05, 'epoch': 0.85}
{'loss': 2.8388, 'grad_norm': 0.27268704771995544, 'learning_rate': 5.861988240642463e-05, 'epoch': 0.85}
{'loss': 2.7983, 'grad_norm': 0.27120909094810486, 'learning_rate': 5.852620357053651e-05, 'epoch': 0.85}
{'loss': 3.0955, 'grad_norm': 0.2763783037662506, 'learning_rate': 5.843259499390441e-05, 'epoch': 0.85}
{'loss': 2.8467, 'grad_norm': 0.24570655822753906, 'learning_rate': 5.8339056691425587e-05, 'epoch': 0.85}
{'loss': 2.7984, 'grad_norm': 0.2759276032447815, 'learning_rate': 5.824558867798668e-05, 'epoch': 0.85}
{'loss': 2.7454, 'grad_norm': 0.27597174048423767, 'learning_rate': 5.815219096846269e-05, 'epoch': 0.85}
{'loss': 2.9754, 'grad_norm': 0.29112812876701355, 'learning_rate': 5.80588635777175e-05, 'epoch': 0.85}
{'loss': 2.8225, 'grad_norm': 0.3278040289878845, 'learning_rate': 5.796560652060412e-05, 'epoch': 0.85}
{'loss': 2.9407, 'grad_norm': 0.24558410048484802, 'learning_rate': 5.787241981196384e-05, 'epoch': 0.85}
{'loss': 2.8343, 'grad_norm': 0.2847699820995331, 'learning_rate': 5.777930346662735e-05, 'epoch': 0.85}
{'loss': 2.8602, 'grad_norm': 0.2899368703365326, 'learning_rate': 5.768625749941364e-05, 'epoch': 0.85}
{'loss': 3.0452, 'grad_norm': 0.28445950150489807, 'learning_rate': 5.7593281925130745e-05, 'epoch': 0.85}
{'loss': 2.835, 'grad_norm': 0.269734650850296, 'learning_rate': 5.750037675857561e-05, 'epoch': 0.85}
{'loss': 2.9382, 'grad_norm': 0.28477421402931213, 'learning_rate': 5.740754201453363e-05, 'epoch': 0.85}
{'loss': 2.8444, 'grad_norm': 0.2740585505962372, 'learning_rate': 5.731477770777921e-05, 'epoch': 0.85}
{'loss': 2.9373, 'grad_norm': 0.28170496225357056, 'learning_rate': 5.722208385307559e-05, 'epoch': 0.85}
{'loss': 2.784, 'grad_norm': 0.35255539417266846, 'learning_rate': 5.71294604651747e-05, 'epoch': 0.85}
{'loss': 2.9228, 'grad_norm': 0.2707779109477997, 'learning_rate': 5.703690755881719e-05, 'epoch': 0.85}
{'loss': 2.9609, 'grad_norm': 0.2964197099208832, 'learning_rate': 5.69444251487326e-05, 'epoch': 0.85}
{'loss': 2.7666, 'grad_norm': 0.29685816168785095, 'learning_rate': 5.6852013249639345e-05, 'epoch': 0.85}
{'loss': 2.89, 'grad_norm': 0.2884441018104553, 'learning_rate': 5.675967187624454e-05, 'epoch': 0.85}
{'loss': 2.9192, 'grad_norm': 0.2814057767391205, 'learning_rate': 5.6667401043243914e-05, 'epoch': 0.85}
{'loss': 2.9596, 'grad_norm': 0.2906014323234558, 'learning_rate': 5.657520076532208e-05, 'epoch': 0.85}
{'loss': 2.827, 'grad_norm': 0.268655925989151, 'learning_rate': 5.6483071057152615e-05, 'epoch': 0.85}
{'loss': 2.9435, 'grad_norm': 0.2828993499279022, 'learning_rate': 5.639101193339752e-05, 'epoch': 0.85}
{'loss': 2.9554, 'grad_norm': 0.3091319799423218, 'learning_rate': 5.629902340870768e-05, 'epoch': 0.85}
{'loss': 2.9081, 'grad_norm': 0.2598664462566376, 'learning_rate': 5.6207105497722956e-05, 'epoch': 0.85}
{'loss': 2.9813, 'grad_norm': 0.2812937796115875, 'learning_rate': 5.611525821507185e-05, 'epoch': 0.85}
{'loss': 2.9689, 'grad_norm': 0.29312562942504883, 'learning_rate': 5.602348157537141e-05, 'epoch': 0.85}
{'loss': 2.8778, 'grad_norm': 0.2898268699645996, 'learning_rate': 5.593177559322776e-05, 'epoch': 0.85}
{'loss': 2.9805, 'grad_norm': 0.3172887861728668, 'learning_rate': 5.584014028323553e-05, 'epoch': 0.85}
{'loss': 2.8006, 'grad_norm': 0.3067803382873535, 'learning_rate': 5.5748575659978374e-05, 'epoch': 0.85}
{'loss': 2.9789, 'grad_norm': 0.29918527603149414, 'learning_rate': 5.5657081738028414e-05, 'epoch': 0.85}
{'loss': 2.9345, 'grad_norm': 0.30580049753189087, 'learning_rate': 5.5565658531946504e-05, 'epoch': 0.85}
{'loss': 2.8337, 'grad_norm': 0.2740212678909302, 'learning_rate': 5.547430605628256e-05, 'epoch': 0.85}
{'loss': 3.054, 'grad_norm': 0.2830072045326233, 'learning_rate': 5.5383024325575125e-05, 'epoch': 0.85}
{'loss': 2.9574, 'grad_norm': 0.2872985303401947, 'learning_rate': 5.529181335435124e-05, 'epoch': 0.85}
{'loss': 2.8618, 'grad_norm': 0.29567891359329224, 'learning_rate': 5.520067315712696e-05, 'epoch': 0.85}
{'loss': 3.0345, 'grad_norm': 0.305290162563324, 'learning_rate': 5.510960374840701e-05, 'epoch': 0.85}
{'loss': 2.9004, 'grad_norm': 0.283213347196579, 'learning_rate': 5.5018605142684695e-05, 'epoch': 0.85}
{'loss': 2.8172, 'grad_norm': 0.2811984419822693, 'learning_rate': 5.4927677354442315e-05, 'epoch': 0.85}
{'loss': 2.9187, 'grad_norm': 0.2923053205013275, 'learning_rate': 5.483682039815058e-05, 'epoch': 0.85}
{'loss': 2.9648, 'grad_norm': 0.2989221513271332, 'learning_rate': 5.4746034288269354e-05, 'epoch': 0.85}
{'loss': 2.7768, 'grad_norm': 0.28547239303588867, 'learning_rate': 5.46553190392467e-05, 'epoch': 0.85}
{'loss': 2.9073, 'grad_norm': 0.29711759090423584, 'learning_rate': 5.456467466551984e-05, 'epoch': 0.85}
{'loss': 2.9337, 'grad_norm': 0.30853256583213806, 'learning_rate': 5.447410118151464e-05, 'epoch': 0.85}
{'loss': 3.0379, 'grad_norm': 0.2816029489040375, 'learning_rate': 5.4383598601645544e-05, 'epoch': 0.85}
{'loss': 2.9185, 'grad_norm': 0.26745349168777466, 'learning_rate': 5.4293166940315606e-05, 'epoch': 0.85}
{'loss': 3.0023, 'grad_norm': 0.3226320445537567, 'learning_rate': 5.4202806211916976e-05, 'epoch': 0.85}
{'loss': 2.8869, 'grad_norm': 0.27950555086135864, 'learning_rate': 5.411251643083026e-05, 'epoch': 0.86}
{'loss': 2.9674, 'grad_norm': 0.31224676966667175, 'learning_rate': 5.402229761142463e-05, 'epoch': 0.86}
{'loss': 2.9982, 'grad_norm': 0.31262895464897156, 'learning_rate': 5.3932149768058325e-05, 'epoch': 0.86}
{'loss': 3.0619, 'grad_norm': 0.2998839020729065, 'learning_rate': 5.384207291507803e-05, 'epoch': 0.86}
{'loss': 2.9856, 'grad_norm': 0.29556360840797424, 'learning_rate': 5.3752067066819346e-05, 'epoch': 0.86}
{'loss': 2.9003, 'grad_norm': 0.27791088819503784, 'learning_rate': 5.36621322376063e-05, 'epoch': 0.86}
{'loss': 2.901, 'grad_norm': 0.2923697531223297, 'learning_rate': 5.3572268441751725e-05, 'epoch': 0.86}
{'loss': 2.8752, 'grad_norm': 0.27532321214675903, 'learning_rate': 5.3482475693557353e-05, 'epoch': 0.86}
{'loss': 2.9487, 'grad_norm': 0.2644917368888855, 'learning_rate': 5.3392754007313305e-05, 'epoch': 0.86}
{'loss': 3.0215, 'grad_norm': 0.2757934033870697, 'learning_rate': 5.330310339729849e-05, 'epoch': 0.86}
{'loss': 2.9651, 'grad_norm': 0.2706800699234009, 'learning_rate': 5.321352387778056e-05, 'epoch': 0.86}
{'loss': 2.9036, 'grad_norm': 0.29603031277656555, 'learning_rate': 5.312401546301587e-05, 'epoch': 0.86}
{'loss': 2.8873, 'grad_norm': 0.2627951204776764, 'learning_rate': 5.303457816724955e-05, 'epoch': 0.86}
{'loss': 2.9221, 'grad_norm': 0.3224439322948456, 'learning_rate': 5.2945212004715136e-05, 'epoch': 0.86}
{'loss': 2.929, 'grad_norm': 0.2819722890853882, 'learning_rate': 5.2855916989634935e-05, 'epoch': 0.86}
{'loss': 2.9239, 'grad_norm': 0.3116462528705597, 'learning_rate': 5.276669313622012e-05, 'epoch': 0.86}
{'loss': 2.8496, 'grad_norm': 0.28440502285957336, 'learning_rate': 5.267754045867035e-05, 'epoch': 0.86}
{'loss': 2.9653, 'grad_norm': 0.28114476799964905, 'learning_rate': 5.258845897117387e-05, 'epoch': 0.86}
{'loss': 2.9233, 'grad_norm': 0.2741037905216217, 'learning_rate': 5.2499448687908015e-05, 'epoch': 0.86}
{'loss': 3.182, 'grad_norm': 0.2657386064529419, 'learning_rate': 5.241050962303828e-05, 'epoch': 0.86}
{'loss': 3.0299, 'grad_norm': 0.25333136320114136, 'learning_rate': 5.232164179071913e-05, 'epoch': 0.86}
{'loss': 2.8669, 'grad_norm': 0.28117403388023376, 'learning_rate': 5.2232845205093696e-05, 'epoch': 0.86}
{'loss': 2.9043, 'grad_norm': 0.30267831683158875, 'learning_rate': 5.214411988029355e-05, 'epoch': 0.86}
{'loss': 2.9677, 'grad_norm': 0.29354047775268555, 'learning_rate': 5.205546583043924e-05, 'epoch': 0.86}
{'loss': 2.9954, 'grad_norm': 0.26094263792037964, 'learning_rate': 5.19668830696397e-05, 'epoch': 0.86}
{'loss': 2.8545, 'grad_norm': 0.3016093075275421, 'learning_rate': 5.1878371611992494e-05, 'epoch': 0.86}
{'loss': 2.9399, 'grad_norm': 0.3017096519470215, 'learning_rate': 5.1789931471584226e-05, 'epoch': 0.86}
{'loss': 2.9833, 'grad_norm': 0.31180086731910706, 'learning_rate': 5.17015626624896e-05, 'epoch': 0.86}
{'loss': 2.8888, 'grad_norm': 0.27967843413352966, 'learning_rate': 5.161326519877241e-05, 'epoch': 0.86}
{'loss': 2.8748, 'grad_norm': 0.3319217264652252, 'learning_rate': 5.1525039094485027e-05, 'epoch': 0.86}
{'loss': 2.9908, 'grad_norm': 0.2930227518081665, 'learning_rate': 5.143688436366828e-05, 'epoch': 0.86}
{'loss': 2.9065, 'grad_norm': 0.27646106481552124, 'learning_rate': 5.134880102035161e-05, 'epoch': 0.86}
{'loss': 3.044, 'grad_norm': 0.3233729898929596, 'learning_rate': 5.1260789078553414e-05, 'epoch': 0.86}
{'loss': 2.9447, 'grad_norm': 0.30055537819862366, 'learning_rate': 5.117284855228038e-05, 'epoch': 0.86}
{'loss': 2.8789, 'grad_norm': 0.25132450461387634, 'learning_rate': 5.1084979455528145e-05, 'epoch': 0.86}
{'loss': 2.9369, 'grad_norm': 0.27333933115005493, 'learning_rate': 5.0997181802280634e-05, 'epoch': 0.86}
{'loss': 2.9125, 'grad_norm': 0.2954197824001312, 'learning_rate': 5.0909455606510726e-05, 'epoch': 0.86}
{'loss': 2.8857, 'grad_norm': 0.31210857629776, 'learning_rate': 5.08218008821798e-05, 'epoch': 0.86}
{'loss': 2.878, 'grad_norm': 0.2798542380332947, 'learning_rate': 5.073421764323777e-05, 'epoch': 0.86}
{'loss': 2.7989, 'grad_norm': 0.27872249484062195, 'learning_rate': 5.064670590362325e-05, 'epoch': 0.86}
{'loss': 2.8094, 'grad_norm': 0.27996015548706055, 'learning_rate': 5.055926567726354e-05, 'epoch': 0.86}
{'loss': 2.967, 'grad_norm': 0.30775880813598633, 'learning_rate': 5.047189697807447e-05, 'epoch': 0.86}
{'loss': 2.9028, 'grad_norm': 0.2943953275680542, 'learning_rate': 5.0384599819960354e-05, 'epoch': 0.86}
{'loss': 3.0572, 'grad_norm': 0.2920551896095276, 'learning_rate': 5.029737421681446e-05, 'epoch': 0.86}
{'loss': 2.9343, 'grad_norm': 0.2837940454483032, 'learning_rate': 5.0210220182518474e-05, 'epoch': 0.86}
{'loss': 2.8925, 'grad_norm': 0.2965956926345825, 'learning_rate': 5.0123137730942734e-05, 'epoch': 0.86}
{'loss': 2.8364, 'grad_norm': 0.2943594455718994, 'learning_rate': 5.0036126875946056e-05, 'epoch': 0.86}
{'loss': 2.9805, 'grad_norm': 0.2895875573158264, 'learning_rate': 4.994918763137596e-05, 'epoch': 0.86}
{'loss': 2.8698, 'grad_norm': 0.28887975215911865, 'learning_rate': 4.9862320011068715e-05, 'epoch': 0.86}
{'loss': 2.9526, 'grad_norm': 0.3206806480884552, 'learning_rate': 4.977552402884894e-05, 'epoch': 0.86}
{'loss': 2.8687, 'grad_norm': 0.2999759316444397, 'learning_rate': 4.968879969852985e-05, 'epoch': 0.86}
{'loss': 2.9586, 'grad_norm': 0.2898556590080261, 'learning_rate': 4.960214703391358e-05, 'epoch': 0.86}
{'loss': 2.787, 'grad_norm': 0.2768084406852722, 'learning_rate': 4.9515566048790485e-05, 'epoch': 0.86}
{'loss': 2.8554, 'grad_norm': 0.26783159375190735, 'learning_rate': 4.942905675693971e-05, 'epoch': 0.86}
{'loss': 2.8449, 'grad_norm': 0.2980191111564636, 'learning_rate': 4.9342619172129065e-05, 'epoch': 0.86}
{'loss': 2.9839, 'grad_norm': 0.2667750418186188, 'learning_rate': 4.9256253308114675e-05, 'epoch': 0.86}
{'loss': 2.9161, 'grad_norm': 0.29654988646507263, 'learning_rate': 4.9169959178641586e-05, 'epoch': 0.86}
{'loss': 3.0063, 'grad_norm': 0.2868380546569824, 'learning_rate': 4.908373679744316e-05, 'epoch': 0.86}
{'loss': 2.9258, 'grad_norm': 0.2824954390525818, 'learning_rate': 4.899758617824135e-05, 'epoch': 0.86}
{'loss': 3.0233, 'grad_norm': 0.30054160952568054, 'learning_rate': 4.8911507334746974e-05, 'epoch': 0.86}
{'loss': 2.8769, 'grad_norm': 0.30579420924186707, 'learning_rate': 4.882550028065896e-05, 'epoch': 0.86}
{'loss': 3.022, 'grad_norm': 0.27534809708595276, 'learning_rate': 4.873956502966531e-05, 'epoch': 0.86}
{'loss': 2.9269, 'grad_norm': 0.29062336683273315, 'learning_rate': 4.865370159544236e-05, 'epoch': 0.86}
{'loss': 2.9267, 'grad_norm': 0.2638704478740692, 'learning_rate': 4.856790999165489e-05, 'epoch': 0.86}
{'loss': 3.0339, 'grad_norm': 0.3352391719818115, 'learning_rate': 4.8482190231956436e-05, 'epoch': 0.86}
{'loss': 2.9521, 'grad_norm': 0.2792215645313263, 'learning_rate': 4.839654232998908e-05, 'epoch': 0.86}
{'loss': 2.978, 'grad_norm': 0.28068289160728455, 'learning_rate': 4.8310966299383306e-05, 'epoch': 0.86}
{'loss': 3.0602, 'grad_norm': 0.2795112431049347, 'learning_rate': 4.8225462153758507e-05, 'epoch': 0.86}
{'loss': 2.9894, 'grad_norm': 0.259866327047348, 'learning_rate': 4.814002990672223e-05, 'epoch': 0.86}
{'loss': 2.8425, 'grad_norm': 0.3017047643661499, 'learning_rate': 4.8054669571870765e-05, 'epoch': 0.86}
{'loss': 2.8974, 'grad_norm': 0.28806281089782715, 'learning_rate': 4.7969381162789205e-05, 'epoch': 0.86}
{'loss': 2.9812, 'grad_norm': 0.28844669461250305, 'learning_rate': 4.788416469305068e-05, 'epoch': 0.86}
{'loss': 2.9458, 'grad_norm': 0.28908368945121765, 'learning_rate': 4.779902017621718e-05, 'epoch': 0.86}
{'loss': 2.9139, 'grad_norm': 0.3135397732257843, 'learning_rate': 4.771394762583936e-05, 'epoch': 0.86}
{'loss': 2.8309, 'grad_norm': 0.27706339955329895, 'learning_rate': 4.762894705545617e-05, 'epoch': 0.86}
{'loss': 2.9663, 'grad_norm': 0.27954983711242676, 'learning_rate': 4.7544018478595076e-05, 'epoch': 0.86}
{'loss': 2.88, 'grad_norm': 0.29830509424209595, 'learning_rate': 4.745916190877237e-05, 'epoch': 0.86}
{'loss': 2.793, 'grad_norm': 0.320080041885376, 'learning_rate': 4.737437735949262e-05, 'epoch': 0.86}
{'loss': 2.9625, 'grad_norm': 0.3120676279067993, 'learning_rate': 4.7289664844249126e-05, 'epoch': 0.86}
{'loss': 2.9332, 'grad_norm': 0.29570332169532776, 'learning_rate': 4.720502437652369e-05, 'epoch': 0.86}
{'loss': 2.8653, 'grad_norm': 0.25063949823379517, 'learning_rate': 4.7120455969786426e-05, 'epoch': 0.86}
{'loss': 2.9451, 'grad_norm': 0.3052416145801544, 'learning_rate': 4.703595963749635e-05, 'epoch': 0.86}
{'loss': 2.9753, 'grad_norm': 0.32971736788749695, 'learning_rate': 4.6951535393100654e-05, 'epoch': 0.87}
{'loss': 2.8749, 'grad_norm': 0.29171597957611084, 'learning_rate': 4.686718325003514e-05, 'epoch': 0.87}
{'loss': 3.1068, 'grad_norm': 0.3011702597141266, 'learning_rate': 4.67829032217244e-05, 'epoch': 0.87}
{'loss': 2.8869, 'grad_norm': 0.2754618227481842, 'learning_rate': 4.669869532158116e-05, 'epoch': 0.87}
{'loss': 2.9134, 'grad_norm': 0.2793203592300415, 'learning_rate': 4.661455956300698e-05, 'epoch': 0.87}
{'loss': 2.9099, 'grad_norm': 0.2744259536266327, 'learning_rate': 4.6530495959391906e-05, 'epoch': 0.87}
{'loss': 2.9961, 'grad_norm': 0.28971734642982483, 'learning_rate': 4.644650452411414e-05, 'epoch': 0.87}
{'loss': 2.9098, 'grad_norm': 0.29315441846847534, 'learning_rate': 4.636258527054099e-05, 'epoch': 0.87}
{'loss': 2.9987, 'grad_norm': 0.27630892395973206, 'learning_rate': 4.627873821202777e-05, 'epoch': 0.87}
{'loss': 3.0404, 'grad_norm': 0.31368041038513184, 'learning_rate': 4.6194963361918475e-05, 'epoch': 0.87}
{'loss': 2.8413, 'grad_norm': 0.28198787569999695, 'learning_rate': 4.6111260733545715e-05, 'epoch': 0.87}
{'loss': 2.962, 'grad_norm': 0.2725185453891754, 'learning_rate': 4.602763034023044e-05, 'epoch': 0.87}
{'loss': 2.9304, 'grad_norm': 0.2906751334667206, 'learning_rate': 4.594407219528218e-05, 'epoch': 0.87}
{'loss': 2.9026, 'grad_norm': 0.29204240441322327, 'learning_rate': 4.586058631199913e-05, 'epoch': 0.87}
{'loss': 2.9815, 'grad_norm': 0.2821662425994873, 'learning_rate': 4.577717270366766e-05, 'epoch': 0.87}
{'loss': 2.8757, 'grad_norm': 0.2690182030200958, 'learning_rate': 4.5693831383562754e-05, 'epoch': 0.87}
{'loss': 2.8249, 'grad_norm': 0.26166674494743347, 'learning_rate': 4.5610562364948146e-05, 'epoch': 0.87}
{'loss': 3.0162, 'grad_norm': 0.3024083375930786, 'learning_rate': 4.5527365661075623e-05, 'epoch': 0.87}
{'loss': 2.881, 'grad_norm': 0.3021714687347412, 'learning_rate': 4.544424128518593e-05, 'epoch': 0.87}
{'loss': 2.8341, 'grad_norm': 0.2757728397846222, 'learning_rate': 4.5361189250507865e-05, 'epoch': 0.87}
{'loss': 2.8881, 'grad_norm': 0.2664327919483185, 'learning_rate': 4.527820957025891e-05, 'epoch': 0.87}
{'loss': 2.9701, 'grad_norm': 0.3008328676223755, 'learning_rate': 4.519530225764529e-05, 'epoch': 0.87}
{'loss': 2.884, 'grad_norm': 0.30168911814689636, 'learning_rate': 4.5112467325861275e-05, 'epoch': 0.87}
{'loss': 2.9195, 'grad_norm': 0.26845526695251465, 'learning_rate': 4.502970478808971e-05, 'epoch': 0.87}
{'loss': 2.9925, 'grad_norm': 0.3061371445655823, 'learning_rate': 4.494701465750217e-05, 'epoch': 0.87}
{'loss': 2.9822, 'grad_norm': 0.3264046013355255, 'learning_rate': 4.486439694725858e-05, 'epoch': 0.87}
{'loss': 2.8784, 'grad_norm': 0.2699257731437683, 'learning_rate': 4.478185167050708e-05, 'epoch': 0.87}
{'loss': 3.029, 'grad_norm': 0.27748212218284607, 'learning_rate': 4.469937884038472e-05, 'epoch': 0.87}
{'loss': 2.8607, 'grad_norm': 0.28308477997779846, 'learning_rate': 4.461697847001667e-05, 'epoch': 0.87}
{'loss': 2.9848, 'grad_norm': 0.2690350115299225, 'learning_rate': 4.4534650572516714e-05, 'epoch': 0.87}
{'loss': 2.9602, 'grad_norm': 0.26912155747413635, 'learning_rate': 4.4452395160987314e-05, 'epoch': 0.87}
{'loss': 2.9411, 'grad_norm': 0.3263085186481476, 'learning_rate': 4.4370212248518894e-05, 'epoch': 0.87}
{'loss': 2.9221, 'grad_norm': 0.2880568206310272, 'learning_rate': 4.428810184819082e-05, 'epoch': 0.87}
{'loss': 2.8235, 'grad_norm': 0.3005170226097107, 'learning_rate': 4.4206063973070646e-05, 'epoch': 0.87}
{'loss': 2.9633, 'grad_norm': 0.27760377526283264, 'learning_rate': 4.412409863621436e-05, 'epoch': 0.87}
{'loss': 2.8634, 'grad_norm': 0.3009019196033478, 'learning_rate': 4.404220585066671e-05, 'epoch': 0.87}
{'loss': 2.8519, 'grad_norm': 0.2993530035018921, 'learning_rate': 4.396038562946047e-05, 'epoch': 0.87}
{'loss': 2.9158, 'grad_norm': 0.2727741003036499, 'learning_rate': 4.387863798561725e-05, 'epoch': 0.87}
{'loss': 2.9248, 'grad_norm': 0.2859061658382416, 'learning_rate': 4.379696293214697e-05, 'epoch': 0.87}
{'loss': 2.8425, 'grad_norm': 0.2838488817214966, 'learning_rate': 4.3715360482047774e-05, 'epoch': 0.87}
{'loss': 3.0712, 'grad_norm': 0.31040412187576294, 'learning_rate': 4.363383064830667e-05, 'epoch': 0.87}
{'loss': 2.9674, 'grad_norm': 0.27926671504974365, 'learning_rate': 4.355237344389878e-05, 'epoch': 0.87}
{'loss': 2.8562, 'grad_norm': 0.2816302478313446, 'learning_rate': 4.34709888817878e-05, 'epoch': 0.87}
{'loss': 2.871, 'grad_norm': 0.28143176436424255, 'learning_rate': 4.338967697492585e-05, 'epoch': 0.87}
{'loss': 2.9607, 'grad_norm': 0.31000077724456787, 'learning_rate': 4.3308437736253426e-05, 'epoch': 0.87}
{'loss': 2.9071, 'grad_norm': 0.3085942566394806, 'learning_rate': 4.322727117869951e-05, 'epoch': 0.87}
{'loss': 2.9291, 'grad_norm': 0.27781230211257935, 'learning_rate': 4.3146177315181665e-05, 'epoch': 0.87}
{'loss': 2.9106, 'grad_norm': 0.32239437103271484, 'learning_rate': 4.306515615860568e-05, 'epoch': 0.87}
{'loss': 2.9117, 'grad_norm': 0.2949892580509186, 'learning_rate': 4.298420772186573e-05, 'epoch': 0.87}
{'loss': 2.8986, 'grad_norm': 0.2776608467102051, 'learning_rate': 4.2903332017844633e-05, 'epoch': 0.87}
{'loss': 2.9154, 'grad_norm': 0.2971419095993042, 'learning_rate': 4.2822529059413416e-05, 'epoch': 0.87}
{'loss': 2.9582, 'grad_norm': 0.2805154621601105, 'learning_rate': 4.27417988594318e-05, 'epoch': 0.87}
{'loss': 2.9452, 'grad_norm': 0.31294992566108704, 'learning_rate': 4.266114143074751e-05, 'epoch': 0.87}
{'loss': 3.0543, 'grad_norm': 0.3176664710044861, 'learning_rate': 4.258055678619721e-05, 'epoch': 0.87}
{'loss': 2.879, 'grad_norm': 0.31512558460235596, 'learning_rate': 4.2500044938605486e-05, 'epoch': 0.87}
{'loss': 2.8557, 'grad_norm': 0.26126471161842346, 'learning_rate': 4.241960590078575e-05, 'epoch': 0.87}
{'loss': 3.0057, 'grad_norm': 0.29776135087013245, 'learning_rate': 4.233923968553943e-05, 'epoch': 0.87}
{'loss': 2.8878, 'grad_norm': 0.2799898087978363, 'learning_rate': 4.22589463056568e-05, 'epoch': 0.87}
{'loss': 2.7726, 'grad_norm': 0.2724381387233734, 'learning_rate': 4.217872577391618e-05, 'epoch': 0.87}
{'loss': 2.8797, 'grad_norm': 0.29362866282463074, 'learning_rate': 4.2098578103084374e-05, 'epoch': 0.87}
{'loss': 2.8659, 'grad_norm': 0.29190340638160706, 'learning_rate': 4.2018503305916777e-05, 'epoch': 0.87}
{'loss': 2.8398, 'grad_norm': 0.2866635024547577, 'learning_rate': 4.193850139515698e-05, 'epoch': 0.87}
{'loss': 2.8794, 'grad_norm': 0.28762689232826233, 'learning_rate': 4.185857238353708e-05, 'epoch': 0.87}
{'loss': 2.7501, 'grad_norm': 0.2752458155155182, 'learning_rate': 4.1778716283777604e-05, 'epoch': 0.87}
{'loss': 2.8272, 'grad_norm': 0.28209900856018066, 'learning_rate': 4.1698933108587244e-05, 'epoch': 0.87}
{'loss': 2.8717, 'grad_norm': 0.3372715711593628, 'learning_rate': 4.1619222870663496e-05, 'epoch': 0.87}
{'loss': 2.9258, 'grad_norm': 0.2647610902786255, 'learning_rate': 4.1539585582691884e-05, 'epoch': 0.87}
{'loss': 2.922, 'grad_norm': 0.29242396354675293, 'learning_rate': 4.1460021257346326e-05, 'epoch': 0.87}
{'loss': 2.9895, 'grad_norm': 0.2979351580142975, 'learning_rate': 4.138052990728947e-05, 'epoch': 0.87}
{'loss': 2.8695, 'grad_norm': 0.29780903458595276, 'learning_rate': 4.130111154517197e-05, 'epoch': 0.87}
{'loss': 2.8704, 'grad_norm': 0.29556354880332947, 'learning_rate': 4.122176618363305e-05, 'epoch': 0.87}
{'loss': 2.9317, 'grad_norm': 0.304914265871048, 'learning_rate': 4.1142493835300445e-05, 'epoch': 0.87}
{'loss': 3.0376, 'grad_norm': 0.3113059103488922, 'learning_rate': 4.10632945127899e-05, 'epoch': 0.87}
{'loss': 2.9369, 'grad_norm': 0.2867286205291748, 'learning_rate': 4.098416822870593e-05, 'epoch': 0.87}
{'loss': 3.0263, 'grad_norm': 0.27263879776000977, 'learning_rate': 4.09051149956412e-05, 'epoch': 0.87}
{'loss': 2.8384, 'grad_norm': 0.29485902190208435, 'learning_rate': 4.082613482617664e-05, 'epoch': 0.87}
{'loss': 2.7727, 'grad_norm': 0.26385483145713806, 'learning_rate': 4.074722773288198e-05, 'epoch': 0.87}
{'loss': 2.9694, 'grad_norm': 0.26903659105300903, 'learning_rate': 4.066839372831477e-05, 'epoch': 0.87}
{'loss': 2.957, 'grad_norm': 0.28299975395202637, 'learning_rate': 4.058963282502143e-05, 'epoch': 0.87}
{'loss': 2.8951, 'grad_norm': 0.28113240003585815, 'learning_rate': 4.051094503553648e-05, 'epoch': 0.87}
{'loss': 2.9883, 'grad_norm': 0.27459195256233215, 'learning_rate': 4.043233037238281e-05, 'epoch': 0.87}
{'loss': 3.0736, 'grad_norm': 0.30530762672424316, 'learning_rate': 4.035378884807167e-05, 'epoch': 0.88}
{'loss': 2.9966, 'grad_norm': 0.28118953108787537, 'learning_rate': 4.027532047510285e-05, 'epoch': 0.88}
{'loss': 2.7885, 'grad_norm': 0.2939659059047699, 'learning_rate': 4.019692526596419e-05, 'epoch': 0.88}
{'loss': 2.8868, 'grad_norm': 0.26303279399871826, 'learning_rate': 4.011860323313221e-05, 'epoch': 0.88}
{'loss': 2.9397, 'grad_norm': 0.28888848423957825, 'learning_rate': 4.004035438907161e-05, 'epoch': 0.88}
{'loss': 2.825, 'grad_norm': 0.28537946939468384, 'learning_rate': 3.996217874623531e-05, 'epoch': 0.88}
{'loss': 2.9734, 'grad_norm': 0.2908415198326111, 'learning_rate': 3.988407631706481e-05, 'epoch': 0.88}
{'loss': 2.9417, 'grad_norm': 0.29624345898628235, 'learning_rate': 3.980604711399005e-05, 'epoch': 0.88}
{'loss': 2.84, 'grad_norm': 0.28350892663002014, 'learning_rate': 3.972809114942888e-05, 'epoch': 0.88}
{'loss': 2.7742, 'grad_norm': 0.2812577486038208, 'learning_rate': 3.965020843578804e-05, 'epoch': 0.88}
{'loss': 2.966, 'grad_norm': 0.2617272734642029, 'learning_rate': 3.957239898546211e-05, 'epoch': 0.88}
{'loss': 2.8802, 'grad_norm': 0.28807443380355835, 'learning_rate': 3.9494662810834306e-05, 'epoch': 0.88}
{'loss': 2.8493, 'grad_norm': 0.2825179398059845, 'learning_rate': 3.941699992427616e-05, 'epoch': 0.88}
{'loss': 2.9412, 'grad_norm': 0.29340773820877075, 'learning_rate': 3.933941033814736e-05, 'epoch': 0.88}
{'loss': 2.9142, 'grad_norm': 0.2769891619682312, 'learning_rate': 3.926189406479613e-05, 'epoch': 0.88}
{'loss': 2.9695, 'grad_norm': 0.3187911808490753, 'learning_rate': 3.91844511165591e-05, 'epoch': 0.88}
{'loss': 2.8651, 'grad_norm': 0.2750508189201355, 'learning_rate': 3.9107081505760925e-05, 'epoch': 0.88}
{'loss': 3.0327, 'grad_norm': 0.311011403799057, 'learning_rate': 3.902978524471479e-05, 'epoch': 0.88}
{'loss': 2.8844, 'grad_norm': 0.297285795211792, 'learning_rate': 3.895256234572225e-05, 'epoch': 0.88}
{'loss': 3.1011, 'grad_norm': 0.32223212718963623, 'learning_rate': 3.8875412821072875e-05, 'epoch': 0.88}
{'loss': 3.0811, 'grad_norm': 0.2999744713306427, 'learning_rate': 3.8798336683045054e-05, 'epoch': 0.88}
{'loss': 2.824, 'grad_norm': 0.2618063986301422, 'learning_rate': 3.8721333943904977e-05, 'epoch': 0.88}
{'loss': 3.0879, 'grad_norm': 0.29705119132995605, 'learning_rate': 3.864440461590757e-05, 'epoch': 0.88}
{'loss': 2.8089, 'grad_norm': 0.2785358130931854, 'learning_rate': 3.8567548711295976e-05, 'epoch': 0.88}
{'loss': 3.0598, 'grad_norm': 0.2991509735584259, 'learning_rate': 3.849076624230136e-05, 'epoch': 0.88}
{'loss': 2.8923, 'grad_norm': 0.3047497570514679, 'learning_rate': 3.8414057221143604e-05, 'epoch': 0.88}
{'loss': 3.0576, 'grad_norm': 0.3079112470149994, 'learning_rate': 3.833742166003073e-05, 'epoch': 0.88}
{'loss': 2.967, 'grad_norm': 0.2789335548877716, 'learning_rate': 3.8260859571158876e-05, 'epoch': 0.88}
{'loss': 2.8801, 'grad_norm': 0.28258636593818665, 'learning_rate': 3.81843709667129e-05, 'epoch': 0.88}
{'loss': 2.9677, 'grad_norm': 0.25009995698928833, 'learning_rate': 3.810795585886551e-05, 'epoch': 0.88}
{'loss': 2.9824, 'grad_norm': 0.2778247892856598, 'learning_rate': 3.803161425977819e-05, 'epoch': 0.88}
{'loss': 2.9587, 'grad_norm': 0.2848246693611145, 'learning_rate': 3.795534618160024e-05, 'epoch': 0.88}
{'loss': 2.925, 'grad_norm': 0.27420344948768616, 'learning_rate': 3.7879151636469766e-05, 'epoch': 0.88}
{'loss': 2.8333, 'grad_norm': 0.2843058407306671, 'learning_rate': 3.780303063651264e-05, 'epoch': 0.88}
{'loss': 2.9077, 'grad_norm': 0.30009251832962036, 'learning_rate': 3.772698319384349e-05, 'epoch': 0.88}
{'loss': 2.8387, 'grad_norm': 0.2909751236438751, 'learning_rate': 3.7651009320564864e-05, 'epoch': 0.88}
{'loss': 3.1043, 'grad_norm': 0.28555962443351746, 'learning_rate': 3.757510902876799e-05, 'epoch': 0.88}
{'loss': 2.8823, 'grad_norm': 0.2762725055217743, 'learning_rate': 3.749928233053207e-05, 'epoch': 0.88}
{'loss': 2.9547, 'grad_norm': 0.2979606091976166, 'learning_rate': 3.7423529237924634e-05, 'epoch': 0.88}
{'loss': 2.816, 'grad_norm': 0.2976720929145813, 'learning_rate': 3.734784976300165e-05, 'epoch': 0.88}
{'loss': 3.0686, 'grad_norm': 0.28879794478416443, 'learning_rate': 3.727224391780732e-05, 'epoch': 0.88}
{'loss': 3.1189, 'grad_norm': 0.27996134757995605, 'learning_rate': 3.7196711714373946e-05, 'epoch': 0.88}
{'loss': 2.9739, 'grad_norm': 0.25742673873901367, 'learning_rate': 3.712125316472242e-05, 'epoch': 0.88}
{'loss': 2.9892, 'grad_norm': 0.26945456862449646, 'learning_rate': 3.704586828086171e-05, 'epoch': 0.88}
{'loss': 2.9644, 'grad_norm': 0.29267826676368713, 'learning_rate': 3.6970557074788913e-05, 'epoch': 0.88}
{'loss': 3.0128, 'grad_norm': 0.29328790307044983, 'learning_rate': 3.6895319558489904e-05, 'epoch': 0.88}
{'loss': 2.9408, 'grad_norm': 0.2900926172733307, 'learning_rate': 3.682015574393821e-05, 'epoch': 0.88}
{'loss': 2.8904, 'grad_norm': 0.28412356972694397, 'learning_rate': 3.674506564309604e-05, 'epoch': 0.88}
{'loss': 2.8519, 'grad_norm': 0.2870956063270569, 'learning_rate': 3.667004926791395e-05, 'epoch': 0.88}
{'loss': 2.8949, 'grad_norm': 0.29175037145614624, 'learning_rate': 3.6595106630330275e-05, 'epoch': 0.88}
{'loss': 2.8653, 'grad_norm': 0.3085620403289795, 'learning_rate': 3.652023774227215e-05, 'epoch': 0.88}
{'loss': 2.8146, 'grad_norm': 0.28145334124565125, 'learning_rate': 3.644544261565463e-05, 'epoch': 0.88}
{'loss': 2.8954, 'grad_norm': 0.2766001224517822, 'learning_rate': 3.637072126238106e-05, 'epoch': 0.88}
{'loss': 2.864, 'grad_norm': 0.307064950466156, 'learning_rate': 3.6296073694343345e-05, 'epoch': 0.88}
{'loss': 2.9123, 'grad_norm': 0.2794516384601593, 'learning_rate': 3.6221499923421166e-05, 'epoch': 0.88}
{'loss': 2.862, 'grad_norm': 0.30024105310440063, 'learning_rate': 3.614699996148285e-05, 'epoch': 0.88}
{'loss': 2.9398, 'grad_norm': 0.307220458984375, 'learning_rate': 3.607257382038492e-05, 'epoch': 0.88}
{'loss': 2.943, 'grad_norm': 0.29529285430908203, 'learning_rate': 3.599822151197196e-05, 'epoch': 0.88}
{'loss': 2.8666, 'grad_norm': 0.294842004776001, 'learning_rate': 3.5923943048077056e-05, 'epoch': 0.88}
{'loss': 3.042, 'grad_norm': 0.28398481011390686, 'learning_rate': 3.584973844052125e-05, 'epoch': 0.88}
{'loss': 2.9544, 'grad_norm': 0.29849809408187866, 'learning_rate': 3.577560770111404e-05, 'epoch': 0.88}
{'loss': 2.9161, 'grad_norm': 0.2728811204433441, 'learning_rate': 3.5701550841653164e-05, 'epoch': 0.88}
{'loss': 2.9135, 'grad_norm': 0.26754358410835266, 'learning_rate': 3.5627567873924516e-05, 'epoch': 0.88}
{'loss': 2.945, 'grad_norm': 0.2995925545692444, 'learning_rate': 3.555365880970218e-05, 'epoch': 0.88}
{'loss': 2.7681, 'grad_norm': 0.28506335616111755, 'learning_rate': 3.54798236607487e-05, 'epoch': 0.88}
{'loss': 2.8174, 'grad_norm': 0.2761108875274658, 'learning_rate': 3.540606243881461e-05, 'epoch': 0.88}
{'loss': 2.9668, 'grad_norm': 0.26152315735816956, 'learning_rate': 3.5332375155638976e-05, 'epoch': 0.88}
{'loss': 3.006, 'grad_norm': 0.2934836745262146, 'learning_rate': 3.5258761822948794e-05, 'epoch': 0.88}
{'loss': 2.9227, 'grad_norm': 0.30503278970718384, 'learning_rate': 3.518522245245936e-05, 'epoch': 0.88}
{'loss': 2.9488, 'grad_norm': 0.2734120488166809, 'learning_rate': 3.5111757055874326e-05, 'epoch': 0.88}
{'loss': 2.7878, 'grad_norm': 0.2831232249736786, 'learning_rate': 3.5038365644885496e-05, 'epoch': 0.88}
{'loss': 2.9949, 'grad_norm': 0.2797928750514984, 'learning_rate': 3.49650482311728e-05, 'epoch': 0.88}
{'loss': 2.8205, 'grad_norm': 0.2774144411087036, 'learning_rate': 3.4891804826404525e-05, 'epoch': 0.88}
{'loss': 2.8301, 'grad_norm': 0.2993086278438568, 'learning_rate': 3.481863544223723e-05, 'epoch': 0.88}
{'loss': 3.0575, 'grad_norm': 0.2740294635295868, 'learning_rate': 3.474554009031555e-05, 'epoch': 0.88}
{'loss': 2.946, 'grad_norm': 0.28436747193336487, 'learning_rate': 3.46725187822724e-05, 'epoch': 0.88}
{'loss': 2.8592, 'grad_norm': 0.3009357750415802, 'learning_rate': 3.459957152972887e-05, 'epoch': 0.88}
{'loss': 2.8869, 'grad_norm': 0.2718829810619354, 'learning_rate': 3.4526698344294394e-05, 'epoch': 0.88}
{'loss': 3.0721, 'grad_norm': 0.33059433102607727, 'learning_rate': 3.445389923756648e-05, 'epoch': 0.88}
{'loss': 3.0402, 'grad_norm': 0.31000006198883057, 'learning_rate': 3.4381174221130796e-05, 'epoch': 0.88}
{'loss': 2.8479, 'grad_norm': 0.2908509075641632, 'learning_rate': 3.430852330656137e-05, 'epoch': 0.88}
{'loss': 2.9749, 'grad_norm': 0.296246200799942, 'learning_rate': 3.42359465054205e-05, 'epoch': 0.89}
{'loss': 2.8828, 'grad_norm': 0.26532238721847534, 'learning_rate': 3.41634438292584e-05, 'epoch': 0.89}
{'loss': 2.9418, 'grad_norm': 0.28913435339927673, 'learning_rate': 3.409101528961378e-05, 'epoch': 0.89}
{'loss': 3.0556, 'grad_norm': 0.2821067273616791, 'learning_rate': 3.401866089801342e-05, 'epoch': 0.89}
{'loss': 3.051, 'grad_norm': 0.2993175685405731, 'learning_rate': 3.3946380665972224e-05, 'epoch': 0.89}
{'loss': 3.0267, 'grad_norm': 0.29907360672950745, 'learning_rate': 3.387417460499342e-05, 'epoch': 0.89}
{'loss': 2.9066, 'grad_norm': 0.30496010184288025, 'learning_rate': 3.38020427265684e-05, 'epoch': 0.89}
{'loss': 3.1413, 'grad_norm': 0.2833443284034729, 'learning_rate': 3.372998504217667e-05, 'epoch': 0.89}
{'loss': 2.9817, 'grad_norm': 0.2977687120437622, 'learning_rate': 3.365800156328619e-05, 'epoch': 0.89}
{'loss': 2.8896, 'grad_norm': 0.2883729338645935, 'learning_rate': 3.358609230135268e-05, 'epoch': 0.89}
{'loss': 2.9908, 'grad_norm': 0.3129265308380127, 'learning_rate': 3.3514257267820536e-05, 'epoch': 0.89}
{'loss': 3.0574, 'grad_norm': 0.29533135890960693, 'learning_rate': 3.3442496474121894e-05, 'epoch': 0.89}
{'loss': 2.9389, 'grad_norm': 0.3073655664920807, 'learning_rate': 3.3370809931677296e-05, 'epoch': 0.89}
{'loss': 2.9513, 'grad_norm': 0.2773287892341614, 'learning_rate': 3.329919765189554e-05, 'epoch': 0.89}
{'loss': 2.9405, 'grad_norm': 0.3467886447906494, 'learning_rate': 3.322765964617347e-05, 'epoch': 0.89}
{'loss': 2.9719, 'grad_norm': 0.2591765522956848, 'learning_rate': 3.3156195925896023e-05, 'epoch': 0.89}
{'loss': 2.9175, 'grad_norm': 0.2781873941421509, 'learning_rate': 3.3084806502436616e-05, 'epoch': 0.89}
{'loss': 2.8218, 'grad_norm': 0.27658772468566895, 'learning_rate': 3.3013491387156534e-05, 'epoch': 0.89}
{'loss': 2.8199, 'grad_norm': 0.31209543347358704, 'learning_rate': 3.294225059140554e-05, 'epoch': 0.89}
{'loss': 2.9004, 'grad_norm': 0.30543583631515503, 'learning_rate': 3.287108412652129e-05, 'epoch': 0.89}
{'loss': 2.8843, 'grad_norm': 0.293694406747818, 'learning_rate': 3.279999200382966e-05, 'epoch': 0.89}
{'loss': 2.9742, 'grad_norm': 0.3213677406311035, 'learning_rate': 3.2728974234644884e-05, 'epoch': 0.89}
{'loss': 3.0195, 'grad_norm': 0.2893357276916504, 'learning_rate': 3.2658030830269135e-05, 'epoch': 0.89}
{'loss': 2.8614, 'grad_norm': 0.27803874015808105, 'learning_rate': 3.258716180199278e-05, 'epoch': 0.89}
{'loss': 2.9304, 'grad_norm': 0.27531516551971436, 'learning_rate': 3.2516367161094576e-05, 'epoch': 0.89}
{'loss': 2.8357, 'grad_norm': 0.28304946422576904, 'learning_rate': 3.244564691884122e-05, 'epoch': 0.89}
{'loss': 2.8511, 'grad_norm': 0.28773537278175354, 'learning_rate': 3.2375001086487556e-05, 'epoch': 0.89}
{'loss': 2.8026, 'grad_norm': 0.28494739532470703, 'learning_rate': 3.2304429675276805e-05, 'epoch': 0.89}
{'loss': 2.9054, 'grad_norm': 0.28293082118034363, 'learning_rate': 3.2233932696440095e-05, 'epoch': 0.89}
{'loss': 2.8482, 'grad_norm': 0.2766844928264618, 'learning_rate': 3.216351016119684e-05, 'epoch': 0.89}
{'loss': 3.0722, 'grad_norm': 0.2918552756309509, 'learning_rate': 3.209316208075463e-05, 'epoch': 0.89}
{'loss': 2.753, 'grad_norm': 0.27389106154441833, 'learning_rate': 3.202288846630902e-05, 'epoch': 0.89}
{'loss': 2.8358, 'grad_norm': 0.2817145586013794, 'learning_rate': 3.195268932904394e-05, 'epoch': 0.89}
{'loss': 3.0248, 'grad_norm': 0.2959659993648529, 'learning_rate': 3.18825646801314e-05, 'epoch': 0.89}
{'loss': 2.8003, 'grad_norm': 0.2781447470188141, 'learning_rate': 3.181251453073147e-05, 'epoch': 0.89}
{'loss': 2.8928, 'grad_norm': 0.28150537610054016, 'learning_rate': 3.174253889199252e-05, 'epoch': 0.89}
{'loss': 2.8727, 'grad_norm': 0.32521364092826843, 'learning_rate': 3.1672637775050915e-05, 'epoch': 0.89}
{'loss': 2.8663, 'grad_norm': 0.3152414858341217, 'learning_rate': 3.160281119103109e-05, 'epoch': 0.89}
{'loss': 2.9231, 'grad_norm': 0.3057750463485718, 'learning_rate': 3.153305915104593e-05, 'epoch': 0.89}
{'loss': 3.0109, 'grad_norm': 0.26627376675605774, 'learning_rate': 3.146338166619611e-05, 'epoch': 0.89}
{'loss': 2.9948, 'grad_norm': 0.30401501059532166, 'learning_rate': 3.1393778747570765e-05, 'epoch': 0.89}
{'loss': 2.9694, 'grad_norm': 0.2917875051498413, 'learning_rate': 3.1324250406246865e-05, 'epoch': 0.89}
{'loss': 2.8711, 'grad_norm': 0.2861921787261963, 'learning_rate': 3.125479665328962e-05, 'epoch': 0.89}
{'loss': 2.9681, 'grad_norm': 0.2927721440792084, 'learning_rate': 3.1185417499752564e-05, 'epoch': 0.89}
{'loss': 2.9506, 'grad_norm': 0.3203548789024353, 'learning_rate': 3.1116112956677044e-05, 'epoch': 0.89}
{'loss': 2.8357, 'grad_norm': 0.26452210545539856, 'learning_rate': 3.104688303509262e-05, 'epoch': 0.89}
{'loss': 2.9441, 'grad_norm': 0.30467912554740906, 'learning_rate': 3.09777277460172e-05, 'epoch': 0.89}
{'loss': 2.9969, 'grad_norm': 0.29783570766448975, 'learning_rate': 3.09086471004566e-05, 'epoch': 0.89}
{'loss': 2.8593, 'grad_norm': 0.2923879027366638, 'learning_rate': 3.0839641109404626e-05, 'epoch': 0.89}
{'loss': 2.9904, 'grad_norm': 0.27990996837615967, 'learning_rate': 3.07707097838435e-05, 'epoch': 0.89}
{'loss': 2.9875, 'grad_norm': 0.29282346367836, 'learning_rate': 3.07018531347435e-05, 'epoch': 0.89}
{'loss': 3.01, 'grad_norm': 0.31320902705192566, 'learning_rate': 3.0633071173062964e-05, 'epoch': 0.89}
{'loss': 2.9466, 'grad_norm': 0.30115318298339844, 'learning_rate': 3.056436390974826e-05, 'epoch': 0.89}
{'loss': 2.894, 'grad_norm': 0.2700432240962982, 'learning_rate': 3.0495731355733914e-05, 'epoch': 0.89}
{'loss': 3.0119, 'grad_norm': 0.25249895453453064, 'learning_rate': 3.042717352194274e-05, 'epoch': 0.89}
{'loss': 2.928, 'grad_norm': 0.2844414710998535, 'learning_rate': 3.0358690419285406e-05, 'epoch': 0.89}
{'loss': 2.9034, 'grad_norm': 0.2647300362586975, 'learning_rate': 3.0290282058660746e-05, 'epoch': 0.89}
{'loss': 2.889, 'grad_norm': 0.26837971806526184, 'learning_rate': 3.022194845095583e-05, 'epoch': 0.89}
{'loss': 3.0893, 'grad_norm': 0.2900465428829193, 'learning_rate': 3.0153689607045842e-05, 'epoch': 0.89}
{'loss': 3.0634, 'grad_norm': 0.2880578637123108, 'learning_rate': 3.0085505537793767e-05, 'epoch': 0.89}
{'loss': 3.0655, 'grad_norm': 0.32589027285575867, 'learning_rate': 3.0017396254051087e-05, 'epoch': 0.89}
{'loss': 2.8385, 'grad_norm': 0.2871973216533661, 'learning_rate': 2.9949361766657023e-05, 'epoch': 0.89}
{'loss': 2.8845, 'grad_norm': 0.30965566635131836, 'learning_rate': 2.9881402086439303e-05, 'epoch': 0.89}
{'loss': 2.7626, 'grad_norm': 0.2847358286380768, 'learning_rate': 2.9813517224213272e-05, 'epoch': 0.89}
{'loss': 2.9909, 'grad_norm': 0.27287426590919495, 'learning_rate': 2.9745707190782677e-05, 'epoch': 0.89}
{'loss': 2.7869, 'grad_norm': 0.28847038745880127, 'learning_rate': 2.967797199693928e-05, 'epoch': 0.89}
{'loss': 2.9124, 'grad_norm': 0.28572091460227966, 'learning_rate': 2.9610311653463063e-05, 'epoch': 0.89}
{'loss': 2.8672, 'grad_norm': 0.3137662708759308, 'learning_rate': 2.954272617112175e-05, 'epoch': 0.89}
{'loss': 2.9567, 'grad_norm': 0.2589539587497711, 'learning_rate': 2.947521556067162e-05, 'epoch': 0.89}
{'loss': 2.9134, 'grad_norm': 0.2993435263633728, 'learning_rate': 2.940777983285664e-05, 'epoch': 0.89}
{'loss': 2.892, 'grad_norm': 0.2574056386947632, 'learning_rate': 2.9340418998408947e-05, 'epoch': 0.89}
{'loss': 2.9992, 'grad_norm': 0.28435301780700684, 'learning_rate': 2.9273133068048963e-05, 'epoch': 0.89}
{'loss': 2.9088, 'grad_norm': 0.2933484613895416, 'learning_rate': 2.9205922052484958e-05, 'epoch': 0.89}
{'loss': 2.9811, 'grad_norm': 0.2917267084121704, 'learning_rate': 2.913878596241343e-05, 'epoch': 0.89}
{'loss': 2.9458, 'grad_norm': 0.2512626647949219, 'learning_rate': 2.9071724808518773e-05, 'epoch': 0.89}
{'loss': 3.0457, 'grad_norm': 0.28781837224960327, 'learning_rate': 2.9004738601473624e-05, 'epoch': 0.89}
{'loss': 2.9908, 'grad_norm': 0.3159901797771454, 'learning_rate': 2.8937827351938784e-05, 'epoch': 0.89}
{'loss': 3.1271, 'grad_norm': 0.3103950023651123, 'learning_rate': 2.8870991070562904e-05, 'epoch': 0.89}
{'loss': 3.0448, 'grad_norm': 0.28596049547195435, 'learning_rate': 2.8804229767982636e-05, 'epoch': 0.89}
{'loss': 2.9739, 'grad_norm': 0.273083359003067, 'learning_rate': 2.873754345482299e-05, 'epoch': 0.89}
{'loss': 2.9607, 'grad_norm': 0.29297661781311035, 'learning_rate': 2.8670932141696914e-05, 'epoch': 0.89}
{'loss': 2.9858, 'grad_norm': 0.2759045362472534, 'learning_rate': 2.860439583920521e-05, 'epoch': 0.9}
{'loss': 2.9832, 'grad_norm': 0.29258567094802856, 'learning_rate': 2.853793455793713e-05, 'epoch': 0.9}
{'loss': 2.9104, 'grad_norm': 0.29014280438423157, 'learning_rate': 2.847154830846971e-05, 'epoch': 0.9}
{'loss': 2.8937, 'grad_norm': 0.2879863381385803, 'learning_rate': 2.8405237101368277e-05, 'epoch': 0.9}
{'loss': 2.8263, 'grad_norm': 0.26464778184890747, 'learning_rate': 2.833900094718589e-05, 'epoch': 0.9}
{'loss': 2.9671, 'grad_norm': 0.3066353499889374, 'learning_rate': 2.8272839856463783e-05, 'epoch': 0.9}
{'loss': 2.9566, 'grad_norm': 0.26521220803260803, 'learning_rate': 2.8206753839731537e-05, 'epoch': 0.9}
{'loss': 2.9757, 'grad_norm': 0.28261035680770874, 'learning_rate': 2.8140742907506402e-05, 'epoch': 0.9}
{'loss': 2.8887, 'grad_norm': 0.30733731389045715, 'learning_rate': 2.8074807070293696e-05, 'epoch': 0.9}
{'loss': 2.9489, 'grad_norm': 0.2989743649959564, 'learning_rate': 2.8008946338587138e-05, 'epoch': 0.9}
{'loss': 2.8582, 'grad_norm': 0.31790801882743835, 'learning_rate': 2.7943160722868177e-05, 'epoch': 0.9}
{'loss': 2.9796, 'grad_norm': 0.26690199971199036, 'learning_rate': 2.7877450233606383e-05, 'epoch': 0.9}
{'loss': 3.0248, 'grad_norm': 0.28327301144599915, 'learning_rate': 2.78118148812595e-05, 'epoch': 0.9}
{'loss': 2.9256, 'grad_norm': 0.3222252428531647, 'learning_rate': 2.774625467627301e-05, 'epoch': 0.9}
{'loss': 2.8032, 'grad_norm': 0.280936598777771, 'learning_rate': 2.768076962908078e-05, 'epoch': 0.9}
{'loss': 2.8354, 'grad_norm': 0.2977808117866516, 'learning_rate': 2.761535975010454e-05, 'epoch': 0.9}
{'loss': 2.7999, 'grad_norm': 0.31462788581848145, 'learning_rate': 2.755002504975401e-05, 'epoch': 0.9}
{'loss': 2.9816, 'grad_norm': 0.2944002151489258, 'learning_rate': 2.7484765538427104e-05, 'epoch': 0.9}
{'loss': 2.9994, 'grad_norm': 0.28449615836143494, 'learning_rate': 2.7419581226509504e-05, 'epoch': 0.9}
{'loss': 2.7983, 'grad_norm': 0.29460373520851135, 'learning_rate': 2.7354472124375306e-05, 'epoch': 0.9}
{'loss': 2.9131, 'grad_norm': 0.27734360098838806, 'learning_rate': 2.728943824238639e-05, 'epoch': 0.9}
{'loss': 2.9712, 'grad_norm': 0.2693358361721039, 'learning_rate': 2.7224479590892694e-05, 'epoch': 0.9}
{'loss': 3.0432, 'grad_norm': 0.27964842319488525, 'learning_rate': 2.7159596180232117e-05, 'epoch': 0.9}
{'loss': 3.0021, 'grad_norm': 0.3008769750595093, 'learning_rate': 2.7094788020730732e-05, 'epoch': 0.9}
{'loss': 2.8938, 'grad_norm': 0.25254154205322266, 'learning_rate': 2.703005512270257e-05, 'epoch': 0.9}
{'loss': 2.9115, 'grad_norm': 0.2880341708660126, 'learning_rate': 2.6965397496449662e-05, 'epoch': 0.9}
{'loss': 2.7995, 'grad_norm': 0.2771283686161041, 'learning_rate': 2.690081515226206e-05, 'epoch': 0.9}
{'loss': 2.8779, 'grad_norm': 0.3156583309173584, 'learning_rate': 2.683630810041787e-05, 'epoch': 0.9}
{'loss': 3.0472, 'grad_norm': 0.2874561846256256, 'learning_rate': 2.6771876351183276e-05, 'epoch': 0.9}
{'loss': 2.9168, 'grad_norm': 0.28823551535606384, 'learning_rate': 2.670751991481235e-05, 'epoch': 0.9}
{'loss': 2.9266, 'grad_norm': 0.2915770709514618, 'learning_rate': 2.6643238801547122e-05, 'epoch': 0.9}
{'loss': 2.8701, 'grad_norm': 0.2835618257522583, 'learning_rate': 2.6579033021617905e-05, 'epoch': 0.9}
{'loss': 2.8978, 'grad_norm': 0.3029480576515198, 'learning_rate': 2.6514902585242807e-05, 'epoch': 0.9}
{'loss': 2.8995, 'grad_norm': 0.2937690019607544, 'learning_rate': 2.6450847502627883e-05, 'epoch': 0.9}
{'loss': 3.0311, 'grad_norm': 0.3077922463417053, 'learning_rate': 2.6386867783967427e-05, 'epoch': 0.9}
{'loss': 2.9583, 'grad_norm': 0.29457366466522217, 'learning_rate': 2.6322963439443624e-05, 'epoch': 0.9}
{'loss': 2.9049, 'grad_norm': 0.25372353196144104, 'learning_rate': 2.6259134479226675e-05, 'epoch': 0.9}
{'loss': 2.8935, 'grad_norm': 0.2910315990447998, 'learning_rate': 2.6195380913474732e-05, 'epoch': 0.9}
{'loss': 2.9639, 'grad_norm': 0.26060858368873596, 'learning_rate': 2.6131702752333954e-05, 'epoch': 0.9}
{'loss': 2.911, 'grad_norm': 0.28214797377586365, 'learning_rate': 2.606810000593862e-05, 'epoch': 0.9}
{'loss': 3.0241, 'grad_norm': 0.2890133559703827, 'learning_rate': 2.600457268441092e-05, 'epoch': 0.9}
{'loss': 3.0525, 'grad_norm': 0.2768169045448303, 'learning_rate': 2.5941120797860875e-05, 'epoch': 0.9}
{'loss': 2.9465, 'grad_norm': 0.2863176167011261, 'learning_rate': 2.587774435638679e-05, 'epoch': 0.9}
{'loss': 3.0244, 'grad_norm': 0.3146202266216278, 'learning_rate': 2.5814443370074935e-05, 'epoch': 0.9}
{'loss': 2.7414, 'grad_norm': 0.27047818899154663, 'learning_rate': 2.575121784899931e-05, 'epoch': 0.9}
{'loss': 2.6985, 'grad_norm': 0.28390082716941833, 'learning_rate': 2.568806780322214e-05, 'epoch': 0.9}
{'loss': 2.8746, 'grad_norm': 0.2728375494480133, 'learning_rate': 2.5624993242793548e-05, 'epoch': 0.9}
{'loss': 2.8389, 'grad_norm': 0.2665451765060425, 'learning_rate': 2.5561994177751735e-05, 'epoch': 0.9}
{'loss': 2.9049, 'grad_norm': 0.2956324815750122, 'learning_rate': 2.5499070618122787e-05, 'epoch': 0.9}
{'loss': 3.0471, 'grad_norm': 0.2979561686515808, 'learning_rate': 2.5436222573920698e-05, 'epoch': 0.9}
{'loss': 2.9896, 'grad_norm': 0.2666149437427521, 'learning_rate': 2.5373450055147683e-05, 'epoch': 0.9}
{'loss': 2.8631, 'grad_norm': 0.2965787649154663, 'learning_rate': 2.5310753071793703e-05, 'epoch': 0.9}
{'loss': 2.8104, 'grad_norm': 0.270853191614151, 'learning_rate': 2.5248131633836822e-05, 'epoch': 0.9}
{'loss': 2.914, 'grad_norm': 0.30135902762413025, 'learning_rate': 2.5185585751243134e-05, 'epoch': 0.9}
{'loss': 2.8382, 'grad_norm': 0.3008881211280823, 'learning_rate': 2.5123115433966615e-05, 'epoch': 0.9}
{'loss': 2.854, 'grad_norm': 0.27886319160461426, 'learning_rate': 2.5060720691949146e-05, 'epoch': 0.9}
{'loss': 2.7561, 'grad_norm': 0.293011337518692, 'learning_rate': 2.499840153512073e-05, 'epoch': 0.9}
{'loss': 2.7605, 'grad_norm': 0.2877083718776703, 'learning_rate': 2.4936157973399264e-05, 'epoch': 0.9}
{'loss': 2.8804, 'grad_norm': 0.29076313972473145, 'learning_rate': 2.487399001669066e-05, 'epoch': 0.9}
{'loss': 2.9179, 'grad_norm': 0.28577929735183716, 'learning_rate': 2.4811897674888673e-05, 'epoch': 0.9}
{'loss': 2.8096, 'grad_norm': 0.30449074506759644, 'learning_rate': 2.474988095787517e-05, 'epoch': 0.9}
{'loss': 2.9507, 'grad_norm': 0.3012509346008301, 'learning_rate': 2.468793987551998e-05, 'epoch': 0.9}
{'loss': 2.9871, 'grad_norm': 0.3102360963821411, 'learning_rate': 2.4626074437680833e-05, 'epoch': 0.9}
{'loss': 2.9503, 'grad_norm': 0.29986560344696045, 'learning_rate': 2.456428465420335e-05, 'epoch': 0.9}
{'loss': 3.0536, 'grad_norm': 0.3039969801902771, 'learning_rate': 2.4502570534921275e-05, 'epoch': 0.9}
{'loss': 2.9873, 'grad_norm': 0.30059391260147095, 'learning_rate': 2.4440932089656255e-05, 'epoch': 0.9}
{'loss': 2.8106, 'grad_norm': 0.29153648018836975, 'learning_rate': 2.4379369328217716e-05, 'epoch': 0.9}
{'loss': 2.9987, 'grad_norm': 0.29268279671669006, 'learning_rate': 2.431788226040327e-05, 'epoch': 0.9}
{'loss': 2.8671, 'grad_norm': 0.2921193242073059, 'learning_rate': 2.4256470895998362e-05, 'epoch': 0.9}
{'loss': 2.9139, 'grad_norm': 0.2859632670879364, 'learning_rate': 2.4195135244776622e-05, 'epoch': 0.9}
{'loss': 2.8811, 'grad_norm': 0.2978898286819458, 'learning_rate': 2.41338753164993e-05, 'epoch': 0.9}
{'loss': 2.9527, 'grad_norm': 0.33415907621383667, 'learning_rate': 2.4072691120915647e-05, 'epoch': 0.9}
{'loss': 2.989, 'grad_norm': 0.29866042733192444, 'learning_rate': 2.40115826677631e-05, 'epoch': 0.9}
{'loss': 2.9062, 'grad_norm': 0.35565173625946045, 'learning_rate': 2.3950549966766822e-05, 'epoch': 0.9}
{'loss': 3.1023, 'grad_norm': 0.28044959902763367, 'learning_rate': 2.3889593027639932e-05, 'epoch': 0.9}
{'loss': 2.9849, 'grad_norm': 0.3365037441253662, 'learning_rate': 2.3828711860083673e-05, 'epoch': 0.9}
{'loss': 2.816, 'grad_norm': 0.2989564836025238, 'learning_rate': 2.376790647378696e-05, 'epoch': 0.9}
{'loss': 2.8761, 'grad_norm': 0.269584059715271, 'learning_rate': 2.3707176878426885e-05, 'epoch': 0.9}
{'loss': 3.0078, 'grad_norm': 0.28610146045684814, 'learning_rate': 2.3646523083668435e-05, 'epoch': 0.9}
{'loss': 2.7499, 'grad_norm': 0.29860132932662964, 'learning_rate': 2.358594509916434e-05, 'epoch': 0.9}
{'loss': 2.9401, 'grad_norm': 0.29643210768699646, 'learning_rate': 2.3525442934555552e-05, 'epoch': 0.9}
{'loss': 2.9202, 'grad_norm': 0.28325018286705017, 'learning_rate': 2.3465016599470757e-05, 'epoch': 0.91}
{'loss': 2.8581, 'grad_norm': 0.3083038330078125, 'learning_rate': 2.340466610352654e-05, 'epoch': 0.91}
{'loss': 2.9245, 'grad_norm': 0.30770567059516907, 'learning_rate': 2.3344391456327608e-05, 'epoch': 0.91}
{'loss': 2.7991, 'grad_norm': 0.26162993907928467, 'learning_rate': 2.3284192667466453e-05, 'epoch': 0.91}
{'loss': 3.0421, 'grad_norm': 0.2902362048625946, 'learning_rate': 2.3224069746523525e-05, 'epoch': 0.91}
{'loss': 2.9191, 'grad_norm': 0.2934820353984833, 'learning_rate': 2.3164022703067278e-05, 'epoch': 0.91}
{'loss': 2.9241, 'grad_norm': 0.29101890325546265, 'learning_rate': 2.3104051546654014e-05, 'epoch': 0.91}
{'loss': 2.8362, 'grad_norm': 0.2855047583580017, 'learning_rate': 2.304415628682782e-05, 'epoch': 0.91}
{'loss': 2.7842, 'grad_norm': 0.2836173474788666, 'learning_rate': 2.2984336933121074e-05, 'epoch': 0.91}
{'loss': 2.883, 'grad_norm': 0.28754767775535583, 'learning_rate': 2.292459349505366e-05, 'epoch': 0.91}
{'loss': 2.8578, 'grad_norm': 0.2871216833591461, 'learning_rate': 2.286492598213369e-05, 'epoch': 0.91}
{'loss': 2.7718, 'grad_norm': 0.26720157265663147, 'learning_rate': 2.2805334403856957e-05, 'epoch': 0.91}
{'loss': 2.918, 'grad_norm': 0.274844765663147, 'learning_rate': 2.274581876970738e-05, 'epoch': 0.91}
{'loss': 3.0729, 'grad_norm': 0.3094712495803833, 'learning_rate': 2.2686379089156773e-05, 'epoch': 0.91}
{'loss': 2.9308, 'grad_norm': 0.29157546162605286, 'learning_rate': 2.2627015371664616e-05, 'epoch': 0.91}
{'loss': 3.0358, 'grad_norm': 0.31398797035217285, 'learning_rate': 2.2567727626678523e-05, 'epoch': 0.91}
{'loss': 2.918, 'grad_norm': 0.2984970211982727, 'learning_rate': 2.2508515863634062e-05, 'epoch': 0.91}
{'loss': 2.9233, 'grad_norm': 0.30772027373313904, 'learning_rate': 2.2449380091954463e-05, 'epoch': 0.91}
{'loss': 2.8403, 'grad_norm': 0.2730519771575928, 'learning_rate': 2.2390320321051094e-05, 'epoch': 0.91}
{'loss': 2.9913, 'grad_norm': 0.27525660395622253, 'learning_rate': 2.2331336560323102e-05, 'epoch': 0.91}
{'loss': 2.9889, 'grad_norm': 0.2820397913455963, 'learning_rate': 2.2272428819157588e-05, 'epoch': 0.91}
{'loss': 2.9219, 'grad_norm': 0.30063048005104065, 'learning_rate': 2.2213597106929607e-05, 'epoch': 0.91}
{'loss': 2.8895, 'grad_norm': 0.28125476837158203, 'learning_rate': 2.215484143300206e-05, 'epoch': 0.91}
{'loss': 3.0263, 'grad_norm': 0.3080398738384247, 'learning_rate': 2.2096161806725635e-05, 'epoch': 0.91}
{'loss': 2.9959, 'grad_norm': 0.30221834778785706, 'learning_rate': 2.2037558237439082e-05, 'epoch': 0.91}
{'loss': 2.8141, 'grad_norm': 0.31252655386924744, 'learning_rate': 2.1979030734468997e-05, 'epoch': 0.91}
{'loss': 2.8609, 'grad_norm': 0.2887260317802429, 'learning_rate': 2.1920579307129817e-05, 'epoch': 0.91}
{'loss': 2.9671, 'grad_norm': 0.2952826917171478, 'learning_rate': 2.186220396472399e-05, 'epoch': 0.91}
{'loss': 2.8417, 'grad_norm': 0.27580708265304565, 'learning_rate': 2.1803904716541644e-05, 'epoch': 0.91}
{'loss': 2.9236, 'grad_norm': 0.2769571542739868, 'learning_rate': 2.174568157186102e-05, 'epoch': 0.91}
{'loss': 3.0638, 'grad_norm': 0.2721991539001465, 'learning_rate': 2.1687534539948262e-05, 'epoch': 0.91}
{'loss': 2.9218, 'grad_norm': 0.2940196096897125, 'learning_rate': 2.1629463630057132e-05, 'epoch': 0.91}
{'loss': 2.9484, 'grad_norm': 0.31021997332572937, 'learning_rate': 2.157146885142952e-05, 'epoch': 0.91}
{'loss': 2.7493, 'grad_norm': 0.27929773926734924, 'learning_rate': 2.151355021329515e-05, 'epoch': 0.91}
{'loss': 2.8721, 'grad_norm': 0.3212076723575592, 'learning_rate': 2.1455707724871543e-05, 'epoch': 0.91}
{'loss': 2.9362, 'grad_norm': 0.30626288056373596, 'learning_rate': 2.139794139536416e-05, 'epoch': 0.91}
{'loss': 3.1004, 'grad_norm': 0.2920391261577606, 'learning_rate': 2.134025123396638e-05, 'epoch': 0.91}
{'loss': 2.8897, 'grad_norm': 0.29304733872413635, 'learning_rate': 2.1282637249859405e-05, 'epoch': 0.91}
{'loss': 2.9043, 'grad_norm': 0.30509153008461, 'learning_rate': 2.122509945221235e-05, 'epoch': 0.91}
{'loss': 2.9262, 'grad_norm': 0.28246960043907166, 'learning_rate': 2.1167637850182163e-05, 'epoch': 0.91}
{'loss': 2.9063, 'grad_norm': 0.2923758924007416, 'learning_rate': 2.1110252452913703e-05, 'epoch': 0.91}
{'loss': 2.9094, 'grad_norm': 0.2864903509616852, 'learning_rate': 2.1052943269539715e-05, 'epoch': 0.91}
{'loss': 2.8586, 'grad_norm': 0.3004232943058014, 'learning_rate': 2.0995710309180684e-05, 'epoch': 0.91}
{'loss': 2.8208, 'grad_norm': 0.29281920194625854, 'learning_rate': 2.093855358094521e-05, 'epoch': 0.91}
{'loss': 3.047, 'grad_norm': 0.2833440899848938, 'learning_rate': 2.0881473093929516e-05, 'epoch': 0.91}
{'loss': 3.0323, 'grad_norm': 0.29737260937690735, 'learning_rate': 2.0824468857217783e-05, 'epoch': 0.91}
{'loss': 2.9149, 'grad_norm': 0.298045814037323, 'learning_rate': 2.0767540879882142e-05, 'epoch': 0.91}
{'loss': 2.9208, 'grad_norm': 0.2850790321826935, 'learning_rate': 2.071068917098251e-05, 'epoch': 0.91}
{'loss': 2.8452, 'grad_norm': 0.2727108597755432, 'learning_rate': 2.06539137395666e-05, 'epoch': 0.91}
{'loss': 3.0564, 'grad_norm': 0.27678337693214417, 'learning_rate': 2.059721459467012e-05, 'epoch': 0.91}
{'loss': 2.8043, 'grad_norm': 0.2887983024120331, 'learning_rate': 2.0540591745316528e-05, 'epoch': 0.91}
{'loss': 3.1107, 'grad_norm': 0.30419182777404785, 'learning_rate': 2.048404520051722e-05, 'epoch': 0.91}
{'loss': 2.8296, 'grad_norm': 0.30831319093704224, 'learning_rate': 2.042757496927139e-05, 'epoch': 0.91}
{'loss': 3.0784, 'grad_norm': 0.2821010649204254, 'learning_rate': 2.0371181060566068e-05, 'epoch': 0.91}
{'loss': 2.7854, 'grad_norm': 0.2673555016517639, 'learning_rate': 2.0314863483376244e-05, 'epoch': 0.91}
{'loss': 2.9874, 'grad_norm': 0.2572433650493622, 'learning_rate': 2.0258622246664695e-05, 'epoch': 0.91}
{'loss': 2.9155, 'grad_norm': 0.28903359174728394, 'learning_rate': 2.0202457359381976e-05, 'epoch': 0.91}
{'loss': 2.9555, 'grad_norm': 0.31271201372146606, 'learning_rate': 2.0146368830466667e-05, 'epoch': 0.91}
{'loss': 2.9244, 'grad_norm': 0.2735725939273834, 'learning_rate': 2.0090356668845065e-05, 'epoch': 0.91}
{'loss': 2.741, 'grad_norm': 0.30595093965530396, 'learning_rate': 2.003442088343127e-05, 'epoch': 0.91}
{'loss': 2.8279, 'grad_norm': 0.29311126470565796, 'learning_rate': 1.9978561483127378e-05, 'epoch': 0.91}
{'loss': 3.0258, 'grad_norm': 0.2961779832839966, 'learning_rate': 1.9922778476823166e-05, 'epoch': 0.91}
{'loss': 2.8047, 'grad_norm': 0.297582745552063, 'learning_rate': 1.986707187339637e-05, 'epoch': 0.91}
{'loss': 2.9241, 'grad_norm': 0.30521708726882935, 'learning_rate': 1.981144168171256e-05, 'epoch': 0.91}
{'loss': 2.9639, 'grad_norm': 0.29449719190597534, 'learning_rate': 1.9755887910625104e-05, 'epoch': 0.91}
{'loss': 2.885, 'grad_norm': 0.2888637185096741, 'learning_rate': 1.970041056897526e-05, 'epoch': 0.91}
{'loss': 2.765, 'grad_norm': 0.2980632185935974, 'learning_rate': 1.9645009665592073e-05, 'epoch': 0.91}
{'loss': 2.8648, 'grad_norm': 0.25719621777534485, 'learning_rate': 1.958968520929233e-05, 'epoch': 0.91}
{'loss': 2.8466, 'grad_norm': 0.303321897983551, 'learning_rate': 1.9534437208880874e-05, 'epoch': 0.91}
{'loss': 2.9479, 'grad_norm': 0.2831983268260956, 'learning_rate': 1.947926567315017e-05, 'epoch': 0.91}
{'loss': 2.9552, 'grad_norm': 0.29114049673080444, 'learning_rate': 1.9424170610880643e-05, 'epoch': 0.91}
{'loss': 2.9548, 'grad_norm': 0.31247803568840027, 'learning_rate': 1.9369152030840554e-05, 'epoch': 0.91}
{'loss': 2.811, 'grad_norm': 0.26430097222328186, 'learning_rate': 1.93142099417859e-05, 'epoch': 0.91}
{'loss': 3.0698, 'grad_norm': 0.2783505320549011, 'learning_rate': 1.925934435246063e-05, 'epoch': 0.91}
{'loss': 3.0631, 'grad_norm': 0.2885843515396118, 'learning_rate': 1.920455527159637e-05, 'epoch': 0.91}
{'loss': 2.8512, 'grad_norm': 0.29468804597854614, 'learning_rate': 1.9149842707912535e-05, 'epoch': 0.91}
{'loss': 3.0425, 'grad_norm': 0.26339325308799744, 'learning_rate': 1.9095206670116716e-05, 'epoch': 0.91}
{'loss': 2.9589, 'grad_norm': 0.3132166862487793, 'learning_rate': 1.9040647166903845e-05, 'epoch': 0.91}
{'loss': 2.8835, 'grad_norm': 0.29870492219924927, 'learning_rate': 1.8986164206957037e-05, 'epoch': 0.91}
{'loss': 2.9997, 'grad_norm': 0.3053070306777954, 'learning_rate': 1.893175779894707e-05, 'epoch': 0.91}
{'loss': 2.9016, 'grad_norm': 0.294075608253479, 'learning_rate': 1.8877427951532632e-05, 'epoch': 0.91}
{'loss': 3.0892, 'grad_norm': 0.2820931375026703, 'learning_rate': 1.8823174673359977e-05, 'epoch': 0.91}
{'loss': 2.8886, 'grad_norm': 0.28254690766334534, 'learning_rate': 1.876899797306353e-05, 'epoch': 0.92}
{'loss': 2.9449, 'grad_norm': 0.2975033223628998, 'learning_rate': 1.8714897859265222e-05, 'epoch': 0.92}
{'loss': 2.9815, 'grad_norm': 0.2870965898036957, 'learning_rate': 1.8660874340575063e-05, 'epoch': 0.92}
{'loss': 2.9103, 'grad_norm': 0.3046863079071045, 'learning_rate': 1.8606927425590614e-05, 'epoch': 0.92}
{'loss': 2.914, 'grad_norm': 0.29073840379714966, 'learning_rate': 1.85530571228974e-05, 'epoch': 0.92}
{'loss': 3.0961, 'grad_norm': 0.2943747043609619, 'learning_rate': 1.8499263441068724e-05, 'epoch': 0.92}
{'loss': 2.9031, 'grad_norm': 0.287036657333374, 'learning_rate': 1.8445546388665802e-05, 'epoch': 0.92}
{'loss': 2.918, 'grad_norm': 0.2763557434082031, 'learning_rate': 1.8391905974237343e-05, 'epoch': 0.92}
{'loss': 2.8998, 'grad_norm': 0.27987584471702576, 'learning_rate': 1.8338342206320246e-05, 'epoch': 0.92}
{'loss': 2.8827, 'grad_norm': 0.2965223789215088, 'learning_rate': 1.8284855093438968e-05, 'epoch': 0.92}
{'loss': 2.9651, 'grad_norm': 0.3090288043022156, 'learning_rate': 1.8231444644105754e-05, 'epoch': 0.92}
{'loss': 2.832, 'grad_norm': 0.3032660186290741, 'learning_rate': 1.8178110866820808e-05, 'epoch': 0.92}
{'loss': 2.9459, 'grad_norm': 0.2953076958656311, 'learning_rate': 1.812485377007195e-05, 'epoch': 0.92}
{'loss': 2.9289, 'grad_norm': 0.2923189103603363, 'learning_rate': 1.807167336233495e-05, 'epoch': 0.92}
{'loss': 2.8553, 'grad_norm': 0.2850660979747772, 'learning_rate': 1.801856965207338e-05, 'epoch': 0.92}
{'loss': 2.8933, 'grad_norm': 0.260195791721344, 'learning_rate': 1.796554264773842e-05, 'epoch': 0.92}
{'loss': 2.9186, 'grad_norm': 0.30918753147125244, 'learning_rate': 1.7912592357769207e-05, 'epoch': 0.92}
{'loss': 2.9076, 'grad_norm': 0.2730805277824402, 'learning_rate': 1.7859718790592727e-05, 'epoch': 0.92}
{'loss': 3.0137, 'grad_norm': 0.3097474277019501, 'learning_rate': 1.7806921954623412e-05, 'epoch': 0.92}
{'loss': 2.851, 'grad_norm': 0.26863691210746765, 'learning_rate': 1.7754201858263984e-05, 'epoch': 0.92}
{'loss': 2.9594, 'grad_norm': 0.3161472976207733, 'learning_rate': 1.7701558509904515e-05, 'epoch': 0.92}
{'loss': 2.9492, 'grad_norm': 0.31707823276519775, 'learning_rate': 1.7648991917923075e-05, 'epoch': 0.92}
{'loss': 2.8882, 'grad_norm': 0.29536786675453186, 'learning_rate': 1.7596502090685528e-05, 'epoch': 0.92}
{'loss': 2.9855, 'grad_norm': 0.3291349709033966, 'learning_rate': 1.7544089036545474e-05, 'epoch': 0.92}
{'loss': 3.0946, 'grad_norm': 0.2851392328739166, 'learning_rate': 1.7491752763844293e-05, 'epoch': 0.92}
{'loss': 2.9607, 'grad_norm': 0.28899890184402466, 'learning_rate': 1.74394932809111e-05, 'epoch': 0.92}
{'loss': 2.9132, 'grad_norm': 0.27521398663520813, 'learning_rate': 1.7387310596062854e-05, 'epoch': 0.92}
{'loss': 2.8758, 'grad_norm': 0.2972215712070465, 'learning_rate': 1.733520471760436e-05, 'epoch': 0.92}
{'loss': 2.8209, 'grad_norm': 0.2961346507072449, 'learning_rate': 1.7283175653827977e-05, 'epoch': 0.92}
{'loss': 2.7878, 'grad_norm': 0.28177815675735474, 'learning_rate': 1.7231223413014087e-05, 'epoch': 0.92}
{'loss': 2.9326, 'grad_norm': 0.2826751172542572, 'learning_rate': 1.7179348003430627e-05, 'epoch': 0.92}
{'loss': 2.8754, 'grad_norm': 0.2857242822647095, 'learning_rate': 1.7127549433333557e-05, 'epoch': 0.92}
{'loss': 2.9051, 'grad_norm': 0.30815500020980835, 'learning_rate': 1.707582771096633e-05, 'epoch': 0.92}
{'loss': 2.9778, 'grad_norm': 0.31135621666908264, 'learning_rate': 1.7024182844560478e-05, 'epoch': 0.92}
{'loss': 2.9189, 'grad_norm': 0.30716586112976074, 'learning_rate': 1.6972614842334922e-05, 'epoch': 0.92}
{'loss': 2.9297, 'grad_norm': 0.2876616418361664, 'learning_rate': 1.692112371249671e-05, 'epoch': 0.92}
{'loss': 3.0601, 'grad_norm': 0.2869347929954529, 'learning_rate': 1.6869709463240455e-05, 'epoch': 0.92}
{'loss': 3.1783, 'grad_norm': 0.29990214109420776, 'learning_rate': 1.6818372102748557e-05, 'epoch': 0.92}
{'loss': 2.9478, 'grad_norm': 0.2888132929801941, 'learning_rate': 1.6767111639191202e-05, 'epoch': 0.92}
{'loss': 3.0283, 'grad_norm': 0.29559236764907837, 'learning_rate': 1.6715928080726418e-05, 'epoch': 0.92}
{'loss': 2.832, 'grad_norm': 0.28824228048324585, 'learning_rate': 1.6664821435499856e-05, 'epoch': 0.92}
{'loss': 2.9246, 'grad_norm': 0.29406341910362244, 'learning_rate': 1.661379171164501e-05, 'epoch': 0.92}
{'loss': 3.0049, 'grad_norm': 0.2897622287273407, 'learning_rate': 1.6562838917283106e-05, 'epoch': 0.92}
{'loss': 2.8991, 'grad_norm': 0.28737571835517883, 'learning_rate': 1.6511963060523105e-05, 'epoch': 0.92}
{'loss': 2.9334, 'grad_norm': 0.33712077140808105, 'learning_rate': 1.6461164149461805e-05, 'epoch': 0.92}
[10:02:36.427751] Error: Error reading OpenGVLab/smit/S-MiT/videos/taping/yt-YZZKU314e6c_160.mp4...
[10:02:36.427811] Failed to read video file: OpenGVLab/smit/S-MiT/videos/taping/yt-YZZKU314e6c_160.mp4
[10:02:36.427826] [Try #0] Failed to fetch sample 332860. Exception: Error reading OpenGVLab/smit/S-MiT/videos/taping/yt-YZZKU314e6c_160.mp4...
{'loss': 2.882, 'grad_norm': 0.28948545455932617, 'learning_rate': 1.6410442192183573e-05, 'epoch': 0.92}
[10:02:37.429095] Error: Error reading OpenGVLab/smit/S-MiT/videos/taping/yt-YZZKU314e6c_160.mp4...
[10:02:37.429142] Failed to read video file: OpenGVLab/smit/S-MiT/videos/taping/yt-YZZKU314e6c_160.mp4
[10:02:37.429159] [Try #1] Failed to fetch sample 332860. Exception: Error reading OpenGVLab/smit/S-MiT/videos/taping/yt-YZZKU314e6c_160.mp4...
{'loss': 2.9264, 'grad_norm': 0.3092058300971985, 'learning_rate': 1.6359797196760838e-05, 'epoch': 0.92}
{'loss': 2.9492, 'grad_norm': 0.28184476494789124, 'learning_rate': 1.6309229171253493e-05, 'epoch': 0.92}
{'loss': 3.0641, 'grad_norm': 0.28403347730636597, 'learning_rate': 1.6258738123709316e-05, 'epoch': 0.92}
{'loss': 2.9372, 'grad_norm': 0.29400378465652466, 'learning_rate': 1.620832406216388e-05, 'epoch': 0.92}
{'loss': 2.8803, 'grad_norm': 0.26619648933410645, 'learning_rate': 1.615798699464033e-05, 'epoch': 0.92}
{'loss': 3.0725, 'grad_norm': 0.29168131947517395, 'learning_rate': 1.6107726929149637e-05, 'epoch': 0.92}
{'loss': 3.0151, 'grad_norm': 0.2872607409954071, 'learning_rate': 1.6057543873690684e-05, 'epoch': 0.92}
{'loss': 2.9806, 'grad_norm': 0.28316032886505127, 'learning_rate': 1.6007437836249804e-05, 'epoch': 0.92}
{'loss': 2.9539, 'grad_norm': 0.27279335260391235, 'learning_rate': 1.5957408824801344e-05, 'epoch': 0.92}
{'loss': 2.9739, 'grad_norm': 0.2900489568710327, 'learning_rate': 1.5907456847307213e-05, 'epoch': 0.92}
{'loss': 2.9366, 'grad_norm': 0.2884438931941986, 'learning_rate': 1.5857581911717157e-05, 'epoch': 0.92}
{'loss': 2.8618, 'grad_norm': 0.2918784022331238, 'learning_rate': 1.5807784025968608e-05, 'epoch': 0.92}
{'loss': 3.0796, 'grad_norm': 0.2872369885444641, 'learning_rate': 1.5758063197986727e-05, 'epoch': 0.92}
{'loss': 2.8011, 'grad_norm': 0.30701830983161926, 'learning_rate': 1.5708419435684463e-05, 'epoch': 0.92}
{'loss': 2.8561, 'grad_norm': 0.3000875413417816, 'learning_rate': 1.565885274696249e-05, 'epoch': 0.92}
{'loss': 2.9161, 'grad_norm': 0.30669161677360535, 'learning_rate': 1.5609363139709176e-05, 'epoch': 0.92}
{'loss': 3.0763, 'grad_norm': 0.3142251968383789, 'learning_rate': 1.55599506218006e-05, 'epoch': 0.92}
{'loss': 2.9516, 'grad_norm': 0.3224406838417053, 'learning_rate': 1.5510615201100697e-05, 'epoch': 0.92}
{'loss': 3.0133, 'grad_norm': 0.30740460753440857, 'learning_rate': 1.5461356885461074e-05, 'epoch': 0.92}
{'loss': 2.9977, 'grad_norm': 0.31866002082824707, 'learning_rate': 1.5412175682720908e-05, 'epoch': 0.92}
{'loss': 2.8851, 'grad_norm': 0.31057867407798767, 'learning_rate': 1.5363071600707434e-05, 'epoch': 0.92}
{'loss': 3.0194, 'grad_norm': 0.3021932542324066, 'learning_rate': 1.5314044647235236e-05, 'epoch': 0.92}
{'loss': 2.9225, 'grad_norm': 0.308010071516037, 'learning_rate': 1.5265094830106963e-05, 'epoch': 0.92}
{'loss': 2.8666, 'grad_norm': 0.2946196496486664, 'learning_rate': 1.5216222157112825e-05, 'epoch': 0.92}
{'loss': 3.0563, 'grad_norm': 0.285749614238739, 'learning_rate': 1.5167426636030602e-05, 'epoch': 0.92}
{'loss': 2.9711, 'grad_norm': 0.2713892459869385, 'learning_rate': 1.5118708274626025e-05, 'epoch': 0.92}
{'loss': 2.8792, 'grad_norm': 0.29131922125816345, 'learning_rate': 1.5070067080652617e-05, 'epoch': 0.92}
{'loss': 2.9854, 'grad_norm': 0.286112517118454, 'learning_rate': 1.5021503061851349e-05, 'epoch': 0.92}
{'loss': 3.0264, 'grad_norm': 0.29919642210006714, 'learning_rate': 1.4973016225951096e-05, 'epoch': 0.92}
{'loss': 2.8396, 'grad_norm': 0.2871335744857788, 'learning_rate': 1.4924606580668354e-05, 'epoch': 0.92}
{'loss': 3.0524, 'grad_norm': 0.27421966195106506, 'learning_rate': 1.48762741337074e-05, 'epoch': 0.92}
{'loss': 2.8177, 'grad_norm': 0.29122915863990784, 'learning_rate': 1.4828018892760197e-05, 'epoch': 0.92}
{'loss': 2.846, 'grad_norm': 0.26992565393447876, 'learning_rate': 1.4779840865506378e-05, 'epoch': 0.92}
{'loss': 2.8452, 'grad_norm': 0.2963617444038391, 'learning_rate': 1.4731740059613363e-05, 'epoch': 0.92}
{'loss': 2.8716, 'grad_norm': 0.29671698808670044, 'learning_rate': 1.4683716482736364e-05, 'epoch': 0.92}
{'loss': 2.9418, 'grad_norm': 0.2957932651042938, 'learning_rate': 1.463577014251799e-05, 'epoch': 0.93}
{'loss': 3.0609, 'grad_norm': 0.2861711382865906, 'learning_rate': 1.458790104658897e-05, 'epoch': 0.93}
{'loss': 2.8228, 'grad_norm': 0.2785167098045349, 'learning_rate': 1.454010920256743e-05, 'epoch': 0.93}
{'loss': 2.8798, 'grad_norm': 0.2835361957550049, 'learning_rate': 1.4492394618059234e-05, 'epoch': 0.93}
{'loss': 2.8549, 'grad_norm': 0.28453588485717773, 'learning_rate': 1.4444757300658085e-05, 'epoch': 0.93}
{'loss': 2.7496, 'grad_norm': 0.28540974855422974, 'learning_rate': 1.4397197257945305e-05, 'epoch': 0.93}
{'loss': 2.891, 'grad_norm': 0.30454277992248535, 'learning_rate': 1.4349714497490008e-05, 'epoch': 0.93}
{'loss': 2.9641, 'grad_norm': 0.26033321022987366, 'learning_rate': 1.4302309026848815e-05, 'epoch': 0.93}
{'loss': 2.9296, 'grad_norm': 0.28207793831825256, 'learning_rate': 1.4254980853566246e-05, 'epoch': 0.93}
{'loss': 3.0958, 'grad_norm': 0.2930101454257965, 'learning_rate': 1.42077299851745e-05, 'epoch': 0.93}
{'loss': 3.0072, 'grad_norm': 0.26792892813682556, 'learning_rate': 1.4160556429193283e-05, 'epoch': 0.93}
{'loss': 2.9888, 'grad_norm': 0.3258901834487915, 'learning_rate': 1.4113460193130146e-05, 'epoch': 0.93}
{'loss': 2.9431, 'grad_norm': 0.2786045968532562, 'learning_rate': 1.4066441284480425e-05, 'epoch': 0.93}
{'loss': 2.8124, 'grad_norm': 0.290546715259552, 'learning_rate': 1.4019499710726914e-05, 'epoch': 0.93}
{'loss': 2.8526, 'grad_norm': 0.2970905900001526, 'learning_rate': 1.3972635479340302e-05, 'epoch': 0.93}
{'loss': 2.9629, 'grad_norm': 0.275618314743042, 'learning_rate': 1.3925848597778789e-05, 'epoch': 0.93}
{'loss': 2.9625, 'grad_norm': 0.30187860131263733, 'learning_rate': 1.387913907348859e-05, 'epoch': 0.93}
{'loss': 3.0336, 'grad_norm': 0.26801615953445435, 'learning_rate': 1.3832506913903142e-05, 'epoch': 0.93}
{'loss': 3.0491, 'grad_norm': 0.30886441469192505, 'learning_rate': 1.3785952126444013e-05, 'epoch': 0.93}
{'loss': 2.9412, 'grad_norm': 0.3047359585762024, 'learning_rate': 1.3739474718520106e-05, 'epoch': 0.93}
{'loss': 2.9341, 'grad_norm': 0.3098771870136261, 'learning_rate': 1.3693074697528229e-05, 'epoch': 0.93}
{'loss': 3.068, 'grad_norm': 0.2980836033821106, 'learning_rate': 1.3646752070852864e-05, 'epoch': 0.93}
{'loss': 2.7279, 'grad_norm': 0.26735082268714905, 'learning_rate': 1.3600506845866057e-05, 'epoch': 0.93}
{'loss': 3.0044, 'grad_norm': 0.2768781781196594, 'learning_rate': 1.355433902992753e-05, 'epoch': 0.93}
{'loss': 2.8142, 'grad_norm': 0.29625266790390015, 'learning_rate': 1.3508248630384911e-05, 'epoch': 0.93}
{'loss': 2.7047, 'grad_norm': 0.295228511095047, 'learning_rate': 1.3462235654573218e-05, 'epoch': 0.93}
{'loss': 2.9814, 'grad_norm': 0.284149706363678, 'learning_rate': 1.3416300109815427e-05, 'epoch': 0.93}
{'loss': 2.9567, 'grad_norm': 0.2986668050289154, 'learning_rate': 1.3370442003421911e-05, 'epoch': 0.93}
{'loss': 2.8869, 'grad_norm': 0.2704758048057556, 'learning_rate': 1.3324661342690892e-05, 'epoch': 0.93}
{'loss': 2.9908, 'grad_norm': 0.2939125895500183, 'learning_rate': 1.3278958134908258e-05, 'epoch': 0.93}
{'loss': 2.8751, 'grad_norm': 0.3174084424972534, 'learning_rate': 1.3233332387347474e-05, 'epoch': 0.93}
{'loss': 2.7579, 'grad_norm': 0.2770361304283142, 'learning_rate': 1.3187784107269729e-05, 'epoch': 0.93}
{'loss': 2.9293, 'grad_norm': 0.2979172468185425, 'learning_rate': 1.3142313301924059e-05, 'epoch': 0.93}
{'loss': 2.8203, 'grad_norm': 0.267021119594574, 'learning_rate': 1.309691997854684e-05, 'epoch': 0.93}
{'loss': 2.8188, 'grad_norm': 0.2905620038509369, 'learning_rate': 1.3051604144362405e-05, 'epoch': 0.93}
{'loss': 2.7379, 'grad_norm': 0.26967111229896545, 'learning_rate': 1.3006365806582542e-05, 'epoch': 0.93}
{'loss': 2.9725, 'grad_norm': 0.3202974200248718, 'learning_rate': 1.2961204972406825e-05, 'epoch': 0.93}
{'loss': 2.8514, 'grad_norm': 0.3155989348888397, 'learning_rate': 1.291612164902256e-05, 'epoch': 0.93}
{'loss': 2.9716, 'grad_norm': 0.30172649025917053, 'learning_rate': 1.2871115843604509e-05, 'epoch': 0.93}
{'loss': 3.0765, 'grad_norm': 0.28697189688682556, 'learning_rate': 1.282618756331516e-05, 'epoch': 0.93}
{'loss': 2.9171, 'grad_norm': 0.29838770627975464, 'learning_rate': 1.2781336815304856e-05, 'epoch': 0.93}
{'loss': 2.9307, 'grad_norm': 0.28896835446357727, 'learning_rate': 1.2736563606711382e-05, 'epoch': 0.93}
{'loss': 2.8829, 'grad_norm': 0.27245599031448364, 'learning_rate': 1.2691867944660373e-05, 'epoch': 0.93}
{'loss': 2.883, 'grad_norm': 0.2982790172100067, 'learning_rate': 1.2647249836264918e-05, 'epoch': 0.93}
{'loss': 2.7721, 'grad_norm': 0.2789108157157898, 'learning_rate': 1.2602709288625835e-05, 'epoch': 0.93}
{'loss': 3.0735, 'grad_norm': 0.29300355911254883, 'learning_rate': 1.2558246308831677e-05, 'epoch': 0.93}
{'loss': 2.9173, 'grad_norm': 0.30149102210998535, 'learning_rate': 1.2513860903958618e-05, 'epoch': 0.93}
{'loss': 3.0033, 'grad_norm': 0.29559841752052307, 'learning_rate': 1.246955308107034e-05, 'epoch': 0.93}
{'loss': 2.815, 'grad_norm': 0.32621824741363525, 'learning_rate': 1.2425322847218367e-05, 'epoch': 0.93}
{'loss': 2.9917, 'grad_norm': 0.2757568061351776, 'learning_rate': 1.2381170209441906e-05, 'epoch': 0.93}
{'loss': 2.951, 'grad_norm': 0.27122053503990173, 'learning_rate': 1.2337095174767609e-05, 'epoch': 0.93}
{'loss': 2.9781, 'grad_norm': 0.27399906516075134, 'learning_rate': 1.2293097750209925e-05, 'epoch': 0.93}
{'loss': 2.9598, 'grad_norm': 0.2958737015724182, 'learning_rate': 1.2249177942770918e-05, 'epoch': 0.93}
{'loss': 3.0799, 'grad_norm': 0.2691136300563812, 'learning_rate': 1.2205335759440329e-05, 'epoch': 0.93}
{'loss': 2.9389, 'grad_norm': 0.28550899028778076, 'learning_rate': 1.2161571207195465e-05, 'epoch': 0.93}
{'loss': 3.0384, 'grad_norm': 0.3034575283527374, 'learning_rate': 1.2117884293001257e-05, 'epoch': 0.93}
{'loss': 3.0228, 'grad_norm': 0.28187650442123413, 'learning_rate': 1.2074275023810422e-05, 'epoch': 0.93}
{'loss': 2.9464, 'grad_norm': 0.28304409980773926, 'learning_rate': 1.2030743406563349e-05, 'epoch': 0.93}
{'loss': 2.9332, 'grad_norm': 0.27010634541511536, 'learning_rate': 1.1987289448187776e-05, 'epoch': 0.93}
{'loss': 3.0121, 'grad_norm': 0.28605473041534424, 'learning_rate': 1.194391315559945e-05, 'epoch': 0.93}
{'loss': 2.8666, 'grad_norm': 0.3523675799369812, 'learning_rate': 1.190061453570146e-05, 'epoch': 0.93}
{'loss': 2.8616, 'grad_norm': 0.27471962571144104, 'learning_rate': 1.185739359538468e-05, 'epoch': 0.93}
{'loss': 2.9373, 'grad_norm': 0.28714078664779663, 'learning_rate': 1.181425034152761e-05, 'epoch': 0.93}
{'loss': 2.9898, 'grad_norm': 0.2890357971191406, 'learning_rate': 1.1771184780996314e-05, 'epoch': 0.93}
{'loss': 2.9122, 'grad_norm': 0.2677929401397705, 'learning_rate': 1.172819692064464e-05, 'epoch': 0.93}
{'loss': 2.8659, 'grad_norm': 0.2785335183143616, 'learning_rate': 1.1685286767314008e-05, 'epoch': 0.93}
{'loss': 2.9164, 'grad_norm': 0.31542935967445374, 'learning_rate': 1.1642454327833286e-05, 'epoch': 0.93}
{'loss': 2.9196, 'grad_norm': 0.29451125860214233, 'learning_rate': 1.1599699609019243e-05, 'epoch': 0.93}
{'loss': 2.9815, 'grad_norm': 0.2790517210960388, 'learning_rate': 1.1557022617676217e-05, 'epoch': 0.93}
{'loss': 2.9759, 'grad_norm': 0.2926463782787323, 'learning_rate': 1.1514423360595938e-05, 'epoch': 0.93}
{'loss': 2.9687, 'grad_norm': 0.2965426445007324, 'learning_rate': 1.1471901844558153e-05, 'epoch': 0.93}
{'loss': 2.9076, 'grad_norm': 0.3175186216831207, 'learning_rate': 1.1429458076329947e-05, 'epoch': 0.93}
{'loss': 2.9494, 'grad_norm': 0.28234925866127014, 'learning_rate': 1.1387092062666082e-05, 'epoch': 0.93}
{'loss': 2.9455, 'grad_norm': 0.29932984709739685, 'learning_rate': 1.1344803810309e-05, 'epoch': 0.93}
{'loss': 2.8563, 'grad_norm': 0.24948890507221222, 'learning_rate': 1.1302593325988819e-05, 'epoch': 0.93}
{'loss': 3.0526, 'grad_norm': 0.3149900436401367, 'learning_rate': 1.1260460616423219e-05, 'epoch': 0.93}
{'loss': 2.9152, 'grad_norm': 0.3061162829399109, 'learning_rate': 1.1218405688317446e-05, 'epoch': 0.93}
{'loss': 2.9077, 'grad_norm': 0.28904199600219727, 'learning_rate': 1.1176428548364314e-05, 'epoch': 0.93}
{'loss': 2.9155, 'grad_norm': 0.30080851912498474, 'learning_rate': 1.1134529203244593e-05, 'epoch': 0.93}
{'loss': 2.9974, 'grad_norm': 0.28753361105918884, 'learning_rate': 1.1092707659626278e-05, 'epoch': 0.93}
{'loss': 2.9554, 'grad_norm': 0.3030601143836975, 'learning_rate': 1.1050963924165158e-05, 'epoch': 0.93}
{'loss': 2.9648, 'grad_norm': 0.2955285310745239, 'learning_rate': 1.1009298003504642e-05, 'epoch': 0.94}
{'loss': 2.905, 'grad_norm': 0.28515180945396423, 'learning_rate': 1.0967709904275757e-05, 'epoch': 0.94}
{'loss': 2.9566, 'grad_norm': 0.2710500657558441, 'learning_rate': 1.0926199633097156e-05, 'epoch': 0.94}
{'loss': 2.8372, 'grad_norm': 0.27245664596557617, 'learning_rate': 1.0884767196575052e-05, 'epoch': 0.94}
{'loss': 2.8727, 'grad_norm': 0.2785123586654663, 'learning_rate': 1.0843412601303226e-05, 'epoch': 0.94}
{'loss': 3.1008, 'grad_norm': 0.28790441155433655, 'learning_rate': 1.0802135853863248e-05, 'epoch': 0.94}
{'loss': 2.9613, 'grad_norm': 0.30300140380859375, 'learning_rate': 1.0760936960824142e-05, 'epoch': 0.94}
{'loss': 2.6156, 'grad_norm': 0.2907024323940277, 'learning_rate': 1.071981592874255e-05, 'epoch': 0.94}
{'loss': 2.9953, 'grad_norm': 0.28954795002937317, 'learning_rate': 1.0678772764162791e-05, 'epoch': 0.94}
{'loss': 2.7518, 'grad_norm': 0.28115928173065186, 'learning_rate': 1.0637807473616811e-05, 'epoch': 0.94}
{'loss': 2.9785, 'grad_norm': 0.31294068694114685, 'learning_rate': 1.059692006362406e-05, 'epoch': 0.94}
{'loss': 2.8664, 'grad_norm': 0.2628333568572998, 'learning_rate': 1.0556110540691721e-05, 'epoch': 0.94}
{'loss': 2.9904, 'grad_norm': 0.27122682332992554, 'learning_rate': 1.0515378911314377e-05, 'epoch': 0.94}
{'loss': 2.934, 'grad_norm': 0.2810070216655731, 'learning_rate': 1.0474725181974454e-05, 'epoch': 0.94}
{'loss': 3.0846, 'grad_norm': 0.2599487602710724, 'learning_rate': 1.0434149359141886e-05, 'epoch': 0.94}
{'loss': 2.9825, 'grad_norm': 0.2891731858253479, 'learning_rate': 1.0393651449274122e-05, 'epoch': 0.94}
{'loss': 2.868, 'grad_norm': 0.28837406635284424, 'learning_rate': 1.0353231458816337e-05, 'epoch': 0.94}
{'loss': 2.8446, 'grad_norm': 0.279599666595459, 'learning_rate': 1.031288939420122e-05, 'epoch': 0.94}
{'loss': 2.8882, 'grad_norm': 0.3016234040260315, 'learning_rate': 1.0272625261849077e-05, 'epoch': 0.94}
{'loss': 2.8231, 'grad_norm': 0.31255021691322327, 'learning_rate': 1.0232439068167898e-05, 'epoch': 0.94}
{'loss': 2.8403, 'grad_norm': 0.2919193506240845, 'learning_rate': 1.0192330819553175e-05, 'epoch': 0.94}
{'loss': 3.01, 'grad_norm': 0.3330470621585846, 'learning_rate': 1.0152300522387913e-05, 'epoch': 0.94}
{'loss': 2.877, 'grad_norm': 0.29692503809928894, 'learning_rate': 1.0112348183043018e-05, 'epoch': 0.94}
{'loss': 3.0183, 'grad_norm': 0.3007441759109497, 'learning_rate': 1.0072473807876569e-05, 'epoch': 0.94}
{'loss': 3.1129, 'grad_norm': 0.29072311520576477, 'learning_rate': 1.0032677403234602e-05, 'epoch': 0.94}
{'loss': 2.9251, 'grad_norm': 0.2776920795440674, 'learning_rate': 9.99295897545055e-06, 'epoch': 0.94}
{'loss': 2.9873, 'grad_norm': 0.27625206112861633, 'learning_rate': 9.953318530845468e-06, 'epoch': 0.94}
{'loss': 3.0135, 'grad_norm': 0.2864825427532196, 'learning_rate': 9.913756075728086e-06, 'epoch': 0.94}
{'loss': 2.9057, 'grad_norm': 0.28208547830581665, 'learning_rate': 9.874271616394592e-06, 'epoch': 0.94}
{'loss': 2.9908, 'grad_norm': 0.29672908782958984, 'learning_rate': 9.834865159128792e-06, 'epoch': 0.94}
{'loss': 3.1042, 'grad_norm': 0.28421512246131897, 'learning_rate': 9.795536710202169e-06, 'epoch': 0.94}
{'loss': 3.0073, 'grad_norm': 0.28813573718070984, 'learning_rate': 9.75628627587377e-06, 'epoch': 0.94}
{'loss': 3.0762, 'grad_norm': 0.3057504892349243, 'learning_rate': 9.717113862389993e-06, 'epoch': 0.94}
{'loss': 2.9439, 'grad_norm': 0.30140018463134766, 'learning_rate': 9.678019475985233e-06, 'epoch': 0.94}
{'loss': 2.996, 'grad_norm': 0.29115360975265503, 'learning_rate': 9.639003122881074e-06, 'epoch': 0.94}
{'loss': 2.9747, 'grad_norm': 0.2951121926307678, 'learning_rate': 9.600064809287046e-06, 'epoch': 0.94}
{'loss': 2.9796, 'grad_norm': 0.2762628495693207, 'learning_rate': 9.561204541399914e-06, 'epoch': 0.94}
{'loss': 2.7943, 'grad_norm': 0.3080029785633087, 'learning_rate': 9.522422325404235e-06, 'epoch': 0.94}
{'loss': 3.0117, 'grad_norm': 0.2977943420410156, 'learning_rate': 9.483718167472066e-06, 'epoch': 0.94}
{'loss': 2.8456, 'grad_norm': 0.32225996255874634, 'learning_rate': 9.44509207376304e-06, 'epoch': 0.94}
{'loss': 2.8545, 'grad_norm': 0.28276026248931885, 'learning_rate': 9.406544050424404e-06, 'epoch': 0.94}
{'loss': 2.9551, 'grad_norm': 0.29313230514526367, 'learning_rate': 9.368074103590974e-06, 'epoch': 0.94}
{'loss': 3.0125, 'grad_norm': 0.2949691414833069, 'learning_rate': 9.329682239385128e-06, 'epoch': 0.94}
{'loss': 2.9609, 'grad_norm': 0.3049512505531311, 'learning_rate': 9.291368463916816e-06, 'epoch': 0.94}
{'loss': 2.9146, 'grad_norm': 0.28917402029037476, 'learning_rate': 9.253132783283547e-06, 'epoch': 0.94}
{'loss': 2.7714, 'grad_norm': 0.29639071226119995, 'learning_rate': 9.214975203570453e-06, 'epoch': 0.94}
{'loss': 2.8209, 'grad_norm': 0.3019236624240875, 'learning_rate': 9.176895730850176e-06, 'epoch': 0.94}
{'loss': 2.9024, 'grad_norm': 0.27003151178359985, 'learning_rate': 9.138894371182982e-06, 'epoch': 0.94}
{'loss': 3.0807, 'grad_norm': 0.28932133316993713, 'learning_rate': 9.100971130616531e-06, 'epoch': 0.94}
{'loss': 2.7895, 'grad_norm': 0.27937453985214233, 'learning_rate': 9.063126015186441e-06, 'epoch': 0.94}
{'loss': 2.8819, 'grad_norm': 0.27252376079559326, 'learning_rate': 9.025359030915447e-06, 'epoch': 0.94}
{'loss': 2.8581, 'grad_norm': 0.2776643633842468, 'learning_rate': 8.987670183814134e-06, 'epoch': 0.94}
{'loss': 2.9095, 'grad_norm': 0.27754780650138855, 'learning_rate': 8.950059479880591e-06, 'epoch': 0.94}
{'loss': 2.9877, 'grad_norm': 0.2951700687408447, 'learning_rate': 8.912526925100417e-06, 'epoch': 0.94}
{'loss': 3.1529, 'grad_norm': 0.2739368677139282, 'learning_rate': 8.875072525446781e-06, 'epoch': 0.94}
{'loss': 2.8876, 'grad_norm': 0.29783812165260315, 'learning_rate': 8.837696286880526e-06, 'epoch': 0.94}
{'loss': 2.8382, 'grad_norm': 0.3153994381427765, 'learning_rate': 8.800398215349891e-06, 'epoch': 0.94}
{'loss': 2.8522, 'grad_norm': 0.30420494079589844, 'learning_rate': 8.7631783167908e-06, 'epoch': 0.94}
{'loss': 2.8262, 'grad_norm': 0.26690569519996643, 'learning_rate': 8.72603659712662e-06, 'epoch': 0.94}
{'loss': 2.9319, 'grad_norm': 0.2848457992076874, 'learning_rate': 8.688973062268401e-06, 'epoch': 0.94}
{'loss': 2.8338, 'grad_norm': 0.28487178683280945, 'learning_rate': 8.651987718114762e-06, 'epoch': 0.94}
{'loss': 2.7954, 'grad_norm': 0.2761438488960266, 'learning_rate': 8.615080570551714e-06, 'epoch': 0.94}
{'loss': 3.0065, 'grad_norm': 0.2758806347846985, 'learning_rate': 8.578251625452948e-06, 'epoch': 0.94}
{'loss': 2.9686, 'grad_norm': 0.289010226726532, 'learning_rate': 8.541500888679664e-06, 'epoch': 0.94}
{'loss': 2.9408, 'grad_norm': 0.3026251196861267, 'learning_rate': 8.504828366080686e-06, 'epoch': 0.94}
{'loss': 2.9645, 'grad_norm': 0.2746720612049103, 'learning_rate': 8.468234063492286e-06, 'epoch': 0.94}
{'loss': 2.9348, 'grad_norm': 0.2718263566493988, 'learning_rate': 8.431717986738363e-06, 'epoch': 0.94}
{'loss': 3.0042, 'grad_norm': 0.31836456060409546, 'learning_rate': 8.395280141630324e-06, 'epoch': 0.94}
{'loss': 2.8847, 'grad_norm': 0.27763089537620544, 'learning_rate': 8.358920533967195e-06, 'epoch': 0.94}
{'loss': 2.8345, 'grad_norm': 0.2933070957660675, 'learning_rate': 8.322639169535463e-06, 'epoch': 0.94}
{'loss': 2.8031, 'grad_norm': 0.31479135155677795, 'learning_rate': 8.28643605410917e-06, 'epoch': 0.94}
{'loss': 2.7881, 'grad_norm': 0.2959423363208771, 'learning_rate': 8.250311193449989e-06, 'epoch': 0.94}
{'loss': 2.8183, 'grad_norm': 0.3036508560180664, 'learning_rate': 8.214264593307098e-06, 'epoch': 0.94}
{'loss': 2.8506, 'grad_norm': 0.26487982273101807, 'learning_rate': 8.178296259417128e-06, 'epoch': 0.94}
{'loss': 2.9401, 'grad_norm': 0.30498939752578735, 'learning_rate': 8.142406197504393e-06, 'epoch': 0.94}
{'loss': 2.8991, 'grad_norm': 0.2781030535697937, 'learning_rate': 8.106594413280655e-06, 'epoch': 0.94}
{'loss': 2.906, 'grad_norm': 0.27470511198043823, 'learning_rate': 8.070860912445299e-06, 'epoch': 0.94}
{'loss': 2.9324, 'grad_norm': 0.32228541374206543, 'learning_rate': 8.035205700685167e-06, 'epoch': 0.94}
{'loss': 2.789, 'grad_norm': 0.28208082914352417, 'learning_rate': 7.999628783674717e-06, 'epoch': 0.94}
{'loss': 2.9058, 'grad_norm': 0.27310511469841003, 'learning_rate': 7.964130167075923e-06, 'epoch': 0.94}
{'loss': 2.9303, 'grad_norm': 0.2648727297782898, 'learning_rate': 7.928709856538207e-06, 'epoch': 0.94}
{'loss': 3.02, 'grad_norm': 0.2887602150440216, 'learning_rate': 7.893367857698674e-06, 'epoch': 0.95}
{'loss': 2.8889, 'grad_norm': 0.2832563519477844, 'learning_rate': 7.85810417618188e-06, 'epoch': 0.95}
{'loss': 2.8727, 'grad_norm': 0.290132611989975, 'learning_rate': 7.822918817599945e-06, 'epoch': 0.95}
{'loss': 2.9547, 'grad_norm': 0.30672112107276917, 'learning_rate': 7.787811787552446e-06, 'epoch': 0.95}
{'loss': 2.8003, 'grad_norm': 0.28530097007751465, 'learning_rate': 7.752783091626691e-06, 'epoch': 0.95}
{'loss': 2.9712, 'grad_norm': 0.2944364845752716, 'learning_rate': 7.717832735397334e-06, 'epoch': 0.95}
{'loss': 2.9329, 'grad_norm': 0.32698026299476624, 'learning_rate': 7.682960724426591e-06, 'epoch': 0.95}
{'loss': 2.9181, 'grad_norm': 0.3017443120479584, 'learning_rate': 7.648167064264244e-06, 'epoch': 0.95}
{'loss': 2.7837, 'grad_norm': 0.30161184072494507, 'learning_rate': 7.613451760447643e-06, 'epoch': 0.95}
{'loss': 2.8571, 'grad_norm': 0.3096780776977539, 'learning_rate': 7.5788148185015896e-06, 'epoch': 0.95}
{'loss': 2.8507, 'grad_norm': 0.25942671298980713, 'learning_rate': 7.544256243938452e-06, 'epoch': 0.95}
{'loss': 3.0183, 'grad_norm': 0.2939684987068176, 'learning_rate': 7.509776042258165e-06, 'epoch': 0.95}
{'loss': 2.9286, 'grad_norm': 0.300315260887146, 'learning_rate': 7.475374218948117e-06, 'epoch': 0.95}
{'loss': 2.8782, 'grad_norm': 0.2999425232410431, 'learning_rate': 7.441050779483316e-06, 'epoch': 0.95}
{'loss': 2.9693, 'grad_norm': 0.29648080468177795, 'learning_rate': 7.406805729326116e-06, 'epoch': 0.95}
{'loss': 2.9059, 'grad_norm': 0.2956925928592682, 'learning_rate': 7.372639073926657e-06, 'epoch': 0.95}
{'loss': 3.0795, 'grad_norm': 0.26124510169029236, 'learning_rate': 7.338550818722367e-06, 'epoch': 0.95}
{'loss': 2.871, 'grad_norm': 0.28722870349884033, 'learning_rate': 7.30454096913824e-06, 'epoch': 0.95}
{'loss': 2.8587, 'grad_norm': 0.29211264848709106, 'learning_rate': 7.270609530586947e-06, 'epoch': 0.95}
{'loss': 2.9081, 'grad_norm': 0.29359740018844604, 'learning_rate': 7.236756508468612e-06, 'epoch': 0.95}
{'loss': 2.9878, 'grad_norm': 0.3053058981895447, 'learning_rate': 7.202981908170703e-06, 'epoch': 0.95}
{'loss': 2.9446, 'grad_norm': 0.2911863923072815, 'learning_rate': 7.1692857350685315e-06, 'epoch': 0.95}
{'loss': 3.0205, 'grad_norm': 0.2690209150314331, 'learning_rate': 7.135667994524531e-06, 'epoch': 0.95}
{'loss': 2.8828, 'grad_norm': 0.29019060730934143, 'learning_rate': 7.1021286918890315e-06, 'epoch': 0.95}
{'loss': 3.0204, 'grad_norm': 0.28118836879730225, 'learning_rate': 7.068667832499654e-06, 'epoch': 0.95}
{'loss': 2.8499, 'grad_norm': 0.2886894643306732, 'learning_rate': 7.035285421681581e-06, 'epoch': 0.95}
{'loss': 2.8132, 'grad_norm': 0.29566657543182373, 'learning_rate': 7.001981464747565e-06, 'epoch': 0.95}
{'loss': 2.9165, 'grad_norm': 0.29023006558418274, 'learning_rate': 6.968755966997753e-06, 'epoch': 0.95}
{'loss': 2.9343, 'grad_norm': 0.2835170328617096, 'learning_rate': 6.935608933719972e-06, 'epoch': 0.95}
{'loss': 2.8628, 'grad_norm': 0.27079904079437256, 'learning_rate': 6.9025403701895025e-06, 'epoch': 0.95}
{'loss': 2.9314, 'grad_norm': 0.2874264717102051, 'learning_rate': 6.869550281668968e-06, 'epoch': 0.95}
{'loss': 2.8488, 'grad_norm': 0.29914894700050354, 'learning_rate': 6.83663867340878e-06, 'epoch': 0.95}
{'loss': 2.7988, 'grad_norm': 0.2778412103652954, 'learning_rate': 6.803805550646691e-06, 'epoch': 0.95}
{'loss': 3.0591, 'grad_norm': 0.3171467185020447, 'learning_rate': 6.7710509186079125e-06, 'epoch': 0.95}
{'loss': 2.9501, 'grad_norm': 0.3270023465156555, 'learning_rate': 6.73837478250533e-06, 'epoch': 0.95}
{'loss': 2.9016, 'grad_norm': 0.2861739695072174, 'learning_rate': 6.705777147539227e-06, 'epoch': 0.95}
{'loss': 2.9323, 'grad_norm': 0.3005574941635132, 'learning_rate': 6.673258018897454e-06, 'epoch': 0.95}
{'loss': 2.8043, 'grad_norm': 0.3004222512245178, 'learning_rate': 6.640817401755317e-06, 'epoch': 0.95}
{'loss': 2.912, 'grad_norm': 0.3060910403728485, 'learning_rate': 6.608455301275629e-06, 'epoch': 0.95}
{'loss': 2.9815, 'grad_norm': 0.28760796785354614, 'learning_rate': 6.576171722608715e-06, 'epoch': 0.95}
{'loss': 3.0035, 'grad_norm': 0.28600504994392395, 'learning_rate': 6.543966670892465e-06, 'epoch': 0.95}
{'loss': 2.9486, 'grad_norm': 0.2877795398235321, 'learning_rate': 6.511840151252168e-06, 'epoch': 0.95}
{'loss': 2.9738, 'grad_norm': 0.3003881275653839, 'learning_rate': 6.47979216880068e-06, 'epoch': 0.95}
{'loss': 2.8035, 'grad_norm': 0.2735598385334015, 'learning_rate': 6.447822728638364e-06, 'epoch': 0.95}
{'loss': 2.9025, 'grad_norm': 0.2795015275478363, 'learning_rate': 6.415931835852984e-06, 'epoch': 0.95}
{'loss': 3.0215, 'grad_norm': 0.30010151863098145, 'learning_rate': 6.38411949551998e-06, 'epoch': 0.95}
{'loss': 3.0149, 'grad_norm': 0.28766191005706787, 'learning_rate': 6.352385712702191e-06, 'epoch': 0.95}
{'loss': 2.7903, 'grad_norm': 0.3026709258556366, 'learning_rate': 6.3207304924498e-06, 'epoch': 0.95}
{'loss': 2.9782, 'grad_norm': 0.3201935589313507, 'learning_rate': 6.289153839800887e-06, 'epoch': 0.95}
{'loss': 2.8119, 'grad_norm': 0.30325350165367126, 'learning_rate': 6.2576557597806005e-06, 'epoch': 0.95}
{'loss': 2.9536, 'grad_norm': 0.31945303082466125, 'learning_rate': 6.226236257401818e-06, 'epoch': 0.95}
{'loss': 2.8927, 'grad_norm': 0.29760420322418213, 'learning_rate': 6.194895337664874e-06, 'epoch': 0.95}
{'loss': 2.9344, 'grad_norm': 0.30613505840301514, 'learning_rate': 6.163633005557501e-06, 'epoch': 0.95}
{'loss': 2.9442, 'grad_norm': 0.2757045328617096, 'learning_rate': 6.132449266055162e-06, 'epoch': 0.95}
{'loss': 2.957, 'grad_norm': 0.27706584334373474, 'learning_rate': 6.1013441241205556e-06, 'epoch': 0.95}
{'loss': 2.9549, 'grad_norm': 0.27224427461624146, 'learning_rate': 6.070317584703999e-06, 'epoch': 0.95}
{'loss': 2.8795, 'grad_norm': 0.2723391652107239, 'learning_rate': 6.039369652743265e-06, 'epoch': 0.95}
{'loss': 2.8793, 'grad_norm': 0.2921983599662781, 'learning_rate': 6.008500333163635e-06, 'epoch': 0.95}
{'loss': 3.0696, 'grad_norm': 0.32020285725593567, 'learning_rate': 5.977709630877848e-06, 'epoch': 0.95}
{'loss': 2.9405, 'grad_norm': 0.3067459166049957, 'learning_rate': 5.946997550786204e-06, 'epoch': 0.95}
{'loss': 2.7537, 'grad_norm': 0.26836493611335754, 'learning_rate': 5.91636409777635e-06, 'epoch': 0.95}
{'loss': 2.8079, 'grad_norm': 0.2899180054664612, 'learning_rate': 5.885809276723608e-06, 'epoch': 0.95}
{'loss': 2.9271, 'grad_norm': 0.3008706569671631, 'learning_rate': 5.8553330924906445e-06, 'epoch': 0.95}
{'loss': 2.8687, 'grad_norm': 0.3035559356212616, 'learning_rate': 5.824935549927635e-06, 'epoch': 0.95}
{'loss': 3.0689, 'grad_norm': 0.28384116291999817, 'learning_rate': 5.79461665387232e-06, 'epoch': 0.95}
{'loss': 2.9321, 'grad_norm': 0.31372931599617004, 'learning_rate': 5.764376409149786e-06, 'epoch': 0.95}
{'loss': 2.9597, 'grad_norm': 0.2884480655193329, 'learning_rate': 5.734214820572737e-06, 'epoch': 0.95}
{'loss': 2.7869, 'grad_norm': 0.26881974935531616, 'learning_rate': 5.7041318929412774e-06, 'epoch': 0.95}
{'loss': 2.9347, 'grad_norm': 0.2766849994659424, 'learning_rate': 5.674127631043025e-06, 'epoch': 0.95}
{'loss': 2.8798, 'grad_norm': 0.2756350338459015, 'learning_rate': 5.64420203965299e-06, 'epoch': 0.95}
{'loss': 3.0188, 'grad_norm': 0.26048925518989563, 'learning_rate': 5.61435512353392e-06, 'epoch': 0.95}
{'loss': 2.9334, 'grad_norm': 0.28580644726753235, 'learning_rate': 5.5845868874357386e-06, 'epoch': 0.95}
{'loss': 2.8028, 'grad_norm': 0.288554310798645, 'learning_rate': 5.554897336095988e-06, 'epoch': 0.95}
{'loss': 3.0857, 'grad_norm': 0.3335149884223938, 'learning_rate': 5.5252864742396656e-06, 'epoch': 0.95}
{'loss': 2.9078, 'grad_norm': 0.27877277135849, 'learning_rate': 5.495754306579282e-06, 'epoch': 0.95}
{'loss': 2.9144, 'grad_norm': 0.28971928358078003, 'learning_rate': 5.4663008378147975e-06, 'epoch': 0.95}
{'loss': 2.9299, 'grad_norm': 0.30564895272254944, 'learning_rate': 5.436926072633575e-06, 'epoch': 0.95}
{'loss': 2.8386, 'grad_norm': 0.31238654255867004, 'learning_rate': 5.407630015710596e-06, 'epoch': 0.95}
{'loss': 2.8385, 'grad_norm': 0.26543793082237244, 'learning_rate': 5.378412671708244e-06, 'epoch': 0.95}
{'loss': 2.8242, 'grad_norm': 0.2744866609573364, 'learning_rate': 5.349274045276353e-06, 'epoch': 0.95}
{'loss': 2.9731, 'grad_norm': 0.2996540367603302, 'learning_rate': 5.320214141052215e-06, 'epoch': 0.95}
{'loss': 2.9507, 'grad_norm': 0.27837932109832764, 'learning_rate': 5.291232963660686e-06, 'epoch': 0.96}
{'loss': 2.8559, 'grad_norm': 0.28854870796203613, 'learning_rate': 5.262330517713965e-06, 'epoch': 0.96}
{'loss': 2.9435, 'grad_norm': 0.3175469934940338, 'learning_rate': 5.2335068078118715e-06, 'epoch': 0.96}
{'loss': 2.8188, 'grad_norm': 0.29688015580177307, 'learning_rate': 5.204761838541572e-06, 'epoch': 0.96}
{'loss': 2.9005, 'grad_norm': 0.3100259006023407, 'learning_rate': 5.176095614477738e-06, 'epoch': 0.96}
{'loss': 2.9082, 'grad_norm': 0.33732903003692627, 'learning_rate': 5.147508140182555e-06, 'epoch': 0.96}
{'loss': 2.9273, 'grad_norm': 0.28758853673934937, 'learning_rate': 5.118999420205606e-06, 'epoch': 0.96}
{'loss': 2.896, 'grad_norm': 0.275617778301239, 'learning_rate': 5.090569459083927e-06, 'epoch': 0.96}
{'loss': 2.8811, 'grad_norm': 0.28815096616744995, 'learning_rate': 5.062218261342122e-06, 'epoch': 0.96}
{'loss': 2.8243, 'grad_norm': 0.2987658679485321, 'learning_rate': 5.033945831492248e-06, 'epoch': 0.96}
{'loss': 2.8115, 'grad_norm': 0.28448858857154846, 'learning_rate': 5.005752174033651e-06, 'epoch': 0.96}
{'loss': 3.0504, 'grad_norm': 0.30427923798561096, 'learning_rate': 4.9776372934533524e-06, 'epoch': 0.96}
{'loss': 2.9092, 'grad_norm': 0.2887127101421356, 'learning_rate': 4.949601194225717e-06, 'epoch': 0.96}
{'loss': 2.8979, 'grad_norm': 0.27033278346061707, 'learning_rate': 4.921643880812621e-06, 'epoch': 0.96}
{'loss': 2.8284, 'grad_norm': 0.29025328159332275, 'learning_rate': 4.893765357663394e-06, 'epoch': 0.96}
{'loss': 2.8418, 'grad_norm': 0.28266093134880066, 'learning_rate': 4.865965629214819e-06, 'epoch': 0.96}
{'loss': 2.8111, 'grad_norm': 0.2868475019931793, 'learning_rate': 4.838244699891192e-06, 'epoch': 0.96}
{'loss': 2.9603, 'grad_norm': 0.31180575489997864, 'learning_rate': 4.810602574104151e-06, 'epoch': 0.96}
{'loss': 2.8682, 'grad_norm': 0.3161412477493286, 'learning_rate': 4.783039256252841e-06, 'epoch': 0.96}
{'loss': 3.0163, 'grad_norm': 0.27888181805610657, 'learning_rate': 4.755554750723923e-06, 'epoch': 0.96}
{'loss': 2.7781, 'grad_norm': 0.30491402745246887, 'learning_rate': 4.728149061891451e-06, 'epoch': 0.96}
{'loss': 3.0344, 'grad_norm': 0.30406808853149414, 'learning_rate': 4.700822194116994e-06, 'epoch': 0.96}
{'loss': 2.8762, 'grad_norm': 0.2786228060722351, 'learning_rate': 4.673574151749571e-06, 'epoch': 0.96}
{'loss': 2.9332, 'grad_norm': 0.3027123510837555, 'learning_rate': 4.646404939125548e-06, 'epoch': 0.96}
{'loss': 2.9139, 'grad_norm': 0.3001924455165863, 'learning_rate': 4.619314560568855e-06, 'epoch': 0.96}
{'loss': 2.8247, 'grad_norm': 0.26928725838661194, 'learning_rate': 4.59230302039082e-06, 'epoch': 0.96}
{'loss': 2.9935, 'grad_norm': 0.3124139904975891, 'learning_rate': 4.5653703228903384e-06, 'epoch': 0.96}
{'loss': 3.016, 'grad_norm': 0.26990288496017456, 'learning_rate': 4.538516472353593e-06, 'epoch': 0.96}
{'loss': 2.9784, 'grad_norm': 0.2845776677131653, 'learning_rate': 4.511741473054332e-06, 'epoch': 0.96}
{'loss': 3.0418, 'grad_norm': 0.28704750537872314, 'learning_rate': 4.4850453292536455e-06, 'epoch': 0.96}
{'loss': 2.9164, 'grad_norm': 0.2676823139190674, 'learning_rate': 4.4584280452001915e-06, 'epoch': 0.96}
{'loss': 2.8938, 'grad_norm': 0.2858313322067261, 'learning_rate': 4.431889625130136e-06, 'epoch': 0.96}
{'loss': 2.9416, 'grad_norm': 0.2823280990123749, 'learning_rate': 4.405430073266825e-06, 'epoch': 0.96}
{'loss': 2.9133, 'grad_norm': 0.29890725016593933, 'learning_rate': 4.379049393821333e-06, 'epoch': 0.96}
{'loss': 2.9979, 'grad_norm': 0.2949795424938202, 'learning_rate': 4.352747590991968e-06, 'epoch': 0.96}
{'loss': 2.9886, 'grad_norm': 0.32089054584503174, 'learning_rate': 4.32652466896466e-06, 'epoch': 0.96}
{'loss': 2.979, 'grad_norm': 0.29037049412727356, 'learning_rate': 4.300380631912737e-06, 'epoch': 0.96}
{'loss': 3.0474, 'grad_norm': 0.31006690859794617, 'learning_rate': 4.274315483996871e-06, 'epoch': 0.96}
{'loss': 2.9761, 'grad_norm': 0.2710120677947998, 'learning_rate': 4.2483292293652445e-06, 'epoch': 0.96}
{'loss': 2.8844, 'grad_norm': 0.2872409522533417, 'learning_rate': 4.222421872153604e-06, 'epoch': 0.96}
{'loss': 2.9553, 'grad_norm': 0.30879324674606323, 'learning_rate': 4.196593416484873e-06, 'epoch': 0.96}
{'loss': 2.8783, 'grad_norm': 0.2761853039264679, 'learning_rate': 4.170843866469709e-06, 'epoch': 0.96}
{'loss': 2.8765, 'grad_norm': 0.27993372082710266, 'learning_rate': 4.145173226206056e-06, 'epoch': 0.96}
{'loss': 2.858, 'grad_norm': 0.2989540994167328, 'learning_rate': 4.119581499779201e-06, 'epoch': 0.96}
{'loss': 2.8717, 'grad_norm': 0.29459017515182495, 'learning_rate': 4.094068691262165e-06, 'epoch': 0.96}
{'loss': 2.8801, 'grad_norm': 0.2617623209953308, 'learning_rate': 4.068634804715088e-06, 'epoch': 0.96}
{'loss': 2.8088, 'grad_norm': 0.32683640718460083, 'learning_rate': 4.043279844185787e-06, 'epoch': 0.96}
{'loss': 2.7359, 'grad_norm': 0.277976393699646, 'learning_rate': 4.018003813709425e-06, 'epoch': 0.96}
{'loss': 2.7274, 'grad_norm': 0.29822513461112976, 'learning_rate': 3.992806717308561e-06, 'epoch': 0.96}
{'loss': 2.8948, 'grad_norm': 0.2873237729072571, 'learning_rate': 3.967688558993321e-06, 'epoch': 0.96}
{'loss': 2.9579, 'grad_norm': 0.27785250544548035, 'learning_rate': 3.942649342761117e-06, 'epoch': 0.96}
{'loss': 2.9103, 'grad_norm': 0.3046656548976898, 'learning_rate': 3.917689072596819e-06, 'epoch': 0.96}
{'loss': 2.8798, 'grad_norm': 0.29647180438041687, 'learning_rate': 3.892807752472916e-06, 'epoch': 0.96}
{'loss': 2.9149, 'grad_norm': 0.29736611247062683, 'learning_rate': 3.8680053863490715e-06, 'epoch': 0.96}
{'loss': 2.8403, 'grad_norm': 0.26547208428382874, 'learning_rate': 3.843281978172575e-06, 'epoch': 0.96}
{'loss': 2.8721, 'grad_norm': 0.3083363473415375, 'learning_rate': 3.8186375318780556e-06, 'epoch': 0.96}
{'loss': 2.872, 'grad_norm': 0.292818158864975, 'learning_rate': 3.7940720513875982e-06, 'epoch': 0.96}
{'loss': 2.8557, 'grad_norm': 0.28202611207962036, 'learning_rate': 3.7695855406107984e-06, 'epoch': 0.96}
{'loss': 2.8681, 'grad_norm': 0.289702445268631, 'learning_rate': 3.7451780034445937e-06, 'epoch': 0.96}
{'loss': 2.8481, 'grad_norm': 0.2865075469017029, 'learning_rate': 3.7208494437732664e-06, 'epoch': 0.96}
{'loss': 2.8629, 'grad_norm': 0.30781644582748413, 'learning_rate': 3.6965998654687194e-06, 'epoch': 0.96}
{'loss': 2.915, 'grad_norm': 0.2833561897277832, 'learning_rate': 3.672429272390254e-06, 'epoch': 0.96}
{'loss': 2.9796, 'grad_norm': 0.29697176814079285, 'learning_rate': 3.648337668384405e-06, 'epoch': 0.96}
{'loss': 2.8529, 'grad_norm': 0.305410772562027, 'learning_rate': 3.6243250572853827e-06, 'epoch': 0.96}
{'loss': 2.7563, 'grad_norm': 0.2901063561439514, 'learning_rate': 3.600391442914741e-06, 'epoch': 0.96}
{'loss': 2.9215, 'grad_norm': 0.28692737221717834, 'learning_rate': 3.576536829081323e-06, 'epoch': 0.96}
{'loss': 2.9185, 'grad_norm': 0.2696431875228882, 'learning_rate': 3.5527612195817017e-06, 'epoch': 0.96}
{'loss': 3.0273, 'grad_norm': 0.277956485748291, 'learning_rate': 3.5290646181995178e-06, 'epoch': 0.96}
{'loss': 2.8414, 'grad_norm': 0.2870230972766876, 'learning_rate': 3.5054470287061437e-06, 'epoch': 0.96}
{'loss': 2.8916, 'grad_norm': 0.2912173271179199, 'learning_rate': 3.481908454860183e-06, 'epoch': 0.96}
{'loss': 2.9057, 'grad_norm': 0.31328490376472473, 'learning_rate': 3.4584489004077512e-06, 'epoch': 0.96}
{'loss': 2.8777, 'grad_norm': 0.2877916991710663, 'learning_rate': 3.435068369082306e-06, 'epoch': 0.96}
{'loss': 2.8516, 'grad_norm': 0.2680032551288605, 'learning_rate': 3.411766864604926e-06, 'epoch': 0.96}
{'loss': 2.9954, 'grad_norm': 0.2647317945957184, 'learning_rate': 3.3885443906838674e-06, 'epoch': 0.96}
{'loss': 2.9168, 'grad_norm': 0.312055379152298, 'learning_rate': 3.365400951014952e-06, 'epoch': 0.96}
{'loss': 2.9419, 'grad_norm': 0.2886456549167633, 'learning_rate': 3.3423365492813997e-06, 'epoch': 0.96}
{'loss': 2.9757, 'grad_norm': 0.2867501676082611, 'learning_rate': 3.31935118915383e-06, 'epoch': 0.96}
{'loss': 2.8207, 'grad_norm': 0.29197952151298523, 'learning_rate': 3.2964448742902607e-06, 'epoch': 0.96}
{'loss': 2.8986, 'grad_norm': 0.3041330873966217, 'learning_rate': 3.273617608336221e-06, 'epoch': 0.96}
{'loss': 2.9262, 'grad_norm': 0.29433757066726685, 'learning_rate': 3.250869394924583e-06, 'epoch': 0.96}
{'loss': 2.9581, 'grad_norm': 0.2749769985675812, 'learning_rate': 3.2282002376756157e-06, 'epoch': 0.96}
{'loss': 2.956, 'grad_norm': 0.2656223773956299, 'learning_rate': 3.2056101401971573e-06, 'epoch': 0.96}
{'loss': 2.947, 'grad_norm': 0.3074234127998352, 'learning_rate': 3.183099106084275e-06, 'epoch': 0.97}
{'loss': 2.923, 'grad_norm': 0.2777148485183716, 'learning_rate': 3.160667138919493e-06, 'epoch': 0.97}
{'loss': 2.8631, 'grad_norm': 0.3064327836036682, 'learning_rate': 3.1383142422728995e-06, 'epoch': 0.97}
{'loss': 3.001, 'grad_norm': 0.27710166573524475, 'learning_rate': 3.1160404197018156e-06, 'epoch': 0.97}
{'loss': 2.9379, 'grad_norm': 0.2830599844455719, 'learning_rate': 3.0938456747510724e-06, 'epoch': 0.97}
{'loss': 2.8929, 'grad_norm': 0.30395933985710144, 'learning_rate': 3.0717300109529557e-06, 'epoch': 0.97}
{'loss': 3.0134, 'grad_norm': 0.2984561324119568, 'learning_rate': 3.049693431826983e-06, 'epoch': 0.97}
{'loss': 2.983, 'grad_norm': 0.29042667150497437, 'learning_rate': 3.027735940880294e-06, 'epoch': 0.97}
{'loss': 2.9241, 'grad_norm': 0.2827100455760956, 'learning_rate': 3.005857541607371e-06, 'epoch': 0.97}
{'loss': 3.0006, 'grad_norm': 0.30536067485809326, 'learning_rate': 2.984058237490095e-06, 'epoch': 0.97}
{'loss': 2.9481, 'grad_norm': 0.2711082398891449, 'learning_rate': 2.9623380319976913e-06, 'epoch': 0.97}
{'loss': 3.0258, 'grad_norm': 0.31593021750450134, 'learning_rate': 2.9406969285870056e-06, 'epoch': 0.97}
{'loss': 2.9717, 'grad_norm': 0.3190491795539856, 'learning_rate': 2.9191349307020052e-06, 'epoch': 0.97}
{'loss': 2.9152, 'grad_norm': 0.30440154671669006, 'learning_rate': 2.897652041774279e-06, 'epoch': 0.97}
{'loss': 2.9325, 'grad_norm': 0.26942867040634155, 'learning_rate': 2.876248265222703e-06, 'epoch': 0.97}
{'loss': 2.878, 'grad_norm': 0.27654963731765747, 'learning_rate': 2.8549236044537742e-06, 'epoch': 0.97}
{'loss': 3.0448, 'grad_norm': 0.3001459538936615, 'learning_rate': 2.833678062861167e-06, 'epoch': 0.97}
{'loss': 2.8424, 'grad_norm': 0.2794092893600464, 'learning_rate': 2.81251164382601e-06, 'epoch': 0.97}
{'loss': 2.9862, 'grad_norm': 0.2846399247646332, 'learning_rate': 2.7914243507169423e-06, 'epoch': 0.97}
{'loss': 2.859, 'grad_norm': 0.29566118121147156, 'learning_rate': 2.77041618688989e-06, 'epoch': 0.97}
{'loss': 2.8387, 'grad_norm': 0.28618869185447693, 'learning_rate': 2.7494871556882907e-06, 'epoch': 0.97}
{'loss': 2.9678, 'grad_norm': 0.27050191164016724, 'learning_rate': 2.728637260442868e-06, 'epoch': 0.97}
{'loss': 2.9085, 'grad_norm': 0.27270764112472534, 'learning_rate': 2.7078665044718566e-06, 'epoch': 0.97}
{'loss': 2.9146, 'grad_norm': 0.29123711585998535, 'learning_rate': 2.6871748910808903e-06, 'epoch': 0.97}
{'loss': 2.814, 'grad_norm': 0.28192925453186035, 'learning_rate': 2.666562423562946e-06, 'epoch': 0.97}
{'loss': 2.9084, 'grad_norm': 0.28431469202041626, 'learning_rate': 2.646029105198511e-06, 'epoch': 0.97}
{'loss': 2.7778, 'grad_norm': 0.27344807982444763, 'learning_rate': 2.625574939255304e-06, 'epoch': 0.97}
{'loss': 2.9218, 'grad_norm': 0.30611950159072876, 'learning_rate': 2.6051999289885554e-06, 'epoch': 0.97}
{'loss': 2.8617, 'grad_norm': 0.28145793080329895, 'learning_rate': 2.584904077640893e-06, 'epoch': 0.97}
{'loss': 3.018, 'grad_norm': 0.3047213554382324, 'learning_rate': 2.564687388442399e-06, 'epoch': 0.97}
{'loss': 2.9973, 'grad_norm': 0.30188342928886414, 'learning_rate': 2.544549864610446e-06, 'epoch': 0.97}
{'loss': 3.0001, 'grad_norm': 0.31505975127220154, 'learning_rate': 2.5244915093499133e-06, 'epoch': 0.97}
{'loss': 3.1128, 'grad_norm': 0.29652276635169983, 'learning_rate': 2.5045123258529703e-06, 'epoch': 0.97}
{'loss': 2.8828, 'grad_norm': 0.3167754113674164, 'learning_rate': 2.4846123172992953e-06, 'epoch': 0.97}
{'loss': 2.8976, 'grad_norm': 0.2965824604034424, 'learning_rate': 2.4647914868559106e-06, 'epoch': 0.97}
{'loss': 2.9417, 'grad_norm': 0.28974106907844543, 'learning_rate': 2.4450498376771268e-06, 'epoch': 0.97}
{'loss': 2.9587, 'grad_norm': 0.2765173316001892, 'learning_rate': 2.4253873729049857e-06, 'epoch': 0.97}
{'loss': 2.965, 'grad_norm': 0.26657459139823914, 'learning_rate': 2.4058040956685403e-06, 'epoch': 0.97}
{'loss': 3.0469, 'grad_norm': 0.29998570680618286, 'learning_rate': 2.386300009084408e-06, 'epoch': 0.97}
{'loss': 2.8335, 'grad_norm': 0.3012405335903168, 'learning_rate': 2.366875116256717e-06, 'epoch': 0.97}
{'loss': 2.8968, 'grad_norm': 0.27207037806510925, 'learning_rate': 2.3475294202767726e-06, 'epoch': 0.97}
{'loss': 2.7846, 'grad_norm': 0.3013564944267273, 'learning_rate': 2.328262924223501e-06, 'epoch': 0.97}
{'loss': 2.8718, 'grad_norm': 0.28669559955596924, 'learning_rate': 2.30907563116306e-06, 'epoch': 0.97}
{'loss': 2.7513, 'grad_norm': 0.2728041410446167, 'learning_rate': 2.2899675441490076e-06, 'epoch': 0.97}
{'loss': 3.111, 'grad_norm': 0.3141631484031677, 'learning_rate': 2.270938666222355e-06, 'epoch': 0.97}
{'loss': 2.942, 'grad_norm': 0.30323365330696106, 'learning_rate': 2.251989000411514e-06, 'epoch': 0.97}
{'loss': 2.9986, 'grad_norm': 0.3044428527355194, 'learning_rate': 2.233118549732238e-06, 'epoch': 0.97}
{'loss': 3.0256, 'grad_norm': 0.29663708806037903, 'learning_rate': 2.214327317187792e-06, 'epoch': 0.97}
{'loss': 2.8828, 'grad_norm': 0.300199031829834, 'learning_rate': 2.195615305768617e-06, 'epoch': 0.97}
{'loss': 2.8834, 'grad_norm': 0.27693092823028564, 'learning_rate': 2.1769825184527747e-06, 'epoch': 0.97}
{'loss': 2.9682, 'grad_norm': 0.3347885012626648, 'learning_rate': 2.1584289582055607e-06, 'epoch': 0.97}
{'loss': 2.8301, 'grad_norm': 0.2798157036304474, 'learning_rate': 2.1399546279797233e-06, 'epoch': 0.97}
{'loss': 2.9481, 'grad_norm': 0.30053696036338806, 'learning_rate': 2.121559530715467e-06, 'epoch': 0.97}
{'loss': 3.0063, 'grad_norm': 0.2739778459072113, 'learning_rate': 2.103243669340227e-06, 'epoch': 0.97}
{'loss': 2.9368, 'grad_norm': 0.30646994709968567, 'learning_rate': 2.0850070467689495e-06, 'epoch': 0.97}
{'loss': 2.9964, 'grad_norm': 0.30445122718811035, 'learning_rate': 2.0668496659039247e-06, 'epoch': 0.97}
{'loss': 2.9226, 'grad_norm': 0.31971475481987, 'learning_rate': 2.0487715296348962e-06, 'epoch': 0.97}
{'loss': 3.067, 'grad_norm': 0.2792414426803589, 'learning_rate': 2.0307726408389514e-06, 'epoch': 0.97}
{'loss': 2.9647, 'grad_norm': 0.26753881573677063, 'learning_rate': 2.012853002380466e-06, 'epoch': 0.97}
{'loss': 2.9994, 'grad_norm': 0.31101205945014954, 'learning_rate': 1.995012617111436e-06, 'epoch': 0.97}
{'loss': 2.9015, 'grad_norm': 0.30654406547546387, 'learning_rate': 1.977251487870979e-06, 'epoch': 0.97}
{'loss': 2.8639, 'grad_norm': 0.28854435682296753, 'learning_rate': 1.959569617485779e-06, 'epoch': 0.97}
{'loss': 2.8193, 'grad_norm': 0.2808276414871216, 'learning_rate': 1.9419670087698072e-06, 'epoch': 0.97}
{'loss': 2.9471, 'grad_norm': 0.29006609320640564, 'learning_rate': 1.9244436645246e-06, 'epoch': 0.97}
{'loss': 2.9081, 'grad_norm': 0.29155370593070984, 'learning_rate': 1.9069995875387602e-06, 'epoch': 0.97}
{'loss': 2.9446, 'grad_norm': 0.2980273365974426, 'learning_rate': 1.8896347805886227e-06, 'epoch': 0.97}
{'loss': 2.9374, 'grad_norm': 0.2993936240673065, 'learning_rate': 1.872349246437699e-06, 'epoch': 0.97}
{'loss': 2.8365, 'grad_norm': 0.28769049048423767, 'learning_rate': 1.8551429878368442e-06, 'epoch': 0.97}
{'loss': 2.8618, 'grad_norm': 0.30651095509529114, 'learning_rate': 1.838016007524479e-06, 'epoch': 0.97}
{'loss': 2.9544, 'grad_norm': 0.31111329793930054, 'learning_rate': 1.8209683082263118e-06, 'epoch': 0.97}
{'loss': 2.9182, 'grad_norm': 0.28533935546875, 'learning_rate': 1.8039998926553947e-06, 'epoch': 0.97}
{'loss': 2.9801, 'grad_norm': 0.29580259323120117, 'learning_rate': 1.787110763512234e-06, 'epoch': 0.97}
{'loss': 3.0515, 'grad_norm': 0.3037961721420288, 'learning_rate': 1.7703009234846245e-06, 'epoch': 0.97}
{'loss': 2.9793, 'grad_norm': 0.3000499904155731, 'learning_rate': 1.753570375247815e-06, 'epoch': 0.97}
{'loss': 2.9473, 'grad_norm': 0.2873228192329407, 'learning_rate': 1.7369191214645087e-06, 'epoch': 0.97}
{'loss': 2.9414, 'grad_norm': 0.28492140769958496, 'learning_rate': 1.7203471647846414e-06, 'epoch': 0.97}
{'loss': 2.8971, 'grad_norm': 0.29185259342193604, 'learning_rate': 1.703854507845548e-06, 'epoch': 0.97}
{'loss': 2.8964, 'grad_norm': 0.2650390565395355, 'learning_rate': 1.6874411532720736e-06, 'epoch': 0.97}
{'loss': 2.7656, 'grad_norm': 0.2880731225013733, 'learning_rate': 1.6711071036763503e-06, 'epoch': 0.97}
{'loss': 2.7974, 'grad_norm': 0.2571377158164978, 'learning_rate': 1.6548523616577993e-06, 'epoch': 0.97}
{'loss': 2.9588, 'grad_norm': 0.2824190557003021, 'learning_rate': 1.6386769298034064e-06, 'epoch': 0.97}
{'loss': 2.9175, 'grad_norm': 0.3037756681442261, 'learning_rate': 1.6225808106873907e-06, 'epoch': 0.98}
{'loss': 2.9632, 'grad_norm': 0.26963454484939575, 'learning_rate': 1.6065640068714248e-06, 'epoch': 0.98}
{'loss': 2.9288, 'grad_norm': 0.2823328673839569, 'learning_rate': 1.5906265209045257e-06, 'epoch': 0.98}
{'loss': 3.0227, 'grad_norm': 0.3027198910713196, 'learning_rate': 1.574768355323164e-06, 'epoch': 0.98}
{'loss': 3.036, 'grad_norm': 0.3019846975803375, 'learning_rate': 1.558989512650988e-06, 'epoch': 0.98}
{'loss': 2.9317, 'grad_norm': 0.29603296518325806, 'learning_rate': 1.5432899953992663e-06, 'epoch': 0.98}
{'loss': 3.0245, 'grad_norm': 0.2885012924671173, 'learning_rate': 1.5276698060665007e-06, 'epoch': 0.98}
{'loss': 2.908, 'grad_norm': 0.32093194127082825, 'learning_rate': 1.5121289471385913e-06, 'epoch': 0.98}
{'loss': 2.8613, 'grad_norm': 0.3002496063709259, 'learning_rate': 1.4966674210888375e-06, 'epoch': 0.98}
{'loss': 2.8191, 'grad_norm': 0.2885129749774933, 'learning_rate': 1.4812852303778268e-06, 'epoch': 0.98}
{'loss': 2.825, 'grad_norm': 0.3247692883014679, 'learning_rate': 1.4659823774536562e-06, 'epoch': 0.98}
{'loss': 3.0112, 'grad_norm': 0.2923637926578522, 'learning_rate': 1.4507588647517667e-06, 'epoch': 0.98}
{'loss': 2.8742, 'grad_norm': 0.27868810296058655, 'learning_rate': 1.435614694694831e-06, 'epoch': 0.98}
{'loss': 2.873, 'grad_norm': 0.29897183179855347, 'learning_rate': 1.420549869693033e-06, 'epoch': 0.98}
{'loss': 2.8968, 'grad_norm': 0.2761058509349823, 'learning_rate': 1.4055643921439542e-06, 'epoch': 0.98}
{'loss': 3.0024, 'grad_norm': 0.2996577024459839, 'learning_rate': 1.390658264432465e-06, 'epoch': 0.98}
{'loss': 2.6758, 'grad_norm': 0.26758870482444763, 'learning_rate': 1.3758314889307788e-06, 'epoch': 0.98}
{'loss': 2.9269, 'grad_norm': 0.2689817547798157, 'learning_rate': 1.3610840679985636e-06, 'epoch': 0.98}
{'loss': 2.974, 'grad_norm': 0.2878783941268921, 'learning_rate': 1.346416003982831e-06, 'epoch': 0.98}
{'loss': 2.9859, 'grad_norm': 0.3015758991241455, 'learning_rate': 1.3318272992179915e-06, 'epoch': 0.98}
{'loss': 2.8973, 'grad_norm': 0.2942489683628082, 'learning_rate': 1.317317956025743e-06, 'epoch': 0.98}
{'loss': 2.9366, 'grad_norm': 0.2695367932319641, 'learning_rate': 1.3028879767152946e-06, 'epoch': 0.98}
{'loss': 2.8948, 'grad_norm': 0.2890361249446869, 'learning_rate': 1.2885373635829757e-06, 'epoch': 0.98}
{'loss': 3.0986, 'grad_norm': 0.2720112204551697, 'learning_rate': 1.2742661189127925e-06, 'epoch': 0.98}
{'loss': 2.8909, 'grad_norm': 0.2860225737094879, 'learning_rate': 1.2600742449759285e-06, 'epoch': 0.98}
{'loss': 2.9766, 'grad_norm': 0.2825193703174591, 'learning_rate': 1.24596174403091e-06, 'epoch': 0.98}
{'loss': 2.9368, 'grad_norm': 0.32051882147789, 'learning_rate': 1.2319286183237744e-06, 'epoch': 0.98}
{'loss': 3.064, 'grad_norm': 0.31882283091545105, 'learning_rate': 1.2179748700879012e-06, 'epoch': 0.98}
{'loss': 2.88, 'grad_norm': 0.3086797893047333, 'learning_rate': 1.2041005015438477e-06, 'epoch': 0.98}
{'loss': 2.9799, 'grad_norm': 0.30313941836357117, 'learning_rate': 1.190305514899792e-06, 'epoch': 0.98}
{'loss': 2.9056, 'grad_norm': 0.26794177293777466, 'learning_rate': 1.1765899123510891e-06, 'epoch': 0.98}
{'loss': 3.0116, 'grad_norm': 0.31506943702697754, 'learning_rate': 1.1629536960806042e-06, 'epoch': 0.98}
{'loss': 2.9605, 'grad_norm': 0.28391551971435547, 'learning_rate': 1.14939686825849e-06, 'epoch': 0.98}
{'loss': 3.086, 'grad_norm': 0.31134915351867676, 'learning_rate': 1.1359194310422427e-06, 'epoch': 0.98}
{'loss': 2.8809, 'grad_norm': 0.30391356348991394, 'learning_rate': 1.1225213865767025e-06, 'epoch': 0.98}
{'loss': 3.0639, 'grad_norm': 0.2924960255622864, 'learning_rate': 1.1092027369942747e-06, 'epoch': 0.98}
{'loss': 2.9111, 'grad_norm': 0.2771115303039551, 'learning_rate': 1.0959634844144861e-06, 'epoch': 0.98}
{'loss': 2.8391, 'grad_norm': 0.2840675711631775, 'learning_rate': 1.0828036309443734e-06, 'epoch': 0.98}
{'loss': 3.0295, 'grad_norm': 0.29943543672561646, 'learning_rate': 1.0697231786782058e-06, 'epoch': 0.98}
{'loss': 2.9855, 'grad_norm': 0.3240297734737396, 'learning_rate': 1.056722129697818e-06, 'epoch': 0.98}
{'loss': 2.7584, 'grad_norm': 0.3097495138645172, 'learning_rate': 1.043800486072166e-06, 'epoch': 0.98}
{'loss': 2.9247, 'grad_norm': 0.29863980412483215, 'learning_rate': 1.0309582498577719e-06, 'epoch': 0.98}
{'loss': 2.9351, 'grad_norm': 0.2809962034225464, 'learning_rate': 1.0181954230983893e-06, 'epoch': 0.98}
{'loss': 2.894, 'grad_norm': 0.2798812985420227, 'learning_rate': 1.0055120078252267e-06, 'epoch': 0.98}
{'loss': 2.8784, 'grad_norm': 0.2852177321910858, 'learning_rate': 9.929080060568362e-07, 'epoch': 0.98}
{'loss': 2.7914, 'grad_norm': 0.2900272011756897, 'learning_rate': 9.803834197990024e-07, 'epoch': 0.98}
{'loss': 2.9732, 'grad_norm': 0.32640182971954346, 'learning_rate': 9.679382510451306e-07, 'epoch': 0.98}
{'loss': 3.0058, 'grad_norm': 0.322641521692276, 'learning_rate': 9.555725017756921e-07, 'epoch': 0.98}
{'loss': 2.9553, 'grad_norm': 0.27676403522491455, 'learning_rate': 9.432861739586685e-07, 'epoch': 0.98}
{'loss': 2.9109, 'grad_norm': 0.28133296966552734, 'learning_rate': 9.310792695494952e-07, 'epoch': 0.98}
{'loss': 2.8916, 'grad_norm': 0.27940550446510315, 'learning_rate': 9.189517904907851e-07, 'epoch': 0.98}
{'loss': 2.9072, 'grad_norm': 0.27346813678741455, 'learning_rate': 9.069037387126611e-07, 'epoch': 0.98}
{'loss': 2.8869, 'grad_norm': 0.2594555616378784, 'learning_rate': 8.949351161324226e-07, 'epoch': 0.98}
{'loss': 3.0106, 'grad_norm': 0.2683447003364563, 'learning_rate': 8.83045924654935e-07, 'epoch': 0.98}
{'loss': 2.7839, 'grad_norm': 0.28946858644485474, 'learning_rate': 8.712361661722956e-07, 'epoch': 0.98}
{'loss': 2.8534, 'grad_norm': 0.2981362044811249, 'learning_rate': 8.595058425640012e-07, 'epoch': 0.98}
{'loss': 2.8854, 'grad_norm': 0.2927263081073761, 'learning_rate': 8.478549556968917e-07, 'epoch': 0.98}
{'loss': 2.7809, 'grad_norm': 0.2939510643482208, 'learning_rate': 8.362835074251506e-07, 'epoch': 0.98}
{'loss': 2.8932, 'grad_norm': 0.2808540165424347, 'learning_rate': 8.247914995903605e-07, 'epoch': 0.98}
{'loss': 2.8311, 'grad_norm': 0.30577975511550903, 'learning_rate': 8.13378934021447e-07, 'epoch': 0.98}
{'loss': 2.9162, 'grad_norm': 0.2964150309562683, 'learning_rate': 8.020458125346797e-07, 'epoch': 0.98}
{'loss': 2.9008, 'grad_norm': 0.30420562624931335, 'learning_rate': 7.907921369337267e-07, 'epoch': 0.98}
{'loss': 2.8724, 'grad_norm': 0.3293454051017761, 'learning_rate': 7.796179090094891e-07, 'epoch': 0.98}
{'loss': 2.8446, 'grad_norm': 0.28066393733024597, 'learning_rate': 7.685231305404327e-07, 'epoch': 0.98}
{'loss': 2.8638, 'grad_norm': 0.2732217609882355, 'learning_rate': 7.575078032921457e-07, 'epoch': 0.98}
{'loss': 2.971, 'grad_norm': 0.30566391348838806, 'learning_rate': 7.465719290177253e-07, 'epoch': 0.98}
{'loss': 3.0478, 'grad_norm': 0.26602762937545776, 'learning_rate': 7.357155094576129e-07, 'epoch': 0.98}
{'loss': 2.9342, 'grad_norm': 0.2752176523208618, 'learning_rate': 7.249385463395375e-07, 'epoch': 0.98}
{'loss': 2.8246, 'grad_norm': 0.27777570486068726, 'learning_rate': 7.142410413786271e-07, 'epoch': 0.98}
{'loss': 2.9255, 'grad_norm': 0.27643173933029175, 'learning_rate': 7.036229962774088e-07, 'epoch': 0.98}
{'loss': 2.9091, 'grad_norm': 0.2946817874908447, 'learning_rate': 6.93084412725642e-07, 'epoch': 0.98}
{'loss': 2.991, 'grad_norm': 0.2939973771572113, 'learning_rate': 6.826252924005405e-07, 'epoch': 0.98}
{'loss': 2.9545, 'grad_norm': 0.2860228419303894, 'learning_rate': 6.722456369666619e-07, 'epoch': 0.98}
{'loss': 3.0479, 'grad_norm': 0.30262696743011475, 'learning_rate': 6.619454480758514e-07, 'epoch': 0.98}
{'loss': 2.8392, 'grad_norm': 0.2694324553012848, 'learning_rate': 6.517247273674088e-07, 'epoch': 0.98}
{'loss': 2.8185, 'grad_norm': 0.27151140570640564, 'learning_rate': 6.415834764678663e-07, 'epoch': 0.98}
{'loss': 2.862, 'grad_norm': 0.2864668071269989, 'learning_rate': 6.315216969912663e-07, 'epoch': 0.98}
{'loss': 2.941, 'grad_norm': 0.2940753698348999, 'learning_rate': 6.215393905388278e-07, 'epoch': 0.98}
{'loss': 3.0107, 'grad_norm': 0.3226332664489746, 'learning_rate': 6.116365586992245e-07, 'epoch': 0.98}
{'loss': 2.8481, 'grad_norm': 0.30446386337280273, 'learning_rate': 6.018132030484735e-07, 'epoch': 0.98}
{'loss': 2.7192, 'grad_norm': 0.2880285084247589, 'learning_rate': 5.920693251499354e-07, 'epoch': 0.98}
{'loss': 2.8879, 'grad_norm': 0.3009915053844452, 'learning_rate': 5.824049265543696e-07, 'epoch': 0.99}
{'loss': 2.8839, 'grad_norm': 0.3132677972316742, 'learning_rate': 5.728200087997126e-07, 'epoch': 0.99}
{'loss': 2.9212, 'grad_norm': 0.270331472158432, 'learning_rate': 5.633145734114664e-07, 'epoch': 0.99}
{'loss': 2.824, 'grad_norm': 0.2792769968509674, 'learning_rate': 5.538886219024209e-07, 'epoch': 0.99}
{'loss': 2.9986, 'grad_norm': 0.3065345883369446, 'learning_rate': 5.445421557725983e-07, 'epoch': 0.99}
{'loss': 2.9247, 'grad_norm': 0.2965639531612396, 'learning_rate': 5.352751765095309e-07, 'epoch': 0.99}
{'loss': 2.9783, 'grad_norm': 0.2908689081668854, 'learning_rate': 5.260876855879837e-07, 'epoch': 0.99}
{'loss': 2.9212, 'grad_norm': 0.2724376618862152, 'learning_rate': 5.169796844701757e-07, 'epoch': 0.99}
{'loss': 2.9114, 'grad_norm': 0.2761232852935791, 'learning_rate': 5.079511746055033e-07, 'epoch': 0.99}
{'loss': 2.8919, 'grad_norm': 0.27431023120880127, 'learning_rate': 4.990021574309833e-07, 'epoch': 0.99}
{'loss': 2.8531, 'grad_norm': 0.279676228761673, 'learning_rate': 4.901326343706991e-07, 'epoch': 0.99}
{'loss': 2.8972, 'grad_norm': 0.30028149485588074, 'learning_rate': 4.813426068362992e-07, 'epoch': 0.99}
{'loss': 2.9915, 'grad_norm': 0.29433760046958923, 'learning_rate': 4.726320762266645e-07, 'epoch': 0.99}
{'loss': 2.974, 'grad_norm': 0.3328872621059418, 'learning_rate': 4.6400104392796403e-07, 'epoch': 0.99}
{'loss': 2.8327, 'grad_norm': 0.26581871509552, 'learning_rate': 4.554495113139323e-07, 'epoch': 0.99}
{'loss': 2.9815, 'grad_norm': 0.25933754444122314, 'learning_rate': 4.4697747974548064e-07, 'epoch': 0.99}
{'loss': 2.9133, 'grad_norm': 0.2846309542655945, 'learning_rate': 4.3858495057080837e-07, 'epoch': 0.99}
{'loss': 2.8617, 'grad_norm': 0.2690103054046631, 'learning_rate': 4.3027192512568036e-07, 'epoch': 0.99}
{'loss': 3.0018, 'grad_norm': 0.30227428674697876, 'learning_rate': 4.2203840473309385e-07, 'epoch': 0.99}
{'loss': 2.9633, 'grad_norm': 0.29220500588417053, 'learning_rate': 4.1388439070333406e-07, 'epoch': 0.99}
{'loss': 2.9802, 'grad_norm': 0.2909186780452728, 'learning_rate': 4.0580988433408516e-07, 'epoch': 0.99}
{'loss': 3.043, 'grad_norm': 0.2812267541885376, 'learning_rate': 3.9781488691037484e-07, 'epoch': 0.99}
{'loss': 2.8423, 'grad_norm': 0.3067137598991394, 'learning_rate': 3.898993997046296e-07, 'epoch': 0.99}
{'loss': 2.9441, 'grad_norm': 0.3072856366634369, 'learning_rate': 3.8206342397656413e-07, 'epoch': 0.99}
{'loss': 2.8572, 'grad_norm': 0.31717127561569214, 'learning_rate': 3.7430696097323636e-07, 'epoch': 0.99}
{'loss': 2.958, 'grad_norm': 0.2785685956478119, 'learning_rate': 3.666300119290478e-07, 'epoch': 0.99}
{'loss': 2.8339, 'grad_norm': 0.28291985392570496, 'learning_rate': 3.5903257806579883e-07, 'epoch': 0.99}
{'loss': 2.9128, 'grad_norm': 0.2863067388534546, 'learning_rate': 3.5151466059257786e-07, 'epoch': 0.99}
{'loss': 2.9602, 'grad_norm': 0.2853572964668274, 'learning_rate': 3.440762607058723e-07, 'epoch': 0.99}
{'loss': 2.926, 'grad_norm': 0.31551286578178406, 'learning_rate': 3.367173795894019e-07, 'epoch': 0.99}
{'loss': 3.0836, 'grad_norm': 0.2845962941646576, 'learning_rate': 3.2943801841439634e-07, 'epoch': 0.99}
{'loss': 2.8922, 'grad_norm': 0.2795421779155731, 'learning_rate': 3.22238178339318e-07, 'epoch': 0.99}
{'loss': 2.9334, 'grad_norm': 0.2813873291015625, 'learning_rate': 3.151178605099725e-07, 'epoch': 0.99}
{'loss': 2.8581, 'grad_norm': 0.2735206186771393, 'learning_rate': 3.080770660595644e-07, 'epoch': 0.99}
{'loss': 2.8253, 'grad_norm': 0.2926177978515625, 'learning_rate': 3.011157961086419e-07, 'epoch': 0.99}
{'loss': 3.0046, 'grad_norm': 0.2823101580142975, 'learning_rate': 2.942340517649855e-07, 'epoch': 0.99}
{'loss': 2.8781, 'grad_norm': 0.29241305589675903, 'learning_rate': 2.874318341238857e-07, 'epoch': 0.99}
{'loss': 3.0475, 'grad_norm': 0.28379684686660767, 'learning_rate': 2.8070914426786554e-07, 'epoch': 0.99}
{'loss': 2.9042, 'grad_norm': 0.31160855293273926, 'learning_rate': 2.7406598326679135e-07, 'epoch': 0.99}
{'loss': 3.0857, 'grad_norm': 0.28560853004455566, 'learning_rate': 2.67502352177984e-07, 'epoch': 0.99}
{'loss': 2.9677, 'grad_norm': 0.292216032743454, 'learning_rate': 2.6101825204594143e-07, 'epoch': 0.99}
{'loss': 3.0038, 'grad_norm': 0.2826932966709137, 'learning_rate': 2.546136839026159e-07, 'epoch': 0.99}
{'loss': 3.007, 'grad_norm': 0.2934478521347046, 'learning_rate': 2.4828864876730303e-07, 'epoch': 0.99}
{'loss': 2.7744, 'grad_norm': 0.28114381432533264, 'learning_rate': 2.420431476465867e-07, 'epoch': 0.99}
{'loss': 2.9032, 'grad_norm': 0.2817842960357666, 'learning_rate': 2.3587718153444958e-07, 'epoch': 0.99}
{'loss': 2.8013, 'grad_norm': 0.27871882915496826, 'learning_rate': 2.297907514121622e-07, 'epoch': 0.99}
{'loss': 3.0504, 'grad_norm': 0.28568196296691895, 'learning_rate': 2.2378385824833868e-07, 'epoch': 0.99}
{'loss': 2.7242, 'grad_norm': 0.31066179275512695, 'learning_rate': 2.1785650299899207e-07, 'epoch': 0.99}
{'loss': 2.7962, 'grad_norm': 0.3092332184314728, 'learning_rate': 2.1200868660742334e-07, 'epoch': 0.99}
{'loss': 2.8665, 'grad_norm': 0.31245166063308716, 'learning_rate': 2.0624041000433247e-07, 'epoch': 0.99}
{'loss': 2.9971, 'grad_norm': 0.2881503999233246, 'learning_rate': 2.0055167410765184e-07, 'epoch': 0.99}
{'loss': 2.7323, 'grad_norm': 0.2910554111003876, 'learning_rate': 1.9494247982282386e-07, 'epoch': 0.99}
{'loss': 2.824, 'grad_norm': 0.3030996024608612, 'learning_rate': 1.8941282804246784e-07, 'epoch': 0.99}
{'loss': 2.901, 'grad_norm': 0.3115456700325012, 'learning_rate': 1.8396271964660206e-07, 'epoch': 0.99}
{'loss': 2.8854, 'grad_norm': 0.30899953842163086, 'learning_rate': 1.7859215550264375e-07, 'epoch': 0.99}
{'loss': 2.9116, 'grad_norm': 0.29761257767677307, 'learning_rate': 1.733011364652981e-07, 'epoch': 0.99}
{'loss': 3.0782, 'grad_norm': 0.28933700919151306, 'learning_rate': 1.680896633766138e-07, 'epoch': 0.99}
{'loss': 2.959, 'grad_norm': 0.31178033351898193, 'learning_rate': 1.6295773706592743e-07, 'epoch': 0.99}
{'loss': 2.8381, 'grad_norm': 0.2810896039009094, 'learning_rate': 1.5790535835003005e-07, 'epoch': 0.99}
{'loss': 2.8347, 'grad_norm': 0.2930110692977905, 'learning_rate': 1.529325280329452e-07, 'epoch': 0.99}
{'loss': 2.7905, 'grad_norm': 0.27041009068489075, 'learning_rate': 1.4803924690609538e-07, 'epoch': 0.99}
{'loss': 2.9974, 'grad_norm': 0.3089919984340668, 'learning_rate': 1.43225515748302e-07, 'epoch': 0.99}
{'loss': 2.9396, 'grad_norm': 0.2906985580921173, 'learning_rate': 1.3849133532556346e-07, 'epoch': 0.99}
{'loss': 2.806, 'grad_norm': 0.2780308127403259, 'learning_rate': 1.338367063913326e-07, 'epoch': 0.99}
{'loss': 3.1096, 'grad_norm': 0.29308614134788513, 'learning_rate': 1.2926162968646127e-07, 'epoch': 0.99}
{'loss': 2.994, 'grad_norm': 0.25188928842544556, 'learning_rate': 1.2476610593892269e-07, 'epoch': 0.99}
{'loss': 2.9807, 'grad_norm': 0.28861021995544434, 'learning_rate': 1.203501358642556e-07, 'epoch': 0.99}
{'loss': 2.883, 'grad_norm': 0.28236421942710876, 'learning_rate': 1.1601372016528666e-07, 'epoch': 0.99}
{'loss': 2.9164, 'grad_norm': 0.2753620147705078, 'learning_rate': 1.1175685953201953e-07, 'epoch': 0.99}
{'loss': 2.8778, 'grad_norm': 0.2976675033569336, 'learning_rate': 1.075795546420233e-07, 'epoch': 0.99}
{'loss': 2.8966, 'grad_norm': 0.2780596911907196, 'learning_rate': 1.0348180616004399e-07, 'epoch': 0.99}
{'loss': 2.8835, 'grad_norm': 0.2764953374862671, 'learning_rate': 9.946361473822663e-08, 'epoch': 0.99}
{'loss': 2.8474, 'grad_norm': 0.2996527850627899, 'learning_rate': 9.552498101611517e-08, 'epoch': 0.99}
{'loss': 2.9333, 'grad_norm': 0.2857680320739746, 'learning_rate': 9.166590562054156e-08, 'epoch': 0.99}
{'loss': 2.8744, 'grad_norm': 0.2763887047767639, 'learning_rate': 8.788638916557012e-08, 'epoch': 0.99}
{'loss': 2.8251, 'grad_norm': 0.27639782428741455, 'learning_rate': 8.418643225271972e-08, 'epoch': 0.99}
{'loss': 2.8783, 'grad_norm': 0.27016618847846985, 'learning_rate': 8.056603547090813e-08, 'epoch': 0.99}
{'loss': 2.97, 'grad_norm': 0.31183212995529175, 'learning_rate': 7.70251993962301e-08, 'epoch': 0.99}
{'loss': 3.0629, 'grad_norm': 0.32957080006599426, 'learning_rate': 7.356392459223482e-08, 'epoch': 0.99}
{'loss': 2.8787, 'grad_norm': 0.3059673011302948, 'learning_rate': 7.018221160981498e-08, 'epoch': 0.99}
{'loss': 3.1633, 'grad_norm': 0.290180504322052, 'learning_rate': 6.688006098704014e-08, 'epoch': 0.99}
{'loss': 2.7601, 'grad_norm': 0.2779872715473175, 'learning_rate': 6.36574732495454e-08, 'epoch': 1.0}
{'loss': 3.0761, 'grad_norm': 0.3070172667503357, 'learning_rate': 6.05144489101983e-08, 'epoch': 1.0}
{'loss': 3.0543, 'grad_norm': 0.29423022270202637, 'learning_rate': 5.7450988469098796e-08, 'epoch': 1.0}
{'loss': 2.7181, 'grad_norm': 0.32720568776130676, 'learning_rate': 5.446709241391235e-08, 'epoch': 1.0}
{'loss': 2.9, 'grad_norm': 0.3209870457649231, 'learning_rate': 5.156276121942583e-08, 'epoch': 1.0}
{'loss': 2.8732, 'grad_norm': 0.28613826632499695, 'learning_rate': 4.873799534788059e-08, 'epoch': 1.0}
{'loss': 2.9713, 'grad_norm': 0.29253876209259033, 'learning_rate': 4.599279524886146e-08, 'epoch': 1.0}
{'loss': 2.8833, 'grad_norm': 0.2817407548427582, 'learning_rate': 4.3327161359241195e-08, 'epoch': 1.0}
{'loss': 2.9585, 'grad_norm': 0.2843445837497711, 'learning_rate': 4.074109410323601e-08, 'epoch': 1.0}
{'loss': 2.8439, 'grad_norm': 0.29054561257362366, 'learning_rate': 3.823459389240558e-08, 'epoch': 1.0}
{'loss': 2.9821, 'grad_norm': 0.3056953251361847, 'learning_rate': 3.5807661125653036e-08, 'epoch': 1.0}
{'loss': 2.9858, 'grad_norm': 0.25850728154182434, 'learning_rate': 3.346029618928048e-08, 'epoch': 1.0}
{'loss': 2.8885, 'grad_norm': 0.30948951840400696, 'learning_rate': 3.119249945676694e-08, 'epoch': 1.0}
{'loss': 2.9628, 'grad_norm': 0.27917319536209106, 'learning_rate': 2.9004271289045923e-08, 'epoch': 1.0}
{'loss': 2.9895, 'grad_norm': 0.28590425848960876, 'learning_rate': 2.6895612034449902e-08, 'epoch': 1.0}
{'loss': 2.9602, 'grad_norm': 0.28308603167533875, 'learning_rate': 2.486652202848827e-08, 'epoch': 1.0}
{'loss': 2.9356, 'grad_norm': 0.29394930601119995, 'learning_rate': 2.2917001594069396e-08, 'epoch': 1.0}
{'loss': 2.9422, 'grad_norm': 0.2928127348423004, 'learning_rate': 2.104705104155613e-08, 'epoch': 1.0}
{'loss': 3.0013, 'grad_norm': 0.28993260860443115, 'learning_rate': 1.925667066843273e-08, 'epoch': 1.0}
{'loss': 2.8882, 'grad_norm': 0.298990935087204, 'learning_rate': 1.7545860759693443e-08, 'epoch': 1.0}
{'loss': 2.7939, 'grad_norm': 0.3014673590660095, 'learning_rate': 1.591462158756496e-08, 'epoch': 1.0}
{'loss': 2.9471, 'grad_norm': 0.3117091953754425, 'learning_rate': 1.4362953411728441e-08, 'epoch': 1.0}
{'loss': 2.9411, 'grad_norm': 0.28894925117492676, 'learning_rate': 1.289085647904198e-08, 'epoch': 1.0}
{'loss': 2.9643, 'grad_norm': 0.28429222106933594, 'learning_rate': 1.1498331023818142e-08, 'epoch': 1.0}
{'loss': 2.9276, 'grad_norm': 0.26124584674835205, 'learning_rate': 1.0185377267712958e-08, 'epoch': 1.0}
{'loss': 2.9141, 'grad_norm': 0.2655652165412903, 'learning_rate': 8.951995419614889e-09, 'epoch': 1.0}
{'loss': 3.0044, 'grad_norm': 0.30802956223487854, 'learning_rate': 7.798185675866876e-09, 'epoch': 1.0}
{'loss': 2.9668, 'grad_norm': 0.2586483657360077, 'learning_rate': 6.723948220099807e-09, 'epoch': 1.0}
{'loss': 2.8269, 'grad_norm': 0.2725498676300049, 'learning_rate': 5.729283223232518e-09, 'epoch': 1.0}
{'loss': 2.8781, 'grad_norm': 0.3044956624507904, 'learning_rate': 4.8141908435273e-09, 'epoch': 1.0}
{'loss': 2.9223, 'grad_norm': 0.2810670733451843, 'learning_rate': 3.978671226700925e-09, 'epoch': 1.0}
{'loss': 2.8242, 'grad_norm': 0.3007616698741913, 'learning_rate': 3.222724505702601e-09, 'epoch': 1.0}
{'loss': 2.8844, 'grad_norm': 0.2838608920574188, 'learning_rate': 2.5463508008249926e-09, 'epoch': 1.0}
{'loss': 2.9356, 'grad_norm': 0.30278387665748596, 'learning_rate': 1.9495502197042216e-09, 'epoch': 1.0}
{'loss': 2.9522, 'grad_norm': 0.2789982855319977, 'learning_rate': 1.4323228573753789e-09, 'epoch': 1.0}
{'loss': 2.9966, 'grad_norm': 0.29157575964927673, 'learning_rate': 9.946687960504796e-10, 'epoch': 1.0}
{'loss': 3.0194, 'grad_norm': 0.2851490080356598, 'learning_rate': 6.365881054515299e-10, 'epoch': 1.0}
{'loss': 2.9011, 'grad_norm': 0.30154386162757874, 'learning_rate': 3.580808425329707e-10, 'epoch': 1.0}
{'loss': 2.8932, 'grad_norm': 0.2936147451400757, 'learning_rate': 1.59147051703723e-10, 'epoch': 1.0}
{'loss': 2.9739, 'grad_norm': 0.2880691587924957, 'learning_rate': 3.978676449412078e-11, 'epoch': 1.0}
{'loss': 2.8287, 'grad_norm': 0.2917601466178894, 'learning_rate': 0.0, 'epoch': 1.0}
{'train_runtime': 16301.8109, 'train_samples_per_second': 63.75, 'train_steps_per_second': 0.498, 'train_loss': 3.0348958328360776, 'epoch': 1.0}
[10:23:38.824771] Rank 0:  Only save projectors: True
[10:23:38.851645] Rank 0:  Model saved to ./checkpoints/stage1-init_connector/stage1-umt-hd-large-tome16_mlp_hd64-Qwen2_5_1_5B_stage1_init_connector_iv1m.yaml_plain_20250307_055129
